scene_name,glare_level,success_rate,collision_rate,avg_speed,max_speed,fill_rate,fill_rate_soft,hole_rate,hole_rate_soft,time_to_goal,stop_before_glare_rate,local_glare_quality,local_glare_invalid_rate,collided,power_mean,power_std,power_min,power_max,exposure_mean,exposure_std,exposure_min,exposure_max,gain_mean,gain_std,gain_min,gain_max,energy_proxy,blur_proxy,noise_proxy,method_key,method_label,condition,episode_idx,checkpoint
base,,0.0,1.0,0.4289412498474121,0.8983681201934814,0.43420863151550293,0.4714721441268921,0.5657913684844971,0.5285278558731079,8.0,0.0,0.0,0.0,1.0,0.41965726017951965,0.004450194071978331,0.41476932168006897,0.4273027777671814,0.4447556734085083,0.04053838551044464,0.38140082359313965,0.49750977754592896,0.1417776197195053,0.05509599670767784,0.1062801256775856,0.36465758085250854,0.17613202333450317,0.5280143022537231,0.023136461153626442,ours,Ours,base,0,/home/zhaoguodong/work/code/DiffPhysDrone/checkpoint/2026-04-22-10-25-45/checkpoint0017.pth
base,,0.4000000059604645,0.6000000238418579,0.46718621253967285,0.9563848376274109,0.4427490830421448,0.4796822965145111,0.5572509169578552,0.5203177034854889,8.0,0.0,0.0,0.0,1.0,0.41866621375083923,0.003532869042828679,0.414764940738678,0.42496415972709656,0.4473356008529663,0.04155097156763077,0.378273069858551,0.497802734375,0.14354662597179413,0.058130282908678055,0.10630997270345688,0.36468505859375,0.17529384791851044,0.6113418340682983,0.023984763771295547,ours,Ours,base,1,/home/zhaoguodong/work/code/DiffPhysDrone/checkpoint/2026-04-22-10-25-45/checkpoint0017.pth
base,,0.6000000238418579,0.4000000059604645,0.4194735586643219,0.9199679493904114,0.4385812282562256,0.4646304249763489,0.5614187717437744,0.5353695750236511,8.0,0.0,0.0,0.0,1.0,0.41954973340034485,0.004166398663073778,0.4150460362434387,0.4270913600921631,0.44701170921325684,0.039635464549064636,0.37920624017715454,0.4976562559604645,0.14121364057064056,0.05406519025564194,0.10704834759235382,0.3646301329135895,0.17603932321071625,0.5265212059020996,0.022864334285259247,ours,Ours,base,2,/home/zhaoguodong/work/code/DiffPhysDrone/checkpoint/2026-04-22-10-25-45/checkpoint0017.pth
base,,0.800000011920929,0.20000000298023224,0.4465826749801636,0.9394792318344116,0.4410286545753479,0.46807044744491577,0.5589713454246521,0.5319295525550842,8.0,0.0,0.0,0.0,1.0,0.4190886318683624,0.003570706117898226,0.414930522441864,0.4250912666320801,0.44503718614578247,0.04188595712184906,0.3764834403991699,0.4976562559604645,0.1434711366891861,0.056868478655815125,0.10633347183465958,0.3646301329135895,0.175648033618927,0.5729179978370667,0.023817991837859154,ours,Ours,base,3,/home/zhaoguodong/work/code/DiffPhysDrone/checkpoint/2026-04-22-10-25-45/checkpoint0017.pth
base,,0.800000011920929,0.20000000298023224,0.4374319016933441,0.9645087122917175,0.4540104269981384,0.47413164377212524,0.5459895730018616,0.5258683562278748,8.0,0.0,0.0,0.0,1.0,0.4187203645706177,0.004068754147738218,0.41446441411972046,0.42617297172546387,0.44859740138053894,0.04043690115213394,0.3780178129673004,0.497802734375,0.14309607446193695,0.05707387998700142,0.10594606399536133,0.3646301329135895,0.17534330487251282,0.5640925765037537,0.023733915761113167,ours,Ours,base,4,/home/zhaoguodong/work/code/DiffPhysDrone/checkpoint/2026-04-22-10-25-45/checkpoint0017.pth
base,,0.0,1.0,0.401719331741333,0.8836607336997986,0.4307538568973541,0.4660317897796631,0.5692461431026459,0.5339682102203369,8.0,0.0,0.0,0.0,1.0,0.41936612129211426,0.00430594477802515,0.41469815373420715,0.4274306893348694,0.44982168078422546,0.036842115223407745,0.3881043493747711,0.497802734375,0.1403891146183014,0.05338381975889206,0.10657522082328796,0.36465758085250854,0.17588648200035095,0.5067796111106873,0.02255893684923649,ours,Ours,base,5,/home/zhaoguodong/work/code/DiffPhysDrone/checkpoint/2026-04-22-10-25-45/checkpoint0017.pth
base,,0.5,0.5,0.44188937544822693,0.984799861907959,0.4415314793586731,0.47209954261779785,0.5584685206413269,0.5279004573822021,8.0,0.0,0.0,0.0,1.0,0.41911450028419495,0.004031036049127579,0.4148300588130951,0.4263785481452942,0.4467789828777313,0.04080488532781601,0.3787611722946167,0.49772948026657104,0.14287470281124115,0.05592849850654602,0.10648715496063232,0.3646301329135895,0.1756732016801834,0.5766603350639343,0.023541176691651344,ours,Ours,base,6,/home/zhaoguodong/work/code/DiffPhysDrone/checkpoint/2026-04-22-10-25-45/checkpoint0017.pth
base,,0.4000000059604645,0.6000000238418579,0.4623134434223175,0.9411015510559082,0.43020835518836975,0.4646678566932678,0.5697916448116302,0.5353321433067322,8.0,0.0,0.0,0.0,1.0,0.41955962777137756,0.003926675766706467,0.4158551096916199,0.4274194836616516,0.4464767873287201,0.04085109382867813,0.37676894664764404,0.4974365234375,0.14275731146335602,0.057146668434143066,0.10688528418540955,0.36468505859375,0.1760457307100296,0.6086129546165466,0.023645391687750816,ours,Ours,base,7,/home/zhaoguodong/work/code/DiffPhysDrone/checkpoint/2026-04-22-10-25-45/checkpoint0017.pth
base,,0.699999988079071,0.30000001192092896,0.42158594727516174,0.9376298189163208,0.4409877359867096,0.4544611871242523,0.5590122640132904,0.5455388128757477,8.0,0.0,0.0,0.0,1.0,0.41958969831466675,0.002921929582953453,0.4157305955886841,0.42353707551956177,0.4480603337287903,0.035335853695869446,0.3883429765701294,0.4976562559604645,0.14145395159721375,0.053859516978263855,0.10732769221067429,0.36465758085250854,0.17606405913829803,0.5323503017425537,0.022910067811608315,ours,Ours,base,8,/home/zhaoguodong/work/code/DiffPhysDrone/checkpoint/2026-04-22-10-25-45/checkpoint0017.pth
base,,0.10000000149011612,0.9000000357627869,0.41932955384254456,0.9353187680244446,0.441929429769516,0.46158671379089355,0.558070570230484,0.5384132862091064,8.0,0.0,0.0,0.0,1.0,0.41935408115386963,0.002973471535369754,0.415252149105072,0.4233834147453308,0.4481101334095001,0.03512931987643242,0.38816431164741516,0.4975830018520355,0.14160582423210144,0.05380641669034958,0.10726746916770935,0.3646301329135895,0.17586669325828552,0.5254424810409546,0.022947337478399277,ours,Ours,base,9,/home/zhaoguodong/work/code/DiffPhysDrone/checkpoint/2026-04-22-10-25-45/checkpoint0017.pth
base,,0.0,1.0,0.41653358936309814,0.8844258785247803,0.4427083730697632,0.47731703519821167,0.5572916269302368,0.5226829648017883,8.0,0.0,0.0,0.0,1.0,0.41954582929611206,0.004880186170339584,0.41459763050079346,0.42837396264076233,0.4488312602043152,0.037856828421354294,0.3878481984138489,0.49772948026657104,0.1413390189409256,0.05428089201450348,0.10633252561092377,0.36468505859375,0.17604252696037292,0.5122895836830139,0.02292313054203987,ours,Ours,base,10,/home/zhaoguodong/work/code/DiffPhysDrone/checkpoint/2026-04-22-10-25-45/checkpoint0017.pth
base,,0.10000000149011612,0.9000000357627869,0.4367470443248749,0.9221974015235901,0.43145284056663513,0.4715234041213989,0.5685471594333649,0.5284765958786011,8.0,0.0,0.0,0.0,1.0,0.4188375174999237,0.004674036055803299,0.41388070583343506,0.42719119787216187,0.447317898273468,0.039684996008872986,0.385384202003479,0.4976562559604645,0.14210189878940582,0.056194938719272614,0.10574673861265182,0.3646301329135895,0.17544670403003693,0.545826256275177,0.02335081808269024,ours,Ours,base,11,/home/zhaoguodong/work/code/DiffPhysDrone/checkpoint/2026-04-22-10-25-45/checkpoint0017.pth
base,,0.5,0.5,0.43561720848083496,0.8895403742790222,0.43449217081069946,0.4686599671840668,0.5655078291893005,0.5313400328159332,8.0,0.0,0.0,0.0,1.0,0.4187929332256317,0.003593448316678405,0.41483980417251587,0.42515677213668823,0.4468318819999695,0.04023697227239609,0.38196834921836853,0.4976562559604645,0.14261656999588013,0.05711853876709938,0.10608974099159241,0.3646301329135895,0.17540046572685242,0.5443243384361267,0.023602012544870377,ours,Ours,base,12,/home/zhaoguodong/work/code/DiffPhysDrone/checkpoint/2026-04-22-10-25-45/checkpoint0017.pth
base,,0.20000000298023224,0.800000011920929,0.4620227515697479,0.9414593577384949,0.45004507899284363,0.47471049427986145,0.5499549210071564,0.5252895057201385,8.0,0.0,0.0,0.0,1.0,0.4196604788303375,0.0033286181278526783,0.4158361852169037,0.42513561248779297,0.442111998796463,0.04299734905362129,0.37413954734802246,0.4975830018520355,0.1432667225599289,0.055693618953228,0.10701478272676468,0.36465758085250854,0.17612597346305847,0.5909245014190674,0.023627132177352905,ours,Ours,base,13,/home/zhaoguodong/work/code/DiffPhysDrone/checkpoint/2026-04-22-10-25-45/checkpoint0017.pth
base,,0.30000001192092896,0.699999988079071,0.4471314251422882,0.9689422249794006,0.4379381835460663,0.4655255675315857,0.5620618164539337,0.5344744324684143,8.0,0.0,0.0,0.0,1.0,0.4192076325416565,0.003764929249882698,0.4151667356491089,0.42618030309677124,0.44664451479911804,0.0412190780043602,0.3761833906173706,0.4975830018520355,0.14259719848632812,0.05599293112754822,0.10626987367868423,0.3646301329135895,0.17574919760227203,0.5877849459648132,0.023469168692827225,ours,Ours,base,14,/home/zhaoguodong/work/code/DiffPhysDrone/checkpoint/2026-04-22-10-25-45/checkpoint0017.pth
base,,0.699999988079071,0.30000001192092896,0.45523351430892944,0.939555287361145,0.4423828125,0.4698828458786011,0.5576171875,0.5301171541213989,8.0,0.0,0.0,0.0,1.0,0.4188210666179657,0.004554096609354019,0.4143163561820984,0.42756322026252747,0.4471491873264313,0.04135218635201454,0.37863683700561523,0.497802734375,0.1429292857646942,0.0572744756937027,0.10539384186267853,0.3646301329135895,0.17543181777000427,0.5889148712158203,0.023709146305918694,ours,Ours,base,15,/home/zhaoguodong/work/code/DiffPhysDrone/checkpoint/2026-04-22-10-25-45/checkpoint0017.pth
base,,0.0,1.0,0.4660041034221649,1.0388942956924438,0.42897388339042664,0.4644629657268524,0.5710261166095734,0.5355370342731476,8.0,0.0,0.0,0.0,1.0,0.4188794493675232,0.0037759141996502876,0.4151454567909241,0.4259565770626068,0.44614019989967346,0.04251691326498985,0.3737424910068512,0.4979492127895355,0.14231561124324799,0.056058697402477264,0.10636689513921738,0.364602655172348,0.17547428607940674,0.6489030718803406,0.023396309465169907,ours,Ours,base,16,/home/zhaoguodong/work/code/DiffPhysDrone/checkpoint/2026-04-22-10-25-45/checkpoint0017.pth
base,,0.20000000298023224,0.800000011920929,0.4411103427410126,0.8876432776451111,0.43295523524284363,0.47067952156066895,0.5670447647571564,0.529320478439331,8.0,0.0,0.0,0.0,1.0,0.41898113489151,0.00432313559576869,0.4143192172050476,0.42656660079956055,0.44657328724861145,0.03977649286389351,0.3851237893104553,0.49772948026657104,0.14218473434448242,0.05623014271259308,0.10528233647346497,0.3646301329135895,0.17556385695934296,0.5433050990104675,0.02337832748889923,ours,Ours,base,17,/home/zhaoguodong/work/code/DiffPhysDrone/checkpoint/2026-04-22-10-25-45/checkpoint0017.pth
base,,0.9000000357627869,0.10000000149011612,0.44813185930252075,0.929273784160614,0.45015624165534973,0.4726983606815338,0.5498437583446503,0.5273016393184662,8.0,0.0,0.0,0.0,1.0,0.41907602548599243,0.004197010770440102,0.4145878851413727,0.42652732133865356,0.44595786929130554,0.041707225143909454,0.3775855004787445,0.4975830018520355,0.14303700625896454,0.057125866413116455,0.10562676936388016,0.3646301329135895,0.17564235627651215,0.5695186257362366,0.023722950369119644,ours,Ours,base,18,/home/zhaoguodong/work/code/DiffPhysDrone/checkpoint/2026-04-22-10-25-45/checkpoint0017.pth
base,,0.20000000298023224,0.800000011920929,0.4539724588394165,0.9454776644706726,0.43781304359436035,0.4709530174732208,0.5621869564056396,0.5290469825267792,8.0,0.0,0.0,0.0,1.0,0.4191272556781769,0.0039993468672037125,0.41469573974609375,0.42605435848236084,0.4438892602920532,0.04285992681980133,0.3738255202770233,0.4975830018520355,0.14332503080368042,0.05578026920557022,0.10654585063457489,0.3646301329135895,0.1756836473941803,0.5868412256240845,0.023653503507375717,ours,Ours,base,19,/home/zhaoguodong/work/code/DiffPhysDrone/checkpoint/2026-04-22-10-25-45/checkpoint0017.pth
sun_glare_l0,l0,1.0,0.0,0.538547694683075,0.9531927108764648,0.5327773094177246,0.5370082855224609,0.4672226905822754,0.46299171447753906,5.4,0.0,0.18887581219896674,0.7329444450636705,0.0,0.43174517154693604,0.014442870393395424,0.4121972620487213,0.45577576756477356,0.37972763180732727,0.09622015804052353,0.20723110437393188,0.4979492127895355,0.12080938369035721,0.028398951515555382,0.10756850987672806,0.364492803812027,0.18661245703697205,0.8175680637359619,0.015401408076286316,ours,Ours,sun_glare_l0,0,/home/zhaoguodong/work/code/DiffPhysDrone/checkpoint/2026-04-22-10-25-45/checkpoint0017.pth
sun_glare_l0,l0,1.0,0.0,0.5461623072624207,0.9620163440704346,0.5576497912406921,0.5621429085731506,0.44235020875930786,0.43785709142684937,5.6,0.0,0.17298224388311306,0.7493761392931143,0.0,0.4323577284812927,0.016062382608652115,0.410486102104187,0.4597281217575073,0.370341032743454,0.09884508699178696,0.18780452013015747,0.4990478456020355,0.12194926291704178,0.028157396242022514,0.10765305906534195,0.36457517743110657,0.1871911734342575,0.7804585099220276,0.015664462000131607,ours,Ours,sun_glare_l0,1,/home/zhaoguodong/work/code/DiffPhysDrone/checkpoint/2026-04-22-10-25-45/checkpoint0017.pth
sun_glare_l0,l0,1.0,0.0,0.5494326949119568,1.032791256904602,0.5326199531555176,0.5360433459281921,0.4673800468444824,0.46395665407180786,5.266666666666667,0.0,0.16274932007460544,0.7632889874279499,0.0,0.43256911635398865,0.014725604094564915,0.4114915728569031,0.4559534788131714,0.3709554374217987,0.09290263801813126,0.1968250721693039,0.4976562559604645,0.11993809044361115,0.02861207351088524,0.1071636974811554,0.3644653260707855,0.187332883477211,0.8329784870147705,0.015203796327114105,ours,Ours,sun_glare_l0,2,/home/zhaoguodong/work/code/DiffPhysDrone/checkpoint/2026-04-22-10-25-45/checkpoint0017.pth
sun_glare_l0,l0,1.0,0.0,0.5383660793304443,0.9987525939941406,0.5402995347976685,0.5479802489280701,0.45970046520233154,0.45201975107192993,5.4,0.0,0.17996479309319208,0.7355515653888385,0.0,0.4318878650665283,0.015035095624625683,0.4120185673236847,0.45783889293670654,0.3693034052848816,0.09709899872541428,0.193250373005867,0.4979492127895355,0.12227997183799744,0.028086131438612938,0.10772562772035599,0.364492803812027,0.18675315380096436,0.7926090359687805,0.015741221606731415,ours,Ours,sun_glare_l0,3,/home/zhaoguodong/work/code/DiffPhysDrone/checkpoint/2026-04-22-10-25-45/checkpoint0017.pth
sun_glare_l0,l0,1.0,0.0,0.526559591293335,0.9288799166679382,0.5604248046875,0.5642910003662109,0.4395751953125,0.43570899963378906,5.533333333333333,0.0,0.2049651978071779,0.7073040870328744,0.0,0.43212300539016724,0.014751466922461987,0.41303154826164246,0.4585082530975342,0.37681102752685547,0.09331903606653214,0.205808624625206,0.4991210997104645,0.12318336963653564,0.028172215446829796,0.10726908594369888,0.36457517743110657,0.18694792687892914,0.7550961971282959,0.01596781425178051,ours,Ours,sun_glare_l0,4,/home/zhaoguodong/work/code/DiffPhysDrone/checkpoint/2026-04-22-10-25-45/checkpoint0017.pth
sun_glare_l0,l0,1.0,0.0,0.5336426496505737,0.9269213676452637,0.521492600440979,0.5267871022224426,0.478507399559021,0.4732128977775574,5.666666666666667,0.0,0.18557902482959132,0.7344292618334294,0.0,0.4290653467178345,0.011910389177501202,0.4139503240585327,0.45064854621887207,0.3980761170387268,0.08054692298173904,0.24071967601776123,0.4987548887729645,0.12089274078607559,0.02848830446600914,0.10742213577032089,0.3645477294921875,0.18423892557621002,0.7927303314208984,0.01542663760483265,ours,Ours,sun_glare_l0,5,/home/zhaoguodong/work/code/DiffPhysDrone/checkpoint/2026-04-22-10-25-45/checkpoint0017.pth
sun_glare_l0,l0,1.0,0.0,0.535529613494873,0.9955863356590271,0.5400418043136597,0.5442833304405212,0.45995819568634033,0.45571666955947876,5.2,0.0,0.19330862720186512,0.7316309414803982,0.0,0.43269962072372437,0.014915657229721546,0.4123097062110901,0.45671164989471436,0.3691098690032959,0.09679510444402695,0.20137178897857666,0.4983154237270355,0.1211538165807724,0.028505856171250343,0.10428084433078766,0.36452025175094604,0.18745143711566925,0.8076385259628296,0.01549083087593317,ours,Ours,sun_glare_l0,6,/home/zhaoguodong/work/code/DiffPhysDrone/checkpoint/2026-04-22-10-25-45/checkpoint0017.pth
sun_glare_l0,l0,1.0,0.0,0.5314592123031616,0.9652724862098694,0.5645372867584229,0.5714814066886902,0.43546271324157715,0.4285185933113098,5.0,0.0,0.17294041824837525,0.755950732777516,0.0,0.4333633780479431,0.014427224174141884,0.4114300012588501,0.4554053544998169,0.3643023371696472,0.09874992817640305,0.2030639946460724,0.4991210997104645,0.12058228254318237,0.02838224358856678,0.1075955405831337,0.3645477294921875,0.18801192939281464,0.807413637638092,0.015345639549195766,ours,Ours,sun_glare_l0,7,/home/zhaoguodong/work/code/DiffPhysDrone/checkpoint/2026-04-22-10-25-45/checkpoint0017.pth
sun_glare_l0,l0,1.0,0.0,0.5445892214775085,1.0209987163543701,0.5513943433761597,0.5576307773590088,0.44860565662384033,0.4423692226409912,5.2,0.0,0.17208544562648362,0.7480817084511121,0.0,0.431816428899765,0.014864453114569187,0.4113401174545288,0.4561815857887268,0.3713172972202301,0.09550585597753525,0.19990815222263336,0.49809569120407104,0.12129323184490204,0.028262227773666382,0.10695526003837585,0.364492803812027,0.18668639659881592,0.8136433362960815,0.01551080122590065,ours,Ours,sun_glare_l0,8,/home/zhaoguodong/work/code/DiffPhysDrone/checkpoint/2026-04-22-10-25-45/checkpoint0017.pth
sun_glare_l0,l0,1.0,0.0,0.5383032560348511,0.9749009013175964,0.5300537943840027,0.5347850322723389,0.4699462056159973,0.46521496772766113,5.466666666666667,0.0,0.14630116996898626,0.7772162698209286,0.0,0.4320836067199707,0.013545637018978596,0.4115287661552429,0.45207566022872925,0.3917310833930969,0.08347078412771225,0.23581808805465698,0.49824219942092896,0.1195036768913269,0.0287170447409153,0.10534919798374176,0.3644653260707855,0.1868797242641449,0.8358691334724426,0.015105796977877617,ours,Ours,sun_glare_l0,9,/home/zhaoguodong/work/code/DiffPhysDrone/checkpoint/2026-04-22-10-25-45/checkpoint0017.pth
sun_glare_l0,l0,1.0,0.0,0.5383419394493103,0.960091233253479,0.5591200590133667,0.5619734525680542,0.4408799409866333,0.4380265474319458,5.266666666666667,0.0,0.1649565569202726,0.7649179490904013,0.0,0.43337640166282654,0.015685122460126877,0.41101717948913574,0.46206164360046387,0.3723852336406708,0.0968644917011261,0.1952303647994995,0.4987548887729645,0.11986849457025528,0.028527816757559776,0.10781410336494446,0.36452025175094604,0.18806108832359314,0.7950462102890015,0.015182290226221085,ours,Ours,sun_glare_l0,10,/home/zhaoguodong/work/code/DiffPhysDrone/checkpoint/2026-04-22-10-25-45/checkpoint0017.pth
sun_glare_l0,l0,1.0,0.0,0.5523977279663086,1.0022261142730713,0.5632812976837158,0.5696327686309814,0.4367187023162842,0.43036723136901855,5.2,0.0,0.17414501908545693,0.7508713866273562,0.0,0.4329562783241272,0.014764337800443172,0.4118826687335968,0.4552152752876282,0.367290735244751,0.09700474143028259,0.19646096229553223,0.49919432401657104,0.12062332779169083,0.028340069577097893,0.10837388038635254,0.36457517743110657,0.18766914308071136,0.8082088828086853,0.015353145077824593,ours,Ours,sun_glare_l0,11,/home/zhaoguodong/work/code/DiffPhysDrone/checkpoint/2026-04-22-10-25-45/checkpoint0017.pth
sun_glare_l0,l0,1.0,0.0,0.5289782881736755,0.8632308840751648,0.5454888939857483,0.5487138032913208,0.4545111060142517,0.4512861967086792,5.666666666666667,0.0,0.18741933188866824,0.7311396916707357,0.0,0.4305192530155182,0.0127360038459301,0.4126381576061249,0.45211881399154663,0.3903767466545105,0.08417113125324249,0.23325815796852112,0.49897462129592896,0.12223409116268158,0.028267662972211838,0.10866176337003708,0.3645477294921875,0.18550901114940643,0.7564777731895447,0.015740232542157173,ours,Ours,sun_glare_l0,12,/home/zhaoguodong/work/code/DiffPhysDrone/checkpoint/2026-04-22-10-25-45/checkpoint0017.pth
sun_glare_l0,l0,1.0,0.0,0.5260837078094482,0.9667463302612305,0.5554742217063904,0.5616249442100525,0.4445257782936096,0.4383750557899475,5.333333333333333,0.0,0.19733821486588568,0.7271963010231653,0.0,0.4327867031097412,0.01401808112859726,0.41400596499443054,0.4558495283126831,0.37224912643432617,0.09201187640428543,0.21153715252876282,0.4990478456020355,0.1203174740076065,0.028485719114542007,0.10868901014328003,0.36457517743110657,0.18750081956386566,0.7659066319465637,0.01528773084282875,ours,Ours,sun_glare_l0,13,/home/zhaoguodong/work/code/DiffPhysDrone/checkpoint/2026-04-22-10-25-45/checkpoint0017.pth
sun_glare_l0,l0,1.0,0.0,0.5399681329727173,0.9949967265129089,0.558580219745636,0.5617232322692871,0.441419780254364,0.4382767677307129,5.333333333333333,0.0,0.18809129674142847,0.7290320284664631,0.0,0.4329690635204315,0.01641397923231125,0.41285333037376404,0.463758260011673,0.3698764443397522,0.10151437669992447,0.18192358314990997,0.4989013671875,0.12280990928411484,0.027992604300379753,0.10832439363002777,0.3645477294921875,0.18773159384727478,0.8225489854812622,0.015865860506892204,ours,Ours,sun_glare_l0,14,/home/zhaoguodong/work/code/DiffPhysDrone/checkpoint/2026-04-22-10-25-45/checkpoint0017.pth
sun_glare_l0,l0,1.0,0.0,0.5349815487861633,0.9869064688682556,0.5466851592063904,0.5545639395713806,0.4533148407936096,0.4454360604286194,5.533333333333333,0.0,0.18574481781106442,0.7375530446569125,0.0,0.4310630261898041,0.014028694480657578,0.4110966920852661,0.4557124376296997,0.3771761357784271,0.08958245068788528,0.21084129810333252,0.49882811307907104,0.12148609012365341,0.02856338396668434,0.1064877063035965,0.3645477294921875,0.1860121488571167,0.7617375254631042,0.015574736520648003,ours,Ours,sun_glare_l0,15,/home/zhaoguodong/work/code/DiffPhysDrone/checkpoint/2026-04-22-10-25-45/checkpoint0017.pth
sun_glare_l0,l0,1.0,0.0,0.5388634204864502,0.9835892915725708,0.562901496887207,0.5673960447311401,0.43709850311279297,0.43260395526885986,5.133333333333334,0.0,0.16505647661785286,0.7577610197166602,0.0,0.43395736813545227,0.017438188195228577,0.4106338918209076,0.46516385674476624,0.361841082572937,0.10715153813362122,0.17471523582935333,0.4983154237270355,0.12155595421791077,0.028214728459715843,0.1070748120546341,0.36452025175094604,0.1886230856180191,0.8235490322113037,0.01557192113250494,ours,Ours,sun_glare_l0,16,/home/zhaoguodong/work/code/DiffPhysDrone/checkpoint/2026-04-22-10-25-45/checkpoint0017.pth
sun_glare_l0,l0,1.0,0.0,0.5387933254241943,0.9917724132537842,0.5370768308639526,0.5428298115730286,0.46292316913604736,0.45717018842697144,5.133333333333334,0.0,0.16574351862460995,0.7656034591297308,0.0,0.4320855736732483,0.013973715715110302,0.41128966212272644,0.4536052942276001,0.3744812309741974,0.09122426062822342,0.21541452407836914,0.49846190214157104,0.1193595826625824,0.028763502836227417,0.10733729600906372,0.36452025175094604,0.18689322471618652,0.8138659596443176,0.01507404912263155,ours,Ours,sun_glare_l0,17,/home/zhaoguodong/work/code/DiffPhysDrone/checkpoint/2026-04-22-10-25-45/checkpoint0017.pth
sun_glare_l0,l0,1.0,0.0,0.5397717952728271,1.006191611289978,0.5634657740592957,0.5667875409126282,0.43653422594070435,0.4332124590873718,5.2,0.0,0.16873047954092424,0.7538560445110003,0.0,0.43251821398735046,0.016106924042105675,0.41019174456596375,0.4578064978122711,0.3635846674442291,0.10062940418720245,0.19118207693099976,0.49846190214157104,0.12222091108560562,0.028189461678266525,0.10733712464570999,0.36452025175094604,0.1873313933610916,0.8226062655448914,0.015732595697045326,ours,Ours,sun_glare_l0,18,/home/zhaoguodong/work/code/DiffPhysDrone/checkpoint/2026-04-22-10-25-45/checkpoint0017.pth
sun_glare_l0,l0,1.0,0.0,0.5263897776603699,0.9301734566688538,0.5213677883148193,0.5255658030509949,0.47863221168518066,0.4744341969490051,5.466666666666667,0.0,0.17586065898649395,0.7496617662409941,0.0,0.4304210841655731,0.012211927212774754,0.4130933880805969,0.45059576630592346,0.392063170671463,0.08030583709478378,0.25026217103004456,0.4986816346645355,0.12264357507228851,0.027909506112337112,0.10840697586536407,0.3645477294921875,0.18541143834590912,0.7925658226013184,0.01582038775086403,ours,Ours,sun_glare_l0,19,/home/zhaoguodong/work/code/DiffPhysDrone/checkpoint/2026-04-22-10-25-45/checkpoint0017.pth
sun_glare_l1,l1,1.0,0.0,0.5299583673477173,0.8795283436775208,0.5269531607627869,0.5273011922836304,0.47304683923721313,0.47269880771636963,5.6,0.0,0.18175246681397159,0.7494475344816843,0.0,0.429201602935791,0.011405352503061295,0.4129662811756134,0.44661611318588257,0.3822643458843231,0.0814565122127533,0.2396361380815506,0.4989013671875,0.1238936185836792,0.028023021295666695,0.10786577314138412,0.3645477294921875,0.18434405326843262,0.7477126121520996,0.016134915873408318,ours,Ours,sun_glare_l1,0,/home/zhaoguodong/work/code/DiffPhysDrone/checkpoint/2026-04-22-10-25-45/checkpoint0017.pth
sun_glare_l1,l1,1.0,0.0,0.541057288646698,0.9518464207649231,0.510593056678772,0.5143687129020691,0.489406943321228,0.4856312870979309,5.6,0.0,0.15264865882345474,0.7790434184173743,0.0,0.42821091413497925,0.012276648543775082,0.41046005487442017,0.44885480403900146,0.38478952646255493,0.08448345214128494,0.22717106342315674,0.4983154237270355,0.12301496416330338,0.02818472683429718,0.10757528245449066,0.36452025175094604,0.1835152953863144,0.7829909324645996,0.015927057713270187,ours,Ours,sun_glare_l1,1,/home/zhaoguodong/work/code/DiffPhysDrone/checkpoint/2026-04-22-10-25-45/checkpoint0017.pth
sun_glare_l1,l1,1.0,0.0,0.5405114889144897,0.9220873117446899,0.4999810457229614,0.5033847689628601,0.5000189542770386,0.4966152310371399,5.666666666666667,0.0,0.1665435876774912,0.7655526697635651,0.0,0.42836686968803406,0.009818198159337044,0.4133102297782898,0.4431266486644745,0.39606359601020813,0.07484717667102814,0.2584514617919922,0.49882811307907104,0.12123951315879822,0.028400590643286705,0.10878223180770874,0.36452025175094604,0.18359458446502686,0.7965925335884094,0.015505609102547169,ours,Ours,sun_glare_l1,2,/home/zhaoguodong/work/code/DiffPhysDrone/checkpoint/2026-04-22-10-25-45/checkpoint0017.pth
sun_glare_l1,l1,1.0,0.0,0.5268033742904663,1.0433170795440674,0.4960232675075531,0.4992484450340271,0.5039767324924469,0.5007515549659729,5.133333333333334,0.0,0.14669431220972912,0.791165804117918,0.0,0.42867231369018555,0.011034499853849411,0.41185125708580017,0.4440074563026428,0.3829749822616577,0.07755322009325027,0.27230003476142883,0.49846190214157104,0.12207341939210892,0.028275758028030396,0.10704872012138367,0.364492803812027,0.1838817149400711,0.833531379699707,0.01570143923163414,ours,Ours,sun_glare_l1,3,/home/zhaoguodong/work/code/DiffPhysDrone/checkpoint/2026-04-22-10-25-45/checkpoint0017.pth
sun_glare_l1,l1,1.0,0.0,0.5465402603149414,0.9829908013343811,0.5099148750305176,0.5154314041137695,0.4900851249694824,0.48456859588623047,5.0,0.0,0.13619237370051754,0.808609030644099,0.0,0.4290143847465515,0.010490622371435165,0.4103224277496338,0.44387286901474,0.37975987792015076,0.08071763068437576,0.25061142444610596,0.4979492127895355,0.12124637514352798,0.028304215520620346,0.1074465960264206,0.3644653260707855,0.1841633915901184,0.8519988656044006,0.015501811169087887,ours,Ours,sun_glare_l1,4,/home/zhaoguodong/work/code/DiffPhysDrone/checkpoint/2026-04-22-10-25-45/checkpoint0017.pth
sun_glare_l1,l1,1.0,0.0,0.5338351726531982,0.8882631063461304,0.5101861357688904,0.5170353651046753,0.4898138642311096,0.4829646348953247,5.6,0.0,0.18973547589266673,0.7415660051008065,0.0,0.42811745405197144,0.010450399480760098,0.41354531049728394,0.44540899991989136,0.39788711071014404,0.08019944280385971,0.24394360184669495,0.4983154237270355,0.1204744428396225,0.02855178713798523,0.10666119307279587,0.36452025175094604,0.18339377641677856,0.7895079255104065,0.01532929576933384,ours,Ours,sun_glare_l1,5,/home/zhaoguodong/work/code/DiffPhysDrone/checkpoint/2026-04-22-10-25-45/checkpoint0017.pth
sun_glare_l1,l1,1.0,0.0,0.549564003944397,0.9607153534889221,0.5156521797180176,0.5196892023086548,0.4843478202819824,0.4803107976913452,5.2,0.0,0.15653135367513946,0.7833101650079092,0.0,0.4283859431743622,0.01045276504009962,0.4110814332962036,0.44285547733306885,0.38634467124938965,0.07549059391021729,0.2682540714740753,0.4989013671875,0.12190578132867813,0.028198063373565674,0.10784827172756195,0.36452025175094604,0.1836237758398056,0.8137749433517456,0.01565614901483059,ours,Ours,sun_glare_l1,6,/home/zhaoguodong/work/code/DiffPhysDrone/checkpoint/2026-04-22-10-25-45/checkpoint0017.pth
sun_glare_l1,l1,1.0,0.0,0.5394908785820007,0.9179787039756775,0.520163357257843,0.5266308784484863,0.479836642742157,0.47336912155151367,5.6,0.0,0.1810806903367241,0.7552415872613589,0.0,0.4288281798362732,0.01119262259453535,0.41195541620254517,0.4475874900817871,0.38460734486579895,0.0833616703748703,0.21623943746089935,0.49882811307907104,0.12328027933835983,0.02815261296927929,0.10744362324476242,0.3645477294921875,0.18401886522769928,0.7423037886619568,0.015990596264600754,ours,Ours,sun_glare_l1,7,/home/zhaoguodong/work/code/DiffPhysDrone/checkpoint/2026-04-22-10-25-45/checkpoint0017.pth
sun_glare_l1,l1,1.0,0.0,0.5278767943382263,1.026434302330017,0.5243951678276062,0.5290993452072144,0.4756048321723938,0.47090065479278564,5.2,0.0,0.16111163318467636,0.7753716717163722,0.0,0.42868679761886597,0.01139422319829464,0.4114864766597748,0.44602203369140625,0.3766987919807434,0.08233217895030975,0.24219851195812225,0.4989013671875,0.12285207211971283,0.028215311467647552,0.10822319984436035,0.3645477294921875,0.18390220403671265,0.8108685612678528,0.01588873378932476,ours,Ours,sun_glare_l1,8,/home/zhaoguodong/work/code/DiffPhysDrone/checkpoint/2026-04-22-10-25-45/checkpoint0017.pth
sun_glare_l1,l1,1.0,0.0,0.537665605545044,0.9225646257400513,0.5013482570648193,0.5043248534202576,0.49865174293518066,0.49567514657974243,5.6,0.0,0.17057784412366647,0.7690561547875404,0.0,0.4279637336730957,0.00968408677726984,0.4130125343799591,0.44288235902786255,0.39672568440437317,0.07298077642917633,0.26532503962516785,0.4983886778354645,0.12116016447544098,0.028524454683065414,0.10709231346845627,0.3645477294921875,0.18324673175811768,0.7703248262405396,0.015493429265916348,ours,Ours,sun_glare_l1,9,/home/zhaoguodong/work/code/DiffPhysDrone/checkpoint/2026-04-22-10-25-45/checkpoint0017.pth
sun_glare_l1,l1,1.0,0.0,0.5489854216575623,1.0707173347473145,0.525729775428772,0.533722460269928,0.474270224571228,0.466277539730072,5.133333333333334,0.0,0.15697087487981964,0.7826193300386269,0.0,0.4301256835460663,0.0118018239736557,0.41095036268234253,0.4481666684150696,0.36981818079948425,0.08858589828014374,0.21078988909721375,0.4989013671875,0.12146308273077011,0.028212109580636024,0.10800367593765259,0.3645477294921875,0.18514737486839294,0.8227353096008301,0.01554920431226492,ours,Ours,sun_glare_l1,10,/home/zhaoguodong/work/code/DiffPhysDrone/checkpoint/2026-04-22-10-25-45/checkpoint0017.pth
sun_glare_l1,l1,1.0,0.0,0.534092366695404,0.9805920720100403,0.4965250790119171,0.5035383701324463,0.5034749209880829,0.4964616298675537,5.6,0.0,0.16621139781394353,0.7686425482233366,0.0,0.42821696400642395,0.010504440404474735,0.41204702854156494,0.44443222880363464,0.38585877418518066,0.07701912522315979,0.2402331531047821,0.4983886778354645,0.12131740897893906,0.02839895710349083,0.10798610746860504,0.36452025175094604,0.18348011374473572,0.7651325464248657,0.015524414367973804,ours,Ours,sun_glare_l1,11,/home/zhaoguodong/work/code/DiffPhysDrone/checkpoint/2026-04-22-10-25-45/checkpoint0017.pth
sun_glare_l1,l1,1.0,0.0,0.5261279940605164,0.9945181608200073,0.5221273303031921,0.529565155506134,0.47787266969680786,0.47043484449386597,5.066666666666666,0.0,0.14662710500415416,0.7907541565597057,0.0,0.43003785610198975,0.012126295827329159,0.4106311798095703,0.4474835991859436,0.37260255217552185,0.08677726238965988,0.22807076573371887,0.4980224668979645,0.12072975188493729,0.028334902599453926,0.10639800876379013,0.3644653260707855,0.18507961928844452,0.8125708103179932,0.015378539450466633,ours,Ours,sun_glare_l1,12,/home/zhaoguodong/work/code/DiffPhysDrone/checkpoint/2026-04-22-10-25-45/checkpoint0017.pth
sun_glare_l1,l1,1.0,0.0,0.53936767578125,0.9702844619750977,0.5408257842063904,0.5449164509773254,0.4591742157936096,0.45508354902267456,5.333333333333333,0.0,0.17281199260614813,0.7672707172731559,0.0,0.4301442503929138,0.0110934441909194,0.414204478263855,0.4472024440765381,0.37841150164604187,0.07951444387435913,0.22905215620994568,0.4986816346645355,0.12134058028459549,0.028437230736017227,0.10783220082521439,0.3645477294921875,0.18514712154865265,0.7707980275154114,0.01553221233189106,ours,Ours,sun_glare_l1,13,/home/zhaoguodong/work/code/DiffPhysDrone/checkpoint/2026-04-22-10-25-45/checkpoint0017.pth
sun_glare_l1,l1,1.0,0.0,0.5292809009552002,1.0667157173156738,0.5161024928092957,0.5205418467521667,0.48389750719070435,0.47945815324783325,5.333333333333333,0.0,0.1706698116225501,0.7639395328859488,0.0,0.4291660487651825,0.011098572984337807,0.41265368461608887,0.4467482268810272,0.3750039041042328,0.08271563053131104,0.22867321968078613,0.4990478456020355,0.12246893346309662,0.02818659506738186,0.10888783633708954,0.3645477294921875,0.18430666625499725,0.7905807495117188,0.015793122351169586,ours,Ours,sun_glare_l1,14,/home/zhaoguodong/work/code/DiffPhysDrone/checkpoint/2026-04-22-10-25-45/checkpoint0017.pth
sun_glare_l1,l1,1.0,0.0,0.5125849843025208,0.9521110653877258,0.5011041164398193,0.5020438432693481,0.49889588356018066,0.49795615673065186,5.866666666666666,0.0,0.16460300541172426,0.7668583470086257,0.0,0.42785316705703735,0.010738089680671692,0.41249316930770874,0.4448581635951996,0.39759621024131775,0.07244657725095749,0.26171594858169556,0.4987548887729645,0.12205938249826431,0.028307119384407997,0.10802511870861053,0.364602655172348,0.18317364156246185,0.7341829538345337,0.015699787065386772,ours,Ours,sun_glare_l1,15,/home/zhaoguodong/work/code/DiffPhysDrone/checkpoint/2026-04-22-10-25-45/checkpoint0017.pth
sun_glare_l1,l1,1.0,0.0,0.5238544940948486,0.9697015285491943,0.5392035841941833,0.5443275570869446,0.46079641580581665,0.4556724429130554,5.266666666666667,0.0,0.18221786472325524,0.7535003374020258,0.0,0.4298713803291321,0.011395135894417763,0.41361087560653687,0.4476649761199951,0.3747101128101349,0.0860484167933464,0.2283526062965393,0.4989013671875,0.12223396450281143,0.02810966596007347,0.10842031985521317,0.3645477294921875,0.18491925299167633,0.7697833776473999,0.015731293708086014,ours,Ours,sun_glare_l1,16,/home/zhaoguodong/work/code/DiffPhysDrone/checkpoint/2026-04-22-10-25-45/checkpoint0017.pth
sun_glare_l1,l1,1.0,0.0,0.5495754480361938,1.066545009613037,0.528515636920929,0.5325391888618469,0.47148436307907104,0.4674608111381531,5.133333333333334,0.0,0.15640582827230295,0.7803048511346181,0.0,0.4289306104183197,0.011145586147904396,0.41176503896713257,0.44437137246131897,0.3746729791164398,0.0770592987537384,0.25792428851127625,0.49897462129592896,0.12551331520080566,0.027560213580727577,0.10780556499958038,0.36457517743110657,0.18410569429397583,0.8152424097061157,0.0165131576359272,ours,Ours,sun_glare_l1,17,/home/zhaoguodong/work/code/DiffPhysDrone/checkpoint/2026-04-22-10-25-45/checkpoint0017.pth
sun_glare_l1,l1,1.0,0.0,0.5402979850769043,0.9388254880905151,0.5150906443595886,0.5161592364311218,0.4849093556404114,0.4838407635688782,5.666666666666667,0.0,0.15555085875093938,0.7782006382942199,0.0,0.42818477749824524,0.011482360772788525,0.41128861904144287,0.44867855310440063,0.3936634361743927,0.0833958312869072,0.23345014452934265,0.4987548887729645,0.12148848921060562,0.028349151834845543,0.10778132826089859,0.3645477294921875,0.18347401916980743,0.7962241768836975,0.015563124790787697,ours,Ours,sun_glare_l1,18,/home/zhaoguodong/work/code/DiffPhysDrone/checkpoint/2026-04-22-10-25-45/checkpoint0017.pth
sun_glare_l1,l1,1.0,0.0,0.5261861681938171,1.0074502229690552,0.5071045160293579,0.5103811025619507,0.4928954839706421,0.4896188974380493,5.266666666666667,0.0,0.15332143226793657,0.7824711439510187,0.0,0.429584264755249,0.011301527731120586,0.41183778643608093,0.4449378252029419,0.3827034831047058,0.08483394980430603,0.2397172451019287,0.49853515625,0.12094012647867203,0.028446419164538383,0.10873663425445557,0.364492803812027,0.1846703737974167,0.8090787529945374,0.015435711480677128,ours,Ours,sun_glare_l1,19,/home/zhaoguodong/work/code/DiffPhysDrone/checkpoint/2026-04-22-10-25-45/checkpoint0017.pth
sun_glare_l2,l2,1.0,0.0,0.5415799021720886,0.9893402457237244,0.48672425746917725,0.48997074365615845,0.5132757425308228,0.5100292563438416,5.333333333333333,0.0,0.13510479946077492,0.8147803651789824,0.0,0.42687439918518066,0.00817964319139719,0.4113844335079193,0.43703362345695496,0.3960602283477783,0.06636124849319458,0.2810838222503662,0.4991210997104645,0.12048632651567459,0.02881794050335884,0.10670509189367294,0.3645477294921875,0.18228866159915924,0.7986757159233093,0.015347427688539028,ours,Ours,sun_glare_l2,0,/home/zhaoguodong/work/code/DiffPhysDrone/checkpoint/2026-04-22-10-25-45/checkpoint0017.pth
sun_glare_l2,l2,1.0,0.0,0.5283644199371338,0.9843176603317261,0.5003662109375,0.5039804577827454,0.4996337890625,0.49601954221725464,5.466666666666667,0.0,0.15960990896370883,0.7805172003805637,0.0,0.42745840549468994,0.009517226368188858,0.4123576879501343,0.4423205852508545,0.3867599070072174,0.0777839869260788,0.24353426694869995,0.49897462129592896,0.12258002161979675,0.028193004429340363,0.10793830454349518,0.3645477294921875,0.18281127512454987,0.758008599281311,0.015820706263184547,ours,Ours,sun_glare_l2,1,/home/zhaoguodong/work/code/DiffPhysDrone/checkpoint/2026-04-22-10-25-45/checkpoint0017.pth
sun_glare_l2,l2,1.0,0.0,0.550912082195282,1.0687974691390991,0.49595001339912415,0.5038941502571106,0.5040499866008759,0.4961058497428894,5.133333333333334,0.0,0.14522423587429026,0.799918166299661,0.0,0.4279153048992157,0.00922603439539671,0.4129788875579834,0.44164544343948364,0.3819742500782013,0.08255046606063843,0.24014912545681,0.49824219942092896,0.12195742130279541,0.02815919741988182,0.10799609124660492,0.36452025175094604,0.18319661915302277,0.8766584396362305,0.015666550025343895,ours,Ours,sun_glare_l2,2,/home/zhaoguodong/work/code/DiffPhysDrone/checkpoint/2026-04-22-10-25-45/checkpoint0017.pth
sun_glare_l2,l2,1.0,0.0,0.5310853719711304,0.8673050403594971,0.46340876817703247,0.4712897539138794,0.5365912318229675,0.5287102460861206,5.866666666666666,0.0,0.1789902146401194,0.7552384734153748,0.0,0.4271838665008545,0.008305666036903858,0.41369932889938354,0.43834388256073,0.40397199988365173,0.06789401918649673,0.26918405294418335,0.49809569120407104,0.12319817394018173,0.027974585071206093,0.1081901416182518,0.364492803812027,0.18255504965782166,0.7638059258460999,0.015960365533828735,ours,Ours,sun_glare_l2,3,/home/zhaoguodong/work/code/DiffPhysDrone/checkpoint/2026-04-22-10-25-45/checkpoint0017.pth
sun_glare_l2,l2,1.0,0.0,0.5327141880989075,0.9796078205108643,0.48439133167266846,0.4928462505340576,0.5156086683273315,0.5071537494659424,5.066666666666666,0.0,0.1465285032832374,0.7968396708369255,0.0,0.42715948820114136,0.008953052572906017,0.4109831154346466,0.44022566080093384,0.3837492763996124,0.06904827058315277,0.27878010272979736,0.49846190214157104,0.12491343915462494,0.027762524783611298,0.10766075551509857,0.36452025175094604,0.18254537880420685,0.7986376881599426,0.016374124214053154,ours,Ours,sun_glare_l2,4,/home/zhaoguodong/work/code/DiffPhysDrone/checkpoint/2026-04-22-10-25-45/checkpoint0017.pth
sun_glare_l2,l2,1.0,0.0,0.536530077457428,1.0100293159484863,0.4895291328430176,0.4900982677936554,0.5104708671569824,0.5099017322063446,5.266666666666667,0.0,0.14758141045846665,0.7982227330406507,0.0,0.4259227216243744,0.008047596551477909,0.4118633270263672,0.4366774559020996,0.3992968499660492,0.054638709872961044,0.32690000534057617,0.49897462129592896,0.12394831329584122,0.027919810265302658,0.10806705802679062,0.36457517743110657,0.1814749389886856,0.8136221766471863,0.016142699867486954,ours,Ours,sun_glare_l2,5,/home/zhaoguodong/work/code/DiffPhysDrone/checkpoint/2026-04-22-10-25-45/checkpoint0017.pth
sun_glare_l2,l2,1.0,0.0,0.5402703285217285,1.0184406042099,0.5107178092002869,0.5173385143280029,0.48928219079971313,0.48266148567199707,5.266666666666667,0.0,0.15445235801356225,0.7929210583368937,0.0,0.4284053444862366,0.009716315194964409,0.41304758191108704,0.4430330693721771,0.38137176632881165,0.07731900364160538,0.25277143716812134,0.4991210997104645,0.12187492102384567,0.028556838631629944,0.10767894983291626,0.364602655172348,0.18362554907798767,0.7909075617790222,0.01566898822784424,ours,Ours,sun_glare_l2,6,/home/zhaoguodong/work/code/DiffPhysDrone/checkpoint/2026-04-22-10-25-45/checkpoint0017.pth
sun_glare_l2,l2,1.0,0.0,0.5378183126449585,1.115532636642456,0.5031277537345886,0.5070955753326416,0.4968722462654114,0.4929044246673584,5.0,0.0,0.12863140465536466,0.8199969242016475,0.0,0.427951842546463,0.009963268414139748,0.4105411171913147,0.44235658645629883,0.38745033740997314,0.0741531029343605,0.27057600021362305,0.4980224668979645,0.1219182014465332,0.02858644723892212,0.10744959115982056,0.364492803812027,0.1832420378923416,0.8838923573493958,0.015681231394410133,ours,Ours,sun_glare_l2,7,/home/zhaoguodong/work/code/DiffPhysDrone/checkpoint/2026-04-22-10-25-45/checkpoint0017.pth
sun_glare_l2,l2,1.0,0.0,0.5279706716537476,1.0170822143554688,0.48622235655784607,0.4940381944179535,0.5137776434421539,0.5059618055820465,5.133333333333334,0.0,0.1576316280135264,0.7832871767381827,0.0,0.4269199073314667,0.008597412146627903,0.4119056165218353,0.43966832756996155,0.3868209421634674,0.0650748759508133,0.2889789640903473,0.49846190214157104,0.12283604592084885,0.028195828199386597,0.10768311470746994,0.364492803812027,0.18233449757099152,0.7825241088867188,0.01588369719684124,ours,Ours,sun_glare_l2,8,/home/zhaoguodong/work/code/DiffPhysDrone/checkpoint/2026-04-22-10-25-45/checkpoint0017.pth
sun_glare_l2,l2,1.0,0.0,0.5298131704330444,0.9346694946289062,0.47503530979156494,0.482410192489624,0.5249646902084351,0.517589807510376,5.6,0.0,0.1704011985527662,0.7626122516890367,0.0,0.42714357376098633,0.009104830212891102,0.4127503037452698,0.440854549407959,0.39405760169029236,0.0732358992099762,0.270724892616272,0.4980224668979645,0.12230449169874191,0.028258241713047028,0.10782229900360107,0.364492803812027,0.18253451585769653,0.7796170711517334,0.015756916254758835,ours,Ours,sun_glare_l2,9,/home/zhaoguodong/work/code/DiffPhysDrone/checkpoint/2026-04-22-10-25-45/checkpoint0017.pth
sun_glare_l2,l2,1.0,0.0,0.5322078466415405,0.9046792984008789,0.49037548899650574,0.49757423996925354,0.5096245110034943,0.5024257600307465,5.666666666666667,0.0,0.1725385350524448,0.7664662030835946,0.0,0.4276835322380066,0.009657198563218117,0.4123761057853699,0.4418579638004303,0.39507120847702026,0.06903547793626785,0.2722296118736267,0.4989013671875,0.1246057078242302,0.02758612483739853,0.10927016288042068,0.36457517743110657,0.18300645053386688,0.7574545741081238,0.01628757454454899,ours,Ours,sun_glare_l2,10,/home/zhaoguodong/work/code/DiffPhysDrone/checkpoint/2026-04-22-10-25-45/checkpoint0017.pth
sun_glare_l2,l2,1.0,0.0,0.5447037220001221,0.9378466606140137,0.4981147348880768,0.4988972544670105,0.5018852651119232,0.5011027455329895,5.6,0.0,0.15462768884802547,0.7916477193435033,0.0,0.4266296625137329,0.009008683264255524,0.4122050702571869,0.4393330514431,0.39318010210990906,0.06508581340312958,0.279763787984848,0.49897462129592896,0.12186974287033081,0.0285035390406847,0.1072894036769867,0.3645477294921875,0.18209399282932281,0.7703654170036316,0.015664687380194664,ours,Ours,sun_glare_l2,11,/home/zhaoguodong/work/code/DiffPhysDrone/checkpoint/2026-04-22-10-25-45/checkpoint0017.pth
sun_glare_l2,l2,1.0,0.0,0.5152310132980347,0.9034239649772644,0.47636181116104126,0.4818327724933624,0.5236381888389587,0.5181672275066376,5.4,0.0,0.1598546387627721,0.780254815518856,0.0,0.4265172481536865,0.008068854920566082,0.4118484854698181,0.4360213577747345,0.39980578422546387,0.06460608541965485,0.2981415092945099,0.49846190214157104,0.12169864028692245,0.028416099026799202,0.10744871944189072,0.36452025175094604,0.1819821000099182,0.767691969871521,0.015618032775819302,ours,Ours,sun_glare_l2,12,/home/zhaoguodong/work/code/DiffPhysDrone/checkpoint/2026-04-22-10-25-45/checkpoint0017.pth
sun_glare_l2,l2,1.0,0.0,0.5345759987831116,0.9497186541557312,0.5056885480880737,0.5119006037712097,0.49431145191192627,0.4880993962287903,5.2,0.0,0.15947277843176078,0.7873416679600874,0.0,0.4278678297996521,0.00935802236199379,0.412383109331131,0.4406704902648926,0.3816070556640625,0.07911280542612076,0.24920721352100372,0.4989013671875,0.12177877873182297,0.028294041752815247,0.10836117714643478,0.36457517743110657,0.18315844237804413,0.784473180770874,0.01563062146306038,ours,Ours,sun_glare_l2,13,/home/zhaoguodong/work/code/DiffPhysDrone/checkpoint/2026-04-22-10-25-45/checkpoint0017.pth
sun_glare_l2,l2,1.0,0.0,0.531546413898468,0.9555822610855103,0.49140357971191406,0.495998740196228,0.5085964202880859,0.504001259803772,5.4,0.0,0.13791572601767257,0.8037495076656341,0.0,0.42657336592674255,0.009670660831034184,0.40989717841148376,0.4413350224494934,0.39121726155281067,0.0753714069724083,0.25927984714508057,0.49860841035842896,0.12122449278831482,0.028295263648033142,0.10716158151626587,0.36452025175094604,0.18205837905406952,0.7904223799705505,0.015495996922254562,ours,Ours,sun_glare_l2,14,/home/zhaoguodong/work/code/DiffPhysDrone/checkpoint/2026-04-22-10-25-45/checkpoint0017.pth
sun_glare_l2,l2,1.0,0.0,0.5396942496299744,0.9507275223731995,0.47866761684417725,0.4849417507648468,0.5213323831558228,0.5150582492351532,5.466666666666667,0.0,0.1581854040249406,0.7824084594845772,0.0,0.42631804943084717,0.008256346918642521,0.4116998314857483,0.4367350935935974,0.40130817890167236,0.06621454656124115,0.2822209298610687,0.4987548887729645,0.12093692272901535,0.02845310978591442,0.10810968279838562,0.3645477294921875,0.1818152517080307,0.7947485446929932,0.015435319393873215,ours,Ours,sun_glare_l2,15,/home/zhaoguodong/work/code/DiffPhysDrone/checkpoint/2026-04-22-10-25-45/checkpoint0017.pth
sun_glare_l2,l2,1.0,0.0,0.5511883497238159,1.0823053121566772,0.4741835296154022,0.4814682602882385,0.5258164703845978,0.5185317397117615,5.333333333333333,0.0,0.1349027232849039,0.8050104449192683,0.0,0.4271250069141388,0.009138553403317928,0.41229116916656494,0.43944254517555237,0.38768163323402405,0.07363969832658768,0.2691288888454437,0.49897462129592896,0.12150386720895767,0.028473779559135437,0.10850729793310165,0.3645477294921875,0.18251928687095642,0.8543140888214111,0.01557394489645958,ours,Ours,sun_glare_l2,16,/home/zhaoguodong/work/code/DiffPhysDrone/checkpoint/2026-04-22-10-25-45/checkpoint0017.pth
sun_glare_l2,l2,1.0,0.0,0.5265212655067444,1.0112781524658203,0.4958469569683075,0.5011815428733826,0.5041530430316925,0.49881845712661743,5.133333333333334,0.0,0.14685057157961032,0.8015324227511883,0.0,0.4273871183395386,0.008785850368440151,0.41237860918045044,0.44009360671043396,0.3903387188911438,0.07008840143680573,0.27955102920532227,0.49882811307907104,0.12120065838098526,0.028399070724844933,0.10842534154653549,0.3645477294921875,0.18273691833019257,0.8239784836769104,0.015496104955673218,ours,Ours,sun_glare_l2,17,/home/zhaoguodong/work/code/DiffPhysDrone/checkpoint/2026-04-22-10-25-45/checkpoint0017.pth
sun_glare_l2,l2,1.0,0.0,0.5397413969039917,0.9500529170036316,0.4955621063709259,0.5038941502571106,0.5044378936290741,0.4961058497428894,5.333333333333333,0.0,0.16610679763446873,0.777594126512607,0.0,0.42816388607025146,0.009053727611899376,0.41360700130462646,0.44154268503189087,0.38506317138671875,0.08016229420900345,0.23831546306610107,0.4987548887729645,0.12086957693099976,0.028465377166867256,0.10888954997062683,0.36452025175094604,0.1834062784910202,0.7951422333717346,0.01541973277926445,ours,Ours,sun_glare_l2,18,/home/zhaoguodong/work/code/DiffPhysDrone/checkpoint/2026-04-22-10-25-45/checkpoint0017.pth
sun_glare_l2,l2,1.0,0.0,0.5361884236335754,0.9341263175010681,0.4779405891895294,0.4815075397491455,0.5220594108104706,0.5184924602508545,5.333333333333333,0.0,0.14770385448743278,0.7984455026686191,0.0,0.425954133272171,0.007715974003076553,0.41185206174850464,0.435295045375824,0.4029676616191864,0.059443432837724686,0.30327385663986206,0.49809569120407104,0.121816486120224,0.028434669598937035,0.10737094283103943,0.364492803812027,0.18149647116661072,0.8027297258377075,0.015647785738110542,ours,Ours,sun_glare_l2,19,/home/zhaoguodong/work/code/DiffPhysDrone/checkpoint/2026-04-22-10-25-45/checkpoint0017.pth
sun_glare_l3,l3,1.0,0.0,0.5317379832267761,0.905815064907074,0.4825548529624939,0.4852955937385559,0.5174451470375061,0.5147044062614441,5.333333333333333,0.0,0.1571099478402175,0.7935606487095356,0.0,0.425067275762558,0.0070285070687532425,0.4122944474220276,0.43443262577056885,0.4006560146808624,0.06390279531478882,0.29875075817108154,0.499267578125,0.12323308736085892,0.0280253104865551,0.10809828341007233,0.36457517743110657,0.1807316243648529,0.7823778986930847,0.01597180962562561,ours,Ours,sun_glare_l3,0,/home/zhaoguodong/work/code/DiffPhysDrone/checkpoint/2026-04-22-10-25-45/checkpoint0017.pth
sun_glare_l3,l3,1.0,0.0,0.5372127890586853,1.0093759298324585,0.45410972833633423,0.46200844645500183,0.5458902716636658,0.5379915535449982,5.2,0.0,0.14139566357092312,0.8056458426018556,0.0,0.42563745379447937,0.007446745410561562,0.41221076250076294,0.43521222472190857,0.39342406392097473,0.07006703317165375,0.27577948570251465,0.497802734375,0.12169516086578369,0.028285587206482887,0.10738648474216461,0.36443784832954407,0.18122270703315735,0.8321266770362854,0.015609785914421082,ours,Ours,sun_glare_l3,1,/home/zhaoguodong/work/code/DiffPhysDrone/checkpoint/2026-04-22-10-25-45/checkpoint0017.pth
sun_glare_l3,l3,1.0,0.0,0.5438928604125977,0.9729381203651428,0.47786733508110046,0.48526206612586975,0.5221326649188995,0.5147379338741302,5.333333333333333,0.0,0.15196881631660897,0.8010958917438984,0.0,0.42625823616981506,0.007447441574186087,0.4132271707057953,0.4368765652179718,0.3946544826030731,0.06544295698404312,0.2848181128501892,0.4991210997104645,0.1216779351234436,0.028474032878875732,0.10832777619361877,0.3645477294921875,0.181751549243927,0.8063283562660217,0.015616290271282196,ours,Ours,sun_glare_l3,2,/home/zhaoguodong/work/code/DiffPhysDrone/checkpoint/2026-04-22-10-25-45/checkpoint0017.pth
sun_glare_l3,l3,1.0,0.0,0.549847424030304,0.9953933954238892,0.47123757004737854,0.4771195948123932,0.5287624299526215,0.5228804051876068,5.133333333333334,0.0,0.14609281749969039,0.8082270028690497,0.0,0.4261724352836609,0.007331325672566891,0.41233325004577637,0.43642815947532654,0.395609050989151,0.06531339138746262,0.2984202802181244,0.4990478456020355,0.12253609299659729,0.028182120993733406,0.10912136733531952,0.36452025175094604,0.1816767007112503,0.8519301414489746,0.015809327363967896,ours,Ours,sun_glare_l3,3,/home/zhaoguodong/work/code/DiffPhysDrone/checkpoint/2026-04-22-10-25-45/checkpoint0017.pth
sun_glare_l3,l3,1.0,0.0,0.5450246930122375,0.9118351936340332,0.47755536437034607,0.48276403546333313,0.5224446356296539,0.5172359645366669,5.533333333333333,0.0,0.1636719843071963,0.7869774706661701,0.0,0.4257844388484955,0.0072455559857189655,0.414162814617157,0.4359060227870941,0.40169888734817505,0.06462004780769348,0.28871950507164,0.49897462129592896,0.12113672494888306,0.02841988019645214,0.10822158306837082,0.36457517743110657,0.1813448965549469,0.806616485118866,0.0154817970469594,ours,Ours,sun_glare_l3,4,/home/zhaoguodong/work/code/DiffPhysDrone/checkpoint/2026-04-22-10-25-45/checkpoint0017.pth
sun_glare_l3,l3,1.0,0.0,0.5374719500541687,0.9255035519599915,0.4603000581264496,0.46576598286628723,0.5396999418735504,0.5342340171337128,5.533333333333333,0.0,0.15571621422326037,0.7947492142518361,0.0,0.42446428537368774,0.006872038822621107,0.41206279397010803,0.43450310826301575,0.4099152386188507,0.057589974254369736,0.3133828639984131,0.49860841035842896,0.12073052674531937,0.028572814539074898,0.10788186639547348,0.36452025175094604,0.18021714687347412,0.8059362769126892,0.015392263419926167,ours,Ours,sun_glare_l3,5,/home/zhaoguodong/work/code/DiffPhysDrone/checkpoint/2026-04-22-10-25-45/checkpoint0017.pth
sun_glare_l3,l3,1.0,0.0,0.53021639585495,1.008395791053772,0.4815945625305176,0.4852263331413269,0.5184054374694824,0.5147736668586731,5.0,0.0,0.147418747714255,0.805872202416261,0.0,0.42599934339523315,0.008105491288006306,0.4117833971977234,0.437513530254364,0.38876456022262573,0.06748197972774506,0.28552180528640747,0.49882811307907104,0.12351704388856888,0.028082063421607018,0.10828748345375061,0.3645477294921875,0.18154112994670868,0.8119440674781799,0.016045063734054565,ours,Ours,sun_glare_l3,6,/home/zhaoguodong/work/code/DiffPhysDrone/checkpoint/2026-04-22-10-25-45/checkpoint0017.pth
sun_glare_l3,l3,1.0,0.0,0.5482696890830994,1.0292861461639404,0.4609944820404053,0.4650270938873291,0.5390055179595947,0.5349729061126709,5.333333333333333,0.0,0.14255709231753524,0.8096646174788475,0.0,0.42571425437927246,0.007963120937347412,0.41179004311561584,0.4373239278793335,0.3976837992668152,0.06939437240362167,0.2817661464214325,0.49846190214157104,0.12179172039031982,0.028401805087924004,0.10744977742433548,0.364492803812027,0.18129603564739227,0.8621707558631897,0.015639886260032654,ours,Ours,sun_glare_l3,7,/home/zhaoguodong/work/code/DiffPhysDrone/checkpoint/2026-04-22-10-25-45/checkpoint0017.pth
sun_glare_l3,l3,1.0,0.0,0.5376145243644714,0.9616045951843262,0.4627686142921448,0.4712064266204834,0.5372313857078552,0.5287935733795166,5.333333333333333,0.0,0.1568492361654838,0.791458093871673,0.0,0.4256892204284668,0.00762771675363183,0.41216757893562317,0.4369492828845978,0.3953172266483307,0.0644894391298294,0.2909088134765625,0.49846190214157104,0.12235644459724426,0.028102600947022438,0.10774361342191696,0.36452025175094604,0.18126949667930603,0.8089427351951599,0.01576085388660431,ours,Ours,sun_glare_l3,8,/home/zhaoguodong/work/code/DiffPhysDrone/checkpoint/2026-04-22-10-25-45/checkpoint0017.pth
sun_glare_l3,l3,1.0,0.0,0.5459831953048706,0.9952505826950073,0.48306480050086975,0.48890000581741333,0.5169351994991302,0.5110999941825867,5.066666666666666,0.0,0.15467103508708532,0.8017210806409518,0.0,0.42586106061935425,0.0070662652142345905,0.41337332129478455,0.4364483654499054,0.3946782350540161,0.06190134957432747,0.31261274218559265,0.49897462129592896,0.12236222624778748,0.028246812522411346,0.1084819808602333,0.36457517743110657,0.18140752613544464,0.8390424251556396,0.01577039621770382,ours,Ours,sun_glare_l3,9,/home/zhaoguodong/work/code/DiffPhysDrone/checkpoint/2026-04-22-10-25-45/checkpoint0017.pth
sun_glare_l3,l3,1.0,0.0,0.5271463394165039,0.9183787107467651,0.44707849621772766,0.4532671868801117,0.5529215037822723,0.5467328131198883,5.6,0.0,0.15726703858041827,0.7880213732520739,0.0,0.4254727065563202,0.007940472103655338,0.4106893241405487,0.4376809298992157,0.39901402592658997,0.06360000371932983,0.300632119178772,0.4981689453125,0.12176170945167542,0.02848503366112709,0.10747760534286499,0.364492803812027,0.18109004199504852,0.7595880031585693,0.015637310221791267,ours,Ours,sun_glare_l3,10,/home/zhaoguodong/work/code/DiffPhysDrone/checkpoint/2026-04-22-10-25-45/checkpoint0017.pth
sun_glare_l3,l3,1.0,0.0,0.5324732065200806,0.9583945870399475,0.45748159289360046,0.46122440695762634,0.5425184071063995,0.5387755930423737,5.2,0.0,0.12927954955763804,0.8247192909320196,0.0,0.4254317581653595,0.007683888077735901,0.409749299287796,0.4350321292877197,0.3989354372024536,0.062556192278862,0.3059431314468384,0.49882811307907104,0.12201165407896042,0.028384996578097343,0.10697203874588013,0.3645477294921875,0.18105119466781616,0.8085331320762634,0.01569255068898201,ours,Ours,sun_glare_l3,11,/home/zhaoguodong/work/code/DiffPhysDrone/checkpoint/2026-04-22-10-25-45/checkpoint0017.pth
sun_glare_l3,l3,1.0,0.0,0.5516281127929688,0.9954854846000671,0.4750162959098816,0.48003333806991577,0.5249837040901184,0.5199666619300842,5.266666666666667,0.0,0.1633307681438358,0.7889927834272384,0.0,0.42575979232788086,0.007618011441081762,0.41284844279289246,0.4382018744945526,0.3929328918457031,0.0654507726430893,0.28400689363479614,0.4990478456020355,0.12231859564781189,0.02827558107674122,0.10863476246595383,0.3645477294921875,0.1813294142484665,0.819679319858551,0.015761349350214005,ours,Ours,sun_glare_l3,12,/home/zhaoguodong/work/code/DiffPhysDrone/checkpoint/2026-04-22-10-25-45/checkpoint0017.pth
sun_glare_l3,l3,1.0,0.0,0.5371123552322388,1.0450465679168701,0.4600912034511566,0.4620456397533417,0.5399087965488434,0.5379543602466583,5.2,0.0,0.12544926393893546,0.8238750795523325,0.0,0.4252445101737976,0.008329619653522968,0.40928515791893005,0.43686702847480774,0.3839930295944214,0.06962147355079651,0.26919180154800415,0.4980224668979645,0.12333233654499054,0.0281203743070364,0.10711479932069778,0.364492803812027,0.18090227246284485,0.8083275556564331,0.016001621261239052,ours,Ours,sun_glare_l3,13,/home/zhaoguodong/work/code/DiffPhysDrone/checkpoint/2026-04-22-10-25-45/checkpoint0017.pth
sun_glare_l3,l3,1.0,0.0,0.5411077737808228,0.9714184999465942,0.4631917476654053,0.4689824879169464,0.5368082523345947,0.5310175120830536,5.533333333333333,0.0,0.1468384598692258,0.8048478022217751,0.0,0.42567309737205505,0.007428615819662809,0.4126068651676178,0.4359625279903412,0.40021371841430664,0.06935234367847443,0.2766292095184326,0.49919432401657104,0.12104809284210205,0.02844700962305069,0.10851294547319412,0.3645477294921875,0.18125274777412415,0.8000483512878418,0.015461871400475502,ours,Ours,sun_glare_l3,14,/home/zhaoguodong/work/code/DiffPhysDrone/checkpoint/2026-04-22-10-25-45/checkpoint0017.pth
sun_glare_l3,l3,1.0,0.0,0.5311415195465088,1.0282403230667114,0.45996370911598206,0.462578147649765,0.5400362908840179,0.537421852350235,5.2,0.0,0.1339658926629151,0.817930156737566,0.0,0.42504650354385376,0.007082327734678984,0.41159969568252563,0.43405309319496155,0.40257954597473145,0.061048395931720734,0.28991129994392395,0.49846190214157104,0.12197884917259216,0.02855510823428631,0.10683302581310272,0.3645477294921875,0.1807146519422531,0.8372201919555664,0.015694234520196915,ours,Ours,sun_glare_l3,15,/home/zhaoguodong/work/code/DiffPhysDrone/checkpoint/2026-04-22-10-25-45/checkpoint0017.pth
sun_glare_l3,l3,1.0,0.0,0.5441867113113403,1.0667792558670044,0.4613390266895294,0.4663435220718384,0.5386609733104706,0.5336564779281616,5.466666666666667,0.0,0.13371400886098855,0.8203486350675424,0.0,0.42594170570373535,0.007914183661341667,0.4118933081626892,0.43734073638916016,0.396884948015213,0.06749910861253738,0.2873615622520447,0.49897462129592896,0.12158450484275818,0.028321202844381332,0.10838524252176285,0.3645477294921875,0.1814889758825302,0.8426722884178162,0.015584882348775864,ours,Ours,sun_glare_l3,16,/home/zhaoguodong/work/code/DiffPhysDrone/checkpoint/2026-04-22-10-25-45/checkpoint0017.pth
sun_glare_l3,l3,1.0,0.0,0.548771321773529,1.0237793922424316,0.4554416835308075,0.462392121553421,0.5445583164691925,0.537607878446579,5.4,0.0,0.13475147762898512,0.8119189182917277,0.0,0.4259021282196045,0.008561776019632816,0.4107702672481537,0.4387265145778656,0.3906480371952057,0.07465661317110062,0.25493741035461426,0.49824219942092896,0.12211054563522339,0.02830459177494049,0.10789456218481064,0.364492803812027,0.18146592378616333,0.8348450064659119,0.015712136402726173,ours,Ours,sun_glare_l3,17,/home/zhaoguodong/work/code/DiffPhysDrone/checkpoint/2026-04-22-10-25-45/checkpoint0017.pth
sun_glare_l3,l3,1.0,0.0,0.5415098667144775,0.9674429297447205,0.45323899388313293,0.4600240886211395,0.5467610061168671,0.5399759113788605,5.4,0.0,0.16324530983304916,0.7847268084685007,0.0,0.4246695041656494,0.00639471085742116,0.4136483073234558,0.4344165325164795,0.4108380973339081,0.05226496234536171,0.33871954679489136,0.4986816346645355,0.1228201612830162,0.02800428494811058,0.10877175629138947,0.364492803812027,0.1803850531578064,0.8175556659698486,0.015869030728936195,ours,Ours,sun_glare_l3,18,/home/zhaoguodong/work/code/DiffPhysDrone/checkpoint/2026-04-22-10-25-45/checkpoint0017.pth
sun_glare_l3,l3,1.0,0.0,0.5364786386489868,0.9726307988166809,0.479722797870636,0.4772956967353821,0.520277202129364,0.5227043032646179,5.4,0.0,0.14326748945750295,0.8013262333969275,0.0,0.4252087473869324,0.00818872544914484,0.41170868277549744,0.4373871684074402,0.3926674425601959,0.06737285107374191,0.29062384366989136,0.49919432401657104,0.12323419004678726,0.028284043073654175,0.10805287212133408,0.36457517743110657,0.18086951971054077,0.8008608818054199,0.015986651182174683,ours,Ours,sun_glare_l3,19,/home/zhaoguodong/work/code/DiffPhysDrone/checkpoint/2026-04-22-10-25-45/checkpoint0017.pth
base,,0.9000000357627869,0.10000000149011612,0.39159414172172546,0.7911501526832581,0.4525463283061981,0.47963616251945496,0.5474536716938019,0.520363837480545,8.0,0.0,0.0,0.0,1.0,0.41666701436042786,0.0,0.41666701436042786,0.41666701436042786,0.5,0.0,0.5,0.5,0.5,0.0,0.5,0.5,0.17361138761043549,0.5999215245246887,0.25,fixed,Fixed Camera,base,0,/home/zhaoguodong/work/code/DiffPhysDrone/checkpoint/2026-04-22-11-52-18/checkpoint0017.pth
base,,0.0,1.0,0.44666674733161926,0.8208527565002441,0.44283854961395264,0.4895003139972687,0.5571614503860474,0.5104996860027313,8.0,0.0,0.0,0.0,1.0,0.41666701436042786,0.0,0.41666701436042786,0.41666701436042786,0.5,0.0,0.5,0.5,0.5,0.0,0.5,0.5,0.17361140251159668,0.7437719702720642,0.25,fixed,Fixed Camera,base,1,/home/zhaoguodong/work/code/DiffPhysDrone/checkpoint/2026-04-22-11-52-18/checkpoint0017.pth
base,,0.0,1.0,0.41064921021461487,0.8231403231620789,0.44516658782958984,0.48600316047668457,0.5548334121704102,0.5139968395233154,8.0,0.0,0.0,0.0,1.0,0.41666701436042786,0.0,0.41666701436042786,0.41666701436042786,0.5,0.0,0.5,0.5,0.5,0.0,0.5,0.5,0.17361141741275787,0.6727086901664734,0.25,fixed,Fixed Camera,base,2,/home/zhaoguodong/work/code/DiffPhysDrone/checkpoint/2026-04-22-11-52-18/checkpoint0017.pth
base,,0.0,1.0,0.43074601888656616,0.8523580431938171,0.4442395269870758,0.4774678349494934,0.5557604730129242,0.5225321650505066,8.0,0.0,0.0,0.0,1.0,0.41666701436042786,0.0,0.41666701436042786,0.41666701436042786,0.5,0.0,0.5,0.5,0.5,0.0,0.5,0.5,0.17361138761043549,0.7335077524185181,0.25,fixed,Fixed Camera,base,3,/home/zhaoguodong/work/code/DiffPhysDrone/checkpoint/2026-04-22-11-52-18/checkpoint0017.pth
base,,0.5,0.5,0.434550017118454,0.8816103339195251,0.4508463442325592,0.4787820279598236,0.5491536557674408,0.5212179720401764,8.0,0.0,0.0,0.0,1.0,0.41666701436042786,0.0,0.41666701436042786,0.41666701436042786,0.5,0.0,0.5,0.5,0.5,0.0,0.5,0.5,0.17361140251159668,0.7394543290138245,0.25,fixed,Fixed Camera,base,4,/home/zhaoguodong/work/code/DiffPhysDrone/checkpoint/2026-04-22-11-52-18/checkpoint0017.pth
base,,0.699999988079071,0.30000001192092896,0.3826313316822052,0.7826776504516602,0.4551130533218384,0.48201754689216614,0.5448869466781616,0.5179824531078339,8.0,0.0,0.0,0.0,1.0,0.41666704416275024,0.0,0.41666701436042786,0.41666701436042786,0.5,0.0,0.5,0.5,0.5,0.0,0.5,0.5,0.17361141741275787,0.6035716533660889,0.25,fixed,Fixed Camera,base,5,/home/zhaoguodong/work/code/DiffPhysDrone/checkpoint/2026-04-22-11-52-18/checkpoint0017.pth
base,,0.6000000238418579,0.4000000059604645,0.4295916259288788,0.9119908809661865,0.45083385705947876,0.4773006737232208,0.5491661429405212,0.5226993262767792,8.0,0.0,0.0,0.0,1.0,0.41666704416275024,0.0,0.41666701436042786,0.41666701436042786,0.5,0.0,0.5,0.5,0.5,0.0,0.5,0.5,0.17361140251159668,0.7409108281135559,0.25,fixed,Fixed Camera,base,6,/home/zhaoguodong/work/code/DiffPhysDrone/checkpoint/2026-04-22-11-52-18/checkpoint0017.pth
base,,0.10000000149011612,0.9000000357627869,0.4324127435684204,0.7917510867118835,0.42136862874031067,0.46815600991249084,0.5786313712596893,0.5318439900875092,8.0,0.0,0.0,0.0,1.0,0.41666701436042786,0.0,0.41666701436042786,0.41666701436042786,0.5,0.0,0.5,0.5,0.5,0.0,0.5,0.5,0.17361138761043549,0.693070113658905,0.25,fixed,Fixed Camera,base,7,/home/zhaoguodong/work/code/DiffPhysDrone/checkpoint/2026-04-22-11-52-18/checkpoint0017.pth
base,,0.0,1.0,0.42122727632522583,0.8483228087425232,0.4408133924007416,0.471819669008255,0.5591866075992584,0.528180330991745,8.0,0.0,0.0,0.0,1.0,0.41666704416275024,0.0,0.41666701436042786,0.41666701436042786,0.5,0.0,0.5,0.5,0.5,0.0,0.5,0.5,0.17361141741275787,0.706176221370697,0.25,fixed,Fixed Camera,base,8,/home/zhaoguodong/work/code/DiffPhysDrone/checkpoint/2026-04-22-11-52-18/checkpoint0017.pth
base,,0.30000001192092896,0.699999988079071,0.40970373153686523,0.8745416402816772,0.4449387788772583,0.471126914024353,0.5550612211227417,0.528873085975647,8.0,0.0,0.0,0.0,1.0,0.41666701436042786,0.0,0.41666701436042786,0.41666701436042786,0.5,0.0,0.5,0.5,0.5,0.0,0.5,0.5,0.17361138761043549,0.6828137040138245,0.25,fixed,Fixed Camera,base,9,/home/zhaoguodong/work/code/DiffPhysDrone/checkpoint/2026-04-22-11-52-18/checkpoint0017.pth
base,,0.20000000298023224,0.800000011920929,0.39217230677604675,0.8137115240097046,0.4463901221752167,0.47897106409072876,0.5536098778247833,0.5210289359092712,8.0,0.0,0.0,0.0,1.0,0.41666701436042786,0.0,0.41666701436042786,0.41666701436042786,0.5,0.0,0.5,0.5,0.5,0.0,0.5,0.5,0.17361141741275787,0.6257258653640747,0.25,fixed,Fixed Camera,base,10,/home/zhaoguodong/work/code/DiffPhysDrone/checkpoint/2026-04-22-11-52-18/checkpoint0017.pth
base,,0.20000000298023224,0.800000011920929,0.4031345546245575,0.8255913853645325,0.4451557695865631,0.4798024594783783,0.5548442304134369,0.5201975405216217,8.0,0.0,0.0,0.0,1.0,0.41666701436042786,0.0,0.41666701436042786,0.41666701436042786,0.5,0.0,0.5,0.5,0.5,0.0,0.5,0.5,0.17361138761043549,0.6409462690353394,0.25,fixed,Fixed Camera,base,11,/home/zhaoguodong/work/code/DiffPhysDrone/checkpoint/2026-04-22-11-52-18/checkpoint0017.pth
base,,0.800000011920929,0.20000000298023224,0.39402154088020325,0.8220410943031311,0.453137069940567,0.4782828688621521,0.546862930059433,0.5217171311378479,8.0,0.0,0.0,0.0,1.0,0.41666701436042786,0.0,0.41666701436042786,0.41666701436042786,0.5,0.0,0.5,0.5,0.5,0.0,0.5,0.5,0.17361138761043549,0.6182786226272583,0.25,fixed,Fixed Camera,base,12,/home/zhaoguodong/work/code/DiffPhysDrone/checkpoint/2026-04-22-11-52-18/checkpoint0017.pth
base,,0.9000000357627869,0.10000000149011612,0.4186488687992096,0.8802076578140259,0.45550012588500977,0.4729946553707123,0.5444998741149902,0.5270053446292877,8.0,0.0,0.0,0.0,1.0,0.41666701436042786,0.0,0.41666701436042786,0.41666701436042786,0.5,0.0,0.5,0.5,0.5,0.0,0.5,0.5,0.17361138761043549,0.707354724407196,0.25,fixed,Fixed Camera,base,13,/home/zhaoguodong/work/code/DiffPhysDrone/checkpoint/2026-04-22-11-52-18/checkpoint0017.pth
base,,0.20000000298023224,0.800000011920929,0.43326258659362793,0.8278168439865112,0.44973209500312805,0.482547402381897,0.550267904996872,0.517452597618103,8.0,0.0,0.0,0.0,1.0,0.41666704416275024,0.0,0.41666701436042786,0.41666701436042786,0.5,0.0,0.5,0.5,0.5,0.0,0.5,0.5,0.17361140251159668,0.7238805294036865,0.25,fixed,Fixed Camera,base,14,/home/zhaoguodong/work/code/DiffPhysDrone/checkpoint/2026-04-22-11-52-18/checkpoint0017.pth
base,,0.5,0.5,0.42606034874916077,0.7989713549613953,0.4481939673423767,0.4800916016101837,0.5518060326576233,0.5199083983898163,8.0,0.0,0.0,0.0,1.0,0.41666701436042786,0.0,0.41666701436042786,0.41666701436042786,0.5,0.0,0.5,0.5,0.5,0.0,0.5,0.5,0.17361138761043549,0.6876063942909241,0.25,fixed,Fixed Camera,base,15,/home/zhaoguodong/work/code/DiffPhysDrone/checkpoint/2026-04-22-11-52-18/checkpoint0017.pth
base,,0.5,0.5,0.45345935225486755,0.8667845726013184,0.4493544101715088,0.47972679138183594,0.5506455898284912,0.5202732086181641,8.0,0.0,0.0,0.0,1.0,0.41666704416275024,0.0,0.41666701436042786,0.41666701436042786,0.5,0.0,0.5,0.5,0.5,0.0,0.5,0.5,0.17361140251159668,0.7919769287109375,0.25,fixed,Fixed Camera,base,16,/home/zhaoguodong/work/code/DiffPhysDrone/checkpoint/2026-04-22-11-52-18/checkpoint0017.pth
base,,0.4000000059604645,0.6000000238418579,0.3920993506908417,0.834807813167572,0.4525222182273865,0.474574476480484,0.5474777817726135,0.525425523519516,8.0,0.0,0.0,0.0,1.0,0.41666701436042786,0.0,0.41666701436042786,0.41666701436042786,0.5,0.0,0.5,0.5,0.5,0.0,0.5,0.5,0.17361138761043549,0.628259003162384,0.25,fixed,Fixed Camera,base,17,/home/zhaoguodong/work/code/DiffPhysDrone/checkpoint/2026-04-22-11-52-18/checkpoint0017.pth
base,,0.10000000149011612,0.9000000357627869,0.4151342809200287,0.8540274500846863,0.46031060814857483,0.4870252013206482,0.5396893918514252,0.5129747986793518,8.0,0.0,0.0,0.0,1.0,0.41666701436042786,0.0,0.41666701436042786,0.41666701436042786,0.5,0.0,0.5,0.5,0.5,0.0,0.5,0.5,0.17361138761043549,0.687530517578125,0.25,fixed,Fixed Camera,base,18,/home/zhaoguodong/work/code/DiffPhysDrone/checkpoint/2026-04-22-11-52-18/checkpoint0017.pth
base,,0.699999988079071,0.30000001192092896,0.40246081352233887,0.7457910180091858,0.4633246660232544,0.487209290266037,0.5366753339767456,0.512790709733963,8.0,0.0,0.0,0.0,1.0,0.41666701436042786,0.0,0.41666701436042786,0.41666701436042786,0.5,0.0,0.5,0.5,0.5,0.0,0.5,0.5,0.17361138761043549,0.6102455258369446,0.25,fixed,Fixed Camera,base,19,/home/zhaoguodong/work/code/DiffPhysDrone/checkpoint/2026-04-22-11-52-18/checkpoint0017.pth
sun_glare_l0,l0,1.0,0.0,0.5189315676689148,0.9274882674217224,0.5127496123313904,0.5161014795303345,0.4872503876686096,0.4838985204696655,5.466666666666667,0.0,0.1603226294197763,0.759959997733434,0.0,0.41666704416275024,0.0,0.41666701436042786,0.41666701436042786,0.5,0.0,0.5,0.5,0.5,0.0,0.5,0.5,0.17361141741275787,1.0175915956497192,0.25,fixed,Fixed Camera,sun_glare_l0,0,/home/zhaoguodong/work/code/DiffPhysDrone/checkpoint/2026-04-22-11-52-18/checkpoint0017.pth
sun_glare_l0,l0,1.0,0.0,0.5249409079551697,0.9370684027671814,0.5331923365592957,0.5378758907318115,0.46680766344070435,0.4621241092681885,5.6,0.0,0.14766161903583755,0.7753893474737803,0.0,0.41666704416275024,0.0,0.41666701436042786,0.41666701436042786,0.5,0.0,0.5,0.5,0.5,0.0,0.5,0.5,0.17361141741275787,1.0002422332763672,0.25,fixed,Fixed Camera,sun_glare_l0,1,/home/zhaoguodong/work/code/DiffPhysDrone/checkpoint/2026-04-22-11-52-18/checkpoint0017.pth
sun_glare_l0,l0,1.0,0.0,0.5304425358772278,0.9975931644439697,0.5119521021842957,0.5141441226005554,0.48804789781570435,0.4858558773994446,5.333333333333333,0.0,0.1394745363931482,0.7868888407945633,0.0,0.41666704416275024,0.0,0.41666701436042786,0.41666701436042786,0.5,0.0,0.5,0.5,0.5,0.0,0.5,0.5,0.17361141741275787,1.04262375831604,0.25,fixed,Fixed Camera,sun_glare_l0,2,/home/zhaoguodong/work/code/DiffPhysDrone/checkpoint/2026-04-22-11-52-18/checkpoint0017.pth
sun_glare_l0,l0,1.0,0.0,0.5188826322555542,0.9735498428344727,0.5230414867401123,0.5297273397445679,0.4769585132598877,0.47027266025543213,5.466666666666667,0.0,0.1508386926104625,0.7657167926430702,0.0,0.41666704416275024,0.0,0.41666701436042786,0.41666701436042786,0.5,0.0,0.5,0.5,0.5,0.0,0.5,0.5,0.17361141741275787,1.0007444620132446,0.25,fixed,Fixed Camera,sun_glare_l0,3,/home/zhaoguodong/work/code/DiffPhysDrone/checkpoint/2026-04-22-11-52-18/checkpoint0017.pth
sun_glare_l0,l0,1.0,0.0,0.5086366534233093,0.906233012676239,0.5369114279747009,0.5401639342308044,0.4630885720252991,0.45983606576919556,5.533333333333333,0.0,0.17481322477882108,0.7373776679237684,0.0,0.41666704416275024,0.0,0.41666701436042786,0.41666701436042786,0.5,0.0,0.5,0.5,0.5,0.0,0.5,0.5,0.17361141741275787,0.9594576358795166,0.25,fixed,Fixed Camera,sun_glare_l0,4,/home/zhaoguodong/work/code/DiffPhysDrone/checkpoint/2026-04-22-11-52-18/checkpoint0017.pth
sun_glare_l0,l0,1.0,0.0,0.5168656706809998,0.8968192338943481,0.501255989074707,0.5062790513038635,0.49874401092529297,0.4937209486961365,5.8,0.0,0.17163299933696788,0.7450085535645485,0.0,0.41666704416275024,0.0,0.41666701436042786,0.41666701436042786,0.5,0.0,0.5,0.5,0.5,0.0,0.5,0.5,0.17361141741275787,0.9460962414741516,0.25,fixed,Fixed Camera,sun_glare_l0,5,/home/zhaoguodong/work/code/DiffPhysDrone/checkpoint/2026-04-22-11-52-18/checkpoint0017.pth
sun_glare_l0,l0,1.0,0.0,0.5191370248794556,0.9687191247940063,0.518139660358429,0.5210506319999695,0.48186033964157104,0.4789493680000305,5.266666666666667,0.0,0.16300166981915634,0.76020446245869,0.0,0.41666704416275024,0.0,0.41666701436042786,0.41666701436042786,0.5,0.0,0.5,0.5,0.5,0.0,0.5,0.5,0.17361141741275787,1.019243836402893,0.25,fixed,Fixed Camera,sun_glare_l0,6,/home/zhaoguodong/work/code/DiffPhysDrone/checkpoint/2026-04-22-11-52-18/checkpoint0017.pth
sun_glare_l0,l0,1.0,0.0,0.5117085576057434,0.9258683323860168,0.5321940183639526,0.5387507677078247,0.46780598163604736,0.4612492322921753,5.0,0.0,0.14275345496522884,0.7862758579353492,0.0,0.41666704416275024,0.0,0.41666701436042786,0.41666701436042786,0.5,0.0,0.5,0.5,0.5,0.0,0.5,0.5,0.17361141741275787,1.016536831855774,0.25,fixed,Fixed Camera,sun_glare_l0,7,/home/zhaoguodong/work/code/DiffPhysDrone/checkpoint/2026-04-22-11-52-18/checkpoint0017.pth
sun_glare_l0,l0,1.0,0.0,0.5235112309455872,0.9975930452346802,0.5304009914398193,0.5357365012168884,0.46959900856018066,0.4642634987831116,5.266666666666667,0.0,0.1457782643303896,0.7753346043328444,0.0,0.41666704416275024,0.0,0.41666701436042786,0.41666701436042786,0.5,0.0,0.5,0.5,0.5,0.0,0.5,0.5,0.17361141741275787,1.030643343925476,0.25,fixed,Fixed Camera,sun_glare_l0,8,/home/zhaoguodong/work/code/DiffPhysDrone/checkpoint/2026-04-22-11-52-18/checkpoint0017.pth
sun_glare_l0,l0,1.0,0.0,0.5225752592086792,0.9508984088897705,0.5068414211273193,0.5112565755844116,0.49315857887268066,0.4887434244155884,5.533333333333333,0.0,0.13231608955344806,0.7916418234507243,0.0,0.41666704416275024,0.0,0.41666701436042786,0.41666701436042786,0.5,0.0,0.5,0.5,0.5,0.0,0.5,0.5,0.17361141741275787,1.0087863206863403,0.25,fixed,Fixed Camera,sun_glare_l0,9,/home/zhaoguodong/work/code/DiffPhysDrone/checkpoint/2026-04-22-11-52-18/checkpoint0017.pth
sun_glare_l0,l0,1.0,0.0,0.5193984508514404,0.9289695024490356,0.5302843451499939,0.5326182246208191,0.4697156548500061,0.4673817753791809,5.333333333333333,0.0,0.13878442567850774,0.7906751997768879,0.0,0.41666704416275024,0.0,0.41666701436042786,0.41666701436042786,0.5,0.0,0.5,0.5,0.5,0.0,0.5,0.5,0.17361141741275787,0.988637387752533,0.25,fixed,Fixed Camera,sun_glare_l0,10,/home/zhaoguodong/work/code/DiffPhysDrone/checkpoint/2026-04-22-11-52-18/checkpoint0017.pth
sun_glare_l0,l0,1.0,0.0,0.5299387574195862,0.9689983129501343,0.5306641459465027,0.536467969417572,0.4693358540534973,0.463532030582428,5.266666666666667,0.0,0.14297438234789298,0.7810836779574554,0.0,0.41666704416275024,0.0,0.41666701436042786,0.41666701436042786,0.5,0.0,0.5,0.5,0.5,0.0,0.5,0.5,0.17361141741275787,1.0342161655426025,0.25,fixed,Fixed Camera,sun_glare_l0,11,/home/zhaoguodong/work/code/DiffPhysDrone/checkpoint/2026-04-22-11-52-18/checkpoint0017.pth
sun_glare_l0,l0,1.0,0.0,0.5153982639312744,0.8384230732917786,0.5237874388694763,0.5266156196594238,0.4762125611305237,0.47338438034057617,5.666666666666667,0.0,0.15749230671208353,0.7579315525790056,0.0,0.41666704416275024,0.0,0.41666701436042786,0.41666701436042786,0.5,0.0,0.5,0.5,0.5,0.0,0.5,0.5,0.17361141741275787,0.9382133483886719,0.25,fixed,Fixed Camera,sun_glare_l0,12,/home/zhaoguodong/work/code/DiffPhysDrone/checkpoint/2026-04-22-11-52-18/checkpoint0017.pth
sun_glare_l0,l0,1.0,0.0,0.5055946111679077,0.9380607008934021,0.5299642086029053,0.5353513360023499,0.4700357913970947,0.46464866399765015,5.4,0.0,0.1686119713122025,0.753426193445921,0.0,0.41666704416275024,0.0,0.41666701436042786,0.41666701436042786,0.5,0.0,0.5,0.5,0.5,0.0,0.5,0.5,0.17361141741275787,0.9758628010749817,0.25,fixed,Fixed Camera,sun_glare_l0,13,/home/zhaoguodong/work/code/DiffPhysDrone/checkpoint/2026-04-22-11-52-18/checkpoint0017.pth
sun_glare_l0,l0,1.0,0.0,0.5203258395195007,0.9769733548164368,0.5352132320404053,0.5374715328216553,0.4647867679595947,0.4625284671783447,5.333333333333333,0.0,0.15996282891525576,0.7578013377885023,0.0,0.41666704416275024,0.0,0.41666701436042786,0.41666701436042786,0.5,0.0,0.5,0.5,0.5,0.0,0.5,0.5,0.17361141741275787,1.0491515398025513,0.25,fixed,Fixed Camera,sun_glare_l0,14,/home/zhaoguodong/work/code/DiffPhysDrone/checkpoint/2026-04-22-11-52-18/checkpoint0017.pth
sun_glare_l0,l0,1.0,0.0,0.5187789797782898,0.9543388485908508,0.5259549021720886,0.5325674414634705,0.4740450978279114,0.46743255853652954,5.6,0.0,0.16234571237194662,0.7607429859538873,0.0,0.41666704416275024,0.0,0.41666701436042786,0.41666701436042786,0.5,0.0,0.5,0.5,0.5,0.0,0.5,0.5,0.17361141741275787,0.9591676592826843,0.25,fixed,Fixed Camera,sun_glare_l0,15,/home/zhaoguodong/work/code/DiffPhysDrone/checkpoint/2026-04-22-11-52-18/checkpoint0017.pth
sun_glare_l0,l0,1.0,0.0,0.5205479860305786,0.9549504518508911,0.5373861193656921,0.5413743853569031,0.46261388063430786,0.4586256146430969,5.133333333333334,0.0,0.13701699077306936,0.7870127705236276,0.0,0.41666704416275024,0.0,0.41666701436042786,0.41666701436042786,0.5,0.0,0.5,0.5,0.5,0.0,0.5,0.5,0.17361141741275787,1.046310305595398,0.25,fixed,Fixed Camera,sun_glare_l0,16,/home/zhaoguodong/work/code/DiffPhysDrone/checkpoint/2026-04-22-11-52-18/checkpoint0017.pth
sun_glare_l0,l0,1.0,0.0,0.5193880796432495,0.965053141117096,0.5117622017860413,0.5164678692817688,0.48823779821395874,0.4835321307182312,5.266666666666667,0.0,0.1418646346059783,0.7894578675429026,0.0,0.41666704416275024,0.0,0.41666701436042786,0.41666701436042786,0.5,0.0,0.5,0.5,0.5,0.0,0.5,0.5,0.17361141741275787,1.0215680599212646,0.25,fixed,Fixed Camera,sun_glare_l0,17,/home/zhaoguodong/work/code/DiffPhysDrone/checkpoint/2026-04-22-11-52-18/checkpoint0017.pth
sun_glare_l0,l0,1.0,0.0,0.5199182629585266,0.9756523966789246,0.5372911691665649,0.5401596426963806,0.46270883083343506,0.4598403573036194,5.2,0.0,0.14123096735371898,0.7833390769859155,0.0,0.41666704416275024,0.0,0.41666701436042786,0.41666701436042786,0.5,0.0,0.5,0.5,0.5,0.0,0.5,0.5,0.17361141741275787,1.0514626502990723,0.25,fixed,Fixed Camera,sun_glare_l0,18,/home/zhaoguodong/work/code/DiffPhysDrone/checkpoint/2026-04-22-11-52-18/checkpoint0017.pth
sun_glare_l0,l0,1.0,0.0,0.5182091593742371,0.9029102325439453,0.5014432072639465,0.5055353045463562,0.49855679273605347,0.4944646954536438,5.6,0.0,0.15345801707201948,0.7682679312924544,0.0,0.41666704416275024,0.0,0.41666701436042786,0.41666701436042786,0.5,0.0,0.5,0.5,0.5,0.0,0.5,0.5,0.17361141741275787,0.965531587600708,0.25,fixed,Fixed Camera,sun_glare_l0,19,/home/zhaoguodong/work/code/DiffPhysDrone/checkpoint/2026-04-22-11-52-18/checkpoint0017.pth
sun_glare_l1,l1,1.0,0.0,0.5124214887619019,0.8535462021827698,0.507921040058136,0.5065025687217712,0.492078959941864,0.49349743127822876,5.666666666666667,0.0,0.1630283966466474,0.7636864572763443,0.0,0.41666704416275024,0.0,0.41666701436042786,0.41666701436042786,0.5,0.0,0.5,0.5,0.5,0.0,0.5,0.5,0.17361141741275787,0.9641660451889038,0.25,fixed,Fixed Camera,sun_glare_l1,0,/home/zhaoguodong/work/code/DiffPhysDrone/checkpoint/2026-04-22-11-52-18/checkpoint0017.pth
sun_glare_l1,l1,1.0,0.0,0.5237874984741211,0.9331632256507874,0.4929552376270294,0.4957538843154907,0.5070447623729706,0.5042461156845093,5.6,0.0,0.1357678214990301,0.7920018409689268,0.0,0.41666704416275024,0.0,0.41666701436042786,0.41666701436042786,0.5,0.0,0.5,0.5,0.5,0.0,0.5,0.5,0.17361141741275787,0.9802109003067017,0.25,fixed,Fixed Camera,sun_glare_l1,1,/home/zhaoguodong/work/code/DiffPhysDrone/checkpoint/2026-04-22-11-52-18/checkpoint0017.pth
sun_glare_l1,l1,1.0,0.0,0.5245608687400818,0.8990867137908936,0.47877606749534607,0.48142096400260925,0.5212239325046539,0.5185790359973907,5.733333333333333,0.0,0.1475005034628945,0.7784299063185851,0.0,0.41666704416275024,0.0,0.41666701436042786,0.41666701436042786,0.5,0.0,0.5,0.5,0.5,0.0,0.5,0.5,0.17361141741275787,0.9819490313529968,0.25,fixed,Fixed Camera,sun_glare_l1,2,/home/zhaoguodong/work/code/DiffPhysDrone/checkpoint/2026-04-22-11-52-18/checkpoint0017.pth
sun_glare_l1,l1,1.0,0.0,0.5096577405929565,1.0200697183609009,0.4819309115409851,0.4844515919685364,0.5180690884590149,0.5155484080314636,5.133333333333334,0.0,0.13597126277939728,0.798017430305481,0.0,0.41666704416275024,0.0,0.41666701436042786,0.41666701436042786,0.5,0.0,0.5,0.5,0.5,0.0,0.5,0.5,0.17361141741275787,1.0537426471710205,0.25,fixed,Fixed Camera,sun_glare_l1,3,/home/zhaoguodong/work/code/DiffPhysDrone/checkpoint/2026-04-22-11-52-18/checkpoint0017.pth
sun_glare_l1,l1,1.0,0.0,0.5248143076896667,0.9477793574333191,0.49049755930900574,0.49531638622283936,0.5095024406909943,0.5046836137771606,5.066666666666666,0.0,0.12411003430412772,0.8171952006717523,0.0,0.41666704416275024,0.0,0.41666701436042786,0.41666701436042786,0.5,0.0,0.5,0.5,0.5,0.0,0.5,0.5,0.17361141741275787,1.064287543296814,0.25,fixed,Fixed Camera,sun_glare_l1,4,/home/zhaoguodong/work/code/DiffPhysDrone/checkpoint/2026-04-22-11-52-18/checkpoint0017.pth
sun_glare_l1,l1,1.0,0.0,0.5198251008987427,0.8597917556762695,0.49216583371162415,0.49710720777511597,0.5078341662883759,0.502892792224884,5.666666666666667,0.0,0.17280225397941346,0.7525149332980315,0.0,0.41666704416275024,0.0,0.41666701436042786,0.41666701436042786,0.5,0.0,0.5,0.5,0.5,0.0,0.5,0.5,0.17361141741275787,0.9566118121147156,0.25,fixed,Fixed Camera,sun_glare_l1,5,/home/zhaoguodong/work/code/DiffPhysDrone/checkpoint/2026-04-22-11-52-18/checkpoint0017.pth
sun_glare_l1,l1,1.0,0.0,0.5284065008163452,0.9365482926368713,0.49561092257499695,0.49931055307388306,0.504389077425003,0.5006894469261169,5.266666666666667,0.0,0.14042366423333685,0.7948463767766952,0.0,0.41666704416275024,0.0,0.41666701436042786,0.41666701436042786,0.5,0.0,0.5,0.5,0.5,0.0,0.5,0.5,0.17361141741275787,1.034178376197815,0.25,fixed,Fixed Camera,sun_glare_l1,6,/home/zhaoguodong/work/code/DiffPhysDrone/checkpoint/2026-04-22-11-52-18/checkpoint0017.pth
sun_glare_l1,l1,1.0,0.0,0.5231581926345825,0.8984110355377197,0.5016357898712158,0.5070739984512329,0.4983642101287842,0.4929260015487671,5.666666666666667,0.0,0.16234788652121399,0.7715706430375576,0.0,0.41666704416275024,0.0,0.41666701436042786,0.41666701436042786,0.5,0.0,0.5,0.5,0.5,0.0,0.5,0.5,0.17361141741275787,0.9439595937728882,0.25,fixed,Fixed Camera,sun_glare_l1,7,/home/zhaoguodong/work/code/DiffPhysDrone/checkpoint/2026-04-22-11-52-18/checkpoint0017.pth
sun_glare_l1,l1,1.0,0.0,0.5080720782279968,1.002174973487854,0.4991835653781891,0.5037171244621277,0.5008164346218109,0.4962828755378723,5.2,0.0,0.14472132231264065,0.7882369793951511,0.0,0.41666704416275024,0.0,0.41666701436042786,0.41666701436042786,0.5,0.0,0.5,0.5,0.5,0.0,0.5,0.5,0.17361141741275787,1.0369797945022583,0.25,fixed,Fixed Camera,sun_glare_l1,8,/home/zhaoguodong/work/code/DiffPhysDrone/checkpoint/2026-04-22-11-52-18/checkpoint0017.pth
sun_glare_l1,l1,1.0,0.0,0.5222158432006836,0.9016032218933105,0.4840441048145294,0.48657628893852234,0.5159558951854706,0.5134237110614777,5.666666666666667,0.0,0.15265157310059294,0.7814367624620596,0.0,0.41666704416275024,0.0,0.41666701436042786,0.41666701436042786,0.5,0.0,0.5,0.5,0.5,0.0,0.5,0.5,0.17361141741275787,0.946695864200592,0.25,fixed,Fixed Camera,sun_glare_l1,9,/home/zhaoguodong/work/code/DiffPhysDrone/checkpoint/2026-04-22-11-52-18/checkpoint0017.pth
sun_glare_l1,l1,1.0,0.0,0.5290616154670715,1.039885401725769,0.500143826007843,0.5079764127731323,0.499856173992157,0.4920235872268677,5.2,0.0,0.1409496063987414,0.7970153133074442,0.0,0.41666704416275024,0.0,0.41666701436042786,0.41666701436042786,0.5,0.0,0.5,0.5,0.5,0.0,0.5,0.5,0.17361141741275787,1.0570706129074097,0.25,fixed,Fixed Camera,sun_glare_l1,10,/home/zhaoguodong/work/code/DiffPhysDrone/checkpoint/2026-04-22-11-52-18/checkpoint0017.pth
sun_glare_l1,l1,1.0,0.0,0.5167683362960815,0.9565927982330322,0.478000283241272,0.4839644432067871,0.521999716758728,0.5160355567932129,5.666666666666667,0.0,0.14435642273747362,0.7860034582515557,0.0,0.41666704416275024,0.0,0.41666701436042786,0.41666701436042786,0.5,0.0,0.5,0.5,0.5,0.0,0.5,0.5,0.17361141741275787,0.9632683396339417,0.25,fixed,Fixed Camera,sun_glare_l1,11,/home/zhaoguodong/work/code/DiffPhysDrone/checkpoint/2026-04-22-11-52-18/checkpoint0017.pth
sun_glare_l1,l1,1.0,0.0,0.5079346895217896,0.9608471393585205,0.5002604722976685,0.5072122812271118,0.49973952770233154,0.4927877187728882,5.133333333333334,0.0,0.12937427983852104,0.8055711892743905,0.0,0.41666704416275024,0.0,0.41666701436042786,0.41666701436042786,0.5,0.0,0.5,0.5,0.5,0.0,0.5,0.5,0.17361141741275787,1.022752046585083,0.25,fixed,Fixed Camera,sun_glare_l1,12,/home/zhaoguodong/work/code/DiffPhysDrone/checkpoint/2026-04-22-11-52-18/checkpoint0017.pth
sun_glare_l1,l1,1.0,0.0,0.522498369216919,0.9498159289360046,0.5216525793075562,0.5242148041725159,0.47834742069244385,0.47578519582748413,5.4,0.0,0.1554006570057633,0.7807458428045114,0.0,0.41666704416275024,0.0,0.41666701436042786,0.41666701436042786,0.5,0.0,0.5,0.5,0.5,0.0,0.5,0.5,0.17361141741275787,1.013218641281128,0.25,fixed,Fixed Camera,sun_glare_l1,13,/home/zhaoguodong/work/code/DiffPhysDrone/checkpoint/2026-04-22-11-52-18/checkpoint0017.pth
sun_glare_l1,l1,1.0,0.0,0.5085029006004333,1.0354087352752686,0.49108076095581055,0.494872123003006,0.5089192390441895,0.505127876996994,5.466666666666667,0.0,0.1515978274556498,0.7786302886903286,0.0,0.41666704416275024,0.0,0.41666701436042786,0.41666701436042786,0.5,0.0,0.5,0.5,0.5,0.0,0.5,0.5,0.17361141741275787,1.0156512260437012,0.25,fixed,Fixed Camera,sun_glare_l1,14,/home/zhaoguodong/work/code/DiffPhysDrone/checkpoint/2026-04-22-11-52-18/checkpoint0017.pth
sun_glare_l1,l1,1.0,0.0,0.49855735898017883,0.9315467476844788,0.48112526535987854,0.4818587303161621,0.5188747346401215,0.5181412696838379,5.866666666666666,0.0,0.1454107013104173,0.781046757598718,0.0,0.41666704416275024,0.0,0.41666701436042786,0.41666701436042786,0.5,0.0,0.5,0.5,0.5,0.0,0.5,0.5,0.17361141741275787,0.9003916382789612,0.25,fixed,Fixed Camera,sun_glare_l1,15,/home/zhaoguodong/work/code/DiffPhysDrone/checkpoint/2026-04-22-11-52-18/checkpoint0017.pth
sun_glare_l1,l1,1.0,0.0,0.5078328847885132,0.9449442625045776,0.51934415102005,0.5230555534362793,0.48065584897994995,0.4769444465637207,5.266666666666667,0.0,0.16321837927680463,0.7682373354832331,0.0,0.41666704416275024,0.0,0.41666701436042786,0.41666701436042786,0.5,0.0,0.5,0.5,0.5,0.0,0.5,0.5,0.17361141741275787,0.9995772838592529,0.25,fixed,Fixed Camera,sun_glare_l1,16,/home/zhaoguodong/work/code/DiffPhysDrone/checkpoint/2026-04-22-11-52-18/checkpoint0017.pth
sun_glare_l1,l1,1.0,0.0,0.5320229530334473,1.0328682661056519,0.5052056908607483,0.5080333352088928,0.4947943091392517,0.4919666647911072,5.2,0.0,0.13922242335587118,0.7949062724908192,0.0,0.41666704416275024,0.0,0.41666701436042786,0.41666701436042786,0.5,0.0,0.5,0.5,0.5,0.0,0.5,0.5,0.17361141741275787,1.0629808902740479,0.25,fixed,Fixed Camera,sun_glare_l1,17,/home/zhaoguodong/work/code/DiffPhysDrone/checkpoint/2026-04-22-11-52-18/checkpoint0017.pth
sun_glare_l1,l1,1.0,0.0,0.5287070870399475,0.9164147973060608,0.4983154535293579,0.49922654032707214,0.5016845464706421,0.5007734596729279,5.733333333333333,0.0,0.14209034140997875,0.7884959377348423,0.0,0.41666704416275024,0.0,0.41666701436042786,0.41666701436042786,0.5,0.0,0.5,0.5,0.5,0.0,0.5,0.5,0.17361141741275787,0.972878098487854,0.25,fixed,Fixed Camera,sun_glare_l1,18,/home/zhaoguodong/work/code/DiffPhysDrone/checkpoint/2026-04-22-11-52-18/checkpoint0017.pth
sun_glare_l1,l1,1.0,0.0,0.5064609050750732,0.9805788397789001,0.4864095449447632,0.4881189465522766,0.5135904550552368,0.5118810534477234,5.333333333333333,0.0,0.13893324459592502,0.7930360426505406,0.0,0.41666704416275024,0.0,0.41666701436042786,0.41666701436042786,0.5,0.0,0.5,0.5,0.5,0.0,0.5,0.5,0.17361141741275787,0.9988469481468201,0.25,fixed,Fixed Camera,sun_glare_l1,19,/home/zhaoguodong/work/code/DiffPhysDrone/checkpoint/2026-04-22-11-52-18/checkpoint0017.pth
sun_glare_l2,l2,1.0,0.0,0.5210889577865601,0.9533758163452148,0.4685737192630768,0.470996230840683,0.5314262807369232,0.529003769159317,5.466666666666667,0.0,0.12182877381759075,0.8221306599676609,0.0,0.41666704416275024,0.0,0.41666701436042786,0.41666701436042786,0.5,0.0,0.5,0.5,0.5,0.0,0.5,0.5,0.17361141741275787,0.9916042685508728,0.25,fixed,Fixed Camera,sun_glare_l2,0,/home/zhaoguodong/work/code/DiffPhysDrone/checkpoint/2026-04-22-11-52-18/checkpoint0017.pth
sun_glare_l2,l2,1.0,0.0,0.5097485780715942,0.9599978923797607,0.477647602558136,0.48077210783958435,0.522352397441864,0.5192278921604156,5.466666666666667,0.0,0.14082635082498504,0.7941870398819446,0.0,0.41666704416275024,0.0,0.41666701436042786,0.41666701436042786,0.5,0.0,0.5,0.5,0.5,0.0,0.5,0.5,0.17361141741275787,0.9528056383132935,0.25,fixed,Fixed Camera,sun_glare_l2,1,/home/zhaoguodong/work/code/DiffPhysDrone/checkpoint/2026-04-22-11-52-18/checkpoint0017.pth
sun_glare_l2,l2,1.0,0.0,0.5309053659439087,1.0476747751235962,0.4725152254104614,0.4799354672431946,0.5274847745895386,0.5200645327568054,5.2,0.0,0.13228238097120387,0.8091357784966627,0.0,0.41666704416275024,0.0,0.41666701436042786,0.41666701436042786,0.5,0.0,0.5,0.5,0.5,0.0,0.5,0.5,0.17361141741275787,1.0782506465911865,0.25,fixed,Fixed Camera,sun_glare_l2,2,/home/zhaoguodong/work/code/DiffPhysDrone/checkpoint/2026-04-22-11-52-18/checkpoint0017.pth
sun_glare_l2,l2,1.0,0.0,0.5151664614677429,0.84578937292099,0.4479818046092987,0.45560452342033386,0.5520181953907013,0.5443954765796661,5.933333333333334,0.0,0.16201237809921926,0.7655993610620498,0.0,0.41666704416275024,0.0,0.41666701436042786,0.41666701436042786,0.5,0.0,0.5,0.5,0.5,0.0,0.5,0.5,0.17361141741275787,0.9396032094955444,0.25,fixed,Fixed Camera,sun_glare_l2,3,/home/zhaoguodong/work/code/DiffPhysDrone/checkpoint/2026-04-22-11-52-18/checkpoint0017.pth
sun_glare_l2,l2,1.0,0.0,0.5149320363998413,0.9515564441680908,0.4671088755130768,0.476000040769577,0.5328911244869232,0.523999959230423,5.133333333333334,0.0,0.13377596319963533,0.8063287481665611,0.0,0.41666704416275024,0.0,0.41666701436042786,0.41666701436042786,0.5,0.0,0.5,0.5,0.5,0.0,0.5,0.5,0.17361141741275787,1.0292448997497559,0.25,fixed,Fixed Camera,sun_glare_l2,4,/home/zhaoguodong/work/code/DiffPhysDrone/checkpoint/2026-04-22-11-52-18/checkpoint0017.pth
sun_glare_l2,l2,1.0,0.0,0.5164483189582825,0.9831619262695312,0.47636720538139343,0.4781215786933899,0.5236327946186066,0.5218784213066101,5.266666666666667,0.0,0.13571067857167993,0.8045481537779172,0.0,0.41666704416275024,0.0,0.41666701436042786,0.41666701436042786,0.5,0.0,0.5,0.5,0.5,0.0,0.5,0.5,0.17361141741275787,1.0388380289077759,0.25,fixed,Fixed Camera,sun_glare_l2,5,/home/zhaoguodong/work/code/DiffPhysDrone/checkpoint/2026-04-22-11-52-18/checkpoint0017.pth
sun_glare_l2,l2,1.0,0.0,0.5201077461242676,0.9894536137580872,0.4907064437866211,0.4966261684894562,0.5092935562133789,0.5033738315105438,5.333333333333333,0.0,0.14044454138202128,0.8019646947582563,0.0,0.41666704416275024,0.0,0.41666701436042786,0.41666701436042786,0.5,0.0,0.5,0.5,0.5,0.0,0.5,0.5,0.17361141741275787,0.988960325717926,0.25,fixed,Fixed Camera,sun_glare_l2,6,/home/zhaoguodong/work/code/DiffPhysDrone/checkpoint/2026-04-22-11-52-18/checkpoint0017.pth
sun_glare_l2,l2,1.0,0.0,0.5189064741134644,1.0807392597198486,0.4820828437805176,0.4848403036594391,0.5179171562194824,0.5151596963405609,5.133333333333334,0.0,0.1193014681392621,0.8259894634286563,0.0,0.41666704416275024,0.0,0.41666701436042786,0.41666701436042786,0.5,0.0,0.5,0.5,0.5,0.0,0.5,0.5,0.17361141741275787,1.0847539901733398,0.25,fixed,Fixed Camera,sun_glare_l2,7,/home/zhaoguodong/work/code/DiffPhysDrone/checkpoint/2026-04-22-11-52-18/checkpoint0017.pth
sun_glare_l2,l2,1.0,0.0,0.5110945701599121,0.9906821250915527,0.4720730781555176,0.4801981747150421,0.5279269218444824,0.5198018252849579,5.133333333333334,0.0,0.14152723074657841,0.7961258836090565,0.0,0.41666704416275024,0.0,0.41666701436042786,0.41666701436042786,0.5,0.0,0.5,0.5,0.5,0.0,0.5,0.5,0.17361141741275787,1.022653579711914,0.25,fixed,Fixed Camera,sun_glare_l2,8,/home/zhaoguodong/work/code/DiffPhysDrone/checkpoint/2026-04-22-11-52-18/checkpoint0017.pth
sun_glare_l2,l2,1.0,0.0,0.5150327682495117,0.9144471287727356,0.4590413570404053,0.4653240740299225,0.5409586429595947,0.5346759259700775,5.666666666666667,0.0,0.1515715393567613,0.7751684958736101,0.0,0.41666704416275024,0.0,0.41666701436042786,0.41666701436042786,0.5,0.0,0.5,0.5,0.5,0.0,0.5,0.5,0.17361141741275787,0.9664790630340576,0.25,fixed,Fixed Camera,sun_glare_l2,9,/home/zhaoguodong/work/code/DiffPhysDrone/checkpoint/2026-04-22-11-52-18/checkpoint0017.pth
sun_glare_l2,l2,1.0,0.0,0.5128065347671509,0.8860047459602356,0.4696398079395294,0.4764150381088257,0.5303601920604706,0.5235849618911743,5.733333333333333,0.0,0.15766636203431214,0.7764832980930805,0.0,0.41666704416275024,0.0,0.41666701436042786,0.41666701436042786,0.5,0.0,0.5,0.5,0.5,0.0,0.5,0.5,0.17361141741275787,0.9527795314788818,0.25,fixed,Fixed Camera,sun_glare_l2,10,/home/zhaoguodong/work/code/DiffPhysDrone/checkpoint/2026-04-22-11-52-18/checkpoint0017.pth
sun_glare_l2,l2,1.0,0.0,0.5292581915855408,0.9118865132331848,0.4847358465194702,0.48441433906555176,0.5152641534805298,0.5155856609344482,5.666666666666667,0.0,0.14213978778473876,0.7991960277160008,0.0,0.41666704416275024,0.0,0.41666701436042786,0.41666701436042786,0.5,0.0,0.5,0.5,0.5,0.0,0.5,0.5,0.17361141741275787,0.9847308397293091,0.25,fixed,Fixed Camera,sun_glare_l2,11,/home/zhaoguodong/work/code/DiffPhysDrone/checkpoint/2026-04-22-11-52-18/checkpoint0017.pth
sun_glare_l2,l2,1.0,0.0,0.49836981296539307,0.8808459043502808,0.46248918771743774,0.46715793013572693,0.5375108122825623,0.5328420698642731,5.4,0.0,0.1435105682447708,0.7898868598043919,0.0,0.41666704416275024,0.0,0.41666701436042786,0.41666701436042786,0.5,0.0,0.5,0.5,0.5,0.0,0.5,0.5,0.17361141741275787,0.9522784352302551,0.25,fixed,Fixed Camera,sun_glare_l2,12,/home/zhaoguodong/work/code/DiffPhysDrone/checkpoint/2026-04-22-11-52-18/checkpoint0017.pth
sun_glare_l2,l2,1.0,0.0,0.5157928466796875,0.9290643930435181,0.48424482345581055,0.489861398935318,0.5157551765441895,0.510138601064682,5.266666666666667,0.0,0.145060197240673,0.7979047032694022,0.0,0.41666704416275024,0.0,0.41666701436042786,0.41666701436042786,0.5,0.0,0.5,0.5,0.5,0.0,0.5,0.5,0.17361141741275787,0.9950045943260193,0.25,fixed,Fixed Camera,sun_glare_l2,13,/home/zhaoguodong/work/code/DiffPhysDrone/checkpoint/2026-04-22-11-52-18/checkpoint0017.pth
sun_glare_l2,l2,1.0,0.0,0.5134806036949158,0.9244528412818909,0.4739122688770294,0.4779740869998932,0.5260877311229706,0.5220259130001068,5.466666666666667,0.0,0.1270756062779886,0.8103004701435566,0.0,0.41666704416275024,0.0,0.41666701436042786,0.41666701436042786,0.5,0.0,0.5,0.5,0.5,0.0,0.5,0.5,0.17361141741275787,0.9783186912536621,0.25,fixed,Fixed Camera,sun_glare_l2,14,/home/zhaoguodong/work/code/DiffPhysDrone/checkpoint/2026-04-22-11-52-18/checkpoint0017.pth
sun_glare_l2,l2,1.0,0.0,0.5178128480911255,0.9259673357009888,0.4637424349784851,0.46899157762527466,0.5362575650215149,0.5310084223747253,5.6,0.0,0.14687140918103977,0.7872320132950942,0.0,0.41666704416275024,0.0,0.41666701436042786,0.41666701436042786,0.5,0.0,0.5,0.5,0.5,0.0,0.5,0.5,0.17361141741275787,0.9781741499900818,0.25,fixed,Fixed Camera,sun_glare_l2,15,/home/zhaoguodong/work/code/DiffPhysDrone/checkpoint/2026-04-22-11-52-18/checkpoint0017.pth
sun_glare_l2,l2,1.0,0.0,0.5290319919586182,1.0519356727600098,0.4535699486732483,0.45998111367225647,0.5464300513267517,0.5400188863277435,5.466666666666667,0.0,0.12249929243310666,0.8112973277767499,0.0,0.41666704416275024,0.0,0.41666701436042786,0.41666701436042786,0.5,0.0,0.5,0.5,0.5,0.0,0.5,0.5,0.17361141741275787,1.066462516784668,0.25,fixed,Fixed Camera,sun_glare_l2,16,/home/zhaoguodong/work/code/DiffPhysDrone/checkpoint/2026-04-22-11-52-18/checkpoint0017.pth
sun_glare_l2,l2,1.0,0.0,0.5097724795341492,0.9815747141838074,0.47743603587150574,0.4819008708000183,0.5225639641284943,0.5180991291999817,5.2,0.0,0.13771405187435448,0.8066693422695,0.0,0.41666704416275024,0.0,0.41666701436042786,0.41666701436042786,0.5,0.0,0.5,0.5,0.5,0.0,0.5,0.5,0.17361141741275787,1.0164180994033813,0.25,fixed,Fixed Camera,sun_glare_l2,17,/home/zhaoguodong/work/code/DiffPhysDrone/checkpoint/2026-04-22-11-52-18/checkpoint0017.pth
sun_glare_l2,l2,1.0,0.0,0.5210445523262024,0.9212605953216553,0.4717203974723816,0.4793933033943176,0.5282796025276184,0.5206066966056824,5.466666666666667,0.0,0.1521191376358426,0.7852198419471582,0.0,0.41666704416275024,0.0,0.41666701436042786,0.41666701436042786,0.5,0.0,0.5,0.5,0.5,0.0,0.5,0.5,0.17361141741275787,0.997221827507019,0.25,fixed,Fixed Camera,sun_glare_l2,18,/home/zhaoguodong/work/code/DiffPhysDrone/checkpoint/2026-04-22-11-52-18/checkpoint0017.pth
sun_glare_l2,l2,1.0,0.0,0.5157672762870789,0.9096008539199829,0.463595986366272,0.4672723412513733,0.536404013633728,0.5327276587486267,5.4,0.0,0.13337544686122177,0.8065487392246723,0.0,0.41666704416275024,0.0,0.41666701436042786,0.41666701436042786,0.5,0.0,0.5,0.5,0.5,0.0,0.5,0.5,0.17361141741275787,0.9774149060249329,0.25,fixed,Fixed Camera,sun_glare_l2,19,/home/zhaoguodong/work/code/DiffPhysDrone/checkpoint/2026-04-22-11-52-18/checkpoint0017.pth
sun_glare_l3,l3,1.0,0.0,0.513529896736145,0.8891637921333313,0.46730688214302063,0.47053518891334534,0.5326931178569794,0.5294648110866547,5.333333333333333,0.0,0.14176995894376887,0.801793493082126,0.0,0.41666704416275024,0.0,0.41666701436042786,0.41666701436042786,0.5,0.0,0.5,0.5,0.5,0.0,0.5,0.5,0.17361141741275787,0.9955485463142395,0.25,fixed,Fixed Camera,sun_glare_l3,0,/home/zhaoguodong/work/code/DiffPhysDrone/checkpoint/2026-04-22-11-52-18/checkpoint0017.pth
sun_glare_l3,l3,1.0,0.0,0.5175061225891113,0.9823253750801086,0.4364827871322632,0.4435489773750305,0.5635172128677368,0.5564510226249695,5.266666666666667,0.0,0.12802142945195857,0.8139735750854016,0.0,0.41666704416275024,0.0,0.41666701436042786,0.41666701436042786,0.5,0.0,0.5,0.5,0.5,0.0,0.5,0.5,0.17361141741275787,1.0242904424667358,0.25,fixed,Fixed Camera,sun_glare_l3,1,/home/zhaoguodong/work/code/DiffPhysDrone/checkpoint/2026-04-22-11-52-18/checkpoint0017.pth
sun_glare_l3,l3,1.0,0.0,0.5255311131477356,0.9427980184555054,0.45897355675697327,0.4664553701877594,0.5410264432430267,0.5335446298122406,5.4,0.0,0.13775382025535995,0.8084871356685956,0.0,0.41666704416275024,0.0,0.41666701436042786,0.41666701436042786,0.5,0.0,0.5,0.5,0.5,0.0,0.5,0.5,0.17361141741275787,1.0054469108581543,0.25,fixed,Fixed Camera,sun_glare_l3,2,/home/zhaoguodong/work/code/DiffPhysDrone/checkpoint/2026-04-22-11-52-18/checkpoint0017.pth
sun_glare_l3,l3,1.0,0.0,0.5299472212791443,0.9592537879943848,0.4515787959098816,0.45687124133110046,0.5484212040901184,0.5431287586688995,5.2,0.0,0.13461122928614108,0.8141088585058848,0.0,0.41666704416275024,0.0,0.41666701436042786,0.41666701436042786,0.5,0.0,0.5,0.5,0.5,0.0,0.5,0.5,0.17361141741275787,1.0535085201263428,0.25,fixed,Fixed Camera,sun_glare_l3,3,/home/zhaoguodong/work/code/DiffPhysDrone/checkpoint/2026-04-22-11-52-18/checkpoint0017.pth
sun_glare_l3,l3,1.0,0.0,0.526801586151123,0.8924484848976135,0.4616808295249939,0.46653619408607483,0.5383191704750061,0.5334638059139252,5.6,0.0,0.15150751725789935,0.7922778733074665,0.0,0.41666704416275024,0.0,0.41666701436042786,0.41666701436042786,0.5,0.0,0.5,0.5,0.5,0.0,0.5,0.5,0.17361141741275787,1.0053597688674927,0.25,fixed,Fixed Camera,sun_glare_l3,4,/home/zhaoguodong/work/code/DiffPhysDrone/checkpoint/2026-04-22-11-52-18/checkpoint0017.pth
sun_glare_l3,l3,1.0,0.0,0.5224208831787109,0.9021674394607544,0.44587138295173645,0.4509372413158417,0.5541286170482635,0.5490627586841583,5.6,0.0,0.1434024772121726,0.8001155234873295,0.0,0.41666704416275024,0.0,0.41666701436042786,0.41666701436042786,0.5,0.0,0.5,0.5,0.5,0.0,0.5,0.5,0.17361141741275787,0.9758681058883667,0.25,fixed,Fixed Camera,sun_glare_l3,5,/home/zhaoguodong/work/code/DiffPhysDrone/checkpoint/2026-04-22-11-52-18/checkpoint0017.pth
sun_glare_l3,l3,1.0,0.0,0.5129965543746948,0.9885439276695251,0.4609104096889496,0.4639498293399811,0.5390895903110504,0.5360501706600189,5.066666666666666,0.0,0.136543518450344,0.8120103140672048,0.0,0.41666704416275024,0.0,0.41666701436042786,0.41666701436042786,0.5,0.0,0.5,0.5,0.5,0.0,0.5,0.5,0.17361141741275787,1.0335443019866943,0.25,fixed,Fixed Camera,sun_glare_l3,6,/home/zhaoguodong/work/code/DiffPhysDrone/checkpoint/2026-04-22-11-52-18/checkpoint0017.pth
sun_glare_l3,l3,1.0,0.0,0.5290551781654358,1.0069528818130493,0.4434163570404053,0.44661441445350647,0.5565836429595947,0.5533855855464935,5.466666666666667,0.0,0.13496662067918805,0.8122895943621794,0.0,0.41666704416275024,0.0,0.41666701436042786,0.41666701436042786,0.5,0.0,0.5,0.5,0.5,0.0,0.5,0.5,0.17361141741275787,1.0511997938156128,0.25,fixed,Fixed Camera,sun_glare_l3,7,/home/zhaoguodong/work/code/DiffPhysDrone/checkpoint/2026-04-22-11-52-18/checkpoint0017.pth
sun_glare_l3,l3,1.0,0.0,0.5185344219207764,0.9417665600776672,0.4441705048084259,0.45227429270744324,0.5558294951915741,0.5477257072925568,5.4,0.0,0.14523069423351748,0.7980776280164719,0.0,0.41666704416275024,0.0,0.41666701436042786,0.41666701436042786,0.5,0.0,0.5,0.5,0.5,0.0,0.5,0.5,0.17361141741275787,1.0199213027954102,0.25,fixed,Fixed Camera,sun_glare_l3,8,/home/zhaoguodong/work/code/DiffPhysDrone/checkpoint/2026-04-22-11-52-18/checkpoint0017.pth
sun_glare_l3,l3,1.0,0.0,0.5254363417625427,0.9682550430297852,0.46733948588371277,0.4724661111831665,0.5326605141162872,0.5275338888168335,5.133333333333334,0.0,0.14425057100112706,0.8065412394702435,0.0,0.41666704416275024,0.0,0.41666701436042786,0.41666701436042786,0.5,0.0,0.5,0.5,0.5,0.0,0.5,0.5,0.17361141741275787,1.0590795278549194,0.25,fixed,Fixed Camera,sun_glare_l3,9,/home/zhaoguodong/work/code/DiffPhysDrone/checkpoint/2026-04-22-11-52-18/checkpoint0017.pth
sun_glare_l3,l3,1.0,0.0,0.5126960277557373,0.8956755995750427,0.4329509139060974,0.4379345774650574,0.5670490860939026,0.5620654225349426,5.666666666666667,0.0,0.1422684557454583,0.7971146774788698,0.0,0.41666704416275024,0.0,0.41666701436042786,0.41666701436042786,0.5,0.0,0.5,0.5,0.5,0.0,0.5,0.5,0.17361141741275787,0.9469674229621887,0.25,fixed,Fixed Camera,sun_glare_l3,10,/home/zhaoguodong/work/code/DiffPhysDrone/checkpoint/2026-04-22-11-52-18/checkpoint0017.pth
sun_glare_l3,l3,1.0,0.0,0.5115308165550232,0.9301333427429199,0.44271108508110046,0.44620808959007263,0.5572889149188995,0.5537919104099274,5.266666666666667,0.0,0.12114626555897606,0.8273083932697773,0.0,0.41666704416275024,0.0,0.41666701436042786,0.41666701436042786,0.5,0.0,0.5,0.5,0.5,0.0,0.5,0.5,0.17361141741275787,0.9963420033454895,0.25,fixed,Fixed Camera,sun_glare_l3,11,/home/zhaoguodong/work/code/DiffPhysDrone/checkpoint/2026-04-22-11-52-18/checkpoint0017.pth
sun_glare_l3,l3,1.0,0.0,0.5306366086006165,0.9695888161659241,0.45676544308662415,0.46095114946365356,0.5432345569133759,0.5390488505363464,5.333333333333333,0.0,0.15249262800013336,0.7934371024370194,0.0,0.41666704416275024,0.0,0.41666701436042786,0.41666701436042786,0.5,0.0,0.5,0.5,0.5,0.0,0.5,0.5,0.17361141741275787,1.0360697507858276,0.25,fixed,Fixed Camera,sun_glare_l3,12,/home/zhaoguodong/work/code/DiffPhysDrone/checkpoint/2026-04-22-11-52-18/checkpoint0017.pth
sun_glare_l3,l3,1.0,0.0,0.5167317986488342,1.004868507385254,0.44410809874534607,0.4452420175075531,0.5558919012546539,0.5547579824924469,5.266666666666667,0.0,0.11387873238030201,0.831253823141257,0.0,0.41666704416275024,0.0,0.41666701436042786,0.41666701436042786,0.5,0.0,0.5,0.5,0.5,0.0,0.5,0.5,0.17361141741275787,1.0245006084442139,0.25,fixed,Fixed Camera,sun_glare_l3,13,/home/zhaoguodong/work/code/DiffPhysDrone/checkpoint/2026-04-22-11-52-18/checkpoint0017.pth
sun_glare_l3,l3,1.0,0.0,0.5245311856269836,0.9455469250679016,0.4427626132965088,0.4482156038284302,0.5572373867034912,0.5517843961715698,5.6,0.0,0.13493309873738327,0.8107945668200652,0.0,0.41666704416275024,0.0,0.41666701436042786,0.41666701436042786,0.5,0.0,0.5,0.5,0.5,0.0,0.5,0.5,0.17361141741275787,0.9790880084037781,0.25,fixed,Fixed Camera,sun_glare_l3,14,/home/zhaoguodong/work/code/DiffPhysDrone/checkpoint/2026-04-22-11-52-18/checkpoint0017.pth
sun_glare_l3,l3,1.0,0.0,0.5165066123008728,1.0009442567825317,0.4469347298145294,0.44910427927970886,0.5530652701854706,0.5508957207202911,5.266666666666667,0.0,0.12208191755538185,0.8245512177546819,0.0,0.41666704416275024,0.0,0.41666701436042786,0.41666701436042786,0.5,0.0,0.5,0.5,0.5,0.0,0.5,0.5,0.17361141741275787,1.0378494262695312,0.25,fixed,Fixed Camera,sun_glare_l3,15,/home/zhaoguodong/work/code/DiffPhysDrone/checkpoint/2026-04-22-11-52-18/checkpoint0017.pth
sun_glare_l3,l3,1.0,0.0,0.5283973217010498,1.0328552722930908,0.4398763179779053,0.444707453250885,0.5601236820220947,0.555292546749115,5.533333333333333,0.0,0.12313016449916177,0.8254080158968766,0.0,0.41666704416275024,0.0,0.41666701436042786,0.41666701436042786,0.5,0.0,0.5,0.5,0.5,0.0,0.5,0.5,0.17361141741275787,1.0200130939483643,0.25,fixed,Fixed Camera,sun_glare_l3,16,/home/zhaoguodong/work/code/DiffPhysDrone/checkpoint/2026-04-22-11-52-18/checkpoint0017.pth
sun_glare_l3,l3,1.0,0.0,0.5321263670921326,0.9959827661514282,0.44138190150260925,0.4477263391017914,0.5586180984973907,0.5522736608982086,5.533333333333333,0.0,0.1244997431509546,0.8165700095395247,0.0,0.41666704416275024,0.0,0.41666701436042786,0.41666701436042786,0.5,0.0,0.5,0.5,0.5,0.0,0.5,0.5,0.17361141741275787,1.0336875915527344,0.25,fixed,Fixed Camera,sun_glare_l3,17,/home/zhaoguodong/work/code/DiffPhysDrone/checkpoint/2026-04-22-11-52-18/checkpoint0017.pth
sun_glare_l3,l3,1.0,0.0,0.524992823600769,0.9362116456031799,0.4420979917049408,0.44897517561912537,0.5579020082950592,0.5510248243808746,5.466666666666667,0.0,0.15294918293172183,0.7868849056462447,0.0,0.41666704416275024,0.0,0.41666701436042786,0.41666701436042786,0.5,0.0,0.5,0.5,0.5,0.0,0.5,0.5,0.17361141741275787,0.9942836761474609,0.25,fixed,Fixed Camera,sun_glare_l3,18,/home/zhaoguodong/work/code/DiffPhysDrone/checkpoint/2026-04-22-11-52-18/checkpoint0017.pth
sun_glare_l3,l3,1.0,0.0,0.5183907747268677,0.9391061067581177,0.46556809544563293,0.46309104561805725,0.5344319045543671,0.5369089543819427,5.4,0.0,0.1265151816235933,0.8113665416836738,0.0,0.41666704416275024,0.0,0.41666701436042786,0.41666701436042786,0.5,0.0,0.5,0.5,0.5,0.0,0.5,0.5,0.17361141741275787,1.0189316272735596,0.25,fixed,Fixed Camera,sun_glare_l3,19,/home/zhaoguodong/work/code/DiffPhysDrone/checkpoint/2026-04-22-11-52-18/checkpoint0017.pth
base,,0.9000000357627869,0.10000000149011612,0.413225382566452,0.8556901216506958,0.44729071855545044,0.47207993268966675,0.5527092814445496,0.5279200673103333,8.0,0.0,0.0,0.0,1.0,0.414167195558548,0.0007571294554509223,0.41327911615371704,0.4161786139011383,0.46330526471138,0.021793149411678314,0.4287293255329132,0.4954589903354645,0.137609601020813,0.05438091605901718,0.10134167224168777,0.3576400578022003,0.17153507471084595,0.5605491995811462,0.021893680095672607,nondiff,Non-Diff Active,base,0,/home/zhaoguodong/work/code/DiffPhysDrone/checkpoint/2026-04-22-13-00-37/checkpoint0049.pth
base,,0.9000000357627869,0.10000000149011612,0.44214901328086853,0.8912644386291504,0.4465739130973816,0.46992313861846924,0.5534260869026184,0.5300768613815308,8.0,0.0,0.0,0.0,1.0,0.4150262773036957,0.00044453685404732823,0.41449660062789917,0.4161786139011383,0.46334904432296753,0.022063670679926872,0.4277978241443634,0.4954589903354645,0.13782083988189697,0.056701939553022385,0.10130905359983444,0.357626348733902,0.1722470223903656,0.6261016726493835,0.022209692746400833,nondiff,Non-Diff Active,base,1,/home/zhaoguodong/work/code/DiffPhysDrone/checkpoint/2026-04-22-13-00-37/checkpoint0049.pth
base,,0.20000000298023224,0.800000011920929,0.42396479845046997,0.8875755667686462,0.4312105178833008,0.4675542712211609,0.5687894821166992,0.5324457287788391,8.0,0.0,0.0,0.0,1.0,0.41498324275016785,0.0007022768841125071,0.4139960706233978,0.4161786139011383,0.46459272503852844,0.021570837125182152,0.4312356412410736,0.4954589903354645,0.13716086745262146,0.05245872586965561,0.10139939188957214,0.357626348733902,0.17221158742904663,0.6079632043838501,0.021565016359090805,nondiff,Non-Diff Active,base,2,/home/zhaoguodong/work/code/DiffPhysDrone/checkpoint/2026-04-22-13-00-37/checkpoint0049.pth
base,,0.6000000238418579,0.4000000059604645,0.43621203303337097,0.9081122279167175,0.4402293860912323,0.46803227066993713,0.5597706139087677,0.5319677293300629,8.0,0.0,0.0,0.0,1.0,0.41433846950531006,0.0006178613984957337,0.41370487213134766,0.4161786139011383,0.46421435475349426,0.022145865485072136,0.42759817838668823,0.4954589903354645,0.13901305198669434,0.05409153178334236,0.10147405415773392,0.3576400578022003,0.17167674005031586,0.6355963945388794,0.022250525653362274,nondiff,Non-Diff Active,base,3,/home/zhaoguodong/work/code/DiffPhysDrone/checkpoint/2026-04-22-13-00-37/checkpoint0049.pth
base,,0.800000011920929,0.20000000298023224,0.43477651476860046,0.9223533272743225,0.45287761092185974,0.47531431913375854,0.5471223890781403,0.5246856808662415,8.0,0.0,0.0,0.0,1.0,0.41470474004745483,0.0006314664497040212,0.4140714704990387,0.4161786139011383,0.4633186161518097,0.021671894937753677,0.4270896911621094,0.4952392578125,0.1382022202014923,0.055483054369688034,0.10112413763999939,0.35765379667282104,0.17198041081428528,0.6250694394111633,0.022178225219249725,nondiff,Non-Diff Active,base,4,/home/zhaoguodong/work/code/DiffPhysDrone/checkpoint/2026-04-22-13-00-37/checkpoint0049.pth
base,,0.5,0.5,0.39793404936790466,0.8506056070327759,0.4376162886619568,0.46799933910369873,0.5623837113380432,0.5320006608963013,8.0,0.0,0.0,0.0,1.0,0.4149826765060425,0.0005476058577187359,0.41412660479545593,0.4161786139011383,0.46544983983039856,0.020709935575723648,0.4313085675239563,0.4952392578125,0.1350785344839096,0.052979059517383575,0.10093501955270767,0.3576675355434418,0.1722109168767929,0.5583110451698303,0.021052995696663857,nondiff,Non-Diff Active,base,5,/home/zhaoguodong/work/code/DiffPhysDrone/checkpoint/2026-04-22-13-00-37/checkpoint0049.pth
base,,0.699999988079071,0.30000001192092896,0.4348714351654053,0.935938835144043,0.4419822096824646,0.47367149591445923,0.5580177903175354,0.5263285040855408,8.0,0.0,0.0,0.0,1.0,0.41475290060043335,0.0005569960339926183,0.4140287935733795,0.4161786139011383,0.4637088179588318,0.02212425321340561,0.4275808334350586,0.49531251192092896,0.13778617978096008,0.054407570511102676,0.10127852857112885,0.35765379667282104,0.17202025651931763,0.6295810341835022,0.02194521389901638,nondiff,Non-Diff Active,base,6,/home/zhaoguodong/work/code/DiffPhysDrone/checkpoint/2026-04-22-13-00-37/checkpoint0049.pth
base,,0.0,1.0,0.46944063901901245,0.9088377356529236,0.4446223974227905,0.48145925998687744,0.5553776025772095,0.5185407400131226,8.0,0.0,0.0,0.0,1.0,0.41493093967437744,0.0006335795042105019,0.4141112267971039,0.4161786139011383,0.4609585404396057,0.022952577099204063,0.42621856927871704,0.4953857362270355,0.13799244165420532,0.05546262860298157,0.10175000131130219,0.3576400578022003,0.1721680760383606,0.6885517835617065,0.022118015214800835,nondiff,Non-Diff Active,base,7,/home/zhaoguodong/work/code/DiffPhysDrone/checkpoint/2026-04-22-13-00-37/checkpoint0049.pth
base,,0.6000000238418579,0.4000000059604645,0.419096440076828,0.8991159200668335,0.4514857828617096,0.4720749855041504,0.5485142171382904,0.5279250144958496,8.0,0.0,0.0,0.0,1.0,0.41551801562309265,0.0008512951317243278,0.4144291877746582,0.41725799441337585,0.4668556749820709,0.018711574375629425,0.43777066469192505,0.4952392578125,0.13701552152633667,0.05266304314136505,0.10085346549749374,0.3576675355434418,0.17265596985816956,0.5980507135391235,0.02154664508998394,nondiff,Non-Diff Active,base,8,/home/zhaoguodong/work/code/DiffPhysDrone/checkpoint/2026-04-22-13-00-37/checkpoint0049.pth
base,,0.6000000238418579,0.4000000059604645,0.41084232926368713,0.8909974098205566,0.45711567997932434,0.4753423035144806,0.5428843200206757,0.5246576964855194,8.0,0.0,0.0,0.0,1.0,0.41484376788139343,0.000605200242716819,0.41410520672798157,0.4161786139011383,0.46643081307411194,0.019697198644280434,0.4344465732574463,0.4952392578125,0.13813389837741852,0.05327951908111572,0.10119162499904633,0.35765379667282104,0.17209573090076447,0.570470929145813,0.021919678896665573,nondiff,Non-Diff Active,base,9,/home/zhaoguodong/work/code/DiffPhysDrone/checkpoint/2026-04-22-13-00-37/checkpoint0049.pth
base,,0.5,0.5,0.41688308119773865,0.8368922472000122,0.44457706809043884,0.48113176226615906,0.5554229319095612,0.5188682377338409,8.0,0.0,0.0,0.0,1.0,0.41487905383110046,0.0005027516162954271,0.4143480062484741,0.4161786139011383,0.46403616666793823,0.020382145419716835,0.43244117498397827,0.4953857362270355,0.13646097481250763,0.053617581725120544,0.10147663950920105,0.357626348733902,0.17212487757205963,0.5699546337127686,0.02149643935263157,nondiff,Non-Diff Active,base,10,/home/zhaoguodong/work/code/DiffPhysDrone/checkpoint/2026-04-22-13-00-37/checkpoint0049.pth
base,,0.5,0.5,0.4204002916812897,0.8509558439254761,0.4305764436721802,0.4654812216758728,0.5694235563278198,0.5345187783241272,8.0,0.0,0.0,0.0,1.0,0.41420474648475647,0.0007452015415765345,0.41337358951568604,0.4161786139011383,0.46259328722953796,0.02198537439107895,0.4279787838459015,0.4954589903354645,0.13714614510536194,0.054508086293935776,0.1011991947889328,0.357626348733902,0.17156612873077393,0.5783864855766296,0.02178019843995571,nondiff,Non-Diff Active,base,11,/home/zhaoguodong/work/code/DiffPhysDrone/checkpoint/2026-04-22-13-00-37/checkpoint0049.pth
base,,0.4000000059604645,0.6000000238418579,0.44496971368789673,0.8711475729942322,0.4444173574447632,0.47689586877822876,0.5555826425552368,0.5231041312217712,8.0,0.0,0.0,0.0,1.0,0.41406404972076416,0.000712872133590281,0.4133029282093048,0.4161786139011383,0.462416410446167,0.0216080192476511,0.42881011962890625,0.49516600370407104,0.13919119536876678,0.05637615919113159,0.10164821147918701,0.3576675355434418,0.17144954204559326,0.624690055847168,0.022552458569407463,nondiff,Non-Diff Active,base,12,/home/zhaoguodong/work/code/DiffPhysDrone/checkpoint/2026-04-22-13-00-37/checkpoint0049.pth
base,,0.0,1.0,0.4565171003341675,0.899250864982605,0.4252679646015167,0.4705139994621277,0.5747320353984833,0.5294860005378723,8.0,0.0,0.0,0.0,1.0,0.41448256373405457,0.0005315949092619121,0.41387003660202026,0.4161786139011383,0.46307507157325745,0.022287147119641304,0.42993414402008057,0.4953857362270355,0.13900481164455414,0.05416330695152283,0.10136839747428894,0.35765379667282104,0.1717960685491562,0.6756613254547119,0.022255996242165565,nondiff,Non-Diff Active,base,13,/home/zhaoguodong/work/code/DiffPhysDrone/checkpoint/2026-04-22-13-00-37/checkpoint0049.pth
base,,0.10000000149011612,0.9000000357627869,0.4577901065349579,0.9396481513977051,0.4378631114959717,0.47264930605888367,0.5621368885040283,0.5273506939411163,8.0,0.0,0.0,0.0,1.0,0.41474857926368713,0.0006051224190741777,0.4141273498535156,0.4161786139011383,0.4625590443611145,0.022231707349419594,0.42720910906791687,0.49531251192092896,0.13858924806118011,0.05436215177178383,0.10094212740659714,0.35765379667282104,0.17201673984527588,0.6868177652359009,0.022162221372127533,nondiff,Non-Diff Active,base,14,/home/zhaoguodong/work/code/DiffPhysDrone/checkpoint/2026-04-22-13-00-37/checkpoint0049.pth
base,,0.9000000357627869,0.10000000149011612,0.4427172839641571,0.9004075527191162,0.4381901025772095,0.46868330240249634,0.5618098974227905,0.5313166975975037,8.0,0.0,0.0,0.0,1.0,0.4148171842098236,0.000717752322088927,0.4140735864639282,0.4161786139011383,0.46244490146636963,0.02184433303773403,0.42923128604888916,0.4953857362270355,0.13803838193416595,0.05551627278327942,0.10110214352607727,0.35761260986328125,0.17207381129264832,0.6338139772415161,0.02213665470480919,nondiff,Non-Diff Active,base,15,/home/zhaoguodong/work/code/DiffPhysDrone/checkpoint/2026-04-22-13-00-37/checkpoint0049.pth
base,,0.0,1.0,0.4540264904499054,0.9799783229827881,0.4347080886363983,0.47094783186912537,0.5652919113636017,0.5290521681308746,8.0,0.0,0.0,0.0,1.0,0.4143272936344147,0.0007272362126968801,0.4134956896305084,0.4161786139011383,0.46201974153518677,0.02394513599574566,0.4207676649093628,0.49531251192092896,0.13838723301887512,0.05424909666180611,0.10155270248651505,0.3576675355434418,0.1716676503419876,0.6847179532051086,0.022093994542956352,nondiff,Non-Diff Active,base,16,/home/zhaoguodong/work/code/DiffPhysDrone/checkpoint/2026-04-22-13-00-37/checkpoint0049.pth
base,,0.0,1.0,0.4423045516014099,0.8574119806289673,0.43191611766815186,0.48079097270965576,0.5680838823318481,0.5192090272903442,8.0,0.0,0.0,0.0,1.0,0.41439133882522583,0.0005906840087845922,0.41378432512283325,0.4161786139011383,0.4622819721698761,0.021168243139982224,0.4316565692424774,0.49516600370407104,0.13787317276000977,0.054433271288871765,0.10125834494829178,0.3576675355434418,0.1717205047607422,0.6207305192947388,0.021971993148326874,nondiff,Non-Diff Active,base,17,/home/zhaoguodong/work/code/DiffPhysDrone/checkpoint/2026-04-22-13-00-37/checkpoint0049.pth
base,,0.20000000298023224,0.800000011920929,0.453840970993042,0.9153390526771545,0.43850165605545044,0.47502633929252625,0.5614983439445496,0.5249736607074738,8.0,0.0,0.0,0.0,1.0,0.4145582318305969,0.0005648398655466735,0.413815438747406,0.4161786139011383,0.46326228976249695,0.022196045145392418,0.4289993345737457,0.4952392578125,0.13927023112773895,0.05413788557052612,0.1012982502579689,0.3576675355434418,0.17185884714126587,0.6702672243118286,0.022327112033963203,nondiff,Non-Diff Active,base,18,/home/zhaoguodong/work/code/DiffPhysDrone/checkpoint/2026-04-22-13-00-37/checkpoint0049.pth
base,,0.5,0.5,0.45214447379112244,0.904893159866333,0.43759116530418396,0.46912264823913574,0.562408834695816,0.5308773517608643,8.0,0.0,0.0,0.0,1.0,0.4148204028606415,0.000619549653492868,0.41392600536346436,0.4161786139011383,0.462567538022995,0.02255721390247345,0.42802202701568604,0.49531251192092896,0.13893316686153412,0.05524664744734764,0.10158542543649673,0.3576400578022003,0.17207637429237366,0.6539716720581055,0.022354615852236748,nondiff,Non-Diff Active,base,19,/home/zhaoguodong/work/code/DiffPhysDrone/checkpoint/2026-04-22-13-00-37/checkpoint0049.pth
sun_glare_l0,l0,1.0,0.0,0.5362793207168579,1.0226417779922485,0.5151177644729614,0.5196499228477478,0.4848822355270386,0.4803500771522522,5.266666666666667,0.0,0.1634437207598239,0.7652023583650589,0.0,0.4139843285083771,0.001057364046573639,0.41127872467041016,0.4160321354866028,0.4509441554546356,0.037004776298999786,0.39961132407188416,0.5004388093948364,0.126718208193779,0.026035724207758904,0.10165686905384064,0.3576400578022003,0.17138414084911346,0.8285589814186096,0.016735360026359558,nondiff,Non-Diff Active,sun_glare_l0,0,/home/zhaoguodong/work/code/DiffPhysDrone/checkpoint/2026-04-22-13-00-37/checkpoint0049.pth
sun_glare_l0,l0,1.0,0.0,0.5396071672439575,0.9936889410018921,0.5418077707290649,0.5453830361366272,0.45819222927093506,0.4546169638633728,5.4,0.0,0.14759221243827295,0.7816451696058114,0.0,0.4129942059516907,0.0015412903157994151,0.41032156348228455,0.4160321354866028,0.4495932161808014,0.03646063432097435,0.39916956424713135,0.49728327989578247,0.12655310332775116,0.02614068053662777,0.10074946284294128,0.3576675355434418,0.1705666035413742,0.8116942644119263,0.01669902354478836,nondiff,Non-Diff Active,sun_glare_l0,1,/home/zhaoguodong/work/code/DiffPhysDrone/checkpoint/2026-04-22-13-00-37/checkpoint0049.pth
sun_glare_l0,l0,1.0,0.0,0.5436837077140808,1.0345274209976196,0.5180284976959229,0.5214172601699829,0.48197150230407715,0.4785827398300171,5.133333333333334,0.0,0.14064276412439844,0.7923589604596297,0.0,0.4140565097332001,0.0006623136578127742,0.41253602504730225,0.4160321354866028,0.4505368769168854,0.035869065672159195,0.3982023596763611,0.4952392578125,0.12689103186130524,0.02597269043326378,0.10157828032970428,0.35765379667282104,0.17144322395324707,0.8402175307273865,0.016775915399193764,nondiff,Non-Diff Active,sun_glare_l0,2,/home/zhaoguodong/work/code/DiffPhysDrone/checkpoint/2026-04-22-13-00-37/checkpoint0049.pth
sun_glare_l0,l0,1.0,0.0,0.5329043865203857,1.0175566673278809,0.5296549797058105,0.5356955528259277,0.47034502029418945,0.46430444717407227,5.266666666666667,0.0,0.15417043416916082,0.7693574021259943,0.0,0.4128663241863251,0.0018966956995427608,0.40966811776161194,0.4167676270008087,0.45106279850006104,0.036181189119815826,0.39800167083740234,0.4993802309036255,0.12740808725357056,0.02602962963283062,0.10166555643081665,0.3576400578022003,0.17046217620372772,0.8129289150238037,0.016910362988710403,nondiff,Non-Diff Active,sun_glare_l0,3,/home/zhaoguodong/work/code/DiffPhysDrone/checkpoint/2026-04-22-13-00-37/checkpoint0049.pth
sun_glare_l0,l0,1.0,0.0,0.5233280062675476,0.9557956457138062,0.5425673723220825,0.5455078482627869,0.4574326276779175,0.45449215173721313,5.333333333333333,0.0,0.17610941106298317,0.7433511909097433,0.0,0.41335296630859375,0.001971794292330742,0.4095596969127655,0.4160321354866028,0.4542243480682373,0.03474440053105354,0.40701228380203247,0.5023916959762573,0.12815043330192566,0.025910301133990288,0.10147258639335632,0.3576858341693878,0.170864537358284,0.7970228791236877,0.017093878239393234,nondiff,Non-Diff Active,sun_glare_l0,4,/home/zhaoguodong/work/code/DiffPhysDrone/checkpoint/2026-04-22-13-00-37/checkpoint0049.pth
sun_glare_l0,l0,1.0,0.0,0.5342616438865662,0.958930492401123,0.508932888507843,0.514478325843811,0.491067111492157,0.48552167415618896,5.533333333333333,0.0,0.17039934418474634,0.7535648845136166,0.0,0.4147576689720154,0.0011836449848487973,0.41293835639953613,0.4173852801322937,0.452701210975647,0.03248586133122444,0.40577825903892517,0.4986397624015808,0.1274944245815277,0.025988351553678513,0.10147374123334885,0.3576400578022003,0.17202530801296234,0.7965050935745239,0.016930220648646355,nondiff,Non-Diff Active,sun_glare_l0,5,/home/zhaoguodong/work/code/DiffPhysDrone/checkpoint/2026-04-22-13-00-37/checkpoint0049.pth
sun_glare_l0,l0,1.0,0.0,0.5326274037361145,1.0227313041687012,0.5224664211273193,0.526652455329895,0.47753357887268066,0.473347544670105,5.133333333333334,0.0,0.16736517551665506,0.7640447922050952,0.0,0.4138330817222595,0.0008131797076202929,0.4125557541847229,0.4160321354866028,0.4522242546081543,0.035359930247068405,0.400185227394104,0.5003920793533325,0.12653902173042297,0.026026355102658272,0.10187249630689621,0.3576400578022003,0.17125847935676575,0.8256431818008423,0.016689496114850044,nondiff,Non-Diff Active,sun_glare_l0,6,/home/zhaoguodong/work/code/DiffPhysDrone/checkpoint/2026-04-22-13-00-37/checkpoint0049.pth
sun_glare_l0,l0,1.0,0.0,0.5274158120155334,1.001851201057434,0.5442763566970825,0.5498751401901245,0.4557236433029175,0.4501248598098755,4.933333333333334,0.0,0.14671937006060035,0.7901059942940871,0.0,0.41459575295448303,0.00058718491345644,0.4129314124584198,0.4160321354866028,0.4533132016658783,0.036145661026239395,0.39974865317344666,0.4976600408554077,0.12746267020702362,0.025979993864893913,0.101631760597229,0.357626348733902,0.17188997566699982,0.82927006483078,0.016921691596508026,nondiff,Non-Diff Active,sun_glare_l0,7,/home/zhaoguodong/work/code/DiffPhysDrone/checkpoint/2026-04-22-13-00-37/checkpoint0049.pth
sun_glare_l0,l0,1.0,0.0,0.5386969447135925,1.043243408203125,0.5398546457290649,0.5448601245880127,0.46014535427093506,0.4551398754119873,5.133333333333334,0.0,0.14847020419159282,0.7789479839305083,0.0,0.4145925045013428,0.0005152194062247872,0.4135282337665558,0.41640594601631165,0.4517182409763336,0.03664746508002281,0.39684873819351196,0.49804553389549255,0.12834209203720093,0.02586103044450283,0.10129373520612717,0.35765379667282104,0.17188720405101776,0.8346632719039917,0.01714048534631729,nondiff,Non-Diff Active,sun_glare_l0,8,/home/zhaoguodong/work/code/DiffPhysDrone/checkpoint/2026-04-22-13-00-37/checkpoint0049.pth
sun_glare_l0,l0,1.0,0.0,0.5388901829719543,1.010038137435913,0.5190728306770325,0.5238798260688782,0.48092716932296753,0.4761201739311218,5.266666666666667,0.0,0.1299059505225159,0.7988073796033859,0.0,0.4146469831466675,0.0014159407000988722,0.4109558165073395,0.4160321354866028,0.4504851698875427,0.03824871778488159,0.39297860860824585,0.49900996685028076,0.12627431750297546,0.02629188261926174,0.10033699870109558,0.3576400578022003,0.17193415760993958,0.8256142139434814,0.01663646474480629,nondiff,Non-Diff Active,sun_glare_l0,9,/home/zhaoguodong/work/code/DiffPhysDrone/checkpoint/2026-04-22-13-00-37/checkpoint0049.pth
sun_glare_l0,l0,1.0,0.0,0.5343062281608582,1.005847692489624,0.5408393740653992,0.5431563258171082,0.45916062593460083,0.45684367418289185,5.2,0.0,0.14126957170665264,0.7950790400306383,0.0,0.413651704788208,0.0014315969310700893,0.41030359268188477,0.4160321354866028,0.4510146379470825,0.03686617687344551,0.3969951868057251,0.4975818395614624,0.12717226147651672,0.026031140238046646,0.10156536847352982,0.357626348733902,0.17110978066921234,0.806516170501709,0.01685040444135666,nondiff,Non-Diff Active,sun_glare_l0,10,/home/zhaoguodong/work/code/DiffPhysDrone/checkpoint/2026-04-22-13-00-37/checkpoint0049.pth
sun_glare_l0,l0,1.0,0.0,0.5430282950401306,1.0312442779541016,0.5433865785598755,0.5481163263320923,0.4566134214401245,0.4518836736679077,5.133333333333334,0.0,0.14916143390970926,0.7829263331989448,0.0,0.4144534468650818,0.0006811395869590342,0.41335079073905945,0.4176991581916809,0.4519880414009094,0.036627091467380524,0.39725956320762634,0.4952392578125,0.12790434062480927,0.025945724919438362,0.10168111324310303,0.3576400578022003,0.17177210748195648,0.8360235095024109,0.017032703384757042,nondiff,Non-Diff Active,sun_glare_l0,11,/home/zhaoguodong/work/code/DiffPhysDrone/checkpoint/2026-04-22-13-00-37/checkpoint0049.pth
sun_glare_l0,l0,1.0,0.0,0.5294042825698853,0.929861843585968,0.5309706926345825,0.5332413911819458,0.4690293073654175,0.4667586088180542,5.533333333333333,0.0,0.16372988567842792,0.760420207430919,0.0,0.413948655128479,0.0015183996874839067,0.4106096029281616,0.4160321354866028,0.4523434638977051,0.032012857496738434,0.40968963503837585,0.49802762269973755,0.1282711923122406,0.02589622512459755,0.10170643776655197,0.357626348733902,0.17135578393936157,0.7811663746833801,0.017124110832810402,nondiff,Non-Diff Active,sun_glare_l0,12,/home/zhaoguodong/work/code/DiffPhysDrone/checkpoint/2026-04-22-13-00-37/checkpoint0049.pth
sun_glare_l0,l0,1.0,0.0,0.5241855382919312,0.9772701859474182,0.5381700992584229,0.5430949926376343,0.46182990074157715,0.4569050073623657,5.266666666666667,0.0,0.17168196868151425,0.7588851049542427,0.0,0.41386204957962036,0.0009761613328009844,0.41155874729156494,0.4160321354866028,0.4529487192630768,0.035690609365701675,0.40553200244903564,0.5022473931312561,0.1272146999835968,0.025929400697350502,0.10166902095079422,0.3576675355434418,0.17128272354602814,0.801716685295105,0.016855916008353233,nondiff,Non-Diff Active,sun_glare_l0,13,/home/zhaoguodong/work/code/DiffPhysDrone/checkpoint/2026-04-22-13-00-37/checkpoint0049.pth
sun_glare_l0,l0,1.0,0.0,0.5389994382858276,1.0462195873260498,0.5397841334342957,0.5426642894744873,0.46021586656570435,0.4573357105255127,5.2,0.0,0.1613710944307968,0.7633717626333236,0.0,0.4142027795314789,0.0008977535762824118,0.4115864932537079,0.4160321354866028,0.4512665569782257,0.03811849281191826,0.39457806944847107,0.4991458058357239,0.1274012178182602,0.02591356448829174,0.10157807171344757,0.3576400578022003,0.1715647280216217,0.8478909134864807,0.016902582719922066,nondiff,Non-Diff Active,sun_glare_l0,14,/home/zhaoguodong/work/code/DiffPhysDrone/checkpoint/2026-04-22-13-00-37/checkpoint0049.pth
sun_glare_l0,l0,1.0,0.0,0.5307837724685669,1.0011394023895264,0.5338948965072632,0.5398170351982117,0.4661051034927368,0.46018296480178833,5.4,0.0,0.16004916268090408,0.7701473981142044,0.0,0.41375696659088135,0.0008219166775234044,0.41203582286834717,0.4160321354866028,0.45151686668395996,0.033512912690639496,0.4019966125488281,0.4951958954334259,0.12718866765499115,0.025997428223490715,0.10126113891601562,0.35765379667282104,0.17119550704956055,0.7891567349433899,0.01685282401740551,nondiff,Non-Diff Active,sun_glare_l0,15,/home/zhaoguodong/work/code/DiffPhysDrone/checkpoint/2026-04-22-13-00-37/checkpoint0049.pth
sun_glare_l0,l0,1.0,0.0,0.5354388356208801,1.0477830171585083,0.543321430683136,0.5472056269645691,0.456678569316864,0.4527943730354309,5.0,0.0,0.1371447642877077,0.7937531816462676,0.0,0.41423583030700684,0.0007600647513754666,0.4133785367012024,0.4183213710784912,0.4507916271686554,0.038686830550432205,0.39390021562576294,0.49864399433135986,0.12769243121147156,0.026047134771943092,0.10088707506656647,0.3576400578022003,0.1715918928384781,0.8362718224525452,0.01698381081223488,nondiff,Non-Diff Active,sun_glare_l0,16,/home/zhaoguodong/work/code/DiffPhysDrone/checkpoint/2026-04-22-13-00-37/checkpoint0049.pth
sun_glare_l0,l0,1.0,0.0,0.5306584239006042,0.9973719120025635,0.5193142890930176,0.5247217416763306,0.4806857109069824,0.47527825832366943,5.066666666666666,0.0,0.14412232153117657,0.7934862062335014,0.0,0.4146892726421356,0.0007516972254961729,0.41346099972724915,0.41739073395729065,0.4517194926738739,0.03721242770552635,0.3984543979167938,0.5014489889144897,0.12767356634140015,0.025946486741304398,0.10185012966394424,0.3576400578022003,0.1719677746295929,0.8174586296081543,0.01697375811636448,nondiff,Non-Diff Active,sun_glare_l0,17,/home/zhaoguodong/work/code/DiffPhysDrone/checkpoint/2026-04-22-13-00-37/checkpoint0049.pth
sun_glare_l0,l0,1.0,0.0,0.533433198928833,1.0551011562347412,0.5421088933944702,0.5446147322654724,0.4578911066055298,0.4553852677345276,5.133333333333334,0.0,0.14172234987684837,0.7886734100679557,0.0,0.4134713113307953,0.0008219353621825576,0.41190922260284424,0.4160321354866028,0.45209169387817383,0.03854930028319359,0.3956919312477112,0.49947309494018555,0.12681113183498383,0.026044946163892746,0.10124219208955765,0.3576400578022003,0.17095915973186493,0.8396337032318115,0.016759401187300682,nondiff,Non-Diff Active,sun_glare_l0,18,/home/zhaoguodong/work/code/DiffPhysDrone/checkpoint/2026-04-22-13-00-37/checkpoint0049.pth
sun_glare_l0,l0,1.0,0.0,0.5291346311569214,0.9799211025238037,0.5094673037528992,0.5135456919670105,0.49053269624710083,0.4864543080329895,5.4,0.0,0.15841706415327886,0.7712433482209842,0.0,0.41448885202407837,0.0008050414035096765,0.41276782751083374,0.41681915521621704,0.45284613966941833,0.034440845251083374,0.4023086130619049,0.5069133639335632,0.12782013416290283,0.025915561243891716,0.10186129808425903,0.3576400578022003,0.1718016415834427,0.7952693104743958,0.01700960285961628,nondiff,Non-Diff Active,sun_glare_l0,19,/home/zhaoguodong/work/code/DiffPhysDrone/checkpoint/2026-04-22-13-00-37/checkpoint0049.pth
sun_glare_l1,l1,1.0,0.0,0.5265184044837952,0.9110754132270813,0.5101725459098816,0.5107577443122864,0.4898274540901184,0.4892422556877136,5.466666666666667,0.0,0.16324495892816535,0.7716703000168006,0.0,0.4131062924861908,0.001358154695481062,0.4107292592525482,0.4160321354866028,0.45075657963752747,0.03441072627902031,0.40627217292785645,0.5017468929290771,0.12680481374263763,0.026072435081005096,0.10106158256530762,0.3576675355434418,0.1706586629152298,0.7931597828865051,0.016759229823946953,nondiff,Non-Diff Active,sun_glare_l1,0,/home/zhaoguodong/work/code/DiffPhysDrone/checkpoint/2026-04-22-13-00-37/checkpoint0049.pth
sun_glare_l1,l1,1.0,0.0,0.5359407067298889,0.9904005527496338,0.4981282949447632,0.5015553832054138,0.5018717050552368,0.4984446167945862,5.466666666666667,0.0,0.1342212582065258,0.8020478156705697,0.0,0.4133179485797882,0.0013927475083619356,0.41090455651283264,0.4160321354866028,0.44908156991004944,0.03482918441295624,0.3980625867843628,0.4955492913722992,0.12633290886878967,0.02616022527217865,0.10109980404376984,0.3576400578022003,0.17083367705345154,0.7991271018981934,0.01664435863494873,nondiff,Non-Diff Active,sun_glare_l1,1,/home/zhaoguodong/work/code/DiffPhysDrone/checkpoint/2026-04-22-13-00-37/checkpoint0049.pth
sun_glare_l1,l1,1.0,0.0,0.5384571552276611,0.9896196126937866,0.4849664270877838,0.48745977878570557,0.5150335729122162,0.5125402212142944,5.533333333333333,0.0,0.1512726928689517,0.7838830585281055,0.0,0.41350996494293213,0.001510792993940413,0.4104566276073456,0.4160321354866028,0.4519391655921936,0.03456025943160057,0.40221428871154785,0.4955531656742096,0.12651830911636353,0.026001472026109695,0.10177339613437653,0.357626348733902,0.17099277675151825,0.8066800832748413,0.016682958230376244,nondiff,Non-Diff Active,sun_glare_l1,2,/home/zhaoguodong/work/code/DiffPhysDrone/checkpoint/2026-04-22-13-00-37/checkpoint0049.pth
sun_glare_l1,l1,1.0,0.0,0.5274769067764282,1.0652278661727905,0.48401156067848206,0.4871116280555725,0.5159884393215179,0.5128883719444275,5.0,0.0,0.1346207673700216,0.8062823017438253,0.0,0.4133918881416321,0.0013868585228919983,0.40973740816116333,0.4160321354866028,0.4520559310913086,0.03937837481498718,0.39375460147857666,0.4993465542793274,0.12575489282608032,0.02616221271455288,0.10089161992073059,0.357626348733902,0.17089475691318512,0.8408935070037842,0.016498753800988197,nondiff,Non-Diff Active,sun_glare_l1,3,/home/zhaoguodong/work/code/DiffPhysDrone/checkpoint/2026-04-22-13-00-37/checkpoint0049.pth
sun_glare_l1,l1,1.0,0.0,0.5364553332328796,1.0467000007629395,0.49490565061569214,0.4995845556259155,0.5050943493843079,0.5004154443740845,4.933333333333334,0.0,0.12500165023472315,0.8228120441238086,0.0,0.4147742688655853,0.000610124843660742,0.41361382603645325,0.4160321354866028,0.45180171728134155,0.03833809122443199,0.3941032886505127,0.49923768639564514,0.12735819816589355,0.02601286768913269,0.10152097046375275,0.357626348733902,0.17203804850578308,0.8495841026306152,0.01689678058028221,nondiff,Non-Diff Active,sun_glare_l1,4,/home/zhaoguodong/work/code/DiffPhysDrone/checkpoint/2026-04-22-13-00-37/checkpoint0049.pth
sun_glare_l1,l1,1.0,0.0,0.5330905318260193,0.9279951453208923,0.4959445893764496,0.5018467903137207,0.5040554106235504,0.4981532096862793,5.466666666666667,0.0,0.17326310175315787,0.7606599032878876,0.0,0.4148460626602173,0.0010165913263335824,0.41205137968063354,0.41671329736709595,0.45131102204322815,0.032283276319503784,0.4097658693790436,0.4965078830718994,0.1279590129852295,0.025981806218624115,0.10165207833051682,0.35765379667282104,0.1720982939004898,0.7986065149307251,0.017048561945557594,nondiff,Non-Diff Active,sun_glare_l1,5,/home/zhaoguodong/work/code/DiffPhysDrone/checkpoint/2026-04-22-13-00-37/checkpoint0049.pth
sun_glare_l1,l1,1.0,0.0,0.5421522855758667,0.9643641114234924,0.5028212666511536,0.50609290599823,0.49717873334884644,0.49390709400177,5.066666666666666,0.0,0.1430620686034672,0.7995964400470257,0.0,0.4143945276737213,0.00047429106780327857,0.4130167067050934,0.4160321354866028,0.4508449137210846,0.03581690788269043,0.4013018310070038,0.4986116290092468,0.12786300480365753,0.02590714395046234,0.1017816811800003,0.357626348733902,0.17172305285930634,0.8359513282775879,0.017020126804709435,nondiff,Non-Diff Active,sun_glare_l1,6,/home/zhaoguodong/work/code/DiffPhysDrone/checkpoint/2026-04-22-13-00-37/checkpoint0049.pth
sun_glare_l1,l1,1.0,0.0,0.53504478931427,0.9591957926750183,0.506564736366272,0.5105956792831421,0.493435263633728,0.4894043207168579,5.533333333333333,0.0,0.16294714118121192,0.7775059930980206,0.0,0.41340091824531555,0.001935626845806837,0.4099658727645874,0.41656774282455444,0.4523319602012634,0.031920649111270905,0.40689730644226074,0.4950927793979645,0.12821416556835175,0.025902973487973213,0.10178317874670029,0.35765379667282104,0.17090407013893127,0.784492015838623,0.017109835520386696,nondiff,Non-Diff Active,sun_glare_l1,7,/home/zhaoguodong/work/code/DiffPhysDrone/checkpoint/2026-04-22-13-00-37/checkpoint0049.pth
sun_glare_l1,l1,1.0,0.0,0.5241715312004089,1.0560511350631714,0.5052924752235413,0.5090756416320801,0.49470752477645874,0.4909243583679199,5.066666666666666,0.0,0.1459938450716436,0.7942871774236361,0.0,0.41340896487236023,0.0011345205130055547,0.4112008213996887,0.4160321354866028,0.4528423547744751,0.03813852742314339,0.3974401652812958,0.5000178813934326,0.1270483285188675,0.0259525366127491,0.10172400623559952,0.3576400578022003,0.17090824246406555,0.8337756991386414,0.016814811155200005,nondiff,Non-Diff Active,sun_glare_l1,8,/home/zhaoguodong/work/code/DiffPhysDrone/checkpoint/2026-04-22-13-00-37/checkpoint0049.pth
sun_glare_l1,l1,1.0,0.0,0.534058690071106,0.93903648853302,0.48814836144447327,0.49146443605422974,0.5118516385555267,0.5085355639457703,5.466666666666667,0.0,0.15502583529644956,0.7872763626277447,0.0,0.4140332043170929,0.0008758552139624953,0.41240906715393066,0.4160321354866028,0.452060341835022,0.031531646847724915,0.4076707363128662,0.4950927793979645,0.12716634571552277,0.02597256749868393,0.1022898405790329,0.3576400578022003,0.1714242696762085,0.7837954759597778,0.01684585213661194,nondiff,Non-Diff Active,sun_glare_l1,9,/home/zhaoguodong/work/code/DiffPhysDrone/checkpoint/2026-04-22-13-00-37/checkpoint0049.pth
sun_glare_l1,l1,1.0,0.0,0.5458023548126221,1.0895897150039673,0.510017991065979,0.5171233415603638,0.489982008934021,0.48287665843963623,5.0,0.0,0.1435755580702486,0.8002080914874872,0.0,0.4140837490558624,0.0006012063240632415,0.4121305048465729,0.4160321354866028,0.4529972970485687,0.03704598546028137,0.39593830704689026,0.5013071298599243,0.1274557262659073,0.025899343192577362,0.10195387154817581,0.3576400578022003,0.1714656949043274,0.8575193285942078,0.016915734857320786,nondiff,Non-Diff Active,sun_glare_l1,10,/home/zhaoguodong/work/code/DiffPhysDrone/checkpoint/2026-04-22-13-00-37/checkpoint0049.pth
sun_glare_l1,l1,1.0,0.0,0.5293166637420654,1.0091474056243896,0.4833442270755768,0.4891430139541626,0.5166557729244232,0.5108569860458374,5.466666666666667,0.0,0.14948382273238772,0.7898196225365003,0.0,0.4132126271724701,0.0012637641048058867,0.4111939072608948,0.4160321354866028,0.45139646530151367,0.03314101696014404,0.4016885757446289,0.49927181005477905,0.1273844689130783,0.025865718722343445,0.10208576172590256,0.3576400578022003,0.17074626684188843,0.7912054061889648,0.01689583621919155,nondiff,Non-Diff Active,sun_glare_l1,11,/home/zhaoguodong/work/code/DiffPhysDrone/checkpoint/2026-04-22-13-00-37/checkpoint0049.pth
sun_glare_l1,l1,1.0,0.0,0.5215681195259094,1.0377274751663208,0.5074111223220825,0.5131556391716003,0.4925888776779175,0.48684436082839966,5.0,0.0,0.13205003558347622,0.8095728976031145,0.0,0.4135276973247528,0.0011469729943200946,0.41021353006362915,0.4160321354866028,0.45338696241378784,0.03825188800692558,0.3970959484577179,0.5023961663246155,0.12714940309524536,0.025967931374907494,0.10126177221536636,0.3576400578022003,0.1710064709186554,0.8241693377494812,0.016841305419802666,nondiff,Non-Diff Active,sun_glare_l1,12,/home/zhaoguodong/work/code/DiffPhysDrone/checkpoint/2026-04-22-13-00-37/checkpoint0049.pth
sun_glare_l1,l1,1.0,0.0,0.5347399711608887,1.0068269968032837,0.5257405638694763,0.5276904106140137,0.4742594361305237,0.47230958938598633,5.266666666666667,0.0,0.1574036879154543,0.7864131008585294,0.0,0.41346198320388794,0.0014055634383112192,0.40985429286956787,0.4160321354866028,0.45232516527175903,0.03630562499165535,0.40127891302108765,0.4960513710975647,0.1263311803340912,0.026036998257040977,0.1015370786190033,0.35765379667282104,0.17095279693603516,0.8152265548706055,0.016637489199638367,nondiff,Non-Diff Active,sun_glare_l1,13,/home/zhaoguodong/work/code/DiffPhysDrone/checkpoint/2026-04-22-13-00-37/checkpoint0049.pth
sun_glare_l1,l1,1.0,0.0,0.5240199565887451,1.0822659730911255,0.49817171692848206,0.5017657279968262,0.5018282830715179,0.49823427200317383,5.266666666666667,0.0,0.15445006221998483,0.784306940684716,0.0,0.4134385585784912,0.0010722879087552428,0.4111395478248596,0.4160321354866028,0.45429727435112,0.03602020815014839,0.39888954162597656,0.5000430345535278,0.12662273645401,0.025952018797397614,0.10195399075746536,0.3576400578022003,0.1709325909614563,0.8301634788513184,0.01670682430267334,nondiff,Non-Diff Active,sun_glare_l1,14,/home/zhaoguodong/work/code/DiffPhysDrone/checkpoint/2026-04-22-13-00-37/checkpoint0049.pth
sun_glare_l1,l1,1.0,0.0,0.5129209756851196,0.9855100512504578,0.48629018664360046,0.48791640996932983,0.5137098133563995,0.5120835900306702,5.666666666666667,0.0,0.14895575074867035,0.7859444270531336,0.0,0.41268059611320496,0.0024590175598859787,0.40774622559547424,0.4160321354866028,0.4518950879573822,0.033507250249385834,0.4022529125213623,0.5029853582382202,0.1272490918636322,0.026022931560873985,0.10195387154817581,0.3576400578022003,0.1703113168478012,0.748520016670227,0.016869522631168365,nondiff,Non-Diff Active,sun_glare_l1,15,/home/zhaoguodong/work/code/DiffPhysDrone/checkpoint/2026-04-22-13-00-37/checkpoint0049.pth
sun_glare_l1,l1,1.0,0.0,0.5238334536552429,0.9844563007354736,0.5218207836151123,0.5255692005157471,0.4781792163848877,0.47443079948425293,5.133333333333334,0.0,0.1640446863719262,0.7755682555337747,0.0,0.41363921761512756,0.0009951660176739097,0.41154393553733826,0.4160321354866028,0.45289796590805054,0.03658159449696541,0.403715044260025,0.5018033981323242,0.12759092450141907,0.02591005153954029,0.10128723084926605,0.35765379667282104,0.17109838128089905,0.8121366500854492,0.01695077307522297,nondiff,Non-Diff Active,sun_glare_l1,16,/home/zhaoguodong/work/code/DiffPhysDrone/checkpoint/2026-04-22-13-00-37/checkpoint0049.pth
sun_glare_l1,l1,1.0,0.0,0.5427694320678711,1.079591155052185,0.5101725459098816,0.5123291015625,0.4898274540901184,0.4876708984375,5.066666666666666,0.0,0.1426027574460022,0.7979951011637847,0.0,0.4139336943626404,0.0008212330867536366,0.4125128388404846,0.41659533977508545,0.4514455199241638,0.03683190792798996,0.3952900171279907,0.49953100085258484,0.1269284039735794,0.02598649635910988,0.10154755413532257,0.3576858341693878,0.17134177684783936,0.848167359828949,0.016786115244030952,nondiff,Non-Diff Active,sun_glare_l1,17,/home/zhaoguodong/work/code/DiffPhysDrone/checkpoint/2026-04-22-13-00-37/checkpoint0049.pth
sun_glare_l1,l1,1.0,0.0,0.5403047204017639,0.9815623760223389,0.498990923166275,0.500395655632019,0.501009076833725,0.49960434436798096,5.6,0.0,0.1406984004114444,0.7964392445981503,0.0,0.4136487543582916,0.001127625466324389,0.41122967004776,0.4160321354866028,0.4496980905532837,0.03336856886744499,0.39941591024398804,0.49610018730163574,0.12691470980644226,0.02607971988618374,0.10082283616065979,0.3576400578022003,0.17110653221607208,0.7988455295562744,0.016787491738796234,nondiff,Non-Diff Active,sun_glare_l1,18,/home/zhaoguodong/work/code/DiffPhysDrone/checkpoint/2026-04-22-13-00-37/checkpoint0049.pth
sun_glare_l1,l1,1.0,0.0,0.5197965502738953,1.0578728914260864,0.4922797679901123,0.495390921831131,0.5077202320098877,0.504609078168869,5.133333333333334,0.0,0.14054265304779012,0.7985738503436247,0.0,0.4140077829360962,0.0012390080373734236,0.4114484190940857,0.4160321354866028,0.4527979791164398,0.037432800978422165,0.39455100893974304,0.4989137649536133,0.1266809105873108,0.026041299104690552,0.10173815488815308,0.357626348733902,0.17140395939350128,0.8072372674942017,0.01672620140016079,nondiff,Non-Diff Active,sun_glare_l1,19,/home/zhaoguodong/work/code/DiffPhysDrone/checkpoint/2026-04-22-13-00-37/checkpoint0049.pth
sun_glare_l2,l2,1.0,0.0,0.5332765579223633,1.0274702310562134,0.4767198860645294,0.4788842797279358,0.5232801139354706,0.5211157202720642,5.266666666666667,0.0,0.12739869584717478,0.8241650238633156,0.0,0.4138443171977997,0.0010065543465316296,0.41145938634872437,0.4160321354866028,0.4532122015953064,0.035629820078611374,0.39827805757522583,0.4992833733558655,0.1272488832473755,0.025968754664063454,0.1021050363779068,0.357626348733902,0.17126812040805817,0.8060553073883057,0.01686665415763855,nondiff,Non-Diff Active,sun_glare_l2,0,/home/zhaoguodong/work/code/DiffPhysDrone/checkpoint/2026-04-22-13-00-37/checkpoint0049.pth
sun_glare_l2,l2,1.0,0.0,0.5249408483505249,1.0129590034484863,0.4834609031677246,0.4858286678791046,0.5165390968322754,0.5141713321208954,5.333333333333333,0.0,0.14565811740467324,0.7979957352081934,0.0,0.41315653920173645,0.0016810150118544698,0.40964141488075256,0.4160321354866028,0.4527967572212219,0.03408636897802353,0.4017082452774048,0.4995613992214203,0.1278819590806961,0.025874707847833633,0.10194751620292664,0.357626348733902,0.17070116102695465,0.7849061489105225,0.017023298889398575,nondiff,Non-Diff Active,sun_glare_l2,1,/home/zhaoguodong/work/code/DiffPhysDrone/checkpoint/2026-04-22-13-00-37/checkpoint0049.pth
sun_glare_l2,l2,1.0,0.0,0.5450500249862671,1.0984528064727783,0.4781847298145294,0.4862729609012604,0.5218152701854706,0.5137270390987396,5.066666666666666,0.0,0.1350939803601553,0.8125769356886546,0.0,0.4142853021621704,0.0010482200887054205,0.4122181832790375,0.4163976013660431,0.45309630036354065,0.03742726147174835,0.39485710859298706,0.5025650858879089,0.12681052088737488,0.025990618392825127,0.10169811546802521,0.3576400578022003,0.17163340747356415,0.8671903014183044,0.016756420955061913,nondiff,Non-Diff Active,sun_glare_l2,2,/home/zhaoguodong/work/code/DiffPhysDrone/checkpoint/2026-04-22-13-00-37/checkpoint0049.pth
sun_glare_l2,l2,1.0,0.0,0.5306655168533325,0.9312092065811157,0.4547607898712158,0.4629210829734802,0.5452392101287842,0.5370789170265198,5.666666666666667,0.0,0.16635594656302904,0.7700888271133105,0.0,0.41396066546440125,0.0019032493000850081,0.4105098843574524,0.4165944457054138,0.45185142755508423,0.03196721524000168,0.40707239508628845,0.5028234720230103,0.1285644918680191,0.025860149413347244,0.10179252922534943,0.3576400578022003,0.17136704921722412,0.7903529405593872,0.01719757355749607,nondiff,Non-Diff Active,sun_glare_l2,3,/home/zhaoguodong/work/code/DiffPhysDrone/checkpoint/2026-04-22-13-00-37/checkpoint0049.pth
sun_glare_l2,l2,1.0,0.0,0.5313060283660889,1.0038926601409912,0.47233349084854126,0.479562908411026,0.5276665091514587,0.520437091588974,5.0,0.0,0.13714413358441865,0.80878470937411,0.0,0.4137129783630371,0.0010112376185134053,0.4119105637073517,0.4162278175354004,0.45375025272369385,0.03686196729540825,0.40215176343917847,0.5034207105636597,0.12790925800800323,0.025935830548405647,0.10187550634145737,0.3576400578022003,0.17115944623947144,0.8355204463005066,0.017033446580171585,nondiff,Non-Diff Active,sun_glare_l2,4,/home/zhaoguodong/work/code/DiffPhysDrone/checkpoint/2026-04-22-13-00-37/checkpoint0049.pth
sun_glare_l2,l2,1.0,0.0,0.5330820679664612,1.0329480171203613,0.47948139905929565,0.48161497712135315,0.5205186009407043,0.5183850228786469,5.133333333333334,0.0,0.13911201308170953,0.8078772835433483,0.0,0.4139750301837921,0.0010735227260738611,0.4111994504928589,0.41595888137817383,0.453118234872818,0.03674934059381485,0.39961424469947815,0.5008615255355835,0.12671543657779694,0.02607065625488758,0.10167910158634186,0.35765379667282104,0.17137648165225983,0.839884340763092,0.016736481338739395,nondiff,Non-Diff Active,sun_glare_l2,5,/home/zhaoguodong/work/code/DiffPhysDrone/checkpoint/2026-04-22-13-00-37/checkpoint0049.pth
sun_glare_l2,l2,1.0,0.0,0.5348122119903564,1.0433807373046875,0.4978651702404022,0.5036777257919312,0.5021348297595978,0.49632227420806885,5.2,0.0,0.14338273808534724,0.8070476529498894,0.0,0.4140826165676117,0.0006603377987630665,0.41295868158340454,0.4160321354866028,0.45180895924568176,0.03486935421824455,0.3970786929130554,0.49616706371307373,0.1274695247411728,0.02590806968510151,0.10197426378726959,0.3576675355434418,0.17146483063697815,0.8082755208015442,0.016919709742069244,nondiff,Non-Diff Active,sun_glare_l2,6,/home/zhaoguodong/work/code/DiffPhysDrone/checkpoint/2026-04-22-13-00-37/checkpoint0049.pth
sun_glare_l2,l2,1.0,0.0,0.5364920496940613,1.1284679174423218,0.48863935470581055,0.4913859963417053,0.5113606452941895,0.5086140036582947,5.0,0.0,0.12001511665681998,0.831389918923378,0.0,0.41467949748039246,0.00110394018702209,0.4120272099971771,0.41660642623901367,0.45283612608909607,0.03884649649262428,0.38951918482780457,0.4990195631980896,0.12686026096343994,0.02610819973051548,0.10143604874610901,0.3576400578022003,0.1719602793455124,0.8658804893493652,0.016775164753198624,nondiff,Non-Diff Active,sun_glare_l2,7,/home/zhaoguodong/work/code/DiffPhysDrone/checkpoint/2026-04-22-13-00-37/checkpoint0049.pth
sun_glare_l2,l2,1.0,0.0,0.5239425301551819,1.0839473009109497,0.47774800658226013,0.4843790829181671,0.5222519934177399,0.5156209170818329,4.933333333333334,0.0,0.1452780407795217,0.7989542223513126,0.0,0.41416463255882263,0.0010306643089279532,0.4114338457584381,0.4160321354866028,0.4544100761413574,0.03749575838446617,0.3962623178958893,0.5017125010490417,0.1281231790781021,0.025855550542473793,0.10173635929822922,0.357626348733902,0.17153337597846985,0.8308984637260437,0.01708405651152134,nondiff,Non-Diff Active,sun_glare_l2,8,/home/zhaoguodong/work/code/DiffPhysDrone/checkpoint/2026-04-22-13-00-37/checkpoint0049.pth
sun_glare_l2,l2,1.0,0.0,0.5298964381217957,0.9663788676261902,0.46364209055900574,0.47016170620918274,0.5363579094409943,0.5298382937908173,5.466666666666667,0.0,0.15423861130451164,0.7823460365335146,0.0,0.4129878878593445,0.0018087901407852769,0.4096072316169739,0.4160321354866028,0.45165395736694336,0.03414713963866234,0.4050499200820923,0.5015663504600525,0.12685497105121613,0.025998607277870178,0.10156810283660889,0.3576400578022003,0.1705622673034668,0.7991101145744324,0.016768110916018486,nondiff,Non-Diff Active,sun_glare_l2,9,/home/zhaoguodong/work/code/DiffPhysDrone/checkpoint/2026-04-22-13-00-37/checkpoint0049.pth
sun_glare_l2,l2,1.0,0.0,0.5270523428916931,0.9587971568107605,0.4758246839046478,0.48138999938964844,0.5241753160953522,0.5186100006103516,5.466666666666667,0.0,0.1590210751630366,0.7825582904120286,0.0,0.41323116421699524,0.001781622413545847,0.41012001037597656,0.4160321354866028,0.4513096213340759,0.0340178906917572,0.40331703424453735,0.49940478801727295,0.1280377060174942,0.025872668251395226,0.1019866093993187,0.35765379667282104,0.17076314985752106,0.7862362861633301,0.017063047736883163,nondiff,Non-Diff Active,sun_glare_l2,10,/home/zhaoguodong/work/code/DiffPhysDrone/checkpoint/2026-04-22-13-00-37/checkpoint0049.pth
sun_glare_l2,l2,1.0,0.0,0.5403997302055359,0.9606344699859619,0.4863905906677246,0.4880557656288147,0.5136094093322754,0.5119442343711853,5.466666666666667,0.0,0.14435998097760602,0.8041130296885968,0.0,0.41378507018089294,0.0007639548857696354,0.4118638336658478,0.41595888137817383,0.44908788800239563,0.034440066665410995,0.4008246660232544,0.49516600370407104,0.12633763253688812,0.026059119030833244,0.1017497330904007,0.35765379667282104,0.1712186634540558,0.8021037578582764,0.016640275716781616,nondiff,Non-Diff Active,sun_glare_l2,11,/home/zhaoguodong/work/code/DiffPhysDrone/checkpoint/2026-04-22-13-00-37/checkpoint0049.pth
sun_glare_l2,l2,1.0,0.0,0.5142520070075989,0.9403073787689209,0.4676622748374939,0.472445547580719,0.5323377251625061,0.527554452419281,5.266666666666667,0.0,0.1471221040158222,0.7952651595075925,0.0,0.41377151012420654,0.0011498831445351243,0.41090646386146545,0.4160321354866028,0.45267078280448914,0.035248517990112305,0.40441250801086426,0.5022261142730713,0.12738384306430817,0.025954047217965126,0.10163559764623642,0.3576400578022003,0.1712081879377365,0.7821478843688965,0.016900258138775826,nondiff,Non-Diff Active,sun_glare_l2,12,/home/zhaoguodong/work/code/DiffPhysDrone/checkpoint/2026-04-22-13-00-37/checkpoint0049.pth
sun_glare_l2,l2,1.0,0.0,0.5305917859077454,0.971329927444458,0.4903808832168579,0.49596285820007324,0.5096191167831421,0.5040371417999268,5.133333333333334,0.0,0.1461013155717713,0.8039181567728519,0.0,0.41403740644454956,0.0006067873327992857,0.41293489933013916,0.4160321354866028,0.4522838294506073,0.03498339280486107,0.4025813341140747,0.49766677618026733,0.1274029016494751,0.02593688853085041,0.10222022235393524,0.3576400578022003,0.17142733931541443,0.8121432662010193,0.01690422184765339,nondiff,Non-Diff Active,sun_glare_l2,13,/home/zhaoguodong/work/code/DiffPhysDrone/checkpoint/2026-04-22-13-00-37/checkpoint0049.pth
sun_glare_l2,l2,1.0,0.0,0.5275872945785522,0.9899814128875732,0.4798828661441803,0.4830865263938904,0.5201171338558197,0.5169134736061096,5.333333333333333,0.0,0.1272185895126313,0.8166320092976094,0.0,0.4132542610168457,0.001314634457230568,0.4107239544391632,0.4160321354866028,0.4516006112098694,0.035633236169815063,0.3996952474117279,0.5006103515625,0.12723638117313385,0.02604442462325096,0.10085371881723404,0.3576400578022003,0.17078077793121338,0.7980696558952332,0.01686740852892399,nondiff,Non-Diff Active,sun_glare_l2,14,/home/zhaoguodong/work/code/DiffPhysDrone/checkpoint/2026-04-22-13-00-37/checkpoint0049.pth
sun_glare_l2,l2,1.0,0.0,0.5323522686958313,0.9659507870674133,0.46997347474098206,0.47507399320602417,0.5300265252590179,0.5249260067939758,5.4,0.0,0.1474032037270566,0.7951605416834354,0.0,0.4145910441875458,0.0006287293508648872,0.4130423069000244,0.4160321354866028,0.4511186182498932,0.0331885926425457,0.40465524792671204,0.49687257409095764,0.12813585996627808,0.025901438668370247,0.1016196459531784,0.357626348733902,0.1718861311674118,0.8072426319122314,0.017089683562517166,nondiff,Non-Diff Active,sun_glare_l2,15,/home/zhaoguodong/work/code/DiffPhysDrone/checkpoint/2026-04-22-13-00-37/checkpoint0049.pth
sun_glare_l2,l2,1.0,0.0,0.5431853532791138,1.123683214187622,0.462003618478775,0.4685073792934418,0.537996381521225,0.5314926207065582,5.266666666666667,0.0,0.12679189230160168,0.8152249765892824,0.0,0.4136301279067993,0.001319355214945972,0.41051146388053894,0.4160321354866028,0.45076048374176025,0.038305625319480896,0.38806769251823425,0.49580350518226624,0.1257134974002838,0.02609807252883911,0.10148400813341141,0.357626348733902,0.17109160125255585,0.8492361903190613,0.01648499257862568,nondiff,Non-Diff Active,sun_glare_l2,16,/home/zhaoguodong/work/code/DiffPhysDrone/checkpoint/2026-04-22-13-00-37/checkpoint0049.pth
sun_glare_l2,l2,1.0,0.0,0.5251436233520508,1.0235543251037598,0.4823107123374939,0.48683279752731323,0.5176892876625061,0.5131672024726868,5.066666666666666,0.0,0.13729617781549072,0.8134774861236413,0.0,0.41437119245529175,0.0006389074260368943,0.4125089645385742,0.4160321354866028,0.4527799189090729,0.03668298199772835,0.3973662853240967,0.500461220741272,0.1272466629743576,0.025974897667765617,0.10201654583215714,0.35765379667282104,0.17170386016368866,0.8236857652664185,0.016866406425833702,nondiff,Non-Diff Active,sun_glare_l2,17,/home/zhaoguodong/work/code/DiffPhysDrone/checkpoint/2026-04-22-13-00-37/checkpoint0049.pth
sun_glare_l2,l2,1.0,0.0,0.5361297130584717,0.9782529473304749,0.47835561633110046,0.4862141013145447,0.5216443836688995,0.5137858986854553,5.266666666666667,0.0,0.1534431075754886,0.7923729685445626,0.0,0.413700133562088,0.0013178040971979499,0.41125887632369995,0.4160540997982025,0.4527204930782318,0.03548095002770424,0.4048222303390503,0.4968397617340088,0.12700259685516357,0.025919035077095032,0.10211317241191864,0.35761260986328125,0.17114952206611633,0.8198727965354919,0.01680145598948002,nondiff,Non-Diff Active,sun_glare_l2,18,/home/zhaoguodong/work/code/DiffPhysDrone/checkpoint/2026-04-22-13-00-37/checkpoint0049.pth
sun_glare_l2,l2,1.0,0.0,0.5305483937263489,0.9851099252700806,0.46909454464912415,0.47268030047416687,0.5309054553508759,0.5273196995258331,5.266666666666667,0.0,0.1390501230993929,0.8084617291887601,0.0,0.4140351116657257,0.0008668913505971432,0.41228315234184265,0.4160321354866028,0.453449010848999,0.034069254994392395,0.4082200229167938,0.5022765398025513,0.12746010720729828,0.025987712666392326,0.10186456143856049,0.3576400578022003,0.17142578959465027,0.8047981262207031,0.01692144200205803,nondiff,Non-Diff Active,sun_glare_l2,19,/home/zhaoguodong/work/code/DiffPhysDrone/checkpoint/2026-04-22-13-00-37/checkpoint0049.pth
sun_glare_l3,l3,1.0,0.0,0.5306079983711243,0.9524251818656921,0.47541505098342896,0.47831690311431885,0.524584949016571,0.5216830968856812,5.2,0.0,0.14892057555067975,0.802963395913442,0.0,0.41498002409935,0.0007565065752714872,0.4135381877422333,0.4167748689651489,0.45118454098701477,0.034457240253686905,0.4079459309577942,0.500400185585022,0.1283416748046875,0.025876516476273537,0.10186326503753662,0.35765379667282104,0.1722089797258377,0.8124960660934448,0.017141180112957954,nondiff,Non-Diff Active,sun_glare_l3,0,/home/zhaoguodong/work/code/DiffPhysDrone/checkpoint/2026-04-22-13-00-37/checkpoint0049.pth
sun_glare_l3,l3,1.0,0.0,0.5333336591720581,1.0401815176010132,0.44194886088371277,0.44898226857185364,0.5580511391162872,0.5510177314281464,5.133333333333334,0.0,0.13144496956568522,0.8177274383604527,0.0,0.4141022562980652,0.0008677391451783478,0.4117313325405121,0.4160321354866028,0.4525805115699768,0.03668669983744621,0.3966367840766907,0.49771177768707275,0.12662652134895325,0.02607451193034649,0.10129326581954956,0.357626348733902,0.1714814305305481,0.8319754004478455,0.016714151948690414,nondiff,Non-Diff Active,sun_glare_l3,1,/home/zhaoguodong/work/code/DiffPhysDrone/checkpoint/2026-04-22-13-00-37/checkpoint0049.pth
sun_glare_l3,l3,1.0,0.0,0.5394795536994934,0.994066596031189,0.4651503562927246,0.471910297870636,0.5348496437072754,0.528089702129364,5.266666666666667,0.0,0.14184487101156265,0.81299885759751,0.0,0.4141378700733185,0.0007021084893494844,0.4120861291885376,0.4160321354866028,0.45123064517974854,0.03503410890698433,0.4000313878059387,0.49720317125320435,0.12710371613502502,0.02597697079181671,0.10185649991035461,0.35765379667282104,0.17151062190532684,0.8208726048469543,0.016830159351229668,nondiff,Non-Diff Active,sun_glare_l3,2,/home/zhaoguodong/work/code/DiffPhysDrone/checkpoint/2026-04-22-13-00-37/checkpoint0049.pth
sun_glare_l3,l3,1.0,0.0,0.5435846447944641,1.0449960231781006,0.4559842050075531,0.4609898626804352,0.5440157949924469,0.5390101373195648,5.066666666666666,0.0,0.13712359800119883,0.8188091315329075,0.0,0.41447463631629944,0.0006546719814650714,0.41312316060066223,0.4163976013660431,0.4521007239818573,0.03748669847846031,0.3947216868400574,0.5031890273094177,0.12705788016319275,0.025990402325987816,0.10198570787906647,0.3576400578022003,0.17178967595100403,0.8502931594848633,0.01681920327246189,nondiff,Non-Diff Active,sun_glare_l3,3,/home/zhaoguodong/work/code/DiffPhysDrone/checkpoint/2026-04-22-13-00-37/checkpoint0049.pth
sun_glare_l3,l3,1.0,0.0,0.5423333644866943,0.9658176302909851,0.46570640802383423,0.4693896174430847,0.5342935919761658,0.5306103825569153,5.4,0.0,0.15473644934536424,0.7976721117893855,0.0,0.41422322392463684,0.000996615388430655,0.41214609146118164,0.4160321354866028,0.44987979531288147,0.03534892573952675,0.40020692348480225,0.498564213514328,0.1274115890264511,0.025919659063220024,0.1018553227186203,0.3576675355434418,0.17158186435699463,0.8227614164352417,0.016905542463064194,nondiff,Non-Diff Active,sun_glare_l3,4,/home/zhaoguodong/work/code/DiffPhysDrone/checkpoint/2026-04-22-13-00-37/checkpoint0049.pth
sun_glare_l3,l3,1.0,0.0,0.5360450744628906,0.9930598139762878,0.45027944445610046,0.453862726688385,0.5497205555438995,0.546137273311615,5.466666666666667,0.0,0.1466365763092957,0.8046808660030365,0.0,0.41413697600364685,0.0009939100127667189,0.41194266080856323,0.4160321354866028,0.4520956873893738,0.03446422517299652,0.4011105000972748,0.5058547854423523,0.12759053707122803,0.025896715000271797,0.1018364429473877,0.357626348733902,0.17151038348674774,0.8045369982719421,0.016949981451034546,nondiff,Non-Diff Active,sun_glare_l3,5,/home/zhaoguodong/work/code/DiffPhysDrone/checkpoint/2026-04-22-13-00-37/checkpoint0049.pth
sun_glare_l3,l3,1.0,0.0,0.5279818773269653,1.039238691329956,0.46403270959854126,0.46683961153030396,0.5359672904014587,0.533160388469696,4.933333333333334,0.0,0.13966539795510471,0.8153786924978097,0.0,0.4138074517250061,0.001168136252090335,0.4119078516960144,0.41827619075775146,0.45214489102363586,0.03742752969264984,0.39672964811325073,0.49779850244522095,0.12787571549415588,0.026083538308739662,0.10198404639959335,0.35765379667282104,0.17123796045780182,0.8285849690437317,0.017032545059919357,nondiff,Non-Diff Active,sun_glare_l3,6,/home/zhaoguodong/work/code/DiffPhysDrone/checkpoint/2026-04-22-13-00-37/checkpoint0049.pth
sun_glare_l3,l3,1.0,0.0,0.5441038012504578,1.0599433183670044,0.44667157530784607,0.45118188858032227,0.5533284246921539,0.5488181114196777,5.266666666666667,0.0,0.13508074176497759,0.8188690423965455,0.0,0.41458094120025635,0.000901845982298255,0.4122263789176941,0.4162377119064331,0.450554758310318,0.03675898537039757,0.3944472670555115,0.4987673759460449,0.12665371596813202,0.026049330830574036,0.10139848291873932,0.357626348733902,0.1718781590461731,0.8551514744758606,0.016719726845622063,nondiff,Non-Diff Active,sun_glare_l3,7,/home/zhaoguodong/work/code/DiffPhysDrone/checkpoint/2026-04-22-13-00-37/checkpoint0049.pth
sun_glare_l3,l3,1.0,0.0,0.5339255928993225,0.9972391128540039,0.447897732257843,0.4556695222854614,0.552102267742157,0.5443304777145386,5.266666666666667,0.0,0.14730994194202746,0.8032448333998521,0.0,0.41381487250328064,0.0010725829051807523,0.4122186601161957,0.4160321354866028,0.4522196352481842,0.0363796167075634,0.40100380778312683,0.5032455325126648,0.12777535617351532,0.02587946690618992,0.10177743434906006,0.3576400578022003,0.17124387621879578,0.833195686340332,0.016996286809444427,nondiff,Non-Diff Active,sun_glare_l3,8,/home/zhaoguodong/work/code/DiffPhysDrone/checkpoint/2026-04-22-13-00-37/checkpoint0049.pth
sun_glare_l3,l3,1.0,0.0,0.5389695763587952,1.0305854082107544,0.4721272885799408,0.47719207406044006,0.5278727114200592,0.5228079259395599,5.0,0.0,0.1461290580036196,0.8116005298991998,0.0,0.41502663493156433,0.0007189226453192532,0.4136810898780823,0.4163174033164978,0.4520338177680969,0.036438051611185074,0.3975849449634552,0.4980693459510803,0.12712372839450836,0.025978384539484978,0.1020541787147522,0.3576675355434418,0.17224760353565216,0.8530608415603638,0.016835317015647888,nondiff,Non-Diff Active,sun_glare_l3,9,/home/zhaoguodong/work/code/DiffPhysDrone/checkpoint/2026-04-22-13-00-37/checkpoint0049.pth
sun_glare_l3,l3,1.0,0.0,0.52415931224823,0.9475516080856323,0.43616539239883423,0.4424285292625427,0.5638346076011658,0.5575714707374573,5.4,0.0,0.14381343739805744,0.8043936468660832,0.0,0.41282495856285095,0.0016669436590746045,0.40998518466949463,0.4160321354866028,0.4505515694618225,0.03382718563079834,0.4054650664329529,0.4981844127178192,0.1264193058013916,0.026087118312716484,0.10147879272699356,0.3576400578022003,0.17042723298072815,0.7820423245429993,0.01666237972676754,nondiff,Non-Diff Active,sun_glare_l3,10,/home/zhaoguodong/work/code/DiffPhysDrone/checkpoint/2026-04-22-13-00-37/checkpoint0049.pth
sun_glare_l3,l3,1.0,0.0,0.5266690254211426,1.0137757062911987,0.44744741916656494,0.4507107734680176,0.5525525808334351,0.5492892265319824,5.066666666666666,0.0,0.12286415972630493,0.8319360628724098,0.0,0.41360458731651306,0.000989860505796969,0.41072189807891846,0.4160321354866028,0.45213255286216736,0.03765132650732994,0.3967101573944092,0.502063512802124,0.12679791450500488,0.026034655049443245,0.10131435096263885,0.3576400578022003,0.17106972634792328,0.808018684387207,0.01675551012158394,nondiff,Non-Diff Active,sun_glare_l3,11,/home/zhaoguodong/work/code/DiffPhysDrone/checkpoint/2026-04-22-13-00-37/checkpoint0049.pth
sun_glare_l3,l3,1.0,0.0,0.5440141558647156,1.0120052099227905,0.45980092883110046,0.46430379152297974,0.5401990711688995,0.5356962084770203,5.2,0.0,0.15274200258233275,0.8009585169454415,0.0,0.4141077995300293,0.0007526414701715112,0.41285839676856995,0.41705942153930664,0.4525189995765686,0.0358060859143734,0.4002636671066284,0.5019748210906982,0.12697426974773407,0.02601969614624977,0.10208553075790405,0.35765379667282104,0.1714858114719391,0.8413943648338318,0.01679948903620243,nondiff,Non-Diff Active,sun_glare_l3,12,/home/zhaoguodong/work/code/DiffPhysDrone/checkpoint/2026-04-22-13-00-37/checkpoint0049.pth
sun_glare_l3,l3,1.0,0.0,0.5321699380874634,1.0366346836090088,0.44912657141685486,0.4509553611278534,0.5508734285831451,0.5490446388721466,5.066666666666666,0.0,0.11822937095033316,0.8336575850844383,0.0,0.4128498435020447,0.0011210122611373663,0.41080981492996216,0.4160321354866028,0.4520268142223358,0.03731163591146469,0.3984430432319641,0.49820390343666077,0.12629127502441406,0.026029245927929878,0.10140079259872437,0.3576400578022003,0.1704462170600891,0.8261846303939819,0.016627006232738495,nondiff,Non-Diff Active,sun_glare_l3,13,/home/zhaoguodong/work/code/DiffPhysDrone/checkpoint/2026-04-22-13-00-37/checkpoint0049.pth
sun_glare_l3,l3,1.0,0.0,0.5372516512870789,1.0366145372390747,0.44850537180900574,0.4543340504169464,0.5514946281909943,0.5456659495830536,5.4,0.0,0.13883125332843824,0.8140851356089115,0.0,0.4132777750492096,0.001633462030440569,0.410205215215683,0.4160321354866028,0.4509418308734894,0.03567030653357506,0.39508214592933655,0.49516600370407104,0.12647297978401184,0.026048099622130394,0.10175983607769012,0.3576400578022003,0.17080120742321014,0.7990953326225281,0.016673915088176727,nondiff,Non-Diff Active,sun_glare_l3,14,/home/zhaoguodong/work/code/DiffPhysDrone/checkpoint/2026-04-22-13-00-37/checkpoint0049.pth
sun_glare_l3,l3,1.0,0.0,0.5331522226333618,1.0947768688201904,0.4529459774494171,0.4555380642414093,0.5470540225505829,0.5444619357585907,5.133333333333334,0.0,0.12750315222074277,0.8258243883649509,0.0,0.4138888120651245,0.001458701561205089,0.4097692668437958,0.4160321354866028,0.4528171420097351,0.03816100209951401,0.39333561062812805,0.5008273720741272,0.12645241618156433,0.02609865553677082,0.10143730044364929,0.3576400578022003,0.1713060736656189,0.8340553641319275,0.016671352088451385,nondiff,Non-Diff Active,sun_glare_l3,15,/home/zhaoguodong/work/code/DiffPhysDrone/checkpoint/2026-04-22-13-00-37/checkpoint0049.pth
sun_glare_l3,l3,1.0,0.0,0.5433136224746704,1.085156798362732,0.44653865694999695,0.4506102502346039,0.553461343050003,0.5493897497653961,5.4,0.0,0.12708153632120228,0.828621173153321,0.0,0.41348013281822205,0.0012989852111786604,0.41104599833488464,0.4160321354866028,0.4498579204082489,0.0360400415956974,0.39185622334480286,0.4960646629333496,0.1263575553894043,0.0260526891797781,0.1018669530749321,0.357626348733902,0.1709674894809723,0.8260394334793091,0.016644971445202827,nondiff,Non-Diff Active,sun_glare_l3,16,/home/zhaoguodong/work/code/DiffPhysDrone/checkpoint/2026-04-22-13-00-37/checkpoint0049.pth
sun_glare_l3,l3,1.0,0.0,0.5465804934501648,1.0495585203170776,0.44663089513778687,0.45378607511520386,0.5533691048622131,0.5462139248847961,5.266666666666667,0.0,0.12646992571050455,0.8223958251376947,0.0,0.4142778217792511,0.0005654071574099362,0.4133656322956085,0.4160321354866028,0.45013734698295593,0.03681536763906479,0.39289915561676025,0.5002757906913757,0.12707750499248505,0.02603127248585224,0.10117483139038086,0.35765379667282104,0.17162644863128662,0.8361639976501465,0.016826316714286804,nondiff,Non-Diff Active,sun_glare_l3,17,/home/zhaoguodong/work/code/DiffPhysDrone/checkpoint/2026-04-22-13-00-37/checkpoint0049.pth
sun_glare_l3,l3,1.0,0.0,0.5385748744010925,0.9941883683204651,0.4481201469898224,0.45398804545402527,0.5518798530101776,0.5460119545459747,5.333333333333333,0.0,0.15491419043779994,0.7934712879359722,0.0,0.41447216272354126,0.0008099467377178371,0.41266870498657227,0.4160321354866028,0.4526095390319824,0.033686719834804535,0.4040926992893219,0.5000172853469849,0.12685595452785492,0.026028726249933243,0.10174885392189026,0.357626348733902,0.171787828207016,0.8192746639251709,0.016769925132393837,nondiff,Non-Diff Active,sun_glare_l3,18,/home/zhaoguodong/work/code/DiffPhysDrone/checkpoint/2026-04-22-13-00-37/checkpoint0049.pth
sun_glare_l3,l3,1.0,0.0,0.5324623584747314,0.9911462664604187,0.47023388743400574,0.4678161144256592,0.5297661125659943,0.5321838855743408,5.266666666666667,0.0,0.1329839489267518,0.8139199328919252,0.0,0.41348427534103394,0.0011332894209772348,0.41099655628204346,0.4160321354866028,0.4504900276660919,0.03794657811522484,0.39844977855682373,0.5022826194763184,0.12653370201587677,0.026052825152873993,0.10175511240959167,0.35765379667282104,0.17097049951553345,0.8236650824546814,0.01668952777981758,nondiff,Non-Diff Active,sun_glare_l3,19,/home/zhaoguodong/work/code/DiffPhysDrone/checkpoint/2026-04-22-13-00-37/checkpoint0049.pth
