scene,slot,step,setting,power,exposure,gain,policy_power,policy_exposure,policy_gain,ctl_dt,goal_dist,clearance,collided,x,y,z,local_x,local_y,local_z,look_target_x,look_target_y,look_target_z,look_target_local_x,look_target_local_y,look_target_local_z,geometry_kind,wall_x,back_wall_x,slit_center_y,slit_half_y,wall_half_z,goal_local_x,goal_local_y,camera_forward_x,camera_forward_y,camera_forward_z,fill_rate,quality_mean,invalid_rate,scene_effect_mean,scene_mask_mean,slit_cue_mask_mean,key_cue_artifact_mean,front_wall_hit_mean,back_wall_hit_mean,scene_mask_on_back_wall_mean,glare_invalid_rate,glare_quality_mean,local_mask_area,local_fill,local_depth_mean,local_depth_std,local_quality_mean,local_front_fill,local_front_area,slit_neighbor_front_band_fill,slit_neighbor_front_band_area,slit_neighbor_front_masked_fill,slit_neighbor_front_unmasked_fill,far_slit_fill,far_slit_clean_depth_fill,far_slit_area,far_slit_center_fill,far_slit_center_clean_depth_fill,far_slit_center_area,far_slit_edge_fill,far_slit_edge_clean_depth_fill,far_slit_edge_area,slit_adjacent_front_fill,slit_adjacent_front_area,slit_adjacent_front_quality_mean,clean_slit_shortcut,visible_slit_body_shortcut,whole_slit_black_flag,clean_slit_edge_shortcut,visible_slit_edge_shortcut,valid_separator_band_shortcut,local_edge_area,local_edge_fill,local_edge_quality_mean,panel,method,method_label,column_idx,reference_step,source_step,reference_local_x,source_policy_power,source_policy_exposure,source_policy_gain,scene_name
glare,far_right,13,fixed,0.5,0.5,0.5,0.8294504880905151,0.049003247171640396,0.059176005423069,0.06741311703037882,2.7272756099700928,0.9517876505851746,0.0,-1.2254167795181274,0.09848058968782425,1.5209141969680786,-1.2254167795181274,0.09848058968782425,1.5209141969680786,0.02363431453704834,0.09377336502075195,1.4724440574645996,0.02363431453704834,0.09377336502075195,1.4724440574645996,single_wall_slit,0.0,2.5210158824920654,0.5400000214576721,0.15000000596046448,1.0,1.5,0.0,0.9992408752441406,-0.003765776753425598,-0.03877607733011246,0.6041666865348816,0.5527987480163574,0.3958333432674408,0.436536967754364,0.32735103368759155,0.324517160654068,0.29855573177337646,0.7223873734474182,0.015962544828653336,0.015650305896997452,0.9440624117851257,0.03693540766835213,0.5208333333333334,0.24,1.1257970333099365,0.015579449944198132,0.15849097073078156,0.3074733096085409,0.40653935185185186,0.0,0.10850694444444445,0.0,0.0,0.0,0.0,0.11429398148148148,0.0,0.0,0.09259259259259259,0.0,0.0,0.021701388888888888,0.0,0.021701388888888888,0.0,0.0,0.0,1.0,0.0,0.0,0.0,0.04600694444444445,0.0,0.0,same_pose,fixed,Fixed,0,13,12,-1.2254167795181274,0.5,0.5,0.5,glare
glare,far_right,13,randfix,0.7201593518257141,0.36766287684440613,0.29706576466560364,0.8294504880905151,0.049003247171640396,0.059176005423069,0.06741311703037882,2.7272756099700928,0.9517876505851746,0.0,-1.2254167795181274,0.09848058968782425,1.5209141969680786,-1.2254167795181274,0.09848058968782425,1.5209141969680786,0.02363431453704834,0.09377336502075195,1.4724440574645996,0.02363431453704834,0.09377336502075195,1.4724440574645996,single_wall_slit,0.0,2.5210158824920654,0.5400000214576721,0.15000000596046448,1.0,1.5,0.0,0.9992408752441406,-0.003765776753425598,-0.03877607733011246,0.6047453880310059,0.5596266388893127,0.39525464177131653,0.42623281478881836,0.32735103368759155,0.324517160654068,0.29855573177337646,0.7223873734474182,0.015962544828653336,0.015650305896997452,0.9436052441596985,0.039438504725694656,0.5208333333333334,0.2411111111111111,1.1259195804595947,0.015647705644369125,0.16894951462745667,0.3088967971530249,0.40653935185185186,0.0,0.10850694444444445,0.0,0.0,0.0,0.0,0.11429398148148148,0.0,0.0,0.09259259259259259,0.0,0.0,0.021701388888888888,0.0,0.021701388888888888,0.0,0.0,0.0,1.0,0.0,0.0,0.0,0.04600694444444445,0.0,0.0,same_pose,randfix,Random fixed,0,13,12,-1.2254167795181274,0.7201593518257141,0.36766287684440613,0.29706576466560364,glare
glare,far_right,13,flightonly,0.8294504880905151,0.049003247171640396,0.059176005423069,0.8294504880905151,0.049003247171640396,0.059176005423069,0.06741311703037882,2.7272756099700928,0.9517876505851746,0.0,-1.2254167795181274,0.09848058968782425,1.5209141969680786,-1.2254167795181274,0.09848058968782425,1.5209141969680786,0.02363431453704834,0.09377336502075195,1.4724440574645996,0.02363431453704834,0.09377336502075195,1.4724440574645996,single_wall_slit,0.0,2.5210158824920654,0.5400000214576721,0.15000000596046448,1.0,1.5,0.0,0.9992408752441406,-0.003765776753425598,-0.03877607733011246,0.9950810074806213,0.842458963394165,0.004918981343507767,0.03729407489299774,0.32735103368759155,0.324517160654068,0.012464119121432304,0.7223873734474182,0.015962544828653336,0.015650305896997452,0.01442599855363369,0.7351608872413635,0.5208333333333334,0.9905555555555555,1.6769009828567505,1.0440336465835571,0.7915768623352051,1.0,0.40653935185185186,1.0,0.10850694444444445,1.0,0.0,0.9569620253164557,0.8860759493670886,0.11429398148148148,1.0,0.9125,0.09259259259259259,0.7733333333333333,0.7733333333333333,0.021701388888888888,1.0,0.021701388888888888,0.6477599143981934,0.0,0.0,0.0,0.0,0.0,0.9569620253164557,0.04600694444444445,0.8930817610062893,0.49035903811454773,same_pose,flightonly,Ours,0,13,13,-1.2254167795181274,0.8294504880905151,0.049003247171640396,0.059176005423069,glare
glare,far_right,20,fixed,0.5,0.5,0.5,0.7741261124610901,0.03068801760673523,0.05892755836248398,0.07245372545516067,2.2639365196228027,0.4499940872192383,0.0,-0.7421926259994507,0.3123583495616913,1.520306944847107,-0.7421926259994507,0.3123583495616913,1.520306944847107,0.5055947303771973,0.248759925365448,1.5588078498840332,0.5055947303771973,0.248759925365448,1.5588078498840332,single_wall_slit,0.0,2.5210158824920654,0.5400000214576721,0.15000000596046448,1.0,1.5,0.0,0.9982298612594604,-0.05087874084711075,0.030800703912973404,0.386284738779068,0.3429296612739563,0.6137152910232544,0.6483387351036072,0.5116758346557617,0.5087503790855408,0.46805036067962646,0.6533046364784241,0.027162060141563416,0.02649156004190445,0.9685879945755005,0.021661527454853058,0.7268518518518519,0.15565286624203822,0.6526086330413818,0.007420877926051617,0.10690592229366302,0.21819196428571427,0.5185185185185185,0.0,0.009403935185185185,0.0,0.0,0.0,0.0,0.004050925925925926,0.0,0.0,0.003616898148148148,0.0,0.0,0.00043402777777777775,0.0,0.0007233796296296296,0.0,0.0,0.0,0.0,0.0,0.0,0.0,0.04716435185185185,0.0,0.0,same_pose,fixed,Fixed,1,20,18,-0.7421926259994507,0.5,0.5,0.5,glare
glare,far_right,20,randfix,0.7201593518257141,0.36766287684440613,0.29706576466560364,0.7741261124610901,0.03068801760673523,0.05892755836248398,0.07245372545516067,2.2639365196228027,0.4499940872192383,0.0,-0.7421926259994507,0.3123583495616913,1.520306944847107,-0.7421926259994507,0.3123583495616913,1.520306944847107,0.5055947303771973,0.248759925365448,1.5588078498840332,0.5055947303771973,0.248759925365448,1.5588078498840332,single_wall_slit,0.0,2.5210158824920654,0.5400000214576721,0.15000000596046448,1.0,1.5,0.0,0.9982298612594604,-0.05087874084711075,0.030800703912973404,0.3967013955116272,0.35287436842918396,0.6032986044883728,0.6391482353210449,0.5116758346557617,0.5087503790855408,0.46805036067962646,0.6533046364784241,0.027162060141563416,0.02649156004190445,0.9635089039802551,0.025051528587937355,0.7268518518518519,0.16998407643312102,0.6523269414901733,0.0074611264280974865,0.11906718462705612,0.23828125,0.5185185185185185,0.0,0.009403935185185185,0.0,0.0,0.0,0.0,0.004050925925925926,0.0,0.0,0.003616898148148148,0.0,0.0,0.00043402777777777775,0.0,0.0007233796296296296,0.0,0.0,0.0,0.0,0.0,0.0,0.0,0.04716435185185185,0.0,0.0,same_pose,randfix,Random fixed,1,20,18,-0.7421926259994507,0.7201593518257141,0.36766287684440613,0.29706576466560364,glare
glare,far_right,20,flightonly,0.7741261124610901,0.03068801760673523,0.05892755836248398,0.7741261124610901,0.03068801760673523,0.05892755836248398,0.07245372545516067,2.2639365196228027,0.4499940872192383,0.0,-0.7421926259994507,0.3123583495616913,1.520306944847107,-0.7421926259994507,0.3123583495616913,1.520306944847107,0.5055947303771973,0.248759925365448,1.5588078498840332,0.5055947303771973,0.248759925365448,1.5588078498840332,single_wall_slit,0.0,2.5210158824920654,0.5400000214576721,0.15000000596046448,1.0,1.5,0.0,0.9982298612594604,-0.05087874084711075,0.030800703912973404,0.9878472089767456,0.8678513169288635,0.01215277798473835,0.052404407411813736,0.5116758346557617,0.5087503790855408,0.018735595047473907,0.6533046364784241,0.027162060141563416,0.02649156004190445,0.022079506888985634,0.7888042330741882,0.7268518518518519,0.98328025477707,1.3385064601898193,1.1287204027175903,0.836702287197113,1.0,0.5185185185185185,1.0,0.009403935185185185,1.0,0.0,0.6428571428571429,0.6428571428571429,0.004050925925925926,0.72,0.72,0.003616898148148148,0.0,0.0,0.00043402777777777775,1.0,0.0007233796296296296,0.790614902973175,0.0,0.0,0.0,0.0,0.0,0.6428571428571429,0.04716435185185185,0.7423312883435583,0.4765525758266449,same_pose,flightonly,Ours,1,20,20,-0.7421926259994507,0.7741261124610901,0.03068801760673523,0.05892755836248398,glare
glare,far_right,25,fixed,0.5,0.5,0.5,0.770391047000885,0.027560537680983543,0.058210935443639755,0.07198975332620884,1.9279969930648804,0.09762471914291382,0.0,-0.3736284673213959,0.45447754859924316,1.5117930173873901,-0.3736284673213959,0.45447754859924316,1.5117930173873901,0.8681322336196899,0.3184577524662018,1.5568381547927856,0.8681322336196899,0.3184577524662018,1.5568381547927856,single_wall_slit,0.0,2.5210158824920654,0.5400000214576721,0.15000000596046448,1.0,1.5,0.0,0.9934086203575134,-0.10881584137678146,0.03603607788681984,0.0447048619389534,0.022232558578252792,0.9552951455116272,0.9561241865158081,0.7645468711853027,0.7639957666397095,0.7028761506080627,0.506193995475769,0.054170913994312286,0.04999704286456108,0.9885467290878296,0.005618589464575052,1.0,0.04470486111111111,0.3017364740371704,0.005307947751134634,0.022232558578252792,0.075439453125,0.5925925925925926,0.0,0.1099537037037037,0.0,0.0,0.0,0.0,0.4074074074074074,0.0,0.0,0.3854166666666667,0.0,0.0,0.02199074074074074,0.0,0.02199074074074074,0.0,0.0,0.0,1.0,0.0,0.0,0.0,0.08608217592592593,0.0,0.0,same_pose,fixed,Fixed,2,25,22,-0.3736284673213959,0.5,0.5,0.5,glare
glare,far_right,25,randfix,0.7201593518257141,0.36766287684440613,0.29706576466560364,0.770391047000885,0.027560537680983543,0.058210935443639755,0.07198975332620884,1.9279969930648804,0.09762471914291382,0.0,-0.3736284673213959,0.45447754859924316,1.5117930173873901,-0.3736284673213959,0.45447754859924316,1.5117930173873901,0.8681322336196899,0.3184577524662018,1.5568381547927856,0.8681322336196899,0.3184577524662018,1.5568381547927856,single_wall_slit,0.0,2.5210158824920654,0.5400000214576721,0.15000000596046448,1.0,1.5,0.0,0.9934086203575134,-0.10881584137678146,0.03603607788681984,0.06611689925193787,0.034402187913656235,0.9338831305503845,0.9449496269226074,0.7645468711853027,0.7639957666397095,0.7028761506080627,0.506193995475769,0.054170913994312286,0.04999704286456108,0.9814857840538025,0.009449233300983906,1.0,0.06611689814814815,0.3008173108100891,0.005211687181144953,0.034402187913656235,0.111572265625,0.5925925925925926,0.0,0.1099537037037037,0.0,0.0,0.0,0.0,0.4074074074074074,0.0,0.0,0.3854166666666667,0.0,0.0,0.02199074074074074,0.0,0.02199074074074074,0.0,0.0,0.0,1.0,0.0,0.0,0.0,0.08608217592592593,0.0,0.0,same_pose,randfix,Random fixed,2,25,22,-0.3736284673213959,0.7201593518257141,0.36766287684440613,0.29706576466560364,glare
glare,far_right,25,flightonly,0.770391047000885,0.027560537680983543,0.058210935443639755,0.770391047000885,0.027560537680983543,0.058210935443639755,0.07198975332620884,1.9279969930648804,0.09762471914291382,0.0,-0.3736284673213959,0.45447754859924316,1.5117930173873901,-0.3736284673213959,0.45447754859924316,1.5117930173873901,0.8681322336196899,0.3184577524662018,1.5568381547927856,0.8681322336196899,0.3184577524662018,1.5568381547927856,single_wall_slit,0.0,2.5210158824920654,0.5400000214576721,0.15000000596046448,1.0,1.5,0.0,0.9934086203575134,-0.10881584137678146,0.03603607788681984,0.9998553395271301,0.8230208158493042,0.00014467592700384557,0.07654083520174026,0.7645468711853027,0.7639957666397095,0.02769794687628746,0.506193995475769,0.054170913994312286,0.04999704286456108,0.00011373021698091179,0.7885516285896301,1.0,0.9998553240740741,1.2963080406188965,1.185362458229065,0.8230208158493042,1.0,0.5925925925925926,1.0,0.1099537037037037,1.0,0.0,0.9996448863636364,0.9996448863636364,0.4074074074074074,1.0,1.0,0.3854166666666667,0.993421052631579,0.993421052631579,0.02199074074074074,1.0,0.02199074074074074,0.8923713564872742,0.0,0.0,0.0,0.0,0.0,0.9996448863636364,0.08608217592592593,0.9983193277310924,0.8184057474136353,same_pose,flightonly,Ours,2,25,25,-0.3736284673213959,0.770391047000885,0.027560537680983543,0.058210935443639755,glare
glare,far_right,26,fixed,0.5,0.5,0.5,0.7667639851570129,0.027678608894348145,0.05966245010495186,0.06704546604779374,1.8558566570281982,0.03898702561855316,0.0,-0.29362180829048157,0.47647592425346375,1.5097792148590088,-0.29362180829048157,0.47647592425346375,1.5097792148590088,0.9461144208908081,0.32284170389175415,1.553946614265442,0.9461144208908081,0.32284170389175415,1.553946614265442,single_wall_slit,0.0,2.5210158824920654,0.5400000214576721,0.15000000596046448,1.0,1.5,0.0,0.9917889833450317,-0.12290738523006439,0.035333964973688126,0.01215277798473835,0.005914604291319847,0.9878472089767456,0.971652626991272,0.7833361029624939,0.7818865180015564,0.7193356156349182,0.43914106488227844,0.06552058458328247,0.05877184495329857,0.995783269405365,0.0020291456021368504,1.0,0.012152777777777778,0.21966291964054108,0.0035682031884789467,0.005914604291319847,0.023958927552766685,0.5072337962962963,0.0,0.10923032407407407,0.0,0.0,0.0,0.0,0.4927662037037037,0.0,0.0,0.4704861111111111,0.0,0.0,0.02228009259259259,0.0,0.02228009259259259,0.0,0.0,0.0,1.0,0.0,0.0,0.0,0.07667824074074074,0.0,0.0,same_pose,fixed,Fixed,3,26,25,-0.29362180829048157,0.5,0.5,0.5,glare
glare,far_right,26,randfix,0.7201593518257141,0.36766287684440613,0.29706576466560364,0.7667639851570129,0.027678608894348145,0.05966245010495186,0.06704546604779374,1.8558566570281982,0.03898702561855316,0.0,-0.29362180829048157,0.47647592425346375,1.5097792148590088,-0.29362180829048157,0.47647592425346375,1.5097792148590088,0.9461144208908081,0.32284170389175415,1.553946614265442,0.9461144208908081,0.32284170389175415,1.553946614265442,single_wall_slit,0.0,2.5210158824920654,0.5400000214576721,0.15000000596046448,1.0,1.5,0.0,0.9917889833450317,-0.12290738523006439,0.035333964973688126,0.027922453358769417,0.013461757451295853,0.9720775485038757,0.9627665281295776,0.7833361029624939,0.7818865180015564,0.7193356156349182,0.43914106488227844,0.06552058458328247,0.05877184495329857,0.9892750382423401,0.005106150172650814,1.0,0.027922453703703703,0.21761669218540192,0.003978395368903875,0.013461757451295853,0.055048488305761555,0.5072337962962963,0.0,0.10923032407407407,0.0,0.0,0.0,0.0,0.4927662037037037,0.0,0.0,0.4704861111111111,0.0,0.0,0.02228009259259259,0.0,0.02228009259259259,0.0,0.0,0.0,1.0,0.0,0.0,0.0,0.07667824074074074,0.0,0.0,same_pose,randfix,Random fixed,3,26,23,-0.29362180829048157,0.7201593518257141,0.36766287684440613,0.29706576466560364,glare
glare,far_right,26,flightonly,0.7667639851570129,0.027678608894348145,0.05966245010495186,0.7667639851570129,0.027678608894348145,0.05966245010495186,0.06704546604779374,1.8558566570281982,0.03898702561855316,0.0,-0.29362180829048157,0.47647592425346375,1.5097792148590088,-0.29362180829048157,0.47647592425346375,1.5097792148590088,0.9461144208908081,0.32284170389175415,1.553946614265442,0.9461144208908081,0.32284170389175415,1.553946614265442,single_wall_slit,0.0,2.5210158824920654,0.5400000214576721,0.15000000596046448,1.0,1.5,0.0,0.9917889833450317,-0.12290738523006439,0.035333964973688126,0.9995659589767456,0.79190993309021,0.0004340277810115367,0.08092726022005081,0.7833361029624939,0.7818865180015564,0.02892274782061577,0.43914106488227844,0.06552058458328247,0.05877184495329857,0.0003293809713795781,0.763802170753479,1.0,0.9995659722222222,1.4239431619644165,1.1999738216400146,0.79190993309021,1.0,0.5072337962962963,1.0,0.10923032407407407,1.0,0.0,0.9991192014092778,0.9979448032883147,0.4927662037037037,1.0,0.9996924969249692,0.4704861111111111,0.9805194805194806,0.961038961038961,0.02228009259259259,1.0,0.02228009259259259,0.9156216979026794,0.0,0.0,0.0,0.0,0.0,0.9991192014092778,0.07667824074074074,0.9943396226415094,0.8020758628845215,same_pose,flightonly,Ours,3,26,26,-0.29362180829048157,0.7667639851570129,0.027678608894348145,0.05966245010495186,glare
glare,far_right,27,fixed,0.5,0.5,0.5,0.7653968930244446,0.02803591638803482,0.06119120866060257,0.07621858527613384,1.7884738445281982,0.005737041588872671,0.0,-0.21917366981506348,0.4929707944393158,1.507766842842102,-0.21917366981506348,0.4929707944393158,1.507766842842102,1.0183861255645752,0.32256171107292175,1.5514328479766846,1.0183861255645752,0.32256171107292175,1.5514328479766846,single_wall_slit,0.0,2.5210158824920654,0.5400000214576721,0.15000000596046448,1.0,1.5,0.0,0.9900478720664978,-0.13632726669311523,0.03493279591202736,0.0212673619389534,0.01036578044295311,0.9787326455116272,0.9650207161903381,0.7599310278892517,0.7524548768997192,0.6922584772109985,0.364252507686615,0.08037146180868149,0.07014977186918259,0.9924399256706238,0.0036356186028569937,1.0,0.021267361111111112,0.13627152144908905,0.002594281919300556,0.01036578044295311,0.05376737381126555,0.39554398148148145,0.0,0.06105324074074074,0.0,0.0,0.0,0.0,0.6044560185185185,0.0,0.0,0.5894097222222222,0.0,0.0,0.015046296296296295,0.0,0.014756944444444444,0.0,0.0,0.0,1.0,0.0,0.0,0.0,0.02980324074074074,0.0,0.0,same_pose,fixed,Fixed,4,27,28,-0.21917366981506348,0.5,0.5,0.5,glare
glare,far_right,27,randfix,0.7201593518257141,0.36766287684440613,0.29706576466560364,0.7653968930244446,0.02803591638803482,0.06119120866060257,0.07621858527613384,1.7884738445281982,0.005737041588872671,0.0,-0.21917366981506348,0.4929707944393158,1.507766842842102,-0.21917366981506348,0.4929707944393158,1.507766842842102,1.0183861255645752,0.32256171107292175,1.5514328479766846,1.0183861255645752,0.32256171107292175,1.5514328479766846,single_wall_slit,0.0,2.5210158824920654,0.5400000214576721,0.15000000596046448,1.0,1.5,0.0,0.9900478720664978,-0.13632726669311523,0.03493279591202736,0.04152199253439903,0.020462844520807266,0.9584780335426331,0.955635666847229,0.7599310278892517,0.7524548768997192,0.6922584772109985,0.364252507686615,0.08037146180868149,0.07014977186918259,0.983942449092865,0.007807563524693251,1.0,0.04152199074074074,0.13530629873275757,0.002556400839239359,0.020462844520807266,0.1049743964886613,0.39554398148148145,0.0,0.06105324074074074,0.0,0.0,0.0,0.0,0.6044560185185185,0.0,0.0,0.5894097222222222,0.0,0.0,0.015046296296296295,0.0,0.014756944444444444,0.0,0.0,0.0,1.0,0.0,0.0,0.0,0.02980324074074074,0.0,0.0,same_pose,randfix,Random fixed,4,27,24,-0.21917366981506348,0.7201593518257141,0.36766287684440613,0.29706576466560364,glare
glare,far_right,27,flightonly,0.7653968930244446,0.02803591638803482,0.06119120866060257,0.7653968930244446,0.02803591638803482,0.06119120866060257,0.07621858527613384,1.7884738445281982,0.005737041588872671,0.0,-0.21917366981506348,0.4929707944393158,1.507766842842102,-0.21917366981506348,0.4929707944393158,1.507766842842102,1.0183861255645752,0.32256171107292175,1.5514328479766846,1.0183861255645752,0.32256171107292175,1.5514328479766846,single_wall_slit,0.0,2.5210158824920654,0.5400000214576721,0.15000000596046448,1.0,1.5,0.0,0.9900478720664978,-0.13632726669311523,0.03493279591202736,0.9998553395271301,0.755691647529602,0.00014467592700384557,0.08331508934497833,0.7599310278892517,0.7524548768997192,0.028345881029963493,0.364252507686615,0.08037146180868149,0.07014977186918259,0.00010102352098328993,0.7215452194213867,1.0,0.9998553240740741,1.620808482170105,1.1647824048995972,0.755691647529602,1.0,0.39554398148148145,1.0,0.06105324074074074,1.0,0.0,0.9997606510292005,0.9547630445189086,0.6044560185185185,1.0,0.966372115856652,0.5894097222222222,0.9903846153846154,0.5,0.015046296296296295,1.0,0.014756944444444444,0.9346988201141357,0.0,0.0,0.0,0.0,0.0,0.9997606510292005,0.02980324074074074,0.9951456310679612,0.6837478280067444,same_pose,flightonly,Ours,4,27,27,-0.21917366981506348,0.7653968930244446,0.02803591638803482,0.06119120866060257,glare
glare,far_right,12,fixed,0.5,0.5,0.5,0.5,0.5,0.5,0.09832849806955056,2.730996608734131,0.9566060304641724,0.0,-1.2291755676269531,0.0975293517112732,1.5207793712615967,-1.2291755676269531,0.0975293517112732,1.5207793712615967,0.01996934413909912,0.09324770420789719,1.4747484922409058,0.01996934413909912,0.09324770420789719,1.4747484922409058,single_wall_slit,0.0,2.5210158824920654,0.5400000214576721,0.15000000596046448,1.0,1.5,0.0,0.9993159174919128,-0.003425315488129854,-0.03682469576597214,0.6041666865348816,0.5535945892333984,0.3958333432674408,0.435202956199646,0.32636144757270813,0.32352307438850403,0.29764121770858765,0.7228336930274963,0.015819331631064415,0.015513347461819649,0.9448655843734741,0.0366816520690918,0.5208333333333334,0.24,1.129564881324768,0.014838837087154388,0.15974853932857513,0.3070362473347548,0.4071180555555556,0.0,0.02155671296296296,0.0,0.0,0.0,0.0,0.003616898148148148,0.0,0.0,0.0027488425925925927,0.0,0.0,0.0008680555555555555,0.0,0.0014467592592592592,0.0,0.0,0.0,0.0,0.0,0.0,0.0,0.046296296296296294,0.0,0.0,own_pose,fixed,Fixed,0,12,12,-1.2291755676269531,,,,glare
glare,far_right,18,fixed,0.5,0.5,0.5,0.5,0.5,0.5,0.07665258976841331,2.23950457572937,0.42156168818473816,0.0,-0.7143556475639343,0.33399489521980286,1.5213770866394043,-0.7143556475639343,0.33399489521980286,1.5213770866394043,0.533335268497467,0.268282413482666,1.559448003768921,0.533335268497467,0.268282413482666,1.559448003768921,single_wall_slit,0.0,2.5210158824920654,0.5400000214576721,0.15000000596046448,1.0,1.5,0.0,0.9981527328491211,-0.05256999284029007,0.03045668452978134,0.35951969027519226,0.31680023670196533,0.6404803395271301,0.672439455986023,0.5303294658660889,0.5273215174674988,0.4851358234882355,0.644528865814209,0.028797537088394165,0.028022581711411476,0.970151960849762,0.020968908444046974,0.7491319444444444,0.14503669370413286,0.6261230707168579,0.007182307541370392,0.09974292665719986,0.20513520895930074,0.5296585648148148,0.0,0.008680555555555556,0.0,0.0,0.0,0.0,0.0028935185185185184,0.0,0.0,0.0026041666666666665,0.0,0.0,0.00028935185185185184,0.0,0.0005787037037037037,0.0,0.0,0.0,0.0,0.0,0.0,0.0,0.047453703703703706,0.0,0.0,own_pose,fixed,Fixed,1,18,18,-0.7143556475639343,,,,glare
glare,far_right,22,fixed,0.5,0.5,0.5,0.5,0.5,0.5,0.08724819151691147,1.9198856353759766,0.09693154692649841,0.0,-0.35863587260246277,0.48086246848106384,1.5143005847930908,-0.35863587260246277,0.48086246848106384,1.5143005847930908,0.8824350833892822,0.3403879404067993,1.564397931098938,0.8824350833892822,0.3403879404067993,1.564397931098938,single_wall_slit,0.0,2.5210158824920654,0.5400000214576721,0.15000000596046448,1.0,1.5,0.0,0.9928568005561829,-0.11237962543964386,0.04007788747549057,0.0069444444961845875,0.0033939634449779987,0.9930555820465088,0.978486180305481,0.7972784042358398,0.7966902256011963,0.7329549193382263,0.5081477165222168,0.05545975640416145,0.05082995072007179,0.997945249080658,0.0009939491283148527,1.0,0.006944444444444444,0.29335010051727295,0.001007620943710208,0.0033939634449779987,0.011913626209977662,0.5828993055555556,0.0,0.11140046296296297,0.0,0.0,0.0,0.0,0.4171006944444444,0.0,0.0,0.39482060185185186,0.0,0.0,0.02228009259259259,0.0,0.02228009259259259,0.0,0.0,0.0,1.0,0.0,0.0,0.0,0.09259259259259259,0.0,0.0,own_pose,fixed,Fixed,2,22,22,-0.35863587260246277,,,,glare
glare,far_right,25,fixed,0.5,0.5,0.5,0.5,0.5,0.5,0.08498183854463841,1.6879918575286865,0.026325376704335213,0.0,-0.10049479454755783,0.5363245010375977,1.509435772895813,-0.10049479454755783,0.5363245010375977,1.509435772895813,1.1317992210388184,0.33418136835098267,1.5650246143341064,1.1317992210388184,0.33418136835098267,1.5650246143341064,single_wall_slit,0.0,2.5210158824920654,0.5400000214576721,0.15000000596046448,1.0,1.5,0.0,0.9858351349830627,-0.16171450912952423,0.04447103291749954,0.0047743055038154125,0.0022679357789456844,0.995225727558136,0.9800143837928772,0.5238825678825378,0.5176937580108643,0.47627830505371094,0.18299910426139832,0.10778393596410751,0.05867293104529381,0.9974077343940735,0.0012254146859049797,1.0,0.004774305555555556,0.14803394675254822,0.003972924314439297,0.0022679357789456844,0.025210084033613446,0.18938078703703703,0.0,0.05931712962962963,0.0,0.0,0.0,0.0,0.8106192129629629,0.0,0.0,0.7987557870370371,0.0,0.0,0.011863425925925927,0.0,0.011863425925925927,0.0,0.0,0.0,1.0,0.0,0.0,0.0,0.023726851851851853,0.0,0.0,own_pose,fixed,Fixed,3,25,25,-0.10049479454755783,,,,glare
glare,far_right,28,fixed,0.5,0.5,0.5,0.5,0.5,0.5,0.08585813393141115,1.4299863576889038,0.03247462213039398,0.0,0.1700449436903,0.5254334211349487,1.5004260540008545,0.1700449436903,0.5254334211349487,1.5004260540008545,1.390120267868042,0.2621186077594757,1.5681143999099731,1.390120267868042,0.2621186077594757,1.5681143999099731,single_wall_slit,0.0,2.5210158824920654,0.5400000214576721,0.15000000596046448,1.0,1.5,0.0,0.9760602712631226,-0.21065184473991394,0.05415067821741104,1.0,0.911568820476532,0.0,0.004708399530500174,0.0016954632010310888,0.00167506851721555,0.0015410631895065308,0.0,0.13296490907669067,0.00022543713566847146,0.0,0.9102403521537781,1.0,1.0,2.33095383644104,0.24282854795455933,0.911568820476532,1.0,0.4435763888888889,0.0,0.0,0.0,0.0,1.0,0.948756593820648,0.1919849537037037,1.0,0.948756593820648,0.1919849537037037,0.0,0.0,0.0,0.0,0.0,nan,0.0,0.0,0.0,0.0,0.0,0.0,0.0,0.0,nan,own_pose,fixed,Fixed,4,28,28,0.1700449436903,,,,glare
glare,far_right,12,randfix,0.7201593518257141,0.36766287684440613,0.29706576466560364,0.7201593518257141,0.36766287684440613,0.29706576466560364,0.0946892268102427,2.7380268573760986,0.9621778726577759,0.0,-1.2351775169372559,0.12185657024383545,1.5273218154907227,-1.2351775169372559,0.12185657024383545,1.5273218154907227,0.013809800148010254,0.11179368197917938,1.4780348539352417,0.013809800148010254,0.11179368197917938,1.4780348539352417,single_wall_slit,0.0,2.5210158824920654,0.5400000214576721,0.15000000596046448,1.0,1.5,0.0,0.9991898536682129,-0.008050313219428062,-0.03942955285310745,0.6061921119689941,0.5611018538475037,0.39380788803100586,0.4243040084838867,0.3256245255470276,0.322653204202652,0.29684096574783325,0.7203445434570312,0.015712518244981766,0.015435349196195602,0.9433774352073669,0.03996537625789642,0.5208333333333334,0.24388888888888888,1.133954405784607,0.01640443131327629,0.17242568731307983,0.31402002861230327,0.4045138888888889,0.0,0.021701388888888888,0.0,0.0,0.0,0.0,0.004629629629629629,0.0,0.0,0.003761574074074074,0.0,0.0,0.0008680555555555555,0.0,0.001591435185185185,0.0,0.0,0.0,0.0,0.0,0.0,0.0,0.046875,0.0,0.0,own_pose,randfix,Random fixed,0,12,12,-1.2351775169372559,,,,glare
glare,far_right,18,randfix,0.7201593518257141,0.36766287684440613,0.29706576466560364,0.7201593518257141,0.36766287684440613,0.29706576466560364,0.07301331850910545,2.2607927322387695,0.4399653375148773,0.0,-0.7342246770858765,0.34466472268104553,1.5250864028930664,-0.7342246770858765,0.34466472268104553,1.5250864028930664,0.5131222009658813,0.2699528932571411,1.557395339012146,0.5131222009658813,0.2699528932571411,1.557395339012146,single_wall_slit,0.0,2.5210158824920654,0.5400000214576721,0.15000000596046448,1.0,1.5,0.0,0.9978775382041931,-0.05976947769522667,0.025847114622592926,0.36820024251937866,0.3266116976737976,0.6317997574806213,0.6610179543495178,0.5237846970558167,0.5208377838134766,0.4791707694530487,0.6462031006813049,0.028335489332675934,0.027567347511649132,0.9662467837333679,0.02374853380024433,0.7488425925925926,0.1562982998454405,0.647631049156189,0.00674971891567111,0.11038845777511597,0.21965788759163726,0.5328414351851852,0.0,0.008680555555555556,0.0,0.0,0.0,0.0,0.0028935185185185184,0.0,0.0,0.0026041666666666665,0.0,0.0,0.00028935185185185184,0.0,0.0005787037037037037,0.0,0.0,0.0,0.0,0.0,0.0,0.0,0.04774305555555555,0.0,0.0,own_pose,randfix,Random fixed,1,18,18,-0.7342246770858765,,,,glare
glare,far_right,22,randfix,0.7201593518257141,0.36766287684440613,0.29706576466560364,0.7201593518257141,0.36766287684440613,0.29706576466560364,0.08360892025760361,1.9451411962509155,0.11244335025548935,0.0,-0.3889245390892029,0.46383607387542725,1.519860863685608,-0.3889245390892029,0.46383607387542725,1.519860863685608,0.8521408438682556,0.3223612308502197,1.567206859588623,0.8521408438682556,0.3223612308502197,1.567206859588623,single_wall_slit,0.0,2.5210158824920654,0.5400000214576721,0.15000000596046448,1.0,1.5,0.0,0.9928523302078247,-0.11317986249923706,0.03787679225206375,0.07190393656492233,0.038412850350141525,0.9280960559844971,0.9412439465522766,0.7608280181884766,0.760356605052948,0.699528157711029,0.5215430855751038,0.05238186940550804,0.04826085641980171,0.9804947972297668,0.010174539871513844,1.0,0.07190393518518519,0.3187844157218933,0.005937766749411821,0.038412850350141525,0.11864406779661017,0.6060474537037037,0.0,0.1115451388888889,0.0,0.0,0.0,0.0,0.3939525462962963,0.0,0.0,0.3715277777777778,0.0,0.0,0.022424768518518517,0.0,0.022424768518518517,0.0,0.0,0.0,1.0,0.0,0.0,0.0,0.08883101851851852,0.0,0.0,own_pose,randfix,Random fixed,2,22,22,-0.3889245390892029,,,,glare
glare,far_right,23,randfix,0.7201593518257141,0.36766287684440613,0.29706576466560364,0.7201593518257141,0.36766287684440613,0.29706576466560364,0.0653921586446453,1.8582227230072021,0.04071919992566109,0.0,-0.2937612235546112,0.48485520482063293,1.5181090831756592,-0.2937612235546112,0.48485520482063293,1.5181090831756592,0.9448543787002563,0.32374775409698486,1.5668513774871826,0.9448543787002563,0.32374775409698486,1.5668513774871826,single_wall_slit,0.0,2.5210158824920654,0.5400000214576721,0.15000000596046448,1.0,1.5,0.0,0.9908924698829651,-0.12888596951961517,0.038993872702121735,0.017505787312984467,0.008743377402424812,0.9824942350387573,0.9676685929298401,0.7848836183547974,0.7835631966590881,0.7208781838417053,0.4434337019920349,0.06542443484067917,0.058147553354501724,0.9934337735176086,0.0032259654253721237,1.0,0.01750578703703704,0.22154390811920166,0.0032038285862654448,0.008743377402424812,0.03446311592138992,0.5079571759259259,0.0,0.11226851851851852,0.0,0.0,0.0,0.0,0.49204282407407407,0.0,0.0,0.46947337962962965,0.0,0.0,0.022569444444444444,0.0,0.022569444444444444,0.0,0.0,0.0,1.0,0.0,0.0,0.0,0.07103587962962964,0.0,0.0,own_pose,randfix,Random fixed,3,23,23,-0.2937612235546112,,,,glare
glare,far_right,24,randfix,0.7201593518257141,0.36766287684440613,0.29706576466560364,0.7201593518257141,0.36766287684440613,0.29706576466560364,0.07307378642588322,1.7900649309158325,0.004988856613636017,0.0,-0.21966953575611115,0.49678805470466614,1.5164470672607422,-0.21966953575611115,0.49678805470466614,1.5164470672607422,1.0166140794754028,0.31939756870269775,1.5677838325500488,1.0166140794754028,0.31939756870269775,1.5677838325500488,single_wall_slit,0.0,2.5210158824920654,0.5400000214576721,0.15000000596046448,1.0,1.5,0.0,0.9890269041061401,-0.14191238582134247,0.04106943681836128,0.0360243059694767,0.018101170659065247,0.963975727558136,0.9576507806777954,0.75403892993927,0.7472156882286072,0.6874384880065918,0.3648271858692169,0.08048686385154724,0.06920461356639862,0.9861335754394531,0.006823962554335594,1.0,0.03602430555555555,0.13780063390731812,0.0030659132171422243,0.018101170659065247,0.09127565982404692,0.39467592592592593,0.0,0.0642361111111111,0.0,0.0,0.0,0.0,0.6053240740740741,0.0,0.0,0.5891203703703703,0.0,0.0,0.016203703703703703,0.0,0.015914351851851853,0.0,0.0,0.0,1.0,0.0,0.0,0.0,0.03211805555555555,0.0,0.0,own_pose,randfix,Random fixed,4,24,24,-0.21966953575611115,,,,glare
glare,far_right,13,flightonly,0.8294504880905151,0.049003247171640396,0.059176005423069,0.8294504880905151,0.049003247171640396,0.059176005423069,0.06741311703037882,2.7272756099700928,0.9517876505851746,0.0,-1.2254167795181274,0.09848058968782425,1.5209141969680786,-1.2254167795181274,0.09848058968782425,1.5209141969680786,0.02363431453704834,0.09377336502075195,1.4724440574645996,0.02363431453704834,0.09377336502075195,1.4724440574645996,single_wall_slit,0.0,2.5210158824920654,0.5400000214576721,0.15000000596046448,1.0,1.5,0.0,0.9992408752441406,-0.003765776753425598,-0.03877607733011246,0.9950810074806213,0.842458963394165,0.004918981343507767,0.03729407489299774,0.32735103368759155,0.324517160654068,0.012464119121432304,0.7223873734474182,0.015962544828653336,0.015650305896997452,0.01442599855363369,0.7351608872413635,0.5208333333333334,0.9905555555555555,1.6769009828567505,1.0440336465835571,0.7915768623352051,1.0,0.40653935185185186,1.0,0.10850694444444445,1.0,0.0,0.9569620253164557,0.8860759493670886,0.11429398148148148,1.0,0.9125,0.09259259259259259,0.7733333333333333,0.7733333333333333,0.021701388888888888,1.0,0.021701388888888888,0.6477599143981934,0.0,0.0,0.0,0.0,0.0,0.9569620253164557,0.04600694444444445,0.8930817610062893,0.49035903811454773,own_pose,flightonly,Ours,0,13,13,-1.2254167795181274,,,,glare
glare,far_right,20,flightonly,0.7741261124610901,0.03068801760673523,0.05892755836248398,0.7741261124610901,0.03068801760673523,0.05892755836248398,0.07245372545516067,2.2639365196228027,0.4499940872192383,0.0,-0.7421926259994507,0.3123583495616913,1.520306944847107,-0.7421926259994507,0.3123583495616913,1.520306944847107,0.5055947303771973,0.248759925365448,1.5588078498840332,0.5055947303771973,0.248759925365448,1.5588078498840332,single_wall_slit,0.0,2.5210158824920654,0.5400000214576721,0.15000000596046448,1.0,1.5,0.0,0.9982298612594604,-0.05087874084711075,0.030800703912973404,0.9878472089767456,0.8678513169288635,0.01215277798473835,0.052404407411813736,0.5116758346557617,0.5087503790855408,0.018735595047473907,0.6533046364784241,0.027162060141563416,0.02649156004190445,0.022079506888985634,0.7888042330741882,0.7268518518518519,0.98328025477707,1.3385064601898193,1.1287204027175903,0.836702287197113,1.0,0.5185185185185185,1.0,0.009403935185185185,1.0,0.0,0.6428571428571429,0.6428571428571429,0.004050925925925926,0.72,0.72,0.003616898148148148,0.0,0.0,0.00043402777777777775,1.0,0.0007233796296296296,0.790614902973175,0.0,0.0,0.0,0.0,0.0,0.6428571428571429,0.04716435185185185,0.7423312883435583,0.4765525758266449,own_pose,flightonly,Ours,1,20,20,-0.7421926259994507,,,,glare
glare,far_right,25,flightonly,0.770391047000885,0.027560537680983543,0.058210935443639755,0.770391047000885,0.027560537680983543,0.058210935443639755,0.07198975332620884,1.9279969930648804,0.09762471914291382,0.0,-0.3736284673213959,0.45447754859924316,1.5117930173873901,-0.3736284673213959,0.45447754859924316,1.5117930173873901,0.8681322336196899,0.3184577524662018,1.5568381547927856,0.8681322336196899,0.3184577524662018,1.5568381547927856,single_wall_slit,0.0,2.5210158824920654,0.5400000214576721,0.15000000596046448,1.0,1.5,0.0,0.9934086203575134,-0.10881584137678146,0.03603607788681984,0.9998553395271301,0.8230208158493042,0.00014467592700384557,0.07654083520174026,0.7645468711853027,0.7639957666397095,0.02769794687628746,0.506193995475769,0.054170913994312286,0.04999704286456108,0.00011373021698091179,0.7885516285896301,1.0,0.9998553240740741,1.2963080406188965,1.185362458229065,0.8230208158493042,1.0,0.5925925925925926,1.0,0.1099537037037037,1.0,0.0,0.9996448863636364,0.9996448863636364,0.4074074074074074,1.0,1.0,0.3854166666666667,0.993421052631579,0.993421052631579,0.02199074074074074,1.0,0.02199074074074074,0.8923713564872742,0.0,0.0,0.0,0.0,0.0,0.9996448863636364,0.08608217592592593,0.9983193277310924,0.8184057474136353,own_pose,flightonly,Ours,2,25,25,-0.3736284673213959,,,,glare
glare,far_right,26,flightonly,0.7667639851570129,0.027678608894348145,0.05966245010495186,0.7667639851570129,0.027678608894348145,0.05966245010495186,0.06704546604779374,1.8558566570281982,0.03898702561855316,0.0,-0.29362180829048157,0.47647592425346375,1.5097792148590088,-0.29362180829048157,0.47647592425346375,1.5097792148590088,0.9461144208908081,0.32284170389175415,1.553946614265442,0.9461144208908081,0.32284170389175415,1.553946614265442,single_wall_slit,0.0,2.5210158824920654,0.5400000214576721,0.15000000596046448,1.0,1.5,0.0,0.9917889833450317,-0.12290738523006439,0.035333964973688126,0.9995659589767456,0.79190993309021,0.0004340277810115367,0.08092726022005081,0.7833361029624939,0.7818865180015564,0.02892274782061577,0.43914106488227844,0.06552058458328247,0.05877184495329857,0.0003293809713795781,0.763802170753479,1.0,0.9995659722222222,1.4239431619644165,1.1999738216400146,0.79190993309021,1.0,0.5072337962962963,1.0,0.10923032407407407,1.0,0.0,0.9991192014092778,0.9979448032883147,0.4927662037037037,1.0,0.9996924969249692,0.4704861111111111,0.9805194805194806,0.961038961038961,0.02228009259259259,1.0,0.02228009259259259,0.9156216979026794,0.0,0.0,0.0,0.0,0.0,0.9991192014092778,0.07667824074074074,0.9943396226415094,0.8020758628845215,own_pose,flightonly,Ours,3,26,26,-0.29362180829048157,,,,glare
glare,far_right,27,flightonly,0.7653968930244446,0.02803591638803482,0.06119120866060257,0.7653968930244446,0.02803591638803482,0.06119120866060257,0.07621858527613384,1.7884738445281982,0.005737041588872671,0.0,-0.21917366981506348,0.4929707944393158,1.507766842842102,-0.21917366981506348,0.4929707944393158,1.507766842842102,1.0183861255645752,0.32256171107292175,1.5514328479766846,1.0183861255645752,0.32256171107292175,1.5514328479766846,single_wall_slit,0.0,2.5210158824920654,0.5400000214576721,0.15000000596046448,1.0,1.5,0.0,0.9900478720664978,-0.13632726669311523,0.03493279591202736,0.9998553395271301,0.755691647529602,0.00014467592700384557,0.08331508934497833,0.7599310278892517,0.7524548768997192,0.028345881029963493,0.364252507686615,0.08037146180868149,0.07014977186918259,0.00010102352098328993,0.7215452194213867,1.0,0.9998553240740741,1.620808482170105,1.1647824048995972,0.755691647529602,1.0,0.39554398148148145,1.0,0.06105324074074074,1.0,0.0,0.9997606510292005,0.9547630445189086,0.6044560185185185,1.0,0.966372115856652,0.5894097222222222,0.9903846153846154,0.5,0.015046296296296295,1.0,0.014756944444444444,0.9346988201141357,0.0,0.0,0.0,0.0,0.0,0.9997606510292005,0.02980324074074074,0.9951456310679612,0.6837478280067444,own_pose,flightonly,Ours,4,27,27,-0.21917366981506348,,,,glare
dark,far_right,12,fixed,0.5,0.5,0.5,0.711317777633667,0.7340201139450073,0.7245011329650879,0.09302600843861653,2.682255983352661,0.9033573269844055,0.0,-1.179432988166809,0.11894483864307404,1.5314568281173706,-1.179432988166809,0.11894483864307404,1.5314568281173706,0.06985676288604736,0.1072942465543747,1.490970253944397,0.06985676288604736,0.1072942465543747,1.490970253944397,single_wall_slit,0.0,2.0388615131378174,0.5400000214576721,0.15000000596046448,1.0,1.5,0.0,0.999431848526001,-0.009320474229753017,-0.032389238476753235,0.5435474514961243,0.5077630281448364,0.45645254850387573,0.37654390931129456,0.21233870089054108,0.33749163150787354,0.19463542103767395,0.7187052369117737,0.01563943549990654,0.0,0.9455386400222778,0.03482196107506752,0.4262152777777778,0.1544467073998642,1.0747249126434326,0.013551982119679451,0.1020125076174736,0.1544467073998642,0.4262152777777778,0.0,0.10706018518518519,0.0,0.0,0.19515151515151516,0.0,0.1193576388888889,0.2378138847858198,0.0,0.09794560185185185,0.0,0.0,0.02141203703703704,0.0,0.02141203703703704,0.0,0.0,0.16501100619226894,0.0,0.0,0.0,0.0,0.02141203703703704,0.0,0.0,same_pose,fixed,Fixed,0,12,12,-1.179432988166809,0.5,0.5,0.5,dark
dark,far_right,12,randfix,0.8485313653945923,0.7866179347038269,0.4493880867958069,0.711317777633667,0.7340201139450073,0.7245011329650879,0.09302600843861653,2.682255983352661,0.9033573269844055,0.0,-1.179432988166809,0.11894483864307404,1.5314568281173706,-1.179432988166809,0.11894483864307404,1.5314568281173706,0.06985676288604736,0.1072942465543747,1.490970253944397,0.06985676288604736,0.1072942465543747,1.490970253944397,single_wall_slit,0.0,2.0388615131378174,0.5400000214576721,0.15000000596046448,1.0,1.5,0.0,0.999431848526001,-0.009320474229753017,-0.032389238476753235,0.6682581305503845,0.6044347286224365,0.33174189925193787,0.23059478402137756,0.21233870089054108,0.33749163150787354,0.07884865999221802,0.7187052369117737,0.01563943549990654,0.0,0.7286992073059082,0.16273833811283112,0.4262152777777778,0.40122199592668023,1.06697678565979,0.024761540815234184,0.269296795129776,0.40122199592668023,0.4262152777777778,0.12972972972972974,0.10706018518518519,0.12972972972972974,0.0,0.35878787878787877,0.0024242424242424242,0.1193576388888889,0.3559822747415066,0.0029542097488921715,0.09794560185185185,0.3716216216216216,0.0,0.02141203703703704,0.033783783783783786,0.02141203703703704,0.014673045836389065,0.0014515830401777448,0.2148342899463062,0.0,0.0,0.35906683710737763,0.04654545454545454,0.02141203703703704,0.033783783783783786,0.014673045836389065,same_pose,randfix,Random fixed,0,12,12,-1.179432988166809,0.8485313653945923,0.7866179347038269,0.4493880867958069,dark
dark,far_right,12,flightonly,0.711317777633667,0.7340201139450073,0.7245011329650879,0.711317777633667,0.7340201139450073,0.7245011329650879,0.09302600843861653,2.682255983352661,0.9033573269844055,0.0,-1.179432988166809,0.11894483864307404,1.5314568281173706,-1.179432988166809,0.11894483864307404,1.5314568281173706,0.06985676288604736,0.1072942465543747,1.490970253944397,0.06985676288604736,0.1072942465543747,1.490970253944397,single_wall_slit,0.0,2.0388615131378174,0.5400000214576721,0.15000000596046448,1.0,1.5,0.0,0.999431848526001,-0.009320474229753017,-0.032389238476753235,1.0,0.9588435292243958,0.0,0.08317960053682327,0.21233870089054108,0.33749163150787354,0.020843639969825745,0.7187052369117737,0.01563943549990654,0.0,0.0,0.9188509583473206,0.4262152777777778,1.0,1.0696070194244385,0.03441746160387993,0.9281500577926636,1.0,0.4262152777777778,1.0,0.10706018518518519,1.0,0.0,1.0,0.6060606060606061,0.1193576388888889,1.0,0.7370753323485968,0.09794560185185185,1.0,0.006756756756756757,0.02141203703703704,1.0,0.02141203703703704,0.8906576633453369,0.0,0.0,0.0,0.0,0.0,1.0,0.02141203703703704,1.0,0.8906576633453369,same_pose,flightonly,Ours,0,12,12,-1.179432988166809,0.711317777633667,0.7340201139450073,0.7245011329650879,dark
dark,far_right,17,fixed,0.5,0.5,0.5,0.7103992700576782,0.7298393249511719,0.7250574827194214,0.09010317929940667,2.2431139945983887,0.4334043860435486,0.0,-0.7252433896064758,0.2816990613937378,1.5223138332366943,-0.7252433896064758,0.2816990613937378,1.5223138332366943,0.5225264430046082,0.22820982336997986,1.5743681192398071,0.5225264430046082,0.22820982336997986,1.5743681192398071,single_wall_slit,0.0,2.0388615131378174,0.5400000214576721,0.15000000596046448,1.0,1.5,0.0,0.9982158541679382,-0.042791396379470825,0.0416434146463871,0.4348958432674408,0.3837689161300659,0.5651041865348816,0.44594627618789673,0.24716851115226746,0.5024269819259644,0.23266161978244781,0.6599578261375427,0.02691231481730938,0.0,0.9431998133659363,0.039473820477724075,0.5153356481481481,0.16844469399213924,0.6341349482536316,0.010312100872397423,0.12008831650018692,0.16844469399213924,0.5153356481481481,0.0,0.11053240740740741,0.0,0.0,0.3252323087919943,0.0,0.20240162037037038,0.3651685393258427,0.0,0.1802662037037037,0.0,0.0,0.022135416666666668,0.0,0.022135416666666668,0.0,0.0,0.27044865206116986,0.0,0.0,0.0,0.0,0.022135416666666668,0.0,0.0,same_pose,fixed,Fixed,1,17,18,-0.7252433896064758,0.5,0.5,0.5,dark
dark,far_right,17,randfix,0.8485313653945923,0.7866179347038269,0.4493880867958069,0.7103992700576782,0.7298393249511719,0.7250574827194214,0.09010317929940667,2.2431139945983887,0.4334043860435486,0.0,-0.7252433896064758,0.2816990613937378,1.5223138332366943,-0.7252433896064758,0.2816990613937378,1.5223138332366943,0.5225264430046082,0.22820982336997986,1.5743681192398071,0.5225264430046082,0.22820982336997986,1.5743681192398071,single_wall_slit,0.0,2.0388615131378174,0.5400000214576721,0.15000000596046448,1.0,1.5,0.0,0.9982158541679382,-0.042791396379470825,0.0416434146463871,0.5649594664573669,0.48707157373428345,0.43504050374031067,0.2710431218147278,0.24716851115226746,0.5024269819259644,0.09425344318151474,0.6599578261375427,0.02691231481730938,0.0,0.720615565776825,0.16298501193523407,0.5153356481481481,0.40623245367770916,0.6248693466186523,0.028917867690324783,0.272052139043808,0.40623245367770916,0.5153356481481481,0.20287958115183247,0.11053240740740741,0.20287958115183247,0.0,0.36240171551107936,0.0,0.20240162037037038,0.3651685393258427,0.0,0.1802662037037037,0.33986928104575165,0.0,0.022135416666666668,0.0718954248366013,0.022135416666666668,0.03104289434850216,0.0,0.2151823774020025,0.0,0.0,0.3154342346960571,0.07352390825159333,0.022135416666666668,0.0718954248366013,0.03104289434850216,same_pose,randfix,Random fixed,1,17,16,-0.7252433896064758,0.8485313653945923,0.7866179347038269,0.4493880867958069,dark
dark,far_right,17,flightonly,0.7103992700576782,0.7298393249511719,0.7250574827194214,0.7103992700576782,0.7298393249511719,0.7250574827194214,0.09010317929940667,2.2431139945983887,0.4334043860435486,0.0,-0.7252433896064758,0.2816990613937378,1.5223138332366943,-0.7252433896064758,0.2816990613937378,1.5223138332366943,0.5225264430046082,0.22820982336997986,1.5743681192398071,0.5225264430046082,0.22820982336997986,1.5743681192398071,single_wall_slit,0.0,2.0388615131378174,0.5400000214576721,0.15000000596046448,1.0,1.5,0.0,0.9982158541679382,-0.042791396379470825,0.0416434146463871,1.0,0.9492400884628296,0.0,0.10035195201635361,0.24716851115226746,0.5024269819259644,0.025973128154873848,0.6599578261375427,0.02691231481730938,0.0,0.0,0.9110257625579834,0.5153356481481481,1.0,0.6275036334991455,0.037271056324243546,0.922017514705658,1.0,0.5153356481481481,1.0,0.11053240740740741,1.0,0.0,1.0,0.7877055039313795,0.20240162037037038,1.0,0.884430176565008,0.1802662037037037,1.0,0.0,0.022135416666666668,1.0,0.022135416666666668,0.8933504223823547,0.0,0.0,0.0,0.0,0.0,1.0,0.022135416666666668,1.0,0.8933504223823547,same_pose,flightonly,Ours,1,17,17,-0.7252433896064758,0.7103992700576782,0.7298393249511719,0.7250574827194214,dark
dark,far_right,21,fixed,0.5,0.5,0.5,0.7108775973320007,0.7291987538337708,0.7244755625724792,0.08738624092038097,1.8740627765655518,0.05011426657438278,0.0,-0.31912916898727417,0.44997668266296387,1.5200246572494507,-0.31912916898727417,0.44997668266296387,1.5200246572494507,0.9226264357566833,0.32461023330688477,1.5894968509674072,0.9226264357566833,0.32461023330688477,1.5894968509674072,single_wall_slit,0.0,2.0388615131378174,0.5400000214576721,0.15000000596046448,1.0,1.5,0.0,0.9934045076370239,-0.10029315203428268,0.05557778477668762,0.18648727238178253,0.15268193185329437,0.8135127425193787,0.5509282350540161,0.31386643648147583,0.7592495083808899,0.27702146768569946,0.4552999436855316,0.06151856854557991,0.0,1.0,0.0,0.5373263888888888,0.0,0.0,0.0,0.0,0.0,0.5373263888888888,0.0,0.10633680555555555,0.0,0.0,0.40306441525953723,0.1529080675422139,0.4626736111111111,0.41822353326778106,0.16027531956735497,0.44140625,0.08843537414965986,0.0,0.021267361111111112,0.0,0.021267361111111112,0.0,0.1529080675422139,0.40306441525953723,0.0,0.0,0.08843537414965986,0.0,0.07624421296296297,0.0,0.0,same_pose,fixed,Fixed,2,21,21,-0.31912916898727417,0.5,0.5,0.5,dark
dark,far_right,21,randfix,0.8485313653945923,0.7866179347038269,0.4493880867958069,0.7108775973320007,0.7291987538337708,0.7244755625724792,0.08738624092038097,1.8740627765655518,0.05011426657438278,0.0,-0.31912916898727417,0.44997668266296387,1.5200246572494507,-0.31912916898727417,0.44997668266296387,1.5200246572494507,0.9226264357566833,0.32461023330688477,1.5894968509674072,0.9226264357566833,0.32461023330688477,1.5894968509674072,single_wall_slit,0.0,2.0388615131378174,0.5400000214576721,0.15000000596046448,1.0,1.5,0.0,0.9934045076370239,-0.10029315203428268,0.05557778477668762,0.33622685074806213,0.2834042012691498,0.6637731790542603,0.33146703243255615,0.31386643648147583,0.7592495083808899,0.1122240349650383,0.4552999436855316,0.06151856854557991,0.0,0.8793149590492249,0.05648410692811012,0.5373263888888888,0.14781906300484654,0.26408621668815613,0.056427810341119766,0.06942861527204514,0.14781906300484654,0.5373263888888888,0.3360544217687075,0.10633680555555555,0.3360544217687075,0.0,0.5550343964978112,0.3624140087554722,0.4626736111111111,0.562766306129138,0.37987545067191086,0.44140625,0.3945578231292517,0.0,0.021267361111111112,0.19047619047619047,0.021267361111111112,0.08448287844657898,0.308842309561408,0.4729897320720442,0.0,0.0,0.3194039520570133,0.18652176317681546,0.07624421296296297,0.31309297912713474,0.1414632499217987,same_pose,randfix,Random fixed,2,21,19,-0.31912916898727417,0.8485313653945923,0.7866179347038269,0.4493880867958069,dark
dark,far_right,21,flightonly,0.7108775973320007,0.7291987538337708,0.7244755625724792,0.7108775973320007,0.7291987538337708,0.7244755625724792,0.08738624092038097,1.8740627765655518,0.05011426657438278,0.0,-0.31912916898727417,0.44997668266296387,1.5200246572494507,-0.31912916898727417,0.44997668266296387,1.5200246572494507,0.9226264357566833,0.32461023330688477,1.5894968509674072,0.9226264357566833,0.32461023330688477,1.5894968509674072,single_wall_slit,0.0,2.0388615131378174,0.5400000214576721,0.15000000596046448,1.0,1.5,0.0,0.9934045076370239,-0.10029315203428268,0.05557778477668762,1.0,0.939812958240509,0.0,0.12083757668733597,0.31386643648147583,0.7592495083808899,0.031169522553682327,0.4552999436855316,0.06151856854557991,0.0,0.0,0.9065861105918884,0.5373263888888888,1.0,0.2522757053375244,0.046657297760248184,0.9073526263237,1.0,0.5373263888888888,1.0,0.10633680555555555,1.0,0.0,1.0,0.9140087554721701,0.4626736111111111,1.0,0.955096689609964,0.44140625,1.0,0.061224489795918366,0.021267361111111112,1.0,0.021267361111111112,0.8997501730918884,0.0,0.0,0.0,0.0,0.0,1.0,0.07624421296296297,1.0,0.9083460569381714,same_pose,flightonly,Ours,2,21,21,-0.31912916898727417,0.7108775973320007,0.7291987538337708,0.7244755625724792,dark
dark,far_right,23,fixed,0.5,0.5,0.5,0.7035107016563416,0.713220477104187,0.712912917137146,0.08647301998954887,1.7029109001159668,0.008003038354218006,0.0,-0.12270791828632355,0.5159727334976196,1.5222804546356201,-0.12270791828632355,0.5159727334976196,1.5222804546356201,1.1133114099502563,0.34159529209136963,1.588223934173584,1.1133114099502563,0.34159529209136963,1.588223934173584,single_wall_slit,0.0,2.0388615131378174,0.5400000214576721,0.15000000596046448,1.0,1.5,0.0,0.9888154864311218,-0.13950194418430328,0.05275474861264229,0.6459780335426331,0.5714955925941467,0.35402199625968933,0.2354704588651657,0.1265084594488144,0.5816855430603027,0.12490285187959671,0.25423842668533325,0.0985303670167923,0.0,1.0,0.0,0.2589699074074074,0.0,0.0,0.0,0.0,0.0,0.2589699074074074,0.0,0.05787037037037037,0.0,0.0,0.87172979304959,0.6333463490823897,0.7410300925925926,0.8790162633875446,0.64260214200714,0.7294560185185185,0.4125,0.05,0.011574074074074073,0.0,0.011574074074074073,0.0,0.6333463490823897,0.87172979304959,0.0,0.05,0.4125,0.0,0.011574074074074073,0.0,0.0,same_pose,fixed,Fixed,3,23,22,-0.12270791828632355,0.5,0.5,0.5,dark
dark,far_right,23,randfix,0.8485313653945923,0.7866179347038269,0.4493880867958069,0.7035107016563416,0.713220477104187,0.712912917137146,0.08647301998954887,1.7029109001159668,0.008003038354218006,0.0,-0.12270791828632355,0.5159727334976196,1.5222804546356201,-0.12270791828632355,0.5159727334976196,1.5222804546356201,1.1133114099502563,0.34159529209136963,1.588223934173584,1.1133114099502563,0.34159529209136963,1.588223934173584,single_wall_slit,0.0,2.0388615131378174,0.5400000214576721,0.15000000596046448,1.0,1.5,0.0,0.9888154864311218,-0.13950194418430328,0.05275474861264229,0.8641493320465088,0.7512136101722717,0.1358506977558136,0.1368521898984909,0.1265084594488144,0.5816855430603027,0.05059933662414551,0.25423842668533325,0.0985303670167923,0.0,0.24397756159305573,0.37784093618392944,0.2589699074074074,0.7519553072625699,0.16222798824310303,0.02635110169649124,0.37593188881874084,0.7519553072625699,0.2589699074074074,0.5125,0.05787037037037037,0.5125,0.0,0.9033580632565404,0.8607965638422491,0.7410300925925926,0.9095596985323284,0.8722729075763586,0.7294560185185185,0.5125,0.1375,0.011574074074074073,0.4875,0.011574074074074073,0.2458229511976242,0.21351601918768634,0.22407317323234854,0.0,0.034106145251396644,0.26265625,0.46297100741897695,0.011574074074074073,0.4875,0.2458229511976242,same_pose,randfix,Random fixed,3,23,20,-0.12270791828632355,0.8485313653945923,0.7866179347038269,0.4493880867958069,dark
dark,far_right,23,flightonly,0.7035107016563416,0.713220477104187,0.712912917137146,0.7035107016563416,0.713220477104187,0.712912917137146,0.08647301998954887,1.7029109001159668,0.008003038354218006,0.0,-0.12270791828632355,0.5159727334976196,1.5222804546356201,-0.12270791828632355,0.5159727334976196,1.5222804546356201,1.1133114099502563,0.34159529209136963,1.588223934173584,1.1133114099502563,0.34159529209136963,1.588223934173584,single_wall_slit,0.0,2.0388615131378174,0.5400000214576721,0.15000000596046448,1.0,1.5,0.0,0.9888154864311218,-0.13950194418430328,0.05275474861264229,1.0,0.9620192050933838,0.0,0.05595211684703827,0.1265084594488144,0.5816855430603027,0.017376719042658806,0.25423842668533325,0.0985303670167923,0.0,0.0,0.8912579417228699,0.2589699074074074,1.0,0.1742374747991562,0.02859404683113098,0.8911945819854736,1.0,0.2589699074074074,1.0,0.05787037037037037,1.0,0.0,1.0,0.9459195626708317,0.7410300925925926,1.0,0.9450614835382785,0.7294560185185185,1.0,1.0,0.011574074074074073,1.0,0.011574074074074073,0.8808001279830933,0.0,0.0,0.0,0.0,0.0,1.0,0.011574074074074073,1.0,0.8808001279830933,same_pose,flightonly,Ours,3,23,23,-0.12270791828632355,0.7035107016563416,0.713220477104187,0.712912917137146,dark
dark,far_right,26,fixed,0.5,0.5,0.5,0.6131665110588074,0.5997157096862793,0.6082556843757629,0.092782170635617,1.447743535041809,0.03472195565700531,0.0,0.1599053591489792,0.5473458170890808,1.5228047370910645,0.1599053591489792,0.5473458170890808,1.5228047370910645,1.3832852840423584,0.3007691204547882,1.5938081741333008,1.3832852840423584,0.3007691204547882,1.5938081741333008,single_wall_slit,0.0,2.0388615131378174,0.5400000214576721,0.15000000596046448,1.0,1.5,0.0,0.9787039756774902,-0.19726136326789856,0.05680271238088608,1.0,0.9652840495109558,0.0,0.00018433602235745639,0.0,0.0022590910084545612,0.00018433602235745639,0.0,0.13296402990818024,0.0,0.0,0.0,1.0,1.0,1.83469820022583,0.17845840752124786,0.9652840495109558,1.0,0.4348958333333333,0.0,0.0,0.0,0.0,1.0,0.9938744257274119,0.18894675925925927,1.0,0.9938744257274119,0.18894675925925927,0.0,0.0,0.0,0.0,0.0,nan,0.0,0.0,0.0,0.0,0.0,0.0,0.0,0.0,nan,same_pose,fixed,Fixed,4,26,23,0.1599053591489792,0.5,0.5,0.5,dark
dark,far_right,26,randfix,0.8485313653945923,0.7866179347038269,0.4493880867958069,0.6131665110588074,0.5997157096862793,0.6082556843757629,0.092782170635617,1.447743535041809,0.03472195565700531,0.0,0.1599053591489792,0.5473458170890808,1.5228047370910645,0.1599053591489792,0.5473458170890808,1.5228047370910645,1.3832852840423584,0.3007691204547882,1.5938081741333008,1.3832852840423584,0.3007691204547882,1.5938081741333008,single_wall_slit,0.0,2.0388615131378174,0.5400000214576721,0.15000000596046448,1.0,1.5,0.0,0.9787039756774902,-0.19726136326789856,0.05680271238088608,1.0,0.9993355870246887,0.0,7.46762816561386e-05,0.0,0.0022590910084545612,7.46762816561386e-05,0.0,0.13296402990818024,0.0,0.0,0.0,1.0,1.0,1.83469820022583,0.17845840752124786,0.9993355870246887,1.0,0.4348958333333333,0.0,0.0,0.0,0.0,1.0,0.9938744257274119,0.18894675925925927,1.0,0.9938744257274119,0.18894675925925927,0.0,0.0,0.0,0.0,0.0,nan,0.0,0.0,0.0,0.0,0.0,0.0,0.0,0.0,nan,same_pose,randfix,Random fixed,4,26,21,0.1599053591489792,0.8485313653945923,0.7866179347038269,0.4493880867958069,dark
dark,far_right,26,flightonly,0.6131665110588074,0.5997157096862793,0.6082556843757629,0.6131665110588074,0.5997157096862793,0.6082556843757629,0.092782170635617,1.447743535041809,0.03472195565700531,0.0,0.1599053591489792,0.5473458170890808,1.5228047370910645,0.1599053591489792,0.5473458170890808,1.5228047370910645,1.3832852840423584,0.3007691204547882,1.5938081741333008,1.3832852840423584,0.3007691204547882,1.5938081741333008,single_wall_slit,0.0,2.0388615131378174,0.5400000214576721,0.15000000596046448,1.0,1.5,0.0,0.9787039756774902,-0.19726136326789856,0.05680271238088608,1.0,0.9902096390724182,0.0,9.812992357183248e-05,0.0,0.0022590910084545612,9.812992357183248e-05,0.0,0.13296402990818024,0.0,0.0,0.0,1.0,1.0,1.83469820022583,0.17845840752124786,0.9902096390724182,1.0,0.4348958333333333,0.0,0.0,0.0,0.0,1.0,0.9938744257274119,0.18894675925925927,1.0,0.9938744257274119,0.18894675925925927,0.0,0.0,0.0,0.0,0.0,nan,0.0,0.0,0.0,0.0,0.0,0.0,0.0,0.0,nan,same_pose,flightonly,Ours,4,26,26,0.1599053591489792,0.6131665110588074,0.5997157096862793,0.6082556843757629,dark
dark,far_right,12,fixed,0.5,0.5,0.5,0.5,0.5,0.5,0.08659045441105916,2.7267720699310303,0.9520119428634644,0.0,-1.2242549657821655,0.11255152523517609,1.5324586629867554,-1.2242549657821655,0.11255152523517609,1.5324586629867554,0.024857401847839355,0.10323404520750046,1.4862912893295288,0.024857401847839355,0.10323404520750046,1.4862912893295288,single_wall_slit,0.0,2.0388615131378174,0.5400000214576721,0.15000000596046448,1.0,1.5,0.0,0.9992899298667908,-0.007453983649611473,-0.03693387657403946,0.5601851940155029,0.5215760469436646,0.43981480598449707,0.3650195598602295,0.20522862672805786,0.3253241777420044,0.18929940462112427,0.7210778594017029,0.014966155402362347,0.0,0.9353640079498291,0.0424254909157753,0.42578125,0.19028202514441048,1.1196550130844116,0.015425569377839565,0.12906233966350555,0.19028202514441048,0.42578125,0.0,0.10706018518518519,0.0,0.0,0.17875,0.0,0.11574074074074074,0.21932515337423314,0.0,0.0943287037037037,0.0,0.0,0.02141203703703704,0.0,0.02141203703703704,0.0,0.0,0.1447370880054366,0.0,0.0,0.0,0.0,0.02141203703703704,0.0,0.0,own_pose,fixed,Fixed,0,12,12,-1.2242549657821655,,,,dark
dark,far_right,18,fixed,0.5,0.5,0.5,0.5,0.5,0.5,0.08893403755300812,2.247695207595825,0.4333266615867615,0.0,-0.727196455001831,0.30197674036026,1.5232303142547607,-0.727196455001831,0.30197674036026,1.5232303142547607,0.5208960771560669,0.24061977863311768,1.554863452911377,0.5208960771560669,0.24061977863311768,1.554863452911377,single_wall_slit,0.0,2.0388615131378174,0.5400000214576721,0.15000000596046448,1.0,1.5,0.0,0.9984740018844604,-0.049085572361946106,0.02530653402209282,0.4223090410232544,0.37102290987968445,0.5776909589767456,0.456377774477005,0.25426211953163147,0.5105636715888977,0.2366807460784912,0.6552662253379822,0.027547135949134827,0.0,0.9449924230575562,0.03816431388258934,0.5248842592592593,0.1651047409040794,0.6377797722816467,0.006543499417603016,0.11773800849914551,0.1651047409040794,0.5248842592592593,0.0,0.10706018518518519,0.0,0.0,0.3268156424581006,0.0,0.20717592592592593,0.3644859813084112,0.0,0.1857638888888889,0.0,0.0,0.02141203703703704,0.0,0.02141203703703704,0.0,0.0,0.27285683048665565,0.0,0.0,0.0,0.0,0.02141203703703704,0.0,0.0,own_pose,fixed,Fixed,1,18,18,-0.727196455001831,,,,dark
dark,far_right,21,fixed,0.5,0.5,0.5,0.5,0.5,0.5,0.08108327623303356,1.9739841222763062,0.13718873262405396,0.0,-0.43027961254119873,0.41270482540130615,1.5175673961639404,-0.43027961254119873,0.41270482540130615,1.5175673961639404,0.8140150308609009,0.3040063977241516,1.566715955734253,0.8140150308609009,0.3040063977241516,1.566715955734253,single_wall_slit,0.0,2.0388615131378174,0.5400000214576721,0.15000000596046448,1.0,1.5,0.0,0.9954357147216797,-0.08695872873067856,0.03931889310479164,0.18504050374031067,0.13248755037784576,0.8149595260620117,0.5854124426841736,0.33817732334136963,0.6929957270622253,0.29225265979766846,0.5372406244277954,0.04805327206850052,0.0,0.9652873873710632,0.01874733716249466,0.6385995370370371,0.0826914363389216,0.35668256878852844,0.005286996252834797,0.04565135017037392,0.0826914363389216,0.6385995370370371,0.0,0.10561342592592593,0.0,0.0,0.36589271417133706,0.08086469175340272,0.36140046296296297,0.3877551020408163,0.0858843537414966,0.3402777777777778,0.0136986301369863,0.0,0.021122685185185185,0.0,0.021122685185185185,0.0,0.0741778742432097,0.3356365200905627,0.0,0.0,0.0136986301369863,0.0,0.033275462962962965,0.0,0.0,own_pose,fixed,Fixed,2,21,21,-0.43027961254119873,,,,dark
dark,far_right,22,fixed,0.5,0.5,0.5,0.5,0.5,0.5,0.08501588793950442,1.8884072303771973,0.056299515068531036,0.0,-0.3350849151611328,0.44527173042297363,1.5166860818862915,-0.3350849151611328,0.44527173042297363,1.5166860818862915,0.9072790145874023,0.3173254132270813,1.568278431892395,0.9072790145874023,0.3173254132270813,1.568278431892395,single_wall_slit,0.0,2.0388615131378174,0.5400000214576721,0.15000000596046448,1.0,1.5,0.0,0.993891179561615,-0.10235705226659775,0.04127388820052147,0.171875,0.13983027637004852,0.828125,0.5752643942832947,0.3285902440547943,0.771786093711853,0.28901877999305725,0.47170960903167725,0.058652304112911224,0.0,1.0,0.0,0.5588831018518519,0.0,0.0,0.0,0.0,0.0,0.5588831018518519,0.0,0.10561342592592593,0.0,0.0,0.38963594621187275,0.14693342079370286,0.44111689814814814,0.40578711677574925,0.15432311401997933,0.41999421296296297,0.0684931506849315,0.0,0.021122685185185185,0.0,0.021122685185185185,0.0,0.14693342079370286,0.38963594621187275,0.0,0.0,0.0684931506849315,0.0,0.0681423611111111,0.0,0.0,own_pose,fixed,Fixed,3,22,22,-0.3350849151611328,,,,dark
dark,far_right,23,fixed,0.5,0.5,0.5,0.5,0.5,0.5,0.08060945835929985,1.7991684675216675,0.0023729910608381033,0.0,-0.23492179811000824,0.47621944546699524,1.516387939453125,-0.23492179811000824,0.47621944546699524,1.516387939453125,1.0049220323562622,0.32690906524658203,1.5711039304733276,1.0049220323562622,0.32690906524658203,1.5711039304733276,single_wall_slit,0.0,2.0388615131378174,0.5400000214576721,0.15000000596046448,1.0,1.5,0.0,0.9918751120567322,-0.11944831907749176,0.043772827833890915,0.25940394401550293,0.2236829698085785,0.7405960559844971,0.37339112162590027,0.2078842669725418,0.7380080223083496,0.19114340841770172,0.3718731105327606,0.0771583691239357,0.0,1.0,0.0,0.4197048611111111,0.0,0.0,0.0,0.0,0.0,0.4197048611111111,0.0,0.055844907407407406,0.0,0.0,0.4470206930939915,0.24956369982547993,0.5802951388888888,0.45429080723198373,0.2549019607843137,0.5681423611111112,0.10714285714285714,0.0,0.012152777777777778,0.0,0.011863425925925927,0.0,0.24956369982547993,0.4470206930939915,0.0,0.0,0.10714285714285714,0.0,0.018952546296296297,0.0,0.0,own_pose,fixed,Fixed,4,23,23,-0.23492179811000824,,,,dark
dark,far_right,12,randfix,0.8485313653945923,0.7866179347038269,0.4493880867958069,0.8485313653945923,0.7866179347038269,0.4493880867958069,0.09447244865849568,2.6717348098754883,0.8912310600280762,0.0,-1.1686939001083374,0.12078429758548737,1.5406228303909302,-1.1686939001083374,0.12078429758548737,1.5406228303909302,0.08064508438110352,0.10972444713115692,1.501509428024292,0.08064508438110352,0.10972444713115692,1.501509428024292,single_wall_slit,0.0,2.0388615131378174,0.5400000214576721,0.15000000596046448,1.0,1.5,0.0,0.9994711875915527,-0.008847879245877266,-0.03129073977470398,0.6649305820465088,0.6013500094413757,0.3350694477558136,0.23206089437007904,0.21360817551612854,0.340361624956131,0.07939457148313522,0.717546820640564,0.01587027497589588,0.0,0.7316727638244629,0.1603766679763794,0.4266493055555556,0.3957273652085453,1.0562697649002075,0.024339988827705383,0.2647113800048828,0.3957273652085453,0.4266493055555556,0.12751677852348994,0.10778356481481481,0.12751677852348994,0.0,0.361244019138756,0.0023923444976076554,0.12094907407407407,0.35807860262008734,0.002911208151382824,0.0993923611111111,0.37583892617449666,0.0,0.02155671296296296,0.013422818791946308,0.02155671296296296,0.005915486719459295,0.001445628312898217,0.21828987524763074,0.0,0.0,0.3707941083734967,0.04606467358145211,0.02155671296296296,0.013422818791946308,0.005915486719459295,own_pose,randfix,Random fixed,0,12,12,-1.1686939001083374,,,,dark
dark,far_right,16,randfix,0.8485313653945923,0.7866179347038269,0.4493880867958069,0.8485313653945923,0.7866179347038269,0.4493880867958069,0.0853325140029587,2.29512619972229,0.4852020740509033,0.0,-0.7800498604774475,0.25868159532546997,1.5453972816467285,-0.7800498604774475,0.25868159532546997,1.5453972816467285,0.4685797095298767,0.21372409164905548,1.58285653591156,0.4685797095298767,0.21372409164905548,1.58285653591156,single_wall_slit,0.0,2.0388615131378174,0.5400000214576721,0.15000000596046448,1.0,1.5,0.0,0.9989036321640015,-0.03596600517630577,0.029967427253723145,0.5721932649612427,0.502877414226532,0.42780670523643494,0.26547130942344666,0.24223172664642334,0.4773472249507904,0.09201127290725708,0.6715285778045654,0.024738559499382973,0.0,0.7494184970855713,0.14756810665130615,0.4969618055555556,0.377292576419214,0.6768268346786499,0.02706906944513321,0.2550516426563263,0.377292576419214,0.4969618055555556,0.17374005305039789,0.10908564814814815,0.17374005305039789,0.0,0.36391912908242613,0.0,0.18605324074074073,0.3682819383259912,0.0,0.16420717592592593,0.33112582781456956,0.0,0.021846064814814815,0.039735099337748346,0.021846064814814815,0.0172252394258976,0.0,0.22661514326268106,0.0,0.0,0.3179685101530635,0.06322732879283531,0.021846064814814815,0.039735099337748346,0.0172252394258976,own_pose,randfix,Random fixed,1,16,16,-0.7800498604774475,,,,dark
dark,far_right,19,randfix,0.8485313653945923,0.7866179347038269,0.4493880867958069,0.8485313653945923,0.7866179347038269,0.4493880867958069,0.08694925012054856,2.002923011779785,0.16999010741710663,0.0,-0.46578213572502136,0.3811807930469513,1.5458436012268066,-0.46578213572502136,0.3811807930469513,1.5458436012268066,0.7787785530090332,0.2910316288471222,1.6196107864379883,0.7787785530090332,0.2910316288471222,1.6196107864379883,single_wall_slit,0.0,2.0388615131378174,0.5400000214576721,0.15000000596046448,1.0,1.5,0.0,0.9956486225128174,-0.0721193328499794,0.059013731777668,0.44849538803100586,0.3426618278026581,0.5515046119689941,0.33194515109062195,0.3177180886268616,0.6324985027313232,0.11122380197048187,0.556724488735199,0.044301837682724,0.0,0.6897717118263245,0.18129685521125793,0.6663773148148148,0.4574468085106383,0.3883124887943268,0.02642916515469551,0.3105190396308899,0.4574468085106383,0.6663773148148148,0.3202702702702703,0.10706018518518519,0.3202702702702703,0.0,0.42987407729049065,0.15718627876682587,0.3331886574074074,0.4357308584686775,0.1679814385150812,0.31177662037037035,0.34459459459459457,0.0,0.02141203703703704,0.2635135135135135,0.02141203703703704,0.11660248786211014,0.08528191720327788,0.23322955257250028,0.0,0.0,0.25378926223520815,0.1376758869160085,0.02141203703703704,0.2635135135135135,0.11660248786211014,own_pose,randfix,Random fixed,2,19,19,-0.46578213572502136,,,,dark
dark,far_right,20,randfix,0.8485313653945923,0.7866179347038269,0.4493880867958069,0.8485313653945923,0.7866179347038269,0.4493880867958069,0.09862942519472004,1.913452386856079,0.07921595871448517,0.0,-0.36615508794784546,0.4203604757785797,1.545411467552185,-0.36615508794784546,0.4203604757785797,1.545411467552185,0.8765692114830017,0.3104744851589203,1.6232672929763794,0.8765692114830017,0.3104744851589203,1.6232672929763794,single_wall_slit,0.0,2.0388615131378174,0.5400000214576721,0.15000000596046448,1.0,1.5,0.0,0.9941794276237488,-0.0879087969660759,0.062284648418426514,0.36125579476356506,0.2761058807373047,0.6387442350387573,0.35564514994621277,0.34331032633781433,0.7082153558731079,0.11794383823871613,0.48917290568351746,0.05497812479734421,0.0,0.7821242213249207,0.10591836273670197,0.5865162037037037,0.252096694622595,0.29909154772758484,0.04350607469677925,0.12327464669942856,0.252096694622595,0.5865162037037037,0.3469387755102041,0.10633680555555555,0.3469387755102041,0.0,0.5160951714485654,0.30685794261721483,0.4134837962962963,0.5219476208041313,0.32239026189597936,0.3922164351851852,0.40816326530612246,0.02040816326530612,0.021267361111111112,0.20408163265306123,0.021267361111111112,0.0914328321814537,0.22950006956472505,0.38598928461570065,0.0,0.015263332762804182,0.3248646397334444,0.17905342682909411,0.042390046296296294,0.2832764505119454,0.13114826381206512,own_pose,randfix,Random fixed,3,20,20,-0.36615508794784546,,,,dark
dark,far_right,21,randfix,0.8485313653945923,0.7866179347038269,0.4493880867958069,0.8485313653945923,0.7866179347038269,0.4493880867958069,0.08896527048047008,1.81461501121521,0.00613474752753973,0.0,-0.2542004883289337,0.4621678292751312,1.5448225736618042,-0.2542004883289337,0.4621678292751312,1.5448225736618042,0.9862079620361328,0.32825595140457153,1.6219888925552368,0.9862079620361328,0.32825595140457153,1.6219888925552368,single_wall_slit,0.0,2.0388615131378174,0.5400000214576721,0.15000000596046448,1.0,1.5,0.0,0.9923267364501953,-0.10712951421737671,0.06173305585980415,0.5250289440155029,0.43089401721954346,0.47497105598449707,0.2547421157360077,0.23999285697937012,0.6935307383537292,0.08861175179481506,0.38988828659057617,0.07269597798585892,0.0,0.6747904419898987,0.15739254653453827,0.45326967592592593,0.34982444940951163,0.1867031455039978,0.04442116618156433,0.1704244762659073,0.34982444940951163,0.45326967592592593,0.407158836689038,0.0646701388888889,0.407158836689038,0.0,0.6702831436888066,0.5226250330775337,0.5467303240740741,0.6795154185022027,0.5412995594713657,0.5254629629629629,0.4421768707482993,0.061224489795918366,0.021267361111111112,0.35374149659863946,0.021267361111111112,0.167968288064003,0.3397980186335577,0.43580171199939327,0.0,0.03980666636268296,0.28576056272849276,0.27291170503660583,0.05063657407407408,0.40285714285714286,0.1899358332157135,own_pose,randfix,Random fixed,4,21,21,-0.2542004883289337,,,,dark
dark,far_right,12,flightonly,0.711317777633667,0.7340201139450073,0.7245011329650879,0.711317777633667,0.7340201139450073,0.7245011329650879,0.09302600843861653,2.682255983352661,0.9033573269844055,0.0,-1.179432988166809,0.11894483864307404,1.5314568281173706,-1.179432988166809,0.11894483864307404,1.5314568281173706,0.06985676288604736,0.1072942465543747,1.490970253944397,0.06985676288604736,0.1072942465543747,1.490970253944397,single_wall_slit,0.0,2.0388615131378174,0.5400000214576721,0.15000000596046448,1.0,1.5,0.0,0.999431848526001,-0.009320474229753017,-0.032389238476753235,1.0,0.9588435292243958,0.0,0.08317960053682327,0.21233870089054108,0.33749163150787354,0.020843639969825745,0.7187052369117737,0.01563943549990654,0.0,0.0,0.9188509583473206,0.4262152777777778,1.0,1.0696070194244385,0.03441746160387993,0.9281500577926636,1.0,0.4262152777777778,1.0,0.10706018518518519,1.0,0.0,1.0,0.6060606060606061,0.1193576388888889,1.0,0.7370753323485968,0.09794560185185185,1.0,0.006756756756756757,0.02141203703703704,1.0,0.02141203703703704,0.8906576633453369,0.0,0.0,0.0,0.0,0.0,1.0,0.02141203703703704,1.0,0.8906576633453369,own_pose,flightonly,Ours,0,12,12,-1.179432988166809,,,,dark
dark,far_right,17,flightonly,0.7103992700576782,0.7298393249511719,0.7250574827194214,0.7103992700576782,0.7298393249511719,0.7250574827194214,0.09010317929940667,2.2431139945983887,0.4334043860435486,0.0,-0.7252433896064758,0.2816990613937378,1.5223138332366943,-0.7252433896064758,0.2816990613937378,1.5223138332366943,0.5225264430046082,0.22820982336997986,1.5743681192398071,0.5225264430046082,0.22820982336997986,1.5743681192398071,single_wall_slit,0.0,2.0388615131378174,0.5400000214576721,0.15000000596046448,1.0,1.5,0.0,0.9982158541679382,-0.042791396379470825,0.0416434146463871,1.0,0.9492400884628296,0.0,0.10035195201635361,0.24716851115226746,0.5024269819259644,0.025973128154873848,0.6599578261375427,0.02691231481730938,0.0,0.0,0.9110257625579834,0.5153356481481481,1.0,0.6275036334991455,0.037271056324243546,0.922017514705658,1.0,0.5153356481481481,1.0,0.11053240740740741,1.0,0.0,1.0,0.7877055039313795,0.20240162037037038,1.0,0.884430176565008,0.1802662037037037,1.0,0.0,0.022135416666666668,1.0,0.022135416666666668,0.8933504223823547,0.0,0.0,0.0,0.0,0.0,1.0,0.022135416666666668,1.0,0.8933504223823547,own_pose,flightonly,Ours,1,17,17,-0.7252433896064758,,,,dark
dark,far_right,21,flightonly,0.7108775973320007,0.7291987538337708,0.7244755625724792,0.7108775973320007,0.7291987538337708,0.7244755625724792,0.08738624092038097,1.8740627765655518,0.05011426657438278,0.0,-0.31912916898727417,0.44997668266296387,1.5200246572494507,-0.31912916898727417,0.44997668266296387,1.5200246572494507,0.9226264357566833,0.32461023330688477,1.5894968509674072,0.9226264357566833,0.32461023330688477,1.5894968509674072,single_wall_slit,0.0,2.0388615131378174,0.5400000214576721,0.15000000596046448,1.0,1.5,0.0,0.9934045076370239,-0.10029315203428268,0.05557778477668762,1.0,0.939812958240509,0.0,0.12083757668733597,0.31386643648147583,0.7592495083808899,0.031169522553682327,0.4552999436855316,0.06151856854557991,0.0,0.0,0.9065861105918884,0.5373263888888888,1.0,0.2522757053375244,0.046657297760248184,0.9073526263237,1.0,0.5373263888888888,1.0,0.10633680555555555,1.0,0.0,1.0,0.9140087554721701,0.4626736111111111,1.0,0.955096689609964,0.44140625,1.0,0.061224489795918366,0.021267361111111112,1.0,0.021267361111111112,0.8997501730918884,0.0,0.0,0.0,0.0,0.0,1.0,0.07624421296296297,1.0,0.9083460569381714,own_pose,flightonly,Ours,2,21,21,-0.31912916898727417,,,,dark
dark,far_right,23,flightonly,0.7035107016563416,0.713220477104187,0.712912917137146,0.7035107016563416,0.713220477104187,0.712912917137146,0.08647301998954887,1.7029109001159668,0.008003038354218006,0.0,-0.12270791828632355,0.5159727334976196,1.5222804546356201,-0.12270791828632355,0.5159727334976196,1.5222804546356201,1.1133114099502563,0.34159529209136963,1.588223934173584,1.1133114099502563,0.34159529209136963,1.588223934173584,single_wall_slit,0.0,2.0388615131378174,0.5400000214576721,0.15000000596046448,1.0,1.5,0.0,0.9888154864311218,-0.13950194418430328,0.05275474861264229,1.0,0.9620192050933838,0.0,0.05595211684703827,0.1265084594488144,0.5816855430603027,0.017376719042658806,0.25423842668533325,0.0985303670167923,0.0,0.0,0.8912579417228699,0.2589699074074074,1.0,0.1742374747991562,0.02859404683113098,0.8911945819854736,1.0,0.2589699074074074,1.0,0.05787037037037037,1.0,0.0,1.0,0.9459195626708317,0.7410300925925926,1.0,0.9450614835382785,0.7294560185185185,1.0,1.0,0.011574074074074073,1.0,0.011574074074074073,0.8808001279830933,0.0,0.0,0.0,0.0,0.0,1.0,0.011574074074074073,1.0,0.8808001279830933,own_pose,flightonly,Ours,3,23,23,-0.12270791828632355,,,,dark
dark,far_right,26,flightonly,0.6131665110588074,0.5997157096862793,0.6082556843757629,0.6131665110588074,0.5997157096862793,0.6082556843757629,0.092782170635617,1.447743535041809,0.03472195565700531,0.0,0.1599053591489792,0.5473458170890808,1.5228047370910645,0.1599053591489792,0.5473458170890808,1.5228047370910645,1.3832852840423584,0.3007691204547882,1.5938081741333008,1.3832852840423584,0.3007691204547882,1.5938081741333008,single_wall_slit,0.0,2.0388615131378174,0.5400000214576721,0.15000000596046448,1.0,1.5,0.0,0.9787039756774902,-0.19726136326789856,0.05680271238088608,1.0,0.9902096390724182,0.0,9.812992357183248e-05,0.0,0.0022590910084545612,9.812992357183248e-05,0.0,0.13296402990818024,0.0,0.0,0.0,1.0,1.0,1.83469820022583,0.17845840752124786,0.9902096390724182,1.0,0.4348958333333333,0.0,0.0,0.0,0.0,1.0,0.9938744257274119,0.18894675925925927,1.0,0.9938744257274119,0.18894675925925927,0.0,0.0,0.0,0.0,0.0,nan,0.0,0.0,0.0,0.0,0.0,0.0,0.0,0.0,nan,own_pose,flightonly,Ours,4,26,26,0.1599053591489792,,,,dark
specular,far_right,12,fixed,0.5,0.5,0.5,0.3545202612876892,0.4105735421180725,0.34289008378982544,0.07229493797077663,2.731720209121704,0.9541788697242737,0.0,-1.2294598817825317,0.10150770097970963,1.545170545578003,-1.2294598817825317,0.10150770097970963,1.545170545578003,0.019523978233337402,0.09499802440404892,1.49519944190979,0.019523978233337402,0.09499802440404892,1.49519944190979,single_wall_slit,0.0,2.4560461044311523,0.5400000214576721,0.15000000596046448,1.0,1.5,0.0,0.9991871118545532,-0.005207741167396307,-0.03997684270143509,0.6566840410232544,0.5959897637367249,0.343315988779068,0.1722828894853592,0.20404671132564545,0.3235953748226166,0.07377848774194717,0.7221933603286743,0.014808516018092632,0.0,0.7894503474235535,0.13491946458816528,0.42216435185185186,0.36257710760795064,1.1249065399169922,0.019546933472156525,0.2592899799346924,0.36257710760795064,0.42216435185185186,0.03225806451612903,0.1076388888888889,0.03225806451612903,0.0,0.35145385587863465,0.015170670037926675,0.11443865740740741,0.3582554517133956,0.018691588785046728,0.09288194444444445,0.3221476510067114,0.0,0.02155671296296296,0.0,0.02155671296296296,0.0,0.00967013237510062,0.22402473335649772,0.0,0.0,0.3221476510067114,0.01133722115737531,0.02155671296296296,0.0,0.0,same_pose,fixed,Fixed,0,12,12,-1.2294598817825317,0.5,0.5,0.5,specular
specular,far_right,12,randfix,0.6835188865661621,0.2016175389289856,0.6034044027328491,0.3545202612876892,0.4105735421180725,0.34289008378982544,0.07229493797077663,2.731720209121704,0.9541788697242737,0.0,-1.2294598817825317,0.10150770097970963,1.545170545578003,-1.2294598817825317,0.10150770097970963,1.545170545578003,0.019523978233337402,0.09499802440404892,1.49519944190979,0.019523978233337402,0.09499802440404892,1.49519944190979,single_wall_slit,0.0,2.4560461044311523,0.5400000214576721,0.15000000596046448,1.0,1.5,0.0,0.9991871118545532,-0.005207741167396307,-0.03997684270143509,0.5447048544883728,0.5039709806442261,0.4552951455116272,0.31929534673690796,0.20404671132564545,0.3235953748226166,0.17471429705619812,0.7221933603286743,0.014808516018092632,0.0,0.946489691734314,0.03460652008652687,0.42216435185185186,0.16723783413296778,1.1260095834732056,0.015632517635822296,0.10975993424654007,0.16723783413296778,0.42216435185185186,0.0,0.1076388888888889,0.0,0.0,0.09355246523388117,0.0,0.11443865740740741,0.11526479750778816,0.0,0.09288194444444445,0.0,0.0,0.02155671296296296,0.0,0.02155671296296296,0.0,0.0,0.07790695357036712,1.0,0.0,0.0,0.0,0.02155671296296296,0.0,0.0,same_pose,randfix,Random fixed,0,12,13,-1.2294598817825317,0.6835188865661621,0.2016175389289856,0.6034044027328491,specular
specular,far_right,12,flightonly,0.3545202612876892,0.4105735421180725,0.34289008378982544,0.3545202612876892,0.4105735421180725,0.34289008378982544,0.07229493797077663,2.731720209121704,0.9541788697242737,0.0,-1.2294598817825317,0.10150770097970963,1.545170545578003,-1.2294598817825317,0.10150770097970963,1.545170545578003,0.019523978233337402,0.09499802440404892,1.49519944190979,0.019523978233337402,0.09499802440404892,1.49519944190979,single_wall_slit,0.0,2.4560461044311523,0.5400000214576721,0.15000000596046448,1.0,1.5,0.0,0.9991871118545532,-0.005207741167396307,-0.03997684270143509,0.9992766380310059,0.8831259608268738,0.0007233796641230583,0.03932563215494156,0.20404671132564545,0.3235953748226166,0.011500191874802113,0.7221933603286743,0.014808516018092632,0.0,0.0,0.8278055787086487,0.42216435185185186,1.0,1.1397039890289307,0.0394926443696022,0.8504760265350342,1.0,0.42216435185185186,1.0,0.1076388888888889,1.0,0.0,0.9936788874841972,0.9102402022756005,0.11443865740740741,1.0,0.9127725856697819,0.09288194444444445,0.9664429530201343,0.8993288590604027,0.02155671296296296,1.0,0.02155671296296296,0.6309540867805481,0.0,0.0,0.0,0.0,0.0,0.9936788874841972,0.02155671296296296,1.0,0.6309540867805481,same_pose,flightonly,Ours,0,12,12,-1.2294598817825317,0.3545202612876892,0.4105735421180725,0.34289008378982544,specular
specular,far_right,18,fixed,0.5,0.5,0.5,0.3679123520851135,0.33715131878852844,0.34840917587280273,0.0839702012846253,2.2846896648406982,0.47166237235069275,0.0,-0.7661236524581909,0.28831958770751953,1.5369009971618652,-0.7661236524581909,0.28831958770751953,1.5369009971618652,0.48171234130859375,0.2345140278339386,1.5870057344436646,0.48171234130859375,0.2345140278339386,1.5870057344436646,single_wall_slit,0.0,2.4560461044311523,0.5400000214576721,0.15000000596046448,1.0,1.5,0.0,0.9982687830924988,-0.043044447898864746,0.04008376970887184,0.5410879850387573,0.46298930048942566,0.45891204476356506,0.2130327969789505,0.2528363764286041,0.4911019802093506,0.09128008782863617,0.6637309193611145,0.02543110027909279,0.0,0.7793549299240112,0.13176195323467255,0.5131655092592593,0.34761770510290385,0.6686863899230957,0.02460852824151516,0.23800815641880035,0.34761770510290385,0.5131655092592593,0.23076923076923078,0.009403935185185185,0.23076923076923078,0.0,0.3333333333333333,0.0,0.00390625,0.375,0.0,0.003472222222222222,0.0,0.0,0.00043402777777777775,0.0,0.0007233796296296296,0.0,0.0,0.2174607649656987,0.0,0.0,0.0,0.07692307692307693,0.02141203703703704,0.0,0.0,same_pose,fixed,Fixed,1,18,18,-0.7661236524581909,0.5,0.5,0.5,specular
specular,far_right,18,randfix,0.6835188865661621,0.2016175389289856,0.6034044027328491,0.3679123520851135,0.33715131878852844,0.34840917587280273,0.0839702012846253,2.2846896648406982,0.47166237235069275,0.0,-0.7661236524581909,0.28831958770751953,1.5369009971618652,-0.7661236524581909,0.28831958770751953,1.5369009971618652,0.48171234130859375,0.2345140278339386,1.5870057344436646,0.48171234130859375,0.2345140278339386,1.5870057344436646,single_wall_slit,0.0,2.4560461044311523,0.5400000214576721,0.15000000596046448,1.0,1.5,0.0,0.9982687830924988,-0.043044447898864746,0.04008376970887184,0.40726274251937866,0.36419403553009033,0.5927372574806213,0.39527568221092224,0.2528363764286041,0.4911019802093506,0.21615971624851227,0.6637309193611145,0.02543110027909279,0.0,0.9520643949508667,0.03333008661866188,0.5131655092592593,0.15026783197067944,0.6751112341880798,0.009934945032000542,0.10596530139446259,0.15026783197067944,0.5131655092592593,0.0,0.009403935185185185,0.0,0.0,0.07407407407407407,0.0,0.00390625,0.08333333333333333,0.0,0.003472222222222222,0.0,0.0,0.00043402777777777775,0.0,0.0007233796296296296,0.0,0.0,0.06294312355772745,0.0,0.0,0.0,0.0,0.02141203703703704,0.0,0.0,same_pose,randfix,Random fixed,1,18,19,-0.7661236524581909,0.6835188865661621,0.2016175389289856,0.6034044027328491,specular
specular,far_right,18,flightonly,0.3679123520851135,0.33715131878852844,0.34840917587280273,0.3679123520851135,0.33715131878852844,0.34840917587280273,0.0839702012846253,2.2846896648406982,0.47166237235069275,0.0,-0.7661236524581909,0.28831958770751953,1.5369009971618652,-0.7661236524581909,0.28831958770751953,1.5369009971618652,0.48171234130859375,0.2345140278339386,1.5870057344436646,0.48171234130859375,0.2345140278339386,1.5870057344436646,single_wall_slit,0.0,2.4560461044311523,0.5400000214576721,0.15000000596046448,1.0,1.5,0.0,0.9982687830924988,-0.043044447898864746,0.04008376970887184,0.9968171119689941,0.911591112613678,0.0031828703358769417,0.04565391317009926,0.2528363764286041,0.4911019802093506,0.015048281289637089,0.6637309193611145,0.02543110027909279,0.0,0.0,0.964066743850708,0.5131655092592593,1.0,0.6775529384613037,0.03962574154138565,0.9680513739585876,1.0,0.5131655092592593,1.0,0.009403935185185185,1.0,0.0,0.25925925925925924,0.25925925925925924,0.00390625,0.2916666666666667,0.2916666666666667,0.003472222222222222,0.0,0.0,0.00043402777777777775,1.0,0.0007233796296296296,0.8455085754394531,0.0,0.0,0.0,0.0,0.0,0.25925925925925924,0.02141203703703704,1.0,0.8414512872695923,same_pose,flightonly,Ours,1,18,18,-0.7661236524581909,0.3679123520851135,0.33715131878852844,0.34840917587280273,specular
specular,far_right,23,fixed,0.5,0.5,0.5,0.3717614412307739,0.339718759059906,0.3605339229106903,0.08257470250513911,1.862613320350647,0.043733298778533936,0.0,-0.30138134956359863,0.47221052646636963,1.5370206832885742,-0.30138134956359863,0.47221052646636963,1.5370206832885742,0.9389413595199585,0.3324025273323059,1.6044987440109253,0.9389413595199585,0.3324025273323059,1.6044987440109253,single_wall_slit,0.0,2.4560461044311523,0.5400000214576721,0.15000000596046448,1.0,1.5,0.0,0.9922581315040588,-0.11184640228748322,0.05398242175579071,0.41565394401550293,0.308804452419281,0.5843460559844971,0.2405228614807129,0.28901395201683044,0.7560364007949829,0.1024140939116478,0.4492921233177185,0.06388549506664276,0.0,0.816318154335022,0.08575562387704849,0.51953125,0.21331105541631856,0.2594134509563446,0.05652911961078644,0.09993292391300201,0.21331105541631856,0.51953125,0.3629139072847682,0.10923032407407407,0.3629139072847682,0.0,0.634447455585667,0.44233664558867813,0.48046875,0.6454258675078864,0.46214511041009465,0.4586226851851852,0.40397350993377484,0.026490066225165563,0.021846064814814815,0.15894039735099338,0.021846064814814815,0.07035601884126663,0.34798134886884313,0.49911279922849044,0.0,0.020839442240627323,0.3397657997456252,0.2302498050734738,0.059172453703703706,0.31784841075794623,0.14254236221313477,same_pose,fixed,Fixed,2,23,22,-0.30138134956359863,0.5,0.5,0.5,specular
specular,far_right,23,randfix,0.6835188865661621,0.2016175389289856,0.6034044027328491,0.3717614412307739,0.339718759059906,0.3605339229106903,0.08257470250513911,1.862613320350647,0.043733298778533936,0.0,-0.30138134956359863,0.47221052646636963,1.5370206832885742,-0.30138134956359863,0.47221052646636963,1.5370206832885742,0.9389413595199585,0.3324025273323059,1.6044987440109253,0.9389413595199585,0.3324025273323059,1.6044987440109253,single_wall_slit,0.0,2.4560461044311523,0.5400000214576721,0.15000000596046448,1.0,1.5,0.0,0.9922581315040588,-0.11184640228748322,0.05398242175579071,0.19777199625968933,0.1345316767692566,0.8022280335426331,0.4448498785495758,0.28901395201683044,0.7560364007949829,0.24252605438232422,0.4492921233177185,0.06388549506664276,0.0,1.0,0.0,0.51953125,0.0,0.0,0.0,0.0,0.0,0.51953125,0.0,0.10923032407407407,0.0,0.0,0.41162300511894007,0.1493526046371575,0.48046875,0.4309148264984227,0.15646687697160883,0.4586226851851852,0.006622516556291391,0.0,0.021846064814814815,0.0,0.021846064814814815,0.0,0.1493526046371575,0.41162300511894007,0.0,0.0,0.006622516556291391,0.0,0.059172453703703706,0.0,0.0,same_pose,randfix,Random fixed,2,23,24,-0.30138134956359863,0.6835188865661621,0.2016175389289856,0.6034044027328491,specular
specular,far_right,23,flightonly,0.3717614412307739,0.339718759059906,0.3605339229106903,0.3717614412307739,0.339718759059906,0.3605339229106903,0.08257470250513911,1.862613320350647,0.043733298778533936,0.0,-0.30138134956359863,0.47221052646636963,1.5370206832885742,-0.30138134956359863,0.47221052646636963,1.5370206832885742,0.9389413595199585,0.3324025273323059,1.6044987440109253,0.9389413595199585,0.3324025273323059,1.6044987440109253,single_wall_slit,0.0,2.4560461044311523,0.5400000214576721,0.15000000596046448,1.0,1.5,0.0,0.9922581315040588,-0.11184640228748322,0.05398242175579071,1.0,0.8633186221122742,0.0,0.0552055649459362,0.28901395201683044,0.7560364007949829,0.01834709942340851,0.4492921233177185,0.06388549506664276,0.0,0.0,0.9907562732696533,0.51953125,1.0,0.25014424324035645,0.054686203598976135,0.989707350730896,1.0,0.51953125,1.0,0.10923032407407407,1.0,0.0,1.0,0.992773261065944,0.48046875,1.0,0.9952681388012619,0.4586226851851852,1.0,0.9403973509933775,0.021846064814814815,1.0,0.021846064814814815,0.9456708431243896,0.0,0.0,0.0,0.0,0.0,1.0,0.059172453703703706,1.0,0.9721933603286743,same_pose,flightonly,Ours,2,23,23,-0.30138134956359863,0.3717614412307739,0.339718759059906,0.3605339229106903,specular
specular,far_right,25,fixed,0.5,0.5,0.5,0.37986576557159424,0.33933573961257935,0.35871973633766174,0.07283641643804738,1.6811962127685547,0.01642400026321411,0.0,-0.09610269218683243,0.526423990726471,1.5418869256973267,-0.09610269218683243,0.526423990726471,1.5418869256973267,1.1377904415130615,0.33982720971107483,1.6139229536056519,1.1377904415130615,0.33982720971107483,1.6139229536056519,single_wall_slit,0.0,2.4560461044311523,0.5400000214576721,0.15000000596046448,1.0,1.5,0.0,0.9871145486831665,-0.14927741885185242,0.05762885883450508,0.9875578880310059,0.7966567873954773,0.012442129664123058,0.08221341669559479,0.09508733451366425,0.44759154319763184,0.037643708288669586,0.19109277427196503,0.1067066565155983,0.0,0.0,0.5015624165534973,0.1974826388888889,1.0,0.17173835635185242,0.020062975585460663,0.5016793012619019,1.0,0.1974826388888889,1.0,0.059172453703703706,1.0,0.0,0.9844961240310077,0.8009734991887507,0.8025173611111112,0.984263494967978,0.8001829826166514,0.7906539351851852,1.0,0.8536585365853658,0.011863425925925927,1.0,0.011863425925925927,0.4847550690174103,0.0,0.0,0.0,0.0,0.0,0.9844961240310077,0.011863425925925927,1.0,0.4847550690174103,same_pose,fixed,Fixed,3,25,25,-0.09610269218683243,0.5,0.5,0.5,specular
specular,far_right,25,randfix,0.6835188865661621,0.2016175389289856,0.6034044027328491,0.37986576557159424,0.33933573961257935,0.35871973633766174,0.07283641643804738,1.6811962127685547,0.01642400026321411,0.0,-0.09610269218683243,0.526423990726471,1.5418869256973267,-0.09610269218683243,0.526423990726471,1.5418869256973267,1.1377904415130615,0.33982720971107483,1.6139229536056519,1.1377904415130615,0.33982720971107483,1.6139229536056519,single_wall_slit,0.0,2.4560461044311523,0.5400000214576721,0.15000000596046448,1.0,1.5,0.0,0.9871145486831665,-0.14927741885185242,0.05762885883450508,0.7297453880310059,0.5484544038772583,0.27025464177131653,0.15364515781402588,0.09508733451366425,0.44759154319763184,0.0891437903046608,0.19109277427196503,0.1067066565155983,0.0,1.0,0.0,0.1974826388888889,0.0,0.0,0.0,0.0,0.0,0.1974826388888889,0.0,0.059172453703703706,0.0,0.0,0.90932035334415,0.6322336398053001,0.8025173611111112,0.9215004574565416,0.6402561756633119,0.7906539351851852,0.0975609756097561,0.0975609756097561,0.011863425925925927,0.0,0.011863425925925927,0.0,0.6322336398053001,0.90932035334415,0.0,0.0975609756097561,0.0975609756097561,0.0,0.011863425925925927,0.0,0.0,same_pose,randfix,Random fixed,3,25,27,-0.09610269218683243,0.6835188865661621,0.2016175389289856,0.6034044027328491,specular
specular,far_right,25,flightonly,0.37986576557159424,0.33933573961257935,0.35871973633766174,0.37986576557159424,0.33933573961257935,0.35871973633766174,0.07283641643804738,1.6811962127685547,0.01642400026321411,0.0,-0.09610269218683243,0.526423990726471,1.5418869256973267,-0.09610269218683243,0.526423990726471,1.5418869256973267,1.1377904415130615,0.33982720971107483,1.6139229536056519,1.1377904415130615,0.33982720971107483,1.6139229536056519,single_wall_slit,0.0,2.4560461044311523,0.5400000214576721,0.15000000596046448,1.0,1.5,0.0,0.9871145486831665,-0.14927741885185242,0.05762885883450508,1.0,0.8091874718666077,0.0,0.01973820850253105,0.09508733451366425,0.44759154319763184,0.007354131434112787,0.19109277427196503,0.1067066565155983,0.0,0.0,0.9939177632331848,0.1974826388888889,1.0,0.17340736091136932,0.021002041175961494,0.993698239326477,1.0,0.1974826388888889,1.0,0.059172453703703706,1.0,0.0,1.0,0.7705065801334054,0.8025173611111112,1.0,0.7796889295516926,0.7906539351851852,1.0,0.15853658536585366,0.011863425925925927,1.0,0.011863425925925927,0.9716863036155701,0.0,0.0,0.0,0.0,0.0,1.0,0.011863425925925927,1.0,0.9716863036155701,same_pose,flightonly,Ours,3,25,25,-0.09610269218683243,0.37986576557159424,0.33933573961257935,0.35871973633766174,specular
specular,far_right,28,fixed,0.5,0.5,0.5,0.43666237592697144,0.38904350996017456,0.4012959897518158,0.08157835700999916,1.4488012790679932,0.03453133627772331,0.0,0.15942174196243286,0.5473501682281494,1.547775149345398,0.15942174196243286,0.5473501682281494,1.547775149345398,1.3807380199432373,0.29874610900878906,1.6430786848068237,1.3807380199432373,0.29874610900878906,1.6430786848068237,single_wall_slit,0.0,2.4560461044311523,0.5400000214576721,0.15000000596046448,1.0,1.5,0.0,0.9770530462265015,-0.19888325035572052,0.0762428417801857,1.0,0.9229578375816345,0.0,6.724929698975757e-05,0.0,0.0021095748525112867,6.724929698975757e-05,0.0,0.13296490907669067,0.0,0.0,0.0,1.0,1.0,2.2702744007110596,0.22620965540409088,0.9229578375816345,1.0,0.43938078703703703,0.0,0.0,0.0,0.0,1.0,0.95,0.16493055555555555,1.0,0.95,0.16493055555555555,0.0,0.0,0.0,0.0,0.0,nan,0.0,0.0,0.0,0.0,0.0,0.0,0.0,0.0,nan,same_pose,fixed,Fixed,4,28,27,0.15942174196243286,0.5,0.5,0.5,specular
specular,far_right,28,randfix,0.6835188865661621,0.2016175389289856,0.6034044027328491,0.43666237592697144,0.38904350996017456,0.4012959897518158,0.08157835700999916,1.4488012790679932,0.03453133627772331,0.0,0.15942174196243286,0.5473501682281494,1.547775149345398,0.15942174196243286,0.5473501682281494,1.547775149345398,1.3807380199432373,0.29874610900878906,1.6430786848068237,1.3807380199432373,0.29874610900878906,1.6430786848068237,single_wall_slit,0.0,2.4560461044311523,0.5400000214576721,0.15000000596046448,1.0,1.5,0.0,0.9770530462265015,-0.19888325035572052,0.0762428417801857,1.0,0.8203893303871155,0.0,0.0001592525513842702,0.0,0.0021095748525112867,0.0001592525513842702,0.0,0.13296490907669067,0.0,0.0,0.0,1.0,1.0,2.2702744007110596,0.22620965540409088,0.8203893303871155,1.0,0.43938078703703703,0.0,0.0,0.0,0.0,1.0,0.95,0.16493055555555555,1.0,0.95,0.16493055555555555,0.0,0.0,0.0,0.0,0.0,nan,0.0,0.0,0.0,0.0,0.0,0.0,0.0,0.0,nan,same_pose,randfix,Random fixed,4,28,30,0.15942174196243286,0.6835188865661621,0.2016175389289856,0.6034044027328491,specular
specular,far_right,28,flightonly,0.43666237592697144,0.38904350996017456,0.4012959897518158,0.43666237592697144,0.38904350996017456,0.4012959897518158,0.08157835700999916,1.4488012790679932,0.03453133627772331,0.0,0.15942174196243286,0.5473501682281494,1.547775149345398,0.15942174196243286,0.5473501682281494,1.547775149345398,1.3807380199432373,0.29874610900878906,1.6430786848068237,1.3807380199432373,0.29874610900878906,1.6430786848068237,single_wall_slit,0.0,2.4560461044311523,0.5400000214576721,0.15000000596046448,1.0,1.5,0.0,0.9770530462265015,-0.19888325035572052,0.0762428417801857,1.0,0.8512610197067261,0.0,2.8545206077978946e-05,0.0,0.0021095748525112867,2.8545206077978946e-05,0.0,0.13296490907669067,0.0,0.0,0.0,1.0,1.0,2.2702744007110596,0.22620965540409088,0.8512610197067261,1.0,0.43938078703703703,0.0,0.0,0.0,0.0,1.0,0.95,0.16493055555555555,1.0,0.95,0.16493055555555555,0.0,0.0,0.0,0.0,0.0,nan,0.0,0.0,0.0,0.0,0.0,0.0,0.0,0.0,nan,same_pose,flightonly,Ours,4,28,28,0.15942174196243286,0.43666237592697144,0.38904350996017456,0.4012959897518158,specular
specular,far_right,12,fixed,0.5,0.5,0.5,0.5,0.5,0.5,0.07475416600956447,2.7235052585601807,0.9456754922866821,0.0,-1.2211012840270996,0.10215912014245987,1.5515027046203613,-1.2211012840270996,0.10215912014245987,1.5515027046203613,0.028107762336730957,0.09549561887979507,1.5075411796569824,0.028107762336730957,0.09549561887979507,1.5075411796569824,single_wall_slit,0.0,2.4560461044311523,0.5400000214576721,0.15000000596046448,1.0,1.5,0.0,0.9993672370910645,-0.005330801475793123,-0.03516917675733566,0.6549479365348816,0.5937214493751526,0.3450520932674408,0.17344066500663757,0.20547959208488464,0.325732558965683,0.07424143701791763,0.7219226360321045,0.014148346148431301,0.0,0.787023663520813,0.13535600900650024,0.42216435185185186,0.3605209047292666,1.1164050102233887,0.017812348902225494,0.2553277909755707,0.3605209047292666,0.42216435185185186,0.007462686567164179,0.019386574074074073,0.007462686567164179,0.0,0.2608695652173913,0.0,0.0033275462962962963,0.3333333333333333,0.0,0.0026041666666666665,0.0,0.0,0.0007233796296296296,0.0,0.0014467592592592592,0.0,0.0,0.166820633548887,0.0,0.0,0.0,0.0019467878001297857,0.021701388888888888,0.0,0.0,own_pose,fixed,Fixed,0,12,12,-1.2211012840270996,,,,specular
specular,far_right,18,fixed,0.5,0.5,0.5,0.5,0.5,0.5,0.08844854024145819,2.2568137645721436,0.44226986169815063,0.0,-0.7366644144058228,0.2970806360244751,1.5477977991104126,-0.7366644144058228,0.2970806360244751,1.5477977991104126,0.5109466314315796,0.24020926654338837,1.6000717878341675,0.5109466314315796,0.24020926654338837,1.6000717878341675,single_wall_slit,0.0,2.4560461044311523,0.5400000214576721,0.15000000596046448,1.0,1.5,0.0,0.9980888366699219,-0.045497093349695206,0.04181922599673271,0.5380497574806213,0.4555251896381378,0.46195024251937866,0.21430549025535583,0.2543121576309204,0.5017120838165283,0.0918852686882019,0.6582226157188416,0.026431391015648842,0.0,0.765163242816925,0.1396365910768509,0.5260416666666666,0.36688668866886687,0.6406023502349854,0.025043610483407974,0.2520621120929718,0.36688668866886687,0.5260416666666666,0.21875,0.009259259259259259,0.21875,0.0,0.3333333333333333,0.0,0.004340277777777778,0.37037037037037035,0.0,0.00390625,0.0,0.0,0.00043402777777777775,0.0,0.0005787037037037037,0.0,0.0,0.21103777044371103,0.0,0.0,0.0,0.07291666666666666,0.02155671296296296,0.006711409395973154,0.0028340835124254227,own_pose,fixed,Fixed,1,18,18,-0.7366644144058228,,,,specular
specular,far_right,22,fixed,0.5,0.5,0.5,0.5,0.5,0.5,0.08994292378648974,1.9066604375839233,0.07604873180389404,0.0,-0.3519497513771057,0.4514252841472626,1.543028712272644,-0.3519497513771057,0.4514252841472626,1.543028712272644,0.8898463845252991,0.32568445801734924,1.6110857725143433,0.8898463845252991,0.32568445801734924,1.6110857725143433,single_wall_slit,0.0,2.4560461044311523,0.5400000214576721,0.15000000596046448,1.0,1.5,0.0,0.9934369325637817,-0.10059266537427902,0.05444563925266266,0.33304399251937866,0.24244175851345062,0.6669560074806213,0.27381253242492676,0.335644394159317,0.748690664768219,0.11380668729543686,0.4894498586654663,0.05659473314881325,0.0,0.8645590543746948,0.06218750774860382,0.5743634259259259,0.16120906801007556,0.30668342113494873,0.05336851254105568,0.07428073137998581,0.16120906801007556,0.5743634259259259,0.33422818791946307,0.10778356481481481,0.33422818791946307,0.0,0.5649218218898708,0.35656016315431677,0.42563657407407407,0.5717866093805943,0.3727175080558539,0.4040798611111111,0.436241610738255,0.053691275167785234,0.02155671296296296,0.12080536912751678,0.02155671296296296,0.05465393513441086,0.2990794315626889,0.47385130148445087,0.0,0.04503575473771407,0.3835412819242376,0.1888127968464132,0.06756365740740741,0.28051391862955033,0.12567250430583954,own_pose,fixed,Fixed,2,22,22,-0.3519497513771057,,,,specular
specular,far_right,25,fixed,0.5,0.5,0.5,0.5,0.5,0.5,0.07725468344968983,1.6264758110046387,0.015916943550109863,0.0,-0.033248186111450195,0.5406902432441711,1.547197699546814,-0.033248186111450195,0.5406902432441711,1.547197699546814,1.1987096071243286,0.34250879287719727,1.6213865280151367,1.1987096071243286,0.34250879287719727,1.6213865280151367,single_wall_slit,0.0,2.4560461044311523,0.5400000214576721,0.15000000596046448,1.0,1.5,0.0,0.985566258430481,-0.15854515135288239,0.05935102701187134,1.0,0.8932985663414001,0.0,0.010002284310758114,0.005265893880277872,0.17854157090187073,0.007537239231169224,0.010582631453871727,0.13131055235862732,0.0,0.0,0.580566942691803,0.01244212962962963,1.0,0.1543479561805725,0.0028329051565378904,0.5802168846130371,1.0,0.01244212962962963,1.0,0.01244212962962963,1.0,0.0,1.0,0.6009375915616759,0.9875578703703703,1.0,0.6041237113402061,0.9823495370370371,1.0,0.0,0.005208333333333333,1.0,0.004918981481481482,0.5571324229240417,0.0,0.0,0.0,0.0,0.0,1.0,0.004918981481481482,1.0,0.5571324229240417,own_pose,fixed,Fixed,3,25,25,-0.033248186111450195,,,,specular
specular,far_right,27,fixed,0.5,0.5,0.5,0.5,0.5,0.5,0.08999027416889417,1.47635817527771,0.01590842939913273,0.0,0.13430865108966827,0.5584933161735535,1.551047682762146,0.13430865108966827,0.5584933161735535,1.551047682762146,1.3578802347183228,0.31801265478134155,1.637891411781311,1.3578802347183228,0.31801265478134155,1.637891411781311,single_wall_slit,0.0,2.4560461044311523,0.5400000214576721,0.15000000596046448,1.0,1.5,0.0,0.9788572192192078,-0.1923845410346985,0.06947500258684158,1.0,0.920676052570343,0.0,0.0001275751128559932,0.0,0.004002001136541367,0.0001275751128559932,0.0,0.13296490907669067,0.0,0.0,0.0,1.0,1.0,2.29036808013916,0.2195596694946289,0.920676052570343,1.0,0.4322916666666667,0.0,0.0,0.0,0.0,1.0,0.9598031173092699,0.1763599537037037,1.0,0.9598031173092699,0.1763599537037037,0.0,0.0,0.0,0.0,0.0,nan,0.0,0.0,0.0,0.0,0.0,0.0,0.0,0.0,nan,own_pose,fixed,Fixed,4,27,27,0.13430865108966827,,,,specular
specular,far_right,13,randfix,0.6835188865661621,0.2016175389289856,0.6034044027328491,0.6835188865661621,0.2016175389289856,0.6034044027328491,0.06993957079670848,2.718808174133301,0.9403183460235596,0.0,-1.2162452936172485,0.11323224753141403,1.5332859754562378,-1.2162452936172485,0.11323224753141403,1.5332859754562378,0.03314685821533203,0.10410323739051819,1.4953936338424683,0.03314685821533203,0.10410323739051819,1.4953936338424683,single_wall_slit,0.0,2.4560461044311523,0.5400000214576721,0.15000000596046448,1.0,1.5,0.0,0.9995137453079224,-0.007303209509700537,-0.0303138867020607,0.5390625,0.4986400306224823,0.4609375,0.32282090187072754,0.20670972764492035,0.3274005055427551,0.17642413079738617,0.7209792137145996,0.014128465205430984,0.0,0.9467501044273376,0.03429923206567764,0.4262152777777778,0.164969450101833,1.1117093563079834,0.012634728103876114,0.10798664391040802,0.164969450101833,0.4262152777777778,0.0,0.02025462962962963,0.0,0.0,0.12,0.0,0.003616898148148148,0.15,0.0,0.0028935185185185184,0.0,0.0,0.0007233796296296296,0.0,0.0014467592592592592,0.0,0.0,0.10020366598778004,0.0,0.0,0.0,0.0,0.02141203703703704,0.0,0.0,own_pose,randfix,Random fixed,0,13,13,-1.2162452936172485,,,,specular
specular,far_right,19,randfix,0.6835188865661621,0.2016175389289856,0.6034044027328491,0.6835188865661621,0.2016175389289856,0.6034044027328491,0.07199643336676466,2.288173198699951,0.4736754894256592,0.0,-0.7683998346328735,0.2978980839252472,1.5368311405181885,-0.7683998346328735,0.2978980839252472,1.5368311405181885,0.4795842170715332,0.24114194512367249,1.5794280767440796,0.4795842170715332,0.24114194512367249,1.5794280767440796,single_wall_slit,0.0,2.4560461044311523,0.5400000214576721,0.15000000596046448,1.0,1.5,0.0,0.9983872771263123,-0.045404914766550064,0.03407752513885498,0.40162038803100586,0.3583698868751526,0.5983796119689941,0.4002830386161804,0.2567427158355713,0.49360278248786926,0.2185702621936798,0.6617957949638367,0.02585427835583687,0.0,0.9529199004173279,0.03270159289240837,0.5182291666666666,0.14991624790619765,0.6787099242210388,0.008429396897554398,0.10595399141311646,0.14991624790619765,0.5182291666666666,0.0,0.00853587962962963,0.0,0.0,0.0,0.0,0.0026041666666666665,0.0,0.0,0.0023148148148148147,0.0,0.0,0.00028935185185185184,0.0,0.0005787037037037037,0.0,0.0,0.0,0.0,0.0,0.0,0.0,0.02155671296296296,0.0,0.0,own_pose,randfix,Random fixed,1,19,19,-0.7683998346328735,,,,specular
specular,far_right,24,randfix,0.6835188865661621,0.2016175389289856,0.6034044027328491,0.6835188865661621,0.2016175389289856,0.6034044027328491,0.08971609125852659,1.8858132362365723,0.06713289767503738,0.0,-0.3226553797721863,0.4820871353149414,1.5425504446029663,-0.3226553797721863,0.4820871353149414,1.5425504446029663,0.9176591038703918,0.3410820960998535,1.6076478958129883,0.9176591038703918,0.3410820960998535,1.6076478958129883,single_wall_slit,0.0,2.4560461044311523,0.5400000214576721,0.15000000596046448,1.0,1.5,0.0,0.9922515749931335,-0.11280403286218643,0.0520780049264431,0.18243634700775146,0.12324513494968414,0.8175636529922485,0.469649076461792,0.30567631125450134,0.7726101875305176,0.25505033135414124,0.4780462384223938,0.06019202992320061,0.0,1.0,0.0,0.5473090277777778,0.0,0.0,0.0,0.0,0.0,0.5473090277777778,0.0,0.11038773148148148,0.0,0.0,0.403004154682007,0.1342281879194631,0.4526909722222222,0.4237231182795699,0.14112903225806453,0.4305555555555556,0.0,0.0,0.022135416666666668,0.0,0.022135416666666668,0.0,0.1342281879194631,0.403004154682007,0.0,0.0,0.0,0.0,0.05714699074074074,0.0,0.0,own_pose,randfix,Random fixed,2,24,24,-0.3226553797721863,,,,specular
specular,far_right,27,randfix,0.6835188865661621,0.2016175389289856,0.6034044027328491,0.6835188865661621,0.2016175389289856,0.6034044027328491,0.08178475663845289,1.6591311693191528,0.006043195724487305,0.0,-0.06410704553127289,0.551236093044281,1.5492347478866577,-0.06410704553127289,0.551236093044281,1.5492347478866577,1.166221261024475,0.34645605087280273,1.6320452690124512,1.166221261024475,0.34645605087280273,1.6320452690124512,single_wall_slit,0.0,2.4560461044311523,0.5400000214576721,0.15000000596046448,1.0,1.5,0.0,0.9842626452445984,-0.16382402181625366,0.06624838709831238,0.9260706305503845,0.7020666599273682,0.07392939925193787,0.06536250561475754,0.030176494270563126,0.30665871500968933,0.04473711922764778,0.06064435467123985,0.12407750636339188,0.0,1.0,0.0,0.06684027777777778,0.0,0.0,0.0,0.0,0.0,0.06684027777777778,0.0,0.04716435185185185,0.0,0.0,0.9924031007751938,0.7072868217054263,0.9331597222222222,1.0,0.7138369718862887,0.9211516203703703,0.40963855421686746,0.20481927710843373,0.012008101851851851,0.0,0.01171875,0.0,0.7072868217054263,0.9924031007751938,0.0,0.20481927710843373,0.40963855421686746,0.0,0.01171875,0.0,0.0,own_pose,randfix,Random fixed,3,27,27,-0.06410704553127289,,,,specular
specular,far_right,30,randfix,0.6835188865661621,0.2016175389289856,0.6034044027328491,0.6835188865661621,0.2016175389289856,0.6034044027328491,0.08068778666931892,1.4205231666564941,0.040495239198207855,0.0,0.19646981358528137,0.5617335438728333,1.5561310052871704,0.19646981358528137,0.5617335438728333,1.5561310052871704,1.4125512838363647,0.29403600096702576,1.6656020879745483,1.4125512838363647,0.29403600096702576,1.6656020879745483,single_wall_slit,0.0,2.4560461044311523,0.5400000214576721,0.15000000596046448,1.0,1.5,0.0,0.9728652238845825,-0.21415802836418152,0.08757690340280533,1.0,0.8245347142219543,0.0,6.60700025036931e-05,0.0,0.000875223835464567,6.60700025036931e-05,0.0,0.1329648643732071,0.0,0.0,0.0,1.0,1.0,2.24562931060791,0.2439299374818802,0.8245347142219543,1.0,0.4537037037037037,0.0,0.0,0.0,0.0,1.0,0.9313632030505243,0.1517650462962963,1.0,0.9313632030505243,0.1517650462962963,0.0,0.0,0.0,0.0,0.0,nan,0.0,0.0,0.0,0.0,0.0,0.0,0.0,0.0,nan,own_pose,randfix,Random fixed,4,30,30,0.19646981358528137,,,,specular
specular,far_right,12,flightonly,0.3545202612876892,0.4105735421180725,0.34289008378982544,0.3545202612876892,0.4105735421180725,0.34289008378982544,0.07229493797077663,2.731720209121704,0.9541788697242737,0.0,-1.2294598817825317,0.10150770097970963,1.545170545578003,-1.2294598817825317,0.10150770097970963,1.545170545578003,0.019523978233337402,0.09499802440404892,1.49519944190979,0.019523978233337402,0.09499802440404892,1.49519944190979,single_wall_slit,0.0,2.4560461044311523,0.5400000214576721,0.15000000596046448,1.0,1.5,0.0,0.9991871118545532,-0.005207741167396307,-0.03997684270143509,0.9992766380310059,0.8831259608268738,0.0007233796641230583,0.03932563215494156,0.20404671132564545,0.3235953748226166,0.011500191874802113,0.7221933603286743,0.014808516018092632,0.0,0.0,0.8278055787086487,0.42216435185185186,1.0,1.1397039890289307,0.0394926443696022,0.8504760265350342,1.0,0.42216435185185186,1.0,0.1076388888888889,1.0,0.0,0.9936788874841972,0.9102402022756005,0.11443865740740741,1.0,0.9127725856697819,0.09288194444444445,0.9664429530201343,0.8993288590604027,0.02155671296296296,1.0,0.02155671296296296,0.6309540867805481,0.0,0.0,0.0,0.0,0.0,0.9936788874841972,0.02155671296296296,1.0,0.6309540867805481,own_pose,flightonly,Ours,0,12,12,-1.2294598817825317,,,,specular
specular,far_right,18,flightonly,0.3679123520851135,0.33715131878852844,0.34840917587280273,0.3679123520851135,0.33715131878852844,0.34840917587280273,0.0839702012846253,2.2846896648406982,0.47166237235069275,0.0,-0.7661236524581909,0.28831958770751953,1.5369009971618652,-0.7661236524581909,0.28831958770751953,1.5369009971618652,0.48171234130859375,0.2345140278339386,1.5870057344436646,0.48171234130859375,0.2345140278339386,1.5870057344436646,single_wall_slit,0.0,2.4560461044311523,0.5400000214576721,0.15000000596046448,1.0,1.5,0.0,0.9982687830924988,-0.043044447898864746,0.04008376970887184,0.9968171119689941,0.911591112613678,0.0031828703358769417,0.04565391317009926,0.2528363764286041,0.4911019802093506,0.015048281289637089,0.6637309193611145,0.02543110027909279,0.0,0.0,0.964066743850708,0.5131655092592593,1.0,0.6775529384613037,0.03962574154138565,0.9680513739585876,1.0,0.5131655092592593,1.0,0.009403935185185185,1.0,0.0,0.25925925925925924,0.25925925925925924,0.00390625,0.2916666666666667,0.2916666666666667,0.003472222222222222,0.0,0.0,0.00043402777777777775,1.0,0.0007233796296296296,0.8455085754394531,0.0,0.0,0.0,0.0,0.0,0.25925925925925924,0.02141203703703704,1.0,0.8414512872695923,own_pose,flightonly,Ours,1,18,18,-0.7661236524581909,,,,specular
specular,far_right,23,flightonly,0.3717614412307739,0.339718759059906,0.3605339229106903,0.3717614412307739,0.339718759059906,0.3605339229106903,0.08257470250513911,1.862613320350647,0.043733298778533936,0.0,-0.30138134956359863,0.47221052646636963,1.5370206832885742,-0.30138134956359863,0.47221052646636963,1.5370206832885742,0.9389413595199585,0.3324025273323059,1.6044987440109253,0.9389413595199585,0.3324025273323059,1.6044987440109253,single_wall_slit,0.0,2.4560461044311523,0.5400000214576721,0.15000000596046448,1.0,1.5,0.0,0.9922581315040588,-0.11184640228748322,0.05398242175579071,1.0,0.8633186221122742,0.0,0.0552055649459362,0.28901395201683044,0.7560364007949829,0.01834709942340851,0.4492921233177185,0.06388549506664276,0.0,0.0,0.9907562732696533,0.51953125,1.0,0.25014424324035645,0.054686203598976135,0.989707350730896,1.0,0.51953125,1.0,0.10923032407407407,1.0,0.0,1.0,0.992773261065944,0.48046875,1.0,0.9952681388012619,0.4586226851851852,1.0,0.9403973509933775,0.021846064814814815,1.0,0.021846064814814815,0.9456708431243896,0.0,0.0,0.0,0.0,0.0,1.0,0.059172453703703706,1.0,0.9721933603286743,own_pose,flightonly,Ours,2,23,23,-0.30138134956359863,,,,specular
specular,far_right,25,flightonly,0.37986576557159424,0.33933573961257935,0.35871973633766174,0.37986576557159424,0.33933573961257935,0.35871973633766174,0.07283641643804738,1.6811962127685547,0.01642400026321411,0.0,-0.09610269218683243,0.526423990726471,1.5418869256973267,-0.09610269218683243,0.526423990726471,1.5418869256973267,1.1377904415130615,0.33982720971107483,1.6139229536056519,1.1377904415130615,0.33982720971107483,1.6139229536056519,single_wall_slit,0.0,2.4560461044311523,0.5400000214576721,0.15000000596046448,1.0,1.5,0.0,0.9871145486831665,-0.14927741885185242,0.05762885883450508,1.0,0.8091874718666077,0.0,0.01973820850253105,0.09508733451366425,0.44759154319763184,0.007354131434112787,0.19109277427196503,0.1067066565155983,0.0,0.0,0.9939177632331848,0.1974826388888889,1.0,0.17340736091136932,0.021002041175961494,0.993698239326477,1.0,0.1974826388888889,1.0,0.059172453703703706,1.0,0.0,1.0,0.7705065801334054,0.8025173611111112,1.0,0.7796889295516926,0.7906539351851852,1.0,0.15853658536585366,0.011863425925925927,1.0,0.011863425925925927,0.9716863036155701,0.0,0.0,0.0,0.0,0.0,1.0,0.011863425925925927,1.0,0.9716863036155701,own_pose,flightonly,Ours,3,25,25,-0.09610269218683243,,,,specular
specular,far_right,28,flightonly,0.43666237592697144,0.38904350996017456,0.4012959897518158,0.43666237592697144,0.38904350996017456,0.4012959897518158,0.08157835700999916,1.4488012790679932,0.03453133627772331,0.0,0.15942174196243286,0.5473501682281494,1.547775149345398,0.15942174196243286,0.5473501682281494,1.547775149345398,1.3807380199432373,0.29874610900878906,1.6430786848068237,1.3807380199432373,0.29874610900878906,1.6430786848068237,single_wall_slit,0.0,2.4560461044311523,0.5400000214576721,0.15000000596046448,1.0,1.5,0.0,0.9770530462265015,-0.19888325035572052,0.0762428417801857,1.0,0.8512610197067261,0.0,2.8545206077978946e-05,0.0,0.0021095748525112867,2.8545206077978946e-05,0.0,0.13296490907669067,0.0,0.0,0.0,1.0,1.0,2.2702744007110596,0.22620965540409088,0.8512610197067261,1.0,0.43938078703703703,0.0,0.0,0.0,0.0,1.0,0.95,0.16493055555555555,1.0,0.95,0.16493055555555555,0.0,0.0,0.0,0.0,0.0,nan,0.0,0.0,0.0,0.0,0.0,0.0,0.0,0.0,nan,own_pose,flightonly,Ours,4,28,28,0.15942174196243286,,,,specular
