0 0 1 0 0 0.744595 0 0 0 0 0 -2.26316 -0 0 0 -0 0 0 0 0 0 0 0 0 0 0 0 0 0 1 10000 10000 10000 10000
0 0 1 0 0 0.734752 0 0 0 0 0 -2.28116 -0 0 0 -0 0 0 0 0 0 0 0 0 0 0 0 0 0 1 19914.4 19914.4 19914.4 19914.4
0 0 1 0 0 0.723375 0 0 0 0 0 -2.21789 -0 0 0 -0 0 0 0 0 0 0 0 0 0 0 0 0 0 1 19827 19827 19827 19827
0 0 1 0 0 0.71231 0 0 0 0 0 -2.15559 -0 0 0 -0 0 0 0 0 0 0 0 0 0 0 0 0 0 1 19740 19740 19740 19740
0 0 1 0 0 0.701488 0 0 0 0 0 -2.09387 -0 0 0 -0 0 0 0 0 0 0 0 0 0 0 0 0 0 1 19653 19653 19653 19653
0 0 1 0 0 0.691168 0 0 0 0 0 -2.03424 -0 0 0 -0 0 0 0 0 0 0 0 0 0 0 0 0 0 1 19568.1 19568.1 19568.1 19568.1
0 0 1 0 0 0.680888 0 0 0 0 0 -1.97405 -0 0 0 -0 0 0 0 0 0 0 0 0 0 0 0 0 0 1 19481.4 19481.4 19481.4 19481.4
0 0 1 0 0 0.671044 0 0 0 0 0 -1.91561 -0 0 0 -0 0 0 0 0 0 0 0 0 0 0 0 0 0 1 19396.4 19396.4 19396.4 19396.4
0 0 1 0 0 0.661466 0 0 0 0 0 -1.85795 -0 0 0 -0 0 0 0 0 0 0 0 0 0 0 0 0 0 1 19311.7 19311.7 19311.7 19311.7
0 0 1 0 0 0.652176 0 0 0 0 0 -1.80123 -0 0 0 -0 0 0 0 0 0 0 0 0 0 0 0 0 0 1 19227.5 19227.5 19227.5 19227.5
0 0 1 0 0 0.643171 0 0 0 0 0 -1.74543 -0 0 0 -0 0 0 0 0 0 0 0 0 0 0 0 0 0 1 19143.7 19143.7 19143.7 19143.7
0 0 1 0 0 0.63444 0 0 0 0 0 -1.69052 -0 0 0 -0 0 0 0 0 0 0 0 0 0 0 0 0 0 1 19060.5 19060.5 19060.5 19060.5
0 0 1 0 0 0.625987 0 0 0 0 0 -1.63653 -0 0 0 -0 0 0 0 0 0 0 0 0 0 0 0 0 0 1 18977.7 18977.7 18977.7 18977.7
0 0 1 0 0 0.617808 0 0 0 0 0 -1.58345 -0 0 0 -0 0 0 0 0 0 0 0 0 0 0 0 0 0 1 18895.6 18895.6 18895.6 18895.6
0 0 1 0 0 0.609889 0 0 0 0 0 -1.53123 -0 0 0 -0 0 0 0 0 0 0 0 0 0 0 0 0 0 1 18813.9 18813.9 18813.9 18813.9
0 0 1 0 0 0.602231 0 0 0 0 0 -1.47987 -0 0 0 -0 0 0 0 0 0 0 0 0 0 0 0 0 0 1 18732.7 18732.7 18732.7 18732.7
0 0 1 0 0 0.594816 0 0 0 0 0 -1.42929 -0 0 0 -0 0 0 0 0 0 0 0 0 0 0 0 0 0 1 18651.8 18651.8 18651.8 18651.8
0 0 1 0 0 0.587652 0 0 0 0 0 -1.37955 -0 0 0 -0 0 0 0 0 0 0 0 0 0 0 0 0 0 1 18571.5 18571.5 18571.5 18571.5
0 0 1 0 0 0.58077 0 0 0 0 0 -1.33089 -0 0 0 -0 0 0 0 0 0 0 0 0 0 0 0 0 0 1 18492.1 18492.1 18492.1 18492.1
0 0 1 0 0 0.574126 0 0 0 0 0 -1.28303 -0 0 0 -0 0 0 0 0 0 0 0 0 0 0 0 0 0 1 18413.2 18413.2 18413.2 18413.2
0 0 1 0 0 0.567719 0 0 0 0 0 -1.23598 -0 0 0 -0 0 0 0 0 0 0 0 0 0 0 0 0 0 1 18334.8 18334.8 18334.8 18334.8
0 0 1 0 0 0.5615 0 0 0 0 0 -1.18939 -0 0 0 -0 0 0 0 0 0 0 0 0 0 0 0 0 0 1 18256.3 18256.3 18256.3 18256.3
0 0 1 0 0 0.555568 0 0 0 0 0 -1.14403 -0 0 0 -0 0 0 0 0 0 0 0 0 0 0 0 0 0 1 18179 18179 18179 18179
0 0 1 0 0 0.549849 0 0 0 0 0 -1.09936 -0 0 0 -0 0 0 0 0 0 0 0 0 0 0 0 0 0 1 18102.2 18102.2 18102.2 18102.2
0 0 1 0 0 0.544347 0 0 0 0 0 -1.05543 -0 0 0 -0 0 0 0 0 0 0 0 0 0 0 0 0 0 1 18025.7 18025.7 18025.7 18025.7
0 0 1 0 0 0.539053 0 0 0 0 0 -1.01218 -0 0 0 -0 0 0 0 0 0 0 0 0 0 0 0 0 0 1 17949.7 17949.7 17949.7 17949.7
0 0 1 0 0 0.53403 0 0 0 0 0 -0.970168 -0 0 0 -0 0 0 0 0 0 0 0 0 0 0 0 0 0 1 17875 17875 17875 17875
0 0 1 0 0 0.529179 0 0 0 0 0 -0.928591 -0 0 0 -0 0 0 0 0 0 0 0 0 0 0 0 0 0 1 17800.3 17800.3 17800.3 17800.3
0 0 1 0 0 0.524537 0 0 0 0 0 -0.887784 -0 0 0 -0 0 0 0 0 0 0 0 0 0 0 0 0 0 1 17726.2 17726.2 17726.2 17726.2
0 0 1 0 0 0.520102 0 0 0 0 0 -0.847755 -0 0 0 -0 0 0 0 0 0 0 0 0 0 0 0 0 0 1 17652.7 17652.7 17652.7 17652.7
0 0 1 0 0 0.515861 0 0 0 0 0 -0.808401 -0 0 0 -0 0 0 0 0 0 0 0 0 0 0 0 0 0 1 17579.7 17579.7 17579.7 17579.7
0 0 1 0 0 0.511808 0 0 0 0 0 -0.769698 -0 0 0 -0 0 0 0 0 0 0 0 0 0 0 0 0 0 1 17507.1 17507.1 17507.1 17507.1
0 0 1 0 0 0.507969 0 0 0 0 0 -0.731905 -0 0 0 -0 0 0 0 0 0 0 0 0 0 0 0 0 0 1 17435.4 17435.4 17435.4 17435.4
0 0 1 0 0 0.504302 0 0 0 0 0 -0.694661 -0 0 0 -0 0 0 0 0 0 0 0 0 0 0 0 0 0 1 17363.9 17363.9 17363.9 17363.9
0 0 1 0 0 0.500822 0 0 0 0 0 -0.658135 -0 0 0 -0 0 0 0 0 0 0 0 0 0 0 0 0 0 1 17293.1 17293.1 17293.1 17293.1
0 0 1 0 0 0.497536 0 0 0 0 0 -0.622415 -0 0 0 -0 0 0 0 0 0 0 0 0 0 0 0 0 0 1 17223.1 17223.1 17223.1 17223.1
0 0 1 0 0 0.494425 0 0 0 0 0 -0.587345 -0 0 0 -0 0 0 0 0 0 0 0 0 0 0 0 0 0 1 17153.5 17153.5 17153.5 17153.5
0 0 1 0 0 0.491491 0 0 0 0 0 -0.552978 -0 0 0 -0 0 0 0 0 0 0 0 0 0 0 0 0 0 1 17084.6 17084.6 17084.6 17084.6
0 0 1 0 0 0.488716 0 0 0 0 0 -0.519111 -0 0 0 -0 0 0 0 0 0 0 0 0 0 0 0 0 0 1 17015.9 17015.9 17015.9 17015.9
0 0 1 0 0 0.486125 0 0 0 0 0 -0.486106 -0 0 0 -0 0 0 0 0 0 0 0 0 0 0 0 0 0 1 16948.2 16948.2 16948.2 16948.2
0 0 1 0 0 0.483699 0 0 0 0 0 -0.453745 -0 0 0 -0 0 0 0 0 0 0 0 0 0 0 0 0 0 1 16881.1 16881.1 16881.1 16881.1
0 0 1 0 0 0.481433 0 0 0 0 0 -0.42201 -0 0 0 -0 0 0 0 0 0 0 0 0 0 0 0 0 0 1 16814.5 16814.5 16814.5 16814.5
0 0 1 0 0 0.479321 0 0 0 0 0 -0.390843 -0 0 0 -0 0 0 0 0 0 0 0 0 0 0 0 0 0 1 16748.4 16748.4 16748.4 16748.4
0 0 1 0 0 0.477365 0 0 0 0 0 -0.360304 -0 0 0 -0 0 0 0 0 0 0 0 0 0 0 0 0 0 1 16682.8 16682.8 16682.8 16682.8
0 0 1 0 0 0.475563 0 0 0 0 0 -0.330412 -0 0 0 -0 0 0 0 0 0 0 0 0 0 0 0 0 0 1 16617.9 16617.9 16617.9 16617.9
0 0 1 0 0 0.473912 0 0 0 0 0 -0.301166 -0 0 0 -0 0 0 0 0 0 0 0 0 0 0 0 0 0 1 16553.7 16553.7 16553.7 16553.7
0 0 1 0 0 0.472409 0 0 0 0 0 -0.272538 -0 0 0 -0 0 0 0 0 0 0 0 0 0 0 0 0 0 1 16490.1 16490.1 16490.1 16490.1
0 0 1 0 0 0.471044 0 0 0 0 0 -0.244435 -0 0 0 -0 0 0 0 0 0 0 0 0 0 0 0 0 0 1 16426.9 16426.9 16426.9 16426.9
0 0 1 0 0 0.469822 0 0 0 0 0 -0.216945 -0 0 0 -0 0 0 0 0 0 0 0 0 0 0 0 0 0 1 16364.3 16364.3 16364.3 16364.3
0 0 1 0 0 0.468732 0 0 0 0 0 -0.189902 -0 0 0 -0 0 0 0 0 0 0 0 0 0 0 0 0 0 1 16302 16302 16302 16302
0 0 1 0 0 0.467785 0 0 0 0 0 -0.163657 -0 0 0 -0 0 0 0 0 0 0 0 0 0 0 0 0 0 1 16240.9 16240.9 16240.9 16240.9
0 0 1 0 0 0.466966 0 0 0 0 0 -0.137886 -0 0 0 -0 0 0 0 0 0 0 0 0 0 0 0 0 0 1 16180.1 16180.1 16180.1 16180.1
0 0 1 0 0 0.466276 0 0 0 0 0 -0.112672 -0 0 0 -0 0 0 0 0 0 0 0 0 0 0 0 0 0 1 16119.9 16119.9 16119.9 16119.9
0 0 1 0 0 0.465712 0 0 0 0 0 -0.0879905 -0 0 0 -0 0 0 0 0 0 0 0 0 0 0 0 0 0 1 16060.3 16060.3 16060.3 16060.3
0 0 1 0 0 0.465272 0 0 0 0 0 -0.0638734 -0 0 0 -0 0 0 0 0 0 0 0 0 0 0 0 0 0 1 16001.3 16001.3 16001.3 16001.3
0 0 1 0 0 0.464953 0 0 0 0 0 -0.0403365 -0 0 0 -0 0 0 0 0 0 0 0 0 0 0 0 0 0 1 15943 15943 15943 15943
0 0 1 0 0 0.464752 0 0 0 0 0 -0.017302 -0 0 0 -0 0 0 0 0 0 0 0 0 0 0 0 0 0 1 15885.2 15885.2 15885.2 15885.2
0 0 1 0 0 0.464665 0 0 0 0 0 0.00521914 -0 0 0 -0 0 0 0 0 0 0 0 0 0 0 0 0 0 1 15828 15828 15828 15828
0 0 1 0 0 0.464691 0 0 0 0 0 0.0272999 -0 0 0 -0 0 0 0 0 0 0 0 0 0 0 0 0 0 1 15771.2 15771.2 15771.2 15771.2
0 0 1 0 0 0.464827 0 0 0 0 0 0.0486312 -0 0 0 -0 0 0 0 0 0 0 0 0 0 0 0 0 0 1 15715.7 15715.7 15715.7 15715.7
0 0 1 0 0 0.46507 0 0 0 0 0 0.0696698 -0 0 0 -0 0 0 0 0 0 0 0 0 0 0 0 0 0 1 15660.2 15660.2 15660.2 15660.2
0 0 1 0 0 0.465418 0 0 0 0 0 0.0901433 -0 0 0 -0 0 0 0 0 0 0 0 0 0 0 0 0 0 1 15605.4 15605.4 15605.4 15605.4
0 0 1 0 0 0.465871 0 0 0 0 0 0.110241 -0 0 0 -0 0 0 0 0 0 0 0 0 0 0 0 0 0 1 15551 15551 15551 15551
0 0 1 0 0 0.466421 0 0 0 0 0 0.129762 -0 0 0 -0 0 0 0 0 0 0 0 0 0 0 0 0 0 1 15497.4 15497.4 15497.4 15497.4
0 0 1 0 0 0.46707 0 0 0 0 0 0.148818 -0 0 0 -0 0 0 0 0 0 0 0 0 0 0 0 0 0 1 15444.4 15444.4 15444.4 15444.4
0 0 1 0 0 0.467818 0 0 0 0 0 0.167526 -0 0 0 -0 0 0 0 0 0 0 0 0 0 0 0 0 0 1 15391.7 15391.7 15391.7 15391.7
0 0 1 0 0 0.468652 0 0 0 0 0 0.185593 -0 0 0 -0 0 0 0 0 0 0 0 0 0 0 0 0 0 1 15340.1 15340.1 15340.1 15340.1
0 0 1 0 0 0.469576 0 0 0 0 0 0.203212 -0 0 0 -0 0 0 0 0 0 0 0 0 0 0 0 0 0 1 15289 15289 15289 15289
0 0 1 0 0 0.470594 0 0 0 0 0 0.220482 -0 0 0 -0 0 0 0 0 0 0 0 0 0 0 0 0 0 1 15238.3 15238.3 15238.3 15238.3
0 0 1 0 0 0.471699 0 0 0 0 0 0.237336 -0 0 0 -0 0 0 0 0 0 0 0 0 0 0 0 0 0 1 15188.1 15188.1 15188.1 15188.1
0 0 1 0 0 0.472885 0 0 0 0 0 0.253695 -0 0 0 -0 0 0 0 0 0 0 0 0 0 0 0 0 0 1 15138.6 15138.6 15138.6 15138.6
0 0 1 0 0 0.474153 0 0 0 0 0 0.269643 -0 0 0 -0 0 0 0 0 0 0 0 0 0 0 0 0 0 1 15089.7 15089.7 15089.7 15089.7
0 0 1 0 0 0.475504 0 0 0 0 0 0.285201 -0 0 0 -0 0 0 0 0 0 0 0 0 0 0 0 0 0 1 15041.3 15041.3 15041.3 15041.3
0 0 1 0 0 0.476921 0 0 0 0 0 0.300226 -0 0 0 -0 0 0 0 0 0 0 0 0 0 0 0 0 0 1 14993.9 14993.9 14993.9 14993.9
0 0 1 0 0 0.478427 0 0 0 0 0 0.31499 -0 0 0 -0 0 0 0 0 0 0 0 0 0 0 0 0 0 1 14946.6 14946.6 14946.6 14946.6
0 0 1 0 0 0.480009 0 0 0 0 0 0.329357 -0 0 0 -0 0 0 0 0 0 0 0 0 0 0 0 0 0 1 14899.8 14899.8 14899.8 14899.8
0 0 1 0 0 0.48165 0 0 0 0 0 0.343228 -0 0 0 -0 0 0 0 0 0 0 0 0 0 0 0 0 0 1 14854 14854 14854 14854
0 0 1 0 0 0.483369 0 0 0 0 0 0.356777 -0 0 0 -0 0 0 0 0 0 0 0 0 0 0 0 0 0 1 14808.5 14808.5 14808.5 14808.5
0 0 1 0 0 0.485154 0 0 0 0 0 0.369934 -0 0 0 -0 0 0 0 0 0 0 0 0 0 0 0 0 0 1 14763.6 14763.6 14763.6 14763.6
0 0 1 0 0 0.486993 0 0 0 0 0 0.382626 -0 0 0 -0 0 0 0 0 0 0 0 0 0 0 0 0 0 1 14719.6 14719.6 14719.6 14719.6
0 0 1 0 0 0.488912 0 0 0 0 0 0.395064 -0 0 0 -0 0 0 0 0 0 0 0 0 0 0 0 0 0 1 14675.8 14675.8 14675.8 14675.8
0 0 1 0 0 0.490892 0 0 0 0 0 0.407129 -0 0 0 -0 0 0 0 0 0 0 0 0 0 0 0 0 0 1 14632.6 14632.6 14632.6 14632.6
0 0 1 0 0 0.492922 0 0 0 0 0 0.418774 -0 0 0 -0 0 0 0 0 0 0 0 0 0 0 0 0 0 1 14590.1 14590.1 14590.1 14590.1
0 0 1 0 0 0.495017 0 0 0 0 0 0.430104 -0 0 0 -0 0 0 0 0 0 0 0 0 0 0 0 0 0 1 14548.1 14548.1 14548.1 14548.1
0 0 1 0 0 0.497164 0 0 0 0 0 0.441063 -0 0 0 -0 0 0 0 0 0 0 0 0 0 0 0 0 0 1 14506.8 14506.8 14506.8 14506.8
0 0 1 0 0 0.499371 0 0 0 0 0 0.451712 -0 0 0 -0 0 0 0 0 0 0 0 0 0 0 0 0 0 1 14465.8 14465.8 14465.8 14465.8
0 0 1 0 0 0.501629 0 0 0 0 0 0.462009 -0 0 0 -0 0 0 0 0 0 0 0 0 0 0 0 0 0 1 14425.6 14425.6 14425.6 14425.6
0 0 1 0 0 0.503939 0 0 0 0 0 0.471977 -0 0 0 -0 0 0 0 0 0 0 0 0 0 0 0 0 0 1 14385.8 14385.8 14385.8 14385.8
0 0 1 0 0 0.506308 0 0 0 0 0 0.481663 -0 0 0 -0 0 0 0 0 0 0 0 0 0 0 0 0 0 1 14346.5 14346.5 14346.5 14346.5
0 0 1 0 0 0.508714 0 0 0 0 0 0.490979 -0 0 0 -0 0 0 0 0 0 0 0 0 0 0 0 0 0 1 14307.9 14307.9 14307.9 14307.9
0 0 1 0 0 0.511165 0 0 0 0 0 0.499975 -0 0 0 -0 0 0 0 0 0 0 0 0 0 0 0 0 0 1 14269.8 14269.8 14269.8 14269.8
0 0 1 0 0 0.513671 0 0 0 0 0 0.508698 -0 0 0 -0 0 0 0 0 0 0 0 0 0 0 0 0 0 1 14232.2 14232.2 14232.2 14232.2
0 0 1 0 0 0.516217 0 0 0 0 0 0.517105 -0 0 0 -0 0 0 0 0 0 0 0 0 0 0 0 0 0 1 14195.2 14195.2 14195.2 14195.2
0 0 1 0 0 0.518785 0 0 0 0 0 0.525153 -0 0 0 -0 0 0 0 0 0 0 0 0 0 0 0 0 0 1 14159 14159 14159 14159
0 0 1 0 0 0.52141 0 0 0 0 0 0.53296 -0 0 0 -0 0 0 0 0 0 0 0 0 0 0 0 0 0 1 14123 14123 14123 14123
0 0 1 0 0 0.524089 0 0 0 0 0 0.540519 -0 0 0 -0 0 0 0 0 0 0 0 0 0 0 0 0 0 1 14087.5 14087.5 14087.5 14087.5
0 0 1 0 0 0.526787 0 0 0 0 0 0.547745 -0 0 0 -0 0 0 0 0 0 0 0 0 0 0 0 0 0 1 14052.7 14052.7 14052.7 14052.7
0 0 1 0 0 0.529516 0 0 0 0 0 0.554679 -0 0 0 -0 0 0 0 0 0 0 0 0 0 0 0 0 0 1 14018.5 14018.5 14018.5 14018.5
0 0 1 0 0 0.532306 0 0 0 0 0 0.561404 -0 0 0 -0 0 0 0 0 0 0 0 0 0 0 0 0 0 1 13984.5 13984.5 13984.5 13984.5
0 0 1 0 0 0.53511 0 0 0 0 0 0.567815 -0 0 0 -0 0 0 0 0 0 0 0 0 0 0 0 0 0 1 13951.3 13951.3 13951.3 13951.3
0 0 1 0 0 0.537941 0 0 0 0 0 0.573951 -0 0 0 -0 0 0 0 0 0 0 0 0 0 0 0 0 0 1 13918.6 13918.6 13918.6 13918.6
0 0 1 0 0 0.540808 0 0 0 0 0 0.579841 -0 0 0 -0 0 0 0 0 0 0 0 0 0 0 0 0 0 1 13886.4 13886.4 13886.4 13886.4
0 0 1 0 0 0.543705 0 0 0 0 0 0.585477 -0 0 0 -0 0 0 0 0 0 0 0 0 0 0 0 0 0 1 13854.7 13854.7 13854.7 13854.7
0 0 1 0 0 0.546632 0 0 0 0 0 0.590868 -0 0 0 -0 0 0 0 0 0 0 0 0 0 0 0 0 0 1 13823.5 13823.5 13823.5 13823.5
0 0 1 0 0 0.549598 0 0 0 0 0 0.596035 -0 0 0 -0 0 0 0 0 0 0 0 0 0 0 0 0 0 1 13792.7 13792.7 13792.7 13792.7
0 0 1 0 0 0.552564 0 0 0 0 0 0.600917 -0 0 0 -0 0 0 0 0 0 0 0 0 0 0 0 0 0 1 13762.6 13762.6 13762.6 13762.6
0 0 1 0 0 0.555583 0 0 0 0 0 0.605611 -0 0 0 -0 0 0 0 0 0 0 0 0 0 0 0 0 0 1 13732.8 13732.8 13732.8 13732.8
0 0 1 0 0 0.558694 0 0 0 0 0 0.61017 -0 0 0 -0 0 0 0 0 0 0 0 0 0 0 0 0 0 1 13702.8 13702.8 13702.8 13702.8
0 0 1 0 0 0.561663 0 0 0 0 0 0.614262 -0 0 0 -0 0 0 0 0 0 0 0 0 0 0 0 0 0 1 13674.9 13674.9 13674.9 13674.9
0 0 1 0 0 0.564718 0 0 0 0 0 0.618228 -0 0 0 -0 0 0 0 0 0 0 0 0 0 0 0 0 0 1 13646.8 13646.8 13646.8 13646.8
0 0 1 0 0 0.567809 0 0 0 0 0 0.621998 -0 0 0 -0 0 0 0 0 0 0 0 0 0 0 0 0 0 1 13619.1 13619.1 13619.1 13619.1
0 0 1 0 0 0.570935 0 0 0 0 0 0.625572 -0 0 0 -0 0 0 0 0 0 0 0 0 0 0 0 0 0 1 13591.7 13591.7 13591.7 13591.7
0 0 1 0 0 0.574057 0 0 0 0 0 0.62891 -0 0 0 -0 0 0 0 0 0 0 0 0 0 0 0 0 0 1 13565 13565 13565 13565
0 0 1 0 0 0.577191 0 0 0 0 0 0.632039 -0 0 0 -0 0 0 0 0 0 0 0 0 0 0 0 0 0 1 13538.7 13538.7 13538.7 13538.7
0 0 1 0 0 0.580355 0 0 0 0 0 0.634979 -0 0 0 -0 0 0 0 0 0 0 0 0 0 0 0 0 0 1 13512.9 13512.9 13512.9 13512.9
0 0 1 0 0 0.583538 0 0 0 0 0 0.637724 -0 0 0 -0 0 0 0 0 0 0 0 0 0 0 0 0 0 1 13487.5 13487.5 13487.5 13487.5
0 0 1 0 0 0.586727 0 0 0 0 0 0.640269 -0 0 0 -0 0 0 0 0 0 0 0 0 0 0 0 0 0 1 13462.6 13462.6 13462.6 13462.6
0 0 1 0 0 0.589918 0 0 0 0 0 0.642615 -0 0 0 -0 0 0 0 0 0 0 0 0 0 0 0 0 0 1 13438.2 13438.2 13438.2 13438.2
0 0 1 0 0 0.593149 0 0 0 0 0 0.644795 -0 0 0 -0 0 0 0 0 0 0 0 0 0 0 0 0 0 1 13414.1 13414.1 13414.1 13414.1
0 0 1 0 0 0.596364 0 0 0 0 0 0.646773 -0 0 0 -0 0 0 0 0 0 0 0 0 0 0 0 0 0 1 13390.6 13390.6 13390.6 13390.6
0 0 1 0 0 0.599608 0 0 0 0 0 0.648584 -0 0 0 -0 0 0 0 0 0 0 0 0 0 0 0 0 0 1 13367.5 13367.5 13367.5 13367.5
0 0 1 0 0 0.602855 0 0 0 0 0 0.650217 -0 0 0 -0 0 0 0 0 0 0 0 0 0 0 0 0 0 1 13344.8 13344.8 13344.8 13344.8
0 0 1 0 0 0.606087 0 0 0 0 0 0.651666 -0 0 0 -0 0 0 0 0 0 0 0 0 0 0 0 0 0 1 13322.7 13322.7 13322.7 13322.7
0 0 1 0 0 0.609366 0 0 0 0 0 0.652966 -0 0 0 -0 0 0 0 0 0 0 0 0 0 0 0 0 0 1 13300.8 13300.8 13300.8 13300.8
0 0 1 0 0 0.612659 0 0 0 0 0 0.654101 -0 0 0 -0 0 0 0 0 0 0 0 0 0 0 0 0 0 1 13279.3 13279.3 13279.3 13279.3
0 0 1 0 0 0.6159 0 0 0 0 0 0.655056 -0 0 0 -0 0 0 0 0 0 0 0 0 0 0 0 0 0 1 13258.6 13258.6 13258.6 13258.6
0 0 1 0 0 0.619203 0 0 0 0 0 0.655871 -0 0 0 -0 0 0 0 0 0 0 0 0 0 0 0 0 0 1 13237.9 13237.9 13237.9 13237.9
0 0 1 0 0 0.622484 0 0 0 0 0 0.656524 -0 0 0 -0 0 0 0 0 0 0 0 0 0 0 0 0 0 1 13217.9 13217.9 13217.9 13217.9
0 0 1 0 0 0.625781 0 0 0 0 0 0.657028 -0 0 0 -0 0 0 0 0 0 0 0 0 0 0 0 0 0 1 13198.1 13198.1 13198.1 13198.1
0 0 1 0 0 0.629005 0 0 0 0 0 0.657376 -0 0 0 -0 0 0 0 0 0 0 0 0 0 0 0 0 0 1 13179.3 13179.3 13179.3 13179.3
0 0 1 0 0 0.632341 0 0 0 0 0 0.657592 -0 0 0 -0 0 0 0 0 0 0 0 0 0 0 0 0 0 1 13160.1 13160.1 13160.1 13160.1
0 0 1 0 0 0.63559 0 0 0 0 0 0.657661 -0 0 0 -0 0 0 0 0 0 0 0 0 0 0 0 0 0 1 13141.9 13141.9 13141.9 13141.9
0 0 1 0 0 0.638918 0 0 0 0 0 0.657594 -0 0 0 -0 0 0 0 0 0 0 0 0 0 0 0 0 0 1 13123.7 13123.7 13123.7 13123.7
0 0 1 0 0 0.642156 0 0 0 0 0 0.657396 -0 0 0 -0 0 0 0 0 0 0 0 0 0 0 0 0 0 1 13106.3 13106.3 13106.3 13106.3
0 0 1 0 0 0.645499 0 0 0 0 0 0.657059 -0 0 0 -0 0 0 0 0 0 0 0 0 0 0 0 0 0 1 13088.7 13088.7 13088.7 13088.7
0 0 1 0 0 0.64879 0 0 0 0 0 0.656597 -0 0 0 -0 0 0 0 0 0 0 0 0 0 0 0 0 0 1 13071.8 13071.8 13071.8 13071.8
0 0 1 0 0 0.65206 0 0 0 0 0 0.656012 -0 0 0 -0 0 0 0 0 0 0 0 0 0 0 0 0 0 1 13055.4 13055.4 13055.4 13055.4
0 0 1 0 0 0.65529 0 0 0 0 0 0.655314 -0 0 0 -0 0 0 0 0 0 0 0 0 0 0 0 0 0 1 13039.5 13039.5 13039.5 13039.5
0 0 1 0 0 0.658593 0 0 0 0 0 0.654482 -0 0 0 -0 0 0 0 0 0 0 0 0 0 0 0 0 0 1 13023.7 13023.7 13023.7 13023.7
0 0 1 0 0 0.661853 0 0 0 0 0 0.653542 -0 0 0 -0 0 0 0 0 0 0 0 0 0 0 0 0 0 1 13008.4 13008.4 13008.4 13008.4
0 0 1 0 0 0.66516 0 0 0 0 0 0.652473 -0 0 0 -0 0 0 0 0 0 0 0 0 0 0 0 0 0 1 12993.2 12993.2 12993.2 12993.2
0 0 1 0 0 0.668369 0 0 0 0 0 0.651323 -0 0 0 -0 0 0 0 0 0 0 0 0 0 0 0 0 0 1 12978.7 12978.7 12978.7 12978.7
0 0 1 0 0 0.671639 0 0 0 0 0 0.650043 -0 0 0 -0 0 0 0 0 0 0 0 0 0 0 0 0 0 1 12964.4 12964.4 12964.4 12964.4
0 0 1 0 0 0.674896 0 0 0 0 0 0.64866 -0 0 0 -0 0 0 0 0 0 0 0 0 0 0 0 0 0 1 12950.4 12950.4 12950.4 12950.4
0 0 1 0 0 0.678172 0 0 0 0 0 0.647162 -0 0 0 -0 0 0 0 0 0 0 0 0 0 0 0 0 0 1 12936.6 12936.6 12936.6 12936.6
0 0 1 0 0 0.681356 0 0 0 0 0 0.645603 -0 0 0 -0 0 0 0 0 0 0 0 0 0 0 0 0 0 1 12923.6 12923.6 12923.6 12923.6
0 0 1 0 0 0.6846 0 0 0 0 0 0.643914 -0 0 0 -0 0 0 0 0 0 0 0 0 0 0 0 0 0 1 12910.6 12910.6 12910.6 12910.6
0 0 1 0 0 0.687818 0 0 0 0 0 0.642141 -0 0 0 -0 0 0 0 0 0 0 0 0 0 0 0 0 0 1 12898 12898 12898 12898
0 0 1 0 0 0.691039 0 0 0 0 0 0.640267 -0 0 0 -0 0 0 0 0 0 0 0 0 0 0 0 0 0 1 12885.7 12885.7 12885.7 12885.7
0 0 1 0 0 0.694217 0 0 0 0 0 0.638324 -0 0 0 -0 0 0 0 0 0 0 0 0 0 0 0 0 0 1 12873.8 12873.8 12873.8 12873.8
0 0 1 0 0 0.697419 0 0 0 0 0 0.636273 -0 0 0 -0 0 0 0 0 0 0 0 0 0 0 0 0 0 1 12862.2 12862.2 12862.2 12862.2
0 0 1 0 0 0.700588 0 0 0 0 0 0.634153 -0 0 0 -0 0 0 0 0 0 0 0 0 0 0 0 0 0 1 12850.9 12850.9 12850.9 12850.9
0 0 1 0 0 0.703811 0 0 0 0 0 0.631904 -0 0 0 -0 0 0 0 0 0 0 0 0 0 0 0 0 0 1 12839.7 12839.7 12839.7 12839.7
0 0 1 0 0 0.70692 0 0 0 0 0 0.629648 -0 0 0 -0 0 0 0 0 0 0 0 0 0 0 0 0 0 1 12829.2 12829.2 12829.2 12829.2
0 0 1 0 0 0.710078 0 0 0 0 0 0.627272 -0 0 0 -0 0 0 0 0 0 0 0 0 0 0 0 0 0 1 12818.8 12818.8 12818.8 12818.8
0 0 1 0 0 0.71326 0 0 0 0 0 0.624791 -0 0 0 -0 0 0 0 0 0 0 0 0 0 0 0 0 0 1 12808.5 12808.5 12808.5 12808.5
0 0 1 0 0 0.716386 0 0 0 0 0 0.622269 -0 0 0 -0 0 0 0 0 0 0 0 0 0 0 0 0 0 1 12798.7 12798.7 12798.7 12798.7
0 0 1 0 0 0.719443 0 0 0 0 0 0.619724 -0 0 0 -0 0 0 0 0 0 0 0 0 0 0 0 0 0 1 12789.4 12789.4 12789.4 12789.4
0 0 1 0 0 0.722589 0 0 0 0 0 0.617024 -0 0 0 -0 0 0 0 0 0 0 0 0 0 0 0 0 0 1 12780 12780 12780 12780
0 0 1 0 0 0.725629 0 0 0 0 0 0.614337 -0 0 0 -0 0 0 0 0 0 0 0 0 0 0 0 0 0 1 12771.2 12771.2 12771.2 12771.2
0 0 1 0 0 0.728716 0 0 0 0 0 0.611533 -0 0 0 -0 0 0 0 0 0 0 0 0 0 0 0 0 0 1 12762.5 12762.5 12762.5 12762.5
0 0 1 0 0 0.731767 0 0 0 0 0 0.608685 -0 0 0 -0 0 0 0 0 0 0 0 0 0 0 0 0 0 1 12754.1 12754.1 12754.1 12754.1
0 0 1 0 0 0.734805 0 0 0 0 0 0.605777 -0 0 0 -0 0 0 0 0 0 0 0 0 0 0 0 0 0 1 12746 12746 12746 12746
0 0 1 0 0 0.737844 0 0 0 0 0 0.602794 -0 0 0 -0 0 0 0 0 0 0 0 0 0 0 0 0 0 1 12738.1 12738.1 12738.1 12738.1
0 0 1 0 0 0.74085 0 0 0 0 0 0.599772 -0 0 0 -0 0 0 0 0 0 0 0 0 0 0 0 0 0 1 12730.5 12730.5 12730.5 12730.5
0 0 1 0 0 0.743853 0 0 0 0 0 0.596683 -0 0 0 -0 0 0 0 0 0 0 0 0 0 0 0 0 0 1 12723.2 12723.2 12723.2 12723.2
0 0 1 0 0 0.746798 0 0 0 0 0 0.593585 -0 0 0 -0 0 0 0 0 0 0 0 0 0 0 0 0 0 1 12716.2 12716.2 12716.2 12716.2
0 0 1 0 0 0.749785 0 0 0 0 0 0.590377 -0 0 0 -0 0 0 0 0 0 0 0 0 0 0 0 0 0 1 12709.3 12709.3 12709.3 12709.3
0 0 1 0 0 0.75275 0 0 0 0 0 0.587126 -0 0 0 -0 0 0 0 0 0 0 0 0 0 0 0 0 0 1 12702.7 12702.7 12702.7 12702.7
0 0 1 0 0 0.755676 0 0 0 0 0 0.58385 -0 0 0 -0 0 0 0 0 0 0 0 0 0 0 0 0 0 1 12696.4 12696.4 12696.4 12696.4
0 0 1 0 0 0.758597 0 0 0 0 0 0.580517 -0 0 0 -0 0 0 0 0 0 0 0 0 0 0 0 0 0 1 12690.2 12690.2 12690.2 12690.2
0 0 1 0 0 0.761496 0 0 0 0 0 0.577147 -0 0 0 -0 0 0 0 0 0 0 0 0 0 0 0 0 0 1 12684.4 12684.4 12684.4 12684.4
0 0 1 0 0 0.764405 0 0 0 0 0 0.573701 -0 0 0 -0 0 0 0 0 0 0 0 0 0 0 0 0 0 1 12678.7 12678.7 12678.7 12678.7
0 0 1 0 0 0.767251 0 0 0 0 0 0.57027 -0 0 0 -0 0 0 0 0 0 0 0 0 0 0 0 0 0 1 12673.3 12673.3 12673.3 12673.3
0 0 1 0 0 0.770111 0 0 0 0 0 0.566762 -0 0 0 -0 0 0 0 0 0 0 0 0 0 0 0 0 0 1 12668.1 12668.1 12668.1 12668.1
0 0 1 0 0 0.772965 0 0 0 0 0 0.563202 -0 0 0 -0 0 0 0 0 0 0 0 0 0 0 0 0 0 1 12663 12663 12663 12663
0 0 1 0 0 0.775776 0 0 0 0 0 0.559638 -0 0 0 -0 0 0 0 0 0 0 0 0 0 0 0 0 0 1 12658.3 12658.3 12658.3 12658.3
0 0 1 0 0 0.778548 0 0 0 0 0 0.556067 -0 0 0 -0 0 0 0 0 0 0 0 0 0 0 0 0 0 1 12653.8 12653.8 12653.8 12653.8
0 0 1 0 0 0.781359 0 0 0 0 0 0.55239 -0 0 0 -0 0 0 0 0 0 0 0 0 0 0 0 0 0 1 12649.4 12649.4 12649.4 12649.4
0 0 1 0 0 0.784117 0 0 0 0 0 0.548726 -0 0 0 -0 0 0 0 0 0 0 0 0 0 0 0 0 0 1 12645.2 12645.2 12645.2 12645.2
0 0 1 0 0 0.786851 0 0 0 0 0 0.54504 -0 0 0 -0 0 0 0 0 0 0 0 0 0 0 0 0 0 1 12641.3 12641.3 12641.3 12641.3
0 0 1 0 0 0.789577 0 0 0 0 0 0.541313 -0 0 0 -0 0 0 0 0 0 0 0 0 0 0 0 0 0 1 12637.5 12637.5 12637.5 12637.5
0 0 1 0 0 0.792271 0 0 0 0 0 0.537576 -0 0 0 -0 0 0 0 0 0 0 0 0 0 0 0 0 0 1 12634 12634 12634 12634
0 0 1 0 0 0.794974 0 0 0 0 0 0.533776 -0 0 0 -0 0 0 0 0 0 0 0 0 0 0 0 0 0 1 12630.6 12630.6 12630.6 12630.6
0 0 1 0 0 0.797678 0 0 0 0 0 0.529921 -0 0 0 -0 0 0 0 0 0 0 0 0 0 0 0 0 0 1 12627.4 12627.4 12627.4 12627.4
0 0 1 0 0 0.800285 0 0 0 0 0 0.526157 -0 0 0 -0 0 0 0 0 0 0 0 0 0 0 0 0 0 1 12624.4 12624.4 12624.4 12624.4
0 0 1 0 0 0.802927 0 0 0 0 0 0.522292 -0 0 0 -0 0 0 0 0 0 0 0 0 0 0 0 0 0 1 12621.6 12621.6 12621.6 12621.6
0 0 1 0 0 0.805561 0 0 0 0 0 0.51839 -0 0 0 -0 0 0 0 0 0 0 0 0 0 0 0 0 0 1 12618.9 12618.9 12618.9 12618.9
0 0 1 0 0 0.808116 0 0 0 0 0 0.514559 -0 0 0 -0 0 0 0 0 0 0 0 0 0 0 0 0 0 1 12616.5 12616.5 12616.5 12616.5
0 0 1 0 0 0.810685 0 0 0 0 0 0.51066 -0 0 0 -0 0 0 0 0 0 0 0 0 0 0 0 0 0 1 12614.2 12614.2 12614.2 12614.2
0 0 1 0 0 0.813237 0 0 0 0 0 0.506741 -0 0 0 -0 0 0 0 0 0 0 0 0 0 0 0 0 0 1 12612 12612 12612 12612
0 0 1 0 0 0.815787 0 0 0 0 0 0.502779 -0 0 0 -0 0 0 0 0 0 0 0 0 0 0 0 0 0 1 12610 12610 12610 12610
0 0 1 0 0 0.818302 0 0 0 0 0 0.498828 -0 0 0 -0 0 0 0 0 0 0 0 0 0 0 0 0 0 1 12608.2 12608.2 12608.2 12608.2
0 0 1 0 0 0.820781 0 0 0 0 0 0.494887 -0 0 0 -0 0 0 0 0 0 0 0 0 0 0 0 0 0 1 12606.5 12606.5 12606.5 12606.5
0 0 1 0 0 0.823264 0 0 0 0 0 0.490898 -0 0 0 -0 0 0 0 0 0 0 0 0 0 0 0 0 0 1 12605 12605 12605 12605
0 0 1 0 0 0.825725 0 0 0 0 0 0.4869 -0 0 0 -0 0 0 0 0 0 0 0 0 0 0 0 0 0 1 12603.7 12603.7 12603.7 12603.7
0 0 1 0 0 0.828151 0 0 0 0 0 0.482918 -0 0 0 -0 0 0 0 0 0 0 0 0 0 0 0 0 0 1 12602.4 12602.4 12602.4 12602.4
0 0 1 0 0 0.830559 0 0 0 0 0 0.478925 -0 0 0 -0 0 0 0 0 0 0 0 0 0 0 0 0 0 1 12601.4 12601.4 12601.4 12601.4
0 0 1 0 0 0.832969 0 0 0 0 0 0.474887 -0 0 0 -0 0 0 0 0 0 0 0 0 0 0 0 0 0 1 12600.4 12600.4 12600.4 12600.4
0 0 1 0 0 0.835338 0 0 0 0 0 0.470877 -0 0 0 -0 0 0 0 0 0 0 0 0 0 0 0 0 0 1 12599.6 12599.6 12599.6 12599.6
0 0 1 0 0 0.837687 0 0 0 0 0 0.46686 -0 0 0 -0 0 0 0 0 0 0 0 0 0 0 0 0 0 1 12599 12599 12599 12599
0 0 1 0 0 0.840027 0 0 0 0 0 0.462821 -0 0 0 -0 0 0 0 0 0 0 0 0 0 0 0 0 0 1 12598.4 12598.4 12598.4 12598.4
0 0 1 0 0 0.842333 0 0 0 0 0 0.458801 -0 0 0 -0 0 0 0 0 0 0 0 0 0 0 0 0 0 1 12598 12598 12598 12598
0 0 1 0 0 0.844638 0 0 0 0 0 0.454745 -0 0 0 -0 0 0 0 0 0 0 0 0 0 0 0 0 0 1 12597.8 12597.8 12597.8 12597.8
0 0 1 0 0 0.846904 0 0 0 0 0 0.45072 -0 0 0 -0 0 0 0 0 0 0 0 0 0 0 0 0 0 1 12597.6 12597.6 12597.6 12597.6
0 0 1 0 0 0.849159 0 0 0 0 0 0.446678 -0 0 0 -0 0 0 0 0 0 0 0 0 0 0 0 0 0 1 12597.6 12597.6 12597.6 12597.6
0 0 1 0 0 0.851398 0 0 0 0 0 0.44263 -0 0 0 -0 0 0 0 0 0 0 0 0 0 0 0 0 0 1 12597.7 12597.7 12597.7 12597.7
0 0 1 0 0 0.853641 0 0 0 0 0 0.438537 -0 0 0 -0 0 0 0 0 0 0 0 0 0 0 0 0 0 1 12597.9 12597.9 12597.9 12597.9
0 0 1 0 0 0.855802 0 0 0 0 0 0.434557 -0 0 0 -0 0 0 0 0 0 0 0 0 0 0 0 0 0 1 12598.2 12598.2 12598.2 12598.2
0 0 1 0 0 0.857977 0 0 0 0 0 0.430518 -0 0 0 -0 0 0 0 0 0 0 0 0 0 0 0 0 0 1 12598.6 12598.6 12598.6 12598.6
0 0 1 0 0 0.860117 0 0 0 0 0 0.426508 -0 0 0 -0 0 0 0 0 0 0 0 0 0 0 0 0 0 1 12599.1 12599.1 12599.1 12599.1
0 0 1 0 0 0.86226 0 0 0 0 0 0.422459 -0 0 0 -0 0 0 0 0 0 0 0 0 0 0 0 0 0 1 12599.8 12599.8 12599.8 12599.8
0 0 1 0 0 0.864387 0 0 0 0 0 0.418408 -0 0 0 -0 0 0 0 0 0 0 0 0 0 0 0 0 0 1 12600.5 12600.5 12600.5 12600.5
0 0 1 0 0 0.866456 0 0 0 0 0 0.414433 -0 0 0 -0 0 0 0 0 0 0 0 0 0 0 0 0 0 1 12601.3 12601.3 12601.3 12601.3
0 0 1 0 0 0.868533 0 0 0 0 0 0.41041 -0 0 0 -0 0 0 0 0 0 0 0 0 0 0 0 0 0 1 12602.3 12602.3 12602.3 12602.3
0 0 1 0 0 0.87059 0 0 0 0 0 0.406396 -0 0 0 -0 0 0 0 0 0 0 0 0 0 0 0 0 0 1 12603.3 12603.3 12603.3 12603.3
0 0 1 0 0 0.872642 0 0 0 0 0 0.402357 -0 0 0 -0 0 0 0 0 0 0 0 0 0 0 0 0 0 1 12604.4 12604.4 12604.4 12604.4
0 0 1 0 0 0.874623 0 0 0 0 0 0.398428 -0 0 0 -0 0 0 0 0 0 0 0 0 0 0 0 0 0 1 12605.6 12605.6 12605.6 12605.6
0 0 1 0 0 0.876632 0 0 0 0 0 0.394412 -0 0 0 -0 0 0 0 0 0 0 0 0 0 0 0 0 0 1 12606.9 12606.9 12606.9 12606.9
0 0 1 0 0 0.878619 0 0 0 0 0 0.390409 -0 0 0 -0 0 0 0 0 0 0 0 0 0 0 0 0 0 1 12608.3 12608.3 12608.3 12608.3
0 0 1 0 0 0.880562 0 0 0 0 0 0.386464 -0 0 0 -0 0 0 0 0 0 0 0 0 0 0 0 0 0 1 12609.8 12609.8 12609.8 12609.8
0 0 1 0 0 0.882477 0 0 0 0 0 0.382546 -0 0 0 -0 0 0 0 0 0 0 0 0 0 0 0 0 0 1 12611.3 12611.3 12611.3 12611.3
0 0 1 0 0 0.884414 0 0 0 0 0 0.378555 -0 0 0 -0 0 0 0 0 0 0 0 0 0 0 0 0 0 1 12612.9 12612.9 12612.9 12612.9
0 0 1 0 0 0.886304 0 0 0 0 0 0.374631 -0 0 0 -0 0 0 0 0 0 0 0 0 0 0 0 0 0 1 12614.6 12614.6 12614.6 12614.6
0 0 1 0 0 0.888186 0 0 0 0 0 0.370696 -0 0 0 -0 0 0 0 0 0 0 0 0 0 0 0 0 0 1 12616.4 12616.4 12616.4 12616.4
0 0 1 0 0 0.890027 0 0 0 0 0 0.366816 -0 0 0 -0 0 0 0 0 0 0 0 0 0 0 0 0 0 1 12618.3 12618.3 12618.3 12618.3
0 0 1 0 0 0.89185 0 0 0 0 0 0.362948 -0 0 0 -0 0 0 0 0 0 0 0 0 0 0 0 0 0 1 12620.2 12620.2 12620.2 12620.2
0 0 1 0 0 0.893671 0 0 0 0 0 0.359057 -0 0 0 -0 0 0 0 0 0 0 0 0 0 0 0 0 0 1 12622.2 12622.2 12622.2 12622.2
0 0 1 0 0 0.895455 0 0 0 0 0 0.355217 -0 0 0 -0 0 0 0 0 0 0 0 0 0 0 0 0 0 1 12624.2 12624.2 12624.2 12624.2
0 0 1 0 0 0.89723 0 0 0 0 0 0.35137 -0 0 0 -0 0 0 0 0 0 0 0 0 0 0 0 0 0 1 12626.3 12626.3 12626.3 12626.3
0 0 1 0 0 0.898993 0 0 0 0 0 0.347521 -0 0 0 -0 0 0 0 0 0 0 0 0 0 0 0 0 0 1 12628.5 12628.5 12628.5 12628.5
0 0 1 0 0 0.900724 0 0 0 0 0 0.343718 -0 0 0 -0 0 0 0 0 0 0 0 0 0 0 0 0 0 1 12630.7 12630.7 12630.7 12630.7
0 0 1 0 0 0.902449 0 0 0 0 0 0.339901 -0 0 0 -0 0 0 0 0 0 0 0 0 0 0 0 0 0 1 12633 12633 12633 12633
0 0 1 0 0 0.904134 0 0 0 0 0 0.336147 -0 0 0 -0 0 0 0 0 0 0 0 0 0 0 0 0 0 1 12635.3 12635.3 12635.3 12635.3
0 0 1 0 0 0.905847 0 0 0 0 0 0.332306 -0 0 0 -0 0 0 0 0 0 0 0 0 0 0 0 0 0 1 12637.8 12637.8 12637.8 12637.8
0 0 1 0 0 0.907487 0 0 0 0 0 0.328603 -0 0 0 -0 0 0 0 0 0 0 0 0 0 0 0 0 0 1 12640.2 12640.2 12640.2 12640.2
0 0 1 0 0 0.909159 0 0 0 0 0 0.324803 -0 0 0 -0 0 0 0 0 0 0 0 0 0 0 0 0 0 1 12642.8 12642.8 12642.8 12642.8
0 0 1 0 0 0.910749 0 0 0 0 0 0.321164 -0 0 0 -0 0 0 0 0 0 0 0 0 0 0 0 0 0 1 12645.3 12645.3 12645.3 12645.3
0 0 1 0 0 0.912361 0 0 0 0 0 0.317451 -0 0 0 -0 0 0 0 0 0 0 0 0 0 0 0 0 0 1 12647.9 12647.9 12647.9 12647.9
0 0 1 0 0 0.913953 0 0 0 0 0 0.31376 -0 0 0 -0 0 0 0 0 0 0 0 0 0 0 0 0 0 1 12650.6 12650.6 12650.6 12650.6
0 0 1 0 0 0.915516 0 0 0 0 0 0.310115 -0 0 0 -0 0 0 0 0 0 0 0 0 0 0 0 0 0 1 12653.2 12653.2 12653.2 12653.2
0 0 1 0 0 0.917064 0 0 0 0 0 0.306479 -0 0 0 -0 0 0 0 0 0 0 0 0 0 0 0 0 0 1 12656 12656 12656 12656
0 0 1 0 0 0.918604 0 0 0 0 0 0.302841 -0 0 0 -0 0 0 0 0 0 0 0 0 0 0 0 0 0 1 12658.8 12658.8 12658.8 12658.8
0 0 1 0 0 0.920116 0 0 0 0 0 0.299245 -0 0 0 -0 0 0 0 0 0 0 0 0 0 0 0 0 0 1 12661.6 12661.6 12661.6 12661.6
0 0 1 0 0 0.921633 0 0 0 0 0 0.295613 -0 0 0 -0 0 0 0 0 0 0 0 0 0 0 0 0 0 1 12664.5 12664.5 12664.5 12664.5
0 0 1 0 0 0.923093 0 0 0 0 0 0.292095 -0 0 0 -0 0 0 0 0 0 0 0 0 0 0 0 0 0 1 12667.3 12667.3 12667.3 12667.3
0 0 1 0 0 0.924558 0 0 0 0 0 0.288545 -0 0 0 -0 0 0 0 0 0 0 0 0 0 0 0 0 0 1 12670.3 12670.3 12670.3 12670.3
0 0 1 0 0 0.926009 0 0 0 0 0 0.285006 -0 0 0 -0 0 0 0 0 0 0 0 0 0 0 0 0 0 1 12673.3 12673.3 12673.3 12673.3
0 0 1 0 0 0.92743 0 0 0 0 0 0.281519 -0 0 0 -0 0 0 0 0 0 0 0 0 0 0 0 0 0 1 12676.3 12676.3 12676.3 12676.3
0 0 1 0 0 0.92882 0 0 0 0 0 0.278087 -0 0 0 -0 0 0 0 0 0 0 0 0 0 0 0 0 0 1 12679.2 12679.2 12679.2 12679.2
0 0 1 0 0 0.930218 0 0 0 0 0 0.274615 -0 0 0 -0 0 0 0 0 0 0 0 0 0 0 0 0 0 1 12682.3 12682.3 12682.3 12682.3
0 0 1 0 0 0.931584 0 0 0 0 0 0.271199 -0 0 0 -0 0 0 0 0 0 0 0 0 0 0 0 0 0 1 12685.4 12685.4 12685.4 12685.4
0 0 1 0 0 0.932946 0 0 0 0 0 0.267774 -0 0 0 -0 0 0 0 0 0 0 0 0 0 0 0 0 0 1 12688.5 12688.5 12688.5 12688.5
0 0 1 0 0 0.934283 0 0 0 0 0 0.264392 -0 0 0 -0 0 0 0 0 0 0 0 0 0 0 0 0 0 1 12691.6 12691.6 12691.6 12691.6
0 0 1 0 0 0.935614 0 0 0 0 0 0.261004 -0 0 0 -0 0 0 0 0 0 0 0 0 0 0 0 0 0 1 12694.8 12694.8 12694.8 12694.8
0 0 1 0 0 0.936914 0 0 0 0 0 0.257675 -0 0 0 -0 0 0 0 0 0 0 0 0 0 0 0 0 0 1 12698 12698 12698 12698
0 0 1 0 0 0.938213 0 0 0 0 0 0.254327 -0 0 0 -0 0 0 0 0 0 0 0 0 0 0 0 0 0 1 12701.2 12701.2 12701.2 12701.2
0 0 1 0 0 0.939466 0 0 0 0 0 0.251081 -0 0 0 -0 0 0 0 0 0 0 0 0 0 0 0 0 0 1 12704.4 12704.4 12704.4 12704.4
0 0 1 0 0 0.940727 0 0 0 0 0 0.247791 -0 0 0 -0 0 0 0 0 0 0 0 0 0 0 0 0 0 1 12707.7 12707.7 12707.7 12707.7
0 0 1 0 0 0.941981 0 0 0 0 0 0.244503 -0 0 0 -0 0 0 0 0 0 0 0 0 0 0 0 0 0 1 12711 12711 12711 12711
0 0 1 0 0 0.943205 0 0 0 0 0 0.241274 -0 0 0 -0 0 0 0 0 0 0 0 0 0 0 0 0 0 1 12714.3 12714.3 12714.3 12714.3
0 0 1 0 0 0.94439 0 0 0 0 0 0.238128 -0 0 0 -0 0 0 0 0 0 0 0 0 0 0 0 0 0 1 12717.5 12717.5 12717.5 12717.5
0 0 1 0 0 0.945603 0 0 0 0 0 0.23489 -0 0 0 -0 0 0 0 0 0 0 0 0 0 0 0 0 0 1 12720.9 12720.9 12720.9 12720.9
0 0 1 0 0 0.946776 0 0 0 0 0 0.231738 -0 0 0 -0 0 0 0 0 0 0 0 0 0 0 0 0 0 1 12724.2 12724.2 12724.2 12724.2
0 0 1 0 0 0.947935 0 0 0 0 0 0.228609 -0 0 0 -0 0 0 0 0 0 0 0 0 0 0 0 0 0 1 12727.5 12727.5 12727.5 12727.5
0 0 1 0 0 0.949062 0 0 0 0 0 0.225545 -0 0 0 -0 0 0 0 0 0 0 0 0 0 0 0 0 0 1 12730.8 12730.8 12730.8 12730.8
0 0 1 0 0 0.950194 0 0 0 0 0 0.222452 -0 0 0 -0 0 0 0 0 0 0 0 0 0 0 0 0 0 1 12734.2 12734.2 12734.2 12734.2
0 0 1 0 0 0.951321 0 0 0 0 0 0.219353 -0 0 0 -0 0 0 0 0 0 0 0 0 0 0 0 0 0 1 12737.6 12737.6 12737.6 12737.6
0 0 1 0 0 0.9524 0 0 0 0 0 0.216367 -0 0 0 -0 0 0 0 0 0 0 0 0 0 0 0 0 0 1 12741 12741 12741 12741
0 0 1 0 0 0.953481 0 0 0 0 0 0.213361 -0 0 0 -0 0 0 0 0 0 0 0 0 0 0 0 0 0 1 12744.4 12744.4 12744.4 12744.4
0 0 1 0 0 0.954559 0 0 0 0 0 0.210345 -0 0 0 -0 0 0 0 0 0 0 0 0 0 0 0 0 0 1 12747.8 12747.8 12747.8 12747.8
0 0 1 0 0 0.955598 0 0 0 0 0 0.207421 -0 0 0 -0 0 0 0 0 0 0 0 0 0 0 0 0 0 1 12751.1 12751.1 12751.1 12751.1
0 0 1 0 0 0.956653 0 0 0 0 0 0.204434 -0 0 0 -0 0 0 0 0 0 0 0 0 0 0 0 0 0 1 12754.6 12754.6 12754.6 12754.6
0 0 1 0 0 0.957655 0 0 0 0 0 0.201581 -0 0 0 -0 0 0 0 0 0 0 0 0 0 0 0 0 0 1 12758 12758 12758 12758
0 0 1 0 0 0.958664 0 0 0 0 0 0.198692 -0 0 0 -0 0 0 0 0 0 0 0 0 0 0 0 0 0 1 12761.4 12761.4 12761.4 12761.4
0 0 1 0 0 0.959662 0 0 0 0 0 0.195818 -0 0 0 -0 0 0 0 0 0 0 0 0 0 0 0 0 0 1 12764.8 12764.8 12764.8 12764.8
0 0 1 0 0 0.960652 0 0 0 0 0 0.192951 -0 0 0 -0 0 0 0 0 0 0 0 0 0 0 0 0 0 1 12768.3 12768.3 12768.3 12768.3
0 0 1 0 0 0.961601 0 0 0 0 0 0.190185 -0 0 0 -0 0 0 0 0 0 0 0 0 0 0 0 0 0 1 12771.6 12771.6 12771.6 12771.6
0 0 1 0 0 0.962557 0 0 0 0 0 0.187383 -0 0 0 -0 0 0 0 0 0 0 0 0 0 0 0 0 0 1 12775.1 12775.1 12775.1 12775.1
0 0 1 0 0 0.963492 0 0 0 0 0 0.184626 -0 0 0 -0 0 0 0 0 0 0 0 0 0 0 0 0 0 1 12778.5 12778.5 12778.5 12778.5
0 0 1 0 0 0.964426 0 0 0 0 0 0.181856 -0 0 0 -0 0 0 0 0 0 0 0 0 0 0 0 0 0 1 12782 12782 12782 12782
0 0 1 0 0 0.965331 0 0 0 0 0 0.179154 -0 0 0 -0 0 0 0 0 0 0 0 0 0 0 0 0 0 1 12785.4 12785.4 12785.4 12785.4
0 0 1 0 0 0.966222 0 0 0 0 0 0.176482 -0 0 0 -0 0 0 0 0 0 0 0 0 0 0 0 0 0 1 12788.8 12788.8 12788.8 12788.8
0 0 1 0 0 0.967119 0 0 0 0 0 0.173775 -0 0 0 -0 0 0 0 0 0 0 0 0 0 0 0 0 0 1 12792.2 12792.2 12792.2 12792.2
0 0 1 0 0 0.967984 0 0 0 0 0 0.171148 -0 0 0 -0 0 0 0 0 0 0 0 0 0 0 0 0 0 1 12795.6 12795.6 12795.6 12795.6
0 0 1 0 0 0.968826 0 0 0 0 0 0.168577 -0 0 0 -0 0 0 0 0 0 0 0 0 0 0 0 0 0 1 12799 12799 12799 12799
0 0 1 0 0 0.969671 0 0 0 0 0 0.165981 -0 0 0 -0 0 0 0 0 0 0 0 0 0 0 0 0 0 1 12802.4 12802.4 12802.4 12802.4
0 0 1 0 0 0.970514 0 0 0 0 0 0.163379 -0 0 0 -0 0 0 0 0 0 0 0 0 0 0 0 0 0 1 12805.9 12805.9 12805.9 12805.9
0 0 1 0 0 0.971315 0 0 0 0 0 0.160887 -0 0 0 -0 0 0 0 0 0 0 0 0 0 0 0 0 0 1 12809.2 12809.2 12809.2 12809.2
0 0 1 0 0 0.972119 0 0 0 0 0 0.158373 -0 0 0 -0 0 0 0 0 0 0 0 0 0 0 0 0 0 1 12812.6 12812.6 12812.6 12812.6
0 0 1 0 0 0.972911 0 0 0 0 0 0.155884 -0 0 0 -0 0 0 0 0 0 0 0 0 0 0 0 0 0 1 12815.9 12815.9 12815.9 12815.9
0 0 1 0 0 0.973691 0 0 0 0 0 0.153415 -0 0 0 -0 0 0 0 0 0 0 0 0 0 0 0 0 0 1 12819.3 12819.3 12819.3 12819.3
0 0 1 0 0 0.974459 0 0 0 0 0 0.150971 -0 0 0 -0 0 0 0 0 0 0 0 0 0 0 0 0 0 1 12822.7 12822.7 12822.7 12822.7
0 0 1 0 0 0.975213 0 0 0 0 0 0.148559 -0 0 0 -0 0 0 0 0 0 0 0 0 0 0 0 0 0 1 12826 12826 12826 12826
0 0 1 0 0 0.975958 0 0 0 0 0 0.146159 -0 0 0 -0 0 0 0 0 0 0 0 0 0 0 0 0 0 1 12829.4 12829.4 12829.4 12829.4
0 0 1 0 0 0.97669 0 0 0 0 0 0.143785 -0 0 0 -0 0 0 0 0 0 0 0 0 0 0 0 0 0 1 12832.7 12832.7 12832.7 12832.7
0 0 1 0 0 0.977408 0 0 0 0 0 0.141446 -0 0 0 -0 0 0 0 0 0 0 0 0 0 0 0 0 0 1 12836 12836 12836 12836
0 0 1 0 0 0.978112 0 0 0 0 0 0.139135 -0 0 0 -0 0 0 0 0 0 0 0 0 0 0 0 0 0 1 12839.3 12839.3 12839.3 12839.3
0 0 1 0 0 0.978813 0 0 0 0 0 0.136825 -0 0 0 -0 0 0 0 0 0 0 0 0 0 0 0 0 0 1 12842.7 12842.7 12842.7 12842.7
0 0 1 0 0 0.979496 0 0 0 0 0 0.134555 -0 0 0 -0 0 0 0 0 0 0 0 0 0 0 0 0 0 1 12845.9 12845.9 12845.9 12845.9
0 0 1 0 0 0.980175 0 0 0 0 0 0.132286 -0 0 0 -0 0 0 0 0 0 0 0 0 0 0 0 0 0 1 12849.3 12849.3 12849.3 12849.3
0 0 1 0 0 0.980827 0 0 0 0 0 0.130095 -0 0 0 -0 0 0 0 0 0 0 0 0 0 0 0 0 0 1 12852.5 12852.5 12852.5 12852.5
0 0 1 0 0 0.98148 0 0 0 0 0 0.127886 -0 0 0 -0 0 0 0 0 0 0 0 0 0 0 0 0 0 1 12855.7 12855.7 12855.7 12855.7
0 0 1 0 0 0.982121 0 0 0 0 0 0.125705 -0 0 0 -0 0 0 0 0 0 0 0 0 0 0 0 0 0 1 12859 12859 12859 12859
0 0 1 0 0 0.982756 0 0 0 0 0 0.12353 -0 0 0 -0 0 0 0 0 0 0 0 0 0 0 0 0 0 1 12862.2 12862.2 12862.2 12862.2
0 0 1 0 0 0.983366 0 0 0 0 0 0.12143 -0 0 0 -0 0 0 0 0 0 0 0 0 0 0 0 0 0 1 12865.4 12865.4 12865.4 12865.4
0 0 1 0 0 0.983974 0 0 0 0 0 0.119322 -0 0 0 -0 0 0 0 0 0 0 0 0 0 0 0 0 0 1 12868.6 12868.6 12868.6 12868.6
0 0 1 0 0 0.984568 0 0 0 0 0 0.117249 -0 0 0 -0 0 0 0 0 0 0 0 0 0 0 0 0 0 1 12871.8 12871.8 12871.8 12871.8
0 0 1 0 0 0.985157 0 0 0 0 0 0.115181 -0 0 0 -0 0 0 0 0 0 0 0 0 0 0 0 0 0 1 12875 12875 12875 12875
0 0 1 0 0 0.985729 0 0 0 0 0 0.113158 -0 0 0 -0 0 0 0 0 0 0 0 0 0 0 0 0 0 1 12878.1 12878.1 12878.1 12878.1
0 0 1 0 0 0.986296 0 0 0 0 0 0.11114 -0 0 0 -0 0 0 0 0 0 0 0 0 0 0 0 0 0 1 12881.2 12881.2 12881.2 12881.2
0 0 1 0 0 0.986851 0 0 0 0 0 0.109154 -0 0 0 -0 0 0 0 0 0 0 0 0 0 0 0 0 0 1 12884.4 12884.4 12884.4 12884.4
0 0 1 0 0 0.9874 0 0 0 0 0 0.107175 -0 0 0 -0 0 0 0 0 0 0 0 0 0 0 0 0 0 1 12887.5 12887.5 12887.5 12887.5
0 0 1 0 0 0.987933 0 0 0 0 0 0.105242 -0 0 0 -0 0 0 0 0 0 0 0 0 0 0 0 0 0 1 12890.5 12890.5 12890.5 12890.5
0 0 1 0 0 0.988461 0 0 0 0 0 0.103311 -0 0 0 -0 0 0 0 0 0 0 0 0 0 0 0 0 0 1 12893.6 12893.6 12893.6 12893.6
0 0 1 0 0 0.988977 0 0 0 0 0 0.101413 -0 0 0 -0 0 0 0 0 0 0 0 0 0 0 0 0 0 1 12896.7 12896.7 12896.7 12896.7
0 0 1 0 0 0.989487 0 0 0 0 0 0.0995286 -0 0 0 -0 0 0 0 0 0 0 0 0 0 0 0 0 0 1 12899.7 12899.7 12899.7 12899.7
0 0 1 0 0 0.989981 0 0 0 0 0 0.0976871 -0 0 0 -0 0 0 0 0 0 0 0 0 0 0 0 0 0 1 12902.7 12902.7 12902.7 12902.7
0 0 1 0 0 0.99047 0 0 0 0 0 0.0958514 -0 0 0 -0 0 0 0 0 0 0 0 0 0 0 0 0 0 1 12905.7 12905.7 12905.7 12905.7
0 0 1 0 0 0.990951 0 0 0 0 0 0.0940343 -0 0 0 -0 0 0 0 0 0 0 0 0 0 0 0 0 0 1 12908.7 12908.7 12908.7 12908.7
0 0 1 0 0 0.991418 0 0 0 0 0 0.092259 -0 0 0 -0 0 0 0 0 0 0 0 0 0 0 0 0 0 1 12911.7 12911.7 12911.7 12911.7
0 0 1 0 0 0.991879 0 0 0 0 0 0.0904896 -0 0 0 -0 0 0 0 0 0 0 0 0 0 0 0 0 0 1 12914.6 12914.6 12914.6 12914.6
0 0 1 0 0 0.992334 0 0 0 0 0 0.0887347 -0 0 0 -0 0 0 0 0 0 0 0 0 0 0 0 0 0 1 12917.6 12917.6 12917.6 12917.6
0 0 1 0 0 0.992775 0 0 0 0 0 0.0870221 -0 0 0 -0 0 0 0 0 0 0 0 0 0 0 0 0 0 1 12920.5 12920.5 12920.5 12920.5
0 0 1 0 0 0.993215 0 0 0 0 0 0.0853002 -0 0 0 -0 0 0 0 0 0 0 0 0 0 0 0 0 0 1 12923.4 12923.4 12923.4 12923.4
0 0 1 0 0 0.993642 0 0 0 0 0 0.0836168 -0 0 0 -0 0 0 0 0 0 0 0 0 0 0 0 0 0 1 12926.2 12926.2 12926.2 12926.2
0 0 1 0 0 0.994058 0 0 0 0 0 0.0819645 -0 0 0 -0 0 0 0 0 0 0 0 0 0 0 0 0 0 1 12929.1 12929.1 12929.1 12929.1
0 0 1 0 0 0.994468 0 0 0 0 0 0.0803249 -0 0 0 -0 0 0 0 0 0 0 0 0 0 0 0 0 0 1 12931.9 12931.9 12931.9 12931.9
0 0 1 0 0 0.994871 0 0 0 0 0 0.0786984 -0 0 0 -0 0 0 0 0 0 0 0 0 0 0 0 0 0 1 12934.7 12934.7 12934.7 12934.7
0 0 1 0 0 0.995261 0 0 0 0 0 0.0771161 -0 0 0 -0 0 0 0 0 0 0 0 0 0 0 0 0 0 1 12937.5 12937.5 12937.5 12937.5
0 0 1 0 0 0.995647 0 0 0 0 0 0.0755343 -0 0 0 -0 0 0 0 0 0 0 0 0 0 0 0 0 0 1 12940.3 12940.3 12940.3 12940.3
0 0 1 0 0 0.996024 0 0 0 0 0 0.0739809 -0 0 0 -0 0 0 0 0 0 0 0 0 0 0 0 0 0 1 12943 12943 12943 12943
0 0 1 0 0 0.996396 0 0 0 0 0 0.0724367 -0 0 0 -0 0 0 0 0 0 0 0 0 0 0 0 0 0 1 12945.8 12945.8 12945.8 12945.8
0 0 1 0 0 0.996756 0 0 0 0 0 0.0709289 -0 0 0 -0 0 0 0 0 0 0 0 0 0 0 0 0 0 1 12948.5 12948.5 12948.5 12948.5
0 0 1 0 0 0.997112 0 0 0 0 0 0.0694262 -0 0 0 -0 0 0 0 0 0 0 0 0 0 0 0 0 0 1 12951.2 12951.2 12951.2 12951.2
0 0 1 0 0 0.997462 0 0 0 0 0 0.0679362 -0 0 0 -0 0 0 0 0 0 0 0 0 0 0 0 0 0 1 12953.9 12953.9 12953.9 12953.9
0 0 1 0 0 0.9978 0 0 0 0 0 0.0664848 -0 0 0 -0 0 0 0 0 0 0 0 0 0 0 0 0 0 1 12956.5 12956.5 12956.5 12956.5
0 0 1 0 0 0.998131 0 0 0 0 0 0.0650526 -0 0 0 -0 0 0 0 0 0 0 0 0 0 0 0 0 0 1 12959.1 12959.1 12959.1 12959.1
0 0 1 0 0 0.998458 0 0 0 0 0 0.0636266 -0 0 0 -0 0 0 0 0 0 0 0 0 0 0 0 0 0 1 12961.8 12961.8 12961.8 12961.8
0 0 1 0 0 0.998779 0 0 0 0 0 0.062212 -0 0 0 -0 0 0 0 0 0 0 0 0 0 0 0 0 0 1 12964.4 12964.4 12964.4 12964.4
0 0 1 0 0 0.999088 0 0 0 0 0 0.060843 -0 0 0 -0 0 0 0 0 0 0 0 0 0 0 0 0 0 1 12966.9 12966.9 12966.9 12966.9
0 0 1 0 0 0.99939 0 0 0 0 0 0.0594922 -0 0 0 -0 0 0 0 0 0 0 0 0 0 0 0 0 0 1 12969.5 12969.5 12969.5 12969.5
0 0 1 0 0 0.999688 0 0 0 0 0 0.0581426 -0 0 0 -0 0 0 0 0 0 0 0 0 0 0 0 0 0 1 12972 12972 12972 12972
0 0 1 0 0 0.999979 0 0 0 0 0 0.0568177 -0 0 0 -0 0 0 0 0 0 0 0 0 0 0 0 0 0 1 12974.5 12974.5 12974.5 12974.5
0 0 1 0 0 1.00026 0 0 0 0 0 0.0555116 -0 0 0 -0 0 0 0 0 0 0 0 0 0 0 0 0 0 1 12977 12977 12977 12977
0 0 1 0 0 1.00054 0 0 0 0 0 0.0542258 -0 0 0 -0 0 0 0 0 0 0 0 0 0 0 0 0 0 1 12979.4 12979.4 12979.4 12979.4
0 0 1 0 0 1.00081 0 0 0 0 0 0.0529591 -0 0 0 -0 0 0 0 0 0 0 0 0 0 0 0 0 0 1 12981.9 12981.9 12981.9 12981.9
0 0 1 0 0 1.00108 0 0 0 0 0 0.0517014 -0 0 0 -0 0 0 0 0 0 0 0 0 0 0 0 0 0 1 12984.3 12984.3 12984.3 12984.3
0 0 1 0 0 1.00134 0 0 0 0 0 0.0504703 -0 0 0 -0 0 0 0 0 0 0 0 0 0 0 0 0 0 1 12986.7 12986.7 12986.7 12986.7
0 0 1 0 0 1.00159 0 0 0 0 0 0.0492617 -0 0 0 -0 0 0 0 0 0 0 0 0 0 0 0 0 0 1 12989.1 12989.1 12989.1 12989.1
0 0 1 0 0 1.00183 0 0 0 0 0 0.0480565 -0 0 0 -0 0 0 0 0 0 0 0 0 0 0 0 0 0 1 12991.5 12991.5 12991.5 12991.5
0 0 1 0 0 1.00207 0 0 0 0 0 0.0468821 -0 0 0 -0 0 0 0 0 0 0 0 0 0 0 0 0 0 1 12993.8 12993.8 12993.8 12993.8
0 0 1 0 0 1.00231 0 0 0 0 0 0.0457138 -0 0 0 -0 0 0 0 0 0 0 0 0 0 0 0 0 0 1 12996.1 12996.1 12996.1 12996.1
0 0 1 0 0 1.00254 0 0 0 0 0 0.0445717 -0 0 0 -0 0 0 0 0 0 0 0 0 0 0 0 0 0 1 12998.4 12998.4 12998.4 12998.4
0 0 1 0 0 1.00276 0 0 0 0 0 0.0434355 -0 0 0 -0 0 0 0 0 0 0 0 0 0 0 0 0 0 1 13000.7 13000.7 13000.7 13000.7
0 0 1 0 0 1.00298 0 0 0 0 0 0.0423236 -0 0 0 -0 0 0 0 0 0 0 0 0 0 0 0 0 0 1 13002.9 13002.9 13002.9 13002.9
0 0 1 0 0 1.00319 0 0 0 0 0 0.0412279 -0 0 0 -0 0 0 0 0 0 0 0 0 0 0 0 0 0 1 13005.2 13005.2 13005.2 13005.2
0 0 1 0 0 1.00339 0 0 0 0 0 0.0401524 -0 0 0 -0 0 0 0 0 0 0 0 0 0 0 0 0 0 1 13007.4 13007.4 13007.4 13007.4
0 0 1 0 0 1.00359 0 0 0 0 0 0.0390887 -0 0 0 -0 0 0 0 0 0 0 0 0 0 0 0 0 0 1 13009.6 13009.6 13009.6 13009.6
0 0 1 0 0 1.00379 0 0 0 0 0 0.0380349 -0 0 0 -0 0 0 0 0 0 0 0 0 0 0 0 0 0 1 13011.7 13011.7 13011.7 13011.7
0 0 1 0 0 1.00398 0 0 0 0 0 0.037005 -0 0 0 -0 0 0 0 0 0 0 0 0 0 0 0 0 0 1 13013.9 13013.9 13013.9 13013.9
0 0 1 0 0 1.00416 0 0 0 0 0 0.0359941 -0 0 0 -0 0 0 0 0 0 0 0 0 0 0 0 0 0 1 13016 13016 13016 13016
0 0 1 0 0 1.00435 0 0 0 0 0 0.0349904 -0 0 0 -0 0 0 0 0 0 0 0 0 0 0 0 0 0 1 13018.1 13018.1 13018.1 13018.1
0 0 1 0 0 1.00452 0 0 0 0 0 0.0340083 -0 0 0 -0 0 0 0 0 0 0 0 0 0 0 0 0 0 1 13020.2 13020.2 13020.2 13020.2
0 0 1 0 0 1.00469 0 0 0 0 0 0.0330345 -0 0 0 -0 0 0 0 0 0 0 0 0 0 0 0 0 0 1 13022.3 13022.3 13022.3 13022.3
0 0 1 0 0 1.00486 0 0 0 0 0 0.0320838 -0 0 0 -0 0 0 0 0 0 0 0 0 0 0 0 0 0 1 13024.3 13024.3 13024.3 13024.3
0 0 1 0 0 1.00502 0 0 0 0 0 0.031144 -0 0 0 -0 0 0 0 0 0 0 0 0 0 0 0 0 0 1 13026.3 13026.3 13026.3 13026.3
0 0 1 0 0 1.00517 0 0 0 0 0 0.0302164 -0 0 0 -0 0 0 0 0 0 0 0 0 0 0 0 0 0 1 13028.4 13028.4 13028.4 13028.4
0 0 1 0 0 1.00532 0 0 0 0 0 0.0293135 -0 0 0 -0 0 0 0 0 0 0 0 0 0 0 0 0 0 1 13030.3 13030.3 13030.3 13030.3
0 0 1 0 0 1.00547 0 0 0 0 0 0.0284198 -0 0 0 -0 0 0 0 0 0 0 0 0 0 0 0 0 0 1 13032.3 13032.3 13032.3 13032.3
0 0 1 0 0 1.00561 0 0 0 0 0 0.0275385 -0 0 0 -0 0 0 0 0 0 0 0 0 0 0 0 0 0 1 13034.2 13034.2 13034.2 13034.2
0 0 1 0 0 1.00575 0 0 0 0 0 0.0266775 -0 0 0 -0 0 0 0 0 0 0 0 0 0 0 0 0 0 1 13036.2 13036.2 13036.2 13036.2
0 0 1 0 0 1.00588 0 0 0 0 0 0.0258189 -0 0 0 -0 0 0 0 0 0 0 0 0 0 0 0 0 0 1 13038.1 13038.1 13038.1 13038.1
0 0 1 0 0 1.00601 0 0 0 0 0 0.0249849 -0 0 0 -0 0 0 0 0 0 0 0 0 0 0 0 0 0 1 13039.9 13039.9 13039.9 13039.9
0 0 1 0 0 1.00614 0 0 0 0 0 0.0241614 -0 0 0 -0 0 0 0 0 0 0 0 0 0 0 0 0 0 1 13041.8 13041.8 13041.8 13041.8
0 0 1 0 0 1.00626 0 0 0 0 0 0.0233509 -0 0 0 -0 0 0 0 0 0 0 0 0 0 0 0 0 0 1 13043.7 13043.7 13043.7 13043.7
0 0 1 0 0 1.00637 0 0 0 0 0 0.0225571 -0 0 0 -0 0 0 0 0 0 0 0 0 0 0 0 0 0 1 13045.5 13045.5 13045.5 13045.5
0 0 1 0 0 1.00649 0 0 0 0 0 0.0217749 -0 0 0 -0 0 0 0 0 0 0 0 0 0 0 0 0 0 1 13047.3 13047.3 13047.3 13047.3
0 0 1 0 0 1.0066 0 0 0 0 0 0.021005 -0 0 0 -0 0 0 0 0 0 0 0 0 0 0 0 0 0 1 13049.1 13049.1 13049.1 13049.1
0 0 1 0 0 1.0067 0 0 0 0 0 0.0202479 -0 0 0 -0 0 0 0 0 0 0 0 0 0 0 0 0 0 1 13050.8 13050.8 13050.8 13050.8
0 0 1 0 0 1.0068 0 0 0 0 0 0.0195098 -0 0 0 -0 0 0 0 0 0 0 0 0 0 0 0 0 0 1 13052.5 13052.5 13052.5 13052.5
0 0 1 0 0 1.0069 0 0 0 0 0 0.0187707 -0 0 0 -0 0 0 0 0 0 0 0 0 0 0 0 0 0 1 13054.3 13054.3 13054.3 13054.3
0 0 1 0 0 1.00699 0 0 0 0 0 0.0180566 -0 0 0 -0 0 0 0 0 0 0 0 0 0 0 0 0 0 1 13056 13056 13056 13056
0 0 1 0 0 1.00708 0 0 0 0 0 0.0173552 -0 0 0 -0 0 0 0 0 0 0 0 0 0 0 0 0 0 1 13057.7 13057.7 13057.7 13057.7
0 0 1 0 0 1.00717 0 0 0 0 0 0.0166613 -0 0 0 -0 0 0 0 0 0 0 0 0 0 0 0 0 0 1 13059.3 13059.3 13059.3 13059.3
0 0 1 0 0 1.00725 0 0 0 0 0 0.015985 -0 0 0 -0 0 0 0 0 0 0 0 0 0 0 0 0 0 1 13061 13061 13061 13061
0 0 1 0 0 1.00733 0 0 0 0 0 0.0153187 -0 0 0 -0 0 0 0 0 0 0 0 0 0 0 0 0 0 1 13062.6 13062.6 13062.6 13062.6
0 0 1 0 0 1.00741 0 0 0 0 0 0.0146631 -0 0 0 -0 0 0 0 0 0 0 0 0 0 0 0 0 0 1 13064.2 13064.2 13064.2 13064.2
0 0 1 0 0 1.00748 0 0 0 0 0 0.0140173 -0 0 0 -0 0 0 0 0 0 0 0 0 0 0 0 0 0 1 13065.8 13065.8 13065.8 13065.8
0 0 1 0 0 1.00755 0 0 0 0 0 0.0133862 -0 0 0 -0 0 0 0 0 0 0 0 0 0 0 0 0 0 1 13067.4 13067.4 13067.4 13067.4
0 0 1 0 0 1.00762 0 0 0 0 0 0.012768 -0 0 0 -0 0 0 0 0 0 0 0 0 0 0 0 0 0 1 13068.9 13068.9 13068.9 13068.9
0 0 1 0 0 1.00768 0 0 0 0 0 0.01216 -0 0 0 -0 0 0 0 0 0 0 0 0 0 0 0 0 0 1 13070.4 13070.4 13070.4 13070.4
0 0 1 0 0 1.00775 0 0 0 0 0 0.0115614 -0 0 0 -0 0 0 0 0 0 0 0 0 0 0 0 0 0 1 13072 13072 13072 13072
0 0 1 0 0 1.0078 0 0 0 0 0 0.010978 -0 0 0 -0 0 0 0 0 0 0 0 0 0 0 0 0 0 1 13073.4 13073.4 13073.4 13073.4
0 0 1 0 0 1.00786 0 0 0 0 0 0.0104013 -0 0 0 -0 0 0 0 0 0 0 0 0 0 0 0 0 0 1 13074.9 13074.9 13074.9 13074.9
0 0 1 0 0 1.00791 0 0 0 0 0 0.00983519 -0 0 0 -0 0 0 0 0 0 0 0 0 0 0 0 0 0 1 13076.4 13076.4 13076.4 13076.4
0 0 1 0 0 1.00796 0 0 0 0 0 0.00928154 -0 0 0 -0 0 0 0 0 0 0 0 0 0 0 0 0 0 1 13077.8 13077.8 13077.8 13077.8
0 0 1 0 0 1.00801 0 0 0 0 0 0.00874058 -0 0 0 -0 0 0 0 0 0 0 0 0 0 0 0 0 0 1 13079.3 13079.3 13079.3 13079.3
0 0 1 0 0 1.00805 0 0 0 0 0 0.0082095 -0 0 0 -0 0 0 0 0 0 0 0 0 0 0 0 0 0 1 13080.7 13080.7 13080.7 13080.7
0 0 1 0 0 1.00809 0 0 0 0 0 0.00768559 -0 0 0 -0 0 0 0 0 0 0 0 0 0 0 0 0 0 1 13082.1 13082.1 13082.1 13082.1
0 0 1 0 0 1.00813 0 0 0 0 0 0.00717655 -0 0 0 -0 0 0 0 0 0 0 0 0 0 0 0 0 0 1 13083.4 13083.4 13083.4 13083.4
0 0 1 0 0 1.00816 0 0 0 0 0 0.00667677 -0 0 0 -0 0 0 0 0 0 0 0 0 0 0 0 0 0 1 13084.8 13084.8 13084.8 13084.8
0 0 1 0 0 1.0082 0 0 0 0 0 0.00618246 -0 0 0 -0 0 0 0 0 0 0 0 0 0 0 0 0 0 1 13086.1 13086.1 13086.1 13086.1
0 0 1 0 0 1.00823 0 0 0 0 0 0.00570319 -0 0 0 -0 0 0 0 0 0 0 0 0 0 0 0 0 0 1 13087.4 13087.4 13087.4 13087.4
0 0 1 0 0 1.00826 0 0 0 0 0 0.0052304 -0 0 0 -0 0 0 0 0 0 0 0 0 0 0 0 0 0 1 13088.7 13088.7 13088.7 13088.7
0 0 1 0 0 1.00828 0 0 0 0 0 0.00477093 -0 0 0 -0 0 0 0 0 0 0 0 0 0 0 0 0 0 1 13090 13090 13090 13090
0 0 1 0 0 1.00831 0 0 0 0 0 0.00431755 -0 0 0 -0 0 0 0 0 0 0 0 0 0 0 0 0 0 1 13091.3 13091.3 13091.3 13091.3
0 0 1 0 0 1.00833 0 0 0 0 0 0.00387494 -0 0 0 -0 0 0 0 0 0 0 0 0 0 0 0 0 0 1 13092.5 13092.5 13092.5 13092.5
0 0 1 0 0 1.00835 0 0 0 0 0 0.00344072 -0 0 0 -0 0 0 0 0 0 0 0 0 0 0 0 0 0 1 13093.8 13093.8 13093.8 13093.8
0 0 1 0 0 1.00837 0 0 0 0 0 0.00301661 -0 0 0 -0 0 0 0 0 0 0 0 0 0 0 0 0 0 1 13095 13095 13095 13095
0 0 1 0 0 1.00838 0 0 0 0 0 0.00260246 -0 0 0 -0 0 0 0 0 0 0 0 0 0 0 0 0 0 1 13096.2 13096.2 13096.2 13096.2
0 0 1 0 0 1.00839 0 0 0 0 0 0.00219549 -0 0 0 -0 0 0 0 0 0 0 0 0 0 0 0 0 0 1 13097.4 13097.4 13097.4 13097.4
0 0 1 0 0 1.0084 0 0 0 0 0 0.00179775 -0 0 0 -0 0 0 0 0 0 0 0 0 0 0 0 0 0 1 13098.5 13098.5 13098.5 13098.5
0 0 1 0 0 1.00841 0 0 0 0 0 0.00141256 -0 0 0 -0 0 0 0 0 0 0 0 0 0 0 0 0 0 1 13099.7 13099.7 13099.7 13099.7
0 0 1 0 0 1.00842 0 0 0 0 0 0.0010295 -0 0 0 -0 0 0 0 0 0 0 0 0 0 0 0 0 0 1 13100.8 13100.8 13100.8 13100.8
0 0 1 0 0 1.00843 0 0 0 0 0 0.000657081 -0 0 0 -0 0 0 0 0 0 0 0 0 0 0 0 0 0 1 13102 13102 13102 13102
0 0 1 0 0 1.00843 0 0 0 0 0 0.000294823 -0 0 0 -0 0 0 0 0 0 0 0 0 0 0 0 0 0 1 13103.1 13103.1 13103.1 13103.1
0 0 1 0 0 1.00843 0 0 0 0 0 -5.79427e-05 -0 0 0 -0 0 0 0 0 0 0 0 0 0 0 0 0 0 1 13104.1 13104.1 13104.1 13104.1
0 0 1 0 0 1.00843 0 0 0 0 0 -0.000407094 -0 0 0 -0 0 0 0 0 0 0 0 0 0 0 0 0 0 1 13105.2 13105.2 13105.2 13105.2
0 0 1 0 0 1.00843 0 0 0 0 0 -0.000746329 -0 0 0 -0 0 0 0 0 0 0 0 0 0 0 0 0 0 1 13106.3 13106.3 13106.3 13106.3
0 0 1 0 0 1.00842 0 0 0 0 0 -0.00107686 -0 0 0 -0 0 0 0 0 0 0 0 0 0 0 0 0 0 1 13107.3 13107.3 13107.3 13107.3
0 0 1 0 0 1.00842 0 0 0 0 0 -0.00140074 -0 0 0 -0 0 0 0 0 0 0 0 0 0 0 0 0 0 1 13108.4 13108.4 13108.4 13108.4
0 0 1 0 0 1.00841 0 0 0 0 0 -0.00171626 -0 0 0 -0 0 0 0 0 0 0 0 0 0 0 0 0 0 1 13109.4 13109.4 13109.4 13109.4
0 0 1 0 0 1.0084 0 0 0 0 0 -0.00202879 -0 0 0 -0 0 0 0 0 0 0 0 0 0 0 0 0 0 1 13110.4 13110.4 13110.4 13110.4
0 0 1 0 0 1.00839 0 0 0 0 0 -0.00232759 -0 0 0 -0 0 0 0 0 0 0 0 0 0 0 0 0 0 1 13111.4 13111.4 13111.4 13111.4
0 0 1 0 0 1.00838 0 0 0 0 0 -0.00262329 -0 0 0 -0 0 0 0 0 0 0 0 0 0 0 0 0 0 1 13112.3 13112.3 13112.3 13112.3
0 0 1 0 0 1.00837 0 0 0 0 0 -0.00290652 -0 0 0 -0 0 0 0 0 0 0 0 0 0 0 0 0 0 1 13113.3 13113.3 13113.3 13113.3
0 0 1 0 0 1.00835 0 0 0 0 0 -0.00318337 -0 0 0 -0 0 0 0 0 0 0 0 0 0 0 0 0 0 1 13114.2 13114.2 13114.2 13114.2
0 0 1 0 0 1.00834 0 0 0 0 0 -0.00345699 -0 0 0 -0 0 0 0 0 0 0 0 0 0 0 0 0 0 1 13115.2 13115.2 13115.2 13115.2
0 0 1 0 0 1.00832 0 0 0 0 0 -0.00372034 -0 0 0 -0 0 0 0 0 0 0 0 0 0 0 0 0 0 1 13116.1 13116.1 13116.1 13116.1
0 0 1 0 0 1.0083 0 0 0 0 0 -0.00397959 -0 0 0 -0 0 0 0 0 0 0 0 0 0 0 0 0 0 1 13117 13117 13117 13117
0 0 1 0 0 1.00828 0 0 0 0 0 -0.00423172 -0 0 0 -0 0 0 0 0 0 0 0 0 0 0 0 0 0 1 13117.9 13117.9 13117.9 13117.9
0 0 1 0 0 1.00826 0 0 0 0 0 -0.00447684 -0 0 0 -0 0 0 0 0 0 0 0 0 0 0 0 0 0 1 13118.7 13118.7 13118.7 13118.7
0 0 1 0 0 1.00824 0 0 0 0 0 -0.00471334 -0 0 0 -0 0 0 0 0 0 0 0 0 0 0 0 0 0 1 13119.6 13119.6 13119.6 13119.6
0 0 1 0 0 1.00822 0 0 0 0 0 -0.00494634 -0 0 0 -0 0 0 0 0 0 0 0 0 0 0 0 0 0 1 13120.5 13120.5 13120.5 13120.5
0 0 1 0 0 1.00819 0 0 0 0 0 -0.00517222 -0 0 0 -0 0 0 0 0 0 0 0 0 0 0 0 0 0 1 13121.3 13121.3 13121.3 13121.3
0 0 1 0 0 1.00816 0 0 0 0 0 -0.00539245 -0 0 0 -0 0 0 0 0 0 0 0 0 0 0 0 0 0 1 13122.1 13122.1 13122.1 13122.1
0 0 1 0 0 1.00814 0 0 0 0 0 -0.00560423 -0 0 0 -0 0 0 0 0 0 0 0 0 0 0 0 0 0 1 13122.9 13122.9 13122.9 13122.9
0 0 1 0 0 1.00811 0 0 0 0 0 -0.00581227 -0 0 0 -0 0 0 0 0 0 0 0 0 0 0 0 0 0 1 13123.7 13123.7 13123.7 13123.7
0 0 1 0 0 1.00808 0 0 0 0 0 -0.00601449 -0 0 0 -0 0 0 0 0 0 0 0 0 0 0 0 0 0 1 13124.5 13124.5 13124.5 13124.5
0 0 1 0 0 1.00805 0 0 0 0 0 -0.00620971 -0 0 0 -0 0 0 0 0 0 0 0 0 0 0 0 0 0 1 13125.3 13125.3 13125.3 13125.3
0 0 1 0 0 1.00802 0 0 0 0 0 -0.00639929 -0 0 0 -0 0 0 0 0 0 0 0 0 0 0 0 0 0 1 13126 13126 13126 13126
0 0 1 0 0 1.00799 0 0 0 0 0 -0.00658422 -0 0 0 -0 0 0 0 0 0 0 0 0 0 0 0 0 0 1 13126.8 13126.8 13126.8 13126.8
0 0 1 0 0 1.00795 0 0 0 0 0 -0.00676342 -0 0 0 -0 0 0 0 0 0 0 0 0 0 0 0 0 0 1 13127.5 13127.5 13127.5 13127.5
0 0 1 0 0 1.00792 0 0 0 0 0 -0.00693655 -0 0 0 -0 0 0 0 0 0 0 0 0 0 0 0 0 0 1 13128.2 13128.2 13128.2 13128.2
0 0 1 0 0 1.00789 0 0 0 0 0 -0.00710438 -0 0 0 -0 0 0 0 0 0 0 0 0 0 0 0 0 0 1 13128.9 13128.9 13128.9 13128.9
0 0 1 0 0 1.00785 0 0 0 0 0 -0.00726601 -0 0 0 -0 0 0 0 0 0 0 0 0 0 0 0 0 0 1 13129.6 13129.6 13129.6 13129.6
0 0 1 0 0 1.00781 0 0 0 0 0 -0.00742356 -0 0 0 -0 0 0 0 0 0 0 0 0 0 0 0 0 0 1 13130.3 13130.3 13130.3 13130.3
0 0 1 0 0 1.00778 0 0 0 0 0 -0.00757564 -0 0 0 -0 0 0 0 0 0 0 0 0 0 0 0 0 0 1 13131 13131 13131 13131
0 0 1 0 0 1.00774 0 0 0 0 0 -0.00772245 -0 0 0 -0 0 0 0 0 0 0 0 0 0 0 0 0 0 1 13131.7 13131.7 13131.7 13131.7
0 0 1 0 0 1.0077 0 0 0 0 0 -0.00786541 -0 0 0 -0 0 0 0 0 0 0 0 0 0 0 0 0 0 1 13132.3 13132.3 13132.3 13132.3
0 0 1 0 0 1.00766 0 0 0 0 0 -0.00800286 -0 0 0 -0 0 0 0 0 0 0 0 0 0 0 0 0 0 1 13133 13133 13133 13133
0 0 1 0 0 1.00762 0 0 0 0 0 -0.00813628 -0 0 0 -0 0 0 0 0 0 0 0 0 0 0 0 0 0 1 13133.6 13133.6 13133.6 13133.6
0 0 1 0 0 1.00758 0 0 0 0 0 -0.00826461 -0 0 0 -0 0 0 0 0 0 0 0 0 0 0 0 0 0 1 13134.2 13134.2 13134.2 13134.2
0 0 1 0 0 1.00754 0 0 0 0 0 -0.0083866 -0 0 0 -0 0 0 0 0 0 0 0 0 0 0 0 0 0 1 13134.8 13134.8 13134.8 13134.8
0 0 1 0 0 1.0075 0 0 0 0 0 -0.00850506 -0 0 0 -0 0 0 0 0 0 0 0 0 0 0 0 0 0 1 13135.4 13135.4 13135.4 13135.4
0 0 1 0 0 1.00745 0 0 0 0 0 -0.00862027 -0 0 0 -0 0 0 0 0 0 0 0 0 0 0 0 0 0 1 13136 13136 13136 13136
0 0 1 0 0 1.00741 0 0 0 0 0 -0.00872876 -0 0 0 -0 0 0 0 0 0 0 0 0 0 0 0 0 0 1 13136.6 13136.6 13136.6 13136.6
0 0 1 0 0 1.00737 0 0 0 0 0 -0.00883517 -0 0 0 -0 0 0 0 0 0 0 0 0 0 0 0 0 0 1 13137.2 13137.2 13137.2 13137.2
0 0 1 0 0 1.00732 0 0 0 0 0 -0.00893757 -0 0 0 -0 0 0 0 0 0 0 0 0 0 0 0 0 0 1 13137.7 13137.7 13137.7 13137.7
0 0 1 0 0 1.00728 0 0 0 0 0 -0.00903321 -0 0 0 -0 0 0 0 0 0 0 0 0 0 0 0 0 0 1 13138.3 13138.3 13138.3 13138.3
0 0 1 0 0 1.00723 0 0 0 0 0 -0.00912645 -0 0 0 -0 0 0 0 0 0 0 0 0 0 0 0 0 0 1 13138.8 13138.8 13138.8 13138.8
0 0 1 0 0 1.00719 0 0 0 0 0 -0.00921559 -0 0 0 -0 0 0 0 0 0 0 0 0 0 0 0 0 0 1 13139.3 13139.3 13139.3 13139.3
0 0 1 0 0 1.00714 0 0 0 0 0 -0.00930149 -0 0 0 -0 0 0 0 0 0 0 0 0 0 0 0 0 0 1 13139.9 13139.9 13139.9 13139.9
0 0 1 0 0 1.0071 0 0 0 0 0 -0.0093828 -0 0 0 -0 0 0 0 0 0 0 0 0 0 0 0 0 0 1 13140.4 13140.4 13140.4 13140.4
0 0 1 0 0 1.00705 0 0 0 0 0 -0.00945976 -0 0 0 -0 0 0 0 0 0 0 0 0 0 0 0 0 0 1 13140.9 13140.9 13140.9 13140.9
0 0 1 0 0 1.007 0 0 0 0 0 -0.00953296 -0 0 0 -0 0 0 0 0 0 0 0 0 0 0 0 0 0 1 13141.3 13141.3 13141.3 13141.3
0 0 1 0 0 1.00695 0 0 0 0 0 -0.00960352 -0 0 0 -0 0 0 0 0 0 0 0 0 0 0 0 0 0 1 13141.8 13141.8 13141.8 13141.8
0 0 1 0 0 1.00691 0 0 0 0 0 -0.00967092 -0 0 0 -0 0 0 0 0 0 0 0 0 0 0 0 0 0 1 13142.3 13142.3 13142.3 13142.3
0 0 1 0 0 1.00686 0 0 0 0 0 -0.00973254 -0 0 0 -0 0 0 0 0 0 0 0 0 0 0 0 0 0 1 13142.8 13142.8 13142.8 13142.8
0 0 1 0 0 1.00681 0 0 0 0 0 -0.00979224 -0 0 0 -0 0 0 0 0 0 0 0 0 0 0 0 0 0 1 13143.2 13143.2 13143.2 13143.2
0 0 1 0 0 1.00676 0 0 0 0 0 -0.00984872 -0 0 0 -0 0 0 0 0 0 0 0 0 0 0 0 0 0 1 13143.7 13143.7 13143.7 13143.7
0 0 1 0 0 1.00671 0 0 0 0 0 -0.0099021 -0 0 0 -0 0 0 0 0 0 0 0 0 0 0 0 0 0 1 13144.1 13144.1 13144.1 13144.1
0 0 1 0 0 1.00666 0 0 0 0 0 -0.00995078 -0 0 0 -0 0 0 0 0 0 0 0 0 0 0 0 0 0 1 13144.5 13144.5 13144.5 13144.5
0 0 1 0 0 1.00661 0 0 0 0 0 -0.00999749 -0 0 0 -0 0 0 0 0 0 0 0 0 0 0 0 0 0 1 13144.9 13144.9 13144.9 13144.9
0 0 1 0 0 1.00656 0 0 0 0 0 -0.0100415 -0 0 0 -0 0 0 0 0 0 0 0 0 0 0 0 0 0 1 13145.4 13145.4 13145.4 13145.4
0 0 1 0 0 1.00651 0 0 0 0 0 -0.0100814 -0 0 0 -0 0 0 0 0 0 0 0 0 0 0 0 0 0 1 13145.8 13145.8 13145.8 13145.8
0 0 1 0 0 1.00646 0 0 0 0 0 -0.010118 -0 0 0 -0 0 0 0 0 0 0 0 0 0 0 0 0 0 1 13146.2 13146.2 13146.2 13146.2
0 0 1 0 0 1.00641 0 0 0 0 0 -0.0101525 -0 0 0 -0 0 0 0 0 0 0 0 0 0 0 0 0 0 1 13146.5 13146.5 13146.5 13146.5
0 0 1 0 0 1.00636 0 0 0 0 0 -0.0101843 -0 0 0 -0 0 0 0 0 0 0 0 0 0 0 0 0 0 1 13146.9 13146.9 13146.9 13146.9
0 0 1 0 0 1.00631 0 0 0 0 0 -0.0102128 -0 0 0 -0 0 0 0 0 0 0 0 0 0 0 0 0 0 1 13147.3 13147.3 13147.3 13147.3
0 0 1 0 0 1.00626 0 0 0 0 0 -0.0102383 -0 0 0 -0 0 0 0 0 0 0 0 0 0 0 0 0 0 1 13147.6 13147.6 13147.6 13147.6
0 0 1 0 0 1.00621 0 0 0 0 0 -0.0102616 -0 0 0 -0 0 0 0 0 0 0 0 0 0 0 0 0 0 1 13148 13148 13148 13148
0 0 1 0 0 1.00615 0 0 0 0 0 -0.0102824 -0 0 0 -0 0 0 0 0 0 0 0 0 0 0 0 0 0 1 13148.4 13148.4 13148.4 13148.4
0 0 1 0 0 1.0061 0 0 0 0 0 -0.0103001 -0 0 0 -0 0 0 0 0 0 0 0 0 0 0 0 0 0 1 13148.7 13148.7 13148.7 13148.7
0 0 1 0 0 1.00605 0 0 0 0 0 -0.0103153 -0 0 0 -0 0 0 0 0 0 0 0 0 0 0 0 0 0 1 13149 13149 13149 13149
0 0 1 0 0 1.006 0 0 0 0 0 -0.0103282 -0 0 0 -0 0 0 0 0 0 0 0 0 0 0 0 0 0 1 13149.4 13149.4 13149.4 13149.4
0 0 1 0 0 1.00595 0 0 0 0 0 -0.0103387 -0 0 0 -0 0 0 0 0 0 0 0 0 0 0 0 0 0 1 13149.7 13149.7 13149.7 13149.7
0 0 1 0 0 1.0059 0 0 0 0 0 -0.0103467 -0 0 0 -0 0 0 0 0 0 0 0 0 0 0 0 0 0 1 13150 13150 13150 13150
0 0 1 0 0 1.00585 0 0 0 0 0 -0.0103524 -0 0 0 -0 0 0 0 0 0 0 0 0 0 0 0 0 0 1 13150.3 13150.3 13150.3 13150.3
0 0 1 0 0 1.00579 0 0 0 0 0 -0.0103559 -0 0 0 -0 0 0 0 0 0 0 0 0 0 0 0 0 0 1 13150.6 13150.6 13150.6 13150.6
0 0 1 0 0 1.00574 0 0 0 0 0 -0.0103572 -0 0 0 -0 0 0 0 0 0 0 0 0 0 0 0 0 0 1 13150.9 13150.9 13150.9 13150.9
0 0 1 0 0 1.00569 0 0 0 0 0 -0.0103563 -0 0 0 -0 0 0 0 0 0 0 0 0 0 0 0 0 0 1 13151.2 13151.2 13151.2 13151.2
0 0 1 0 0 1.00564 0 0 0 0 0 -0.0103533 -0 0 0 -0 0 0 0 0 0 0 0 0 0 0 0 0 0 1 13151.4 13151.4 13151.4 13151.4
0 0 1 0 0 1.00559 0 0 0 0 0 -0.0103482 -0 0 0 -0 0 0 0 0 0 0 0 0 0 0 0 0 0 1 13151.7 13151.7 13151.7 13151.7
0 0 1 0 0 1.00553 0 0 0 0 0 -0.010341 -0 0 0 -0 0 0 0 0 0 0 0 0 0 0 0 0 0 1 13152 13152 13152 13152
0 0 1 0 0 1.00548 0 0 0 0 0 -0.010332 -0 0 0 -0 0 0 0 0 0 0 0 0 0 0 0 0 0 1 13152.2 13152.2 13152.2 13152.2
0 0 1 0 0 1.00543 0 0 0 0 0 -0.010321 -0 0 0 -0 0 0 0 0 0 0 0 0 0 0 0 0 0 1 13152.5 13152.5 13152.5 13152.5
0 0 1 0 0 1.00538 0 0 0 0 0 -0.010308 -0 0 0 -0 0 0 0 0 0 0 0 0 0 0 0 0 0 1 13152.7 13152.7 13152.7 13152.7
0 0 1 0 0 1.00533 0 0 0 0 0 -0.0102933 -0 0 0 -0 0 0 0 0 0 0 0 0 0 0 0 0 0 1 13153 13153 13153 13153
0 0 1 0 0 1.00528 0 0 0 0 0 -0.0102766 -0 0 0 -0 0 0 0 0 0 0 0 0 0 0 0 0 0 1 13153.2 13153.2 13153.2 13153.2
0 0 1 0 0 1.00523 0 0 0 0 0 -0.0102585 -0 0 0 -0 0 0 0 0 0 0 0 0 0 0 0 0 0 1 13153.4 13153.4 13153.4 13153.4
0 0 1 0 0 1.00517 0 0 0 0 0 -0.0102385 -0 0 0 -0 0 0 0 0 0 0 0 0 0 0 0 0 0 1 13153.7 13153.7 13153.7 13153.7
0 0 1 0 0 1.00512 0 0 0 0 0 -0.0102167 -0 0 0 -0 0 0 0 0 0 0 0 0 0 0 0 0 0 1 13153.9 13153.9 13153.9 13153.9
0 0 1 0 0 1.00507 0 0 0 0 0 -0.0101933 -0 0 0 -0 0 0 0 0 0 0 0 0 0 0 0 0 0 1 13154.1 13154.1 13154.1 13154.1
0 0 1 0 0 1.00502 0 0 0 0 0 -0.0101688 -0 0 0 -0 0 0 0 0 0 0 0 0 0 0 0 0 0 1 13154.3 13154.3 13154.3 13154.3
0 0 1 0 0 1.00497 0 0 0 0 0 -0.0101423 -0 0 0 -0 0 0 0 0 0 0 0 0 0 0 0 0 0 1 13154.5 13154.5 13154.5 13154.5
0 0 1 0 0 1.00492 0 0 0 0 0 -0.0101143 -0 0 0 -0 0 0 0 0 0 0 0 0 0 0 0 0 0 1 13154.7 13154.7 13154.7 13154.7
0 0 1 0 0 1.00487 0 0 0 0 0 -0.0100853 -0 0 0 -0 0 0 0 0 0 0 0 0 0 0 0 0 0 1 13154.9 13154.9 13154.9 13154.9
0 0 1 0 0 1.00482 0 0 0 0 0 -0.0100546 -0 0 0 -0 0 0 0 0 0 0 0 0 0 0 0 0 0 1 13155.1 13155.1 13155.1 13155.1
0 0 1 0 0 1.00477 0 0 0 0 0 -0.0100224 -0 0 0 -0 0 0 0 0 0 0 0 0 0 0 0 0 0 1 13155.2 13155.2 13155.2 13155.2
0 0 1 0 0 1.00472 0 0 0 0 0 -0.00998846 -0 0 0 -0 0 0 0 0 0 0 0 0 0 0 0 0 0 1 13155.4 13155.4 13155.4 13155.4
0 0 1 0 0 1.00467 0 0 0 0 0 -0.00995382 -0 0 0 -0 0 0 0 0 0 0 0 0 0 0 0 0 0 1 13155.6 13155.6 13155.6 13155.6
0 0 1 0 0 1.00462 0 0 0 0 0 -0.00991835 -0 0 0 -0 0 0 0 0 0 0 0 0 0 0 0 0 0 1 13155.7 13155.7 13155.7 13155.7
0 0 1 0 0 1.00457 0 0 0 0 0 -0.00988089 -0 0 0 -0 0 0 0 0 0 0 0 0 0 0 0 0 0 1 13155.9 13155.9 13155.9 13155.9
0 0 1 0 0 1.00452 0 0 0 0 0 -0.00984249 -0 0 0 -0 0 0 0 0 0 0 0 0 0 0 0 0 0 1 13156.1 13156.1 13156.1 13156.1
0 0 1 0 0 1.00447 0 0 0 0 0 -0.00980235 -0 0 0 -0 0 0 0 0 0 0 0 0 0 0 0 0 0 1 13156.2 13156.2 13156.2 13156.2
0 0 1 0 0 1.00442 0 0 0 0 0 -0.00976238 -0 0 0 -0 0 0 0 0 0 0 0 0 0 0 0 0 0 1 13156.4 13156.4 13156.4 13156.4
0 0 1 0 0 1.00437 0 0 0 0 0 -0.00972039 -0 0 0 -0 0 0 0 0 0 0 0 0 0 0 0 0 0 1 13156.5 13156.5 13156.5 13156.5
0 0 1 0 0 1.00432 0 0 0 0 0 -0.0096771 -0 0 0 -0 0 0 0 0 0 0 0 0 0 0 0 0 0 1 13156.6 13156.6 13156.6 13156.6
0 0 1 0 0 1.00427 0 0 0 0 0 -0.00963304 -0 0 0 -0 0 0 0 0 0 0 0 0 0 0 0 0 0 1 13156.8 13156.8 13156.8 13156.8
0 0 1 0 0 1.00423 0 0 0 0 0 -0.00958877 -0 0 0 -0 0 0 0 0 0 0 0 0 0 0 0 0 0 1 13156.9 13156.9 13156.9 13156.9
0 0 1 0 0 1.00418 0 0 0 0 0 -0.00954225 -0 0 0 -0 0 0 0 0 0 0 0 0 0 0 0 0 0 1 13157 13157 13157 13157
0 0 1 0 0 1.00413 0 0 0 0 0 -0.00949564 -0 0 0 -0 0 0 0 0 0 0 0 0 0 0 0 0 0 1 13157.1 13157.1 13157.1 13157.1
0 0 1 0 0 1.00408 0 0 0 0 0 -0.00944779 -0 0 0 -0 0 0 0 0 0 0 0 0 0 0 0 0 0 1 13157.3 13157.3 13157.3 13157.3
0 0 1 0 0 1.00404 0 0 0 0 0 -0.00939978 -0 0 0 -0 0 0 0 0 0 0 0 0 0 0 0 0 0 1 13157.4 13157.4 13157.4 13157.4
0 0 1 0 0 1.00399 0 0 0 0 0 -0.00935064 -0 0 0 -0 0 0 0 0 0 0 0 0 0 0 0 0 0 1 13157.5 13157.5 13157.5 13157.5
0 0 1 0 0 1.00394 0 0 0 0 0 -0.00929993 -0 0 0 -0 0 0 0 0 0 0 0 0 0 0 0 0 0 1 13157.6 13157.6 13157.6 13157.6
0 0 1 0 0 1.0039 0 0 0 0 0 -0.0092489 -0 0 0 -0 0 0 0 0 0 0 0 0 0 0 0 0 0 1 13157.7 13157.7 13157.7 13157.7
0 0 1 0 0 1.00385 0 0 0 0 0 -0.00919797 -0 0 0 -0 0 0 0 0 0 0 0 0 0 0 0 0 0 1 13157.8 13157.8 13157.8 13157.8
0 0 1 0 0 1.0038 0 0 0 0 0 -0.00914478 -0 0 0 -0 0 0 0 0 0 0 0 0 0 0 0 0 0 1 13157.9 13157.9 13157.9 13157.9
0 0 1 0 0 1.00376 0 0 0 0 0 -0.0090924 -0 0 0 -0 0 0 0 0 0 0 0 0 0 0 0 0 0 1 13158 13158 13158 13158
0 0 1 0 0 1.00371 0 0 0 0 0 -0.00903787 -0 0 0 -0 0 0 0 0 0 0 0 0 0 0 0 0 0 1 13158 13158 13158 13158
0 0 1 0 0 1.00367 0 0 0 0 0 -0.0089843 -0 0 0 -0 0 0 0 0 0 0 0 0 0 0 0 0 0 1 13158.1 13158.1 13158.1 13158.1
0 0 1 0 0 1.00362 0 0 0 0 0 -0.00892825 -0 0 0 -0 0 0 0 0 0 0 0 0 0 0 0 0 0 1 13158.2 13158.2 13158.2 13158.2
0 0 1 0 0 1.00358 0 0 0 0 0 -0.00887328 -0 0 0 -0 0 0 0 0 0 0 0 0 0 0 0 0 0 1 13158.3 13158.3 13158.3 13158.3
0 0 1 0 0 1.00353 0 0 0 0 0 -0.00881703 -0 0 0 -0 0 0 0 0 0 0 0 0 0 0 0 0 0 1 13158.4 13158.4 13158.4 13158.4
0 0 1 0 0 1.00349 0 0 0 0 0 -0.00876073 -0 0 0 -0 0 0 0 0 0 0 0 0 0 0 0 0 0 1 13158.4 13158.4 13158.4 13158.4
0 0 1 0 0 1.00345 0 0 0 0 0 -0.0087033 -0 0 0 -0 0 0 0 0 0 0 0 0 0 0 0 0 0 1 13158.5 13158.5 13158.5 13158.5
0 0 1 0 0 1.0034 0 0 0 0 0 -0.00864571 -0 0 0 -0 0 0 0 0 0 0 0 0 0 0 0 0 0 1 13158.6 13158.6 13158.6 13158.6
0 0 1 0 0 1.00336 0 0 0 0 0 -0.0085873 -0 0 0 -0 0 0 0 0 0 0 0 0 0 0 0 0 0 1 13158.6 13158.6 13158.6 13158.6
0 0 1 0 0 1.00332 0 0 0 0 0 -0.00852862 -0 0 0 -0 0 0 0 0 0 0 0 0 0 0 0 0 0 1 13158.7 13158.7 13158.7 13158.7
0 0 1 0 0 1.00327 0 0 0 0 0 -0.00846953 -0 0 0 -0 0 0 0 0 0 0 0 0 0 0 0 0 0 1 13158.7 13158.7 13158.7 13158.7
0 0 1 0 0 1.00323 0 0 0 0 0 -0.0084099 -0 0 0 -0 0 0 0 0 0 0 0 0 0 0 0 0 0 1 13158.8 13158.8 13158.8 13158.8
0 0 1 0 0 1.00319 0 0 0 0 0 -0.00834996 -0 0 0 -0 0 0 0 0 0 0 0 0 0 0 0 0 0 1 13158.8 13158.8 13158.8 13158.8
0 0 1 0 0 1.00315 0 0 0 0 0 -0.00828986 -0 0 0 -0 0 0 0 0 0 0 0 0 0 0 0 0 0 1 13158.9 13158.9 13158.9 13158.9
0 0 1 0 0 1.00311 0 0 0 0 0 -0.00822936 -0 0 0 -0 0 0 0 0 0 0 0 0 0 0 0 0 0 1 13158.9 13158.9 13158.9 13158.9
0 0 1 0 0 1.00307 0 0 0 0 0 -0.0081687 -0 0 0 -0 0 0 0 0 0 0 0 0 0 0 0 0 0 1 13159 13159 13159 13159
0 0 1 0 0 1.00302 0 0 0 0 0 -0.00810723 -0 0 0 -0 0 0 0 0 0 0 0 0 0 0 0 0 0 1 13159 13159 13159 13159
0 0 1 0 0 1.00298 0 0 0 0 0 -0.00804601 -0 0 0 -0 0 0 0 0 0 0 0 0 0 0 0 0 0 1 13159 13159 13159 13159
0 0 1 0 0 1.00294 0 0 0 0 0 -0.00798388 -0 0 0 -0 0 0 0 0 0 0 0 0 0 0 0 0 0 1 13159.1 13159.1 13159.1 13159.1
0 0 1 0 0 1.0029 0 0 0 0 0 -0.00792186 -0 0 0 -0 0 0 0 0 0 0 0 0 0 0 0 0 0 1 13159.1 13159.1 13159.1 13159.1
0 0 1 0 0 1.00286 0 0 0 0 0 -0.00785985 -0 0 0 -0 0 0 0 0 0 0 0 0 0 0 0 0 0 1 13159.1 13159.1 13159.1 13159.1
0 0 1 0 0 1.00282 0 0 0 0 0 -0.00779765 -0 0 0 -0 0 0 0 0 0 0 0 0 0 0 0 0 0 1 13159.1 13159.1 13159.1 13159.1
0 0 1 0 0 1.00279 0 0 0 0 0 -0.00773466 -0 0 0 -0 0 0 0 0 0 0 0 0 0 0 0 0 0 1 13159.2 13159.2 13159.2 13159.2
0 0 1 0 0 1.00275 0 0 0 0 0 -0.00767216 -0 0 0 -0 0 0 0 0 0 0 0 0 0 0 0 0 0 1 13159.2 13159.2 13159.2 13159.2
0 0 1 0 0 1.00271 0 0 0 0 0 -0.0076083 -0 0 0 -0 0 0 0 0 0 0 0 0 0 0 0 0 0 1 13159.2 13159.2 13159.2 13159.2
0 0 1 0 0 1.00267 0 0 0 0 0 -0.00754631 -0 0 0 -0 0 0 0 0 0 0 0 0 0 0 0 0 0 1 13159.2 13159.2 13159.2 13159.2
0 0 1 0 0 1.00263 0 0 0 0 0 -0.00748239 -0 0 0 -0 0 0 0 0 0 0 0 0 0 0 0 0 0 1 13159.2 13159.2 13159.2 13159.2
0 0 1 0 0 1.0026 0 0 0 0 0 -0.00741938 -0 0 0 -0 0 0 0 0 0 0 0 0 0 0 0 0 0 1 13159.2 13159.2 13159.2 13159.2
0 0 1 0 0 1.00256 0 0 0 0 0 -0.00735553 -0 0 0 -0 0 0 0 0 0 0 0 0 0 0 0 0 0 1 13159.3 13159.3 13159.3 13159.3
0 0 1 0 0 1.00252 0 0 0 0 0 -0.00729285 -0 0 0 -0 0 0 0 0 0 0 0 0 0 0 0 0 0 1 13159.3 13159.3 13159.3 13159.3
0 0 1 0 0 1.00249 0 0 0 0 0 -0.00722891 -0 0 0 -0 0 0 0 0 0 0 0 0 0 0 0 0 0 1 13159.3 13159.3 13159.3 13159.3
0 0 1 0 0 1.00245 0 0 0 0 0 -0.00716559 -0 0 0 -0 0 0 0 0 0 0 0 0 0 0 0 0 0 1 13159.3 13159.3 13159.3 13159.3
0 0 1 0 0 1.00241 0 0 0 0 0 -0.00710191 -0 0 0 -0 0 0 0 0 0 0 0 0 0 0 0 0 0 1 13159.3 13159.3 13159.3 13159.3
0 0 1 0 0 1.00238 0 0 0 0 0 -0.00703851 -0 0 0 -0 0 0 0 0 0 0 0 0 0 0 0 0 0 1 13159.3 13159.3 13159.3 13159.3
0 0 1 0 0 1.00234 0 0 0 0 0 -0.00697492 -0 0 0 -0 0 0 0 0 0 0 0 0 0 0 0 0 0 1 13159.3 13159.3 13159.3 13159.3
0 0 1 0 0 1.00231 0 0 0 0 0 -0.00691063 -0 0 0 -0 0 0 0 0 0 0 0 0 0 0 0 0 0 1 13159.3 13159.3 13159.3 13159.3
0 0 1 0 0 1.00227 0 0 0 0 0 -0.00684735 -0 0 0 -0 0 0 0 0 0 0 0 0 0 0 0 0 0 1 13159.3 13159.3 13159.3 13159.3
0 0 1 0 0 1.00224 0 0 0 0 0 -0.00678432 -0 0 0 -0 0 0 0 0 0 0 0 0 0 0 0 0 0 1 13159.3 13159.3 13159.3 13159.3
0 0 1 0 0 1.0022 0 0 0 0 0 -0.00672062 -0 0 0 -0 0 0 0 0 0 0 0 0 0 0 0 0 0 1 13159.3 13159.3 13159.3 13159.3
0 0 1 0 0 1.00217 0 0 0 0 0 -0.00665725 -0 0 0 -0 0 0 0 0 0 0 0 0 0 0 0 0 0 1 13159.2 13159.2 13159.2 13159.2
0 0 1 0 0 1.00214 0 0 0 0 0 -0.00659375 -0 0 0 -0 0 0 0 0 0 0 0 0 0 0 0 0 0 1 13159.2 13159.2 13159.2 13159.2
0 0 1 0 0 1.0021 0 0 0 0 0 -0.00653018 -0 0 0 -0 0 0 0 0 0 0 0 0 0 0 0 0 0 1 13159.2 13159.2 13159.2 13159.2
0 0 1 0 0 1.00207 0 0 0 0 0 -0.00646723 -0 0 0 -0 0 0 0 0 0 0 0 0 0 0 0 0 0 1 13159.2 13159.2 13159.2 13159.2
0 0 1 0 0 1.00204 0 0 0 0 0 -0.00640377 -0 0 0 -0 0 0 0 0 0 0 0 0 0 0 0 0 0 1 13159.2 13159.2 13159.2 13159.2
0 0 1 0 0 1.00201 0 0 0 0 0 -0.00634126 -0 0 0 -0 0 0 0 0 0 0 0 0 0 0 0 0 0 1 13159.2 13159.2 13159.2 13159.2
0 0 1 0 0 1.00198 0 0 0 0 0 -0.00627845 -0 0 0 -0 0 0 0 0 0 0 0 0 0 0 0 0 0 1 13159.2 13159.2 13159.2 13159.2
0 0 1 0 0 1.00194 0 0 0 0 0 -0.00621539 -0 0 0 -0 0 0 0 0 0 0 0 0 0 0 0 0 0 1 13159.1 13159.1 13159.1 13159.1
0 0 1 0 0 1.00191 0 0 0 0 0 -0.00615285 -0 0 0 -0 0 0 0 0 0 0 0 0 0 0 0 0 0 1 13159.1 13159.1 13159.1 13159.1
0 0 1 0 0 1.00188 0 0 0 0 0 -0.00609081 -0 0 0 -0 0 0 0 0 0 0 0 0 0 0 0 0 0 1 13159.1 13159.1 13159.1 13159.1
0 0 1 0 0 1.00185 0 0 0 0 0 -0.00602772 -0 0 0 -0 0 0 0 0 0 0 0 0 0 0 0 0 0 1 13159.1 13159.1 13159.1 13159.1
0 0 1 0 0 1.00182 0 0 0 0 0 -0.00596545 -0 0 0 -0 0 0 0 0 0 0 0 0 0 0 0 0 0 1 13159 13159 13159 13159
0 0 1 0 0 1.00179 0 0 0 0 0 -0.00590368 -0 0 0 -0 0 0 0 0 0 0 0 0 0 0 0 0 0 1 13159 13159 13159 13159
0 0 1 0 0 1.00176 0 0 0 0 0 -0.00584257 -0 0 0 -0 0 0 0 0 0 0 0 0 0 0 0 0 0 1 13159 13159 13159 13159
0 0 1 0 0 1.00173 0 0 0 0 0 -0.00578074 -0 0 0 -0 0 0 0 0 0 0 0 0 0 0 0 0 0 1 13159 13159 13159 13159
0 0 1 0 0 1.0017 0 0 0 0 0 -0.00571962 -0 0 0 -0 0 0 0 0 0 0 0 0 0 0 0 0 0 1 13158.9 13158.9 13158.9 13158.9
0 0 1 0 0 1.00168 0 0 0 0 0 -0.00565842 -0 0 0 -0 0 0 0 0 0 0 0 0 0 0 0 0 0 1 13158.9 13158.9 13158.9 13158.9
0 0 1 0 0 1.00165 0 0 0 0 0 -0.00559771 -0 0 0 -0 0 0 0 0 0 0 0 0 0 0 0 0 0 1 13158.9 13158.9 13158.9 13158.9
0 0 1 0 0 1.00162 0 0 0 0 0 -0.00553748 -0 0 0 -0 0 0 0 0 0 0 0 0 0 0 0 0 0 1 13158.8 13158.8 13158.8 13158.8
0 0 1 0 0 1.00159 0 0 0 0 0 -0.00547718 -0 0 0 -0 0 0 0 0 0 0 0 0 0 0 0 0 0 1 13158.8 13158.8 13158.8 13158.8
0 0 1 0 0 1.00157 0 0 0 0 0 -0.00541687 -0 0 0 -0 0 0 0 0 0 0 0 0 0 0 0 0 0 1 13158.8 13158.8 13158.8 13158.8
0 0 1 0 0 1.00154 0 0 0 0 0 -0.00535669 -0 0 0 -0 0 0 0 0 0 0 0 0 0 0 0 0 0 1 13158.7 13158.7 13158.7 13158.7
0 0 1 0 0 1.00151 0 0 0 0 0 -0.00529752 -0 0 0 -0 0 0 0 0 0 0 0 0 0 0 0 0 0 1 13158.7 13158.7 13158.7 13158.7
0 0 1 0 0 1.00148 0 0 0 0 0 -0.00523794 -0 0 0 -0 0 0 0 0 0 0 0 0 0 0 0 0 0 1 13158.7 13158.7 13158.7 13158.7
0 0 1 0 0 1.00146 0 0 0 0 0 -0.00517851 -0 0 0 -0 0 0 0 0 0 0 0 0 0 0 0 0 0 1 13158.6 13158.6 13158.6 13158.6
0 0 1 0 0 1.00143 0 0 0 0 0 -0.00511962 -0 0 0 -0 0 0 0 0 0 0 0 0 0 0 0 0 0 1 13158.6 13158.6 13158.6 13158.6
0 0 1 0 0 1.00141 0 0 0 0 0 -0.00506165 -0 0 0 -0 0 0 0 0 0 0 0 0 0 0 0 0 0 1 13158.6 13158.6 13158.6 13158.6
0 0 1 0 0 1.00138 0 0 0 0 0 -0.00500294 -0 0 0 -0 0 0 0 0 0 0 0 0 0 0 0 0 0 1 13158.5 13158.5 13158.5 13158.5
0 0 1 0 0 1.00136 0 0 0 0 0 -0.00494513 -0 0 0 -0 0 0 0 0 0 0 0 0 0 0 0 0 0 1 13158.5 13158.5 13158.5 13158.5
0 0 1 0 0 1.00133 0 0 0 0 0 -0.00488753 -0 0 0 -0 0 0 0 0 0 0 0 0 0 0 0 0 0 1 13158.4 13158.4 13158.4 13158.4
0 0 1 0 0 1.00131 0 0 0 0 0 -0.00483023 -0 0 0 -0 0 0 0 0 0 0 0 0 0 0 0 0 0 1 13158.4 13158.4 13158.4 13158.4
0 0 1 0 0 1.00128 0 0 0 0 0 -0.00477287 -0 0 0 -0 0 0 0 0 0 0 0 0 0 0 0 0 0 1 13158.4 13158.4 13158.4 13158.4
0 0 1 0 0 1.00126 0 0 0 0 0 -0.00471635 -0 0 0 -0 0 0 0 0 0 0 0 0 0 0 0 0 0 1 13158.3 13158.3 13158.3 13158.3
0 0 1 0 0 1.00124 0 0 0 0 0 -0.00465975 -0 0 0 -0 0 0 0 0 0 0 0 0 0 0 0 0 0 1 13158.3 13158.3 13158.3 13158.3
0 0 1 0 0 1.00121 0 0 0 0 0 -0.00460359 -0 0 0 -0 0 0 0 0 0 0 0 0 0 0 0 0 0 1 13158.2 13158.2 13158.2 13158.2
0 0 1 0 0 1.00119 0 0 0 0 0 -0.00454775 -0 0 0 -0 0 0 0 0 0 0 0 0 0 0 0 0 0 1 13158.2 13158.2 13158.2 13158.2
0 0 1 0 0 1.00117 0 0 0 0 0 -0.00449242 -0 0 0 -0 0 0 0 0 0 0 0 0 0 0 0 0 0 1 13158.1 13158.1 13158.1 13158.1
0 0 1 0 0 1.00114 0 0 0 0 0 -0.00443754 -0 0 0 -0 0 0 0 0 0 0 0 0 0 0 0 0 0 1 13158.1 13158.1 13158.1 13158.1
0 0 1 0 0 1.00112 0 0 0 0 0 -0.00438289 -0 0 0 -0 0 0 0 0 0 0 0 0 0 0 0 0 0 1 13158 13158 13158 13158
0 0 1 0 0 1.0011 0 0 0 0 0 -0.00432832 -0 0 0 -0 0 0 0 0 0 0 0 0 0 0 0 0 0 1 13158 13158 13158 13158
0 0 1 0 0 1.00108 0 0 0 0 0 -0.00427413 -0 0 0 -0 0 0 0 0 0 0 0 0 0 0 0 0 0 1 13158 13158 13158 13158
0 0 1 0 0 1.00106 0 0 0 0 0 -0.00422037 -0 0 0 -0 0 0 0 0 0 0 0 0 0 0 0 0 0 1 13157.9 13157.9 13157.9 13157.9
0 0 1 0 0 1.00104 0 0 0 0 0 -0.00416722 -0 0 0 -0 0 0 0 0 0 0 0 0 0 0 0 0 0 1 13157.9 13157.9 13157.9 13157.9
0 0 1 0 0 1.00102 0 0 0 0 0 -0.00411412 -0 0 0 -0 0 0 0 0 0 0 0 0 0 0 0 0 0 1 13157.8 13157.8 13157.8 13157.8
0 0 1 0 0 1.00099 0 0 0 0 0 -0.00406112 -0 0 0 -0 0 0 0 0 0 0 0 0 0 0 0 0 0 1 13157.8 13157.8 13157.8 13157.8
0 0 1 0 0 1.00097 0 0 0 0 0 -0.00400909 -0 0 0 -0 0 0 0 0 0 0 0 0 0 0 0 0 0 1 13157.7 13157.7 13157.7 13157.7
0 0 1 0 0 1.00095 0 0 0 0 0 -0.00395737 -0 0 0 -0 0 0 0 0 0 0 0 0 0 0 0 0 0 1 13157.7 13157.7 13157.7 13157.7
0 0 1 0 0 1.00093 0 0 0 0 0 -0.0039057 -0 0 0 -0 0 0 0 0 0 0 0 0 0 0 0 0 0 1 13157.6 13157.6 13157.6 13157.6
0 0 1 0 0 1.00092 0 0 0 0 0 -0.00385428 -0 0 0 -0 0 0 0 0 0 0 0 0 0 0 0 0 0 1 13157.6 13157.6 13157.6 13157.6
0 0 1 0 0 1.0009 0 0 0 0 0 -0.00380347 -0 0 0 -0 0 0 0 0 0 0 0 0 0 0 0 0 0 1 13157.5 13157.5 13157.5 13157.5
0 0 1 0 0 1.00088 0 0 0 0 0 -0.0037531 -0 0 0 -0 0 0 0 0 0 0 0 0 0 0 0 0 0 1 13157.5 13157.5 13157.5 13157.5
0 0 1 0 0 1.00086 0 0 0 0 0 -0.00370302 -0 0 0 -0 0 0 0 0 0 0 0 0 0 0 0 0 0 1 13157.4 13157.4 13157.4 13157.4
0 0 1 0 0 1.00084 0 0 0 0 0 -0.00365327 -0 0 0 -0 0 0 0 0 0 0 0 0 0 0 0 0 0 1 13157.4 13157.4 13157.4 13157.4
0 0 1 0 0 1.00082 0 0 0 0 0 -0.00360375 -0 0 0 -0 0 0 0 0 0 0 0 0 0 0 0 0 0 1 13157.3 13157.3 13157.3 13157.3
0 0 1 0 0 1.0008 0 0 0 0 0 -0.00355503 -0 0 0 -0 0 0 0 0 0 0 0 0 0 0 0 0 0 1 13157.3 13157.3 13157.3 13157.3
0 0 1 0 0 1.00079 0 0 0 0 0 -0.00350624 -0 0 0 -0 0 0 0 0 0 0 0 0 0 0 0 0 0 1 13157.2 13157.2 13157.2 13157.2
0 0 1 0 0 1.00077 0 0 0 0 0 -0.0034582 -0 0 0 -0 0 0 0 0 0 0 0 0 0 0 0 0 0 1 13157.2 13157.2 13157.2 13157.2
0 0 1 0 0 1.00075 0 0 0 0 0 -0.00341066 -0 0 0 -0 0 0 0 0 0 0 0 0 0 0 0 0 0 1 13157.1 13157.1 13157.1 13157.1
0 0 1 0 0 1.00073 0 0 0 0 0 -0.00336328 -0 0 0 -0 0 0 0 0 0 0 0 0 0 0 0 0 0 1 13157.1 13157.1 13157.1 13157.1
0 0 1 0 0 1.00072 0 0 0 0 0 -0.00331605 -0 0 0 -0 0 0 0 0 0 0 0 0 0 0 0 0 0 1 13157 13157 13157 13157
0 0 1 0 0 1.0007 0 0 0 0 0 -0.00326958 -0 0 0 -0 0 0 0 0 0 0 0 0 0 0 0 0 0 1 13157 13157 13157 13157
0 0 1 0 0 1.00068 0 0 0 0 0 -0.00322303 -0 0 0 -0 0 0 0 0 0 0 0 0 0 0 0 0 0 1 13156.9 13156.9 13156.9 13156.9
0 0 1 0 0 1.00067 0 0 0 0 0 -0.00317755 -0 0 0 -0 0 0 0 0 0 0 0 0 0 0 0 0 0 1 13156.8 13156.8 13156.8 13156.8
0 0 1 0 0 1.00065 0 0 0 0 0 -0.00313189 -0 0 0 -0 0 0 0 0 0 0 0 0 0 0 0 0 0 1 13156.8 13156.8 13156.8 13156.8
0 0 1 0 0 1.00064 0 0 0 0 0 -0.00308674 -0 0 0 -0 0 0 0 0 0 0 0 0 0 0 0 0 0 1 13156.7 13156.7 13156.7 13156.7
0 0 1 0 0 1.00062 0 0 0 0 0 -0.00304207 -0 0 0 -0 0 0 0 0 0 0 0 0 0 0 0 0 0 1 13156.7 13156.7 13156.7 13156.7
0 0 1 0 0 1.00061 0 0 0 0 0 -0.00299771 -0 0 0 -0 0 0 0 0 0 0 0 0 0 0 0 0 0 1 13156.6 13156.6 13156.6 13156.6
0 0 1 0 0 1.00059 0 0 0 0 0 -0.00295369 -0 0 0 -0 0 0 0 0 0 0 0 0 0 0 0 0 0 1 13156.6 13156.6 13156.6 13156.6
0 0 1 0 0 1.00058 0 0 0 0 0 -0.00291016 -0 0 0 -0 0 0 0 0 0 0 0 0 0 0 0 0 0 1 13156.5 13156.5 13156.5 13156.5
0 0 1 0 0 1.00056 0 0 0 0 0 -0.00286706 -0 0 0 -0 0 0 0 0 0 0 0 0 0 0 0 0 0 1 13156.5 13156.5 13156.5 13156.5
0 0 1 0 0 1.00055 0 0 0 0 0 -0.00282425 -0 0 0 -0 0 0 0 0 0 0 0 0 0 0 0 0 0 1 13156.4 13156.4 13156.4 13156.4
0 0 1 0 0 1.00053 0 0 0 0 0 -0.00278188 -0 0 0 -0 0 0 0 0 0 0 0 0 0 0 0 0 0 1 13156.4 13156.4 13156.4 13156.4
0 0 1 0 0 1.00052 0 0 0 0 0 -0.00274016 -0 0 0 -0 0 0 0 0 0 0 0 0 0 0 0 0 0 1 13156.3 13156.3 13156.3 13156.3
0 0 1 0 0 1.00051 0 0 0 0 0 -0.00269838 -0 0 0 -0 0 0 0 0 0 0 0 0 0 0 0 0 0 1 13156.3 13156.3 13156.3 13156.3
0 0 1 0 0 1.00049 0 0 0 0 0 -0.0026571 -0 0 0 -0 0 0 0 0 0 0 0 0 0 0 0 0 0 1 13156.2 13156.2 13156.2 13156.2
0 0 1 0 0 1.00048 0 0 0 0 0 -0.00261644 -0 0 0 -0 0 0 0 0 0 0 0 0 0 0 0 0 0 1 13156.2 13156.2 13156.2 13156.2
0 0 1 0 0 1.00047 0 0 0 0 0 -0.00257592 -0 0 0 -0 0 0 0 0 0 0 0 0 0 0 0 0 0 1 13156.1 13156.1 13156.1 13156.1
0 0 1 0 0 1.00045 0 0 0 0 0 -0.00253606 -0 0 0 -0 0 0 0 0 0 0 0 0 0 0 0 0 0 1 13156.1 13156.1 13156.1 13156.1
0 0 1 0 0 1.00044 0 0 0 0 0 -0.00249668 -0 0 0 -0 0 0 0 0 0 0 0 0 0 0 0 0 0 1 13156 13156 13156 13156
0 0 1 0 0 1.00043 0 0 0 0 0 -0.0024572 -0 0 0 -0 0 0 0 0 0 0 0 0 0 0 0 0 0 1 13156 13156 13156 13156
0 0 1 0 0 1.00042 0 0 0 0 0 -0.00241853 -0 0 0 -0 0 0 0 0 0 0 0 0 0 0 0 0 0 1 13155.9 13155.9 13155.9 13155.9
0 0 1 0 0 1.0004 0 0 0 0 0 -0.00237988 -0 0 0 -0 0 0 0 0 0 0 0 0 0 0 0 0 0 1 13155.9 13155.9 13155.9 13155.9
0 0 1 0 0 1.00039 0 0 0 0 0 -0.00234188 -0 0 0 -0 0 0 0 0 0 0 0 0 0 0 0 0 0 1 13155.8 13155.8 13155.8 13155.8
0 0 1 0 0 1.00038 0 0 0 0 0 -0.00230414 -0 0 0 -0 0 0 0 0 0 0 0 0 0 0 0 0 0 1 13155.8 13155.8 13155.8 13155.8
0 0 1 0 0 1.00037 0 0 0 0 0 -0.00226667 -0 0 0 -0 0 0 0 0 0 0 0 0 0 0 0 0 0 1 13155.7 13155.7 13155.7 13155.7
0 0 1 0 0 1.00036 0 0 0 0 0 -0.00222971 -0 0 0 -0 0 0 0 0 0 0 0 0 0 0 0 0 0 1 13155.7 13155.7 13155.7 13155.7
0 0 1 0 0 1.00035 0 0 0 0 0 -0.00219333 -0 0 0 -0 0 0 0 0 0 0 0 0 0 0 0 0 0 1 13155.6 13155.6 13155.6 13155.6
0 0 1 0 0 1.00033 0 0 0 0 0 -0.00215719 -0 0 0 -0 0 0 0 0 0 0 0 0 0 0 0 0 0 1 13155.5 13155.5 13155.5 13155.5
0 0 1 0 0 1.00032 0 0 0 0 0 -0.0021215 -0 0 0 -0 0 0 0 0 0 0 0 0 0 0 0 0 0 1 13155.5 13155.5 13155.5 13155.5
0 0 1 0 0 1.00031 0 0 0 0 0 -0.00208603 -0 0 0 -0 0 0 0 0 0 0 0 0 0 0 0 0 0 1 13155.4 13155.4 13155.4 13155.4
0 0 1 0 0 1.0003 0 0 0 0 0 -0.00205104 -0 0 0 -0 0 0 0 0 0 0 0 0 0 0 0 0 0 1 13155.4 13155.4 13155.4 13155.4
0 0 1 0 0 1.00029 0 0 0 0 0 -0.00201619 -0 0 0 -0 0 0 0 0 0 0 0 0 0 0 0 0 0 1 13155.3 13155.3 13155.3 13155.3
0 0 1 0 0 1.00028 0 0 0 0 0 -0.00198211 -0 0 0 -0 0 0 0 0 0 0 0 0 0 0 0 0 0 1 13155.3 13155.3 13155.3 13155.3
0 0 1 0 0 1.00027 0 0 0 0 0 -0.00194798 -0 0 0 -0 0 0 0 0 0 0 0 0 0 0 0 0 0 1 13155.2 13155.2 13155.2 13155.2
0 0 1 0 0 1.00026 0 0 0 0 0 -0.00191435 -0 0 0 -0 0 0 0 0 0 0 0 0 0 0 0 0 0 1 13155.2 13155.2 13155.2 13155.2
0 0 1 0 0 1.00025 0 0 0 0 0 -0.0018812 -0 0 0 -0 0 0 0 0 0 0 0 0 0 0 0 0 0 1 13155.2 13155.2 13155.2 13155.2
0 0 1 0 0 1.00024 0 0 0 0 0 -0.00184865 -0 0 0 -0 0 0 0 0 0 0 0 0 0 0 0 0 0 1 13155.1 13155.1 13155.1 13155.1
0 0 1 0 0 1.00023 0 0 0 0 0 -0.00181611 -0 0 0 -0 0 0 0 0 0 0 0 0 0 0 0 0 0 1 13155.1 13155.1 13155.1 13155.1
0 0 1 0 0 1.00023 0 0 0 0 0 -0.00178407 -0 0 0 -0 0 0 0 0 0 0 0 0 0 0 0 0 0 1 13155 13155 13155 13155
0 0 1 0 0 1.00022 0 0 0 0 0 -0.00175227 -0 0 0 -0 0 0 0 0 0 0 0 0 0 0 0 0 0 1 13155 13155 13155 13155
0 0 1 0 0 1.00021 0 0 0 0 0 -0.00172084 -0 0 0 -0 0 0 0 0 0 0 0 0 0 0 0 0 0 1 13154.9 13154.9 13154.9 13154.9
0 0 1 0 0 1.0002 0 0 0 0 0 -0.00168985 -0 0 0 -0 0 0 0 0 0 0 0 0 0 0 0 0 0 1 13154.9 13154.9 13154.9 13154.9
0 0 1 0 0 1.00019 0 0 0 0 0 -0.00165926 -0 0 0 -0 0 0 0 0 0 0 0 0 0 0 0 0 0 1 13154.8 13154.8 13154.8 13154.8
0 0 1 0 0 1.00018 0 0 0 0 0 -0.00162898 -0 0 0 -0 0 0 0 0 0 0 0 0 0 0 0 0 0 1 13154.8 13154.8 13154.8 13154.8
0 0 1 0 0 1.00017 0 0 0 0 0 -0.00159895 -0 0 0 -0 0 0 0 0 0 0 0 0 0 0 0 0 0 1 13154.7 13154.7 13154.7 13154.7
0 0 1 0 0 1.00017 0 0 0 0 0 -0.0015693 -0 0 0 -0 0 0 0 0 0 0 0 0 0 0 0 0 0 1 13154.7 13154.7 13154.7 13154.7
0 0 1 0 0 1.00016 0 0 0 0 0 -0.00154025 -0 0 0 -0 0 0 0 0 0 0 0 0 0 0 0 0 0 1 13154.6 13154.6 13154.6 13154.6
0 0 1 0 0 1.00015 0 0 0 0 0 -0.0015112 -0 0 0 -0 0 0 0 0 0 0 0 0 0 0 0 0 0 1 13154.6 13154.6 13154.6 13154.6
0 0 1 0 0 1.00014 0 0 0 0 0 -0.00148275 -0 0 0 -0 0 0 0 0 0 0 0 0 0 0 0 0 0 1 13154.5 13154.5 13154.5 13154.5
0 0 1 0 0 1.00014 0 0 0 0 0 -0.00145463 -0 0 0 -0 0 0 0 0 0 0 0 0 0 0 0 0 0 1 13154.5 13154.5 13154.5 13154.5
0 0 1 0 0 1.00013 0 0 0 0 0 -0.00142677 -0 0 0 -0 0 0 0 0 0 0 0 0 0 0 0 0 0 1 13154.4 13154.4 13154.4 13154.4
0 0 1 0 0 1.00012 0 0 0 0 0 -0.0013992 -0 0 0 -0 0 0 0 0 0 0 0 0 0 0 0 0 0 1 13154.4 13154.4 13154.4 13154.4
0 0 1 0 0 1.00011 0 0 0 0 0 -0.0013716 -0 0 0 -0 0 0 0 0 0 0 0 0 0 0 0 0 0 1 13154.3 13154.3 13154.3 13154.3
0 0 1 0 0 1.00011 0 0 0 0 0 -0.00134509 -0 0 0 -0 0 0 0 0 0 0 0 0 0 0 0 0 0 1 13154.3 13154.3 13154.3 13154.3
0 0 1 0 0 1.0001 0 0 0 0 0 -0.00131874 -0 0 0 -0 0 0 0 0 0 0 0 0 0 0 0 0 0 1 13154.3 13154.3 13154.3 13154.3
0 0 1 0 0 1.00009 0 0 0 0 0 -0.00129243 -0 0 0 -0 0 0 0 0 0 0 0 0 0 0 0 0 0 1 13154.2 13154.2 13154.2 13154.2
0 0 1 0 0 1.00009 0 0 0 0 0 -0.0012664 -0 0 0 -0 0 0 0 0 0 0 0 0 0 0 0 0 0 1 13154.2 13154.2 13154.2 13154.2
0 0 1 0 0 1.00008 0 0 0 0 0 -0.00124085 -0 0 0 -0 0 0 0 0 0 0 0 0 0 0 0 0 0 1 13154.1 13154.1 13154.1 13154.1
0 0 1 0 0 1.00008 0 0 0 0 0 -0.00121607 -0 0 0 -0 0 0 0 0 0 0 0 0 0 0 0 0 0 1 13154.1 13154.1 13154.1 13154.1
0 0 1 0 0 1.00007 0 0 0 0 0 -0.00119105 -0 0 0 -0 0 0 0 0 0 0 0 0 0 0 0 0 0 1 13154 13154 13154 13154
0 0 1 0 0 1.00006 0 0 0 0 0 -0.00116655 -0 0 0 -0 0 0 0 0 0 0 0 0 0 0 0 0 0 1 13154 13154 13154 13154
0 0 1 0 0 1.00006 0 0 0 0 0 -0.00114199 -0 0 0 -0 0 0 0 0 0 0 0 0 0 0 0 0 0 1 13154 13154 13154 13154
0 0 1 0 0 1.00005 0 0 0 0 0 -0.00111851 -0 0 0 -0 0 0 0 0 0 0 0 0 0 0 0 0 0 1 13153.9 13153.9 13153.9 13153.9
0 0 1 0 0 1.00005 0 0 0 0 0 -0.00109476 -0 0 0 -0 0 0 0 0 0 0 0 0 0 0 0 0 0 1 13153.9 13153.9 13153.9 13153.9
0 0 1 0 0 1.00004 0 0 0 0 0 -0.00107147 -0 0 0 -0 0 0 0 0 0 0 0 0 0 0 0 0 0 1 13153.8 13153.8 13153.8 13153.8
0 0 1 0 0 1.00003 0 0 0 0 0 -0.00104825 -0 0 0 -0 0 0 0 0 0 0 0 0 0 0 0 0 0 1 13153.8 13153.8 13153.8 13153.8
0 0 1 0 0 1.00003 0 0 0 0 0 -0.00102598 -0 0 0 -0 0 0 0 0 0 0 0 0 0 0 0 0 0 1 13153.8 13153.8 13153.8 13153.8
0 0 1 0 0 1.00002 0 0 0 0 0 -0.0010036 -0 0 0 -0 0 0 0 0 0 0 0 0 0 0 0 0 0 1 13153.7 13153.7 13153.7 13153.7
0 0 1 0 0 1.00002 0 0 0 0 0 -0.00098116 -0 0 0 -0 0 0 0 0 0 0 0 0 0 0 0 0 0 1 13153.7 13153.7 13153.7 13153.7
0 0 1 0 0 1.00001 0 0 0 0 0 -0.000959352 -0 0 0 -0 0 0 0 0 0 0 0 0 0 0 0 0 0 1 13153.6 13153.6 13153.6 13153.6
0 0 1 0 0 1.00001 0 0 0 0 0 -0.000938467 -0 0 0 -0 0 0 0 0 0 0 0 0 0 0 0 0 0 1 13153.6 13153.6 13153.6 13153.6
0 0 1 0 0 1.00001 0 0 0 0 0 -0.00091708 -0 0 0 -0 0 0 0 0 0 0 0 0 0 0 0 0 0 1 13153.6 13153.6 13153.6 13153.6
0 0 1 0 0 1 0 0 0 0 0 -0.000896139 -0 0 0 -0 0 0 0 0 0 0 0 0 0 0 0 0 0 1 13153.5 13153.5 13153.5 13153.5
0 0 1 0 0 0.999996 0 0 0 0 0 -0.000875535 -0 0 0 -0 0 0 0 0 0 0 0 0 0 0 0 0 0 1 13153.5 13153.5 13153.5 13153.5
0 0 1 0 0 0.999992 0 0 0 0 0 -0.00085533 -0 0 0 -0 0 0 0 0 0 0 0 0 0 0 0 0 0 1 13153.4 13153.4 13153.4 13153.4
0 0 1 0 0 0.999988 0 0 0 0 0 -0.000835359 -0 0 0 -0 0 0 0 0 0 0 0 0 0 0 0 0 0 1 13153.4 13153.4 13153.4 13153.4
0 0 1 0 0 0.999983 0 0 0 0 0 -0.000815507 -0 0 0 -0 0 0 0 0 0 0 0 0 0 0 0 0 0 1 13153.4 13153.4 13153.4 13153.4
0 0 1 0 0 0.999979 0 0 0 0 0 -0.00079616 -0 0 0 -0 0 0 0 0 0 0 0 0 0 0 0 0 0 1 13153.3 13153.3 13153.3 13153.3
0 0 1 0 0 0.999975 0 0 0 0 0 -0.000776972 -0 0 0 -0 0 0 0 0 0 0 0 0 0 0 0 0 0 1 13153.3 13153.3 13153.3 13153.3
0 0 1 0 0 0.999971 0 0 0 0 0 -0.000758119 -0 0 0 -0 0 0 0 0 0 0 0 0 0 0 0 0 0 1 13153.2 13153.2 13153.2 13153.2
0 0 1 0 0 0.999968 0 0 0 0 0 -0.000739491 -0 0 0 -0 0 0 0 0 0 0 0 0 0 0 0 0 0 1 13153.2 13153.2 13153.2 13153.2
0 0 1 0 0 0.999964 0 0 0 0 0 -0.000721158 -0 0 0 -0 0 0 0 0 0 0 0 0 0 0 0 0 0 1 13153.2 13153.2 13153.2 13153.2
0 0 1 0 0 0.99996 0 0 0 0 0 -0.000703114 -0 0 0 -0 0 0 0 0 0 0 0 0 0 0 0 0 0 1 13153.1 13153.1 13153.1 13153.1
0 0 1 0 0 0.999957 0 0 0 0 0 -0.000685208 -0 0 0 -0 0 0 0 0 0 0 0 0 0 0 0 0 0 1 13153.1 13153.1 13153.1 13153.1
0 0 1 0 0 0.999953 0 0 0 0 0 -0.000667623 -0 0 0 -0 0 0 0 0 0 0 0 0 0 0 0 0 0 1 13153.1 13153.1 13153.1 13153.1
0 0 1 0 0 0.99995 0 0 0 0 0 -0.000650388 -0 0 0 -0 0 0 0 0 0 0 0 0 0 0 0 0 0 1 13153 13153 13153 13153
0 0 1 0 0 0.999947 0 0 0 0 0 -0.00063337 -0 0 0 -0 0 0 0 0 0 0 0 0 0 0 0 0 0 1 13153 13153 13153 13153
0 0 1 0 0 0.999944 0 0 0 0 0 -0.000616534 -0 0 0 -0 0 0 0 0 0 0 0 0 0 0 0 0 0 1 13153 13153 13153 13153
0 0 1 0 0 0.99994 0 0 0 0 0 -0.000600042 -0 0 0 -0 0 0 0 0 0 0 0 0 0 0 0 0 0 1 13152.9 13152.9 13152.9 13152.9
0 0 1 0 0 0.999938 0 0 0 0 0 -0.000583838 -0 0 0 -0 0 0 0 0 0 0 0 0 0 0 0 0 0 1 13152.9 13152.9 13152.9 13152.9
0 0 1 0 0 0.999935 0 0 0 0 0 -0.000567841 -0 0 0 -0 0 0 0 0 0 0 0 0 0 0 0 0 0 1 13152.9 13152.9 13152.9 13152.9
0 0 1 0 0 0.999932 0 0 0 0 0 -0.00055202 -0 0 0 -0 0 0 0 0 0 0 0 0 0 0 0 0 0 1 13152.8 13152.8 13152.8 13152.8
0 0 1 0 0 0.999929 0 0 0 0 0 -0.000536522 -0 0 0 -0 0 0 0 0 0 0 0 0 0 0 0 0 0 1 13152.8 13152.8 13152.8 13152.8
0 0 1 0 0 0.999926 0 0 0 0 0 -0.000521179 -0 0 0 -0 0 0 0 0 0 0 0 0 0 0 0 0 0 1 13152.8 13152.8 13152.8 13152.8
0 0 1 0 0 0.999924 0 0 0 0 0 -0.000506216 -0 0 0 -0 0 0 0 0 0 0 0 0 0 0 0 0 0 1 13152.7 13152.7 13152.7 13152.7
0 0 1 0 0 0.999921 0 0 0 0 0 -0.000491436 -0 0 0 -0 0 0 0 0 0 0 0 0 0 0 0 0 0 1 13152.7 13152.7 13152.7 13152.7
0 0 1 0 0 0.999919 0 0 0 0 0 -0.000476882 -0 0 0 -0 0 0 0 0 0 0 0 0 0 0 0 0 0 1 13152.7 13152.7 13152.7 13152.7
0 0 1 0 0 0.999916 0 0 0 0 0 -0.000462528 -0 0 0 -0 0 0 0 0 0 0 0 0 0 0 0 0 0 1 13152.6 13152.6 13152.6 13152.6
0 0 1 0 0 0.999914 0 0 0 0 0 -0.000448442 -0 0 0 -0 0 0 0 0 0 0 0 0 0 0 0 0 0 1 13152.6 13152.6 13152.6 13152.6
0 0 1 0 0 0.999912 0 0 0 0 0 -0.000434519 -0 0 0 -0 0 0 0 0 0 0 0 0 0 0 0 0 0 1 13152.6 13152.6 13152.6 13152.6
0 0 1 0 0 0.99991 0 0 0 0 0 -0.000420941 -0 0 0 -0 0 0 0 0 0 0 0 0 0 0 0 0 0 1 13152.6 13152.6 13152.6 13152.6
0 0 1 0 0 0.999907 0 0 0 0 0 -0.000407479 -0 0 0 -0 0 0 0 0 0 0 0 0 0 0 0 0 0 1 13152.5 13152.5 13152.5 13152.5
0 0 1 0 0 0.999905 0 0 0 0 0 -0.000394366 -0 0 0 -0 0 0 0 0 0 0 0 0 0 0 0 0 0 1 13152.5 13152.5 13152.5 13152.5
0 0 1 0 0 0.999903 0 0 0 0 0 -0.00038134 -0 0 0 -0 0 0 0 0 0 0 0 0 0 0 0 0 0 1 13152.5 13152.5 13152.5 13152.5
0 0 1 0 0 0.999902 0 0 0 0 0 -0.000368513 -0 0 0 -0 0 0 0 0 0 0 0 0 0 0 0 0 0 1 13152.4 13152.4 13152.4 13152.4
0 0 1 0 0 0.9999 0 0 0 0 0 -0.000356034 -0 0 0 -0 0 0 0 0 0 0 0 0 0 0 0 0 0 1 13152.4 13152.4 13152.4 13152.4
0 0 1 0 0 0.999898 0 0 0 0 0 -0.000343724 -0 0 0 -0 0 0 0 0 0 0 0 0 0 0 0 0 0 1 13152.4 13152.4 13152.4 13152.4
0 0 1 0 0 0.999896 0 0 0 0 0 -0.000331483 -0 0 0 -0 0 0 0 0 0 0 0 0 0 0 0 0 0 1 13152.3 13152.3 13152.3 13152.3
0 0 1 0 0 0.999895 0 0 0 0 0 -0.000319638 -0 0 0 -0 0 0 0 0 0 0 0 0 0 0 0 0 0 1 13152.3 13152.3 13152.3 13152.3
0 0 1 0 0 0.999893 0 0 0 0 0 -0.000307946 -0 0 0 -0 0 0 0 0 0 0 0 0 0 0 0 0 0 1 13152.3 13152.3 13152.3 13152.3
0 0 1 0 0 0.999891 0 0 0 0 0 -0.000296444 -0 0 0 -0 0 0 0 0 0 0 0 0 0 0 0 0 0 1 13152.3 13152.3 13152.3 13152.3
0 0 1 0 0 0.99989 0 0 0 0 0 -0.000285154 -0 0 0 -0 0 0 0 0 0 0 0 0 0 0 0 0 0 1 13152.2 13152.2 13152.2 13152.2
0 0 1 0 0 0.999889 0 0 0 0 0 -0.000274055 -0 0 0 -0 0 0 0 0 0 0 0 0 0 0 0 0 0 1 13152.2 13152.2 13152.2 13152.2
0 0 1 0 0 0.999887 0 0 0 0 0 -0.000263093 -0 0 0 -0 0 0 0 0 0 0 0 0 0 0 0 0 0 1 13152.2 13152.2 13152.2 13152.2
0 0 1 0 0 0.999886 0 0 0 0 0 -0.00025233 -0 0 0 -0 0 0 0 0 0 0 0 0 0 0 0 0 0 1 13152.2 13152.2 13152.2 13152.2
0 0 1 0 0 0.999885 0 0 0 0 0 -0.000241876 -0 0 0 -0 0 0 0 0 0 0 0 0 0 0 0 0 0 1 13152.1 13152.1 13152.1 13152.1
0 0 1 0 0 0.999883 0 0 0 0 0 -0.000231548 -0 0 0 -0 0 0 0 0 0 0 0 0 0 0 0 0 0 1 13152.1 13152.1 13152.1 13152.1
0 0 1 0 0 0.999882 0 0 0 0 0 -0.000221355 -0 0 0 -0 0 0 0 0 0 0 0 0 0 0 0 0 0 1 13152.1 13152.1 13152.1 13152.1
0 0 1 0 0 0.999881 0 0 0 0 0 -0.000211465 -0 0 0 -0 0 0 0 0 0 0 0 0 0 0 0 0 0 1 13152.1 13152.1 13152.1 13152.1
0 0 1 0 0 0.99988 0 0 0 0 0 -0.000201663 -0 0 0 -0 0 0 0 0 0 0 0 0 0 0 0 0 0 1 13152 13152 13152 13152
0 0 1 0 0 0.999879 0 0 0 0 0 -0.000192097 -0 0 0 -0 0 0 0 0 0 0 0 0 0 0 0 0 0 1 13152 13152 13152 13152
0 0 1 0 0 0.999878 0 0 0 0 0 -0.000182676 -0 0 0 -0 0 0 0 0 0 0 0 0 0 0 0 0 0 1 13152 13152 13152 13152
0 0 1 0 0 0.999877 0 0 0 0 0 -0.000173407 -0 0 0 -0 0 0 0 0 0 0 0 0 0 0 0 0 0 1 13152 13152 13152 13152
0 0 1 0 0 0.999876 0 0 0 0 0 -0.000164304 -0 0 0 -0 0 0 0 0 0 0 0 0 0 0 0 0 0 1 13151.9 13151.9 13151.9 13151.9
0 0 1 0 0 0.999875 0 0 0 0 0 -0.00015542 -0 0 0 -0 0 0 0 0 0 0 0 0 0 0 0 0 0 1 13151.9 13151.9 13151.9 13151.9
0 0 1 0 0 0.999875 0 0 0 0 0 -0.000146726 -0 0 0 -0 0 0 0 0 0 0 0 0 0 0 0 0 0 1 13151.9 13151.9 13151.9 13151.9
0 0 1 0 0 0.999874 0 0 0 0 0 -0.000138216 -0 0 0 -0 0 0 0 0 0 0 0 0 0 0 0 0 0 1 13151.9 13151.9 13151.9 13151.9
0 0 1 0 0 0.999873 0 0 0 0 0 -0.000129776 -0 0 0 -0 0 0 0 0 0 0 0 0 0 0 0 0 0 1 13151.9 13151.9 13151.9 13151.9
0 0 1 0 0 0.999873 0 0 0 0 0 -0.000121596 -0 0 0 -0 0 0 0 0 0 0 0 0 0 0 0 0 0 1 13151.8 13151.8 13151.8 13151.8
0 0 1 0 0 0.999872 0 0 0 0 0 -0.000113529 -0 0 0 -0 0 0 0 0 0 0 0 0 0 0 0 0 0 1 13151.8 13151.8 13151.8 13151.8
0 0 1 0 0 0.999871 0 0 0 0 0 -0.000105647 -0 0 0 -0 0 0 0 0 0 0 0 0 0 0 0 0 0 1 13151.8 13151.8 13151.8 13151.8
0 0 1 0 0 0.999871 0 0 0 0 0 -9.78486e-05 -0 0 0 -0 0 0 0 0 0 0 0 0 0 0 0 0 0 1 13151.8 13151.8 13151.8 13151.8
0 0 1 0 0 0.99987 0 0 0 0 0 -9.02733e-05 -0 0 0 -0 0 0 0 0 0 0 0 0 0 0 0 0 0 1 13151.7 13151.7 13151.7 13151.7
0 0 1 0 0 0.99987 0 0 0 0 0 -8.28469e-05 -0 0 0 -0 0 0 0 0 0 0 0 0 0 0 0 0 0 1 13151.7 13151.7 13151.7 13151.7
0 0 1 0 0 0.99987 0 0 0 0 0 -7.55193e-05 -0 0 0 -0 0 0 0 0 0 0 0 0 0 0 0 0 0 1 13151.7 13151.7 13151.7 13151.7
0 0 1 0 0 0.999869 0 0 0 0 0 -6.84254e-05 -0 0 0 -0 0 0 0 0 0 0 0 0 0 0 0 0 0 1 13151.7 13151.7 13151.7 13151.7
0 0 1 0 0 0.999869 0 0 0 0 0 -6.14572e-05 -0 0 0 -0 0 0 0 0 0 0 0 0 0 0 0 0 0 1 13151.7 13151.7 13151.7 13151.7
0 0 1 0 0 0.999869 0 0 0 0 0 -5.46399e-05 -0 0 0 -0 0 0 0 0 0 0 0 0 0 0 0 0 0 1 13151.6 13151.6 13151.6 13151.6
0 0 1 0 0 0.999868 0 0 0 0 0 -4.79446e-05 -0 0 0 -0 0 0 0 0 0 0 0 0 0 0 0 0 0 1 13151.6 13151.6 13151.6 13151.6
0 0 1 0 0 0.999868 0 0 0 0 0 -4.13762e-05 -0 0 0 -0 0 0 0 0 0 0 0 0 0 0 0 0 0 1 13151.6 13151.6 13151.6 13151.6
0 0 1 0 0 0.999868 0 0 0 0 0 -3.49928e-05 -0 0 0 -0 0 0 0 0 0 0 0 0 0 0 0 0 0 1 13151.6 13151.6 13151.6 13151.6
0 0 1 0 0 0.999868 0 0 0 0 0 -2.87041e-05 -0 0 0 -0 0 0 0 0 0 0 0 0 0 0 0 0 0 1 13151.6 13151.6 13151.6 13151.6
0 0 1 0 0 0.999868 0 0 0 0 0 -2.25833e-05 -0 0 0 -0 0 0 0 0 0 0 0 0 0 0 0 0 0 1 13151.6 13151.6 13151.6 13151.6
0 0 1 0 0 0.999867 0 0 0 0 0 -1.65693e-05 -0 0 0 -0 0 0 0 0 0 0 0 0 0 0 0 0 0 1 13151.5 13151.5 13151.5 13151.5
0 0 1 0 0 0.999867 0 0 0 0 0 -1.0708e-05 -0 0 0 -0 0 0 0 0 0 0 0 0 0 0 0 0 0 1 13151.5 13151.5 13151.5 13151.5
0 0 1 0 0 0.999867 0 0 0 0 0 -5.00052e-06 -0 0 0 -0 0 0 0 0 0 0 0 0 0 0 0 0 0 1 13151.5 13151.5 13151.5 13151.5
0 0 1 0 0 0.999867 0 0 0 0 0 6.02666e-07 -0 0 0 -0 0 0 0 0 0 0 0 0 0 0 0 0 0 1 13151.5 13151.5 13151.5 13151.5
0 0 1 0 0 0.999867 0 0 0 0 0 6.10349e-06 -0 0 0 -0 0 0 0 0 0 0 0 0 0 0 0 0 0 1 13151.5 13151.5 13151.5 13151.5
0 0 1 0 0 0.999867 0 0 0 0 0 1.14293e-05 -0 0 0 -0 0 0 0 0 0 0 0 0 0 0 0 0 0 1 13151.5 13151.5 13151.5 13151.5
0 0 1 0 0 0.999867 0 0 0 0 0 1.66492e-05 -0 0 0 -0 0 0 0 0 0 0 0 0 0 0 0 0 0 1 13151.4 13151.4 13151.4 13151.4
0 0 1 0 0 0.999867 0 0 0 0 0 2.18028e-05 -0 0 0 -0 0 0 0 0 0 0 0 0 0 0 0 0 0 1 13151.4 13151.4 13151.4 13151.4
0 0 1 0 0 0.999868 0 0 0 0 0 2.67707e-05 -0 0 0 -0 0 0 0 0 0 0 0 0 0 0 0 0 0 1 13151.4 13151.4 13151.4 13151.4
0 0 1 0 0 0.999868 0 0 0 0 0 3.16009e-05 -0 0 0 -0 0 0 0 0 0 0 0 0 0 0 0 0 0 1 13151.4 13151.4 13151.4 13151.4
0 0 1 0 0 0.999868 0 0 0 0 0 3.63444e-05 -0 0 0 -0 0 0 0 0 0 0 0 0 0 0 0 0 0 1 13151.4 13151.4 13151.4 13151.4
0 0 1 0 0 0.999868 0 0 0 0 0 4.0955e-05 -0 0 0 -0 0 0 0 0 0 0 0 0 0 0 0 0 0 1 13151.4 13151.4 13151.4 13151.4
0 0 1 0 0 0.999868 0 0 0 0 0 4.54713e-05 -0 0 0 -0 0 0 0 0 0 0 0 0 0 0 0 0 0 1 13151.3 13151.3 13151.3 13151.3
0 0 1 0 0 0.999868 0 0 0 0 0 4.98853e-05 -0 0 0 -0 0 0 0 0 0 0 0 0 0 0 0 0 0 1 13151.3 13151.3 13151.3 13151.3
0 0 1 0 0 0.999869 0 0 0 0 0 5.4183e-05 -0 0 0 -0 0 0 0 0 0 0 0 0 0 0 0 0 0 1 13151.3 13151.3 13151.3 13151.3
0 0 1 0 0 0.999869 0 0 0 0 0 5.83447e-05 -0 0 0 -0 0 0 0 0 0 0 0 0 0 0 0 0 0 1 13151.3 13151.3 13151.3 13151.3
0 0 1 0 0 0.999869 0 0 0 0 0 6.2434e-05 -0 0 0 -0 0 0 0 0 0 0 0 0 0 0 0 0 0 1 13151.3 13151.3 13151.3 13151.3
0 0 1 0 0 0.99987 0 0 0 0 0 6.63963e-05 -0 0 0 -0 0 0 0 0 0 0 0 0 0 0 0 0 0 1 13151.3 13151.3 13151.3 13151.3
0 0 1 0 0 0.99987 0 0 0 0 0 7.02609e-05 -0 0 0 -0 0 0 0 0 0 0 0 0 0 0 0 0 0 1 13151.3 13151.3 13151.3 13151.3
0 0 1 0 0 0.99987 0 0 0 0 0 7.40318e-05 -0 0 0 -0 0 0 0 0 0 0 0 0 0 0 0 0 0 1 13151.2 13151.2 13151.2 13151.2
0 0 1 0 0 0.999871 0 0 0 0 0 7.76917e-05 -0 0 0 -0 0 0 0 0 0 0 0 0 0 0 0 0 0 1 13151.2 13151.2 13151.2 13151.2
0 0 1 0 0 0.999871 0 0 0 0 0 8.1243e-05 -0 0 0 -0 0 0 0 0 0 0 0 0 0 0 0 0 0 1 13151.2 13151.2 13151.2 13151.2
0 0 1 0 0 0.999871 0 0 0 0 0 8.47093e-05 -0 0 0 -0 0 0 0 0 0 0 0 0 0 0 0 0 0 1 13151.2 13151.2 13151.2 13151.2
0 0 1 0 0 0.999872 0 0 0 0 0 8.80673e-05 -0 0 0 -0 0 0 0 0 0 0 0 0 0 0 0 0 0 1 13151.2 13151.2 13151.2 13151.2
0 0 1 0 0 0.999872 0 0 0 0 0 9.13515e-05 -0 0 0 -0 0 0 0 0 0 0 0 0 0 0 0 0 0 1 13151.2 13151.2 13151.2 13151.2
0 0 1 0 0 0.999873 0 0 0 0 0 9.45225e-05 -0 0 0 -0 0 0 0 0 0 0 0 0 0 0 0 0 0 1 13151.2 13151.2 13151.2 13151.2
0 0 1 0 0 0.999873 0 0 0 0 0 9.76036e-05 -0 0 0 -0 0 0 0 0 0 0 0 0 0 0 0 0 0 1 13151.2 13151.2 13151.2 13151.2
0 0 1 0 0 0.999874 0 0 0 0 0 0.000100603 -0 0 0 -0 0 0 0 0 0 0 0 0 0 0 0 0 0 1 13151.1 13151.1 13151.1 13151.1
0 0 1 0 0 0.999874 0 0 0 0 0 0.00010352 -0 0 0 -0 0 0 0 0 0 0 0 0 0 0 0 0 0 1 13151.1 13151.1 13151.1 13151.1
0 0 1 0 0 0.999875 0 0 0 0 0 0.000106336 -0 0 0 -0 0 0 0 0 0 0 0 0 0 0 0 0 0 1 13151.1 13151.1 13151.1 13151.1
0 0 1 0 0 0.999875 0 0 0 0 0 0.000109068 -0 0 0 -0 0 0 0 0 0 0 0 0 0 0 0 0 0 1 13151.1 13151.1 13151.1 13151.1
0 0 1 0 0 0.999876 0 0 0 0 0 0.000111715 -0 0 0 -0 0 0 0 0 0 0 0 0 0 0 0 0 0 1 13151.1 13151.1 13151.1 13151.1
0 0 1 0 0 0.999876 0 0 0 0 0 0.000114274 -0 0 0 -0 0 0 0 0 0 0 0 0 0 0 0 0 0 1 13151.1 13151.1 13151.1 13151.1
0 0 1 0 0 0.999877 0 0 0 0 0 0.000116758 -0 0 0 -0 0 0 0 0 0 0 0 0 0 0 0 0 0 1 13151.1 13151.1 13151.1 13151.1
0 0 1 0 0 0.999877 0 0 0 0 0 0.000119162 -0 0 0 -0 0 0 0 0 0 0 0 0 0 0 0 0 0 1 13151.1 13151.1 13151.1 13151.1
0 0 1 0 0 0.999878 0 0 0 0 0 0.000121481 -0 0 0 -0 0 0 0 0 0 0 0 0 0 0 0 0 0 1 13151.1 13151.1 13151.1 13151.1
0 0 1 0 0 0.999879 0 0 0 0 0 0.000123726 -0 0 0 -0 0 0 0 0 0 0 0 0 0 0 0 0 0 1 13151 13151 13151 13151
0 0 1 0 0 0.999879 0 0 0 0 0 0.000125883 -0 0 0 -0 0 0 0 0 0 0 0 0 0 0 0 0 0 1 13151 13151 13151 13151
0 0 1 0 0 0.99988 0 0 0 0 0 0.000127987 -0 0 0 -0 0 0 0 0 0 0 0 0 0 0 0 0 0 1 13151 13151 13151 13151
0 0 1 0 0 0.999881 0 0 0 0 0 0.000129999 -0 0 0 -0 0 0 0 0 0 0 0 0 0 0 0 0 0 1 13151 13151 13151 13151
0 0 1 0 0 0.999881 0 0 0 0 0 0.000131947 -0 0 0 -0 0 0 0 0 0 0 0 0 0 0 0 0 0 1 13151 13151 13151 13151
0 0 1 0 0 0.999882 0 0 0 0 0 0.000133824 -0 0 0 -0 0 0 0 0 0 0 0 0 0 0 0 0 0 1 13151 13151 13151 13151
0 0 1 0 0 0.999883 0 0 0 0 0 0.000135629 -0 0 0 -0 0 0 0 0 0 0 0 0 0 0 0 0 0 1 13151 13151 13151 13151
0 0 1 0 0 0.999883 0 0 0 0 0 0.000137355 -0 0 0 -0 0 0 0 0 0 0 0 0 0 0 0 0 0 1 13151 13151 13151 13151
0 0 1 0 0 0.999884 0 0 0 0 0 0.000139026 -0 0 0 -0 0 0 0 0 0 0 0 0 0 0 0 0 0 1 13151 13151 13151 13151
0 0 1 0 0 0.999885 0 0 0 0 0 0.000140624 -0 0 0 -0 0 0 0 0 0 0 0 0 0 0 0 0 0 1 13151 13151 13151 13151
0 0 1 0 0 0.999885 0 0 0 0 0 0.000142162 -0 0 0 -0 0 0 0 0 0 0 0 0 0 0 0 0 0 1 13150.9 13150.9 13150.9 13150.9
0 0 1 0 0 0.999886 0 0 0 0 0 0.000143623 -0 0 0 -0 0 0 0 0 0 0 0 0 0 0 0 0 0 1 13150.9 13150.9 13150.9 13150.9
0 0 1 0 0 0.999887 0 0 0 0 0 0.000145036 -0 0 0 -0 0 0 0 0 0 0 0 0 0 0 0 0 0 1 13150.9 13150.9 13150.9 13150.9
0 0 1 0 0 0.999887 0 0 0 0 0 0.000146381 -0 0 0 -0 0 0 0 0 0 0 0 0 0 0 0 0 0 1 13150.9 13150.9 13150.9 13150.9
0 0 1 0 0 0.999888 0 0 0 0 0 0.000147661 -0 0 0 -0 0 0 0 0 0 0 0 0 0 0 0 0 0 1 13150.9 13150.9 13150.9 13150.9
0 0 1 0 0 0.999889 0 0 0 0 0 0.000148885 -0 0 0 -0 0 0 0 0 0 0 0 0 0 0 0 0 0 1 13150.9 13150.9 13150.9 13150.9
0 0 1 0 0 0.99989 0 0 0 0 0 0.000150049 -0 0 0 -0 0 0 0 0 0 0 0 0 0 0 0 0 0 1 13150.9 13150.9 13150.9 13150.9
0 0 1 0 0 0.99989 0 0 0 0 0 0.000151155 -0 0 0 -0 0 0 0 0 0 0 0 0 0 0 0 0 0 1 13150.9 13150.9 13150.9 13150.9
0 0 1 0 0 0.999891 0 0 0 0 0 0.00015221 -0 0 0 -0 0 0 0 0 0 0 0 0 0 0 0 0 0 1 13150.9 13150.9 13150.9 13150.9
0 0 1 0 0 0.999892 0 0 0 0 0 0.000153205 -0 0 0 -0 0 0 0 0 0 0 0 0 0 0 0 0 0 1 13150.9 13150.9 13150.9 13150.9
0 0 1 0 0 0.999893 0 0 0 0 0 0.00015415 -0 0 0 -0 0 0 0 0 0 0 0 0 0 0 0 0 0 1 13150.9 13150.9 13150.9 13150.9
0 0 1 0 0 0.999893 0 0 0 0 0 0.000155035 -0 0 0 -0 0 0 0 0 0 0 0 0 0 0 0 0 0 1 13150.9 13150.9 13150.9 13150.9
0 0 1 0 0 0.999894 0 0 0 0 0 0.000155872 -0 0 0 -0 0 0 0 0 0 0 0 0 0 0 0 0 0 1 13150.9 13150.9 13150.9 13150.9
0 0 1 0 0 0.999895 0 0 0 0 0 0.000156658 -0 0 0 -0 0 0 0 0 0 0 0 0 0 0 0 0 0 1 13150.9 13150.9 13150.9 13150.9
0 0 1 0 0 0.999896 0 0 0 0 0 0.000157387 -0 0 0 -0 0 0 0 0 0 0 0 0 0 0 0 0 0 1 13150.8 13150.8 13150.8 13150.8
0 0 1 0 0 0.999897 0 0 0 0 0 0.000158075 -0 0 0 -0 0 0 0 0 0 0 0 0 0 0 0 0 0 1 13150.8 13150.8 13150.8 13150.8
0 0 1 0 0 0.999897 0 0 0 0 0 0.000158714 -0 0 0 -0 0 0 0 0 0 0 0 0 0 0 0 0 0 1 13150.8 13150.8 13150.8 13150.8
0 0 1 0 0 0.999898 0 0 0 0 0 0.000159296 -0 0 0 -0 0 0 0 0 0 0 0 0 0 0 0 0 0 1 13150.8 13150.8 13150.8 13150.8
0 0 1 0 0 0.999899 0 0 0 0 0 0.000159844 -0 0 0 -0 0 0 0 0 0 0 0 0 0 0 0 0 0 1 13150.8 13150.8 13150.8 13150.8
0 0 1 0 0 0.9999 0 0 0 0 0 0.000160344 -0 0 0 -0 0 0 0 0 0 0 0 0 0 0 0 0 0 1 13150.8 13150.8 13150.8 13150.8
0 0 1 0 0 0.999901 0 0 0 0 0 0.000160802 -0 0 0 -0 0 0 0 0 0 0 0 0 0 0 0 0 0 1 13150.8 13150.8 13150.8 13150.8
0 0 1 0 0 0.999901 0 0 0 0 0 0.000161213 -0 0 0 -0 0 0 0 0 0 0 0 0 0 0 0 0 0 1 13150.8 13150.8 13150.8 13150.8
0 0 1 0 0 0.999902 0 0 0 0 0 0.000161583 -0 0 0 -0 0 0 0 0 0 0 0 0 0 0 0 0 0 1 13150.8 13150.8 13150.8 13150.8
0 0 1 0 0 0.999903 0 0 0 0 0 0.000161909 -0 0 0 -0 0 0 0 0 0 0 0 0 0 0 0 0 0 1 13150.8 13150.8 13150.8 13150.8
0 0 1 0 0 0.999904 0 0 0 0 0 0.000162191 -0 0 0 -0 0 0 0 0 0 0 0 0 0 0 0 0 0 1 13150.8 13150.8 13150.8 13150.8
0 0 1 0 0 0.999905 0 0 0 0 0 0.000162436 -0 0 0 -0 0 0 0 0 0 0 0 0 0 0 0 0 0 1 13150.8 13150.8 13150.8 13150.8
0 0 1 0 0 0.999905 0 0 0 0 0 0.000162639 -0 0 0 -0 0 0 0 0 0 0 0 0 0 0 0 0 0 1 13150.8 13150.8 13150.8 13150.8
0 0 1 0 0 0.999906 0 0 0 0 0 0.000162803 -0 0 0 -0 0 0 0 0 0 0 0 0 0 0 0 0 0 1 13150.8 13150.8 13150.8 13150.8
0 0 1 0 0 0.999907 0 0 0 0 0 0.000162932 -0 0 0 -0 0 0 0 0 0 0 0 0 0 0 0 0 0 1 13150.8 13150.8 13150.8 13150.8
0 0 1 0 0 0.999908 0 0 0 0 0 0.000163024 -0 0 0 -0 0 0 0 0 0 0 0 0 0 0 0 0 0 1 13150.8 13150.8 13150.8 13150.8
0 0 1 0 0 0.999909 0 0 0 0 0 0.000163081 -0 0 0 -0 0 0 0 0 0 0 0 0 0 0 0 0 0 1 13150.8 13150.8 13150.8 13150.8
0 0 1 0 0 0.99991 0 0 0 0 0 0.0001631 -0 0 0 -0 0 0 0 0 0 0 0 0 0 0 0 0 0 1 13150.8 13150.8 13150.8 13150.8
0 0 1 0 0 0.99991 0 0 0 0 0 0.000163091 -0 0 0 -0 0 0 0 0 0 0 0 0 0 0 0 0 0 1 13150.7 13150.7 13150.7 13150.7
0 0 1 0 0 0.999911 0 0 0 0 0 0.000163044 -0 0 0 -0 0 0 0 0 0 0 0 0 0 0 0 0 0 1 13150.7 13150.7 13150.7 13150.7
0 0 1 0 0 0.999912 0 0 0 0 0 0.000162969 -0 0 0 -0 0 0 0 0 0 0 0 0 0 0 0 0 0 1 13150.7 13150.7 13150.7 13150.7
0 0 1 0 0 0.999913 0 0 0 0 0 0.000162858 -0 0 0 -0 0 0 0 0 0 0 0 0 0 0 0 0 0 1 13150.7 13150.7 13150.7 13150.7
0 0 1 0 0 0.999914 0 0 0 0 0 0.000162718 -0 0 0 -0 0 0 0 0 0 0 0 0 0 0 0 0 0 1 13150.7 13150.7 13150.7 13150.7
0 0 1 0 0 0.999914 0 0 0 0 0 0.000162549 -0 0 0 -0 0 0 0 0 0 0 0 0 0 0 0 0 0 1 13150.7 13150.7 13150.7 13150.7
0 0 1 0 0 0.999915 0 0 0 0 0 0.00016235 -0 0 0 -0 0 0 0 0 0 0 0 0 0 0 0 0 0 1 13150.7 13150.7 13150.7 13150.7
0 0 1 0 0 0.999916 0 0 0 0 0 0.000162123 -0 0 0 -0 0 0 0 0 0 0 0 0 0 0 0 0 0 1 13150.7 13150.7 13150.7 13150.7
0 0 1 0 0 0.999917 0 0 0 0 0 0.000161866 -0 0 0 -0 0 0 0 0 0 0 0 0 0 0 0 0 0 1 13150.7 13150.7 13150.7 13150.7
0 0 1 0 0 0.999918 0 0 0 0 0 0.00016158 -0 0 0 -0 0 0 0 0 0 0 0 0 0 0 0 0 0 1 13150.7 13150.7 13150.7 13150.7
0 0 1 0 0 0.999918 0 0 0 0 0 0.000161265 -0 0 0 -0 0 0 0 0 0 0 0 0 0 0 0 0 0 1 13150.7 13150.7 13150.7 13150.7
0 0 1 0 0 0.999919 0 0 0 0 0 0.000160927 -0 0 0 -0 0 0 0 0 0 0 0 0 0 0 0 0 0 1 13150.7 13150.7 13150.7 13150.7
0 0 1 0 0 0.99992 0 0 0 0 0 0.000160561 -0 0 0 -0 0 0 0 0 0 0 0 0 0 0 0 0 0 1 13150.7 13150.7 13150.7 13150.7
0 0 1 0 0 0.999921 0 0 0 0 0 0.000160172 -0 0 0 -0 0 0 0 0 0 0 0 0 0 0 0 0 0 1 13150.7 13150.7 13150.7 13150.7
0 0 1 0 0 0.999922 0 0 0 0 0 0.000159762 -0 0 0 -0 0 0 0 0 0 0 0 0 0 0 0 0 0 1 13150.7 13150.7 13150.7 13150.7
0 0 1 0 0 0.999922 0 0 0 0 0 0.000159321 -0 0 0 -0 0 0 0 0 0 0 0 0 0 0 0 0 0 1 13150.7 13150.7 13150.7 13150.7
0 0 1 0 0 0.999923 0 0 0 0 0 0.000158861 -0 0 0 -0 0 0 0 0 0 0 0 0 0 0 0 0 0 1 13150.7 13150.7 13150.7 13150.7
0 0 1 0 0 0.999924 0 0 0 0 0 0.000158379 -0 0 0 -0 0 0 0 0 0 0 0 0 0 0 0 0 0 1 13150.7 13150.7 13150.7 13150.7
0 0 1 0 0 0.999925 0 0 0 0 0 0.000157875 -0 0 0 -0 0 0 0 0 0 0 0 0 0 0 0 0 0 1 13150.7 13150.7 13150.7 13150.7
0 0 1 0 0 0.999926 0 0 0 0 0 0.000157349 -0 0 0 -0 0 0 0 0 0 0 0 0 0 0 0 0 0 1 13150.7 13150.7 13150.7 13150.7
0 0 1 0 0 0.999926 0 0 0 0 0 0.000156799 -0 0 0 -0 0 0 0 0 0 0 0 0 0 0 0 0 0 1 13150.7 13150.7 13150.7 13150.7
0 0 1 0 0 0.999927 0 0 0 0 0 0.000156237 -0 0 0 -0 0 0 0 0 0 0 0 0 0 0 0 0 0 1 13150.7 13150.7 13150.7 13150.7
0 0 1 0 0 0.999928 0 0 0 0 0 0.000155649 -0 0 0 -0 0 0 0 0 0 0 0 0 0 0 0 0 0 1 13150.7 13150.7 13150.7 13150.7
0 0 1 0 0 0.999929 0 0 0 0 0 0.000155044 -0 0 0 -0 0 0 0 0 0 0 0 0 0 0 0 0 0 1 13150.7 13150.7 13150.7 13150.7
0 0 1 0 0 0.99993 0 0 0 0 0 0.000154423 -0 0 0 -0 0 0 0 0 0 0 0 0 0 0 0 0 0 1 13150.7 13150.7 13150.7 13150.7
0 0 1 0 0 0.99993 0 0 0 0 0 0.000153781 -0 0 0 -0 0 0 0 0 0 0 0 0 0 0 0 0 0 1 13150.7 13150.7 13150.7 13150.7
0 0 1 0 0 0.999931 0 0 0 0 0 0.00015312 -0 0 0 -0 0 0 0 0 0 0 0 0 0 0 0 0 0 1 13150.7 13150.7 13150.7 13150.7
0 0 1 0 0 0.999932 0 0 0 0 0 0.00015245 -0 0 0 -0 0 0 0 0 0 0 0 0 0 0 0 0 0 1 13150.7 13150.7 13150.7 13150.7
0 0 1 0 0 0.999933 0 0 0 0 0 0.000151761 -0 0 0 -0 0 0 0 0 0 0 0 0 0 0 0 0 0 1 13150.7 13150.7 13150.7 13150.7
0 0 1 0 0 0.999933 0 0 0 0 0 0.000151055 -0 0 0 -0 0 0 0 0 0 0 0 0 0 0 0 0 0 1 13150.7 13150.7 13150.7 13150.7
0 0 1 0 0 0.999934 0 0 0 0 0 0.000150315 -0 0 0 -0 0 0 0 0 0 0 0 0 0 0 0 0 0 1 13150.7 13150.7 13150.7 13150.7
0 0 1 0 0 0.999935 0 0 0 0 0 0.000149583 -0 0 0 -0 0 0 0 0 0 0 0 0 0 0 0 0 0 1 13150.7 13150.7 13150.7 13150.7
0 0 1 0 0 0.999936 0 0 0 0 0 0.000148829 -0 0 0 -0 0 0 0 0 0 0 0 0 0 0 0 0 0 1 13150.6 13150.6 13150.6 13150.6
0 0 1 0 0 0.999936 0 0 0 0 0 0.000148077 -0 0 0 -0 0 0 0 0 0 0 0 0 0 0 0 0 0 1 13150.6 13150.6 13150.6 13150.6
0 0 1 0 0 0.999937 0 0 0 0 0 0.000147304 -0 0 0 -0 0 0 0 0 0 0 0 0 0 0 0 0 0 1 13150.6 13150.6 13150.6 13150.6
0 0 1 0 0 0.999938 0 0 0 0 0 0.000146505 -0 0 0 -0 0 0 0 0 0 0 0 0 0 0 0 0 0 1 13150.6 13150.6 13150.6 13150.6
0 0 1 0 0 0.999939 0 0 0 0 0 0.000145714 -0 0 0 -0 0 0 0 0 0 0 0 0 0 0 0 0 0 1 13150.6 13150.6 13150.6 13150.6
0 0 1 0 0 0.999939 0 0 0 0 0 0.000144905 -0 0 0 -0 0 0 0 0 0 0 0 0 0 0 0 0 0 1 13150.6 13150.6 13150.6 13150.6
0 0 1 0 0 0.99994 0 0 0 0 0 0.000144079 -0 0 0 -0 0 0 0 0 0 0 0 0 0 0 0 0 0 1 13150.6 13150.6 13150.6 13150.6
0 0 1 0 0 0.999941 0 0 0 0 0 0.000143233 -0 0 0 -0 0 0 0 0 0 0 0 0 0 0 0 0 0 1 13150.6 13150.6 13150.6 13150.6
0 0 1 0 0 0.999941 0 0 0 0 0 0.000142396 -0 0 0 -0 0 0 0 0 0 0 0 0 0 0 0 0 0 1 13150.6 13150.6 13150.6 13150.6
0 0 1 0 0 0.999942 0 0 0 0 0 0.000141546 -0 0 0 -0 0 0 0 0 0 0 0 0 0 0 0 0 0 1 13150.6 13150.6 13150.6 13150.6
0 0 1 0 0 0.999943 0 0 0 0 0 0.000140672 -0 0 0 -0 0 0 0 0 0 0 0 0 0 0 0 0 0 1 13150.6 13150.6 13150.6 13150.6
0 0 1 0 0 0.999944 0 0 0 0 0 0.000139796 -0 0 0 -0 0 0 0 0 0 0 0 0 0 0 0 0 0 1 13150.6 13150.6 13150.6 13150.6
0 0 1 0 0 0.999944 0 0 0 0 0 0.000138914 -0 0 0 -0 0 0 0 0 0 0 0 0 0 0 0 0 0 1 13150.6 13150.6 13150.6 13150.6
0 0 1 0 0 0.999945 0 0 0 0 0 0.000138027 -0 0 0 -0 0 0 0 0 0 0 0 0 0 0 0 0 0 1 13150.6 13150.6 13150.6 13150.6
0 0 1 0 0 0.999946 0 0 0 0 0 0.000137122 -0 0 0 -0 0 0 0 0 0 0 0 0 0 0 0 0 0 1 13150.6 13150.6 13150.6 13150.6
0 0 1 0 0 0.999946 0 0 0 0 0 0.000136217 -0 0 0 -0 0 0 0 0 0 0 0 0 0 0 0 0 0 1 13150.6 13150.6 13150.6 13150.6
0 0 1 0 0 0.999947 0 0 0 0 0 0.000135302 -0 0 0 -0 0 0 0 0 0 0 0 0 0 0 0 0 0 1 13150.6 13150.6 13150.6 13150.6
0 0 1 0 0 0.999948 0 0 0 0 0 0.000134383 -0 0 0 -0 0 0 0 0 0 0 0 0 0 0 0 0 0 1 13150.6 13150.6 13150.6 13150.6
0 0 1 0 0 0.999948 0 0 0 0 0 0.000133453 -0 0 0 -0 0 0 0 0 0 0 0 0 0 0 0 0 0 1 13150.6 13150.6 13150.6 13150.6
0 0 1 0 0 0.999949 0 0 0 0 0 0.000132517 -0 0 0 -0 0 0 0 0 0 0 0 0 0 0 0 0 0 1 13150.6 13150.6 13150.6 13150.6
0 0 1 0 0 0.99995 0 0 0 0 0 0.000131577 -0 0 0 -0 0 0 0 0 0 0 0 0 0 0 0 0 0 1 13150.6 13150.6 13150.6 13150.6
0 0 1 0 0 0.99995 0 0 0 0 0 0.000130622 -0 0 0 -0 0 0 0 0 0 0 0 0 0 0 0 0 0 1 13150.6 13150.6 13150.6 13150.6
0 0 1 0 0 0.999951 0 0 0 0 0 0.000129669 -0 0 0 -0 0 0 0 0 0 0 0 0 0 0 0 0 0 1 13150.6 13150.6 13150.6 13150.6
0 0 1 0 0 0.999952 0 0 0 0 0 0.000128713 -0 0 0 -0 0 0 0 0 0 0 0 0 0 0 0 0 0 1 13150.6 13150.6 13150.6 13150.6
0 0 1 0 0 0.999952 0 0 0 0 0 0.000127747 -0 0 0 -0 0 0 0 0 0 0 0 0 0 0 0 0 0 1 13150.6 13150.6 13150.6 13150.6
0 0 1 0 0 0.999953 0 0 0 0 0 0.000126777 -0 0 0 -0 0 0 0 0 0 0 0 0 0 0 0 0 0 1 13150.6 13150.6 13150.6 13150.6
0 0 1 0 0 0.999954 0 0 0 0 0 0.000125805 -0 0 0 -0 0 0 0 0 0 0 0 0 0 0 0 0 0 1 13150.6 13150.6 13150.6 13150.6
0 0 1 0 0 0.999954 0 0 0 0 0 0.000124832 -0 0 0 -0 0 0 0 0 0 0 0 0 0 0 0 0 0 1 13150.6 13150.6 13150.6 13150.6
0 0 1 0 0 0.999955 0 0 0 0 0 0.000123851 -0 0 0 -0 0 0 0 0 0 0 0 0 0 0 0 0 0 1 13150.6 13150.6 13150.6 13150.6
0 0 1 0 0 0.999955 0 0 0 0 0 0.000122864 -0 0 0 -0 0 0 0 0 0 0 0 0 0 0 0 0 0 1 13150.6 13150.6 13150.6 13150.6
0 0 1 0 0 0.999956 0 0 0 0 0 0.00012188 -0 0 0 -0 0 0 0 0 0 0 0 0 0 0 0 0 0 1 13150.6 13150.6 13150.6 13150.6
0 0 1 0 0 0.999957 0 0 0 0 0 0.000120888 -0 0 0 -0 0 0 0 0 0 0 0 0 0 0 0 0 0 1 13150.6 13150.6 13150.6 13150.6
0 0 1 0 0 0.999957 0 0 0 0 0 0.000119889 -0 0 0 -0 0 0 0 0 0 0 0 0 0 0 0 0 0 1 13150.6 13150.6 13150.6 13150.6
0 0 1 0 0 0.999958 0 0 0 0 0 0.000118912 -0 0 0 -0 0 0 0 0 0 0 0 0 0 0 0 0 0 1 13150.6 13150.6 13150.6 13150.6
0 0 1 0 0 0.999958 0 0 0 0 0 0.000117915 -0 0 0 -0 0 0 0 0 0 0 0 0 0 0 0 0 0 1 13150.6 13150.6 13150.6 13150.6
0 0 1 0 0 0.999959 0 0 0 0 0 0.000116914 -0 0 0 -0 0 0 0 0 0 0 0 0 0 0 0 0 0 1 13150.6 13150.6 13150.6 13150.6
0 0 1 0 0 0.99996 0 0 0 0 0 0.000115916 -0 0 0 -0 0 0 0 0 0 0 0 0 0 0 0 0 0 1 13150.6 13150.6 13150.6 13150.6
0 0 1 0 0 0.99996 0 0 0 0 0 0.000114918 -0 0 0 -0 0 0 0 0 0 0 0 0 0 0 0 0 0 1 13150.6 13150.6 13150.6 13150.6
0 0 1 0 0 0.999961 0 0 0 0 0 0.000113911 -0 0 0 -0 0 0 0 0 0 0 0 0 0 0 0 0 0 1 13150.6 13150.6 13150.6 13150.6
0 0 1 0 0 0.999961 0 0 0 0 0 0.000112915 -0 0 0 -0 0 0 0 0 0 0 0 0 0 0 0 0 0 1 13150.6 13150.6 13150.6 13150.6
0 0 1 0 0 0.999962 0 0 0 0 0 0.000111911 -0 0 0 -0 0 0 0 0 0 0 0 0 0 0 0 0 0 1 13150.6 13150.6 13150.6 13150.6
0 0 1 0 0 0.999963 0 0 0 0 0 0.000110913 -0 0 0 -0 0 0 0 0 0 0 0 0 0 0 0 0 0 1 13150.6 13150.6 13150.6 13150.6
0 0 1 0 0 0.999963 0 0 0 0 0 0.000109912 -0 0 0 -0 0 0 0 0 0 0 0 0 0 0 0 0 0 1 13150.6 13150.6 13150.6 13150.6
0 0 1 0 0 0.999964 0 0 0 0 0 0.000108909 -0 0 0 -0 0 0 0 0 0 0 0 0 0 0 0 0 0 1 13150.6 13150.6 13150.6 13150.6
0 0 1 0 0 0.999964 0 0 0 0 0 0.000107911 -0 0 0 -0 0 0 0 0 0 0 0 0 0 0 0 0 0 1 13150.6 13150.6 13150.6 13150.6
0 0 1 0 0 0.999965 0 0 0 0 0 0.000106917 -0 0 0 -0 0 0 0 0 0 0 0 0 0 0 0 0 0 1 13150.6 13150.6 13150.6 13150.6
0 0 1 0 0 0.999965 0 0 0 0 0 0.000105918 -0 0 0 -0 0 0 0 0 0 0 0 0 0 0 0 0 0 1 13150.6 13150.6 13150.6 13150.6
0 0 1 0 0 0.999966 0 0 0 0 0 0.000104908 -0 0 0 -0 0 0 0 0 0 0 0 0 0 0 0 0 0 1 13150.6 13150.6 13150.6 13150.6
0 0 1 0 0 0.999966 0 0 0 0 0 0.000103913 -0 0 0 -0 0 0 0 0 0 0 0 0 0 0 0 0 0 1 13150.6 13150.6 13150.6 13150.6
0 0 1 0 0 0.999967 0 0 0 0 0 0.000102912 -0 0 0 -0 0 0 0 0 0 0 0 0 0 0 0 0 0 1 13150.6 13150.6 13150.6 13150.6
0 0 1 0 0 0.999967 0 0 0 0 0 0.00010192 -0 0 0 -0 0 0 0 0 0 0 0 0 0 0 0 0 0 1 13150.6 13150.6 13150.6 13150.6
0 0 1 0 0 0.999968 0 0 0 0 0 0.000100923 -0 0 0 -0 0 0 0 0 0 0 0 0 0 0 0 0 0 1 13150.6 13150.6 13150.6 13150.6
0 0 1 0 0 0.999968 0 0 0 0 0 9.99358e-05 -0 0 0 -0 0 0 0 0 0 0 0 0 0 0 0 0 0 1 13150.6 13150.6 13150.6 13150.6
0 0 1 0 0 0.999969 0 0 0 0 0 9.89396e-05 -0 0 0 -0 0 0 0 0 0 0 0 0 0 0 0 0 0 1 13150.6 13150.6 13150.6 13150.6
0 0 1 0 0 0.999969 0 0 0 0 0 9.79572e-05 -0 0 0 -0 0 0 0 0 0 0 0 0 0 0 0 0 0 1 13150.6 13150.6 13150.6 13150.6
0 0 1 0 0 0.99997 0 0 0 0 0 9.69666e-05 -0 0 0 -0 0 0 0 0 0 0 0 0 0 0 0 0 0 1 13150.6 13150.6 13150.6 13150.6
0 0 1 0 0 0.99997 0 0 0 0 0 9.59859e-05 -0 0 0 -0 0 0 0 0 0 0 0 0 0 0 0 0 0 1 13150.6 13150.6 13150.6 13150.6
0 0 1 0 0 0.999971 0 0 0 0 0 9.50089e-05 -0 0 0 -0 0 0 0 0 0 0 0 0 0 0 0 0 0 1 13150.6 13150.6 13150.6 13150.6
0 0 1 0 0 0.999971 0 0 0 0 0 9.40312e-05 -0 0 0 -0 0 0 0 0 0 0 0 0 0 0 0 0 0 1 13150.6 13150.6 13150.6 13150.6
0 0 1 0 0 0.999972 0 0 0 0 0 9.30489e-05 -0 0 0 -0 0 0 0 0 0 0 0 0 0 0 0 0 0 1 13150.6 13150.6 13150.6 13150.6
0 0 1 0 0 0.999972 0 0 0 0 0 9.20751e-05 -0 0 0 -0 0 0 0 0 0 0 0 0 0 0 0 0 0 1 13150.6 13150.6 13150.6 13150.6
0 0 1 0 0 0.999973 0 0 0 0 0 9.11053e-05 -0 0 0 -0 0 0 0 0 0 0 0 0 0 0 0 0 0 1 13150.6 13150.6 13150.6 13150.6
0 0 1 0 0 0.999973 0 0 0 0 0 9.01407e-05 -0 0 0 -0 0 0 0 0 0 0 0 0 0 0 0 0 0 1 13150.6 13150.6 13150.6 13150.6
0 0 1 0 0 0.999974 0 0 0 0 0 8.91779e-05 -0 0 0 -0 0 0 0 0 0 0 0 0 0 0 0 0 0 1 13150.6 13150.6 13150.6 13150.6
0 0 1 0 0 0.999974 0 0 0 0 0 8.82227e-05 -0 0 0 -0 0 0 0 0 0 0 0 0 0 0 0 0 0 1 13150.6 13150.6 13150.6 13150.6
0 0 1 0 0 0.999974 0 0 0 0 0 8.72654e-05 -0 0 0 -0 0 0 0 0 0 0 0 0 0 0 0 0 0 1 13150.6 13150.6 13150.6 13150.6
0 0 1 0 0 0.999975 0 0 0 0 0 8.63167e-05 -0 0 0 -0 0 0 0 0 0 0 0 0 0 0 0 0 0 1 13150.6 13150.6 13150.6 13150.6
0 0 1 0 0 0.999975 0 0 0 0 0 8.53675e-05 -0 0 0 -0 0 0 0 0 0 0 0 0 0 0 0 0 0 1 13150.6 13150.6 13150.6 13150.6
0 0 1 0 0 0.999976 0 0 0 0 0 8.4423e-05 -0 0 0 -0 0 0 0 0 0 0 0 0 0 0 0 0 0 1 13150.6 13150.6 13150.6 13150.6
0 0 1 0 0 0.999976 0 0 0 0 0 8.34892e-05 -0 0 0 -0 0 0 0 0 0 0 0 0 0 0 0 0 0 1 13150.6 13150.6 13150.6 13150.6
0 0 1 0 0 0.999977 0 0 0 0 0 8.2548e-05 -0 0 0 -0 0 0 0 0 0 0 0 0 0 0 0 0 0 1 13150.6 13150.6 13150.6 13150.6
0 0 1 0 0 0.999977 0 0 0 0 0 8.16131e-05 -0 0 0 -0 0 0 0 0 0 0 0 0 0 0 0 0 0 1 13150.6 13150.6 13150.6 13150.6
0 0 1 0 0 0.999977 0 0 0 0 0 8.06874e-05 -0 0 0 -0 0 0 0 0 0 0 0 0 0 0 0 0 0 1 13150.6 13150.6 13150.6 13150.6
0 0 1 0 0 0.999978 0 0 0 0 0 7.9768e-05 -0 0 0 -0 0 0 0 0 0 0 0 0 0 0 0 0 0 1 13150.6 13150.6 13150.6 13150.6
0 0 1 0 0 0.999978 0 0 0 0 0 7.88453e-05 -0 0 0 -0 0 0 0 0 0 0 0 0 0 0 0 0 0 1 13150.6 13150.6 13150.6 13150.6
0 0 1 0 0 0.999979 0 0 0 0 0 7.79323e-05 -0 0 0 -0 0 0 0 0 0 0 0 0 0 0 0 0 0 1 13150.6 13150.6 13150.6 13150.6
0 0 1 0 0 0.999979 0 0 0 0 0 7.7028e-05 -0 0 0 -0 0 0 0 0 0 0 0 0 0 0 0 0 0 1 13150.6 13150.6 13150.6 13150.6
0 0 1 0 0 0.999979 0 0 0 0 0 7.61226e-05 -0 0 0 -0 0 0 0 0 0 0 0 0 0 0 0 0 0 1 13150.6 13150.6 13150.6 13150.6
0 0 1 0 0 0.99998 0 0 0 0 0 7.52255e-05 -0 0 0 -0 0 0 0 0 0 0 0 0 0 0 0 0 0 1 13150.6 13150.6 13150.6 13150.6
0 0 1 0 0 0.99998 0 0 0 0 0 7.43347e-05 -0 0 0 -0 0 0 0 0 0 0 0 0 0 0 0 0 0 1 13150.6 13150.6 13150.6 13150.6
0 0 1 0 0 0.999981 0 0 0 0 0 7.34416e-05 -0 0 0 -0 0 0 0 0 0 0 0 0 0 0 0 0 0 1 13150.6 13150.6 13150.6 13150.6
0 0 1 0 0 0.999981 0 0 0 0 0 7.25579e-05 -0 0 0 -0 0 0 0 0 0 0 0 0 0 0 0 0 0 1 13150.6 13150.6 13150.6 13150.6
0 0 1 0 0 0.999981 0 0 0 0 0 7.16777e-05 -0 0 0 -0 0 0 0 0 0 0 0 0 0 0 0 0 0 1 13150.6 13150.6 13150.6 13150.6
0 0 1 0 0 0.999982 0 0 0 0 0 7.08067e-05 -0 0 0 -0 0 0 0 0 0 0 0 0 0 0 0 0 0 1 13150.6 13150.6 13150.6 13150.6
0 0 1 0 0 0.999982 0 0 0 0 0 6.99373e-05 -0 0 0 -0 0 0 0 0 0 0 0 0 0 0 0 0 0 1 13150.6 13150.6 13150.6 13150.6
0 0 1 0 0 0.999982 0 0 0 0 0 6.90796e-05 -0 0 0 -0 0 0 0 0 0 0 0 0 0 0 0 0 0 1 13150.6 13150.6 13150.6 13150.6
0 0 1 0 0 0.999983 0 0 0 0 0 6.82211e-05 -0 0 0 -0 0 0 0 0 0 0 0 0 0 0 0 0 0 1 13150.6 13150.6 13150.6 13150.6
0 0 1 0 0 0.999983 0 0 0 0 0 6.73697e-05 -0 0 0 -0 0 0 0 0 0 0 0 0 0 0 0 0 0 1 13150.6 13150.6 13150.6 13150.6
0 0 1 0 0 0.999983 0 0 0 0 0 6.65192e-05 -0 0 0 -0 0 0 0 0 0 0 0 0 0 0 0 0 0 1 13150.6 13150.6 13150.6 13150.6
0 0 1 0 0 0.999984 0 0 0 0 0 6.568e-05 -0 0 0 -0 0 0 0 0 0 0 0 0 0 0 0 0 0 1 13150.6 13150.6 13150.6 13150.6
0 0 1 0 0 0.999984 0 0 0 0 0 6.48466e-05 -0 0 0 -0 0 0 0 0 0 0 0 0 0 0 0 0 0 1 13150.6 13150.6 13150.6 13150.6
0 0 1 0 0 0.999984 0 0 0 0 0 6.40112e-05 -0 0 0 -0 0 0 0 0 0 0 0 0 0 0 0 0 0 1 13150.6 13150.6 13150.6 13150.6
0 0 1 0 0 0.999985 0 0 0 0 0 6.31895e-05 -0 0 0 -0 0 0 0 0 0 0 0 0 0 0 0 0 0 1 13150.6 13150.6 13150.6 13150.6
0 0 1 0 0 0.999985 0 0 0 0 0 6.23736e-05 -0 0 0 -0 0 0 0 0 0 0 0 0 0 0 0 0 0 1 13150.6 13150.6 13150.6 13150.6
0 0 1 0 0 0.999985 0 0 0 0 0 6.15577e-05 -0 0 0 -0 0 0 0 0 0 0 0 0 0 0 0 0 0 1 13150.6 13150.6 13150.6 13150.6
0 0 1 0 0 0.999986 0 0 0 0 0 6.076e-05 -0 0 0 -0 0 0 0 0 0 0 0 0 0 0 0 0 0 1 13150.6 13150.6 13150.6 13150.6
0 0 1 0 0 0.999986 0 0 0 0 0 5.99531e-05 -0 0 0 -0 0 0 0 0 0 0 0 0 0 0 0 0 0 1 13150.6 13150.6 13150.6 13150.6
0 0 1 0 0 0.999986 0 0 0 0 0 5.9154e-05 -0 0 0 -0 0 0 0 0 0 0 0 0 0 0 0 0 0 1 13150.6 13150.6 13150.6 13150.6
0 0 1 0 0 0.999986 0 0 0 0 0 5.83661e-05 -0 0 0 -0 0 0 0 0 0 0 0 0 0 0 0 0 0 1 13150.6 13150.6 13150.6 13150.6
0 0 1 0 0 0.999987 0 0 0 0 0 5.75827e-05 -0 0 0 -0 0 0 0 0 0 0 0 0 0 0 0 0 0 1 13150.6 13150.6 13150.6 13150.6
0 0 1 0 0 0.999987 0 0 0 0 0 5.68097e-05 -0 0 0 -0 0 0 0 0 0 0 0 0 0 0 0 0 0 1 13150.6 13150.6 13150.6 13150.6
0 0 1 0 0 0.999987 0 0 0 0 0 5.6036e-05 -0 0 0 -0 0 0 0 0 0 0 0 0 0 0 0 0 0 1 13150.6 13150.6 13150.6 13150.6
0 0 1 0 0 0.999988 0 0 0 0 0 5.52665e-05 -0 0 0 -0 0 0 0 0 0 0 0 0 0 0 0 0 0 1 13150.7 13150.7 13150.7 13150.7
0 0 1 0 0 0.999988 0 0 0 0 0 5.4507e-05 -0 0 0 -0 0 0 0 0 0 0 0 0 0 0 0 0 0 1 13150.7 13150.7 13150.7 13150.7
0 0 1 0 0 0.999988 0 0 0 0 0 5.37533e-05 -0 0 0 -0 0 0 0 0 0 0 0 0 0 0 0 0 0 1 13150.7 13150.7 13150.7 13150.7
0 0 1 0 0 0.999988 0 0 0 0 0 5.30165e-05 -0 0 0 -0 0 0 0 0 0 0 0 0 0 0 0 0 0 1 13150.7 13150.7 13150.7 13150.7
0 0 1 0 0 0.999989 0 0 0 0 0 5.22732e-05 -0 0 0 -0 0 0 0 0 0 0 0 0 0 0 0 0 0 1 13150.7 13150.7 13150.7 13150.7
0 0 1 0 0 0.999989 0 0 0 0 0 5.15348e-05 -0 0 0 -0 0 0 0 0 0 0 0 0 0 0 0 0 0 1 13150.7 13150.7 13150.7 13150.7
0 0 1 0 0 0.999989 0 0 0 0 0 5.0806e-05 -0 0 0 -0 0 0 0 0 0 0 0 0 0 0 0 0 0 1 13150.7 13150.7 13150.7 13150.7
0 0 1 0 0 0.999989 0 0 0 0 0 5.00867e-05 -0 0 0 -0 0 0 0 0 0 0 0 0 0 0 0 0 0 1 13150.7 13150.7 13150.7 13150.7
0 0 1 0 0 0.99999 0 0 0 0 0 4.93669e-05 -0 0 0 -0 0 0 0 0 0 0 0 0 0 0 0 0 0 1 13150.7 13150.7 13150.7 13150.7
0 0 1 0 0 0.99999 0 0 0 0 0 4.86571e-05 -0 0 0 -0 0 0 0 0 0 0 0 0 0 0 0 0 0 1 13150.7 13150.7 13150.7 13150.7
0 0 1 0 0 0.99999 0 0 0 0 0 4.79553e-05 -0 0 0 -0 0 0 0 0 0 0 0 0 0 0 0 0 0 1 13150.7 13150.7 13150.7 13150.7
0 0 1 0 0 0.99999 0 0 0 0 0 4.72591e-05 -0 0 0 -0 0 0 0 0 0 0 0 0 0 0 0 0 0 1 13150.7 13150.7 13150.7 13150.7
0 0 1 0 0 0.999991 0 0 0 0 0 4.65602e-05 -0 0 0 -0 0 0 0 0 0 0 0 0 0 0 0 0 0 1 13150.7 13150.7 13150.7 13150.7
0 0 1 0 0 0.999991 0 0 0 0 0 4.58726e-05 -0 0 0 -0 0 0 0 0 0 0 0 0 0 0 0 0 0 1 13150.7 13150.7 13150.7 13150.7
0 0 1 0 0 0.999991 0 0 0 0 0 4.51954e-05 -0 0 0 -0 0 0 0 0 0 0 0 0 0 0 0 0 0 1 13150.7 13150.7 13150.7 13150.7
0 0 1 0 0 0.999991 0 0 0 0 0 4.45237e-05 -0 0 0 -0 0 0 0 0 0 0 0 0 0 0 0 0 0 1 13150.7 13150.7 13150.7 13150.7
0 0 1 0 0 0.999992 0 0 0 0 0 4.38575e-05 -0 0 0 -0 0 0 0 0 0 0 0 0 0 0 0 0 0 1 13150.7 13150.7 13150.7 13150.7
0 0 1 0 0 0.999992 0 0 0 0 0 4.31975e-05 -0 0 0 -0 0 0 0 0 0 0 0 0 0 0 0 0 0 1 13150.7 13150.7 13150.7 13150.7
0 0 1 0 0 0.999992 0 0 0 0 0 4.25387e-05 -0 0 0 -0 0 0 0 0 0 0 0 0 0 0 0 0 0 1 13150.7 13150.7 13150.7 13150.7
0 0 1 0 0 0.999992 0 0 0 0 0 4.18878e-05 -0 0 0 -0 0 0 0 0 0 0 0 0 0 0 0 0 0 1 13150.7 13150.7 13150.7 13150.7
0 0 1 0 0 0.999992 0 0 0 0 0 4.12448e-05 -0 0 0 -0 0 0 0 0 0 0 0 0 0 0 0 0 0 1 13150.7 13150.7 13150.7 13150.7
0 0 1 0 0 0.999993 0 0 0 0 0 4.06114e-05 -0 0 0 -0 0 0 0 0 0 0 0 0 0 0 0 0 0 1 13150.7 13150.7 13150.7 13150.7
0 0 1 0 0 0.999993 0 0 0 0 0 3.99822e-05 -0 0 0 -0 0 0 0 0 0 0 0 0 0 0 0 0 0 1 13150.7 13150.7 13150.7 13150.7
0 0 1 0 0 0.999993 0 0 0 0 0 3.93616e-05 -0 0 0 -0 0 0 0 0 0 0 0 0 0 0 0 0 0 1 13150.7 13150.7 13150.7 13150.7
0 0 1 0 0 0.999993 0 0 0 0 0 3.87421e-05 -0 0 0 -0 0 0 0 0 0 0 0 0 0 0 0 0 0 1 13150.7 13150.7 13150.7 13150.7
0 0 1 0 0 0.999993 0 0 0 0 0 3.81272e-05 -0 0 0 -0 0 0 0 0 0 0 0 0 0 0 0 0 0 1 13150.7 13150.7 13150.7 13150.7
0 0 1 0 0 0.999994 0 0 0 0 0 3.75169e-05 -0 0 0 -0 0 0 0 0 0 0 0 0 0 0 0 0 0 1 13150.7 13150.7 13150.7 13150.7
0 0 1 0 0 0.999994 0 0 0 0 0 3.69194e-05 -0 0 0 -0 0 0 0 0 0 0 0 0 0 0 0 0 0 1 13150.7 13150.7 13150.7 13150.7
0 0 1 0 0 0.999994 0 0 0 0 0 3.63271e-05 -0 0 0 -0 0 0 0 0 0 0 0 0 0 0 0 0 0 1 13150.7 13150.7 13150.7 13150.7
0 0 1 0 0 0.999994 0 0 0 0 0 3.57415e-05 -0 0 0 -0 0 0 0 0 0 0 0 0 0 0 0 0 0 1 13150.7 13150.7 13150.7 13150.7
0 0 1 0 0 0.999994 0 0 0 0 0 3.51551e-05 -0 0 0 -0 0 0 0 0 0 0 0 0 0 0 0 0 0 1 13150.7 13150.7 13150.7 13150.7
0 0 1 0 0 0.999995 0 0 0 0 0 3.45798e-05 -0 0 0 -0 0 0 0 0 0 0 0 0 0 0 0 0 0 1 13150.7 13150.7 13150.7 13150.7
0 0 1 0 0 0.999995 0 0 0 0 0 3.40078e-05 -0 0 0 -0 0 0 0 0 0 0 0 0 0 0 0 0 0 1 13150.7 13150.7 13150.7 13150.7
0 0 1 0 0 0.999995 0 0 0 0 0 3.34446e-05 -0 0 0 -0 0 0 0 0 0 0 0 0 0 0 0 0 0 1 13150.7 13150.7 13150.7 13150.7
0 0 1 0 0 0.999995 0 0 0 0 0 3.28885e-05 -0 0 0 -0 0 0 0 0 0 0 0 0 0 0 0 0 0 1 13150.7 13150.7 13150.7 13150.7
0 0 1 0 0 0.999995 0 0 0 0 0 3.23279e-05 -0 0 0 -0 0 0 0 0 0 0 0 0 0 0 0 0 0 1 13150.7 13150.7 13150.7 13150.7
0 0 1 0 0 0.999995 0 0 0 0 0 3.17852e-05 -0 0 0 -0 0 0 0 0 0 0 0 0 0 0 0 0 0 1 13150.7 13150.7 13150.7 13150.7
0 0 1 0 0 0.999996 0 0 0 0 0 3.12362e-05 -0 0 0 -0 0 0 0 0 0 0 0 0 0 0 0 0 0 1 13150.7 13150.7 13150.7 13150.7
0 0 1 0 0 0.999996 0 0 0 0 0 3.07049e-05 -0 0 0 -0 0 0 0 0 0 0 0 0 0 0 0 0 0 1 13150.7 13150.7 13150.7 13150.7
0 0 1 0 0 0.999996 0 0 0 0 0 3.0182e-05 -0 0 0 -0 0 0 0 0 0 0 0 0 0 0 0 0 0 1 13150.7 13150.7 13150.7 13150.7
0 0 1 0 0 0.999996 0 0 0 0 0 2.96617e-05 -0 0 0 -0 0 0 0 0 0 0 0 0 0 0 0 0 0 1 13150.7 13150.7 13150.7 13150.7
0 0 1 0 0 0.999996 0 0 0 0 0 2.91367e-05 -0 0 0 -0 0 0 0 0 0 0 0 0 0 0 0 0 0 1 13150.7 13150.7 13150.7 13150.7
0 0 1 0 0 0.999996 0 0 0 0 0 2.86299e-05 -0 0 0 -0 0 0 0 0 0 0 0 0 0 0 0 0 0 1 13150.7 13150.7 13150.7 13150.7
0 0 1 0 0 0.999996 0 0 0 0 0 2.81302e-05 -0 0 0 -0 0 0 0 0 0 0 0 0 0 0 0 0 0 1 13150.7 13150.7 13150.7 13150.7
0 0 1 0 0 0.999997 0 0 0 0 0 2.76292e-05 -0 0 0 -0 0 0 0 0 0 0 0 0 0 0 0 0 0 1 13150.7 13150.7 13150.7 13150.7
0 0 1 0 0 0.999997 0 0 0 0 0 2.71307e-05 -0 0 0 -0 0 0 0 0 0 0 0 0 0 0 0 0 0 1 13150.7 13150.7 13150.7 13150.7
0 0 1 0 0 0.999997 0 0 0 0 0 2.66419e-05 -0 0 0 -0 0 0 0 0 0 0 0 0 0 0 0 0 0 1 13150.7 13150.7 13150.7 13150.7
0 0 1 0 0 0.999997 0 0 0 0 0 2.61599e-05 -0 0 0 -0 0 0 0 0 0 0 0 0 0 0 0 0 0 1 13150.7 13150.7 13150.7 13150.7
0 0 1 0 0 0.999997 0 0 0 0 0 2.5683e-05 -0 0 0 -0 0 0 0 0 0 0 0 0 0 0 0 0 0 1 13150.7 13150.7 13150.7 13150.7
0 0 1 0 0 0.999997 0 0 0 0 0 2.52143e-05 -0 0 0 -0 0 0 0 0 0 0 0 0 0 0 0 0 0 1 13150.7 13150.7 13150.7 13150.7
0 0 1 0 0 0.999997 0 0 0 0 0 2.47451e-05 -0 0 0 -0 0 0 0 0 0 0 0 0 0 0 0 0 0 1 13150.7 13150.7 13150.7 13150.7
0 0 1 0 0 0.999998 0 0 0 0 0 2.42859e-05 -0 0 0 -0 0 0 0 0 0 0 0 0 0 0 0 0 0 1 13150.7 13150.7 13150.7 13150.7
0 0 1 0 0 0.999998 0 0 0 0 0 2.38307e-05 -0 0 0 -0 0 0 0 0 0 0 0 0 0 0 0 0 0 1 13150.7 13150.7 13150.7 13150.7
0 0 1 0 0 0.999998 0 0 0 0 0 2.33866e-05 -0 0 0 -0 0 0 0 0 0 0 0 0 0 0 0 0 0 1 13150.7 13150.7 13150.7 13150.7
0 0 1 0 0 0.999998 0 0 0 0 0 2.29384e-05 -0 0 0 -0 0 0 0 0 0 0 0 0 0 0 0 0 0 1 13150.7 13150.7 13150.7 13150.7
0 0 1 0 0 0.999998 0 0 0 0 0 2.24988e-05 -0 0 0 -0 0 0 0 0 0 0 0 0 0 0 0 0 0 1 13150.7 13150.7 13150.7 13150.7
0 0 1 0 0 0.999998 0 0 0 0 0 2.20685e-05 -0 0 0 -0 0 0 0 0 0 0 0 0 0 0 0 0 0 1 13150.7 13150.7 13150.7 13150.7
0 0 1 0 0 0.999998 0 0 0 0 0 2.16356e-05 -0 0 0 -0 0 0 0 0 0 0 0 0 0 0 0 0 0 1 13150.7 13150.7 13150.7 13150.7
0 0 1 0 0 0.999998 0 0 0 0 0 2.12119e-05 -0 0 0 -0 0 0 0 0 0 0 0 0 0 0 0 0 0 1 13150.7 13150.7 13150.7 13150.7
0 0 1 0 0 0.999998 0 0 0 0 0 2.07924e-05 -0 0 0 -0 0 0 0 0 0 0 0 0 0 0 0 0 0 1 13150.7 13150.7 13150.7 13150.7
0 0 1 0 0 0.999999 0 0 0 0 0 2.03821e-05 -0 0 0 -0 0 0 0 0 0 0 0 0 0 0 0 0 0 1 13150.7 13150.7 13150.7 13150.7
0 0 1 0 0 0.999999 0 0 0 0 0 1.99717e-05 -0 0 0 -0 0 0 0 0 0 0 0 0 0 0 0 0 0 1 13150.7 13150.7 13150.7 13150.7
0 0 1 0 0 0.999999 0 0 0 0 0 1.95715e-05 -0 0 0 -0 0 0 0 0 0 0 0 0 0 0 0 0 0 1 13150.7 13150.7 13150.7 13150.7
0 0 1 0 0 0.999999 0 0 0 0 0 1.91756e-05 -0 0 0 -0 0 0 0 0 0 0 0 0 0 0 0 0 0 1 13150.7 13150.7 13150.7 13150.7
0 0 1 0 0 0.999999 0 0 0 0 0 1.87785e-05 -0 0 0 -0 0 0 0 0 0 0 0 0 0 0 0 0 0 1 13150.7 13150.7 13150.7 13150.7
0 0 1 0 0 0.999999 0 0 0 0 0 1.83921e-05 -0 0 0 -0 0 0 0 0 0 0 0 0 0 0 0 0 0 1 13150.7 13150.7 13150.7 13150.7
0 0 1 0 0 0.999999 0 0 0 0 0 1.80095e-05 -0 0 0 -0 0 0 0 0 0 0 0 0 0 0 0 0 0 1 13150.7 13150.7 13150.7 13150.7
0 0 1 0 0 0.999999 0 0 0 0 0 1.76347e-05 -0 0 0 -0 0 0 0 0 0 0 0 0 0 0 0 0 0 1 13150.7 13150.7 13150.7 13150.7
0 0 1 0 0 0.999999 0 0 0 0 0 1.72607e-05 -0 0 0 -0 0 0 0 0 0 0 0 0 0 0 0 0 0 1 13150.7 13150.7 13150.7 13150.7
0 0 1 0 0 0.999999 0 0 0 0 0 1.68938e-05 -0 0 0 -0 0 0 0 0 0 0 0 0 0 0 0 0 0 1 13150.7 13150.7 13150.7 13150.7
0 0 1 0 0 0.999999 0 0 0 0 0 1.65363e-05 -0 0 0 -0 0 0 0 0 0 0 0 0 0 0 0 0 0 1 13150.7 13150.7 13150.7 13150.7
0 0 1 0 0 1 0 0 0 0 0 1.61779e-05 -0 0 0 -0 0 0 0 0 0 0 0 0 0 0 0 0 0 1 13150.7 13150.7 13150.7 13150.7
0 0 1 0 0 1 0 0 0 0 0 1.58251e-05 -0 0 0 -0 0 0 0 0 0 0 0 0 0 0 0 0 0 1 13150.7 13150.7 13150.7 13150.7
0 0 1 0 0 1 0 0 0 0 0 1.54801e-05 -0 0 0 -0 0 0 0 0 0 0 0 0 0 0 0 0 0 1 13150.7 13150.7 13150.7 13150.7
0 0 1 0 0 1 0 0 0 0 0 1.51344e-05 -0 0 0 -0 0 0 0 0 0 0 0 0 0 0 0 0 0 1 13150.7 13150.7 13150.7 13150.7
0 0 1 0 0 1 0 0 0 0 0 1.47998e-05 -0 0 0 -0 0 0 0 0 0 0 0 0 0 0 0 0 0 1 13150.7 13150.7 13150.7 13150.7
0 0 1 0 0 1 0 0 0 0 0 1.44613e-05 -0 0 0 -0 0 0 0 0 0 0 0 0 0 0 0 0 0 1 13150.7 13150.7 13150.7 13150.7
0 0 1 0 0 1 0 0 0 0 0 1.4127e-05 -0 0 0 -0 0 0 0 0 0 0 0 0 0 0 0 0 0 1 13150.7 13150.7 13150.7 13150.7
0 0 1 0 0 1 0 0 0 0 0 1.38055e-05 -0 0 0 -0 0 0 0 0 0 0 0 0 0 0 0 0 0 1 13150.7 13150.7 13150.7 13150.7
0 0 1 0 0 1 0 0 0 0 0 1.3486e-05 -0 0 0 -0 0 0 0 0 0 0 0 0 0 0 0 0 0 1 13150.7 13150.7 13150.7 13150.7
0 0 1 0 0 1 0 0 0 0 0 1.3171e-05 -0 0 0 -0 0 0 0 0 0 0 0 0 0 0 0 0 0 1 13150.7 13150.7 13150.7 13150.7
0 0 1 0 0 1 0 0 0 0 0 1.28585e-05 -0 0 0 -0 0 0 0 0 0 0 0 0 0 0 0 0 0 1 13150.7 13150.7 13150.7 13150.7
0 0 1 0 0 1 0 0 0 0 0 1.25512e-05 -0 0 0 -0 0 0 0 0 0 0 0 0 0 0 0 0 0 1 13150.7 13150.7 13150.7 13150.7
0 0 1 0 0 1 0 0 0 0 0 1.22535e-05 -0 0 0 -0 0 0 0 0 0 0 0 0 0 0 0 0 0 1 13150.7 13150.7 13150.7 13150.7
0 0 1 0 0 1 0 0 0 0 0 1.19515e-05 -0 0 0 -0 0 0 0 0 0 0 0 0 0 0 0 0 0 1 13150.7 13150.7 13150.7 13150.7
0 0 1 0 0 1 0 0 0 0 0 1.16533e-05 -0 0 0 -0 0 0 0 0 0 0 0 0 0 0 0 0 0 1 13150.7 13150.7 13150.7 13150.7
0 0 1 0 0 1 0 0 0 0 0 1.1368e-05 -0 0 0 -0 0 0 0 0 0 0 0 0 0 0 0 0 0 1 13150.7 13150.7 13150.7 13150.7
0 0 1 0 0 1 0 0 0 0 0 1.10871e-05 -0 0 0 -0 0 0 0 0 0 0 0 0 0 0 0 0 0 1 13150.7 13150.7 13150.7 13150.7
0 0 1 0 0 1 0 0 0 0 0 1.08058e-05 -0 0 0 -0 0 0 0 0 0 0 0 0 0 0 0 0 0 1 13150.7 13150.7 13150.7 13150.7
0 0 1 0 0 1 0 0 0 0 0 1.05281e-05 -0 0 0 -0 0 0 0 0 0 0 0 0 0 0 0 0 0 1 13150.7 13150.7 13150.7 13150.7
0 0 1 0 0 1 0 0 0 0 0 1.02562e-05 -0 0 0 -0 0 0 0 0 0 0 0 0 0 0 0 0 0 1 13150.7 13150.7 13150.7 13150.7
0 0 1 0 0 1 0 0 0 0 0 9.98629e-06 -0 0 0 -0 0 0 0 0 0 0 0 0 0 0 0 0 0 1 13150.7 13150.7 13150.7 13150.7
0 0 1 0 0 1 0 0 0 0 0 9.71962e-06 -0 0 0 -0 0 0 0 0 0 0 0 0 0 0 0 0 0 1 13150.7 13150.7 13150.7 13150.7
0 0 1 0 0 1 0 0 0 0 0 9.46432e-06 -0 0 0 -0 0 0 0 0 0 0 0 0 0 0 0 0 0 1 13150.7 13150.7 13150.7 13150.7
0 0 1 0 0 1 0 0 0 0 0 9.2062e-06 -0 0 0 -0 0 0 0 0 0 0 0 0 0 0 0 0 0 1 13150.7 13150.7 13150.7 13150.7
0 0 1 0 0 1 0 0 0 0 0 8.95517e-06 -0 0 0 -0 0 0 0 0 0 0 0 0 0 0 0 0 0 1 13150.7 13150.7 13150.7 13150.7
0 0 1 0 0 1 0 0 0 0 0 8.70648e-06 -0 0 0 -0 0 0 0 0 0 0 0 0 0 0 0 0 0 1 13150.7 13150.7 13150.7 13150.7
0 0 1 0 0 1 0 0 0 0 0 8.4635e-06 -0 0 0 -0 0 0 0 0 0 0 0 0 0 0 0 0 0 1 13150.7 13150.7 13150.7 13150.7
0 0 1 0 0 1 0 0 0 0 0 8.22002e-06 -0 0 0 -0 0 0 0 0 0 0 0 0 0 0 0 0 0 1 13150.7 13150.7 13150.7 13150.7
0 0 1 0 0 1 0 0 0 0 0 7.98577e-06 -0 0 0 -0 0 0 0 0 0 0 0 0 0 0 0 0 0 1 13150.7 13150.7 13150.7 13150.7
0 0 1 0 0 1 0 0 0 0 0 7.74983e-06 -0 0 0 -0 0 0 0 0 0 0 0 0 0 0 0 0 0 1 13150.7 13150.7 13150.7 13150.7
0 0 1 0 0 1 0 0 0 0 0 7.52352e-06 -0 0 0 -0 0 0 0 0 0 0 0 0 0 0 0 0 0 1 13150.7 13150.7 13150.7 13150.7
0 0 1 0 0 1 0 0 0 0 0 7.29438e-06 -0 0 0 -0 0 0 0 0 0 0 0 0 0 0 0 0 0 1 13150.7 13150.7 13150.7 13150.7
0 0 1 0 0 1 0 0 0 0 0 7.07389e-06 -0 0 0 -0 0 0 0 0 0 0 0 0 0 0 0 0 0 1 13150.7 13150.7 13150.7 13150.7
0 0 1 0 0 1 0 0 0 0 0 6.85263e-06 -0 0 0 -0 0 0 0 0 0 0 0 0 0 0 0 0 0 1 13150.7 13150.7 13150.7 13150.7
0 0 1 0 0 1 0 0 0 0 0 6.63943e-06 -0 0 0 -0 0 0 0 0 0 0 0 0 0 0 0 0 0 1 13150.7 13150.7 13150.7 13150.7
0 0 1 0 0 1 0 0 0 0 0 6.42591e-06 -0 0 0 -0 0 0 0 0 0 0 0 0 0 0 0 0 0 1 13150.7 13150.7 13150.7 13150.7
0 0 1 0 0 1 0 0 0 0 0 6.22055e-06 -0 0 0 -0 0 0 0 0 0 0 0 0 0 0 0 0 0 1 13150.7 13150.7 13150.7 13150.7
0 0 1 0 0 1 0 0 0 0 0 6.01371e-06 -0 0 0 -0 0 0 0 0 0 0 0 0 0 0 0 0 0 1 13150.7 13150.7 13150.7 13150.7
0 0 1 0 0 1 0 0 0 0 0 5.81519e-06 -0 0 0 -0 0 0 0 0 0 0 0 0 0 0 0 0 0 1 13150.7 13150.7 13150.7 13150.7
0 0 1 0 0 1 0 0 0 0 0 5.61559e-06 -0 0 0 -0 0 0 0 0 0 0 0 0 0 0 0 0 0 1 13150.7 13150.7 13150.7 13150.7
0 0 1 0 0 1 0 0 0 0 0 5.42449e-06 -0 0 0 -0 0 0 0 0 0 0 0 0 0 0 0 0 0 1 13150.7 13150.7 13150.7 13150.7
0 0 1 0 0 1 0 0 0 0 0 5.23263e-06 -0 0 0 -0 0 0 0 0 0 0 0 0 0 0 0 0 0 1 13150.7 13150.7 13150.7 13150.7
0 0 1 0 0 1 0 0 0 0 0 5.04935e-06 -0 0 0 -0 0 0 0 0 0 0 0 0 0 0 0 0 0 1 13150.7 13150.7 13150.7 13150.7
0 0 1 0 0 1 0 0 0 0 0 4.86413e-06 -0 0 0 -0 0 0 0 0 0 0 0 0 0 0 0 0 0 1 13150.7 13150.7 13150.7 13150.7
0 0 1 0 0 1 0 0 0 0 0 4.67965e-06 -0 0 0 -0 0 0 0 0 0 0 0 0 0 0 0 0 0 1 13150.7 13150.7 13150.7 13150.7
0 0 1 0 0 1 0 0 0 0 0 4.50308e-06 -0 0 0 -0 0 0 0 0 0 0 0 0 0 0 0 0 0 1 13150.7 13150.7 13150.7 13150.7
0 0 1 0 0 1 0 0 0 0 0 4.32575e-06 -0 0 0 -0 0 0 0 0 0 0 0 0 0 0 0 0 0 1 13150.7 13150.7 13150.7 13150.7
0 0 1 0 0 1 0 0 0 0 0 4.15426e-06 -0 0 0 -0 0 0 0 0 0 0 0 0 0 0 0 0 0 1 13150.7 13150.7 13150.7 13150.7
0 0 1 0 0 1 0 0 0 0 0 3.98584e-06 -0 0 0 -0 0 0 0 0 0 0 0 0 0 0 0 0 0 1 13150.7 13150.7 13150.7 13150.7
0 0 1 0 0 1 0 0 0 0 0 3.82328e-06 -0 0 0 -0 0 0 0 0 0 0 0 0 0 0 0 0 0 1 13150.7 13150.7 13150.7 13150.7
0 0 1 0 0 1 0 0 0 0 0 3.6606e-06 -0 0 0 -0 0 0 0 0 0 0 0 0 0 0 0 0 0 1 13150.7 13150.7 13150.7 13150.7
0 0 1 0 0 1 0 0 0 0 0 3.49928e-06 -0 0 0 -0 0 0 0 0 0 0 0 0 0 0 0 0 0 1 13150.7 13150.7 13150.7 13150.7
0 0 1 0 0 1 0 0 0 0 0 3.34395e-06 -0 0 0 -0 0 0 0 0 0 0 0 0 0 0 0 0 0 1 13150.7 13150.7 13150.7 13150.7
0 0 1 0 0 1 0 0 0 0 0 3.18758e-06 -0 0 0 -0 0 0 0 0 0 0 0 0 0 0 0 0 0 1 13150.7 13150.7 13150.7 13150.7
0 0 1 0 0 1 0 0 0 0 0 3.03842e-06 -0 0 0 -0 0 0 0 0 0 0 0 0 0 0 0 0 0 1 13150.7 13150.7 13150.7 13150.7
0 0 1 0 0 1 0 0 0 0 0 2.89258e-06 -0 0 0 -0 0 0 0 0 0 0 0 0 0 0 0 0 0 1 13150.7 13150.7 13150.7 13150.7
0 0 1 0 0 1 0 0 0 0 0 2.74449e-06 -0 0 0 -0 0 0 0 0 0 0 0 0 0 0 0 0 0 1 13150.7 13150.7 13150.7 13150.7
0 0 1 0 0 1 0 0 0 0 0 2.60444e-06 -0 0 0 -0 0 0 0 0 0 0 0 0 0 0 0 0 0 1 13150.7 13150.7 13150.7 13150.7
0 0 1 0 0 1 0 0 0 0 0 2.46285e-06 -0 0 0 -0 0 0 0 0 0 0 0 0 0 0 0 0 0 1 13150.7 13150.7 13150.7 13150.7
0 0 1 0 0 1 0 0 0 0 0 2.32328e-06 -0 0 0 -0 0 0 0 0 0 0 0 0 0 0 0 0 0 1 13150.7 13150.7 13150.7 13150.7
0 0 1 0 0 1 0 0 0 0 0 2.19034e-06 -0 0 0 -0 0 0 0 0 0 0 0 0 0 0 0 0 0 1 13150.7 13150.7 13150.7 13150.7
0 0 1 0 0 1 0 0 0 0 0 2.05681e-06 -0 0 0 -0 0 0 0 0 0 0 0 0 0 0 0 0 0 1 13150.7 13150.7 13150.7 13150.7
0 0 1 0 0 1 0 0 0 0 0 1.92337e-06 -0 0 0 -0 0 0 0 0 0 0 0 0 0 0 0 0 0 1 13150.7 13150.7 13150.7 13150.7
0 0 1 0 0 1 0 0 0 0 0 1.79707e-06 -0 0 0 -0 0 0 0 0 0 0 0 0 0 0 0 0 0 1 13150.7 13150.7 13150.7 13150.7
0 0 1 0 0 1 0 0 0 0 0 1.66992e-06 -0 0 0 -0 0 0 0 0 0 0 0 0 0 0 0 0 0 1 13150.7 13150.7 13150.7 13150.7
0 0 1 0 0 1 0 0 0 0 0 1.55214e-06 -0 0 0 -0 0 0 0 0 0 0 0 0 0 0 0 0 0 1 13150.7 13150.7 13150.7 13150.7
0 0 1 0 0 1 0 0 0 0 0 1.43324e-06 -0 0 0 -0 0 0 0 0 0 0 0 0 0 0 0 0 0 1 13150.7 13150.7 13150.7 13150.7
0 0 1 0 0 1 0 0 0 0 0 1.31293e-06 -0 0 0 -0 0 0 0 0 0 0 0 0 0 0 0 0 0 1 13150.7 13150.7 13150.7 13150.7
0 0 1 0 0 1 0 0 0 0 0 1.20288e-06 -0 0 0 -0 0 0 0 0 0 0 0 0 0 0 0 0 0 1 13150.7 13150.7 13150.7 13150.7
0 0 1 0 0 1 0 0 0 0 0 1.09125e-06 -0 0 0 -0 0 0 0 0 0 0 0 0 0 0 0 0 0 1 13150.7 13150.7 13150.7 13150.7
0 0 1 0 0 1 0 0 0 0 0 9.78518e-07 -0 0 0 -0 0 0 0 0 0 0 0 0 0 0 0 0 0 1 13150.7 13150.7 13150.7 13150.7
0 0 1 0 0 1 0 0 0 0 0 8.68779e-07 -0 0 0 -0 0 0 0 0 0 0 0 0 0 0 0 0 0 1 13150.7 13150.7 13150.7 13150.7
0 0 1 0 0 1 0 0 0 0 0 7.64906e-07 -0 0 0 -0 0 0 0 0 0 0 0 0 0 0 0 0 0 1 13150.7 13150.7 13150.7 13150.7
0 0 1 0 0 1 0 0 0 0 0 6.60113e-07 -0 0 0 -0 0 0 0 0 0 0 0 0 0 0 0 0 0 1 13150.7 13150.7 13150.7 13150.7
0 0 1 0 0 1 0 0 0 0 0 5.55457e-07 -0 0 0 -0 0 0 0 0 0 0 0 0 0 0 0 0 0 1 13150.7 13150.7 13150.7 13150.7
0 0 1 0 0 1 0 0 0 0 0 4.59244e-07 -0 0 0 -0 0 0 0 0 0 0 0 0 0 0 0 0 0 1 13150.7 13150.7 13150.7 13150.7
0 0 1 0 0 1 0 0 0 0 0 3.62275e-07 -0 0 0 -0 0 0 0 0 0 0 0 0 0 0 0 0 0 1 13150.7 13150.7 13150.7 13150.7
0 0 1 0 0 1 0 0 0 0 0 2.65155e-07 -0 0 0 -0 0 0 0 0 0 0 0 0 0 0 0 0 0 1 13150.7 13150.7 13150.7 13150.7
0 0 1 0 0 1 0 0 0 0 0 1.73626e-07 -0 0 0 -0 0 0 0 0 0 0 0 0 0 0 0 0 0 1 13150.7 13150.7 13150.7 13150.7
0 0 1 0 0 1 0 0 0 0 0 8.55065e-08 -0 0 0 -0 0 0 0 0 0 0 0 0 0 0 0 0 0 1 13150.7 13150.7 13150.7 13150.7
0 0 1 0 0 1 0 0 0 0 0 -3.04569e-09 -0 0 0 -0 0 0 0 0 0 0 0 0 0 0 0 0 0 1 13150.7 13150.7 13150.7 13150.7
0 0 1 0 0 1 0 0 0 0 0 -9.32243e-08 -0 0 0 -0 0 0 0 0 0 0 0 0 0 0 0 0 0 1 13150.7 13150.7 13150.7 13150.7
0 0 1 0 0 1 0 0 0 0 0 -1.75354e-07 -0 0 0 -0 0 0 0 0 0 0 0 0 0 0 0 0 0 1 13150.7 13150.7 13150.7 13150.7
0 0 1 0 0 1 0 0 0 0 0 -2.58574e-07 -0 0 0 -0 0 0 0 0 0 0 0 0 0 0 0 0 0 1 13150.7 13150.7 13150.7 13150.7
0 0 1 0 0 1 0 0 0 0 0 -3.41223e-07 -0 0 0 -0 0 0 0 0 0 0 0 0 0 0 0 0 0 1 13150.7 13150.7 13150.7 13150.7
0 0 1 0 0 1 0 0 0 0 0 -4.15308e-07 -0 0 0 -0 0 0 0 0 0 0 0 0 0 0 0 0 0 1 13150.7 13150.7 13150.7 13150.7
0 0 1 0 0 1 0 0 0 0 0 -4.91516e-07 -0 0 0 -0 0 0 0 0 0 0 0 0 0 0 0 0 0 1 13150.7 13150.7 13150.7 13150.7
0 0 1 0 0 1 0 0 0 0 0 -5.65314e-07 -0 0 0 -0 0 0 0 0 0 0 0 0 0 0 0 0 0 1 13150.7 13150.7 13150.7 13150.7
0 0 1 0 0 1 0 0 0 0 0 -6.40386e-07 -0 0 0 -0 0 0 0 0 0 0 0 0 0 0 0 0 0 1 13150.7 13150.7 13150.7 13150.7
0 0 1 0 0 1 0 0 0 0 0 -7.08231e-07 -0 0 0 -0 0 0 0 0 0 0 0 0 0 0 0 0 0 1 13150.7 13150.7 13150.7 13150.7
0 0 1 0 0 1 0 0 0 0 0 -7.76031e-07 -0 0 0 -0 0 0 0 0 0 0 0 0 0 0 0 0 0 1 13150.7 13150.7 13150.7 13150.7
0 0 1 0 0 1 0 0 0 0 0 -8.4335e-07 -0 0 0 -0 0 0 0 0 0 0 0 0 0 0 0 0 0 1 13150.7 13150.7 13150.7 13150.7
0 0 1 0 0 1 0 0 0 0 0 -9.11011e-07 -0 0 0 -0 0 0 0 0 0 0 0 0 0 0 0 0 0 1 13150.7 13150.7 13150.7 13150.7
0 0 1 0 0 1 0 0 0 0 0 -9.78751e-07 -0 0 0 -0 0 0 0 0 0 0 0 0 0 0 0 0 0 1 13150.7 13150.7 13150.7 13150.7
0 0 1 0 0 1 0 0 0 0 0 -1.03924e-06 -0 0 0 -0 0 0 0 0 0 0 0 0 0 0 0 0 0 1 13150.7 13150.7 13150.7 13150.7
0 0 1 0 0 1 0 0 0 0 0 -1.09968e-06 -0 0 0 -0 0 0 0 0 0 0 0 0 0 0 0 0 0 1 13150.7 13150.7 13150.7 13150.7
0 0 1 0 0 1 0 0 0 0 0 -1.16057e-06 -0 0 0 -0 0 0 0 0 0 0 0 0 0 0 0 0 0 1 13150.7 13150.7 13150.7 13150.7
0 0 1 0 0 1 0 0 0 0 0 -1.22083e-06 -0 0 0 -0 0 0 0 0 0 0 0 0 0 0 0 0 0 1 13150.7 13150.7 13150.7 13150.7
0 0 1 0 0 1 0 0 0 0 0 -1.27472e-06 -0 0 0 -0 0 0 0 0 0 0 0 0 0 0 0 0 0 1 13150.7 13150.7 13150.7 13150.7
0 0 1 0 0 1 0 0 0 0 0 -1.32782e-06 -0 0 0 -0 0 0 0 0 0 0 0 0 0 0 0 0 0 1 13150.7 13150.7 13150.7 13150.7
0 0 1 0 0 1 0 0 0 0 0 -1.38023e-06 -0 0 0 -0 0 0 0 0 0 0 0 0 0 0 0 0 0 1 13150.7 13150.7 13150.7 13150.7
0 0 1 0 0 1 0 0 0 0 0 -1.4336e-06 -0 0 0 -0 0 0 0 0 0 0 0 0 0 0 0 0 0 1 13150.7 13150.7 13150.7 13150.7
0 0 1 0 0 1 0 0 0 0 0 -1.48731e-06 -0 0 0 -0 0 0 0 0 0 0 0 0 0 0 0 0 0 1 13150.7 13150.7 13150.7 13150.7
0 0 1 0 0 1 0 0 0 0 0 -1.53324e-06 -0 0 0 -0 0 0 0 0 0 0 0 0 0 0 0 0 0 1 13150.7 13150.7 13150.7 13150.7
0 0 1 0 0 1 0 0 0 0 0 -1.57896e-06 -0 0 0 -0 0 0 0 0 0 0 0 0 0 0 0 0 0 1 13150.7 13150.7 13150.7 13150.7
0 0 1 0 0 1 0 0 0 0 0 -1.62464e-06 -0 0 0 -0 0 0 0 0 0 0 0 0 0 0 0 0 0 1 13150.7 13150.7 13150.7 13150.7
0 0 1 0 0 1 0 0 0 0 0 -1.6704e-06 -0 0 0 -0 0 0 0 0 0 0 0 0 0 0 0 0 0 1 13150.7 13150.7 13150.7 13150.7
0 0 1 0 0 1 0 0 0 0 0 -1.71645e-06 -0 0 0 -0 0 0 0 0 0 0 0 0 0 0 0 0 0 1 13150.7 13150.7 13150.7 13150.7
0 0 1 0 0 1 0 0 0 0 0 -1.75511e-06 -0 0 0 -0 0 0 0 0 0 0 0 0 0 0 0 0 0 1 13150.7 13150.7 13150.7 13150.7
0 0 1 0 0 1 0 0 0 0 0 -1.79361e-06 -0 0 0 -0 0 0 0 0 0 0 0 0 0 0 0 0 0 1 13150.7 13150.7 13150.7 13150.7
0 0 1 0 0 1 0 0 0 0 0 -1.83279e-06 -0 0 0 -0 0 0 0 0 0 0 0 0 0 0 0 0 0 1 13150.7 13150.7 13150.7 13150.7
0 0 1 0 0 1 0 0 0 0 0 -1.87118e-06 -0 0 0 -0 0 0 0 0 0 0 0 0 0 0 0 0 0 1 13150.7 13150.7 13150.7 13150.7
0 0 1 0 0 1 0 0 0 0 0 -1.9093e-06 -0 0 0 -0 0 0 0 0 0 0 0 0 0 0 0 0 0 1 13150.7 13150.7 13150.7 13150.7
0 0 1 0 0 1 0 0 0 0 0 -1.94849e-06 -0 0 0 -0 0 0 0 0 0 0 0 0 0 0 0 0 0 1 13150.7 13150.7 13150.7 13150.7
0 0 1 0 0 1 0 0 0 0 0 -1.97997e-06 -0 0 0 -0 0 0 0 0 0 0 0 0 0 0 0 0 0 1 13150.7 13150.7 13150.7 13150.7
0 0 1 0 0 1 0 0 0 0 0 -2.01159e-06 -0 0 0 -0 0 0 0 0 0 0 0 0 0 0 0 0 0 1 13150.7 13150.7 13150.7 13150.7
0 0 1 0 0 1 0 0 0 0 0 -2.04215e-06 -0 0 0 -0 0 0 0 0 0 0 0 0 0 0 0 0 0 1 13150.7 13150.7 13150.7 13150.7
0 0 1 0 0 1 0 0 0 0 0 -2.07332e-06 -0 0 0 -0 0 0 0 0 0 0 0 0 0 0 0 0 0 1 13150.7 13150.7 13150.7 13150.7
0 0 1 0 0 1 0 0 0 0 0 -2.10492e-06 -0 0 0 -0 0 0 0 0 0 0 0 0 0 0 0 0 0 1 13150.7 13150.7 13150.7 13150.7
0 0 1 0 0 1 0 0 0 0 0 -2.13616e-06 -0 0 0 -0 0 0 0 0 0 0 0 0 0 0 0 0 0 1 13150.7 13150.7 13150.7 13150.7
0 0 1 0 0 1 0 0 0 0 0 -2.16006e-06 -0 0 0 -0 0 0 0 0 0 0 0 0 0 0 0 0 0 1 13150.7 13150.7 13150.7 13150.7
0 0 1 0 0 1 0 0 0 0 0 -2.1842e-06 -0 0 0 -0 0 0 0 0 0 0 0 0 0 0 0 0 0 1 13150.7 13150.7 13150.7 13150.7
0 0 1 0 0 1 0 0 0 0 0 -2.20818e-06 -0 0 0 -0 0 0 0 0 0 0 0 0 0 0 0 0 0 1 13150.7 13150.7 13150.7 13150.7
0 0 1 0 0 1 0 0 0 0 0 -2.23252e-06 -0 0 0 -0 0 0 0 0 0 0 0 0 0 0 0 0 0 1 13150.7 13150.7 13150.7 13150.7
0 0 1 0 0 1 0 0 0 0 0 -2.25666e-06 -0 0 0 -0 0 0 0 0 0 0 0 0 0 0 0 0 0 1 13150.7 13150.7 13150.7 13150.7
0 0 1 0 0 1 0 0 0 0 0 -2.2806e-06 -0 0 0 -0 0 0 0 0 0 0 0 0 0 0 0 0 0 1 13150.7 13150.7 13150.7 13150.7
0 0 1 0 0 1 0 0 0 0 0 -2.30472e-06 -0 0 0 -0 0 0 0 0 0 0 0 0 0 0 0 0 0 1 13150.7 13150.7 13150.7 13150.7
0 0 1 0 0 1 0 0 0 0 0 -2.3213e-06 -0 0 0 -0 0 0 0 0 0 0 0 0 0 0 0 0 0 1 13150.7 13150.7 13150.7 13150.7
0 0 1 0 0 1 0 0 0 0 0 -2.3381e-06 -0 0 0 -0 0 0 0 0 0 0 0 0 0 0 0 0 0 1 13150.7 13150.7 13150.7 13150.7
0 0 1 0 0 1 0 0 0 0 0 -2.35478e-06 -0 0 0 -0 0 0 0 0 0 0 0 0 0 0 0 0 0 1 13150.7 13150.7 13150.7 13150.7
0 0 1 0 0 1 0 0 0 0 0 -2.37149e-06 -0 0 0 -0 0 0 0 0 0 0 0 0 0 0 0 0 0 1 13150.7 13150.7 13150.7 13150.7
0 0 1 0 0 1 0 0 0 0 0 -2.38837e-06 -0 0 0 -0 0 0 0 0 0 0 0 0 0 0 0 0 0 1 13150.8 13150.8 13150.8 13150.8
0 0 1 0 0 1 0 0 0 0 0 -2.405e-06 -0 0 0 -0 0 0 0 0 0 0 0 0 0 0 0 0 0 1 13150.8 13150.8 13150.8 13150.8
0 0 1 0 0 1 0 0 0 0 0 -2.42176e-06 -0 0 0 -0 0 0 0 0 0 0 0 0 0 0 0 0 0 1 13150.8 13150.8 13150.8 13150.8
0 0 1 0 0 1 0 0 0 0 0 -2.43852e-06 -0 0 0 -0 0 0 0 0 0 0 0 0 0 0 0 0 0 1 13150.8 13150.8 13150.8 13150.8
0 0 1 0 0 1 0 0 0 0 0 -2.45528e-06 -0 0 0 -0 0 0 0 0 0 0 0 0 0 0 0 0 0 1 13150.8 13150.8 13150.8 13150.8
0 0 1 0 0 1 0 0 0 0 0 -2.46475e-06 -0 0 0 -0 0 0 0 0 0 0 0 0 0 0 0 0 0 1 13150.8 13150.8 13150.8 13150.8
0 0 1 0 0 1 0 0 0 0 0 -2.47427e-06 -0 0 0 -0 0 0 0 0 0 0 0 0 0 0 0 0 0 1 13150.8 13150.8 13150.8 13150.8
0 0 1 0 0 1 0 0 0 0 0 -2.48387e-06 -0 0 0 -0 0 0 0 0 0 0 0 0 0 0 0 0 0 1 13150.8 13150.8 13150.8 13150.8
0 0 1 0 0 1 0 0 0 0 0 -2.49333e-06 -0 0 0 -0 0 0 0 0 0 0 0 0 0 0 0 0 0 1 13150.8 13150.8 13150.8 13150.8
0 0 1 0 0 1 0 0 0 0 0 -2.50265e-06 -0 0 0 -0 0 0 0 0 0 0 0 0 0 0 0 0 0 1 13150.8 13150.8 13150.8 13150.8
0 0 1 0 0 1 0 0 0 0 0 -2.51216e-06 -0 0 0 -0 0 0 0 0 0 0 0 0 0 0 0 0 0 1 13150.8 13150.8 13150.8 13150.8
0 0 1 0 0 1 0 0 0 0 0 -2.52162e-06 -0 0 0 -0 0 0 0 0 0 0 0 0 0 0 0 0 0 1 13150.8 13150.8 13150.8 13150.8
0 0 1 0 0 1 0 0 0 0 0 -2.53121e-06 -0 0 0 -0 0 0 0 0 0 0 0 0 0 0 0 0 0 1 13150.8 13150.8 13150.8 13150.8
0 0 1 0 0 1 0 0 0 0 0 -2.54055e-06 -0 0 0 -0 0 0 0 0 0 0 0 0 0 0 0 0 0 1 13150.8 13150.8 13150.8 13150.8
0 0 1 0 0 1 0 0 0 0 0 -2.55008e-06 -0 0 0 -0 0 0 0 0 0 0 0 0 0 0 0 0 0 1 13150.8 13150.8 13150.8 13150.8
0 0 1 0 0 1 0 0 0 0 0 -2.55228e-06 -0 0 0 -0 0 0 0 0 0 0 0 0 0 0 0 0 0 1 13150.8 13150.8 13150.8 13150.8
0 0 1 0 0 1 0 0 0 0 0 -2.55446e-06 -0 0 0 -0 0 0 0 0 0 0 0 0 0 0 0 0 0 1 13150.8 13150.8 13150.8 13150.8
0 0 1 0 0 1 0 0 0 0 0 -2.55665e-06 -0 0 0 -0 0 0 0 0 0 0 0 0 0 0 0 0 0 1 13150.8 13150.8 13150.8 13150.8
0 0 1 0 0 1 0 0 0 0 0 -2.55884e-06 -0 0 0 -0 0 0 0 0 0 0 0 0 0 0 0 0 0 1 13150.8 13150.8 13150.8 13150.8
0 0 1 0 0 1 0 0 0 0 0 -2.56104e-06 -0 0 0 -0 0 0 0 0 0 0 0 0 0 0 0 0 0 1 13150.8 13150.8 13150.8 13150.8
0 0 1 0 0 1 0 0 0 0 0 -2.56321e-06 -0 0 0 -0 0 0 0 0 0 0 0 0 0 0 0 0 0 1 13150.8 13150.8 13150.8 13150.8
0 0 1 0 0 1 0 0 0 0 0 -2.5654e-06 -0 0 0 -0 0 0 0 0 0 0 0 0 0 0 0 0 0 1 13150.8 13150.8 13150.8 13150.8
0 0 1 0 0 1 0 0 0 0 0 -2.56759e-06 -0 0 0 -0 0 0 0 0 0 0 0 0 0 0 0 0 0 1 13150.8 13150.8 13150.8 13150.8
0 0 1 0 0 1 0 0 0 0 0 -2.56978e-06 -0 0 0 -0 0 0 0 0 0 0 0 0 0 0 0 0 0 1 13150.8 13150.8 13150.8 13150.8
0 0 1 0 0 1 0 0 0 0 0 -2.572e-06 -0 0 0 -0 0 0 0 0 0 0 0 0 0 0 0 0 0 1 13150.8 13150.8 13150.8 13150.8
0 0 1 0 0 1 0 0 0 0 0 -2.57416e-06 -0 0 0 -0 0 0 0 0 0 0 0 0 0 0 0 0 0 1 13150.8 13150.8 13150.8 13150.8
0 0 1 0 0 1 0 0 0 0 0 -2.57636e-06 -0 0 0 -0 0 0 0 0 0 0 0 0 0 0 0 0 0 1 13150.8 13150.8 13150.8 13150.8
0 0 1 0 0 1 0 0 0 0 0 -2.57126e-06 -0 0 0 -0 0 0 0 0 0 0 0 0 0 0 0 0 0 1 13150.8 13150.8 13150.8 13150.8
0 0 1 0 0 1 0 0 0 0 0 -2.56617e-06 -0 0 0 -0 0 0 0 0 0 0 0 0 0 0 0 0 0 1 13150.8 13150.8 13150.8 13150.8
0 0 1 0 0 1 0 0 0 0 0 -2.56111e-06 -0 0 0 -0 0 0 0 0 0 0 0 0 0 0 0 0 0 1 13150.8 13150.8 13150.8 13150.8
0 0 1 0 0 1 0 0 0 0 0 -2.55599e-06 -0 0 0 -0 0 0 0 0 0 0 0 0 0 0 0 0 0 1 13150.8 13150.8 13150.8 13150.8
0 0 1 0 0 1 0 0 0 0 0 -2.55084e-06 -0 0 0 -0 0 0 0 0 0 0 0 0 0 0 0 0 0 1 13150.8 13150.8 13150.8 13150.8
0 0 1 0 0 1 0 0 0 0 0 -2.54575e-06 -0 0 0 -0 0 0 0 0 0 0 0 0 0 0 0 0 0 1 13150.8 13150.8 13150.8 13150.8
0 0 1 0 0 1 0 0 0 0 0 -2.5407e-06 -0 0 0 -0 0 0 0 0 0 0 0 0 0 0 0 0 0 1 13150.8 13150.8 13150.8 13150.8
0 0 1 0 0 1 0 0 0 0 0 -2.53561e-06 -0 0 0 -0 0 0 0 0 0 0 0 0 0 0 0 0 0 1 13150.8 13150.8 13150.8 13150.8
0 0 1 0 0 1 0 0 0 0 0 -2.53045e-06 -0 0 0 -0 0 0 0 0 0 0 0 0 0 0 0 0 0 1 13150.8 13150.8 13150.8 13150.8
0 0 1 0 0 1 0 0 0 0 0 -2.52539e-06 -0 0 0 -0 0 0 0 0 0 0 0 0 0 0 0 0 0 1 13150.8 13150.8 13150.8 13150.8
0 0 1 0 0 1 0 0 0 0 0 -2.52034e-06 -0 0 0 -0 0 0 0 0 0 0 0 0 0 0 0 0 0 1 13150.8 13150.8 13150.8 13150.8
0 0 1 0 0 1 0 0 0 0 0 -2.51523e-06 -0 0 0 -0 0 0 0 0 0 0 0 0 0 0 0 0 0 1 13150.8 13150.8 13150.8 13150.8
0 0 1 0 0 1 0 0 0 0 0 -2.51015e-06 -0 0 0 -0 0 0 0 0 0 0 0 0 0 0 0 0 0 1 13150.8 13150.8 13150.8 13150.8
0 0 1 0 0 1 0 0 0 0 0 -2.50502e-06 -0 0 0 -0 0 0 0 0 0 0 0 0 0 0 0 0 0 1 13150.8 13150.8 13150.8 13150.8
0 0 1 0 0 1 0 0 0 0 0 -2.49997e-06 -0 0 0 -0 0 0 0 0 0 0 0 0 0 0 0 0 0 1 13150.8 13150.8 13150.8 13150.8
0 0 1 0 0 1 0 0 0 0 0 -2.49485e-06 -0 0 0 -0 0 0 0 0 0 0 0 0 0 0 0 0 0 1 13150.8 13150.8 13150.8 13150.8
0 0 1 0 0 1 0 0 0 0 0 -2.48977e-06 -0 0 0 -0 0 0 0 0 0 0 0 0 0 0 0 0 0 1 13150.8 13150.8 13150.8 13150.8
0 0 1 0 0 1 0 0 0 0 0 -2.47737e-06 -0 0 0 -0 0 0 0 0 0 0 0 0 0 0 0 0 0 1 13150.8 13150.8 13150.8 13150.8
0 0 1 0 0 1 0 0 0 0 0 -2.46504e-06 -0 0 0 -0 0 0 0 0 0 0 0 0 0 0 0 0 0 1 13150.8 13150.8 13150.8 13150.8
0 0 1 0 0 1 0 0 0 0 0 -2.45263e-06 -0 0 0 -0 0 0 0 0 0 0 0 0 0 0 0 0 0 1 13150.8 13150.8 13150.8 13150.8
0 0 1 0 0 1 0 0 0 0 0 -2.4402e-06 -0 0 0 -0 0 0 0 0 0 0 0 0 0 0 0 0 0 1 13150.8 13150.8 13150.8 13150.8
0 0 1 0 0 1 0 0 0 0 0 -2.42783e-06 -0 0 0 -0 0 0 0 0 0 0 0 0 0 0 0 0 0 1 13150.8 13150.8 13150.8 13150.8
0 0 1 0 0 1 0 0 0 0 0 -2.41549e-06 -0 0 0 -0 0 0 0 0 0 0 0 0 0 0 0 0 0 1 13150.8 13150.8 13150.8 13150.8
0 0 1 0 0 1 0 0 0 0 0 -2.40306e-06 -0 0 0 -0 0 0 0 0 0 0 0 0 0 0 0 0 0 1 13150.8 13150.8 13150.8 13150.8
0 0 1 0 0 1 0 0 0 0 0 -2.39077e-06 -0 0 0 -0 0 0 0 0 0 0 0 0 0 0 0 0 0 1 13150.8 13150.8 13150.8 13150.8
0 0 1 0 0 1 0 0 0 0 0 -2.37835e-06 -0 0 0 -0 0 0 0 0 0 0 0 0 0 0 0 0 0 1 13150.8 13150.8 13150.8 13150.8
0 0 1 0 0 1 0 0 0 0 0 -2.36592e-06 -0 0 0 -0 0 0 0 0 0 0 0 0 0 0 0 0 0 1 13150.8 13150.8 13150.8 13150.8
0 0 1 0 0 1 0 0 0 0 0 -2.35354e-06 -0 0 0 -0 0 0 0 0 0 0 0 0 0 0 0 0 0 1 13150.8 13150.8 13150.8 13150.8
0 0 1 0 0 1 0 0 0 0 0 -2.34116e-06 -0 0 0 -0 0 0 0 0 0 0 0 0 0 0 0 0 0 1 13150.8 13150.8 13150.8 13150.8
0 0 1 0 0 1 0 0 0 0 0 -2.32862e-06 -0 0 0 -0 0 0 0 0 0 0 0 0 0 0 0 0 0 1 13150.8 13150.8 13150.8 13150.8
0 0 1 0 0 1 0 0 0 0 0 -2.31643e-06 -0 0 0 -0 0 0 0 0 0 0 0 0 0 0 0 0 0 1 13150.8 13150.8 13150.8 13150.8
0 0 1 0 0 1 0 0 0 0 0 -2.30396e-06 -0 0 0 -0 0 0 0 0 0 0 0 0 0 0 0 0 0 1 13150.8 13150.8 13150.8 13150.8
0 0 1 0 0 1 0 0 0 0 0 -2.29146e-06 -0 0 0 -0 0 0 0 0 0 0 0 0 0 0 0 0 0 1 13150.8 13150.8 13150.8 13150.8
0 0 1 0 0 1 0 0 0 0 0 -2.2791e-06 -0 0 0 -0 0 0 0 0 0 0 0 0 0 0 0 0 0 1 13150.8 13150.8 13150.8 13150.8
0 0 1 0 0 1 0 0 0 0 0 -2.26693e-06 -0 0 0 -0 0 0 0 0 0 0 0 0 0 0 0 0 0 1 13150.8 13150.8 13150.8 13150.8
0 0 1 0 0 1 0 0 0 0 0 -2.25438e-06 -0 0 0 -0 0 0 0 0 0 0 0 0 0 0 0 0 0 1 13150.8 13150.8 13150.8 13150.8
0 0 1 0 0 1 0 0 0 0 0 -2.24205e-06 -0 0 0 -0 0 0 0 0 0 0 0 0 0 0 0 0 0 1 13150.8 13150.8 13150.8 13150.8
0 0 1 0 0 1 0 0 0 0 0 -2.22959e-06 -0 0 0 -0 0 0 0 0 0 0 0 0 0 0 0 0 0 1 13150.8 13150.8 13150.8 13150.8
0 0 1 0 0 1 0 0 0 0 0 -2.21735e-06 -0 0 0 -0 0 0 0 0 0 0 0 0 0 0 0 0 0 1 13150.8 13150.8 13150.8 13150.8
0 0 1 0 0 1 0 0 0 0 0 -2.20504e-06 -0 0 0 -0 0 0 0 0 0 0 0 0 0 0 0 0 0 1 13150.8 13150.8 13150.8 13150.8
0 0 1 0 0 1 0 0 0 0 0 -2.19257e-06 -0 0 0 -0 0 0 0 0 0 0 0 0 0 0 0 0 0 1 13150.8 13150.8 13150.8 13150.8
0 0 1 0 0 1 0 0 0 0 0 -2.18009e-06 -0 0 0 -0 0 0 0 0 0 0 0 0 0 0 0 0 0 1 13150.8 13150.8 13150.8 13150.8
0 0 1 0 0 1 0 0 0 0 0 -2.16788e-06 -0 0 0 -0 0 0 0 0 0 0 0 0 0 0 0 0 0 1 13150.8 13150.8 13150.8 13150.8
0 0 1 0 0 1 0 0 0 0 0 -2.15547e-06 -0 0 0 -0 0 0 0 0 0 0 0 0 0 0 0 0 0 1 13150.8 13150.8 13150.8 13150.8
0 0 1 0 0 1 0 0 0 0 0 -2.14305e-06 -0 0 0 -0 0 0 0 0 0 0 0 0 0 0 0 0 0 1 13150.8 13150.8 13150.8 13150.8
0 0 1 0 0 1 0 0 0 0 0 -2.13059e-06 -0 0 0 -0 0 0 0 0 0 0 0 0 0 0 0 0 0 1 13150.8 13150.8 13150.8 13150.8
0 0 1 0 0 1 0 0 0 0 0 -2.11833e-06 -0 0 0 -0 0 0 0 0 0 0 0 0 0 0 0 0 0 1 13150.8 13150.8 13150.8 13150.8
0 0 1 0 0 1 0 0 0 0 0 -2.10594e-06 -0 0 0 -0 0 0 0 0 0 0 0 0 0 0 0 0 0 1 13150.8 13150.8 13150.8 13150.8
0 0 1 0 0 1 0 0 0 0 0 -2.09357e-06 -0 0 0 -0 0 0 0 0 0 0 0 0 0 0 0 0 0 1 13150.8 13150.8 13150.8 13150.8
0 0 1 0 0 1 0 0 0 0 0 -2.08104e-06 -0 0 0 -0 0 0 0 0 0 0 0 0 0 0 0 0 0 1 13150.8 13150.8 13150.8 13150.8
0 0 1 0 0 1 0 0 0 0 0 -2.0688e-06 -0 0 0 -0 0 0 0 0 0 0 0 0 0 0 0 0 0 1 13150.8 13150.8 13150.8 13150.8
0 0 1 0 0 1 0 0 0 0 0 -2.05636e-06 -0 0 0 -0 0 0 0 0 0 0 0 0 0 0 0 0 0 1 13150.8 13150.8 13150.8 13150.8
0 0 1 0 0 1 0 0 0 0 0 -2.04386e-06 -0 0 0 -0 0 0 0 0 0 0 0 0 0 0 0 0 0 1 13150.8 13150.8 13150.8 13150.8
0 0 1 0 0 1 0 0 0 0 0 -2.03163e-06 -0 0 0 -0 0 0 0 0 0 0 0 0 0 0 0 0 0 1 13150.8 13150.8 13150.8 13150.8
0 0 1 0 0 1 0 0 0 0 0 -2.01924e-06 -0 0 0 -0 0 0 0 0 0 0 0 0 0 0 0 0 0 1 13150.8 13150.8 13150.8 13150.8
0 0 1 0 0 1 0 0 0 0 0 -2.00693e-06 -0 0 0 -0 0 0 0 0 0 0 0 0 0 0 0 0 0 1 13150.8 13150.8 13150.8 13150.8
0 0 1 0 0 1 0 0 0 0 0 -1.99459e-06 -0 0 0 -0 0 0 0 0 0 0 0 0 0 0 0 0 0 1 13150.8 13150.8 13150.8 13150.8
0 0 1 0 0 1 0 0 0 0 0 -1.98214e-06 -0 0 0 -0 0 0 0 0 0 0 0 0 0 0 0 0 0 1 13150.8 13150.8 13150.8 13150.8
0 0 1 0 0 1 0 0 0 0 0 -1.96255e-06 -0 0 0 -0 0 0 0 0 0 0 0 0 0 0 0 0 0 1 13150.8 13150.8 13150.8 13150.8
0 0 1 0 0 1 0 0 0 0 0 -1.94277e-06 -0 0 0 -0 0 0 0 0 0 0 0 0 0 0 0 0 0 1 13150.8 13150.8 13150.8 13150.8
0 0 1 0 0 1 0 0 0 0 0 -1.93037e-06 -0 0 0 -0 0 0 0 0 0 0 0 0 0 0 0 0 0 1 13150.8 13150.8 13150.8 13150.8
0 0 1 0 0 1 0 0 0 0 0 -1.91073e-06 -0 0 0 -0 0 0 0 0 0 0 0 0 0 0 0 0 0 1 13150.8 13150.8 13150.8 13150.8
0 0 1 0 0 1 0 0 0 0 0 -1.89126e-06 -0 0 0 -0 0 0 0 0 0 0 0 0 0 0 0 0 0 1 13150.8 13150.8 13150.8 13150.8
0 0 1 0 0 1 0 0 0 0 0 -1.8788e-06 -0 0 0 -0 0 0 0 0 0 0 0 0 0 0 0 0 0 1 13150.8 13150.8 13150.8 13150.8
0 0 1 0 0 1 0 0 0 0 0 -1.85909e-06 -0 0 0 -0 0 0 0 0 0 0 0 0 0 0 0 0 0 1 13150.8 13150.8 13150.8 13150.8
0 0 1 0 0 1 0 0 0 0 0 -1.83952e-06 -0 0 0 -0 0 0 0 0 0 0 0 0 0 0 0 0 0 1 13150.8 13150.8 13150.8 13150.8
0 0 1 0 0 1 0 0 0 0 0 -1.82716e-06 -0 0 0 -0 0 0 0 0 0 0 0 0 0 0 0 0 0 1 13150.8 13150.8 13150.8 13150.8
0 0 1 0 0 1 0 0 0 0 0 -1.80744e-06 -0 0 0 -0 0 0 0 0 0 0 0 0 0 0 0 0 0 1 13150.8 13150.8 13150.8 13150.8
0 0 1 0 0 1 0 0 0 0 0 -1.79507e-06 -0 0 0 -0 0 0 0 0 0 0 0 0 0 0 0 0 0 1 13150.8 13150.8 13150.8 13150.8
0 0 1 0 0 1 0 0 0 0 0 -1.77538e-06 -0 0 0 -0 0 0 0 0 0 0 0 0 0 0 0 0 0 1 13150.8 13150.8 13150.8 13150.8
0 0 1 0 0 1 0 0 0 0 0 -1.76305e-06 -0 0 0 -0 0 0 0 0 0 0 0 0 0 0 0 0 0 1 13150.8 13150.8 13150.8 13150.8
0 0 1 0 0 1 0 0 0 0 0 -1.74328e-06 -0 0 0 -0 0 0 0 0 0 0 0 0 0 0 0 0 0 1 13150.8 13150.8 13150.8 13150.8
0 0 1 0 0 1 0 0 0 0 0 -1.73089e-06 -0 0 0 -0 0 0 0 0 0 0 0 0 0 0 0 0 0 1 13150.8 13150.8 13150.8 13150.8
0 0 1 0 0 1 0 0 0 0 0 -1.71127e-06 -0 0 0 -0 0 0 0 0 0 0 0 0 0 0 0 0 0 1 13150.8 13150.8 13150.8 13150.8
0 0 1 0 0 1 0 0 0 0 0 -1.6989e-06 -0 0 0 -0 0 0 0 0 0 0 0 0 0 0 0 0 0 1 13150.8 13150.8 13150.8 13150.8
0 0 1 0 0 1 0 0 0 0 0 -1.67919e-06 -0 0 0 -0 0 0 0 0 0 0 0 0 0 0 0 0 0 1 13150.8 13150.8 13150.8 13150.8
0 0 1 0 0 1 0 0 0 0 0 -1.66682e-06 -0 0 0 -0 0 0 0 0 0 0 0 0 0 0 0 0 0 1 13150.8 13150.8 13150.8 13150.8
0 0 1 0 0 1 0 0 0 0 0 -1.65443e-06 -0 0 0 -0 0 0 0 0 0 0 0 0 0 0 0 0 0 1 13150.8 13150.8 13150.8 13150.8
0 0 1 0 0 1 0 0 0 0 0 -1.63489e-06 -0 0 0 -0 0 0 0 0 0 0 0 0 0 0 0 0 0 1 13150.8 13150.8 13150.8 13150.8
0 0 1 0 0 1 0 0 0 0 0 -1.62243e-06 -0 0 0 -0 0 0 0 0 0 0 0 0 0 0 0 0 0 1 13150.8 13150.8 13150.8 13150.8
0 0 1 0 0 1 0 0 0 0 0 -1.61006e-06 -0 0 0 -0 0 0 0 0 0 0 0 0 0 0 0 0 0 1 13150.8 13150.8 13150.8 13150.8
0 0 1 0 0 1 0 0 0 0 0 -1.5904e-06 -0 0 0 -0 0 0 0 0 0 0 0 0 0 0 0 0 0 1 13150.8 13150.8 13150.8 13150.8
0 0 1 0 0 1 0 0 0 0 0 -1.57809e-06 -0 0 0 -0 0 0 0 0 0 0 0 0 0 0 0 0 0 1 13150.8 13150.8 13150.8 13150.8
0 0 1 0 0 1 0 0 0 0 0 -1.56539e-06 -0 0 0 -0 0 0 0 0 0 0 0 0 0 0 0 0 0 1 13150.8 13150.8 13150.8 13150.8
0 0 1 0 0 1 0 0 0 0 0 -1.54605e-06 -0 0 0 -0 0 0 0 0 0 0 0 0 0 0 0 0 0 1 13150.8 13150.8 13150.8 13150.8
0 0 1 0 0 1 0 0 0 0 0 -1.53355e-06 -0 0 0 -0 0 0 0 0 0 0 0 0 0 0 0 0 0 1 13150.8 13150.8 13150.8 13150.8
0 0 1 0 0 1 0 0 0 0 0 -1.52137e-06 -0 0 0 -0 0 0 0 0 0 0 0 0 0 0 0 0 0 1 13150.8 13150.8 13150.8 13150.8
0 0 1 0 0 1 0 0 0 0 0 -1.50894e-06 -0 0 0 -0 0 0 0 0 0 0 0 0 0 0 0 0 0 1 13150.8 13150.8 13150.8 13150.8
0 0 1 0 0 1 0 0 0 0 0 -1.49661e-06 -0 0 0 -0 0 0 0 0 0 0 0 0 0 0 0 0 0 1 13150.8 13150.8 13150.8 13150.8
0 0 1 0 0 1 0 0 0 0 0 -1.47697e-06 -0 0 0 -0 0 0 0 0 0 0 0 0 0 0 0 0 0 1 13150.8 13150.8 13150.8 13150.8
0 0 1 0 0 1 0 0 0 0 0 -1.4645e-06 -0 0 0 -0 0 0 0 0 0 0 0 0 0 0 0 0 0 1 13150.8 13150.8 13150.8 13150.8
0 0 1 0 0 1 0 0 0 0 0 -1.45214e-06 -0 0 0 -0 0 0 0 0 0 0 0 0 0 0 0 0 0 1 13150.8 13150.8 13150.8 13150.8
0 0 1 0 0 1 0 0 0 0 0 -1.4396e-06 -0 0 0 -0 0 0 0 0 0 0 0 0 0 0 0 0 0 1 13150.8 13150.8 13150.8 13150.8
0 0 1 0 0 1 0 0 0 0 0 -1.42738e-06 -0 0 0 -0 0 0 0 0 0 0 0 0 0 0 0 0 0 1 13150.8 13150.8 13150.8 13150.8
0 0 1 0 0 1 0 0 0 0 0 -1.41506e-06 -0 0 0 -0 0 0 0 0 0 0 0 0 0 0 0 0 0 1 13150.8 13150.8 13150.8 13150.8
0 0 1 0 0 1 0 0 0 0 0 -1.4026e-06 -0 0 0 -0 0 0 0 0 0 0 0 0 0 0 0 0 0 1 13150.8 13150.8 13150.8 13150.8
0 0 1 0 0 1 0 0 0 0 0 -1.39017e-06 -0 0 0 -0 0 0 0 0 0 0 0 0 0 0 0 0 0 1 13150.8 13150.8 13150.8 13150.8
0 0 1 0 0 1 0 0 0 0 0 -1.37775e-06 -0 0 0 -0 0 0 0 0 0 0 0 0 0 0 0 0 0 1 13150.8 13150.8 13150.8 13150.8
0 0 1 0 0 1 0 0 0 0 0 -1.36554e-06 -0 0 0 -0 0 0 0 0 0 0 0 0 0 0 0 0 0 1 13150.8 13150.8 13150.8 13150.8
0 0 1 0 0 1 0 0 0 0 0 -1.35307e-06 -0 0 0 -0 0 0 0 0 0 0 0 0 0 0 0 0 0 1 13150.8 13150.8 13150.8 13150.8
0 0 1 0 0 1 0 0 0 0 0 -1.34071e-06 -0 0 0 -0 0 0 0 0 0 0 0 0 0 0 0 0 0 1 13150.8 13150.8 13150.8 13150.8
0 0 1 0 0 1 0 0 0 0 0 -1.32818e-06 -0 0 0 -0 0 0 0 0 0 0 0 0 0 0 0 0 0 1 13150.8 13150.8 13150.8 13150.8
0 0 1 0 0 1 0 0 0 0 0 -1.31602e-06 -0 0 0 -0 0 0 0 0 0 0 0 0 0 0 0 0 0 1 13150.8 13150.8 13150.8 13150.8
0 0 1 0 0 1 0 0 0 0 0 -1.30357e-06 -0 0 0 -0 0 0 0 0 0 0 0 0 0 0 0 0 0 1 13150.8 13150.8 13150.8 13150.8
0 0 1 0 0 1 0 0 0 0 0 -1.29117e-06 -0 0 0 -0 0 0 0 0 0 0 0 0 0 0 0 0 0 1 13150.8 13150.8 13150.8 13150.8
0 0 1 0 0 1 0 0 0 0 0 -1.27867e-06 -0 0 0 -0 0 0 0 0 0 0 0 0 0 0 0 0 0 1 13150.8 13150.8 13150.8 13150.8
0 0 1 0 0 1 0 0 0 0 0 -1.26648e-06 -0 0 0 -0 0 0 0 0 0 0 0 0 0 0 0 0 0 1 13150.8 13150.8 13150.8 13150.8
0 0 1 0 0 1 0 0 0 0 0 -1.25405e-06 -0 0 0 -0 0 0 0 0 0 0 0 0 0 0 0 0 0 1 13150.8 13150.8 13150.8 13150.8
0 0 1 0 0 1 0 0 0 0 0 -1.24174e-06 -0 0 0 -0 0 0 0 0 0 0 0 0 0 0 0 0 0 1 13150.8 13150.8 13150.8 13150.8
0 0 1 0 0 1 0 0 0 0 0 -1.22914e-06 -0 0 0 -0 0 0 0 0 0 0 0 0 0 0 0 0 0 1 13150.8 13150.8 13150.8 13150.8
0 0 1 0 0 1 0 0 0 0 0 -1.21701e-06 -0 0 0 -0 0 0 0 0 0 0 0 0 0 0 0 0 0 1 13150.8 13150.8 13150.8 13150.8
0 0 1 0 0 1 0 0 0 0 0 -1.20452e-06 -0 0 0 -0 0 0 0 0 0 0 0 0 0 0 0 0 0 1 13150.8 13150.8 13150.8 13150.8
0 0 1 0 0 1 0 0 0 0 0 -1.19214e-06 -0 0 0 -0 0 0 0 0 0 0 0 0 0 0 0 0 0 1 13150.8 13150.8 13150.8 13150.8
0 0 1 0 0 1 0 0 0 0 0 -1.1798e-06 -0 0 0 -0 0 0 0 0 0 0 0 0 0 0 0 0 0 1 13150.8 13150.8 13150.8 13150.8
0 0 1 0 0 1 0 0 0 0 0 -1.16748e-06 -0 0 0 -0 0 0 0 0 0 0 0 0 0 0 0 0 0 1 13150.8 13150.8 13150.8 13150.8
0 0 1 0 0 1 0 0 0 0 0 -1.15503e-06 -0 0 0 -0 0 0 0 0 0 0 0 0 0 0 0 0 0 1 13150.8 13150.8 13150.8 13150.8
0 0 1 0 0 1 0 0 0 0 0 -1.14261e-06 -0 0 0 -0 0 0 0 0 0 0 0 0 0 0 0 0 0 1 13150.8 13150.8 13150.8 13150.8
0 0 1 0 0 1 0 0 0 0 0 -1.13013e-06 -0 0 0 -0 0 0 0 0 0 0 0 0 0 0 0 0 0 1 13150.8 13150.8 13150.8 13150.8
0 0 1 0 0 1 0 0 0 0 0 -1.1179e-06 -0 0 0 -0 0 0 0 0 0 0 0 0 0 0 0 0 0 1 13150.8 13150.8 13150.8 13150.8
0 0 1 0 0 1 0 0 0 0 0 -1.10552e-06 -0 0 0 -0 0 0 0 0 0 0 0 0 0 0 0 0 0 1 13150.8 13150.8 13150.8 13150.8
0 0 1 0 0 1 0 0 0 0 0 -1.09314e-06 -0 0 0 -0 0 0 0 0 0 0 0 0 0 0 0 0 0 1 13150.8 13150.8 13150.8 13150.8
0 0 1 0 0 1 0 0 0 0 0 -1.08072e-06 -0 0 0 -0 0 0 0 0 0 0 0 0 0 0 0 0 0 1 13150.8 13150.8 13150.8 13150.8
0 0 1 0 0 1 0 0 0 0 0 -1.06842e-06 -0 0 0 -0 0 0 0 0 0 0 0 0 0 0 0 0 0 1 13150.8 13150.8 13150.8 13150.8
0 0 1 0 0 1 0 0 0 0 0 -1.05601e-06 -0 0 0 -0 0 0 0 0 0 0 0 0 0 0 0 0 0 1 13150.8 13150.8 13150.8 13150.8
0 0 1 0 0 1 0 0 0 0 0 -1.04367e-06 -0 0 0 -0 0 0 0 0 0 0 0 0 0 0 0 0 0 1 13150.8 13150.8 13150.8 13150.8
0 0 1 0 0 1 0 0 0 0 0 -1.03121e-06 -0 0 0 -0 0 0 0 0 0 0 0 0 0 0 0 0 0 1 13150.8 13150.8 13150.8 13150.8
0 0 1 0 0 1 0 0 0 0 0 -1.01886e-06 -0 0 0 -0 0 0 0 0 0 0 0 0 0 0 0 0 0 1 13150.8 13150.8 13150.8 13150.8
0 0 1 0 0 1 0 0 0 0 0 -1.00648e-06 -0 0 0 -0 0 0 0 0 0 0 0 0 0 0 0 0 0 1 13150.8 13150.8 13150.8 13150.8
0 0 1 0 0 1 0 0 0 0 0 -9.94087e-07 -0 0 0 -0 0 0 0 0 0 0 0 0 0 0 0 0 0 1 13150.8 13150.8 13150.8 13150.8
0 0 1 0 0 1 0 0 0 0 0 -9.81669e-07 -0 0 0 -0 0 0 0 0 0 0 0 0 0 0 0 0 0 1 13150.8 13150.8 13150.8 13150.8
0 0 1 0 0 1 0 0 0 0 0 -9.69367e-07 -0 0 0 -0 0 0 0 0 0 0 0 0 0 0 0 0 0 1 13150.8 13150.8 13150.8 13150.8
0 0 1 0 0 1 0 0 0 0 0 -9.57004e-07 -0 0 0 -0 0 0 0 0 0 0 0 0 0 0 0 0 0 1 13150.8 13150.8 13150.8 13150.8
0 0 1 0 0 1 0 0 0 0 0 -9.44629e-07 -0 0 0 -0 0 0 0 0 0 0 0 0 0 0 0 0 0 1 13150.8 13150.8 13150.8 13150.8
0 0 1 0 0 1 0 0 0 0 0 -9.3217e-07 -0 0 0 -0 0 0 0 0 0 0 0 0 0 0 0 0 0 1 13150.8 13150.8 13150.8 13150.8
0 0 1 0 0 1 0 0 0 0 0 -9.19865e-07 -0 0 0 -0 0 0 0 0 0 0 0 0 0 0 0 0 0 1 13150.8 13150.8 13150.8 13150.8
0 0 1 0 0 1 0 0 0 0 0 -9.07408e-07 -0 0 0 -0 0 0 0 0 0 0 0 0 0 0 0 0 0 1 13150.8 13150.8 13150.8 13150.8
0 0 1 0 0 1 0 0 0 0 0 -8.95052e-07 -0 0 0 -0 0 0 0 0 0 0 0 0 0 0 0 0 0 1 13150.8 13150.8 13150.8 13150.8
0 0 1 0 0 1 0 0 0 0 0 -8.82677e-07 -0 0 0 -0 0 0 0 0 0 0 0 0 0 0 0 0 0 1 13150.8 13150.8 13150.8 13150.8
0 0 1 0 0 1 0 0 0 0 0 -8.70338e-07 -0 0 0 -0 0 0 0 0 0 0 0 0 0 0 0 0 0 1 13150.8 13150.8 13150.8 13150.8
0 0 1 0 0 1 0 0 0 0 0 -8.57885e-07 -0 0 0 -0 0 0 0 0 0 0 0 0 0 0 0 0 0 1 13150.8 13150.8 13150.8 13150.8
0 0 1 0 0 1 0 0 0 0 0 -8.45436e-07 -0 0 0 -0 0 0 0 0 0 0 0 0 0 0 0 0 0 1 13150.8 13150.8 13150.8 13150.8
0 0 1 0 0 1 0 0 0 0 0 -8.33014e-07 -0 0 0 -0 0 0 0 0 0 0 0 0 0 0 0 0 0 1 13150.8 13150.8 13150.8 13150.8
0 0 1 0 0 1 0 0 0 0 0 -8.20799e-07 -0 0 0 -0 0 0 0 0 0 0 0 0 0 0 0 0 0 1 13150.8 13150.8 13150.8 13150.8
0 0 1 0 0 1 0 0 0 0 0 -8.08401e-07 -0 0 0 -0 0 0 0 0 0 0 0 0 0 0 0 0 0 1 13150.8 13150.8 13150.8 13150.8
0 0 1 0 0 1 0 0 0 0 0 -7.95871e-07 -0 0 0 -0 0 0 0 0 0 0 0 0 0 0 0 0 0 1 13150.8 13150.8 13150.8 13150.8
0 0 1 0 0 1 0 0 0 0 0 -7.83637e-07 -0 0 0 -0 0 0 0 0 0 0 0 0 0 0 0 0 0 1 13150.8 13150.8 13150.8 13150.8
0 0 1 0 0 1 0 0 0 0 0 -7.71255e-07 -0 0 0 -0 0 0 0 0 0 0 0 0 0 0 0 0 0 1 13150.8 13150.8 13150.8 13150.8
0 0 1 0 0 1 0 0 0 0 0 -7.58872e-07 -0 0 0 -0 0 0 0 0 0 0 0 0 0 0 0 0 0 1 13150.8 13150.8 13150.8 13150.8
0 0 1 0 0 1 0 0 0 0 0 -7.46539e-07 -0 0 0 -0 0 0 0 0 0 0 0 0 0 0 0 0 0 1 13150.8 13150.8 13150.8 13150.8
0 0 1 0 0 1 0 0 0 0 0 -7.34116e-07 -0 0 0 -0 0 0 0 0 0 0 0 0 0 0 0 0 0 1 13150.8 13150.8 13150.8 13150.8
0 0 1 0 0 1 0 0 0 0 0 -7.21769e-07 -0 0 0 -0 0 0 0 0 0 0 0 0 0 0 0 0 0 1 13150.8 13150.8 13150.8 13150.8
0 0 1 0 0 1 0 0 0 0 0 -7.09325e-07 -0 0 0 -0 0 0 0 0 0 0 0 0 0 0 0 0 0 1 13150.8 13150.8 13150.8 13150.8
0 0 1 0 0 1 0 0 0 0 0 -6.96921e-07 -0 0 0 -0 0 0 0 0 0 0 0 0 0 0 0 0 0 1 13150.8 13150.8 13150.8 13150.8
0 0 1 0 0 1 0 0 0 0 0 -6.84618e-07 -0 0 0 -0 0 0 0 0 0 0 0 0 0 0 0 0 0 1 13150.8 13150.8 13150.8 13150.8
0 0 1 0 0 1 0 0 0 0 0 -6.72203e-07 -0 0 0 -0 0 0 0 0 0 0 0 0 0 0 0 0 0 1 13150.8 13150.8 13150.8 13150.8
0 0 1 0 0 1 0 0 0 0 0 -6.59806e-07 -0 0 0 -0 0 0 0 0 0 0 0 0 0 0 0 0 0 1 13150.8 13150.8 13150.8 13150.8
0 0 1 0 0 1 0 0 0 0 0 -6.47416e-07 -0 0 0 -0 0 0 0 0 0 0 0 0 0 0 0 0 0 1 13150.8 13150.8 13150.8 13150.8
0 0 1 0 0 1 0 0 0 0 0 -6.34933e-07 -0 0 0 -0 0 0 0 0 0 0 0 0 0 0 0 0 0 1 13150.8 13150.8 13150.8 13150.8
0 0 1 0 0 1 0 0 0 0 0 -6.22718e-07 -0 0 0 -0 0 0 0 0 0 0 0 0 0 0 0 0 0 1 13150.8 13150.8 13150.8 13150.8
0 0 1 0 0 1 0 0 0 0 0 -6.10303e-07 -0 0 0 -0 0 0 0 0 0 0 0 0 0 0 0 0 0 1 13150.8 13150.8 13150.8 13150.8
0 0 1 0 0 1 0 0 0 0 0 -5.97881e-07 -0 0 0 -0 0 0 0 0 0 0 0 0 0 0 0 0 0 1 13150.8 13150.8 13150.8 13150.8
0 0 1 0 0 1 0 0 0 0 0 -5.85466e-07 -0 0 0 -0 0 0 0 0 0 0 0 0 0 0 0 0 0 1 13150.8 13150.8 13150.8 13150.8
0 0 1 0 0 1 0 0 0 0 0 -5.73227e-07 -0 0 0 -0 0 0 0 0 0 0 0 0 0 0 0 0 0 1 13150.8 13150.8 13150.8 13150.8
0 0 1 0 0 1 0 0 0 0 0 -5.60755e-07 -0 0 0 -0 0 0 0 0 0 0 0 0 0 0 0 0 0 1 13150.8 13150.8 13150.8 13150.8
0 0 1 0 0 1 0 0 0 0 0 -5.48356e-07 -0 0 0 -0 0 0 0 0 0 0 0 0 0 0 0 0 0 1 13150.8 13150.8 13150.8 13150.8
0 0 1 0 0 1 0 0 0 0 0 -5.35867e-07 -0 0 0 -0 0 0 0 0 0 0 0 0 0 0 0 0 0 1 13150.8 13150.8 13150.8 13150.8
0 0 1 0 0 1 0 0 0 0 0 -5.23565e-07 -0 0 0 -0 0 0 0 0 0 0 0 0 0 0 0 0 0 1 13150.8 13150.8 13150.8 13150.8
0 0 1 0 0 1 0 0 0 0 0 -5.11146e-07 -0 0 0 -0 0 0 0 0 0 0 0 0 0 0 0 0 0 1 13150.8 13150.8 13150.8 13150.8
0 0 1 0 0 1 0 0 0 0 0 -4.98694e-07 -0 0 0 -0 0 0 0 0 0 0 0 0 0 0 0 0 0 1 13150.8 13150.8 13150.8 13150.8
0 0 1 0 0 1 0 0 0 0 0 -4.86345e-07 -0 0 0 -0 0 0 0 0 0 0 0 0 0 0 0 0 0 1 13150.8 13150.8 13150.8 13150.8
0 0 1 0 0 1 0 0 0 0 0 -4.74106e-07 -0 0 0 -0 0 0 0 0 0 0 0 0 0 0 0 0 0 1 13150.8 13150.8 13150.8 13150.8
0 0 1 0 0 1 0 0 0 0 0 -4.61726e-07 -0 0 0 -0 0 0 0 0 0 0 0 0 0 0 0 0 0 1 13150.8 13150.8 13150.8 13150.8
0 0 1 0 0 1 0 0 0 0 0 -4.49265e-07 -0 0 0 -0 0 0 0 0 0 0 0 0 0 0 0 0 0 1 13150.8 13150.8 13150.8 13150.8
0 0 1 0 0 1 0 0 0 0 0 -4.36966e-07 -0 0 0 -0 0 0 0 0 0 0 0 0 0 0 0 0 0 1 13150.8 13150.8 13150.8 13150.8
0 0 1 0 0 1 0 0 0 0 0 -4.31903e-07 -0 0 0 -0 0 0 0 0 0 0 0 0 0 0 0 0 0 1 13150.8 13150.8 13150.8 13150.8
0 0 1 0 0 1 0 0 0 0 0 -4.26787e-07 -0 0 0 -0 0 0 0 0 0 0 0 0 0 0 0 0 0 1 13150.8 13150.8 13150.8 13150.8
0 0 1 0 0 1 0 0 0 0 0 -4.21709e-07 -0 0 0 -0 0 0 0 0 0 0 0 0 0 0 0 0 0 1 13150.8 13150.8 13150.8 13150.8
0 0 1 0 0 1 0 0 0 0 0 -4.16608e-07 -0 0 0 -0 0 0 0 0 0 0 0 0 0 0 0 0 0 1 13150.8 13150.8 13150.8 13150.8
0 0 1 0 0 1 0 0 0 0 0 -4.11522e-07 -0 0 0 -0 0 0 0 0 0 0 0 0 0 0 0 0 0 1 13150.8 13150.8 13150.8 13150.8
0 0 1 0 0 1 0 0 0 0 0 -4.0643e-07 -0 0 0 -0 0 0 0 0 0 0 0 0 0 0 0 0 0 1 13150.8 13150.8 13150.8 13150.8
0 0 1 0 0 1 0 0 0 0 0 -4.01249e-07 -0 0 0 -0 0 0 0 0 0 0 0 0 0 0 0 0 0 1 13150.8 13150.8 13150.8 13150.8
0 0 1 0 0 1 0 0 0 0 0 -3.96152e-07 -0 0 0 -0 0 0 0 0 0 0 0 0 0 0 0 0 0 1 13150.8 13150.8 13150.8 13150.8
0 0 1 0 0 1 0 0 0 0 0 -3.91143e-07 -0 0 0 -0 0 0 0 0 0 0 0 0 0 0 0 0 0 1 13150.8 13150.8 13150.8 13150.8
0 0 1 0 0 1 0 0 0 0 0 -3.85965e-07 -0 0 0 -0 0 0 0 0 0 0 0 0 0 0 0 0 0 1 13150.8 13150.8 13150.8 13150.8
0 0 1 0 0 1 0 0 0 0 0 -3.80877e-07 -0 0 0 -0 0 0 0 0 0 0 0 0 0 0 0 0 0 1 13150.8 13150.8 13150.8 13150.8
0 0 1 0 0 1 0 0 0 0 0 -3.75782e-07 -0 0 0 -0 0 0 0 0 0 0 0 0 0 0 0 0 0 1 13150.8 13150.8 13150.8 13150.8
0 0 1 0 0 1 0 0 0 0 0 -3.70754e-07 -0 0 0 -0 0 0 0 0 0 0 0 0 0 0 0 0 0 1 13150.8 13150.8 13150.8 13150.8
0 0 1 0 0 1 0 0 0 0 0 -3.65645e-07 -0 0 0 -0 0 0 0 0 0 0 0 0 0 0 0 0 0 1 13150.8 13150.8 13150.8 13150.8
0 0 1 0 0 1 0 0 0 0 0 -3.60491e-07 -0 0 0 -0 0 0 0 0 0 0 0 0 0 0 0 0 0 1 13150.8 13150.8 13150.8 13150.8
0 0 1 0 0 1 0 0 0 0 0 -3.55434e-07 -0 0 0 -0 0 0 0 0 0 0 0 0 0 0 0 0 0 1 13150.8 13150.8 13150.8 13150.8
0 0 1 0 0 1 0 0 0 0 0 -3.50377e-07 -0 0 0 -0 0 0 0 0 0 0 0 0 0 0 0 0 0 1 13150.8 13150.8 13150.8 13150.8
0 0 1 0 0 1 0 0 0 0 0 -3.45204e-07 -0 0 0 -0 0 0 0 0 0 0 0 0 0 0 0 0 0 1 13150.8 13150.8 13150.8 13150.8
0 0 1 0 0 1 0 0 0 0 0 -3.40153e-07 -0 0 0 -0 0 0 0 0 0 0 0 0 0 0 0 0 0 1 13150.8 13150.8 13150.8 13150.8
0 0 1 0 0 1 0 0 0 0 0 -3.35083e-07 -0 0 0 -0 0 0 0 0 0 0 0 0 0 0 0 0 0 1 13150.8 13150.8 13150.8 13150.8
0 0 1 0 0 1 0 0 0 0 0 -3.29999e-07 -0 0 0 -0 0 0 0 0 0 0 0 0 0 0 0 0 0 1 13150.8 13150.8 13150.8 13150.8
0 0 1 0 0 1 0 0 0 0 0 -3.24874e-07 -0 0 0 -0 0 0 0 0 0 0 0 0 0 0 0 0 0 1 13150.8 13150.8 13150.8 13150.8
0 0 1 0 0 1 0 0 0 0 0 -3.19711e-07 -0 0 0 -0 0 0 0 0 0 0 0 0 0 0 0 0 0 1 13150.8 13150.8 13150.8 13150.8
0 0 1 0 0 1 0 0 0 0 0 -3.14693e-07 -0 0 0 -0 0 0 0 0 0 0 0 0 0 0 0 0 0 1 13150.8 13150.8 13150.8 13150.8
0 0 1 0 0 1 0 0 0 0 0 -3.0962e-07 -0 0 0 -0 0 0 0 0 0 0 0 0 0 0 0 0 0 1 13150.8 13150.8 13150.8 13150.8
0 0 1 0 0 1 0 0 0 0 0 -3.0449e-07 -0 0 0 -0 0 0 0 0 0 0 0 0 0 0 0 0 0 1 13150.8 13150.8 13150.8 13150.8
0 0 1 0 0 1 0 0 0 0 0 -2.99401e-07 -0 0 0 -0 0 0 0 0 0 0 0 0 0 0 0 0 0 1 13150.8 13150.8 13150.8 13150.8
0 0 1 0 0 1 0 0 0 0 0 -2.94249e-07 -0 0 0 -0 0 0 0 0 0 0 0 0 0 0 0 0 0 1 13150.8 13150.8 13150.8 13150.8
0 0 1 0 0 1 0 0 0 0 0 -2.89238e-07 -0 0 0 -0 0 0 0 0 0 0 0 0 0 0 0 0 0 1 13150.8 13150.8 13150.8 13150.8
21.6719 -6.8605 0 0 0 1 0 0 0 0 0 -2.84129e-07 0.388729 0.362284 -0.269391 -0 0 0 0 0 0 0 0 0 3.17005 4.16393 -0.1 0.700399 -0.700399 0.137418 3150.75 23150.8 3150.75 4754.36
21.6719 -6.8605 0 0 0 1 0 0 0 0 0 -0.00808474 0.388729 0.362284 -0.269391 0.0206274 0.0216213 -0.000695393 0 0 0 0 0 0 -0.1055 -0.146172 -0.1 0.700399 -0.700399 0.137418 10994.5 13150.8 2000 2000
21.6719 -6.8605 0 0 0 0.999959 0 0 0 0.00046622 -0.000444687 -0.0359557 0.388729 0.362284 -0.269391 0.0434593 0.0453235 -0.00136861 0 0 0 0 0 0 -0.128949 -0.174632 -0.0941464 0.700399 -0.700399 0.137418 10947.9 9145.6 2000 2000
21.6719 -6.8605 0 2.29755e-06 -2.19143e-06 0.999782 0 0 0 0.00113589 -0.00108617 -0.0695484 0.388729 0.362284 -0.269391 0.0644973 0.0670326 -0.00193198 0 0 0 0 0 0 -0.118069 -0.158459 -0.0866276 0.700399 -0.700399 0.137418 10628.5 8943.1 2000 2000
21.6719 -6.8605 0 7.95812e-06 -7.60424e-06 0.999435 0 0 0 0.00208709 -0.00199939 -0.104296 0.388729 0.362284 -0.269391 0.0845929 0.087593 -0.00247496 0 0 0 0 0 0 -0.113972 -0.151325 -0.0787451 0.699941 -0.699941 0.142004 10391 8736.46 2000 2000
21.6719 -6.8605 0 1.84193e-05 -1.76258e-05 0.998913 0 0 0 0.00328283 -0.00314984 -0.139899 0.388729 0.362284 -0.269391 0.103677 0.106909 -0.00305176 0 0 0 0 0 0 -0.108963 -0.142976 -0.07114 0.698726 -0.698726 0.153503 10241.4 8650.57 2000 2000
21.6719 -6.8605 0 3.51167e-05 -3.36468e-05 0.998201 0 0 0 0.00472761 -0.00454311 -0.176406 0.388729 0.362284 -0.269391 0.121951 0.125166 -0.00372892 0 0 0 0 0 0 -0.105402 -0.13648 -0.0631054 0.697376 -0.697376 0.165328 10091.4 8542.99 2000 2000
21.6719 -6.8605 0 5.8509e-05 -5.61263e-05 0.997328 0 0 0 0.00632906 -0.00609143 -0.212313 0.388729 0.362284 -0.269391 0.138744 0.1417 -0.00451628 0 0 0 0 0 0 -0.0958819 -0.122353 -0.0572949 0.695944 -0.695944 0.176985 9978.63 8575.54 2544.49 2000
21.6719 -6.8605 0 9.01089e-05 -8.65396e-05 0.996268 0 0 0 0.0081648 -0.0078711 -0.248548 0.388729 0.362284 -0.269391 0.15489 0.157144 -0.00549416 0 0 0 0 0 0 -0.0934696 -0.115203 -0.0502857 0.694393 -0.694393 0.188774 9868.79 8514.73 3817.37 3461.18
21.6719 -6.8605 0 0.000130923 -0.000125885 0.995026 0 0 0 0.0103441 -0.00999294 -0.283996 0.388729 0.362284 -0.269391 0.170297 0.171405 -0.00666618 0 0 0 0 0 0 -0.0901426 -0.106812 -0.0442079 0.692771 -0.692771 0.20034 9785.21 8500.34 4689.25 4472.2
21.6719 -6.8605 0 0.000182431 -0.000175645 0.993612 0 0 0 0.0128734 -0.0124692 -0.318445 0.388729 0.362284 -0.269391 0.184915 0.184501 -0.00802627 0 0 0 0 0 0 -0.0861889 -0.0982751 -0.0388642 0.691093 -0.691093 0.211614 9724.38 8518.16 5374.96 5239.13
21.6719 -6.8605 0 0.000246667 -0.000237864 0.992023 0 0 0 0.0157742 -0.0153272 -0.352116 0.388729 0.362284 -0.269391 0.198859 0.196593 -0.00958177 0 0 0 0 0 0 -0.0830211 -0.0912325 -0.0335013 0.689355 -0.689355 0.222665 9669.34 8526.99 5987.01 5904.64
21.6719 -6.8605 0 0.00032605 -0.000314997 0.990251 0 0 0 0.0190768 -0.0186029 -0.385229 0.388729 0.362284 -0.269391 0.212222 0.207815 -0.0113424 0 0 0 0 0 0 -0.0805161 -0.0853962 -0.0280105 0.68755 -0.68755 0.233561 9615.87 8524.87 6552.69 6508.12
21.6719 -6.8605 0 0.000421218 -0.000407801 0.988329 0 0 0 0.0227321 -0.0222543 -0.417221 0.388729 0.362284 -0.269391 0.224794 0.218044 -0.0132671 0 0 0 0 0 0 -0.076101 -0.0778407 -0.0241824 0.685714 -0.685714 0.244118 9610.26 8601.95 6986.61 6971.74
21.6719 -6.8605 0 0.000534781 -0.000518978 0.986245 0 0 0 0.0267744 -0.026321 -0.448444 0.388729 0.362284 -0.269391 0.236737 0.227468 -0.0153678 0 0 0 0 0 0 -0.0729196 -0.0721151 -0.0199055 0.683833 -0.683833 0.254449 9596.82 8648.58 7418.19 7424.66
21.6719 -6.8605 0 0.000668824 -0.00065075 0.983999 0 0 0 0.0312101 -0.0308153 -0.478929 0.388729 0.362284 -0.269391 0.248075 0.236152 -0.017637 0 0 0 0 0 0 -0.0698295 -0.0668456 -0.0158903 0.681912 -0.681912 0.264561 9594.06 8702.99 7814.61 7837.35
21.6719 -6.8605 0 0.000825435 -0.00080538 0.981596 0 0 0 0.0360429 -0.0357464 -0.508686 0.388729 0.362284 -0.269391 0.258825 0.244152 -0.0200647 0 0 0 0 0 0 -0.0667782 -0.0619396 -0.0121654 0.679953 -0.679953 0.27446 9602.49 8766.6 8179.42 8214.63
21.6719 -6.8605 0 0.00100516 -0.000983628 0.97906 0 0 0 0.0412299 -0.0410755 -0.537476 0.388729 0.362284 -0.269391 0.26892 0.251458 -0.0226162 0 0 0 0 0 0 -0.0630695 -0.0566538 -0.00945625 0.677978 -0.677978 0.284063 9642.87 8871.48 8484.32 8529.3
21.6719 -6.8605 0 0.00121362 -0.00119131 0.976342 0 0 0 0.046875 -0.0469138 -0.565892 0.388729 0.362284 -0.269391 0.278578 0.258267 -0.0253362 0 0 0 0 0 0 -0.0610875 -0.0534262 -0.00529532 0.675951 -0.675951 0.293567 9642.07 8905.58 8839.41 8890.96
21.6719 -6.8605 0 0.00144402 -0.0014219 0.973561 0 0 0 0.0527402 -0.0530193 -0.592763 0.388729 0.362284 -0.269391 0.287431 0.264354 -0.0280896 0 0 0 0 0 0 -0.0559648 -0.0472357 -0.00502128 0.67396 -0.67396 0.302583 9759.01 9106.46 9022.51 9080.03
21.6719 -6.8605 0 0.00170899 -0.00168826 0.970583 0 0 0 0.0591069 -0.0596871 -0.619492 0.388729 0.362284 -0.269391 0.295963 0.270088 -0.0310138 0 0 0 0 0 0 -0.0547471 -0.04525 -0.000609809 0.671908 -0.671908 0.311577 9750.88 9118.72 9363.75 9424.05
21.6719 -6.8605 0 0.00200898 -0.00199121 0.967438 0 0 0 0.0659192 -0.0668637 -0.645747 0.388729 0.362284 -0.269391 0.30406 0.275411 -0.0340619 0 0 0 0 0 0 -0.0525217 -0.0423867 0.00249146 0.66982 -0.66982 0.320439 9784.62 9187.88 9644.92 9707.39
21.6719 -6.8605 0 0.00233729 -0.00232421 0.964222 0 0 0 0.0729759 -0.07434 -0.670779 0.388729 0.362284 -0.269391 0.311516 0.280214 -0.0371283 0 0 0 0 0 0 -0.0485331 -0.0379482 0.00281281 0.667762 -0.667762 0.328918 9903.67 9368.37 9813.37 9877.49
21.6719 -6.8605 0 0.00269652 -0.00269016 0.96092 0 0 0 0.0803067 -0.0821476 -0.694822 0.388729 0.362284 -0.269391 0.318441 0.284597 -0.0402266 0 0 0 0 0 0 -0.045357 -0.034498 0.00369153 0.665721 -0.665721 0.337093 10003.2 9515.14 9995.72 10060.3
21.6719 -6.8605 0 0.00309925 -0.00310212 0.957436 0 0 0 0.0881284 -0.0905188 -0.718625 0.388729 0.362284 -0.269391 0.325061 0.288722 -0.0434457 0 0 0 0 0 0 -0.0439587 -0.032925 0.00700619 0.663636 -0.663636 0.345215 10027.2 9558.9 10260.9 10324.8
21.6719 -6.8605 0 0.00354085 -0.00355571 0.953835 0 0 0 0.0962985 -0.0993035 -0.741716 0.388729 0.362284 -0.269391 0.331252 0.292525 -0.0467086 0 0 0 0 0 0 -0.0414795 -0.0303876 0.00839273 0.661552 -0.661552 0.353127 10111 9677.77 10452.1 10515.2
21.6719 -6.8605 0 0.00402171 -0.00405157 0.950131 0 0 0 0.104787 -0.10847 -0.764047 0.388729 0.362284 -0.269391 0.337019 0.296027 -0.0499963 0 0 0 0 0 0 -0.0389936 -0.0279449 0.00940053 0.659475 -0.659475 0.360811 10205 9806.02 10625 10686.8
21.6719 -6.8605 0 0.00454507 -0.00459332 0.946315 0 0 0 0.113618 -0.118045 -0.785718 0.388729 0.362284 -0.269391 0.342407 0.29927 -0.0533127 0 0 0 0 0 0 -0.0368015 -0.0258765 0.0105952 0.657401 -0.657401 0.368303 10291.6 9921.75 10799.5 10859.7
21.6719 -6.8605 0 0.00511115 -0.00518146 0.942401 0 0 0 0.122761 -0.127994 -0.806681 0.388729 0.362284 -0.269391 0.347423 0.302267 -0.0566398 0 0 0 0 0 0 -0.0346014 -0.0238709 0.0114336 0.655337 -0.655337 0.375587 10387.5 10046.1 10957.5 11015.8
21.6719 -6.8605 0 0.00572967 -0.00582635 0.938336 0 0 0 0.132337 -0.138451 -0.827232 0.388729 0.362284 -0.269391 0.352148 0.305079 -0.0600162 0 0 0 0 0 0 -0.0329994 -0.0225186 0.0132682 0.653258 -0.653258 0.382765 10451.4 10129.6 11144.8 11200.7
21.6719 -6.8605 0 0.00640064 -0.00652832 0.934142 0 0 0 0.142304 -0.149368 -0.847262 0.388729 0.362284 -0.269391 0.356564 0.307703 -0.0634141 0 0 0 0 0 0 -0.0312095 -0.0210322 0.0144951 0.651174 -0.651174 0.389802 10533.3 10233.2 11308.7 11362.2
21.6719 -6.8605 0 0.0070972 -0.00725945 0.929995 0 0 0 0.152241 -0.160282 -0.865979 0.388729 0.362284 -0.269391 0.360527 0.310061 -0.0666862 0 0 0 0 0 0 -0.0282238 -0.0183717 0.0123293 0.649173 -0.649173 0.396419 10714.6 10452 11358.2 11409.8
21.6719 -6.8605 0 0.00786886 -0.00807187 0.925605 0 0 0 0.162839 -0.171951 -0.884751 0.388729 0.362284 -0.269391 0.36434 0.312341 -0.0700702 0 0 0 0 0 0 -0.0275771 -0.0181238 0.015755 0.647114 -0.647114 0.403097 10724 10466.7 11583.1 11631.7
21.6719 -6.8605 0 0.00867772 -0.00892598 0.921211 0 0 0 0.173533 -0.183751 -0.902538 0.388729 0.362284 -0.269391 0.3678 0.314424 -0.0733653 0 0 0 0 0 0 -0.0253076 -0.0162274 0.014599 0.64511 -0.64511 0.40947 10870.8 10640.4 11660.3 11706.6
21.6719 -6.8605 0 0.00954304 -0.00984226 0.91671 0 0 0 0.184564 -0.195947 -0.919805 0.388729 0.362284 -0.269391 0.371019 0.316383 -0.076653 0 0 0 0 0 0 -0.023856 -0.0151941 0.0153461 0.643114 -0.643114 0.415704 10956.8 10742.1 11793.2 11836.9
21.6719 -6.8605 0 0.0104612 -0.0108171 0.912134 0 0 0 0.19586 -0.208458 -0.936452 0.388729 0.362284 -0.269391 0.373989 0.318215 -0.0799067 0 0 0 0 0 0 -0.0223202 -0.014078 0.0155293 0.641139 -0.641139 0.421761 11057.6 10859.5 11905.6 11946.8
21.6719 -6.8605 0 0.0114401 -0.011859 0.907454 0 0 0 0.207495 -0.221361 -0.952603 0.388729 0.362284 -0.269391 0.376745 0.319944 -0.0831448 0 0 0 0 0 0 -0.0210109 -0.0132117 0.016156 0.639172 -0.639172 0.427689 11143.1 10958.4 12028.7 12067.3
21.6719 -6.8605 0 0.0124997 -0.0129893 0.902589 0 0 0 0.21967 -0.23488 -0.968529 0.388729 0.362284 -0.269391 0.379335 0.321604 -0.0864156 0 0 0 0 0 0 -0.0200448 -0.0127464 0.017869 0.637182 -0.637182 0.433588 11195.7 11019.6 12182.8 12218.5
21.6719 -6.8605 0 0.0135999 -0.0141657 0.897739 0 0 0 0.231893 -0.248466 -0.98358 0.388729 0.362284 -0.269391 0.381667 0.323135 -0.0895773 0 0 0 0 0 0 -0.0183509 -0.0114323 0.0164962 0.635251 -0.635251 0.439219 11337.1 11179.3 12241.4 12275.1
21.6719 -6.8605 0 0.0147334 -0.0153802 0.892931 0 0 0 0.244088 -0.262029 -0.997735 0.388729 0.362284 -0.269391 0.383762 0.324547 -0.092622 0 0 0 0 0 0 -0.0167864 -0.0102149 0.0149681 0.633386 -0.633386 0.444571 11477.7 11336.6 12291 12322.9
21.6719 -6.8605 0 0.0159586 -0.0166954 0.887923 0 0 0 0.256871 -0.276255 -1.01174 0.388729 0.362284 -0.269391 0.385737 0.325922 -0.0957091 0 0 0 0 0 0 -0.0160828 -0.0100388 0.0169046 0.631493 -0.631493 0.449925 11515.6 11379.5 12441.3 12470.2
21.6719 -6.8605 0 0.0172429 -0.0180767 0.882864 0 0 0 0.269866 -0.290721 -1.02517 0.388729 0.362284 -0.269391 0.387538 0.327219 -0.0987347 0 0 0 0 0 0 -0.0149416 -0.0093015 0.016619 0.62963 -0.62963 0.455119 11616.9 11491.7 12524.2 12551.1
21.6719 -6.8605 0 0.0186241 -0.0195646 0.877617 0 0 0 0.283428 -0.305822 -1.03838 0.388729 0.362284 -0.269391 0.389217 0.328478 -0.101779 0 0 0 0 0 0 -0.0141735 -0.00905365 0.0180484 0.627745 -0.627745 0.460295 11667.5 11548.2 12655.6 12679.7
21.6719 -6.8605 0 0.0200045 -0.0210541 0.87256 0 0 0 0.296584 -0.320469 -1.05045 0.388729 0.362284 -0.269391 0.390673 0.329617 -0.10462 0 0 0 0 0 0 -0.0126687 -0.0077086 0.0147919 0.625976 -0.625976 0.465089 11848.6 11745.6 12647.5 12670.9
21.6719 -6.8605 0 0.0214828 -0.0226515 0.867324 0 0 0 0.310286 -0.335721 -1.06231 0.388729 0.362284 -0.269391 0.392032 0.33073 -0.107482 0 0 0 0 0 0 -0.0120337 -0.00757584 0.016229 0.624189 -0.624189 0.469869 11892.6 11793.8 12772.2 12793
21.6719 -6.8605 0 0.0230425 -0.024339 0.861984 0 0 0 0.324343 -0.351364 -1.07379 0.388729 0.362284 -0.269391 0.393274 0.331801 -0.110313 0 0 0 0 0 0 -0.0112517 -0.00721225 0.0166002 0.622411 -0.622411 0.474562 11966.2 11873.9 12865 12883.7
21.6719 -6.8605 0 0.024691 -0.0261248 0.856527 0 0 0 0.338799 -0.367443 -1.08489 0.388729 0.362284 -0.269391 0.394406 0.332835 -0.113115 0 0 0 0 0 0 -0.0105083 -0.00689151 0.017033 0.620639 -0.620639 0.479182 12037 11950.5 12958.1 12974.8
21.6719 -6.8605 0 0.0263637 -0.0279389 0.85117 0 0 0 0.353072 -0.383308 -1.09521 0.388729 0.362284 -0.269391 0.395397 0.333796 -0.115778 0 0 0 0 0 0 -0.0095505 -0.00610723 0.0151396 0.618943 -0.618943 0.483549 12169.9 12092.9 12982.5 12998.3
21.6719 -6.8605 0 0.0281263 -0.0298525 0.845703 0 0 0 0.367728 -0.399587 -1.10518 0.388729 0.362284 -0.269391 0.396297 0.334728 -0.118417 0 0 0 0 0 0 -0.00892242 -0.00587676 0.0156185 0.617253 -0.617253 0.48785 12233.9 12161.5 13071.5 13085.4
21.6719 -6.8605 0 0.0299923 -0.0318801 0.840095 0 0 0 0.382849 -0.416368 -1.11485 0.388729 0.362284 -0.269391 0.397114 0.335636 -0.121039 0 0 0 0 0 0 -0.00832672 -0.00569725 0.0162621 0.615561 -0.615561 0.492106 12292.6 12224.3 13164 13175.9
21.6719 -6.8605 0 0.0318962 -0.0339507 0.834551 0 0 0 0.397887 -0.433041 -1.12388 0.388729 0.362284 -0.269391 0.397826 0.336491 -0.123548 0 0 0 0 0 0 -0.00760506 -0.00514356 0.01491 0.61393 -0.61393 0.496165 12404.1 12342.6 13198.7 13209.8
21.6719 -6.8605 0 0.0338534 -0.0360808 0.829022 0 0 0 0.412971 -0.449747 -1.13238 0.388729 0.362284 -0.269391 0.398451 0.337305 -0.125975 0 0 0 0 0 0 -0.00699689 -0.00475084 0.0141736 0.612342 -0.612342 0.500074 12495.4 12439.2 13247.7 13257.8
21.6719 -6.8605 0 0.0359324 -0.038345 0.823322 0 0 0 0.428615 -0.467054 -1.14066 0.388729 0.362284 -0.269391 0.399014 0.338109 -0.128404 0 0 0 0 0 0 -0.00652285 -0.00470157 0.0151244 0.610743 -0.610743 0.50397 12539.5 12486 13342.3 13350.5
21.6719 -6.8605 0 0.0380629 -0.0406666 0.817652 0 0 0 0.444267 -0.484349 -1.1484 0.388729 0.362284 -0.269391 0.399499 0.338873 -0.130742 0 0 0 0 0 0 -0.00597582 -0.00432117 0.0142255 0.60919 -0.60919 0.507715 12632.4 12583.7 13384.3 13391.7
21.6719 -6.8605 0 0.0402945 -0.0430995 0.811883 0 0 0 0.460283 -0.502024 -1.15582 0.388729 0.362284 -0.269391 0.399924 0.339619 -0.133048 0 0 0 0 0 0 -0.00551279 -0.00416961 0.0144594 0.607648 -0.607648 0.511398 12692.9 12647.3 13455.9 13461.8
21.6719 -6.8605 0 0.0425834 -0.0455959 0.806136 0 0 0 0.476336 -0.519714 -1.16275 0.388729 0.362284 -0.269391 0.400285 0.340331 -0.135273 0 0 0 0 0 0 -0.00504766 -0.00385885 0.0137111 0.606147 -0.606147 0.514948 12778 12736.4 13498.8 13504.1
21.6719 -6.8605 0 0.0449787 -0.0482094 0.800288 0 0 0 0.492763 -0.537791 -1.16936 0.388729 0.362284 -0.269391 0.400593 0.341028 -0.137466 0 0 0 0 0 0 -0.00463436 -0.00373525 0.0139347 0.604656 -0.604656 0.518442 12835.5 12796.6 13566.8 13570.8
21.6719 -6.8605 0 0.0474472 -0.0509034 0.794431 0 0 0 0.509317 -0.55598 -1.17555 0.388729 0.362284 -0.269391 0.400848 0.341698 -0.139593 0 0 0 0 0 0 -0.00423406 -0.00350296 0.0134532 0.603197 -0.603197 0.52183 12910.4 12874.7 13614.3 13617.5
21.6719 -6.8605 0 0.0500231 -0.0537153 0.788485 0 0 0 0.526217 -0.574523 -1.18141 0.388729 0.362284 -0.269391 0.401057 0.342353 -0.141682 0 0 0 0 0 0 -0.00386015 -0.00337906 0.0135386 0.601751 -0.601751 0.525158 12968.9 12935.6 13675.8 13677.9
21.6719 -6.8605 0 0.0526039 -0.0565331 0.782691 0 0 0 0.542786 -0.592673 -1.18672 0.388729 0.362284 -0.269391 0.401218 0.342967 -0.143654 0 0 0 0 0 0 -0.00352787 -0.00300206 0.0119975 0.600375 -0.600375 0.528299 13067.9 13038.1 13691.2 13693.5
21.6719 -6.8605 0 0.0553292 -0.0595088 0.776733 0 0 0 0.559923 -0.611415 -1.1918 0.388729 0.362284 -0.269391 0.401342 0.343577 -0.145621 0 0 0 0 0 0 -0.00319606 -0.00300038 0.0126837 0.598992 -0.598992 0.53143 13106.7 13078.5 13765.3 13766.1
21.6719 -6.8605 0 0.0581391 -0.0625771 0.770752 0 0 0 0.577227 -0.63031 -1.1965 0.388729 0.362284 -0.269391 0.401429 0.344167 -0.147532 0 0 0 0 0 0 -0.0028948 -0.00284136 0.0123498 0.597635 -0.597635 0.534475 13171.5 13145.5 13811 13811.2
21.6719 -6.8605 0 0.0610157 -0.0657183 0.764789 0 0 0 0.594582 -0.649229 -1.20082 0.388729 0.362284 -0.269391 0.401483 0.344735 -0.149376 0 0 0 0 0 0 -0.00262398 -0.00265768 0.0117914 0.596315 -0.596315 0.537418 13240.4 13216.5 13849.2 13849
21.6719 -6.8605 0 0.0640027 -0.0689798 0.758756 0 0 0 0.612243 -0.66845 -1.20483 0.388729 0.362284 -0.269391 0.401505 0.34529 -0.151184 0 0 0 0 0 0 -0.00235226 -0.00256889 0.0117917 0.595009 -0.595009 0.540305 13293.4 13271.3 13901.1 13900.1
21.6719 -6.8605 0 0.0670448 -0.0723012 0.75277 0 0 0 0.629875 -0.687606 -1.20845 0.388729 0.362284 -0.269391 0.4015 0.345823 -0.152921 0 0 0 0 0 0 -0.00212904 -0.0023851 0.0111148 0.593743 -0.593743 0.543083 13362.4 13342.2 13933.5 13932.4
21.6719 -6.8605 0 0.0702052 -0.0757512 0.746706 0 0 0 0.647839 -0.707091 -1.21178 0.388729 0.362284 -0.269391 0.401469 0.346344 -0.154626 0 0 0 0 0 0 -0.00188666 -0.00231836 0.0111695 0.59249 -0.59249 0.545813 13411.2 13392.5 13984.1 13982.3
21.6719 -6.8605 0 0.0734487 -0.0792915 0.740639 0 0 0 0.665922 -0.726671 -1.21477 0.388729 0.362284 -0.269391 0.401414 0.346849 -0.156277 0 0 0 0 0 0 -0.00168191 -0.00219481 0.010802 0.591265 -0.591265 0.548464 13469.8 13452.6 14022.5 14020.3
21.6719 -6.8605 0 0.0767594 -0.0829041 0.7346 0 0 0 0.684031 -0.746246 -1.21743 0.388729 0.362284 -0.269391 0.40134 0.347336 -0.157869 0 0 0 0 0 0 -0.00150409 -0.00205879 0.0103013 0.590073 -0.590073 0.551024 13530.2 13514.5 14055.9 14053.5
21.6719 -6.8605 0 0.0802336 -0.0866943 0.728417 0 0 0 0.702683 -0.766374 -1.21982 0.388729 0.362284 -0.269391 0.401244 0.347818 -0.159448 0 0 0 0 0 0 -0.00127407 -0.00205294 0.0106775 0.588881 -0.588881 0.55357 13567.4 13552.8 14111.7 14108.4
21.6719 -6.8605 0 0.0836974 -0.090472 0.722404 0 0 0 0.720933 -0.786033 -1.22184 0.388729 0.362284 -0.269391 0.401135 0.348272 -0.160933 0 0 0 0 0 0 -0.00118105 -0.00183094 0.0094895 0.587748 -0.587748 0.555972 13642.8 13629.6 14124.8 14122.1
21.6719 -6.8605 0 0.0873055 -0.094406 0.716289 0 0 0 0.739604 -0.806112 -1.2236 0.388729 0.362284 -0.269391 0.401008 0.34872 -0.162398 0 0 0 0 0 0 -0.000988878 -0.00180945 0.00969115 0.586622 -0.586622 0.558345 13681.6 13669.4 14173.2 14169.8
21.6719 -6.8605 0 0.0909959 -0.0984283 0.710183 0 0 0 0.758358 -0.826248 -1.22506 0.388729 0.362284 -0.269391 0.400868 0.349153 -0.163815 0 0 0 0 0 0 -0.000854785 -0.00171462 0.00933993 0.585523 -0.585523 0.560647 13733.4 13722.2 14206.2 14202.6
21.6719 -6.8605 0 0.0948014 -0.102574 0.704036 0 0 0 0.777358 -0.846612 -1.22623 0.388729 0.362284 -0.269391 0.400715 0.349576 -0.165197 0 0 0 0 0 0 -0.000708219 -0.00165662 0.00923115 0.584442 -0.584442 0.562898 13778.1 13767.8 14244.5 14240.6
21.6719 -6.8605 0 0.09873 -0.106853 0.697839 0 0 0 0.796629 -0.867232 -1.22714 0.388729 0.362284 -0.269391 0.400551 0.349989 -0.166545 0 0 0 0 0 0 -0.000567876 -0.00160351 0.00913817 0.583377 -0.583377 0.565103 13821.5 13812.1 14282.5 14278.2
21.6719 -6.8605 0 0.102661 -0.111132 0.691784 0 0 0 0.815574 -0.887471 -1.22774 0.388729 0.362284 -0.269391 0.400381 0.35038 -0.16782 0 0 0 0 0 0 -0.000524109 -0.00145136 0.00827168 0.582361 -0.582361 0.567196 13882.8 13874.3 14298.9 14295
21.6719 -6.8605 0 0.106741 -0.115572 0.685642 0 0 0 0.83491 -0.908093 -1.2281 0.388729 0.362284 -0.269391 0.4002 0.350765 -0.169075 0 0 0 0 0 0 -0.000381386 -0.00143283 0.00838894 0.581353 -0.581353 0.56926 13918.3 13910.5 14339.8 14335.4
21.6719 -6.8605 0 0.110912 -0.120109 0.679506 0 0 0 0.854347 -0.928789 -1.22819 0.388729 0.362284 -0.269391 0.400012 0.351139 -0.170289 0 0 0 0 0 0 -0.000290811 -0.00136534 0.00811634 0.580369 -0.580369 0.571264 13962.7 13955.6 14369.8 14365.3
21.6719 -6.8605 0 0.115189 -0.124758 0.673358 0 0 0 0.873942 -0.94962 -1.22802 0.388729 0.362284 -0.269391 0.399818 0.351502 -0.171467 0 0 0 0 0 0 -0.000199321 -0.00131014 0.00791913 0.579406 -0.579406 0.573216 14004.2 13997.8 14400.8 14396.2
21.6719 -6.8605 0 0.119611 -0.129563 0.667144 0 0 0 0.893874 -0.970776 -1.2276 0.388729 0.362284 -0.269391 0.399617 0.351858 -0.17262 0 0 0 0 0 0 -8.89576e-05 -0.00128149 0.00791507 0.578455 -0.578455 0.575135 14040.3 14034.5 14436.1 14431.2
21.6719 -6.8605 0 0.124005 -0.134335 0.66111 0 0 0 0.913352 -0.991418 -1.22695 0.388729 0.362284 -0.269391 0.399417 0.352193 -0.173705 0 0 0 0 0 0 -0.000101806 -0.00114794 0.00706138 0.577553 -0.577553 0.576945 14095.9 14090.6 14448.1 14443.8
21.6719 -6.8605 0 0.128646 -0.139373 0.654875 0 0 0 0.933601 -1.01284 -1.22604 0.388729 0.362284 -0.269391 0.399206 0.35253 -0.174791 0 0 0 0 0 0 6.23294e-05 -0.00118408 0.00754232 0.576642 -0.576642 0.578765 14118 14113.2 14493.9 14488.8
21.6719 -6.8605 0 0.133333 -0.144458 0.64872 0 0 0 0.953721 -1.0341 -1.2249 0.388729 0.362284 -0.269391 0.398996 0.352852 -0.175829 0 0 0 0 0 0 8.40511e-05 -0.00109964 0.00704674 0.575763 -0.575763 0.580511 14163.3 14159.1 14513.9 14509.1
21.6719 -6.8605 0 0.138006 -0.149525 0.642718 0 0 0 0.973464 -1.05493 -1.22356 0.388729 0.362284 -0.269391 0.398789 0.353156 -0.176809 0 0 0 0 0 0 6.92558e-05 -0.00099695 0.00637907 0.574927 -0.574927 0.582167 14211.3 14207.5 14528 14523.6
21.6719 -6.8605 0 0.142905 -0.154834 0.63656 0 0 0 0.993849 -1.0764 -1.22197 0.388729 0.362284 -0.269391 0.398574 0.353461 -0.177786 0 0 0 0 0 0 0.000198529 -0.00101694 0.00670165 0.574088 -0.574088 0.58382 14234.4 14231 14566.9 14561.9
21.6719 -6.8605 0 0.147841 -0.16018 0.630492 0 0 0 1.01407 -1.09767 -1.22019 0.388729 0.362284 -0.269391 0.398361 0.353752 -0.178718 0 0 0 0 0 0 0.000204007 -0.000944148 0.00625135 0.573281 -0.573281 0.585404 14275.7 14272.6 14585.2 14580.5
21.6719 -6.8605 0 0.152927 -0.165685 0.624372 0 0 0 1.03459 -1.11922 -1.21817 0.388729 0.362284 -0.269391 0.398146 0.354037 -0.179629 0 0 0 0 0 0 0.000272843 -0.000924945 0.00623402 0.572486 -0.572486 0.586957 14305.5 14302.8 14613.9 14609
21.6719 -6.8605 0 0.158161 -0.171347 0.618209 0 0 0 1.05538 -1.14104 -1.21593 0.388729 0.362284 -0.269391 0.397929 0.354315 -0.180518 0 0 0 0 0 0 0.000332017 -0.000901653 0.0061758 0.571705 -0.571705 0.588479 14335.8 14333.4 14640.9 14635.9
21.6719 -6.8605 0 0.163423 -0.177036 0.612147 0 0 0 1.07598 -1.16261 -1.21352 0.388729 0.362284 -0.269391 0.397716 0.354581 -0.181365 0 0 0 0 0 0 0.000321274 -0.000834084 0.00573232 0.570954 -0.570954 0.589934 14374.4 14372.3 14657.2 14652.5
21.6719 -6.8605 0 0.168815 -0.182863 0.606065 0 0 0 1.09677 -1.18437 -1.21091 0.388729 0.362284 -0.269391 0.397502 0.35484 -0.182188 0 0 0 0 0 0 0.00036483 -0.000808778 0.00563704 0.570219 -0.570219 0.591355 14403.8 14402 14681.5 14676.8
21.6719 -6.8605 0 0.174309 -0.188795 0.6 0 0 0 1.11765 -1.20618 -1.2081 0.388729 0.362284 -0.269391 0.39729 0.35509 -0.182983 0 0 0 0 0 0 0.000387798 -0.000773165 0.00544552 0.569504 -0.569504 0.592732 14434.7 14433.2 14702.7 14698
21.6719 -6.8605 0 0.179913 -0.194843 0.593942 0 0 0 1.13863 -1.22808 -1.2051 0.388729 0.362284 -0.269391 0.39708 0.355334 -0.183753 0 0 0 0 0 0 0.00041258 -0.000742216 0.00528598 0.568806 -0.568806 0.59407 14464.2 14462.8 14724 14719.3
21.6719 -6.8605 0 0.185498 -0.200867 0.588031 0 0 0 1.15925 -1.24956 -1.20199 0.388729 0.362284 -0.269391 0.396875 0.355564 -0.184482 0 0 0 0 0 0 0.000375713 -0.000677028 0.00481752 0.568142 -0.568142 0.595339 14500 14498.7 14736.4 14732.1
21.6719 -6.8605 0 0.19139 -0.207218 0.581922 0 0 0 1.18069 -1.27188 -1.19859 0.388729 0.362284 -0.269391 0.396666 0.355796 -0.185212 0 0 0 0 0 0 0.000486475 -0.000704534 0.00515616 0.567472 -0.567472 0.596616 14516 14515.1 14768.9 14764.1
21.6719 -6.8605 0 0.19727 -0.213552 0.575953 0 0 0 1.20179 -1.29381 -1.19509 0.388729 0.362284 -0.269391 0.396463 0.356015 -0.185903 0 0 0 0 0 0 0.000445967 -0.000643309 0.00470732 0.566834 -0.566834 0.597828 14550.2 14549.4 14780.8 14776.4
21.6719 -6.8605 0 0.203323 -0.220068 0.569934 0 0 0 1.2232 -1.31605 -1.19138 0.388729 0.362284 -0.269391 0.39626 0.35623 -0.186579 0 0 0 0 0 0 0.000486501 -0.000632536 0.00469876 0.566206 -0.566206 0.599016 14573.2 14572.6 14803.1 14798.6
21.6719 -6.8605 0 0.209317 -0.226517 0.564096 0 0 0 1.24411 -1.33774 -1.18761 0.388729 0.362284 -0.269391 0.396066 0.356432 -0.187215 0 0 0 0 0 0 0.000430246 -0.000569652 0.00421598 0.565613 -0.565613 0.600137 14606.5 14605.9 14812.5 14808.5
21.6719 -6.8605 0 0.215625 -0.233301 0.558074 0 0 0 1.26583 -1.36024 -1.18355 0.388729 0.362284 -0.269391 0.395867 0.356636 -0.187851 0 0 0 0 0 0 0.000523128 -0.000591799 0.00449398 0.565016 -0.565016 0.601261 14621.2 14620.9 14840.7 14836.3
21.6719 -6.8605 0 0.221906 -0.24005 0.552201 0 0 0 1.28715 -1.3823 -1.17942 0.388729 0.362284 -0.269391 0.395676 0.356828 -0.188452 0 0 0 0 0 0 0.000476042 -0.000538986 0.00408879 0.564448 -0.564448 0.602326 14651.6 14651.3 14851 14847
21.6719 -6.8605 0 0.228422 -0.247047 0.546231 0 0 0 1.30897 -1.40487 -1.17506 0.388729 0.362284 -0.269391 0.395484 0.357018 -0.189045 0 0 0 0 0 0 0.000527654 -0.000540879 0.00417725 0.563886 -0.563886 0.603378 14669.6 14669.6 14873.3 14869
21.6719 -6.8605 0 0.234843 -0.253939 0.540467 0 0 0 1.33019 -1.42678 -1.17069 0.388729 0.362284 -0.269391 0.395301 0.357196 -0.1896 0 0 0 0 0 0 0.000459686 -0.000482329 0.00370478 0.563358 -0.563358 0.604364 14700.2 14700.1 14880.5 14876.8
21.6719 -6.8605 0 0.241587 -0.261172 0.534531 0 0 0 1.35218 -1.44948 -1.16604 0.388729 0.362284 -0.269391 0.395116 0.357374 -0.190154 0 0 0 0 0 0 0.000536595 -0.000499678 0.00392895 0.562827 -0.562827 0.605352 14713.7 14713.9 14904.9 14900.8
21.6719 -6.8605 0 0.248364 -0.268437 0.528687 0 0 0 1.37399 -1.47196 -1.1613 0.388729 0.362284 -0.269391 0.394936 0.357544 -0.190683 0 0 0 0 0 0 0.000509696 -0.00046558 0.00367276 0.562319 -0.562319 0.606296 14738.2 14738.3 14916.7 14912.8
21.6719 -6.8605 0 0.255149 -0.275706 0.522952 0 0 0 1.39554 -1.49415 -1.1565 0.388729 0.362284 -0.269391 0.394762 0.357706 -0.191187 0 0 0 0 0 0 0.000478905 -0.000431758 0.00341267 0.561834 -0.561834 0.607195 14761.9 14762.1 14927.6 14924
21.6719 -6.8605 0 0.262179 -0.283232 0.517127 0 0 0 1.41759 -1.51683 -1.15148 0.388729 0.362284 -0.269391 0.394588 0.357866 -0.191683 0 0 0 0 0 0 0.000520018 -0.000433946 0.00348788 0.561354 -0.561354 0.608082 14777.2 14777.5 14946.5 14942.7
21.6719 -6.8605 0 0.269194 -0.290739 0.511428 0 0 0 1.4393 -1.53916 -1.14642 0.388729 0.362284 -0.269391 0.394421 0.358018 -0.192154 0 0 0 0 0 0 0.000481718 -0.000399418 0.00321233 0.560897 -0.560897 0.608924 14800.1 14800.5 14955.9 14952.4
21.6719 -6.8605 0 0.27639 -0.298433 0.505697 0 0 0 1.4613 -1.56175 -1.14119 0.388729 0.362284 -0.269391 0.394255 0.358167 -0.192614 0 0 0 0 0 0 0.000499956 -0.000392686 0.00319712 0.560451 -0.560451 0.609746 14816.4 14816.8 14971.4 14967.8
21.6719 -6.8605 0 0.283781 -0.306333 0.499924 0 0 0 1.48361 -1.58464 -1.13578 0.388729 0.362284 -0.269391 0.394092 0.358313 -0.193063 0 0 0 0 0 0 0.000517947 -0.000386369 0.0031843 0.560014 -0.560014 0.610548 14832.3 14832.8 14986.5 14982.9
21.6719 -6.8605 0 0.291116 -0.314167 0.49431 0 0 0 1.50547 -1.60706 -1.13038 0.388729 0.362284 -0.269391 0.393935 0.35845 -0.193486 0 0 0 0 0 0 0.000469489 -0.000351146 0.00288951 0.559601 -0.559601 0.611305 14854.1 14854.5 14993.9 14990.7
21.6719 -6.8605 0 0.298656 -0.322216 0.488648 0 0 0 1.52766 -1.6298 -1.1248 0.388729 0.362284 -0.269391 0.39378 0.358585 -0.193901 0 0 0 0 0 0 0.000489658 -0.000347664 0.00289807 0.559196 -0.559196 0.612045 14868.2 14868.8 15008.4 15005.1
21.6719 -6.8605 0 0.306284 -0.330355 0.483031 0 0 0 1.54985 -1.65251 -1.11913 0.388729 0.362284 -0.269391 0.393629 0.358714 -0.1943 0 0 0 0 0 0 0.000478554 -0.000331093 0.0027772 0.558807 -0.558807 0.612756 14884.9 14885.5 15019.2 15016
21.6719 -6.8605 0 0.314034 -0.338618 0.477435 0 0 0 1.57211 -1.67528 -1.11335 0.388729 0.362284 -0.269391 0.393482 0.35884 -0.194686 0 0 0 0 0 0 0.000474783 -0.000318524 0.00269268 0.55843 -0.55843 0.613442 14900.3 14900.9 15030.4 15027.3
21.6719 -6.8605 0 0.321875 -0.346973 0.471882 0 0 0 1.59436 -1.69802 -1.10749 0.388729 0.362284 -0.269391 0.393338 0.358961 -0.195057 0 0 0 0 0 0 0.000464083 -0.000303772 0.002584 0.558068 -0.558068 0.614101 14915.7 14916.4 15040.5 15037.5
21.6719 -6.8605 0 0.329882 -0.355501 0.46632 0 0 0 1.61681 -1.72095 -1.10149 0.388729 0.362284 -0.269391 0.393197 0.359079 -0.195418 0 0 0 0 0 0 0.000468474 -0.000295982 0.00254202 0.557716 -0.557716 0.61474 14929.2 14929.8 15051.9 15048.8
21.6719 -6.8605 0 0.337952 -0.364091 0.460823 0 0 0 1.63916 -1.74378 -1.09544 0.388729 0.362284 -0.269391 0.393061 0.359192 -0.195764 0 0 0 0 0 0 0.000450798 -0.000279687 0.00241334 0.55738 -0.55738 0.61535 14944.1 14944.8 15060.6 15057.7
21.6719 -6.8605 0 0.346208 -0.372873 0.455306 0 0 0 1.66176 -1.76683 -1.08925 0.388729 0.362284 -0.269391 0.392926 0.359302 -0.196101 0 0 0 0 0 0 0.000457013 -0.000273761 0.0023859 0.557053 -0.557053 0.615942 14956.3 14957 15071.4 15068.5
21.6719 -6.8605 0 0.354422 -0.381607 0.449921 0 0 0 1.68399 -1.78948 -1.08308 0.388729 0.362284 -0.269391 0.392798 0.359406 -0.196421 0 0 0 0 0 0 0.000420883 -0.000251421 0.00219137 0.556744 -0.556744 0.6165 14971.9 14972.5 15077.5 15074.8
21.6719 -6.8605 0 0.363016 -0.390739 0.444394 0 0 0 1.70697 -1.8129 -1.07664 0.388729 0.362284 -0.269391 0.392669 0.359511 -0.196739 0 0 0 0 0 0 0.000460087 -0.000259472 0.00230202 0.556438 -0.556438 0.617052 14980 14980.8 15090.9 15088.1
21.6719 -6.8605 0 0.371609 -0.399866 0.438974 0 0 0 1.72968 -1.83602 -1.07019 0.388729 0.362284 -0.269391 0.392545 0.35961 -0.197041 0 0 0 0 0 0 0.000429187 -0.000240253 0.00213519 0.556148 -0.556148 0.617575 14994.2 14994.9 15097 15094.4
21.6719 -6.8605 0 0.380182 -0.408965 0.43367 0 0 0 1.75208 -1.85881 -1.06378 0.388729 0.362284 -0.269391 0.392426 0.359704 -0.197328 0 0 0 0 0 0 0.000399146 -0.000222169 0.00197677 0.555874 -0.555874 0.618067 15007.6 15008.3 15102.8 15100.3
21.6719 -6.8605 0 0.388794 -0.418103 0.428441 0 0 0 1.77432 -1.88143 -1.05735 0.388729 0.362284 -0.269391 0.392311 0.359794 -0.197603 0 0 0 0 0 0 0.000382044 -0.000209704 0.00187328 0.555614 -0.555614 0.618535 15019.2 15019.9 15109.3 15107
21.6719 -6.8605 0 0.397736 -0.427585 0.423112 0 0 0 1.79716 -1.90464 -1.05068 0.388729 0.362284 -0.269391 0.392197 0.359883 -0.197876 0 0 0 0 0 0 0.000407493 -0.000213638 0.00193744 0.555359 -0.555359 0.618994 15026.6 15027.4 15119.8 15117.4
21.6719 -6.8605 0 0.406654 -0.437036 0.417898 0 0 0 1.81968 -1.92752 -1.04405 0.388729 0.362284 -0.269391 0.392087 0.359969 -0.198134 0 0 0 0 0 0 0.000378835 -0.000197574 0.0017938 0.555118 -0.555118 0.619426 15038.5 15039.2 15124.8 15122.5
21.6719 -6.8605 0 0.415913 -0.446843 0.412586 0 0 0 1.8428 -1.951 -1.03719 0.388729 0.362284 -0.269391 0.391978 0.360053 -0.19839 0 0 0 0 0 0 0.000401134 -0.000200701 0.00184818 0.554882 -0.554882 0.619848 15045.4 15046.2 15134.3 15131.9
21.6719 -6.8605 0 0.424971 -0.456433 0.407488 0 0 0 1.86517 -1.97369 -1.0305 0.388729 0.362284 -0.269391 0.391876 0.360131 -0.198628 0 0 0 0 0 0 0.000350392 -0.000177434 0.00162579 0.554665 -0.554665 0.620236 15058.4 15059 15136.5 15134.4
21.6719 -6.8605 0 0.434278 -0.466282 0.402346 0 0 0 1.88791 -1.99675 -1.02365 0.388729 0.362284 -0.269391 0.391775 0.360208 -0.198862 0 0 0 0 0 0 0.000361072 -0.000176924 0.0016397 0.554455 -0.554455 0.620612 15065.4 15066.1 15144.1 15142
21.6719 -6.8605 0 0.443783 -0.476334 0.397192 0 0 0 1.91087 -2.02003 -1.01669 0.388729 0.362284 -0.269391 0.391675 0.360283 -0.19909 0 0 0 0 0 0 0.000362286 -0.000173163 0.00161879 0.554254 -0.554254 0.620971 15072.9 15073.6 15150.7 15148.6
21.6719 -6.8605 0 0.453314 -0.48641 0.392121 0 0 0 1.93365 -2.04311 -1.00974 0.388729 0.362284 -0.269391 0.39158 0.360355 -0.199307 0 0 0 0 0 0 0.000343053 -0.000162406 0.00152287 0.554064 -0.554064 0.62131 15081.8 15082.5 15154.9 15152.9
21.6719 -6.8605 0 0.463 -0.496644 0.387063 0 0 0 1.95655 -2.06631 -1.00271 0.388729 0.362284 -0.269391 0.391487 0.360424 -0.199517 0 0 0 0 0 0 0.000339278 -0.000157389 0.00148649 0.553884 -0.553884 0.621631 15089 15089.7 15160.3 15158.4
21.6719 -6.8605 0 0.472798 -0.506992 0.382042 0 0 0 1.97946 -2.08951 -0.995632 0.388729 0.362284 -0.269391 0.391397 0.360491 -0.19972 0 0 0 0 0 0 0.000330372 -0.000150832 0.00143257 0.553713 -0.553713 0.621936 15096.2 15096.9 15165 15163.1
21.6719 -6.8605 0 0.482601 -0.51734 0.377111 0 0 0 2.00215 -2.11246 -0.988589 0.388729 0.362284 -0.269391 0.39131 0.360555 -0.199914 0 0 0 0 0 0 0.000311411 -0.000141093 0.00134331 0.553554 -0.553554 0.622219 15103.9 15104.5 15168.3 15166.6
21.6719 -6.8605 0 0.492679 -0.527973 0.372135 0 0 0 2.02522 -2.13581 -0.981389 0.388729 0.362284 -0.269391 0.391225 0.360618 -0.200104 0 0 0 0 0 0 0.000319263 -0.000140711 0.00135373 0.553401 -0.553401 0.622491 15108.9 15109.6 15173.9 15172.1
21.6719 -6.8605 0 0.502768 -0.538613 0.367246 0 0 0 2.04808 -2.15892 -0.974223 0.388729 0.362284 -0.269391 0.391143 0.360678 -0.200285 0 0 0 0 0 0 0.000301031 -0.000131674 0.00126995 0.553259 -0.553259 0.622743 15115.8 15116.5 15176.8 15175.1
21.6719 -6.8605 0 0.513049 -0.54945 0.362356 0 0 0 2.07114 -2.18222 -0.966965 0.388729 0.362284 -0.269391 0.391062 0.360736 -0.200461 0 0 0 0 0 0 0.000300094 -0.000128658 0.00125036 0.553125 -0.553125 0.622981 15121 15121.6 15181 15179.3
21.6719 -6.8605 0 0.523385 -0.560341 0.35753 0 0 0 2.09407 -2.2054 -0.959714 0.388729 0.362284 -0.269391 0.390985 0.360792 -0.200629 0 0 0 0 0 0 0.000286829 -0.000121694 0.00118723 0.553 -0.553 0.623202 15126.8 15127.4 15183.7 15182.1
21.6719 -6.8605 0 0.533864 -0.571377 0.352727 0 0 0 2.11709 -2.22864 -0.95241 0.388729 0.362284 -0.269391 0.39091 0.360846 -0.200792 0 0 0 0 0 0 0.000281471 -0.000117539 0.00115373 0.552884 -0.552884 0.623409 15131.6 15132.2 15186.9 15185.4
21.6719 -6.8605 0 0.544439 -0.582509 0.34797 0 0 0 2.14008 -2.25185 -0.945089 0.388729 0.362284 -0.269391 0.390837 0.360898 -0.200949 0 0 0 0 0 0 0.0002723 -0.000112283 0.00110749 0.552776 -0.552776 0.6236 15136.4 15137.1 15189.5 15188
21.6719 -6.8605 0 0.555181 -0.593812 0.343226 0 0 0 2.16319 -2.27519 -0.937705 0.388729 0.362284 -0.269391 0.390767 0.360948 -0.201102 0 0 0 0 0 0 0.000268524 -0.000108935 0.00108145 0.552677 -0.552677 0.623776 15140.5 15141.1 15192.4 15190.9
21.6719 -6.8605 0 0.565991 -0.605182 0.33854 0 0 0 2.18622 -2.29842 -0.930326 0.388729 0.362284 -0.269391 0.390698 0.360997 -0.201248 0 0 0 0 0 0 0.000257517 -0.000103396 0.00103063 0.552585 -0.552585 0.623938 15144.8 15145.5 15194.3 15192.9
21.6719 -6.8605 0 0.576917 -0.616669 0.33389 0 0 0 2.20926 -2.32166 -0.922923 0.388729 0.362284 -0.269391 0.390632 0.361043 -0.201388 0 0 0 0 0 0 0.000250362 -9.92405e-05 0.000994339 0.552502 -0.552502 0.624086 15148.6 15149.2 15196.3 15194.9
21.6719 -6.8605 0 0.587888 -0.628198 0.329307 0 0 0 2.23216 -2.34476 -0.915546 0.388729 0.362284 -0.269391 0.390568 0.361088 -0.201523 0 0 0 0 0 0 0.000238925 -9.38654e-05 0.000943793 0.552427 -0.552427 0.624219 15152.4 15152.9 15197.6 15196.3
21.6719 -6.8605 0 0.599104 -0.63998 0.324707 0 0 0 2.25535 -2.36814 -0.908061 0.388729 0.362284 -0.269391 0.390506 0.361132 -0.201655 0 0 0 0 0 0 0.000240436 -9.26515e-05 0.000939332 0.552358 -0.552358 0.62434 15154.8 15155.4 15199.9 15198.5
21.6719 -6.8605 0 0.610419 -0.651861 0.320151 0 0 0 2.27851 -2.39148 -0.90057 0.388729 0.362284 -0.269391 0.390446 0.361174 -0.201781 0 0 0 0 0 0 0.000232098 -8.84731e-05 0.000901034 0.552297 -0.552297 0.624448 15157.8 15158.4 15201 15199.8
21.6719 -6.8605 0 0.621784 -0.663789 0.315659 0 0 0 2.30155 -2.41469 -0.893106 0.388729 0.362284 -0.269391 0.390388 0.361214 -0.201903 0 0 0 0 0 0 0.000221452 -8.37019e-05 0.00085547 0.552244 -0.552244 0.624542 15160.7 15161.2 15201.7 15200.5
21.6719 -6.8605 0 0.633275 -0.675844 0.311201 0 0 0 2.32462 -2.43793 -0.885622 0.388729 0.362284 -0.269391 0.390331 0.361253 -0.20202 0 0 0 0 0 0 0.000215698 -8.05494e-05 0.000827485 0.552198 -0.552198 0.624624 15162.9 15163.5 15202.6 15201.4
21.6719 -6.8605 0 0.644941 -0.688079 0.306756 0 0 0 2.34781 -2.46128 -0.878086 0.388729 0.362284 -0.269391 0.390276 0.36129 -0.202133 0 0 0 0 0 0 0.000212477 -7.82458e-05 0.000808724 0.552158 -0.552158 0.624694 15164.7 15165.2 15203.5 15202.3
21.6719 -6.8605 0 0.656594 -0.700295 0.302398 0 0 0 2.37075 -2.48438 -0.870623 0.388729 0.362284 -0.269391 0.390224 0.361326 -0.202242 0 0 0 0 0 0 0.000199699 -7.31434e-05 0.000757661 0.552126 -0.552126 0.624751 15167 15167.5 15203.3 15202.3
21.6719 -6.8605 0 0.668491 -0.712762 0.298029 0 0 0 2.39396 -2.50774 -0.863069 0.388729 0.362284 -0.269391 0.390173 0.361361 -0.202347 0 0 0 0 0 0 0.000200157 -7.21078e-05 0.000752511 0.5521 -0.5521 0.624796 15168 15168.5 15204.1 15203
21.6719 -6.8605 0 0.68048 -0.725321 0.293707 0 0 0 2.41712 -2.53105 -0.855523 0.388729 0.362284 -0.269391 0.390123 0.361395 -0.202449 0 0 0 0 0 0 0.000192816 -6.88191e-05 0.000721129 0.552081 -0.552081 0.624831 15169.3 15169.8 15203.9 15202.9
21.6719 -6.8605 0 0.692611 -0.738025 0.289413 0 0 0 2.44033 -2.5544 -0.847955 0.38763 0.363468 -0.269391 0.390075 0.361428 -0.202547 0 0 0 0 0 0 -0.0133714 0.00761657 -0.00717498 0.553117 -0.549667 0.626041 15365.5 15343.1 14975.9 15059.2
21.6719 -6.8605 0 0.704798 -0.750781 0.285178 0 0 0 2.46344 -2.57764 -0.840423 0.385694 0.365534 -0.269391 0.389926 0.36157 -0.20266 0 0 0 0 0 0 -0.022651 0.0127381 -0.0125589 0.554931 -0.545459 0.628113 15498 15459.8 14818.5 14960.2
21.6719 -6.8605 0 0.717065 -0.763617 0.280993 0 0 0 2.48648 -2.60081 -0.832909 0.383723 0.367613 -0.269391 0.389605 0.361896 -0.202804 0 0 0 0 0 0 -0.0213696 0.0118448 -0.0117976 0.556748 -0.541217 0.630172 15479.7 15443 14841.1 14974
21.6719 -6.8605 0 0.729472 -0.776594 0.276837 0 0 0 2.5096 -2.624 -0.825381 0.381708 0.369713 -0.269391 0.38912 0.362394 -0.202977 0 0 0 0 0 0 -0.0202634 0.0110543 -0.0111312 0.558577 -0.536918 0.632227 15463.5 15427.9 14860.6 14985.8
21.6719 -6.8605 0 0.742056 -0.789752 0.272698 0 0 0 2.53285 -2.64727 -0.817816 0.379641 0.37184 -0.269391 0.388475 0.363059 -0.20318 0 0 0 0 0 0 -0.0192603 0.0103234 -0.0105214 0.560423 -0.532552 0.634283 15448.4 15413.9 14878.2 14996.3
21.6719 -6.8605 0 0.754706 -0.802974 0.268614 0 0 0 2.55606 -2.6704 -0.810285 0.377542 0.373975 -0.269391 0.387685 0.363874 -0.203409 0 0 0 0 0 0 -0.018172 0.00955148 -0.00987544 0.562267 -0.528158 0.636321 15432.2 15398.9 14896.7 15007.3
21.6719 -6.8605 0 0.767456 -0.816293 0.264572 0 0 0 2.57928 -2.69345 -0.802768 0.375403 0.376122 -0.269391 0.386754 0.364831 -0.203664 0 0 0 0 0 0 -0.0172034 0.00884981 -0.00929518 0.564115 -0.523726 0.638346 15417.4 15385.1 14913 15016.8
21.6719 -6.8605 0 0.78032 -0.829727 0.260568 0 0 0 2.60255 -2.71644 -0.795257 0.373223 0.378284 -0.269391 0.385691 0.36592 -0.203944 0 0 0 0 0 0 -0.0163145 0.00819536 -0.00875984 0.565968 -0.519249 0.64036 15403.5 15372.1 14927.7 15025.3
21.6719 -6.8605 0 0.793559 -0.843545 0.256523 0 0 0 2.62635 -2.73981 -0.787605 0.370956 0.380503 -0.269391 0.384473 0.367161 -0.204256 0 0 0 0 0 0 -0.0156953 0.00767553 -0.00835503 0.567861 -0.514639 0.642402 15392.7 15361.6 14938.3 15031.4
21.6719 -6.8605 0 0.806786 -0.857344 0.252556 0 0 0 2.64999 -2.76286 -0.780037 0.368669 0.382713 -0.269391 0.383141 0.368509 -0.204591 0 0 0 0 0 0 -0.0147588 0.00700713 -0.00780879 0.569739 -0.510031 0.644411 15378 15347.9 14953 15039.6
21.6719 -6.8605 0 0.820005 -0.871126 0.248665 0 0 0 2.67348 -2.7856 -0.772551 0.36636 0.384914 -0.269391 0.381706 0.369954 -0.204946 0 0 0 0 0 0 -0.0139173 0.00639733 -0.00731628 0.571601 -0.505426 0.646387 15364.5 15335.3 14966 15046.7
21.6719 -6.8605 0 0.83311 -0.884781 0.244878 0 0 0 2.69665 -2.80785 -0.765206 0.36405 0.387087 -0.269391 0.380188 0.371472 -0.205319 0 0 0 0 0 0 -0.0130954 0.00581381 -0.00684432 0.573433 -0.50086 0.648316 15351.3 15323 14978.2 15053.3
21.6719 -6.8605 0 0.846861 -0.899099 0.240976 0 0 0 2.72083 -2.83089 -0.757579 0.361603 0.389359 -0.269391 0.378498 0.37315 -0.205731 0 0 0 0 0 0 -0.0127804 0.00543972 -0.00659232 0.575339 -0.496069 0.650308 15343.6 15315 14983.5 15055.8
21.6719 -6.8605 0 0.860198 -0.912975 0.237263 0 0 0 2.74418 -2.85292 -0.75026 0.359207 0.391552 -0.269391 0.376775 0.374848 -0.206149 0 0 0 0 0 0 -0.0118738 0.00484848 -0.0061031 0.577172 -0.491424 0.652208 15329.5 15302.1 14995.9 15062.3
21.6719 -6.8605 0 0.874121 -0.92745 0.233456 0 0 0 2.76843 -2.87561 -0.7427 0.356684 0.393831 -0.269391 0.37489 0.376691 -0.206606 0 0 0 0 0 0 -0.0115451 0.00447127 -0.00585232 0.579068 -0.486577 0.654159 15321.4 15293.9 15000.9 15064.5
21.6719 -6.8605 0 0.887898 -0.94176 0.22976 0 0 0 2.79233 -2.89773 -0.735301 0.354165 0.396074 -0.269391 0.372947 0.378575 -0.207077 0 0 0 0 0 0 -0.0108834 0.00399592 -0.00548029 0.580926 -0.481784 0.656056 15310 15283.1 15009.5 15068.5
21.6719 -6.8605 0 0.901881 -0.956271 0.226078 0 0 0 2.81649 -2.91986 -0.727873 0.351586 0.398338 -0.269391 0.3709 0.380542 -0.207574 0 0 0 0 0 0 -0.0104199 0.00359079 -0.00519023 0.582794 -0.476924 0.657947 15300.5 15273.9 15015.5 15071
21.6719 -6.8605 0 0.915895 -0.970799 0.222456 0 0 0 2.8406 -2.9417 -0.720512 0.34898 0.400594 -0.269391 0.368779 0.382562 -0.20809 0 0 0 0 0 0 -0.00992191 0.00319157 -0.00489705 0.584647 -0.472058 0.65981 15290.8 15264.5 15021.5 15073.5
21.6719 -6.8605 0 0.930298 -0.985715 0.218803 0 0 0 2.86528 -2.96382 -0.71303 0.346278 0.402898 -0.269391 0.36653 0.384684 -0.20864 0 0 0 0 0 0 -0.00955565 0.00281931 -0.00465044 0.586532 -0.467063 0.661689 15282.2 15255.8 15025.9 15074.9
21.6719 -6.8605 0 0.944443 -1.00035 0.215283 0 0 0 2.88944 -2.9852 -0.705766 0.343604 0.405145 -0.269391 0.36426 0.386806 -0.209197 0 0 0 0 0 0 -0.00904005 0.00245709 -0.00437393 0.588362 -0.462165 0.663501 15272.5 15246.8 15031.2 15076.7
21.6719 -6.8605 0 0.958829 -1.01521 0.211769 0 0 0 2.91391 -3.0066 -0.698462 0.340863 0.407415 -0.269391 0.361893 0.388997 -0.209782 0 0 0 0 0 0 -0.0086883 0.00211715 -0.00414961 0.590204 -0.457191 0.665309 15264.2 15238.5 15034.7 15077.6
21.6719 -6.8605 0 0.973501 -1.03035 0.208252 0 0 0 2.93879 -3.02809 -0.691097 0.338046 0.409713 -0.269391 0.35942 0.391262 -0.210396 0 0 0 0 0 0 -0.00835194 0.0017812 -0.00393316 0.592061 -0.452126 0.667117 15255.9 15230.2 15037.9 15078.1
21.6719 -6.8605 0 0.988145 -1.04544 0.204809 0 0 0 2.96353 -3.04919 -0.683834 0.335213 0.411988 -0.269391 0.356898 0.393546 -0.211025 0 0 0 0 0 0 -0.00797939 0.00147577 -0.00372249 0.593892 -0.447082 0.668887 15247.5 15222.1 15040.9 15078.4
21.6719 -6.8605 0 1.00287 -1.06059 0.20141 0 0 0 2.98833 -3.07005 -0.676615 0.332344 0.414258 -0.269391 0.354312 0.395864 -0.211676 0 0 0 0 0 0 -0.00765245 0.00118093 -0.00352948 0.595712 -0.442019 0.670631 15239.6 15214.2 15043.3 15078.3
21.6719 -6.8605 0 1.01789 -1.07601 0.198011 0 0 0 3.01354 -3.09098 -0.669341 0.329398 0.416552 -0.269391 0.351625 0.398245 -0.212356 0 0 0 0 0 0 -0.00736351 0.000877285 -0.00334451 0.597544 -0.436869 0.672374 15231.8 15206.3 15045.3 15077.9
21.6719 -6.8605 0 1.03291 -1.09143 0.194673 0 0 0 3.03868 -3.11156 -0.662149 0.32643 0.418828 -0.269391 0.34889 0.400641 -0.213053 0 0 0 0 0 0 -0.00706137 0.000614223 -0.00317423 0.599354 -0.431728 0.674081 15224.1 15198.8 15046.8 15077.2
21.6719 -6.8605 0 1.04835 -1.10723 0.19131 0 0 0 3.06443 -3.13234 -0.654852 0.32336 0.421143 -0.269391 0.346035 0.403111 -0.213787 0 0 0 0 0 0 -0.00679955 0.000311902 -0.0030006 0.601189 -0.426461 0.675798 15216.4 15190.9 15048.3 15076.4
21.6719 -6.8605 0 1.06337 -1.12259 0.1881 0 0 0 3.08941 -3.15221 -0.647836 0.320354 0.423374 -0.269391 0.343216 0.405521 -0.214516 0 0 0 0 0 0 -0.00651414 0.000134089 -0.00287066 0.602951 -0.421349 0.677433 15209.4 15184.4 15048.5 15074.9
21.6719 -6.8605 0 1.07891 -1.13844 0.184841 0 0 0 3.11517 -3.17241 -0.640668 0.317225 0.425659 -0.269391 0.340258 0.408018 -0.215287 0 0 0 0 0 0 -0.00628054 -0.000167595 -0.00270786 0.604749 -0.416077 0.679087 15201.9 15176.6 15049.5 15073.8
21.6719 -6.8605 0 1.09467 -1.15449 0.181599 0 0 0 3.14123 -3.19252 -0.633486 0.314031 0.427952 -0.269391 0.337219 0.41055 -0.216086 0 0 0 0 0 0 -0.00603983 -0.000418765 -0.00256417 0.606546 -0.410746 0.680727 15194.6 15169.2 15049.9 15072.2
21.6719 -6.8605 0 1.11035 -1.17043 0.178437 0 0 0 3.16707 -3.21217 -0.626432 0.310837 0.430207 -0.269391 0.334159 0.413066 -0.216896 0 0 0 0 0 0 -0.00581172 -0.000608143 -0.00244797 0.608309 -0.40546 0.682321 15187.8 15162.5 15049.5 15070.1
21.6719 -6.8605 0 1.12592 -1.18622 0.175357 0 0 0 3.19266 -3.23131 -0.619516 0.307648 0.432421 -0.269391 0.331087 0.415558 -0.217715 0 0 0 0 0 0 -0.005603 -0.000780197 -0.00234384 0.610033 -0.400232 0.683867 15181.2 15156.1 15048.6 15067.7
21.6719 -6.8605 0 1.14196 -1.20245 0.172246 0 0 0 3.21892 -3.25066 -0.612484 0.304347 0.434674 -0.269391 0.32789 0.418116 -0.218574 0 0 0 0 0 0 -0.00538743 -0.00105144 -0.00220294 0.611782 -0.394867 0.685422 15173.9 15148.6 15048.7 15065.9
21.6719 -6.8605 0 1.15808 -1.21874 0.169178 0 0 0 3.24527 -3.26976 -0.605502 0.301011 0.436911 -0.269391 0.324642 0.420678 -0.219452 0 0 0 0 0 0 -0.00518777 -0.00124461 -0.00209548 0.613513 -0.389492 0.686948 15167.1 15141.8 15047.8 15063.4
21.6719 -6.8605 0 1.17445 -1.23523 0.166124 0 0 0 3.27192 -3.28876 -0.598507 0.297609 0.439153 -0.269391 0.321315 0.423264 -0.220359 0 0 0 0 0 0 -0.00498727 -0.00145966 -0.00198091 0.615243 -0.38406 0.688458 15160.2 15134.8 15047 15061
21.6719 -6.8605 0 1.19059 -1.25145 0.163171 0 0 0 3.29814 -3.30714 -0.591698 0.294238 0.441334 -0.269391 0.318006 0.425798 -0.221267 0 0 0 0 0 0 -0.00482319 -0.00157213 -0.00191233 0.616921 -0.378726 0.689909 15154.2 15129 15044.9 15057.8
21.6719 -6.8605 0 1.20704 -1.26795 0.16022 0 0 0 3.32477 -3.3255 -0.58485 0.29079 0.443526 -0.269391 0.314605 0.428364 -0.222207 0 0 0 0 0 0 -0.004631 -0.00178911 -0.00180053 0.618604 -0.373313 0.691351 15147.2 15121.9 15043.9 15055.2
21.6719 -6.8605 0 1.22376 -1.28467 0.15728 0 0 0 3.35175 -3.34378 -0.577983 0.287272 0.445721 -0.269391 0.311124 0.43095 -0.223175 0 0 0 0 0 0 -0.0044437 -0.00198958 -0.00169647 0.620285 -0.36784 0.692778 15140.4 15115 15042.7 15052.4
21.6719 -6.8605 0 1.24079 -1.30166 0.154343 0 0 0 3.37916 -3.36203 -0.571079 0.283675 0.447925 -0.269391 0.307551 0.433562 -0.224176 0 0 0 0 0 0 -0.00425318 -0.00219483 -0.00159061 0.621968 -0.36229 0.694192 15133.3 15107.9 15041.4 15049.6
21.6719 -6.8605 0 1.25737 -1.31815 0.151541 0 0 0 3.40576 -3.37942 -0.564449 0.280162 0.450037 -0.269391 0.30405 0.43608 -0.225162 0 0 0 0 0 0 -0.00414075 -0.00222497 -0.00156393 0.623577 -0.356915 0.695531 15128.1 15103 15037.8 15045.4
21.6719 -6.8605 0 1.27447 -1.33513 0.148706 0 0 0 3.43312 -3.397 -0.557699 0.276525 0.452182 -0.269391 0.300415 0.438653 -0.226193 0 0 0 0 0 0 -0.00393557 -0.00246899 -0.00144187 0.625209 -0.351398 0.696874 15120.7 15095.4 15037 15042.8
21.6719 -6.8605 0 1.29163 -1.3521 0.145919 0 0 0 3.46047 -3.41426 -0.551022 0.272869 0.454297 -0.269391 0.296749 0.441205 -0.227238 0 0 0 0 0 0 -0.00378208 -0.00259685 -0.00137191 0.626815 -0.345896 0.698183 15114.3 15089.2 15034.5 15039.2
21.6719 -6.8605 0 1.30914 -1.36937 0.143131 0 0 0 3.4883 -3.43149 -0.5443 0.269128 0.45642 -0.269391 0.292987 0.443779 -0.228317 0 0 0 0 0 0 -0.00359562 -0.00278819 -0.00127269 0.628423 -0.340312 0.69948 15107.3 15082.1 15032.9 15036.1
21.6719 -6.8605 0 1.32627 -1.38623 0.140458 0 0 0 3.51545 -3.44798 -0.537814 0.265461 0.45846 -0.269391 0.289288 0.446267 -0.229383 0 0 0 0 0 0 -0.00349842 -0.00280892 -0.00125164 0.629968 -0.334881 0.700711 15102 15077.1 15028.9 15031.7
21.6719 -6.8605 0 1.34413 -1.40375 0.137725 0 0 0 3.54367 -3.4648 -0.531141 0.261628 0.46055 -0.269391 0.285412 0.448827 -0.230507 0 0 0 0 0 0 -0.0032654 -0.00307808 -0.00111527 0.631547 -0.32925 0.701956 15094 15068.9 15028.3 15029
21.6719 -6.8605 0 1.36189 -1.42111 0.135064 0 0 0 3.57162 -3.48115 -0.524603 0.257814 0.462588 -0.269391 0.281544 0.451337 -0.231633 0 0 0 0 0 0 -0.00314074 -0.00314538 -0.00107133 0.633086 -0.323689 0.703155 15088 15063.2 15024.9 15024.9
21.6719 -6.8605 0 1.37968 -1.43845 0.132451 0 0 0 3.59953 -3.49714 -0.518145 0.253988 0.46459 -0.269391 0.277654 0.453815 -0.232771 0 0 0 0 0 0 -0.00299888 -0.00324281 -0.00101277 0.634597 -0.318155 0.704318 15081.7 15057 15021.9 15020.9
21.6719 -6.8605 0 1.39741 -1.45567 0.129899 0 0 0 3.62726 -3.51273 -0.511797 0.250171 0.466547 -0.269391 0.273763 0.456248 -0.233914 0 0 0 0 0 0 -0.00287055 -0.00331684 -0.000964436 0.636072 -0.312675 0.705441 15075.7 15051.2 15018.6 15016.9
21.6719 -6.8605 0 1.41566 -1.47335 0.127323 0 0 0 3.65571 -3.5284 -0.505352 0.246238 0.468521 -0.269391 0.269744 0.458714 -0.2351 0 0 0 0 0 0 -0.00265931 -0.00351721 -0.00085466 0.637561 -0.30707 0.706558 15068.1 15043.7 15017.1 15013.7
21.6719 -6.8605 0 1.43419 -1.49124 0.124761 0 0 0 3.68449 -3.54393 -0.498903 0.242245 0.470482 -0.269391 0.265653 0.461177 -0.236312 0 0 0 0 0 0 -0.00248427 -0.0036501 -0.000774739 0.639039 -0.301421 0.707654 15061.1 15036.8 15014.6 15009.9
21.6719 -6.8605 0 1.45253 -1.50888 0.122278 0 0 0 3.71288 -3.55893 -0.492614 0.238294 0.472381 -0.269391 0.261595 0.463571 -0.237519 0 0 0 0 0 0 -0.00237947 -0.00367405 -0.000745888 0.640471 -0.295872 0.708701 15055.3 15031.3 15010.5 15005.4
21.6719 -6.8605 0 1.4708 -1.52639 0.119854 0 0 0 3.74106 -3.57351 -0.486436 0.23436 0.474231 -0.269391 0.257544 0.465915 -0.238727 0 0 0 0 0 0 -0.00225498 -0.00372697 -0.000702097 0.641866 -0.290384 0.709708 15049.2 15025.5 15007 15001.1
21.6719 -6.8605 0 1.48964 -1.54438 0.117405 0 0 0 3.77 -3.58817 -0.480159 0.230306 0.476096 -0.269391 0.25336 0.468287 -0.239979 0 0 0 0 0 0 -0.00203125 -0.00391252 -0.000591095 0.643273 -0.284769 0.710708 15041.4 15017.8 15005.3 14997.9
21.6719 -6.8605 0 1.50865 -1.56248 0.114983 0 0 0 3.79912 -3.6026 -0.473913 0.226218 0.477933 -0.269391 0.24913 0.470636 -0.241248 0 0 0 0 0 0 -0.00186871 -0.00400337 -0.000523938 0.644662 -0.279145 0.71168 15034.6 15011.3 15002.3 14993.8
21.6719 -6.8605 0 1.52759 -1.58044 0.11262 0 0 0 3.82801 -3.6166 -0.467782 0.222152 0.479719 -0.269391 0.244911 0.47293 -0.242516 0 0 0 0 0 0 -0.00174697 -0.00403586 -0.000484111 0.646013 -0.273588 0.712612 15028.4 15005.4 14998.5 14989.3
21.6719 -6.8605 0 1.54651 -1.59831 0.110309 0 0 0 3.85676 -3.63022 -0.46175 0.218098 0.481459 -0.269391 0.240696 0.475174 -0.243786 0 0 0 0 0 0 -0.00161683 -0.00407723 -0.000438375 0.647332 -0.268084 0.713507 15022 14999.4 14994.8 14985
21.6719 -6.8605 0 1.56575 -1.61642 0.108005 0 0 0 3.88589 -3.64372 -0.455701 0.213982 0.483184 -0.269391 0.236406 0.47741 -0.245082 0 0 0 0 0 0 -0.00142563 -0.00418905 -0.000354264 0.648642 -0.262532 0.714381 15014.7 14992.4 14992.3 14981.3
21.6719 -6.8605 0 1.58531 -1.63476 0.105711 0 0 0 3.91539 -3.65708 -0.449643 0.209809 0.484892 -0.269391 0.232043 0.479633 -0.246401 0 0 0 0 0 0 -0.00123622 -0.00428919 -0.00027286 0.649942 -0.256936 0.715234 15007.4 14985.4 14989.5 14977.4
21.6719 -6.8605 0 1.60509 -1.65324 0.103439 0 0 0 3.94511 -3.67022 -0.443607 0.205599 0.486573 -0.269391 0.227633 0.48183 -0.247737 0 0 0 0 0 0 -0.00106356 -0.00436123 -0.000202975 0.651224 -0.251326 0.71606 15000.3 14978.7 14986.4 14973.3
21.6719 -6.8605 0 1.62455 -1.67134 0.101251 0 0 0 3.97422 -3.68278 -0.43776 0.201472 0.48818 -0.269391 0.223298 0.483941 -0.249051 0 0 0 0 0 0 -0.00098734 -0.00432135 -0.000191155 0.652455 -0.245859 0.716838 14994.6 14973.5 14981.6 14968.3
21.6719 -6.8605 0 1.64452 -1.68985 0.0990523 0 0 0 4.00397 -3.69531 -0.431848 0.197251 0.489782 -0.269391 0.218854 0.486055 -0.2504 0 0 0 0 0 0 -0.000759582 -0.00444451 -8.88369e-05 0.653686 -0.2403 0.717601 14986.7 14966 14979.5 14964.8
21.6719 -6.8605 0 1.66476 -1.70853 0.0968691 0 0 0 4.03401 -3.70766 -0.425944 0.192988 0.49136 -0.269391 0.214354 0.488146 -0.251766 0 0 0 0 0 0 -0.000575098 -0.00451091 -1.34535e-05 0.654902 -0.234716 0.71834 14979.3 14959.1 14976.4 14960.7
21.6719 -6.8605 0 1.68466 -1.72682 0.0947679 0 0 0 4.06342 -3.71944 -0.420228 0.188815 0.492864 -0.269391 0.209937 0.490148 -0.253107 0 0 0 0 0 0 -0.000504798 -0.00445689 -3.76653e-06 0.656067 -0.229281 0.719032 14973.6 14953.9 14971.4 14955.7
21.6719 -6.8605 0 1.70487 -1.74532 0.0926777 0 0 0 4.09316 -3.73105 -0.41451 0.184595 0.494346 -0.269391 0.20546 0.49213 -0.254466 0 0 0 0 0 0 -0.000310075 -0.00452563 7.75519e-05 0.657219 -0.223814 0.719702 14966.2 14946.9 14968.6 14951.8
21.6719 -6.8605 0 1.72548 -1.7641 0.0905908 0 0 0 4.12335 -3.74254 -0.408767 0.180313 0.495809 -0.269391 0.200905 0.494097 -0.255849 0 0 0 0 0 0 -0.000100777 -0.00459937 0.000166104 0.658364 -0.218294 0.720351 14958.4 14939.7 14965.9 14948
21.6719 -6.8605 0 1.74605 -1.78277 0.0885517 0 0 0 4.15335 -3.75366 -0.403122 0.176061 0.497222 -0.269391 0.196371 0.496005 -0.257225 0 0 0 0 0 0 2.43103e-05 -0.00458836 0.000207582 0.659475 -0.212841 0.720966 14951.8 14933.6 14961.8 14943.4
21.6719 -6.8605 0 1.76702 -1.80173 0.0865157 0 0 0 4.18382 -3.76464 -0.397453 0.171748 0.498616 -0.269391 0.19176 0.497895 -0.258622 0 0 0 0 0 0 0.000235582 -0.0046501 0.000296323 0.660577 -0.207336 0.72156 14944 14926.3 14959 14939.5
21.6719 -6.8605 0 1.78764 -1.82028 0.0845573 0 0 0 4.21362 -3.77509 -0.391968 0.167535 0.499939 -0.269391 0.187245 0.499698 -0.259989 0 0 0 0 0 0 0.000296797 -0.00457786 0.000304032 0.661631 -0.201984 0.722113 14938.2 14921.1 14953.9 14934.4
21.6719 -6.8605 0 1.80884 -1.83927 0.0825853 0 0 0 4.24413 -3.78549 -0.386413 0.163229 0.501253 -0.269391 0.182618 0.501497 -0.261388 0 0 0 0 0 0 0.000544184 -0.00465943 0.000411928 0.662684 -0.196538 0.722649 14929.8 14913.4 14951.6 14930.9
21.6719 -6.8605 0 1.83025 -1.85836 0.0806363 0 0 0 4.27479 -3.79565 -0.380891 0.158909 0.502532 -0.269391 0.177964 0.503257 -0.262793 0 0 0 0 0 0 0.000713535 -0.00466839 0.000477763 0.663718 -0.191099 0.72316 14922.5 14906.6 14948.1 14926.6
21.6719 -6.8605 0 1.85168 -1.8774 0.0787265 0 0 0 4.30535 -3.80548 -0.375448 0.154613 0.503766 -0.269391 0.173325 0.504962 -0.26419 0 0 0 0 0 0 0.00084606 -0.0046448 0.000524574 0.664723 -0.185713 0.72364 14915.6 14900.4 14944 14922
21.6719 -6.8605 0 1.87282 -1.89609 0.0768826 0 0 0 4.33536 -3.81484 -0.370162 0.150406 0.504938 -0.269391 0.168771 0.506589 -0.26556 0 0 0 0 0 0 0.00091661 -0.00457523 0.000540158 0.665686 -0.18046 0.724083 14909.5 14894.9 14939 14917.1
21.6719 -6.8605 0 1.89465 -1.91529 0.0750193 0 0 0 4.36618 -3.82417 -0.364789 0.146095 0.506101 -0.269391 0.164093 0.508213 -0.266962 0 0 0 0 0 0 0.00118131 -0.00464274 0.000655929 0.66665 -0.175099 0.724512 14900.9 14887 14936.9 14913.6
21.6719 -6.8605 0 1.91651 -1.93444 0.0731929 0 0 0 4.3969 -3.83318 -0.359492 0.141812 0.507219 -0.269391 0.159433 0.509782 -0.268356 0 0 0 0 0 0 0.00131103 -0.0046082 0.000702583 0.667588 -0.16979 0.724912 14893.9 14880.7 14932.7 14909.1
21.6719 -6.8605 0 1.93861 -1.95371 0.0713855 0 0 0 4.42781 -3.84196 -0.35422 0.137515 0.508305 -0.269391 0.154747 0.511312 -0.269753 0 0 0 0 0 0 0.00148179 -0.00459806 0.000770424 0.668507 -0.164485 0.725288 14886.4 14873.9 14929.1 14904.8
21.6719 -6.8605 0 1.96048 -1.97268 0.0696362 0 0 0 4.45824 -3.85031 -0.349087 0.133301 0.509334 -0.269391 0.150141 0.51277 -0.271123 0 0 0 0 0 0 0.0015531 -0.00452277 0.000789023 0.669389 -0.1593 0.725632 14880.2 14868.3 14924.1 14899.8
21.6719 -6.8605 0 1.98273 -1.99189 0.0678942 0 0 0 4.48904 -3.8585 -0.343946 0.129051 0.510337 -0.269391 0.145483 0.514198 -0.272502 0 0 0 0 0 0 0.00175057 -0.00452397 0.000871059 0.670259 -0.154086 0.725955 14872.3 14861.2 14921 14895.9
21.6719 -6.8605 0 2.00522 -2.01123 0.0661707 0 0 0 4.52002 -3.86645 -0.33883 0.124793 0.511307 -0.269391 0.140806 0.515586 -0.273883 0 0 0 0 0 0 0.00191562 -0.00450018 0.000937181 0.671111 -0.148879 0.726254 14864.8 14854.4 14917.3 14891.6
21.6719 -6.8605 0 2.02811 -2.03081 0.064455 0 0 0 4.55139 -3.87422 -0.333707 0.1205 0.512249 -0.269391 0.136081 0.51694 -0.275272 0 0 0 0 0 0 0.00210596 -0.00448526 0.00101593 0.67195 -0.143646 0.726532 14856.8 14847.3 14913.9 14887.5
21.6719 -6.8605 0 2.05059 -2.04994 0.0628068 0 0 0 4.58203 -3.88153 -0.328757 0.116326 0.513131 -0.269391 0.131476 0.518216 -0.27662 0 0 0 0 0 0 0.0021309 -0.00438055 0.0010147 0.672748 -0.138572 0.726779 14851.1 14842.1 14908.2 14882.2
21.6719 -6.8605 0 2.0736 -2.06943 0.0611559 0 0 0 4.61323 -3.8887 -0.32377 0.112096 0.513991 -0.269391 0.126798 0.519467 -0.277983 0 0 0 0 0 0 0.00234713 -0.00437381 0.00110693 0.673538 -0.133442 0.727007 14842.8 14834.7 14905.3 14878.3
21.6719 -6.8605 0 2.0966 -2.08882 0.0595416 0 0 0 4.64426 -3.89556 -0.318864 0.107911 0.514809 -0.269391 0.122161 0.520662 -0.279329 0 0 0 0 0 0 0.00244785 -0.00430611 0.0011438 0.674303 -0.12838 0.72721 14836 14828.5 14900.6 14873.6
21.6719 -6.8605 0 2.11985 -2.10833 0.0579451 0 0 0 4.67545 -3.90219 -0.313985 0.103724 0.515594 -0.269391 0.117512 0.521816 -0.280671 0 0 0 0 0 0 0.00259942 -0.00426052 0.00120566 0.67505 -0.123328 0.727391 14828.5 14821.8 14896.7 14869.3
21.6719 -6.8605 0 2.14312 -2.12775 0.0563825 0 0 0 4.7065 -3.90852 -0.30918 0.0995803 0.51634 -0.269391 0.112901 0.522917 -0.281995 0 0 0 0 0 0 0.00269924 -0.00419019 0.00124336 0.675772 -0.118339 0.727549 14821.7 14815.7 14892.1 14864.5
21.6719 -6.8605 0 2.16673 -2.14735 0.0548316 0 0 0 4.73783 -3.91465 -0.304384 0.0954225 0.517055 -0.269391 0.108265 0.52398 -0.283319 0 0 0 0 0 0 0.00286102 -0.00414361 0.00131105 0.67648 -0.113343 0.727686 14814 14808.8 14888.4 14860.3
21.6719 -6.8605 0 2.19039 -2.1669 0.0533114 0 0 0 4.76906 -3.92049 -0.299654 0.0913028 0.517733 -0.269391 0.103663 0.524993 -0.284627 0 0 0 0 0 0 0.00296045 -0.00406991 0.00134974 0.677166 -0.108402 0.727802 14807 14802.6 14883.7 14855.5
21.6719 -6.8605 0 2.21462 -2.18682 0.0517892 0 0 0 4.80085 -3.92617 -0.294891 0.087134 0.518387 -0.269391 0.0989975 0.525976 -0.285944 0 0 0 0 0 0 0.00315576 -0.00402814 0.0014341 0.677843 -0.103412 0.727897 14798.8 14795.3 14880.3 14851.5
21.6719 -6.8605 0 2.23824 -2.20614 0.0503382 0 0 0 4.83168 -3.93141 -0.290322 0.0831184 0.518988 -0.269391 0.0944954 0.526883 -0.287208 0 0 0 0 0 0 0.00311726 -0.00390567 0.00140925 0.678481 -0.0986125 0.727969 14793.6 14790.5 14873.9 14845.7
21.6719 -6.8605 0 2.2625 -2.22588 0.0488804 0 0 0 4.86316 -3.93652 -0.285706 0.0790437 0.519567 -0.269391 0.0899192 0.527764 -0.288485 0 0 0 0 0 0 0.00332326 -0.00386354 0.00149961 0.679112 -0.0937498 0.728023 14785.3 14783.1 14870.7 14841.9
21.6719 -6.8605 0 2.28695 -2.24567 0.0474438 0 0 0 4.89471 -3.94138 -0.281129 0.0749878 0.520114 -0.269391 0.0853568 0.528601 -0.28975 0 0 0 0 0 0 0.00343268 -0.00378715 0.00154527 0.679726 -0.088916 0.728057 14778.1 14776.7 14866.2 14837.2
21.6719 -6.8605 0 2.31159 -2.26551 0.046029 0 0 0 4.92631 -3.94599 -0.276594 0.0709541 0.520628 -0.269391 0.0808125 0.529394 -0.291001 0 0 0 0 0 0 0.00353442 -0.00370708 0.00158791 0.680321 -0.0841147 0.728071 14771 14770.3 14861.6 14832.5
21.6719 -6.8605 0 2.33576 -2.28487 0.0446719 0 0 0 4.95713 -3.95025 -0.272219 0.0670479 0.521099 -0.269391 0.0764048 0.530124 -0.292206 0 0 0 0 0 0 0.0035132 -0.00359812 0.001574 0.680884 -0.0794702 0.728067 14765.5 14765.2 14855.4 14826.8
21.6719 -6.8605 0 2.36061 -2.30467 0.0433071 0 0 0 4.98864 -3.95435 -0.267792 0.0630826 0.521549 -0.269391 0.071924 0.530828 -0.293423 0 0 0 0 0 0 0.0037084 -0.00353981 0.00166109 0.681442 -0.07476 0.728044 14757.2 14757.9 14852.1 14823
21.6719 -6.8605 0 2.3859 -2.32472 0.0419494 0 0 0 5.02052 -3.95825 -0.263361 0.0591015 0.521972 -0.269391 0.0674199 0.531494 -0.294637 0 0 0 0 0 0 0.00384383 -0.00346254 0.00172093 0.681988 -0.070035 0.728003 14749.5 14751.1 14847.9 14818.5
21.6719 -6.8605 0 2.41094 -2.34446 0.040636 0 0 0 5.05189 -3.96185 -0.259048 0.0552147 0.522359 -0.269391 0.0630171 0.532108 -0.295815 0 0 0 0 0 0 0.00384685 -0.00336003 0.00172006 0.682507 -0.0654254 0.727945 14743.7 14745.6 14842 14813
21.6719 -6.8605 0 2.4359 -2.36404 0.039356 0 0 0 5.08298 -3.96517 -0.25482 0.0513931 0.522713 -0.269391 0.0586828 0.532675 -0.296966 0 0 0 0 0 0 0.00388456 -0.00326669 0.00173573 0.683006 -0.0608958 0.72787 14737.4 14739.9 14836.7 14807.9
21.6719 -6.8605 0 2.46122 -2.38379 0.0380867 0 0 0 5.11433 -3.96829 -0.250602 0.0475702 0.523041 -0.269391 0.0543422 0.533206 -0.298109 0 0 0 0 0 0 0.00399719 -0.00318387 0.00178647 0.683492 -0.0563669 0.727779 14730 14733.3 14832.3 14803.4
21.6719 -6.8605 0 2.48689 -2.40371 0.0368289 0 0 0 5.14592 -3.9712 -0.246396 0.0437495 0.523344 -0.269391 0.05 0.533701 -0.299243 0 0 0 0 0 0 0.00409914 -0.0030967 0.00183278 0.683965 -0.0518423 0.727671 14722.8 14726.9 14827.7 14798.8
21.6719 -6.8605 0 2.51303 -2.42388 0.0355772 0 0 0 5.1779 -3.9739 -0.242185 0.0399143 0.523622 -0.269391 0.0456384 0.53416 -0.300374 0 0 0 0 0 0 0.00421327 -0.00300731 0.00188522 0.684427 -0.0473018 0.727545 14715.3 14720.2 14823.3 14794.2
21.6719 -6.8605 0 2.53859 -2.44349 0.0343821 0 0 0 5.20896 -3.9763 -0.238138 0.0362212 0.523866 -0.269391 0.0414346 0.534568 -0.301454 0 0 0 0 0 0 0.00414275 -0.00290509 0.00185296 0.684861 -0.0429303 0.727408 14710.4 14715.4 14816.5 14788.1
21.6719 -6.8605 0 2.56466 -2.4634 0.0331899 0 0 0 5.24047 -3.9785 -0.234077 0.032507 0.524087 -0.269391 0.0372039 0.534944 -0.302531 0 0 0 0 0 0 0.00426224 -0.00281597 0.00190866 0.685286 -0.0385339 0.727254 14702.8 14708.7 14812.2 14783.7
21.6719 -6.8605 0 2.59082 -2.48326 0.0320215 0 0 0 5.27188 -3.98047 -0.230072 0.0288371 0.524281 -0.269391 0.0330212 0.53528 -0.303587 0 0 0 0 0 0 0.00429901 -0.00272176 0.00192669 0.685694 -0.0341899 0.727086 14696.4 14702.8 14806.9 14778.6
21.6719 -6.8605 0 2.61721 -2.50318 0.03087 0 0 0 5.30337 -3.98223 -0.226099 0.0251908 0.524452 -0.269391 0.0288636 0.535581 -0.304627 0 0 0 0 0 0 0.00435587 -0.00262767 0.0019544 0.686089 -0.0298733 0.726904 14689.7 14696.7 14801.8 14773.6
21.6719 -6.8605 0 2.64357 -2.52298 0.0297458 0 0 0 5.33464 -3.98375 -0.222197 0.0216028 0.524597 -0.269391 0.0247705 0.535845 -0.305642 0 0 0 0 0 0 0.0043695 -0.00253426 0.00196252 0.686467 -0.0256245 0.72671 14683.6 14691 14796.1 14768.3
21.6719 -6.8605 0 2.6704 -2.54301 0.0286283 0 0 0 5.36627 -3.98507 -0.218293 0.0180077 0.52472 -0.269391 0.0206686 0.536075 -0.306649 0 0 0 0 0 0 0.00445337 -0.00243791 0.00200347 0.686834 -0.021366 0.7265 14676.4 14684.6 14791.4 14763.6
21.6719 -6.8605 0 2.69706 -2.56281 0.0275439 0 0 0 5.39749 -3.98615 -0.21448 0.0144915 0.524819 -0.269391 0.0166558 0.536269 -0.307625 0 0 0 0 0 0 0.00443486 -0.00234696 0.00199745 0.687184 -0.0171993 0.72628 14670.7 14679.2 14785.4 14758
21.6719 -6.8605 0 2.72448 -2.58306 0.0264543 0 0 0 5.42941 -3.98705 -0.210624 0.0109311 0.524897 -0.269391 0.0125928 0.536432 -0.308604 0 0 0 0 0 0 0.00455081 -0.00224438 0.00205405 0.687527 -0.0129779 0.726043 14663.1 14672.5 14781 14753.5
21.6719 -6.8605 0 2.75121 -2.60268 0.0254177 0 0 0 5.46032 -3.9877 -0.206932 0.00751744 0.524951 -0.269391 0.00869674 0.536559 -0.309533 0 0 0 0 0 0 0.00444903 -0.00216466 0.00201001 0.687846 -0.00892817 0.725801 14658.6 14667.9 14773.9 14747.2
21.6719 -6.8605 0 2.77869 -2.62276 0.0243761 0 0 0 5.49191 -3.98816 -0.203198 0.00406145 0.524986 -0.269391 0.00475317 0.536656 -0.310464 0 0 0 0 0 0 0.00455689 -0.00206071 0.00206351 0.68816 -0.00482547 0.725543 14651.1 14661.2 14769.5 14742.8
21.6719 -6.8605 0 2.80612 -2.64268 0.023361 0 0 0 5.52324 -3.98841 -0.199536 0.000667583 0.525 -0.269391 0.000881384 0.536721 -0.311369 0 0 0 0 0 0 0.00454207 -0.00197265 0.00206036 0.688459 -0.000793486 0.725275 14645.3 14655.8 14763.6 14737.2
21.6719 -6.8605 0 2.83381 -2.66267 0.0223609 0 0 0 5.55465 -3.98846 -0.195903 3.13889 2.6166 -0.269391 3.13863 2.60484 -0.312257 0 0 0 0 0 0 0.00456551 -0.00187881 0.00207526 0.688746 0.00321248 0.724996 14639 14649.9 14758.1 14732
21.6719 -6.8605 0 2.86134 -2.68244 0.0213899 0 0 0 5.5857 -3.98831 -0.192352 3.1356 2.61662 -0.269391 3.13487 2.60483 -0.313116 0 0 0 0 0 0 0.00453402 -0.00179691 0.00206471 0.689017 0.0071349 0.72471 14633.5 14644.6 14752 14726.4
21.6719 -6.8605 0 2.88929 -2.7024 0.0204274 0 0 0 5.61702 -3.98795 -0.188809 3.1323 2.61667 -0.269391 3.13112 2.60485 -0.313965 0 0 0 0 0 0 0.00457298 -0.00169994 0.00208734 0.68928 0.0110557 0.724411 14626.9 14638.6 14746.8 14721.4
21.6719 -6.8605 0 2.91753 -2.72245 0.019478 0 0 0 5.64846 -3.9874 -0.185292 3.12903 2.61673 -0.269391 3.1274 2.6049 -0.314799 0 0 0 0 0 0 0.00458837 -0.00160697 0.00209926 0.689532 0.0149558 0.724101 14620.7 14632.8 14741.2 14716.1
21.6719 -6.8605 0 2.94602 -2.74256 0.0185435 0 0 0 5.67998 -3.98665 -0.181805 3.12579 2.61681 -0.269391 3.12371 2.60498 -0.315615 0 0 0 0 0 0 0.00459286 -0.00151615 0.00210631 0.689773 0.0188286 0.723781 14614.6 14627.1 14735.5 14710.8
21.6719 -6.8605 0 2.97406 -2.76224 0.0176461 0 0 0 5.71079 -3.98572 -0.178433 3.12265 2.6169 -0.269391 3.12014 2.60508 -0.316396 0 0 0 0 0 0 0.00451629 -0.0014524 0.00207513 0.689998 0.0225798 0.723459 14609.7 14622.2 14728.9 14704.7
21.6719 -6.8605 0 3.00258 -2.78214 0.016755 0 0 0 5.74193 -3.9846 -0.175063 3.11951 2.61701 -0.269391 3.11658 2.60521 -0.317168 0 0 0 0 0 0 0.00454643 -0.00135554 0.00209452 0.690215 0.0263368 0.723125 14603.3 14616.4 14723.6 14699.7
21.6719 -6.8605 0 3.03131 -2.80208 0.015879 0 0 0 5.77311 -3.98329 -0.171726 3.1164 2.61714 -0.269391 3.11305 2.60537 -0.317922 0 0 0 0 0 0 0.00454008 -0.00126998 0.00209688 0.690422 0.030063 0.722782 14597.5 14610.8 14717.9 14694.3
21.6719 -6.8605 0 3.06061 -2.82229 0.0150075 0 0 0 5.8047 -3.98177 -0.168383 3.11328 2.61729 -0.269391 3.10951 2.60554 -0.318669 0 0 0 0 0 0 0.00456337 -0.00117117 0.00211366 0.690622 0.0338025 0.722426 14591.1 14604.9 14712.4 14689.2
21.6719 -6.8605 0 3.08921 -2.84191 0.0141778 0 0 0 5.83534 -3.98012 -0.165178 3.11029 2.61744 -0.269391 3.10613 2.60574 -0.319376 0 0 0 0 0 0 0.00445831 -0.00112804 0.00206901 0.690805 0.037395 0.722073 14586.7 14600.3 14705.5 14682.9
21.6719 -6.8605 0 3.11851 -2.8619 0.0133484 0 0 0 5.86652 -3.97825 -0.161951 3.10728 2.61761 -0.269391 3.10273 2.60596 -0.320078 0 0 0 0 0 0 0.00449224 -0.00102504 0.0020911 0.690983 0.0410184 0.721707 14580.2 14594.4 14700.3 14677.9
21.6719 -6.8605 0 3.1478 -2.88176 0.0125398 0 0 0 5.8975 -3.97623 -0.158782 3.10432 2.61779 -0.269391 3.09939 2.6062 -0.320758 0 0 0 0 0 0 0.00445227 -0.000955748 0.0020778 0.691149 0.0445835 0.721335 14574.9 14589.2 14694.2 14672.3
21.6719 -6.8605 0 3.17725 -2.90162 0.011747 0 0 0 5.92844 -3.97402 -0.155653 3.1014 2.61799 -0.269391 3.09609 2.60646 -0.321421 0 0 0 0 0 0 0.00442607 -0.000880686 0.00207118 0.691307 0.0481109 0.720958 14569.4 14583.9 14688.3 14666.7
21.6719 -6.8605 0 3.20679 -2.92142 0.0109714 0 0 0 5.95928 -3.97166 -0.152569 3.09852 2.6182 -0.269391 3.09285 2.60674 -0.322066 0 0 0 0 0 0 0.00439279 -0.000810206 0.00206117 0.691455 0.0515938 0.720575 14564 14578.6 14682.3 14661.2
21.6719 -6.8605 0 3.23676 -2.94139 0.0102041 0 0 0 5.99036 -3.9691 -0.149495 3.09565 2.61842 -0.269391 3.08962 2.60704 -0.322699 0 0 0 0 0 0 0.00438395 -0.000724959 0.00206325 0.691596 0.0550716 0.720182 14558.2 14573.1 14676.6 14655.9
21.6719 -6.8605 0 3.26665 -2.96119 0.00945826 0 0 0 6.02116 -3.9664 -0.146485 3.09283 2.61865 -0.269391 3.08646 2.60736 -0.323311 0 0 0 0 0 0 0.00433113 -0.000667315 0.00204377 0.691727 0.0584846 0.719787 14553.1 14568.1 14670.4 14650.1
21.6719 -6.8605 0 3.29678 -2.98105 0.00872506 0 0 0 6.05202 -3.96353 -0.143504 3.09004 2.61889 -0.269391 3.08334 2.60769 -0.323907 0 0 0 0 0 0 0.00430351 -0.000594292 0.00203672 0.69185 0.061872 0.719386 14547.6 14562.8 14664.6 14644.6
21.6719 -6.8605 0 3.3269 -3.00077 0.00801092 0 0 0 6.08266 -3.96051 -0.140578 3.08731 2.61915 -0.269391 3.08028 2.60804 -0.324485 0 0 0 0 0 0 0.0042545 -0.00053714 0.00201904 0.691964 0.0652035 0.718981 14542.5 14557.8 14658.5 14638.9
21.6719 -6.8605 0 3.35744 -3.02066 0.00730505 0 0 0 6.11354 -3.9573 -0.137663 3.08458 2.61941 -0.269391 3.07724 2.60841 -0.325051 0 0 0 0 0 0 0.00423452 -0.000458453 0.00201593 0.692071 0.0685287 0.718569 14537 14552.4 14652.7 14633.6
21.6719 -6.8605 0 3.38805 -3.04047 0.00661594 0 0 0 6.14428 -3.95396 -0.134796 3.08189 2.61968 -0.269391 3.07425 2.60879 -0.325599 0 0 0 0 0 0 0.00418708 -0.00040122 0.00199907 0.692171 0.0718075 0.718153 14531.9 14547.4 14646.6 14627.9
21.6719 -6.8605 0 3.41875 -3.06022 0.00594242 0 0 0 6.17492 -3.95046 -0.131971 3.07925 2.61996 -0.269391 3.07131 2.60918 -0.326132 0 0 0 0 0 0 0.00414162 -0.000343719 0.00198314 0.692262 0.0750445 0.717734 14526.8 14542.4 14640.6 14622.3
21.6719 -6.8605 0 3.44947 -3.07988 0.0052857 0 0 0 6.20539 -3.94683 -0.129194 3.07662 2.62025 -0.269391 3.06843 2.60959 -0.326647 0 0 0 0 0 0 0.00389611 -0.000370305 0.00185596 0.692209 0.0782473 0.717443 14525 14539.5 14631.7 14614.3
21.6719 -6.8605 0 3.48068 -3.09973 0.00463608 0 0 0 6.23614 -3.94301 -0.126426 3.0734 2.62063 -0.269391 3.06556 2.61001 -0.327152 0 0 0 0 0 0 -0.0010151 -0.00229117 -0.000875103 0.688863 0.0818034 0.720261 14600.4 14586.9 14553.5 14548.2
21.6719 -6.8605 0 3.51183 -3.11942 0.00400454 0 0 0 6.26664 -3.93907 -0.123712 3.07016 2.62102 -0.269391 3.06269 2.61045 -0.327651 0 0 0 0 0 0 -0.00112145 -0.0023304 -0.000942185 0.685491 0.0853305 0.723063 14597 14582.9 14546.3 14541.4
21.6719 -6.8605 0 3.54311 -3.13909 0.00338694 0 0 0 6.29707 -3.93499 -0.121036 3.06691 2.62144 -0.269391 3.05981 2.61091 -0.328145 0 0 0 0 0 0 -0.00123628 -0.00237246 -0.00101509 0.682074 0.088849 0.725865 14593.8 14579 14539 14534.4
21.6719 -6.8605 0 3.57474 -3.15885 0.00277905 0 0 0 6.32765 -3.93073 -0.118381 3.06362 2.62188 -0.269391 3.05689 2.61138 -0.328639 0 0 0 0 0 0 -0.00136213 -0.00241824 -0.00109543 0.678588 0.0923817 0.728686 14590.8 14575.3 14531.6 14527.2
21.6719 -6.8605 0 3.6063 -3.17846 0.00218855 0 0 0 6.35797 -3.92635 -0.115779 3.06032 2.62234 -0.269391 3.05396 2.61188 -0.329126 0 0 0 0 0 0 -0.00143304 -0.00245913 -0.00114471 0.675078 0.0958821 0.731489 14586.9 14571 14525 14520.8
21.6719 -6.8605 0 3.63795 -3.198 0.00161226 0 0 0 6.38817 -3.92184 -0.113218 3.05701 2.62282 -0.269391 3.05103 2.61239 -0.329609 0 0 0 0 0 0 -0.00151108 -0.00250263 -0.00119902 0.671528 0.099366 0.734286 14583.3 14566.9 14518.4 14514.3
21.6719 -6.8605 0 3.67 -3.21768 0.00104423 0 0 0 6.41857 -3.91714 -0.110672 3.05365 2.62333 -0.269391 3.04805 2.61293 -0.330092 0 0 0 0 0 0 -0.00161372 -0.00255201 -0.00126887 0.667902 0.102868 0.737106 14580.1 14563 14511.3 14507.4
21.6719 -6.8605 0 3.70209 -3.23727 0.000490867 0 0 0 6.44882 -3.9123 -0.10817 3.05028 2.62386 -0.269391 3.04506 2.61349 -0.33057 0 0 0 0 0 0 -0.00166736 -0.00259599 -0.00131084 0.664239 0.106347 0.739917 14576.1 14558.7 14505.1 14501.2
21.6719 -6.8605 0 3.73434 -3.25683 -5.01038e-05 0 0 0 6.47902 -3.90731 -0.105701 3.04688 2.62442 -0.269391 3.04204 2.61407 -0.331045 0 0 0 0 0 0 -0.00172534 -0.00264241 -0.00135635 0.660527 0.109815 0.742728 14572.3 14554.5 14498.8 14495
21.6719 -6.8605 0 3.76722 -3.27666 -0.000586467 0 0 0 6.50961 -3.90209 -0.103232 3.04342 2.62501 -0.269391 3.03895 2.61467 -0.331524 0 0 0 0 0 0 -0.00182239 -0.00269845 -0.00142646 0.656712 0.113321 0.745579 14569.2 14550.7 14491.8 14488.2
21.6719 -6.8605 0 3.79929 -3.29588 -0.00109497 0 0 0 6.53925 -3.89687 -0.100869 3.04003 2.62561 -0.269391 3.03593 2.61528 -0.331985 0 0 0 0 0 0 -0.00176294 -0.00272603 -0.00140338 0.65296 0.116711 0.748346 14563.6 14545.2 14487.5 14483.6
21.6719 -6.8605 0 3.83183 -3.31527 -0.00159695 0 0 0 6.56915 -3.89144 -0.0985149 3.03658 2.62624 -0.269391 3.03286 2.61592 -0.332448 0 0 0 0 0 0 -0.00183403 -0.0027802 -0.00145969 0.649123 0.120121 0.75114 14560.3 14541.3 14481.1 14477.2
21.6719 -6.8605 0 3.86488 -3.33485 -0.00209259 0 0 0 6.59932 -3.8858 -0.0961685 3.03308 2.6269 -0.269391 3.02972 2.61659 -0.332912 0 0 0 0 0 0 -0.00189697 -0.00283565 -0.00151254 0.645194 0.123552 0.753963 14556.8 14537.4 14474.7 14470.9
21.6719 -6.8605 0 3.89819 -3.35447 -0.00257804 0 0 0 6.62954 -3.87998 -0.0938481 3.02955 2.62759 -0.269391 3.02655 2.61728 -0.333374 0 0 0 0 0 0 -0.00192551 -0.00288597 -0.00154572 0.641203 0.126978 0.756793 14552.8 14533.1 14469 14465
21.6719 -6.8605 0 3.93142 -3.37391 -0.00304844 0 0 0 6.65949 -3.87403 -0.0915775 3.02601 2.62831 -0.269391 3.02337 2.61799 -0.333829 0 0 0 0 0 0 -0.00191448 -0.00292824 -0.00155545 0.637192 0.130361 0.7596 14548.2 14528.3 14463.9 14459.7
21.6719 -6.8605 0 3.9641 -3.39293 -0.00349789 0 0 0 6.68875 -3.86805 -0.0893864 3.02254 2.62903 -0.269391 3.02023 2.6187 -0.33427 0 0 0 0 0 0 -0.00185927 -0.00295896 -0.00153799 0.633217 0.133654 0.762347 14543 14523.2 14459.8 14455.2
21.6719 -6.8605 0 3.99777 -3.4124 -0.0039478 0 0 0 6.71871 -3.86176 -0.0871712 3.01895 2.62981 -0.269391 3.01699 2.61946 -0.334718 0 0 0 0 0 0 -0.0019414 -0.00302806 -0.00160779 0.629093 0.137012 0.76516 14540.2 14519.8 14453.2 14448.7
21.6719 -6.8605 0 4.03129 -3.43166 -0.00438266 0 0 0 6.74834 -3.85536 -0.0850081 3.01538 2.63061 -0.269391 3.01375 2.62024 -0.335158 0 0 0 0 0 0 -0.00191005 -0.00306785 -0.00160733 0.624958 0.140318 0.767945 14535.5 14515 14448.6 14443.8
21.6719 -6.8605 0 4.0654 -3.45115 -0.00481237 0 0 0 6.77831 -3.84871 -0.0828483 3.01174 2.63144 -0.269391 3.01044 2.62105 -0.335599 0 0 0 0 0 0 -0.00193949 -0.00312745 -0.0016469 0.620719 0.143646 0.770762 14531.9 14511.1 14442.9 14438
21.6719 -6.8605 0 4.09877 -3.4701 -0.00522021 0 0 0 6.80743 -3.84207 -0.0807765 3.00817 2.63229 -0.269391 3.00719 2.62186 -0.336024 0 0 0 0 0 0 -0.00185048 -0.00315007 -0.00161061 0.616544 0.146862 0.773502 14526.3 14505.7 14439.4 14434
21.6719 -6.8605 0 4.13295 -3.48939 -0.00562582 0 0 0 6.83708 -3.83512 -0.078694 3.00452 2.63318 -0.269391 3.00385 2.62272 -0.336451 0 0 0 0 0 0 -0.00188993 -0.00321623 -0.00165906 0.612238 0.150119 0.776292 14523.1 14502.1 14433.6 14428.1
21.6719 -6.8605 0 4.16744 -3.50874 -0.00602281 0 0 0 6.8668 -3.82798 -0.0766332 3.00083 2.6341 -0.269391 3.00046 2.6236 -0.336876 0 0 0 0 0 0 -0.00187772 -0.00326749 -0.00167532 0.607864 0.153363 0.77909 14518.9 14497.8 14428.7 14423
21.6719 -6.8605 0 4.20186 -3.52792 -0.00640691 0 0 0 6.89626 -3.8207 -0.0746169 2.99715 2.63506 -0.269391 2.99707 2.62451 -0.337291 0 0 0 0 0 0 -0.0018315 -0.00330713 -0.0016698 0.603472 0.156559 0.781864 14514.3 14493.2 14424.5 14418.4
21.6719 -6.8605 0 4.23586 -3.54676 -0.00677477 0 0 0 6.92518 -3.81338 -0.0726636 2.99352 2.63602 -0.269391 2.99372 2.62543 -0.337694 0 0 0 0 0 0 -0.00176058 -0.00333613 -0.00164767 0.599106 0.159674 0.784587 14509.3 14488.3 14420.8 14414.3
21.6719 -6.8605 0 4.27045 -3.5658 -0.00713768 0 0 0 6.95441 -3.80579 -0.0707146 2.98982 2.63703 -0.269391 2.99029 2.62638 -0.338096 0 0 0 0 0 0 -0.00176036 -0.00339545 -0.00167523 0.594636 0.1628 0.787339 14505.7 14484.5 14415.9 14409.1
21.6719 -6.8605 0 4.30524 -3.58484 -0.00749143 0 0 0 6.98362 -3.79802 -0.0687922 2.9861 2.63808 -0.269391 2.98683 2.62737 -0.338491 0 0 0 0 0 0 -0.00172584 -0.00344209 -0.00168049 0.590114 0.1659 0.79009 14501.5 14480.2 14411.5 14404.4
21.6719 -6.8605 0 4.34076 -3.60416 -0.00784132 0 0 0 7.01325 -3.78993 -0.0668677 2.9823 2.63917 -0.269391 2.98329 2.6284 -0.338886 0 0 0 0 0 0 -0.00171936 -0.00350468 -0.00170772 0.585469 0.169019 0.79288 14497.9 14476.4 14406.6 14399.2
21.6719 -6.8605 0 4.37537 -3.62287 -0.00817136 0 0 0 7.04193 -3.78191 -0.0650297 2.9786 2.64027 -0.269391 2.97983 2.62943 -0.339262 0 0 0 0 0 0 -0.00160634 -0.00351413 -0.00165809 0.580917 0.172012 0.79558 14492.2 14471.2 14403.8 14395.9
21.6719 -6.8605 0 4.41056 -3.64176 -0.00849632 0 0 0 7.0709 -3.77361 -0.0631973 2.97484 2.64141 -0.269391 2.9763 2.6305 -0.339635 0 0 0 0 0 0 -0.00158607 -0.00357146 -0.00167733 0.576264 0.175006 0.798306 14488.6 14467.3 14399.3 14391.1
21.6719 -6.8605 0 4.44597 -3.66066 -0.00881283 0 0 0 7.09986 -3.76511 -0.0613897 2.97106 2.64259 -0.269391 2.97274 2.6316 -0.34 0 0 0 0 0 0 -0.00153866 -0.00361617 -0.00167797 0.571557 0.177971 0.80103 14484.4 14463.2 14395.3 14386.7
21.6719 -6.8605 0 4.48125 -3.67937 -0.00911788 0 0 0 7.12852 -3.7565 -0.0596245 2.9673 2.64379 -0.269391 2.96919 2.63273 -0.340354 0 0 0 0 0 0 -0.00146944 -0.00364825 -0.00166256 0.566842 0.180876 0.803725 14479.9 14458.8 14391.8 14382.7
21.6719 -6.8605 0 4.51689 -3.69815 -0.009416 0 0 0 7.15728 -3.74766 -0.0578763 2.9635 2.64504 -0.269391 2.96559 2.63389 -0.340702 0 0 0 0 0 0 -0.0014243 -0.00369626 -0.00166732 0.562055 0.183759 0.806428 14476 14454.9 14387.8 14378.3
21.6719 -6.8605 0 4.55279 -3.71695 -0.00970627 0 0 0 7.18606 -3.7386 -0.0561507 2.95969 2.64632 -0.269391 2.96197 2.63509 -0.341041 0 0 0 0 0 0 -0.00136892 -0.0037394 -0.00166551 0.557211 0.186611 0.809131 14471.9 14450.8 14384 14374.1
21.6719 -6.8605 0 4.58862 -3.73559 -0.00998624 0 0 0 7.21459 -3.72941 -0.0544628 2.95588 2.64764 -0.269391 2.95834 2.63631 -0.341368 0 0 0 0 0 0 -0.0012963 -0.00377064 -0.00165024 0.552352 0.189404 0.811809 14467.5 14446.6 14380.6 14370.3
21.6719 -6.8605 0 4.62482 -3.7543 -0.0102595 0 0 0 7.24322 -3.71998 -0.0527918 2.95204 2.64899 -0.269391 2.95466 2.63757 -0.341688 0 0 0 0 0 0 -0.00124062 -0.00381587 -0.0016509 0.547421 0.192172 0.814493 14463.6 14442.7 14376.9 14366.2
21.6719 -6.8605 0 4.66097 -3.77287 -0.010523 0 0 0 7.27162 -3.71041 -0.0511565 2.94821 2.65038 -0.269391 2.95099 2.63886 -0.341995 0 0 0 0 0 0 -0.00116497 -0.00384555 -0.00163493 0.542476 0.194881 0.817155 14459.3 14438.6 14373.6 14362.5
21.6719 -6.8605 0 4.69746 -3.79149 -0.0107797 0 0 0 7.30009 -3.7006 -0.0495393 2.94436 2.65181 -0.269391 2.94728 2.64019 -0.342294 0 0 0 0 0 0 -0.00110219 -0.00388756 -0.00163225 0.537463 0.197559 0.81982 14455.3 14434.7 14370.1 14358.5
21.6719 -6.8605 0 4.73382 -3.80992 -0.0110265 0 0 0 7.32828 -3.69067 -0.0479601 2.94052 2.65326 -0.269391 2.94358 2.64154 -0.342578 0 0 0 0 0 0 -0.00102095 -0.00391239 -0.00161276 0.532446 0.200171 0.822456 14451 14430.6 14367 14355
21.6719 -6.8605 0 4.77047 -3.82838 -0.0112663 0 0 0 7.35648 -3.68052 -0.0464011 2.93666 2.65476 -0.269391 2.93984 2.64293 -0.342853 0 0 0 0 0 0 -0.000951762 -0.00395014 -0.00160653 0.527371 0.202744 0.825091 14447.1 14426.8 14363.7 14351.2
21.6719 -6.8605 0 4.80717 -3.84674 -0.0114978 0 0 0 7.38454 -3.67019 -0.0448716 2.93281 2.65629 -0.269391 2.9361 2.64435 -0.343115 0 0 0 0 0 0 -0.000873481 -0.00397875 -0.00159208 0.52227 0.205262 0.827709 14443 14422.9 14360.6 14347.7
21.6719 -6.8605 0 4.84426 -3.86517 -0.0117231 0 0 0 7.41269 -3.65961 -0.0433578 2.92893 2.65786 -0.269391 2.93232 2.64582 -0.343366 0 0 0 0 0 0 -0.000801838 -0.00401739 -0.00158703 0.517097 0.207745 0.830333 14439.2 14419.3 14357.3 14344
21.6719 -6.8605 0 4.88147 -3.88355 -0.0119408 0 0 0 7.44074 -3.64883 -0.0418699 2.92504 2.65948 -0.269391 2.92852 2.64732 -0.343604 0 0 0 0 0 0 -0.000720874 -0.00404558 -0.00157299 0.511888 0.210175 0.832945 14435.2 14415.5 14354.3 14340.5
21.6719 -6.8605 0 4.91911 -3.902 -0.0121526 0 0 0 7.46892 -3.63778 -0.0403965 2.92113 2.66115 -0.269391 2.92469 2.64887 -0.34383 0 0 0 0 0 0 -0.000643654 -0.00408213 -0.00156628 0.506604 0.212569 0.835564 14431.4 14411.8 14351.2 14336.9
21.6719 -6.8605 0 4.95578 -3.91986 -0.0123509 0 0 0 7.49617 -3.62686 -0.0389911 2.91732 2.6628 -0.269391 2.92095 2.65041 -0.344037 0 0 0 0 0 0 -0.000540005 -0.00406906 -0.00152057 0.501441 0.214838 0.838094 14426.6 14407.6 14349.1 14334.4
21.6719 -6.8605 0 4.99314 -3.93794 -0.0125453 0 0 0 7.52374 -3.61557 -0.0375882 2.91346 2.66452 -0.269391 2.91714 2.65201 -0.344233 0 0 0 0 0 0 -0.000467545 -0.00411433 -0.00152267 0.496164 0.217087 0.840651 14423.3 14404.3 14345.9 14330.7
21.6719 -6.8605 0 5.03101 -3.95614 -0.0127344 0 0 0 7.55148 -3.60399 -0.0361962 2.90956 2.66629 -0.269391 2.91328 2.65366 -0.344417 0 0 0 0 0 0 -0.000386551 -0.00414967 -0.00151654 0.490803 0.2193 0.84322 14419.6 14400.9 14342.9 14327.2
21.6719 -6.8605 0 5.06919 -3.97436 -0.0129174 0 0 0 7.57926 -3.59214 -0.0348222 2.90564 2.66811 -0.269391 2.9094 2.65535 -0.344586 0 0 0 0 0 0 -0.000299544 -0.00417617 -0.0015038 0.485384 0.221463 0.845787 14415.9 14397.3 14340.1 14324
21.6719 -6.8605 0 5.10663 -3.9921 -0.0130895 0 0 0 7.6063 -3.58037 -0.0335034 2.90181 2.66992 -0.269391 2.9056 2.65705 -0.344737 0 0 0 0 0 0 -0.000202785 -0.00416536 -0.00146563 0.480058 0.223517 0.848283 14411.5 14393.4 14338 14321.5
21.6719 -6.8605 0 5.14475 -4.01005 -0.0132574 0 0 0 7.63363 -3.56823 -0.0321887 2.89793 2.6718 -0.269391 2.90173 2.6588 -0.344875 0 0 0 0 0 0 -0.000118121 -0.00420269 -0.00146227 0.474623 0.22554 0.850803 14408.1 14390.2 14335.1 14318.1
21.6719 -6.8605 0 5.18291 -4.02788 -0.0134183 0 0 0 7.66079 -3.55592 -0.0309007 2.89406 2.67372 -0.269391 2.89786 2.66059 -0.344996 0 0 0 0 0 0 -2.67337e-05 -0.00421536 -0.00144236 0.469172 0.227495 0.853302 14404.3 14386.7 14332.7 14315.2
21.6719 -6.8605 0 5.22114 -4.04563 -0.0135725 0 0 0 7.68779 -3.54344 -0.029638 2.8902 2.67567 -0.269391 2.894 2.66242 -0.345102 0 0 0 0 0 0 6.49234e-05 -0.00422759 -0.00142305 0.463702 0.229384 0.855782 14400.6 14383.3 14330.3 14312.4
21.6719 -6.8605 0 5.2594 -4.06327 -0.01372 0 0 0 7.71462 -3.53078 -0.028401 2.88636 2.67765 -0.269391 2.89014 2.66428 -0.345191 0 0 0 0 0 0 0.000156948 -0.00423737 -0.00140305 0.458219 0.231202 0.858243 14396.9 14380 14327.9 14309.6
21.6719 -6.8605 0 5.2981 -4.08098 -0.0138625 0 0 0 7.74155 -3.51782 -0.0271768 2.88249 2.67969 -0.269391 2.88624 2.66619 -0.345263 0 0 0 0 0 0 0.00025075 -0.00425831 -0.00139047 0.452666 0.232969 0.860708 14393.4 14376.8 14325.4 14306.7
21.6719 -6.8605 0 5.3367 -4.09852 -0.013998 0 0 0 7.76821 -3.50474 -0.0259822 2.87865 2.68175 -0.269391 2.88237 2.66813 -0.345319 0 0 0 0 0 0 0.000344072 -0.00425966 -0.00136678 0.44712 0.234659 0.863145 14389.7 14373.4 14323.3 14304.1
21.6719 -6.8605 0 5.37629 -4.11638 -0.0141304 0 0 0 7.79534 -3.49117 -0.0247836 2.87509 2.68441 -0.269391 2.87841 2.67015 -0.345357 0 0 0 0 0 0 0.00449088 -0.0085509 -0.00130702 0.441426 0.236315 0.86562 14385.5 14368.7 14339.3 14285
21.6719 -6.8605 0 5.41448 -4.13348 -0.0142518 0 0 0 7.82132 -3.47791 -0.0236527 2.87415 2.69052 -0.269391 2.87463 2.67218 -0.345362 0 0 0 0 0 0 0.0330333 -0.0378453 -0.000862732 0.435929 0.237839 0.867985 14373.1 14353.1 14467.1 14171.8
21.6719 -6.8605 0 5.45384 -4.15098 -0.0143708 0 0 0 7.84788 -3.4641 -0.0225124 2.87325 2.69681 -0.269391 2.87101 2.67468 -0.345216 0 0 0 0 0 0 0.0322697 -0.0358695 -0.000807452 0.430261 0.239334 0.870399 14364.2 14349.2 14457.8 14173.9
21.6719 -6.8605 0 5.49304 -4.16828 -0.0144833 0 0 0 7.87409 -3.4502 -0.0214019 2.87244 2.70305 -0.269391 2.86769 2.67756 -0.344931 0 0 0 0 0 0 0.0304302 -0.0328241 -0.000717895 0.42462 0.240748 0.872776 14352.8 14342.9 14443.3 14179.7
21.6719 -6.8605 0 5.53277 -4.1857 -0.0145913 0 0 0 7.9004 -3.43598 -0.0203009 2.87169 2.70935 -0.269391 2.86458 2.68083 -0.34451 0 0 0 0 0 0 0.0291481 -0.0303896 -0.00060579 0.41891 0.24211 0.875155 14339.3 14334.1 14430.1 14181.9
21.6719 -6.8605 0 5.5717 -4.20263 -0.0146913 0 0 0 7.92589 -3.42194 -0.0192466 2.87103 2.71548 -0.269391 2.86177 2.68435 -0.343982 0 0 0 0 0 0 0.0270793 -0.0273071 -0.000478382 0.413334 0.243376 0.877453 14324.4 14323.5 14413.1 14186.2
21.6719 -6.8605 0 5.61152 -4.21982 -0.014788 0 0 0 7.95165 -3.40748 -0.0181918 2.87041 2.72171 -0.269391 2.85914 2.68825 -0.343335 0 0 0 0 0 0 0.0261228 -0.0252923 -0.000328952 0.407651 0.244603 0.879767 14307.4 14310.9 14399.6 14185
21.6719 -6.8605 0 5.65135 -4.23689 -0.0148791 0 0 0 7.97711 -3.39291 -0.0171602 2.86985 2.7279 -0.269391 2.85673 2.69242 -0.342589 0 0 0 0 0 0 0.0246692 -0.0228959 -0.00016926 0.401991 0.245765 0.882045 14289.2 14296.6 14383.4 14184.8
21.6719 -6.8605 0 5.69157 -4.25399 -0.0149657 0 0 0 8.00246 -3.37813 -0.0161422 2.86935 2.7341 -0.269391 2.85451 2.69688 -0.341745 0 0 0 0 0 0 0.023439 -0.0207384 5.78728e-06 0.396311 0.246874 0.884303 14269.4 14280.7 14367.4 14182.8
21.6719 -6.8605 0 5.73105 -4.27066 -0.0150453 0 0 0 8.02699 -3.36356 -0.0151656 2.86891 2.74012 -0.269391 2.85253 2.70147 -0.34084 0 0 0 0 0 0 0.0217976 -0.0183819 0.000168548 0.390771 0.247901 0.886478 14249.8 14264.1 14349.1 14181.1
21.6719 -6.8605 0 5.77128 -4.28752 -0.0151213 0 0 0 8.05163 -3.34864 -0.0141927 2.86851 2.7462 -0.269391 2.8507 2.70634 -0.339849 0 0 0 0 0 0 0.0208461 -0.0165565 0.00036363 0.385166 0.248889 0.888651 14228 14245.9 14333.2 14176.7
21.6719 -6.8605 0 5.81165 -4.30431 -0.0151925 0 0 0 8.07597 -3.33363 -0.0132386 2.86816 2.75224 -0.269391 2.84905 2.71141 -0.338791 0 0 0 0 0 0 0.0196627 -0.0146378 0.000552168 0.379588 0.249823 0.890787 14205.8 14226.9 14315.7 14172
21.6719 -6.8605 0 5.85241 -4.32113 -0.0152593 0 0 0 8.10014 -3.31844 -0.0122975 2.86786 2.75827 -0.269391 2.84755 2.71669 -0.337668 0 0 0 0 0 0 0.0185928 -0.0128359 0.000750781 0.374006 0.250709 0.892897 14182.7 14206.9 14298.1 14166.4
21.6719 -6.8605 0 5.89245 -4.33753 -0.0153201 0 0 0 8.12349 -3.30348 -0.0113945 2.8676 2.76412 -0.269391 2.84624 2.72201 -0.33652 0 0 0 0 0 0 0.0172702 -0.0110425 0.000912685 0.368576 0.251526 0.894923 14160.9 14187.1 14279 14160.3
21.6719 -6.8605 0 5.93326 -4.35413 -0.0153773 0 0 0 8.14689 -3.28821 -0.010495 2.86738 2.77 -0.269391 2.84505 2.72755 -0.33531 0 0 0 0 0 0 0.0164063 -0.00946062 0.00112384 0.363097 0.252307 0.89694 14136.5 14165.8 14261.9 14153.3
21.6719 -6.8605 0 5.97424 -4.37067 -0.0154301 0 0 0 8.16997 -3.27287 -0.00961281 2.8672 2.77584 -0.269391 2.844 2.73322 -0.334062 0 0 0 0 0 0 0.0154012 -0.00790371 0.0013126 0.357656 0.25304 0.898918 14112.8 14144.4 14243.5 14145.6
21.6719 -6.8605 0 6.01465 -4.38686 -0.0154777 0 0 0 8.19232 -3.25772 -0.00876317 2.86706 2.78151 -0.269391 2.8431 2.73889 -0.332804 0 0 0 0 0 0 0.0143219 -0.00647287 0.00146502 0.352352 0.253714 0.90082 14090.3 14123.5 14224.4 14137
21.6719 -6.8605 0 6.05543 -4.40308 -0.0155213 0 0 0 8.21446 -3.24244 -0.0079257 2.86695 2.78715 -0.269391 2.84231 2.74468 -0.331515 0 0 0 0 0 0 0.013468 -0.00510508 0.00165265 0.347064 0.254349 0.902692 14066.4 14101.8 14206.5 14128.3
21.6719 -6.8605 0 6.09663 -4.41934 -0.015561 0 0 0 8.2364 -3.227 -0.00709945 2.86687 2.79277 -0.269391 2.84163 2.7506 -0.330196 0 0 0 0 0 0 0.0126357 -0.00378631 0.00183932 0.341789 0.254945 0.904535 14042.2 14079.7 14188.5 14119.2
21.6719 -6.8605 0 6.13769 -4.43543 -0.0155964 0 0 0 8.25785 -3.21163 -0.0062954 2.86682 2.79829 -0.269391 2.84106 2.75653 -0.32887 0 0 0 0 0 0 0.0117695 -0.00259828 0.0019921 0.336601 0.255495 0.906323 14019.3 14058.2 14169.8 14109.2
21.6719 -6.8605 0 6.17914 -4.45155 -0.015628 0 0 0 8.27908 -3.19612 -0.00550295 2.8668 2.80377 -0.269391 2.8406 2.76255 -0.327526 0 0 0 0 0 0 0.0109934 -0.00141582 0.00216588 0.331435 0.256008 0.908081 13995.5 14036.2 14151.8 14099.4
21.6719 -6.8605 0 6.22036 -4.46746 -0.0156554 0 0 0 8.29977 -3.18072 -0.00473387 2.86681 2.80913 -0.269391 2.84023 2.76856 -0.326186 0 0 0 0 0 0 0.0102054 -0.000401775 0.00229769 0.326372 0.256477 0.909781 13973.3 14015.1 14133.2 14088.3
21.6719 -6.8605 0 6.26212 -4.48346 -0.0156792 0 0 0 8.32031 -3.16514 -0.00397323 2.86685 2.81447 -0.269391 2.83994 2.77465 -0.324829 0 0 0 0 0 0 0.00949696 0.000681477 0.00246662 0.321315 0.256914 0.911456 13949.8 13993.3 14115.5 14078.2
21.6719 -6.8605 0 6.30385 -4.49934 -0.0156992 0 0 0 8.34041 -3.1496 -0.00323149 2.86691 2.81973 -0.269391 2.83974 2.78074 -0.323478 0 0 0 0 0 0 0.00879028 0.00159448 0.00259397 0.316339 0.257312 0.913083 13927.9 13972.3 14097.2 14066.8
21.6719 -6.8605 0 6.34577 -4.51517 -0.0157154 0 0 0 8.36019 -3.13403 -0.0025046 2.867 2.82491 -0.269391 2.83963 2.78685 -0.322129 0 0 0 0 0 0 0.00812384 0.00248591 0.00272552 0.311417 0.257675 0.914671 13905.9 13951.4 14079.4 14055.5
21.6719 -6.8605 0 6.38696 -4.53061 -0.0157277 0 0 0 8.37921 -3.11875 -0.00180792 2.8671 2.82991 -0.269391 2.83958 2.79282 -0.320814 0 0 0 0 0 0 0.00750102 0.00309881 0.00279127 0.306659 0.257996 0.916187 13886.7 13932.2 14061.1 14042.4
21.6719 -6.8605 0 6.42907 -4.54628 -0.0157368 0 0 0 8.39825 -3.10318 -0.00111275 2.86723 2.83494 -0.269391 2.8396 2.7989 -0.319481 0 0 0 0 0 0 0.00689584 0.00405099 0.00295392 0.30187 0.258292 0.917692 13864.1 13911.2 14044.5 14032.4
21.6719 -6.8605 0 6.47091 -4.56174 -0.0157424 0 0 0 8.41677 -3.08774 -0.000439155 2.86738 2.83984 -0.269391 2.83969 2.80491 -0.318172 0 0 0 0 0 0 0.00633661 0.00465104 0.00303053 0.297191 0.258553 0.919145 13844.8 13892.1 14026.9 14019.7
21.6719 -6.8605 0 6.51359 -4.5774 -0.0157446 0 0 0 8.43525 -3.07204 0.000230928 2.86755 2.84475 -0.269391 2.83984 2.811 -0.316854 0 0 0 0 0 0 0.0057616 0.00548654 0.00316984 0.292499 0.258787 0.920583 13823.4 13871.8 14010.4 14009.2
21.6719 -6.8605 0 6.55521 -4.59256 -0.0157435 0 0 0 8.45287 -3.05678 0.000867675 2.86774 2.84945 -0.269391 2.84004 2.81688 -0.315588 0 0 0 0 0 0 0.00531023 0.0057571 0.00317624 0.288003 0.258985 0.921944 13807.1 13854.8 13992.7 13994.6
21.6719 -6.8605 0 6.59783 -4.60797 -0.0157391 0 0 0 8.47054 -3.04119 0.00150381 2.86795 2.85418 -0.269391 2.8403 2.82285 -0.314311 0 0 0 0 0 0 0.00476925 0.00655349 0.00331156 0.283476 0.259159 0.923297 13786.4 13835.3 13976.9 13984.5
21.6719 -6.8605 0 6.64027 -4.62321 -0.0157315 0 0 0 8.48774 -3.02573 0.00212095 2.86817 2.85879 -0.269391 2.84061 2.82873 -0.313061 0 0 0 0 0 0 0.00432752 0.00696185 0.0033577 0.27905 0.259304 0.924604 13769.1 13818 13960.3 13971.6
21.6719 -6.8605 0 6.68228 -4.63818 -0.015721 0 0 0 8.50438 -3.01047 0.00271623 2.8684 2.86327 -0.269391 2.84096 2.83448 -0.311846 0 0 0 0 0 0 0.0039377 0.00726037 0.00338168 0.274747 0.25942 0.925859 13753.1 13801.6 13944.1 13958.3
21.6719 -6.8605 0 6.72505 -4.65332 -0.0157074 0 0 0 8.52096 -2.995 0.0033068 2.86866 2.86774 -0.269391 2.84135 2.84027 -0.310633 0 0 0 0 0 0 0.00346993 0.00785676 0.00347427 0.270445 0.259513 0.927099 13734.9 13784 13928.8 13947.6
21.6719 -6.8605 0 6.76751 -4.66825 -0.0156909 0 0 0 8.53705 -2.97968 0.00387802 2.86893 2.87209 -0.269391 2.84178 2.84594 -0.309453 0 0 0 0 0 0 0.00311976 0.00810527 0.00349029 0.266252 0.259579 0.928293 13719.6 13768.3 13913.1 13934.5
21.6719 -6.8605 0 6.80999 -4.68308 -0.0156716 0 0 0 8.55279 -2.96442 0.00443467 2.86921 2.87636 -0.269391 2.84225 2.85154 -0.308298 0 0 0 0 0 0 0.00276304 0.0084121 0.00352034 0.262134 0.259622 0.929453 13704.3 13752.8 13898 13922.2
21.6719 -6.8605 0 6.85312 -4.69802 -0.0156492 0 0 0 8.56842 -2.94898 0.00498502 2.86951 2.88061 -0.269391 2.84276 2.85714 -0.30715 0 0 0 0 0 0 0.00235925 0.00885907 0.00358066 0.258032 0.259641 0.930594 13688.1 13736.9 13883.4 13911.3
21.6719 -6.8605 0 6.89559 -4.71264 -0.0156245 0 0 0 8.58345 -2.93384 0.00551243 2.86981 2.88471 -0.269391 2.84329 2.86257 -0.306046 0 0 0 0 0 0 0.00212129 0.00889286 0.00355337 0.254069 0.259638 0.931685 13675.3 13723.3 13868.4 13897.5
21.6719 -6.8605 0 6.93874 -4.72739 -0.0155968 0 0 0 8.59839 -2.91852 0.0060342 2.87014 2.88879 -0.269391 2.84386 2.868 -0.30495 0 0 0 0 0 0 0.00174752 0.00928643 0.0036019 0.250119 0.259613 0.93276 13660.2 13708.3 13854.4 13886.8
21.6719 -6.8605 0 6.98161 -4.74194 -0.0155667 0 0 0 8.6129 -2.90335 0.00653862 2.87047 2.89276 -0.269391 2.84446 2.8733 -0.303888 0 0 0 0 0 0 0.001507 0.00936912 0.00358561 0.246269 0.259567 0.933797 13647.7 13695.2 13840.2 13874
21.6719 -6.8605 0 7.02449 -4.75639 -0.0155342 0 0 0 8.62708 -2.88825 0.00702936 2.87081 2.89666 -0.269391 2.84507 2.87852 -0.302852 0 0 0 0 0 0 0.00125096 0.00950708 0.00358076 0.242493 0.259501 0.934803 13635.2 13682.1 13826.4 13862
21.6719 -6.8605 0 7.06766 -4.77085 -0.015499 0 0 0 8.64104 -2.87311 0.00751011 2.87117 2.9005 -0.269391 2.84572 2.88368 -0.301835 0 0 0 0 0 0 0.000973572 0.0097004 0.00358658 0.238764 0.259415 0.935786 13622.6 13669.2 13813.1 13850.7
21.6719 -6.8605 0 7.11117 -4.78531 -0.0154612 0 0 0 8.65479 -2.8579 0.00798126 2.87154 2.90429 -0.269391 2.84639 2.88878 -0.300838 0 0 0 0 0 0 0.00070804 0.00987023 0.00358679 0.235079 0.259309 0.936748 13610.4 13656.7 13800 13839.5
21.6719 -6.8605 0 7.15436 -4.79957 -0.0154214 0 0 0 8.66813 -2.84288 0.00843575 2.87191 2.90798 -0.269391 2.84708 2.89375 -0.299874 0 0 0 0 0 0 0.000545564 0.00983681 0.00354678 0.231494 0.259186 0.937674 13599.9 13645.4 13786.9 13827
21.6719 -6.8605 0 7.19818 -4.81395 -0.0153787 0 0 0 8.68137 -2.8277 0.00888403 2.8723 2.91164 -0.269391 2.84779 2.89869 -0.298922 0 0 0 0 0 0 0.00026996 0.0100355 0.00355077 0.227927 0.259043 0.938587 13588.3 13633.4 13774.4 13816.6
21.6719 -6.8605 0 7.2409 -4.82786 -0.015335 0 0 0 8.69397 -2.81297 0.00930841 2.87269 2.91514 -0.269391 2.8485 2.90341 -0.298021 0 0 0 0 0 0 0.000241571 0.00976747 0.00346613 0.224519 0.258887 0.939451 13580 13623.9 13761.8 13803
21.6719 -6.8605 0 7.2844 -4.84194 -0.0152884 0 0 0 8.70653 -2.79803 0.0097284 2.8731 2.91863 -0.269391 2.84924 2.90813 -0.297128 0 0 0 0 0 0 -3.09365e-05 0.00997144 0.00346947 0.221116 0.258712 0.940306 13569.1 13612.7 13750 13793.3
21.6719 -6.8605 0 7.32807 -4.85597 -0.0152396 0 0 0 8.71885 -2.78309 0.0101378 2.87352 2.92207 -0.269391 2.85 2.91276 -0.296256 0 0 0 0 0 0 -0.00020341 0.00998759 0.00343688 0.217768 0.25852 0.94114 13559.6 13602.6 13738.2 13782.4
21.6719 -6.8605 0 7.37231 -4.87009 -0.0151882 0 0 0 8.73105 -2.76804 0.0105402 2.87395 2.92547 -0.269391 2.85078 2.91736 -0.2954 0 0 0 0 0 0 -0.000414442 0.0100709 0.00341505 0.214443 0.25831 0.941961 13550 13592.4 13726.6 13772.1
21.6719 -6.8605 0 7.41523 -4.8837 -0.0151364 0 0 0 8.74262 -2.75349 0.0109191 2.87437 2.92871 -0.269391 2.85155 2.92172 -0.294593 0 0 0 0 0 0 -0.000363467 0.00971401 0.00331595 0.211282 0.258091 0.942735 13543.4 13584.5 13715.2 13758.9
21.6719 -6.8605 0 7.45896 -4.89747 -0.0150818 0 0 0 8.75415 -2.73873 0.0112937 2.87481 2.93194 -0.269391 2.85235 2.92607 -0.293794 0 0 0 0 0 0 -0.000592443 0.00983906 0.00330013 0.208124 0.257854 0.943502 13534.3 13575 13704.4 13749.7
21.6719 -6.8605 0 7.50288 -4.91121 -0.0150251 0 0 0 8.76548 -2.72397 0.0116585 2.87526 2.93511 -0.269391 2.85315 2.93034 -0.293016 0 0 0 0 0 0 -0.000721712 0.00979563 0.00325431 0.205015 0.257602 0.944251 13526.4 13566.3 13693.6 13739.3
21.6719 -6.8605 0 7.5467 -4.92483 -0.0149668 0 0 0 8.77653 -2.70932 0.0120112 2.87572 2.93822 -0.269391 2.85397 2.9345 -0.292263 0 0 0 0 0 0 -0.000801692 0.00967746 0.0031957 0.201976 0.257337 0.944978 13519.2 13558.3 13683.1 13728.7
21.6719 -6.8605 0 7.59063 -4.93839 -0.0149067 0 0 0 8.78736 -2.69469 0.0123539 2.87618 2.94127 -0.269391 2.85479 2.93858 -0.291531 0 0 0 0 0 0 -0.000902905 0.00959652 0.00314268 0.198989 0.257058 0.945687 13512 13550.4 13672.8 13718.6
21.6719 -6.8605 0 7.63448 -4.95184 -0.0148451 0 0 0 8.79794 -2.68016 0.0126851 2.87666 2.94425 -0.269391 2.85562 2.94256 -0.290823 0 0 0 0 0 0 -0.000968325 0.00946534 0.00308151 0.196066 0.256767 0.946377 13505.4 13542.9 13662.8 13708.3
21.6719 -6.8605 0 7.67857 -4.96527 -0.0147815 0 0 0 8.80834 -2.66561 0.0130076 2.87714 2.94718 -0.269391 2.85647 2.94647 -0.290132 0 0 0 0 0 0 -0.00106863 0.00938799 0.00302797 0.193185 0.256462 0.947052 13498.8 13535.5 13653.1 13698.7
21.6719 -6.8605 0 7.72266 -4.97861 -0.0147164 0 0 0 8.81852 -2.65112 0.0133197 2.87762 2.95006 -0.269391 2.85731 2.95028 -0.289463 0 0 0 0 0 0 -0.00112879 0.00925503 0.00296583 0.190361 0.256145 0.947709 13492.7 13528.6 13643.5 13688.8
21.6719 -6.8605 0 7.7664 -4.99176 -0.0146503 0 0 0 8.8284 -2.63682 0.0136191 2.87811 2.95286 -0.269391 2.85816 2.95398 -0.288819 0 0 0 0 0 0 -0.00113846 0.00905826 0.0028951 0.187615 0.255819 0.948345 13487.2 13522.1 13634.3 13678.8
21.6719 -6.8605 0 7.81073 -5.005 -0.0145819 0 0 0 8.8382 -2.62238 0.0139126 2.87861 2.95564 -0.269391 2.85902 2.95763 -0.288187 0 0 0 0 0 0 -0.00126057 0.00901491 0.0028445 0.184885 0.255477 0.948973 13481.1 13515.4 13625.1 13670
21.6719 -6.8605 0 7.8556 -5.01832 -0.0145113 0 0 0 8.8479 -2.60784 0.0141996 2.87913 2.95839 -0.269391 2.8599 2.96124 -0.287568 0 0 0 0 0 0 -0.00136049 0.0089373 0.00278782 0.182177 0.25512 0.949592 13475.4 13508.9 13616.1 13661.1
21.6719 -6.8605 0 7.89927 -5.03119 -0.0144412 0 0 0 8.85714 -2.59375 0.0144692 2.87963 2.96102 -0.269391 2.86076 2.96466 -0.286984 0 0 0 0 0 0 -0.0012479 0.00859782 0.00270064 0.179593 0.254762 0.95018 13471.1 13503.6 13607.7 13650.8
21.6719 -6.8605 0 7.94328 -5.04408 -0.0143693 0 0 0 8.86626 -2.57962 0.0147316 2.88015 2.96362 -0.269391 2.86163 2.96803 -0.286414 0 0 0 0 0 0 -0.00132232 0.00849854 0.00264215 0.177039 0.25439 0.950759 13466 13497.7 13599.3 13642.3
21.6719 -6.8605 0 7.98777 -5.05702 -0.0142954 0 0 0 8.87529 -2.56539 0.0149875 2.88068 2.96619 -0.269391 2.86251 2.97135 -0.285856 0 0 0 0 0 0 -0.00140076 0.00840129 0.00258274 0.174506 0.254005 0.95133 13461 13492 13590.9 13633.9
21.6719 -6.8605 0 8.03229 -5.06989 -0.0142202 0 0 0 8.88413 -2.55122 0.0152344 2.88121 2.96871 -0.269391 2.86339 2.97459 -0.285315 0 0 0 0 0 0 -0.00142071 0.00823591 0.00251611 0.172021 0.253609 0.951888 13456.5 13486.7 13582.9 13625.2
21.6719 -6.8605 0 8.07734 -5.08282 -0.014143 0 0 0 8.8929 -2.53694 0.0154751 2.88176 2.97122 -0.269391 2.86429 2.97778 -0.284786 0 0 0 0 0 0 -0.00148845 0.00812348 0.0024535 0.169554 0.253199 0.95244 13452 13481.4 13574.8 13617
21.6719 -6.8605 0 8.12086 -5.09524 -0.0140672 0 0 0 8.90118 -2.52321 0.0156988 2.88229 2.97359 -0.269391 2.86516 2.98079 -0.284291 0 0 0 0 0 0 -0.00132947 0.00777547 0.00237455 0.167217 0.252794 0.952961 13448.4 13476.9 13567.8 13607.7
21.6719 -6.8605 0 8.16548 -5.10789 -0.0139885 0 0 0 8.90951 -2.5092 0.0159196 2.88284 2.97597 -0.269391 2.86605 2.98379 -0.283799 0 0 0 0 0 0 -0.00145818 0.00773418 0.00231781 0.164865 0.252369 0.953483 13444.1 13471.9 13560 13600.3
21.6719 -6.8605 0 8.21069 -5.12062 -0.0139078 0 0 0 8.91778 -2.49506 0.0161348 2.88341 2.97834 -0.269391 2.86695 2.98676 -0.283316 0 0 0 0 0 0 -0.00151742 0.00761472 0.00225393 0.162526 0.251929 0.954 13440.1 13467.1 13552.4 13592.6
21.6719 -6.8605 0 8.25481 -5.13296 -0.0138279 0 0 0 8.92568 -2.48133 0.0163363 2.88397 2.98061 -0.269391 2.86784 2.98958 -0.282861 0 0 0 0 0 0 -0.00139935 0.00733022 0.00218449 0.160288 0.251492 0.954494 13436.6 13462.9 13545.8 13584.2
21.6719 -6.8605 0 8.29914 -5.14529 -0.0137468 0 0 0 8.93347 -2.46759 0.0165308 2.88453 2.98285 -0.269391 2.86873 2.99235 -0.282417 0 0 0 0 0 0 -0.00142097 0.00718404 0.00212168 0.15808 0.251044 0.95498 13433 13458.6 13538.8 13576.7
21.6719 -6.8605 0 8.34396 -5.15767 -0.0136639 0 0 0 8.94118 -2.45377 0.0167193 2.88511 2.98506 -0.269391 2.86963 2.99507 -0.281984 0 0 0 0 0 0 -0.00145987 0.00705191 0.00205841 0.15589 0.250583 0.955462 13429.5 13454.3 13531.9 13569.4
21.6719 -6.8605 0 8.38864 -5.16993 -0.0135803 0 0 0 8.94872 -2.44005 0.0168994 2.88568 2.98723 -0.269391 2.87052 2.99771 -0.281565 0 0 0 0 0 0 -0.00143475 0.00686629 0.00199538 0.153745 0.250115 0.955932 13426.2 13450.3 13525.4 13561.9
21.6719 -6.8605 0 8.43361 -5.18219 -0.0134954 0 0 0 8.95616 -2.4263 0.0170728 2.88627 2.98938 -0.269391 2.87142 3.00031 -0.281157 0 0 0 0 0 0 -0.00144674 0.00671304 0.00193234 0.151627 0.249635 0.956395 13423 13446.4 13518.8 13554.8
21.6719 -6.8605 0 8.4781 -5.19424 -0.0134106 0 0 0 8.96337 -2.41276 0.0172368 2.88686 2.99146 -0.269391 2.87232 3.00281 -0.280766 0 0 0 0 0 0 -0.00138664 0.00650843 0.001873 0.149569 0.249154 0.956845 13419.8 13442.6 13512.8 13547.6
21.6719 -6.8605 0 8.52298 -5.20633 -0.0133243 0 0 0 8.97052 -2.39916 0.0173948 2.88745 2.99352 -0.269391 2.87322 3.00526 -0.280384 0 0 0 0 0 0 -0.00140561 0.00636529 0.00181108 0.14753 0.24866 0.957289 13416.9 13438.9 13506.5 13540.8
21.6719 -6.8605 0 8.56858 -5.21852 -0.0132358 0 0 0 8.97763 -2.3854 0.0175479 2.88807 2.99558 -0.269391 2.87413 3.0077 -0.280009 0 0 0 0 0 0 -0.00144262 0.00623138 0.00174674 0.145495 0.248151 0.957733 13414 13435.3 13500.1 13534
21.6719 -6.8605 0 8.61271 -5.23025 -0.0131496 0 0 0 8.98439 -2.37215 0.0176889 2.88866 2.99753 -0.269391 2.87502 3.00999 -0.279658 0 0 0 0 0 0 -0.00129762 0.00598715 0.00169955 0.143562 0.247651 0.958154 13410.8 13431.7 13495.1 13527.3
21.6719 -6.8605 0 8.65749 -5.24207 -0.0130614 0 0 0 8.99111 -2.35876 0.0178251 2.88927 2.99948 -0.269391 2.87592 3.01226 -0.279312 0 0 0 0 0 0 -0.00133245 0.00585969 0.00163794 0.141634 0.247137 0.958574 13408.3 13428.4 13489.1 13520.9
21.6719 -6.8605 0 8.70275 -5.25394 -0.0129717 0 0 0 8.99779 -2.34529 0.0179558 2.88989 3.00141 -0.269391 2.87682 3.01449 -0.278974 0 0 0 0 0 0 -0.00134566 0.00571686 0.00157755 0.139719 0.24661 0.95899 13405.7 13425.1 13483.3 13514.5
21.6719 -6.8605 0 8.74745 -5.2656 -0.0128825 0 0 0 9.00426 -2.33204 0.0180781 2.89051 3.00329 -0.269391 2.87772 3.01664 -0.27865 0 0 0 0 0 0 -0.00127751 0.00553532 0.00152898 0.137861 0.246082 0.959395 13402.8 13421.8 13478.2 13508.4
21.6719 -6.8605 0 8.79269 -5.27731 -0.0127917 0 0 0 9.01068 -2.31869 0.0181953 2.89114 3.00516 -0.269391 2.87863 3.01876 -0.278333 0 0 0 0 0 0 -0.00129088 0.00539604 0.00146974 0.136013 0.245542 0.959797 13400.4 13418.7 13472.7 13502.2
21.6719 -6.8605 0 8.83755 -5.28886 -0.0127011 0 0 0 9.01694 -2.30552 0.018305 2.89177 3.00698 -0.269391 2.87952 3.02081 -0.278029 0 0 0 0 0 0 -0.00123691 0.00523012 0.00142243 0.134211 0.244999 0.960189 13397.8 13415.5 13467.7 13496.4
21.6719 -6.8605 0 8.88357 -5.30062 -0.0126077 0 0 0 9.02325 -2.29206 0.018411 2.89242 3.00881 -0.269391 2.88044 3.02286 -0.277726 0 0 0 0 0 0 -0.00128577 0.0051031 0.00135617 0.132394 0.244436 0.960585 13395.7 13412.7 13462 13490.3
21.6719 -6.8605 0 8.92812 -5.31194 -0.0125168 0 0 0 9.02924 -2.27909 0.0185074 2.89305 3.01055 -0.269391 2.88133 3.02479 -0.277443 0 0 0 0 0 0 -0.00115697 0.00492125 0.00132745 0.130665 0.243884 0.960962 13392.7 13409.4 13458 13484.9
21.6719 -6.8605 0 8.97305 -5.32328 -0.0124247 0 0 0 9.03518 -2.26606 0.0185986 2.89369 3.01228 -0.269391 2.88223 3.02669 -0.277166 0 0 0 0 0 0 -0.0011563 0.00478538 0.001274 0.12895 0.243322 0.961336 13390.5 13406.6 13453 13479.3
21.6719 -6.8605 0 9.01791 -5.33453 -0.0123323 0 0 0 9.04101 -2.25312 0.0186837 2.89434 3.01398 -0.269391 2.88312 3.02855 -0.276898 0 0 0 0 0 0 -0.00112516 0.00464367 0.00122846 0.127266 0.242754 0.961704 13388.1 13403.8 13448.4 13473.9
21.6719 -6.8605 0 9.06348 -5.34589 -0.0122381 0 0 0 9.04682 -2.24002 0.0187643 2.895 3.01568 -0.269391 2.88403 3.03038 -0.276634 0 0 0 0 0 0 -0.00113871 0.00451082 0.00117159 0.125583 0.242171 0.962072 13386.2 13401.2 13443.3 13468.4
21.6719 -6.8605 0 9.10853 -5.35704 -0.0121447 0 0 0 9.05247 -2.22714 0.0188382 2.89565 3.01733 -0.269391 2.88493 3.03215 -0.276381 0 0 0 0 0 0 -0.00107761 0.00436977 0.00113636 0.123947 0.241589 0.96243 13383.6 13398.3 13439.2 13463.4
21.6719 -6.8605 0 9.15383 -5.36819 -0.0120504 0 0 0 9.05806 -2.21423 0.0189069 2.89632 3.01896 -0.269391 2.88583 3.03388 -0.276135 0 0 0 0 0 0 -0.0010629 0.00423769 0.00108923 0.122328 0.240997 0.962786 13381.5 13395.7 13434.7 13458.2
21.6719 -6.8605 0 9.19903 -5.37924 -0.0119561 0 0 0 9.06353 -2.20142 0.0189699 2.89699 3.02056 -0.269391 2.88672 3.03557 -0.275896 0 0 0 0 0 0 -0.00102772 0.00410747 0.00104969 0.120738 0.240402 0.963135 13379.3 13393 13430.5 13453.3
21.6719 -6.8605 0 9.24432 -5.39024 -0.0118613 0 0 0 9.06893 -2.18863 0.0190277 2.89766 3.02214 -0.269391 2.88762 3.03723 -0.275665 0 0 0 0 0 0 -0.00100319 0.00398062 0.00100796 0.119171 0.239799 0.963481 13377.1 13390.4 13426.3 13448.4
21.6719 -6.8605 0 9.28972 -5.40119 -0.011766 0 0 0 9.07425 -2.17587 0.0190803 2.89834 3.0237 -0.269391 2.88852 3.03884 -0.27544 0 0 0 0 0 0 -0.000979585 0.00385621 0.000966959 0.117624 0.23919 0.963822 13375.1 13387.9 13422.1 13443.6
21.6719 -6.8605 0 9.33532 -5.41213 -0.0116702 0 0 0 9.07951 -2.16311 0.019128 2.89902 3.02524 -0.269391 2.88942 3.04043 -0.275221 0 0 0 0 0 0 -0.000959093 0.00373351 0.000925666 0.116094 0.238572 0.964161 13373 13385.4 13418 13438.9
21.6719 -6.8605 0 9.38051 -5.42289 -0.011575 0 0 0 9.08463 -2.15052 0.0191702 2.89971 3.02674 -0.269391 2.89032 3.04196 -0.27501 0 0 0 0 0 0 -0.000910137 0.00362049 0.000897652 0.114603 0.237954 0.964492 13370.7 13382.8 13414.4 13434.5
21.6719 -6.8605 0 9.42608 -5.43368 -0.0114788 0 0 0 9.08971 -2.13788 0.0192077 2.9004 3.02823 -0.269391 2.89122 3.04347 -0.274805 0 0 0 0 0 0 -0.000899359 0.00350197 0.000854881 0.113121 0.237326 0.964821 13368.8 13380.4 13410.3 13429.9
21.6719 -6.8605 0 9.47153 -5.44437 -0.0113827 0 0 0 9.0947 -2.12532 0.0192404 2.9011 3.02969 -0.269391 2.89211 3.04494 -0.274605 0 0 0 0 0 0 -0.000865837 0.00339262 0.000823333 0.111666 0.236695 0.965146 13366.7 13378 13406.7 13425.6
21.6719 -6.8605 0 9.51686 -5.45496 -0.0112869 0 0 0 9.09959 -2.11286 0.0192682 2.90179 3.03113 -0.269391 2.89301 3.04638 -0.274413 0 0 0 0 0 0 -0.000832649 0.00328769 0.000793464 0.110237 0.23606 0.965465 13364.6 13375.5 13403.1 13421.4
21.6719 -6.8605 0 9.56242 -5.46554 -0.0111904 0 0 0 9.10444 -2.10038 0.0192915 2.9025 3.03255 -0.269391 2.89391 3.04779 -0.274225 0 0 0 0 0 0 -0.000815449 0.00317907 0.000756944 0.108823 0.235417 0.965783 13362.7 13373.3 13399.4 13417.2
21.6719 -6.8605 0 9.60803 -5.47606 -0.0110937 0 0 0 9.10921 -2.08795 0.0193103 2.90321 3.03396 -0.269391 2.8948 3.04917 -0.274042 0 0 0 0 0 0 -0.000790176 0.00307674 0.000725654 0.107427 0.234768 0.966097 13360.7 13370.9 13395.9 13413.1
21.6719 -6.8605 0 9.65335 -5.48645 -0.0109977 0 0 0 9.11387 -2.07565 0.0193246 2.90392 3.03533 -0.269391 2.8957 3.05051 -0.273866 0 0 0 0 0 0 -0.000753211 0.00298539 0.00070258 0.106061 0.234118 0.966406 13358.6 13368.5 13392.6 13409.3
21.6719 -6.8605 0 9.69894 -5.49684 -0.010901 0 0 0 9.1185 -2.06333 0.0193346 2.90463 3.03669 -0.269391 2.89659 3.05182 -0.273695 0 0 0 0 0 0 -0.000737773 0.00288431 0.000668679 0.104708 0.23346 0.966712 13356.8 13366.3 13389.1 13405.2
21.6719 -6.8605 0 9.74443 -5.50713 -0.0108046 0 0 0 9.12304 -2.0511 0.0193405 2.90535 3.03803 -0.269391 2.89749 3.05311 -0.273528 0 0 0 0 0 0 -0.000709085 0.00279522 0.000643935 0.103377 0.232799 0.967015 13354.7 13364 13385.9 13401.5
21.6719 -6.8605 0 9.79038 -5.51746 -0.0107071 0 0 0 9.12755 -2.03879 0.0193422 2.90608 3.03936 -0.269391 2.89839 3.05438 -0.273365 0 0 0 0 0 0 -0.000699906 0.00269351 0.000607949 0.102051 0.232126 0.967317 13353.1 13362 13382.4 13397.5
21.6719 -6.8605 0 9.8361 -5.52767 -0.0106103 0 0 0 9.13198 -2.0266 0.0193398 2.90681 3.04067 -0.269391 2.89929 3.05562 -0.273208 0 0 0 0 0 0 -0.000667361 0.00261397 0.000588388 0.100752 0.231452 0.967615 13351 13359.7 13379.4 13394
21.6719 -6.8605 0 9.88165 -5.53778 -0.0105138 0 0 0 9.13632 -2.0145 0.0193335 2.90753 3.04195 -0.269391 2.90018 3.05683 -0.273055 0 0 0 0 0 0 -0.000638884 0.00253587 0.000568098 0.0994757 0.230776 0.967909 13348.9 13357.4 13376.4 13390.5
21.6719 -6.8605 0 9.92704 -5.54779 -0.0104177 0 0 0 9.14059 -2.00251 0.0193234 2.90826 3.04321 -0.269391 2.90107 3.05801 -0.272908 0 0 0 0 0 0 -0.00061209 0.00246087 0.000548528 0.0982223 0.230099 0.968198 13346.9 13355.2 13373.4 13387.1
21.6719 -6.8605 0 9.97283 -5.55782 -0.0103209 0 0 0 9.14483 -1.99046 0.0193095 2.909 3.04446 -0.269391 2.90197 3.05917 -0.272763 0 0 0 0 0 0 -0.000602475 0.00237036 0.000517414 0.0969754 0.229411 0.968487 13345.3 13353.2 13370.2 13383.5
21.6719 -6.8605 0 10.0189 -5.56785 -0.0102236 0 0 0 9.14903 -1.97838 0.0192918 2.90975 3.04571 -0.269391 2.90287 3.06032 -0.272622 0 0 0 0 0 0 -0.000588843 0.0022854 0.000489902 0.0957377 0.228714 0.968775 13343.6 13351.2 13367.1 13379.9
21.6719 -6.8605 0 10.0647 -5.57774 -0.0101272 0 0 0 9.15314 -1.96645 0.0192706 2.9105 3.04692 -0.269391 2.90376 3.06144 -0.272486 0 0 0 0 0 0 -0.000557483 0.00222595 0.000478135 0.0945272 0.228018 0.969057 13341.5 13348.9 13364.5 13376.9
21.6719 -6.8605 0 10.11 -5.58749 -0.0100317 0 0 0 9.15715 -1.95467 0.0192461 2.91124 3.04811 -0.269391 2.90465 3.06253 -0.272355 0 0 0 0 0 0 -0.000528709 0.00216923 0.000466609 0.0933432 0.227325 0.969335 13339.3 13346.7 13361.9 13373.9
21.6719 -6.8605 0 10.1558 -5.59726 -0.00993548 0 0 0 9.16115 -1.94284 0.0192181 2.91199 3.0493 -0.269391 2.90555 3.0636 -0.272226 0 0 0 0 0 0 -0.000520486 0.00208744 0.000438786 0.0921649 0.226621 0.969613 13337.8 13344.8 13358.9 13370.5
21.6719 -6.8605 0 10.2017 -5.60699 -0.00983922 0 0 0 9.16509 -1.93103 0.0191866 2.91275 3.05047 -0.269391 2.90644 3.06466 -0.272101 0 0 0 0 0 0 -0.000504665 0.00201854 0.000418542 0.0909997 0.225911 0.969888 13336 13342.8 13356.1 13367.4
21.6719 -6.8605 0 10.2477 -5.61668 -0.00974293 0 0 0 9.16899 -1.91924 0.0191518 2.91351 3.05162 -0.269391 2.90734 3.0657 -0.271979 0 0 0 0 0 0 -0.000488817 0.00195251 0.000399509 0.0898477 0.225196 0.970162 13334.2 13340.8 13353.4 13364.3
21.6719 -6.8605 0 10.2935 -5.62626 -0.00964728 0 0 0 9.17282 -1.90756 0.019114 2.91427 3.05276 -0.269391 2.90824 3.06671 -0.271861 0 0 0 0 0 0 -0.000467049 0.00190005 0.000387681 0.0887163 0.224481 0.970432 13332.3 13338.7 13350.9 13361.5
21.6719 -6.8605 0 10.3396 -5.63587 -0.00955108 0 0 0 9.17663 -1.89583 0.0190729 2.91504 3.05389 -0.269391 2.90914 3.06772 -0.271745 0 0 0 0 0 0 -0.000457991 0.00182854 0.000364502 0.087591 0.223755 0.970701 13330.7 13336.8 13348.1 13358.3
21.6719 -6.8605 0 10.3853 -5.6453 -0.00945612 0 0 0 9.18034 -1.88428 0.0190291 2.91581 3.05499 -0.269391 2.91003 3.06869 -0.271634 0 0 0 0 0 0 -0.000432216 0.0017915 0.000360006 0.0864926 0.223034 0.970966 13328.6 13334.6 13345.9 13355.8
21.6719 -6.8605 0 10.4312 -5.65471 -0.00936109 0 0 0 9.18401 -1.87274 0.0189823 2.91658 3.05608 -0.269391 2.91092 3.06966 -0.271525 0 0 0 0 0 0 -0.000420538 0.00173173 0.000342312 0.085405 0.222307 0.971229 13326.9 13332.7 13343.3 13352.9
21.6719 -6.8605 0 10.4769 -5.66403 -0.00926664 0 0 0 9.18762 -1.86129 0.0189328 2.91735 3.05716 -0.269391 2.91182 3.0706 -0.27142 0 0 0 0 0 0 -0.000403626 0.00168588 0.0003317 0.0843353 0.221579 0.971489 13325 13330.7 13340.9 13350.3
21.6719 -6.8605 0 10.5232 -5.67341 -0.0091712 0 0 0 9.19123 -1.84973 0.0188799 2.91813 3.05823 -0.269391 2.91272 3.07154 -0.271316 0 0 0 0 0 0 -0.000400713 0.00161241 0.000306159 0.0832654 0.220838 0.97175 13323.6 13329 13338.2 13347.2
21.6719 -6.8605 0 10.5689 -5.68262 -0.00907724 0 0 0 9.19474 -1.83837 0.0188249 2.91891 3.05928 -0.269391 2.91361 3.07245 -0.271217 0 0 0 0 0 0 -0.000377221 0.00158795 0.000305943 0.0822229 0.220102 0.972005 13321.5 13326.9 13336.1 13344.9
21.6719 -6.8605 0 10.6148 -5.6918 -0.00898325 0 0 0 9.19822 -1.82702 0.0187672 2.91969 3.06031 -0.269391 2.91451 3.07334 -0.27112 0 0 0 0 0 0 -0.000367777 0.00153538 0.000290579 0.0811903 0.219361 0.97226 13319.8 13325.1 13333.7 13342.2
21.6719 -6.8605 0 10.6608 -5.70093 -0.00888946 0 0 0 9.20165 -1.81571 0.0187068 2.92047 3.06134 -0.269391 2.9154 3.07423 -0.271025 0 0 0 0 0 0 -0.000356809 0.00148918 0.000278205 0.0801698 0.218616 0.972512 13318.1 13323.2 13331.4 13339.7
21.6719 -6.8605 0 10.7069 -5.71003 -0.00879572 0 0 0 9.20505 -1.80441 0.0186438 2.92126 3.06235 -0.269391 2.9163 3.0751 -0.270933 0 0 0 0 0 0 -0.000347534 0.00144147 0.000264802 0.0791595 0.217865 0.972763 13316.5 13321.4 13329.1 13337.1
21.6719 -6.8605 0 10.7528 -5.71903 -0.00870268 0 0 0 9.20839 -1.79321 0.0185787 2.92205 3.06335 -0.269391 2.9172 3.07596 -0.270844 0 0 0 0 0 0 -0.00033403 0.0014083 0.000258278 0.0781662 0.217114 0.973012 13314.6 13319.4 13326.9 13334.7
21.6719 -6.8605 0 10.799 -5.72801 -0.00860964 0 0 0 9.2117 -1.78201 0.0185109 2.92285 3.06433 -0.269391 2.9181 3.0768 -0.270757 0 0 0 0 0 0 -0.000326359 0.00136237 0.000245156 0.0771819 0.216357 0.973259 13313 13317.7 13324.7 13332.2
21.6719 -6.8605 0 10.845 -5.73691 -0.00851719 0 0 0 9.21496 -1.77089 0.0184411 2.92364 3.06531 -0.269391 2.91899 3.07763 -0.270672 0 0 0 0 0 0 -0.000315179 0.0013295 0.000238118 0.0762125 0.2156 0.973503 13311.2 13315.8 13322.6 13329.9
21.6719 -6.8605 0 10.8911 -5.74578 -0.0084248 0 0 0 9.21818 -1.75978 0.0183688 2.92444 3.06627 -0.269391 2.91989 3.07845 -0.27059 0 0 0 0 0 0 -0.000308029 0.00128776 0.00022653 0.0752525 0.214837 0.973747 13309.6 13314 13320.4 13327.5
21.6719 -6.8605 0 10.9374 -5.75461 -0.00833266 0 0 0 9.22136 -1.74871 0.0182942 2.92525 3.06722 -0.269391 2.92079 3.07925 -0.270509 0 0 0 0 0 0 -0.000300166 0.00125085 0.000217046 0.0743032 0.21407 0.973988 13308 13312.2 13318.3 13325.2
21.6719 -6.8605 0 10.9834 -5.76334 -0.0082414 0 0 0 9.22449 -1.73774 0.018218 2.92605 3.06816 -0.269391 2.92169 3.08004 -0.270432 0 0 0 0 0 0 -0.000289145 0.00122746 0.00021364 0.073371 0.213304 0.974227 13306.2 13310.4 13316.3 13323.1
21.6719 -6.8605 0 11.0293 -5.77198 -0.00815075 0 0 0 9.22757 -1.72684 0.01814 2.92685 3.06908 -0.269391 2.92258 3.08082 -0.270356 0 0 0 0 0 0 -0.000280677 0.00119938 0.000207698 0.0724527 0.212538 0.974463 13304.5 13308.6 13314.3 13320.9
21.6719 -6.8605 0 11.0756 -5.78066 -0.0080596 0 0 0 9.23063 -1.71589 0.0180592 2.92766 3.06999 -0.269391 2.92349 3.08159 -0.270282 0 0 0 0 0 0 -0.000278815 0.00115109 0.000192261 0.0715369 0.211761 0.9747 13303.1 13307 13312.1 13318.5
21.6719 -6.8605 0 11.1217 -5.78922 -0.00796946 0 0 0 9.23364 -1.70506 0.0179771 2.92847 3.0709 -0.269391 2.92438 3.08235 -0.270211 0 0 0 0 0 0 -0.000268935 0.00113361 0.000190807 0.0706384 0.210987 0.974933 13301.2 13305.1 13310.3 13316.5
21.6719 -6.8605 0 11.168 -5.79777 -0.00787933 0 0 0 9.23662 -1.69422 0.0178927 2.92928 3.07179 -0.269391 2.92529 3.0831 -0.270141 0 0 0 0 0 0 -0.000265039 0.00109743 0.000180601 0.0697472 0.210207 0.975166 13299.7 13303.5 13308.2 13314.3
21.6719 -6.8605 0 11.2142 -5.80625 -0.00778982 0 0 0 9.23956 -1.68346 0.0178068 2.93009 3.07267 -0.269391 2.92618 3.08384 -0.270073 0 0 0 0 0 0 -0.000258333 0.00107435 0.00017615 0.0688689 0.209426 0.975396 13298.1 13301.7 13306.3 13312.3
21.6719 -6.8605 0 11.2605 -5.81468 -0.0077006 0 0 0 9.24247 -1.67272 0.017719 2.93091 3.07354 -0.269391 2.92709 3.08456 -0.270007 0 0 0 0 0 0 -0.00025385 0.00104547 0.000168908 0.0680001 0.208642 0.975625 13296.5 13300 13304.4 13310.2
21.6719 -6.8605 0 11.3067 -5.82304 -0.00761207 0 0 0 9.24532 -1.66206 0.0176298 2.93173 3.0744 -0.269391 2.92798 3.08528 -0.269943 0 0 0 0 0 0 -0.000247876 0.00102532 0.000165362 0.0671444 0.207857 0.975852 13294.8 13298.3 13302.6 13308.3
21.6719 -6.8605 0 11.3528 -5.83133 -0.00752413 0 0 0 9.24814 -1.65147 0.0175391 2.93255 3.07524 -0.269391 2.92888 3.08598 -0.269881 0 0 0 0 0 0 -0.000242934 0.00100389 0.000161049 0.0663007 0.207071 0.976077 13293.2 13296.6 13300.8 13306.4
21.6719 -6.8605 0 11.3987 -5.83953 -0.00743704 0 0 0 9.25091 -1.64097 0.0174473 2.93336 3.07607 -0.269391 2.92978 3.08668 -0.269821 0 0 0 0 0 0 -0.00023735 0.000988034 0.000158978 0.0654712 0.206287 0.976299 13291.6 13294.9 13299 13304.5
21.6719 -6.8605 0 11.4451 -5.84776 -0.00734951 0 0 0 9.25367 -1.6304 0.0173531 2.93419 3.0769 -0.269391 2.93068 3.08737 -0.269762 0 0 0 0 0 0 -0.00023796 0.000947751 0.000146187 0.0646432 0.205493 0.976521 13290.3 13293.4 13297 13302.3
21.6719 -6.8605 0 11.4914 -5.85592 -0.00726269 0 0 0 9.25639 -1.61992 0.0172576 2.93501 3.07772 -0.269391 2.93158 3.08804 -0.269705 0 0 0 0 0 0 -0.000233531 0.00093154 0.000143723 0.0638278 0.204699 0.976742 13288.6 13291.8 13295.3 13300.5
21.6719 -6.8605 0 11.5378 -5.86404 -0.00717625 0 0 0 9.25908 -1.60946 0.0171607 2.93584 3.07853 -0.269391 2.93248 3.08871 -0.269649 0 0 0 0 0 0 -0.000231028 0.000909127 0.00013845 0.0630213 0.203901 0.976961 13287.1 13290.2 13293.5 13298.6
21.6719 -6.8605 0 11.5841 -5.87209 -0.00709034 0 0 0 9.26173 -1.59906 0.0170624 2.93666 3.07933 -0.269391 2.93338 3.08937 -0.269595 0 0 0 0 0 0 -0.000228154 0.000890651 0.000134737 0.0622253 0.203103 0.977178 13285.6 13288.6 13291.8 13296.8
21.6719 -6.8605 0 11.6304 -5.88008 -0.00700511 0 0 0 9.26434 -1.58873 0.0169631 2.93749 3.08011 -0.269391 2.93428 3.09002 -0.269542 0 0 0 0 0 0 -0.00022509 0.000875481 0.000132276 0.0614408 0.202304 0.977394 13284 13286.9 13290.1 13295.1
21.6719 -6.8605 0 11.6766 -5.888 -0.00692051 0 0 0 9.26692 -1.57846 0.0168627 2.93832 3.08226 -0.269391 2.93518 3.09067 -0.269492 0 0 0 0 0 0 0.0033232 -0.0122765 -0.00252058 0.0593003 0.201522 0.977687 13374.8 13334.8 13254.8 13184.4
21.6719 -6.8605 0 11.7231 -5.89591 -0.00683599 0 0 0 9.26947 -1.56819 0.0167607 2.93915 3.09648 -0.269391 2.93608 3.09143 -0.269429 0 0 0 0 0 0 0.0344784 -0.127275 -0.0256003 0.045095 0.200857 0.978582 14152.4 13755.7 12958.2 12191
21.6719 -6.8605 0 11.7693 -5.90374 -0.00675236 0 0 0 9.27198 -1.558 0.0166579 2.93998 3.11066 -0.269391 2.93698 3.09344 -0.269241 0 0 0 0 0 0 0.0321171 -0.117755 -0.0235101 0.0309293 0.200152 0.979277 14082.6 13715.1 12986.2 12278.6
21.6719 -6.8605 0 11.8157 -5.91154 -0.00666899 0 0 0 9.27439 -1.54784 0.0165537 2.94082 3.12487 -0.269391 2.93788 3.09661 -0.26894 0 0 0 0 0 0 0.0300702 -0.109471 -0.0216996 0.0167252 0.199403 0.979775 14021.2 13679.3 13009.7 12353.4
21.6719 -6.8605 0 11.862 -5.91927 -0.00658629 0 0 0 9.27664 -1.53773 0.0164487 2.94165 3.13902 -0.269391 2.93878 3.10085 -0.268539 0 0 0 0 0 0 0.0279629 -0.101009 -0.0198813 0.00257408 0.198613 0.980075 13958.9 13643.2 13032.6 12428.4
21.6719 -6.8605 0 11.9087 -5.927 -0.00650358 0 0 0 9.27869 -1.52761 0.016342 2.94249 -3.12998 -0.269391 2.93968 3.10612 -0.268045 0 0 0 0 0 0 0.0261105 -0.0935345 -0.0182865 -0.0116114 0.197777 0.980178 13903.5 13611.2 13052.1 12493.4
21.6719 -6.8605 0 11.9548 -5.9346 -0.00642233 0 0 0 9.28045 -1.51765 0.0162355 2.94332 -3.11603 -0.269391 2.94058 3.11224 -0.26748 0 0 0 0 0 0 0.0239548 -0.0849917 -0.0165062 -0.0255593 0.196911 0.980088 13841.5 13575.9 13073.6 12566.7
21.6719 -6.8605 0 12.0011 -5.94216 -0.00634144 0 0 0 9.28191 -1.50771 0.0161279 2.94415 -3.10215 -0.269391 2.94147 3.11921 -0.26685 0 0 0 0 0 0 0.0221834 -0.0779056 -0.0150387 -0.0394359 0.196005 0.97981 13789.7 13546.6 13090.8 12626.5
21.6719 -6.8605 0 12.0476 -5.94973 -0.0062605 0 0 0 9.28303 -1.49775 0.0160186 2.945 -3.08828 -0.269391 2.94237 3.127 -0.266163 0 0 0 0 0 0 0.020539 -0.0713137 -0.0136902 -0.0532909 0.195055 0.979343 13741.9 13519.8 13106.4 12681.5
21.6719 -6.8605 0 12.0948 -5.95734 -0.00617909 0 0 0 9.28377 -1.4877 0.0159071 2.94585 -3.07437 -0.269391 2.94328 3.13561 -0.265424 0 0 0 0 0 0 0.0189803 -0.0650538 -0.0124273 -0.0671766 0.194057 0.978687 13697.1 13494.9 13121 12733.3
21.6719 -6.8605 0 12.1407 -5.96468 -0.00610055 0 0 0 9.28407 -1.47799 0.015798 2.94668 -3.061 -0.269391 2.94416 -3.13857 -0.264675 0 0 0 0 0 0 0.0169714 -0.057275 -0.0108896 -0.0805041 0.193055 0.97788 13643.1 13465.7 13139.2 12797.7
21.6719 -6.8605 0 12.1871 -5.97207 -0.00602155 0 0 0 9.28392 -1.4682 0.0156868 2.94752 -3.04763 -0.269391 2.94504 -3.12889 -0.263897 0 0 0 0 0 0 0.0155883 -0.0517383 -0.00980583 -0.0938284 0.192008 0.976898 13604.9 13445.5 13152.1 12843.1
21.6719 -6.8605 0 12.2332 -5.97937 -0.00594363 0 0 0 9.28329 -1.45852 0.0155756 2.94835 -3.03451 -0.269391 2.94591 -3.11877 -0.263114 0 0 0 0 0 0 0.0140545 -0.0457384 -0.00864841 -0.106873 0.190939 0.975767 13564.7 13424.7 13166.3 12892.6
21.6719 -6.8605 0 12.2799 -5.9867 -0.00586531 0 0 0 9.28214 -1.44877 0.0154623 2.9492 -3.02143 -0.269391 2.94678 -3.10806 -0.262319 0 0 0 0 0 0 0.0127338 -0.0404969 -0.00765287 -0.119874 0.189829 0.974472 13530.6 13407.7 13179.1 12936
21.6719 -6.8605 0 12.326 -5.99391 -0.00578841 0 0 0 9.28048 -1.43916 0.0153497 2.95004 -3.00869 -0.269391 2.94764 -3.09708 -0.261539 0 0 0 0 0 0 0.0113136 -0.0350081 -0.00662158 -0.132515 0.188706 0.973052 13496.1 13391 13193 12981.9
21.6719 -6.8605 0 12.3728 -6.00115 -0.0057111 0 0 0 9.27824 -1.42948 0.015235 2.95089 -2.99599 -0.269391 2.9485 -3.08559 -0.260763 0 0 0 0 0 0 0.0100846 -0.030171 -0.00572921 -0.145089 0.187544 0.971482 13467.1 13377.9 13206.1 13023
21.6719 -6.8605 0 12.4188 -6.00824 -0.00563559 0 0 0 9.27547 -1.41999 0.0151217 2.95173 -2.98371 -0.269391 2.94934 -3.07399 -0.260019 0 0 0 0 0 0 0.00880908 -0.0253135 -0.00483901 -0.157227 0.18638 0.969816 13439.2 13365.7 13219.9 13065
21.6719 -6.8605 0 12.4654 -6.01538 -0.00555951 0 0 0 9.27207 -1.41041 0.015006 2.95258 -2.97147 -0.269391 2.95018 -3.06196 -0.259292 0 0 0 0 0 0 0.00768429 -0.0209197 -0.00405102 -0.169303 0.185179 0.968011 13415.7 13356.7 13233.4 13103.9
21.6719 -6.8605 0 12.5117 -6.02242 -0.0054847 0 0 0 9.26811 -1.40095 0.014891 2.95342 -2.95957 -0.269391 2.951 -3.04983 -0.258603 0 0 0 0 0 0 0.00657056 -0.0167048 -0.00329921 -0.181018 0.183971 0.96612 13394.5 13349.3 13247.5 13142.3
21.6719 -6.8605 0 12.5581 -6.02943 -0.00541012 0 0 0 9.26352 -1.3915 0.014775 2.95427 -2.94785 -0.269391 2.95182 -3.03747 -0.257948 0 0 0 0 0 0 0.00553019 -0.0127361 -0.00260308 -0.192531 0.182742 0.964125 13376.4 13344.2 13261.9 13179.5
21.6719 -6.8605 0 12.6044 -6.03638 -0.00533629 0 0 0 9.25831 -1.3821 0.0146588 2.95512 -2.9364 -0.269391 2.95263 -3.02501 -0.257335 0 0 0 0 0 0 0.00454696 -0.00904158 -0.00196132 -0.203758 0.181502 0.96205 13361.3 13341.2 13276.7 13215.5
21.6719 -6.8605 0 12.6508 -6.04331 -0.00526279 0 0 0 9.25246 -1.37272 0.0145419 2.95598 -2.92515 -0.269391 2.95343 -3.0124 -0.256766 0 0 0 0 0 0 0.00360959 -0.00552634 -0.0013586 -0.214758 0.180246 0.959891 13348.7 13340.2 13292.2 13251.1
21.6719 -6.8605 0 12.6968 -6.05015 -0.00519043 0 0 0 9.24602 -1.36344 0.0144255 2.95682 -2.91423 -0.269391 2.95422 -2.99983 -0.256248 0 0 0 0 0 0 0.00275712 -0.00240169 -0.000827046 -0.225409 0.17899 0.957681 13339.8 13341.4 13307.9 13284.8
21.6719 -6.8605 0 12.7432 -6.05698 -0.00511814 0 0 0 9.2389 -1.35415 0.014308 2.95768 -2.90348 -0.269391 2.955 -2.98715 -0.255777 0 0 0 0 0 0 0.00191049 0.000731512 -0.000301399 -0.235869 0.177717 0.955397 13332.2 13344 13324.6 13319.4
21.6719 -6.8605 0 12.7894 -6.06376 -0.0050465 0 0 0 9.23113 -1.3449 0.0141902 2.95854 -2.89299 -0.269391 2.95578 -2.97447 -0.255359 0 0 0 0 0 0 0.00113868 0.0035253 0.000163722 -0.246052 0.176437 0.953063 13327.9 13348.8 13341.8 13352.5
21.6719 -6.8605 0 12.8356 -6.07048 -0.00497557 0 0 0 9.22274 -1.3357 0.0140724 2.9594 -2.88276 -0.269391 2.95655 -2.96184 -0.254995 0 0 0 0 0 0 0.000422021 0.00608447 0.000586033 -0.25595 0.175155 0.95069 13326.3 13355.4 13359.5 13384.8
21.6719 -6.8605 0 12.8816 -6.07714 -0.00490538 0 0 0 9.21371 -1.32656 0.0139547 2.96025 -2.87281 -0.269391 2.95732 -2.94929 -0.254686 0 0 0 0 0 0 -0.000242706 0.00842499 0.000969084 -0.26556 0.173871 0.948286 13327.2 13363.8 13377.8 13416.4
21.6719 -6.8605 0 12.9275 -6.08376 -0.00483575 0 0 0 9.20404 -1.31746 0.0138367 2.96111 -2.8631 -0.269391 2.95808 -2.93681 -0.254432 0 0 0 0 0 0 -0.000876266 0.0106351 0.00132814 -0.27491 0.172585 0.945854 13329.9 13373.5 13396.9 13448
21.6719 -6.8605 0 12.9738 -6.09038 -0.00476628 0 0 0 9.19366 -1.30834 0.0137178 2.96198 -2.85357 -0.269391 2.95884 -2.92435 -0.254233 0 0 0 0 0 0 -0.00150724 0.0128294 0.00168262 -0.284055 0.17129 0.943384 13334 13384.5 13416.9 13480.5
21.6719 -6.8605 0 13.0199 -6.09695 -0.00469735 0 0 0 9.18262 -1.29925 0.0135987 2.96285 -2.84429 -0.269391 2.95959 -2.912 -0.254089 0 0 0 0 0 0 -0.0020616 0.0146979 0.00198276 -0.292944 0.169994 0.940896 13341 13397.4 13437.3 13511.5
21.6719 -6.8605 0 13.0657 -6.10342 -0.00462967 0 0 0 9.17105 -1.29029 0.0134806 2.96371 -2.83534 -0.269391 2.96034 -2.89991 -0.254002 0 0 0 0 0 0 -0.00250167 0.0160992 0.00220604 -0.301492 0.168711 0.938424 13351.6 13412.2 13457.7 13539.9
21.6719 -6.8605 0 13.1116 -6.10988 -0.00456215 0 0 0 9.15876 -1.28131 0.0133617 2.96458 -2.82657 -0.269391 2.96109 -2.88789 -0.253969 0 0 0 0 0 0 -0.00301864 0.0178085 0.00247903 -0.309841 0.167423 0.935932 13361.3 13427.1 13479.5 13571.3
21.6719 -6.8605 0 13.1578 -6.11634 -0.00449477 0 0 0 9.14576 -1.2723 0.0132419 2.96546 -2.81798 -0.269391 2.96185 -2.87596 -0.25399 0 0 0 0 0 0 -0.00350536 0.0193842 0.0027304 -0.317993 0.166129 0.933425 13372.7 13443.3 13502 13602.7
21.6719 -6.8605 0 13.203 -6.12264 -0.00442926 0 0 0 9.13237 -1.2635 0.0131244 2.96632 -2.80979 -0.269391 2.96259 -2.86443 -0.254062 0 0 0 0 0 0 -0.00375072 0.0200066 0.0028274 -0.325745 0.164864 0.930972 13390.2 13462.4 13523.3 13627.7
21.6719 -6.8605 0 13.2487 -6.12895 -0.00436366 0 0 0 9.11823 -1.25465 0.0130056 2.96719 -2.80175 -0.269391 2.96333 -2.85298 -0.254186 0 0 0 0 0 0 -0.00420108 0.0214286 0.00305471 -0.333338 0.163591 0.928506 13403.7 13480.2 13546.7 13659.1
21.6719 -6.8605 0 13.2944 -6.13525 -0.0042984 0 0 0 9.10341 -1.24581 0.0128864 2.96807 -2.79391 -0.269391 2.96409 -2.84169 -0.25436 0 0 0 0 0 0 -0.00456803 0.0225148 0.00322852 -0.340723 0.162319 0.926045 13420 13499.5 13570.3 13688.8
21.6719 -6.8605 0 13.3398 -6.14145 -0.00423419 0 0 0 9.0881 -1.23706 0.0127681 2.96895 -2.78635 -0.269391 2.96484 -2.83069 -0.254581 0 0 0 0 0 0 -0.00481025 0.0231191 0.00332524 -0.347823 0.161063 0.923622 13439.4 13520.4 13593.5 13715.5
21.6719 -6.8605 0 13.3852 -6.14763 -0.0041704 0 0 0 9.07214 -1.22833 0.0126495 2.96982 -2.77898 -0.269391 2.96559 -2.81988 -0.254848 0 0 0 0 0 0 -0.00510939 0.0239354 0.0034575 -0.354714 0.159811 0.921216 13458.1 13541.3 13617.6 13744.2
21.6719 -6.8605 0 13.4304 -6.15375 -0.00410737 0 0 0 9.05563 -1.21965 0.0125313 2.9707 -2.77186 -0.269391 2.96635 -2.80933 -0.255158 0 0 0 0 0 0 -0.00533554 0.0244723 0.00354575 -0.361366 0.15857 0.918842 13478.8 13563.2 13641.6 13771.3
21.6719 -6.8605 0 13.4759 -6.15989 -0.00404433 0 0 0 9.03838 -1.21094 0.0124121 2.97159 -2.76488 -0.269391 2.96712 -2.79891 -0.255514 0 0 0 0 0 0 -0.00563946 0.0252903 0.00368105 -0.367864 0.157325 0.916474 13498.3 13584.8 13666.7 13801
21.6719 -6.8605 0 13.5212 -6.16595 -0.00398221 0 0 0 9.02063 -1.2023 0.0122937 2.97247 -2.75815 -0.269391 2.96789 -2.78879 -0.255908 0 0 0 0 0 0 -0.00578796 0.0255296 0.00372393 -0.374112 0.156096 0.914152 13521.3 13608.1 13691 13826.8
21.6719 -6.8605 0 13.5662 -6.17195 -0.00392088 0 0 0 9.00238 -1.19374 0.0121757 2.97335 -2.75165 -0.269391 2.96866 -2.77895 -0.256338 0 0 0 0 0 0 -0.00593478 0.0257628 0.00376713 -0.380134 0.15488 0.911872 13544.5 13631.6 13715.5 13852.7
21.6719 -6.8605 0 13.6112 -6.17792 -0.00386001 0 0 0 8.98354 -1.18519 0.0120578 2.97423 -2.74534 -0.269391 2.96944 -2.76934 -0.256805 0 0 0 0 0 0 -0.00610428 0.026075 0.00382462 -0.385965 0.153672 0.909624 13567.4 13654.9 13740.3 13879.3
21.6719 -6.8605 0 13.6561 -6.18384 -0.00379971 0 0 0 8.96414 -1.17668 0.0119399 2.97512 -2.73922 -0.269391 2.97022 -2.75998 -0.257305 0 0 0 0 0 0 -0.00623998 0.0262625 0.00386325 -0.391602 0.152473 0.907414 13591.1 13678.6 13765.1 13905.2
21.6719 -6.8605 0 13.7007 -6.1897 -0.00374033 0 0 0 8.94432 -1.16826 0.011823 2.976 -2.73333 -0.269391 2.97101 -2.75092 -0.257832 0 0 0 0 0 0 -0.00630468 0.0261986 0.00386214 -0.397016 0.151292 0.905256 13616 13702.9 13789.5 13929.3
21.6719 -6.8605 0 13.7458 -6.19559 -0.00368069 0 0 0 8.92369 -1.15975 0.0117046 2.97689 -2.72754 -0.269391 2.97182 -2.74198 -0.258396 0 0 0 0 0 0 -0.00651486 0.0266396 0.00394516 -0.402319 0.150104 0.90311 13638.4 13726.1 13814.9 13957.3
21.6719 -6.8605 0 13.7903 -6.20137 -0.00362234 0 0 0 8.90278 -1.15139 0.0115878 2.97777 -2.72201 -0.269391 2.97262 -2.73341 -0.25898 0 0 0 0 0 0 -0.00649153 0.0262678 0.00389631 -0.407378 0.148942 0.901033 13665 13751.1 13838.8 13979.3
21.6719 -6.8605 0 13.8345 -6.20709 -0.00356475 0 0 0 8.88145 -1.14309 0.0114717 2.97865 -2.71668 -0.269391 2.97343 -2.72512 -0.259586 0 0 0 0 0 0 -0.00652795 0.0261074 0.00388303 -0.412245 0.147794 0.899006 13690.2 13775.3 13862.8 14002.5
21.6719 -6.8605 0 13.8792 -6.21284 -0.00350707 0 0 0 8.85937 -1.13474 0.0113546 2.97954 -2.71145 -0.269391 2.97425 -2.71698 -0.26022 0 0 0 0 0 0 -0.00666477 0.0262847 0.00392686 -0.416997 0.146645 0.897 13713.5 13798.6 13887.5 14028.3
21.6719 -6.8605 0 13.9235 -6.21852 -0.00345028 0 0 0 8.83692 -1.12647 0.0112383 2.98043 -2.70643 -0.269391 2.97508 -2.70915 -0.260871 0 0 0 0 0 0 -0.0066503 0.0259509 0.00388742 -0.421556 0.145513 0.895051 13739.4 13822.9 13911.1 14050.1
21.6719 -6.8605 0 13.9675 -6.22413 -0.0033943 0 0 0 8.81411 -1.11828 0.0111229 2.98131 -2.7016 -0.269391 2.97591 -2.70159 -0.261536 0 0 0 0 0 0 -0.006636 0.0256229 0.00384966 -0.425935 0.144397 0.893157 13764.8 13846.8 13934.3 14071.7
21.6719 -6.8605 0 14.0117 -6.22973 -0.00333858 0 0 0 8.7907 -1.11008 0.0110071 2.98219 -2.6969 -0.269391 2.97676 -2.69425 -0.26222 0 0 0 0 0 0 -0.00668334 0.0254986 0.00384686 -0.430182 0.143287 0.891298 13788.9 13870 13957.7 14094.6
21.6719 -6.8605 0 14.0554 -6.23525 -0.00328383 0 0 0 8.76703 -1.10198 0.0108925 2.98307 -2.69239 -0.269391 2.97761 -2.6872 -0.262913 0 0 0 0 0 0 -0.00662312 0.0250272 0.00378671 -0.434247 0.142196 0.8895 13814.4 13893.6 13980.1 14114.5
21.6719 -6.8605 0 14.0993 -6.24077 -0.00322931 0 0 0 8.74277 -1.09387 0.0107776 2.98396 -2.68801 -0.269391 2.97846 -2.68035 -0.26362 0 0 0 0 0 0 -0.00665047 0.0248401 0.00377517 -0.438189 0.141111 0.887738 13838 13916.2 14002.8 14136.3
21.6719 -6.8605 0 14.143 -6.24623 -0.00317547 0 0 0 8.71815 -1.08583 0.0106632 2.98484 -2.68379 -0.269391 2.97933 -2.67376 -0.264335 0 0 0 0 0 0 -0.00660734 0.0244304 0.00372678 -0.441981 0.140039 0.886026 13862.4 13938.9 14024.6 14156
21.6719 -6.8605 0 14.1866 -6.25166 -0.00312211 0 0 0 8.69307 -1.07781 0.0105491 2.98572 -2.6797 -0.269391 2.9802 -2.66739 -0.265059 0 0 0 0 0 0 -0.00657881 0.0240699 0.00368737 -0.445639 0.138978 0.884359 13886.1 13961 14046.2 14175.7
21.6719 -6.8605 0 14.2301 -6.25706 -0.00306931 0 0 0 8.6676 -1.06984 0.0104354 2.9866 -2.67576 -0.269391 2.98108 -2.66126 -0.265788 0 0 0 0 0 0 -0.00653236 0.0236569 0.00363956 -0.449163 0.137929 0.882739 13909.6 13982.9 14067.2 14194.6
21.6719 -6.8605 0 14.2735 -6.26242 -0.00301704 0 0 0 8.64172 -1.0619 0.0103221 2.98747 -2.67196 -0.269391 2.98197 -2.65536 -0.266521 0 0 0 0 0 0 -0.00648071 0.0232317 0.0035901 -0.45256 0.13689 0.881165 13932.7 14004.2 14087.7 14213
21.6719 -6.8605 0 14.3165 -6.2677 -0.00296564 0 0 0 8.61563 -1.05405 0.0102098 2.98834 -2.66831 -0.269391 2.98286 -2.64972 -0.267252 0 0 0 0 0 0 -0.00638216 0.0226719 0.00351736 -0.45581 0.13587 0.879646 13955.9 14025.4 14107.4 14229.7
21.6719 -6.8605 0 14.3604 -6.27307 -0.0029137 0 0 0 8.58861 -1.04608 0.0100956 2.98923 -2.66472 -0.269391 2.98377 -2.64418 -0.267999 0 0 0 0 0 0 -0.00643422 0.0225571 0.00352357 -0.459006 0.13484 0.878141 13976.4 14045 14127.7 14249.6
21.6719 -6.8605 0 14.4038 -6.27836 -0.00286264 0 0 0 8.5614 -1.0382 0.0099825 2.99011 -2.66127 -0.269391 2.98468 -2.63891 -0.26874 0 0 0 0 0 0 -0.00631292 0.0219351 0.003441 -0.462062 0.133827 0.876692 13999.1 14065.5 14146.6 14265.2
21.6719 -6.8605 0 14.4463 -6.28351 -0.0028131 0 0 0 8.53436 -1.03052 0.00987205 2.99097 -2.65802 -0.269391 2.98559 -2.63394 -0.269464 0 0 0 0 0 0 -0.00612555 0.0211391 0.00332624 -0.464946 0.132846 0.875316 14021.9 14085.6 14164.2 14278.5
21.6719 -6.8605 0 14.4886 -6.28861 -0.00276421 0 0 0 8.50706 -1.02289 0.0097623 2.99183 -2.65489 -0.269391 2.98649 -2.62919 -0.270183 0 0 0 0 0 0 -0.00603577 0.0206326 0.00326263 -0.467714 0.131878 0.873986 14042.4 14104.3 14181.7 14293.4
21.6719 -6.8605 0 14.5311 -6.29373 -0.00271537 0 0 0 8.47918 -1.01524 0.00965194 2.99269 -2.65184 -0.269391 2.98741 -2.6246 -0.270905 0 0 0 0 0 0 -0.00600045 0.0202794 0.00322731 -0.470405 0.130911 0.872686 14061.6 14122 14199 14309
21.6719 -6.8605 0 14.5732 -6.29877 -0.00266746 0 0 0 8.45123 -1.00769 0.00954297 2.99355 -2.64893 -0.269391 2.98833 -2.62023 -0.271615 0 0 0 0 0 0 -0.00586924 0.0196699 0.00314472 -0.472972 0.129963 0.87144 14081.6 14139.9 14215.2 14322
21.6719 -6.8605 0 14.6156 -6.30383 -0.00261955 0 0 0 8.42267 -1.0001 0.00943328 2.99441 -2.6461 -0.269391 2.98926 -2.61602 -0.272325 0 0 0 0 0 0 -0.00582535 0.0192982 0.00310648 -0.475468 0.129016 0.870221 14099.7 14156.6 14231.5 14336.4
21.6719 -6.8605 0 14.6576 -6.30882 -0.00257252 0 0 0 8.39403 -0.992603 0.00932489 2.99526 -2.64339 -0.269391 2.99018 -2.61202 -0.273022 0 0 0 0 0 0 -0.00569211 0.0186974 0.00302478 -0.477849 0.128086 0.869054 14118.5 14173.4 14246.6 14348.3
21.6719 -6.8605 0 14.6995 -6.31377 -0.00252596 0 0 0 8.3651 -0.985146 0.00921689 2.99611 -2.64078 -0.269391 2.99111 -2.6082 -0.273712 0 0 0 0 0 0 -0.00559575 0.0181994 0.00296216 -0.480141 0.127166 0.867925 14136.1 14189.2 14261.3 14360.4
21.6719 -6.8605 0 14.7413 -6.31869 -0.00247992 0 0 0 8.33589 -0.977732 0.00910939 2.99696 -2.63827 -0.269391 2.99205 -2.60455 -0.274391 0 0 0 0 0 0 -0.00549186 0.0176883 0.00289663 -0.482343 0.126257 0.866836 14153.2 14204.5 14275.4 14371.9
21.6719 -6.8605 0 14.7831 -6.32359 -0.00243433 0 0 0 8.30639 -0.97035 0.00900225 2.9978 -2.63584 -0.269391 2.99298 -2.60108 -0.275062 0 0 0 0 0 0 -0.00539058 0.0171893 0.00283309 -0.484462 0.125356 0.865784 14169.6 14219.2 14288.9 14382.8
21.6719 -6.8605 0 14.8247 -6.32845 -0.00238918 0 0 0 8.2766 -0.963 0.00889548 2.999 -2.63457 -0.269391 2.99392 -2.59777 -0.275722 0 0 0 0 0 0 -0.00550676 0.0276671 0.00270365 -0.4865 0.124465 0.86477 14164.5 14257.5 14276.9 14414.8
21.6719 -6.8605 0 14.866 -6.33326 -0.00234478 0 0 0 8.24674 -0.955733 0.00878982 3.00046 -2.6342 -0.269391 2.99489 -2.59474 -0.276364 0 0 0 0 0 0 -0.0056097 0.0345496 0.00257261 -0.488446 0.123588 0.863798 14165.8 14287.1 14271.2 14438.1
21.6719 -6.8605 0 14.9072 -6.33803 -0.00230091 0 0 0 8.21667 -0.948514 0.00868474 3.00187 -2.63384 -0.269391 2.99592 -2.59203 -0.27699 0 0 0 0 0 0 -0.00554726 0.0319377 0.00250604 -0.490314 0.122721 0.862862 14183.7 14294.3 14285.9 14441.6
21.6719 -6.8605 0 14.9484 -6.34279 -0.00225734 0 0 0 8.18627 -0.941309 0.00857973 3.00326 -2.63349 -0.269391 2.99701 -2.58962 -0.277602 0 0 0 0 0 0 -0.00548744 0.0295839 0.00245178 -0.492119 0.121862 0.861956 14199.5 14300.4 14299.2 14444.7
21.6719 -6.8605 0 14.9893 -6.34749 -0.00221452 0 0 0 8.15586 -0.934195 0.00847587 3.0046 -2.63316 -0.269391 2.99813 -2.5875 -0.278192 0 0 0 0 0 0 -0.00537954 0.0271879 0.00238966 -0.493847 0.121018 0.861087 14214.2 14305.5 14311.1 14446.2
21.6719 -6.8605 0 15.03 -6.35215 -0.0021722 0 0 0 8.12531 -0.927135 0.00837261 3.0059 -2.63284 -0.269391 2.99929 -2.58564 -0.278764 0 0 0 0 0 0 -0.00528163 0.0250593 0.00233908 -0.495511 0.120185 0.860247 14227 14309.7 14321.7 14447.5
21.6719 -6.8605 0 15.0708 -6.35681 -0.0021301 0 0 0 8.09441 -0.920083 0.00826922 3.00718 -2.63253 -0.269391 3.00049 -2.58401 -0.27932 0 0 0 0 0 0 -0.00519418 0.0231414 0.00229836 -0.497126 0.119359 0.859429 14238 14313 14331 14448.4
21.6719 -6.8605 0 15.1111 -6.36139 -0.00208899 0 0 0 8.06376 -0.91317 0.00816765 3.00842 -2.63223 -0.269391 3.0017 -2.58262 -0.279852 0 0 0 0 0 0 -0.00504651 0.0211498 0.00224186 -0.498668 0.118554 0.858648 14248.4 14315.7 14339.1 14447.7
21.6719 -6.8605 0 15.1512 -6.36593 -0.00204834 0 0 0 8.03298 -0.906309 0.0080666 3.00962 -2.63194 -0.269391 3.00293 -2.58143 -0.280365 0 0 0 0 0 0 -0.00493158 0.0194416 0.00220066 -0.500158 0.11776 0.85789 14257 14317.6 14346.1 14447.1
21.6719 -6.8605 0 15.1917 -6.3705 -0.0020077 0 0 0 8.00174 -0.899425 0.00796494 3.01081 -2.63166 -0.269391 3.00419 -2.58042 -0.280865 0 0 0 0 0 0 -0.00483609 0.0178966 0.00216922 -0.501617 0.116968 0.857146 14264.2 14318.7 14352.1 14446.3
21.6719 -6.8605 0 15.2318 -6.375 -0.00196781 0 0 0 7.97064 -0.892647 0.00786457 3.01196 -2.63139 -0.269391 3.00546 -2.57959 -0.281342 0 0 0 0 0 0 -0.00469058 0.0163326 0.0021229 -0.503019 0.116194 0.856429 14270.9 14319.5 14357.1 14444.2
21.6719 -6.8605 0 15.2715 -6.37946 -0.00192856 0 0 0 7.93958 -0.885953 0.00776519 3.01308 -2.63113 -0.269391 3.00672 -2.57893 -0.281799 0 0 0 0 0 0 -0.0045528 0.0149117 0.00208082 -0.504373 0.115435 0.855735 14276.6 14319.8 14361.2 14441.8
21.6719 -6.8605 0 15.311 -6.38386 -0.00188995 0 0 0 7.90859 -0.879347 0.00766683 3.01417 -2.63088 -0.269391 3.00798 -2.57841 -0.282237 0 0 0 0 0 0 -0.00441469 0.0136016 0.00203961 -0.50568 0.11469 0.855064 14281.3 14319.6 14364.4 14439
21.6719 -6.8605 0 15.3508 -6.38828 -0.00185139 0 0 0 7.87723 -0.87273 0.00756804 3.01525 -2.63064 -0.269391 3.00926 -2.57803 -0.28266 0 0 0 0 0 0 -0.00430028 0.0123894 0.00200747 -0.506962 0.113949 0.854403 14285 14318.7 14366.9 14436.1
21.6719 -6.8605 0 15.3901 -6.39264 -0.00181363 0 0 0 7.84608 -0.866227 0.00747068 3.01629 -2.6304 -0.269391 3.01052 -2.57777 -0.283063 0 0 0 0 0 0 -0.00415313 0.0112507 0.00196395 -0.508197 0.113226 0.853765 14288.2 14317.8 14368.6 14432.4
21.6719 -6.8605 0 15.4293 -6.39696 -0.00177634 0 0 0 7.81491 -0.859785 0.00737398 3.01731 -2.63017 -0.269391 3.01178 -2.57762 -0.283448 0 0 0 0 0 0 -0.0040203 0.0101977 0.00192538 -0.509397 0.112514 0.853144 14290.7 14316.4 14369.7 14428.6
21.6719 -6.8605 0 15.4685 -6.40128 -0.00173935 0 0 0 7.78359 -0.853373 0.00727747 3.01831 -2.62995 -0.269391 3.01304 -2.57758 -0.283818 0 0 0 0 0 0 -0.00389281 0.00920273 0.00188849 -0.51057 0.11181 0.852536 14292.5 14314.7 14370.2 14424.5
21.6719 -6.8605 0 15.5074 -6.40555 -0.00170292 0 0 0 7.75233 -0.847038 0.00718188 3.01929 -2.62973 -0.269391 3.01428 -2.57763 -0.28417 0 0 0 0 0 0 -0.00375722 0.00829533 0.00184802 -0.511707 0.111119 0.851944 14293.9 14312.8 14370.1 14420
21.6719 -6.8605 0 15.5461 -6.40977 -0.00166713 0 0 0 7.72121 -0.840791 0.00708737 3.02024 -2.62953 -0.269391 3.0155 -2.57777 -0.284505 0 0 0 0 0 0 -0.00362301 0.00746793 0.00180714 -0.512809 0.110442 0.851369 14294.7 14310.7 14369.5 14415.4
21.6719 -6.8605 0 15.5848 -6.41399 -0.00163156 0 0 0 7.68989 -0.834562 0.00699291 3.02118 -2.62932 -0.269391 3.01672 -2.57798 -0.284826 0 0 0 0 0 0 -0.00349918 0.00664974 0.00176952 -0.513889 0.109772 0.850804 14295.1 14308.2 14368.5 14410.6
21.6719 -6.8605 0 15.6233 -6.41817 -0.00159656 0 0 0 7.65868 -0.828411 0.00689941 3.0221 -2.62913 -0.269391 3.01792 -2.57827 -0.285132 0 0 0 0 0 0 -0.00336958 0.0059361 0.00172851 -0.514938 0.109114 0.850254 14295 14305.7 14367 14405.5
21.6719 -6.8605 0 15.6613 -6.42228 -0.00156229 0 0 0 7.62773 -0.822365 0.00680732 3.02298 -2.62894 -0.269391 3.0191 -2.57861 -0.28542 0 0 0 0 0 0 -0.00324211 0.00531091 0.00168693 -0.515953 0.108472 0.849721 14294.6 14303.2 14365 14400.5
21.6719 -6.8605 0 15.6996 -6.42641 -0.00152811 0 0 0 7.59647 -0.816313 0.00671494 3.02386 -2.62875 -0.269391 3.02027 -2.57902 -0.285698 0 0 0 0 0 0 -0.00312385 0.00461844 0.00164847 -0.516952 0.107833 0.849195 14294 14300.2 14363 14395.1
21.6719 -6.8605 0 15.7377 -6.4305 -0.00149449 0 0 0 7.56533 -0.810336 0.00662353 3.02472 -2.62857 -0.269391 3.02142 -2.57948 -0.285961 0 0 0 0 0 0 -0.00300275 0.00406137 0.00160728 -0.517924 0.107205 0.848682 14292.9 14297.4 14360.4 14389.7
21.6719 -6.8605 0 15.7752 -6.43451 -0.00146168 0 0 0 7.53455 -0.804478 0.00653378 3.02556 -2.6284 -0.269391 3.02254 -2.57998 -0.286209 0 0 0 0 0 0 -0.0028859 0.00360721 0.00156609 -0.518861 0.106595 0.848187 14291.6 14294.6 14357.4 14384.4
21.6719 -6.8605 0 15.8129 -6.43854 -0.00142892 0 0 0 7.50344 -0.798607 0.00644368 3.02638 -2.62823 -0.269391 3.02365 -2.58052 -0.286447 0 0 0 0 0 0 -0.0027722 0.00302662 0.00152604 -0.519787 0.105986 0.847696 14290.2 14291.3 14354.6 14378.7
21.6719 -6.8605 0 15.8505 -6.44254 -0.00139665 0 0 0 7.4724 -0.792796 0.00635438 3.02719 -2.62807 -0.269391 3.02475 -2.5811 -0.286674 0 0 0 0 0 0 -0.00266065 0.00258127 0.00148511 -0.520688 0.105387 0.847217 14288.5 14288.2 14351.3 14373.1
21.6719 -6.8605 0 15.8878 -6.4465 -0.00136496 0 0 0 7.44154 -0.787063 0.00626617 3.02798 -2.62791 -0.269391 3.02582 -2.58171 -0.286887 0 0 0 0 0 0 -0.00255359 0.00219929 0.00144461 -0.521564 0.1048 0.846752 14286.6 14285.1 14347.8 14367.6
21.6719 -6.8605 0 15.925 -6.45043 -0.00133364 0 0 0 7.41066 -0.781372 0.00617851 3.02876 -2.62775 -0.269391 3.02687 -2.58234 -0.28709 0 0 0 0 0 0 -0.00244802 0.00179927 0.00140392 -0.52242 0.10422 0.846295 14284.6 14281.9 14344.3 14361.9
21.6719 -6.8605 0 15.9622 -6.45436 -0.00130257 0 0 0 7.37963 -0.775696 0.00609099 3.02952 -2.6276 -0.269391 3.0279 -2.58301 -0.287284 0 0 0 0 0 0 -0.00234246 0.00139078 0.00136244 -0.52326 0.103645 0.845847 14282.5 14278.5 14340.6 14356.1
21.6719 -6.8605 0 15.999 -6.45823 -0.0012722 0 0 0 7.34892 -0.770122 0.00600499 3.03027 -2.62745 -0.269391 3.02891 -2.58368 -0.287467 0 0 0 0 0 0 -0.00224814 0.00114801 0.0013236 -0.524072 0.103084 0.845412 14280 14275.4 14336.6 14350.7
21.6719 -6.8605 0 16.0356 -6.46206 -0.0012423 0 0 0 7.31829 -0.764603 0.0059198 3.031 -2.6273 -0.269391 3.02989 -2.58438 -0.28764 0 0 0 0 0 0 -0.00215336 0.000859998 0.00128404 -0.524863 0.102531 0.844989 14277.6 14272.2 14332.6 14345.2
21.6719 -6.8605 0 16.0724 -6.46591 -0.00121255 0 0 0 7.28743 -0.759082 0.00583454 3.03172 -2.62716 -0.269391 3.03086 -2.58509 -0.287805 0 0 0 0 0 0 -0.00205382 0.000505918 0.00124215 -0.525642 0.101981 0.844571 14275.4 14268.9 14328.7 14339.3
21.6719 -6.8605 0 16.1089 -6.46971 -0.00118334 0 0 0 7.25675 -0.753632 0.00575037 3.03243 -2.62703 -0.269391 3.03181 -2.58581 -0.287961 0 0 0 0 0 0 -0.00196699 0.000298004 0.00120389 -0.526398 0.10144 0.844166 14272.7 14265.7 14324.5 14333.9
21.6719 -6.8605 0 16.1449 -6.47345 -0.00115477 0 0 0 7.22634 -0.748268 0.00566753 3.03312 -2.62689 -0.269391 3.03273 -2.58654 -0.288108 0 0 0 0 0 0 -0.00188665 0.000136367 0.00116738 -0.527129 0.100911 0.843773 14270 14262.6 14320.3 14328.7
21.6719 -6.8605 0 16.1811 -6.47719 -0.00112641 0 0 0 7.19578 -0.742912 0.00558485 3.0338 -2.62676 -0.269391 3.03364 -2.58727 -0.288248 0 0 0 0 0 0 -0.00179686 -0.000131588 0.00112686 -0.527845 0.100384 0.843387 14267.5 14259.4 14316.2 14323.1
21.6719 -6.8605 0 16.2171 -6.48091 -0.00109844 0 0 0 7.16524 -0.737597 0.00550282 3.03447 -2.62663 -0.269391 3.03453 -2.58801 -0.288381 0 0 0 0 0 0 -0.00171514 -0.000325016 0.00108868 -0.528544 0.0998647 0.843011 14264.8 14256.3 14312 14317.7
21.6719 -6.8605 0 16.2529 -6.4846 -0.00107096 0 0 0 7.13484 -0.732341 0.00542176 3.03512 -2.62651 -0.269391 3.03539 -2.58875 -0.288506 0 0 0 0 0 0 -0.0016402 -0.000468016 0.00105256 -0.529222 0.0993529 0.842647 14262 14253.2 14307.7 14312.6
21.6719 -6.8605 0 16.2886 -6.48826 -0.00104385 0 0 0 7.10445 -0.72712 0.00534131 3.03577 -2.62639 -0.269391 3.03624 -2.58949 -0.288626 0 0 0 0 0 0 -0.00156368 -0.000633194 0.00101533 -0.529882 0.0988467 0.842291 14259.3 14250.2 14303.5 14307.4
21.6719 -6.8605 0 16.3243 -6.49192 -0.00101698 0 0 0 7.07392 -0.721909 0.0052611 3.03641 -2.62627 -0.269391 3.03707 -2.59024 -0.288739 0 0 0 0 0 0 -0.00148451 -0.000821383 0.000976524 -0.530528 0.0983436 0.841943 14256.7 14247.1 14299.3 14302
21.6719 -6.8605 0 16.3598 -6.49554 -0.000990619 0 0 0 7.04358 -0.716761 0.00518196 3.03704 -2.62615 -0.269391 3.03788 -2.59098 -0.288847 0 0 0 0 0 0 -0.00141993 -0.000904818 0.0009431 -0.531152 0.0978485 0.841607 14253.9 14244.1 14295 14297.2
21.6719 -6.8605 0 16.395 -6.49912 -0.000964693 0 0 0 7.01333 -0.711661 0.00510367 3.03765 -2.62604 -0.269391 3.03867 -2.59171 -0.288948 0 0 0 0 0 0 -0.00135501 -0.0010007 0.000909193 -0.531757 0.0973597 0.841282 14251.1 14241.2 14290.8 14292.3
21.6719 -6.8605 0 16.43 -6.50267 -0.000939267 0 0 0 6.98327 -0.706621 0.00502644 3.03826 -2.62593 -0.269391 3.03944 -2.59244 -0.289044 0 0 0 0 0 0 -0.00129623 -0.00106327 0.000877517 -0.532341 0.0968785 0.840968 14248.3 14238.4 14286.7 14287.6
21.6719 -6.8605 0 16.4648 -6.5062 -0.000914152 0 0 0 6.95316 -0.701604 0.0049497 3.03885 -2.62582 -0.269391 3.04019 -2.59316 -0.289136 0 0 0 0 0 0 -0.00123075 -0.00117706 0.000842723 -0.532909 0.0964011 0.840663 14245.6 14235.6 14282.6 14282.8
21.6719 -6.8605 0 16.4994 -6.50969 -0.000889541 0 0 0 6.92325 -0.696649 0.00487406 3.03943 -2.62571 -0.269391 3.04093 -2.59387 -0.289222 0 0 0 0 0 0 -0.0011782 -0.00121432 0.000813137 -0.533456 0.095931 0.84037 14242.8 14232.8 14278.5 14278.4
21.6719 -6.8605 0 16.5343 -6.5132 -0.000864979 0 0 0 6.89299 -0.691663 0.00479813 3.04001 -2.62561 -0.269391 3.04165 -2.59458 -0.289305 0 0 0 0 0 0 -0.00110319 -0.00139231 0.000773545 -0.533992 0.0954594 0.840083 14240.5 14230.1 14274.6 14273.4
21.6719 -6.8605 0 16.5689 -6.51666 -0.000840928 0 0 0 6.86294 -0.686739 0.00472333 3.04058 -2.62551 -0.269391 3.04236 -2.59528 -0.289384 0 0 0 0 0 0 -0.00105665 -0.00140162 0.000746053 -0.534507 0.0949951 0.839808 14237.7 14227.4 14270.6 14269.1
21.6719 -6.8605 0 16.6029 -6.52007 -0.000817468 0 0 0 6.83321 -0.681895 0.00464994 3.04114 -2.62541 -0.269391 3.04304 -2.59596 -0.289458 0 0 0 0 0 0 -0.00101754 -0.00137911 0.000721753 -0.534999 0.0945395 0.839547 14234.8 14224.8 14266.7 14265.2
21.6719 -6.8605 0 16.637 -6.52348 -0.000794266 0 0 0 6.80339 -0.677063 0.00457692 3.04169 -2.62531 -0.269391 3.04371 -2.59664 -0.289529 0 0 0 0 0 0 -0.000960954 -0.00146131 0.00068953 -0.535475 0.0940861 0.839294 14232.4 14222.2 14262.9 14260.8
21.6719 -6.8605 0 16.6712 -6.52688 -0.000771273 0 0 0 6.77342 -0.672231 0.00450414 3.04223 -2.62521 -0.269391 3.04437 -2.59731 -0.289597 0 0 0 0 0 0 -0.000903549 -0.00154846 0.00065668 -0.535936 0.0936337 0.83905 14230 14219.8 14259.1 14256.4
21.6719 -6.8605 0 16.7052 -6.53025 -0.000748665 0 0 0 6.74352 -0.667435 0.00443214 3.04277 -2.62512 -0.269391 3.04501 -2.59797 -0.289662 0 0 0 0 0 0 -0.000859592 -0.00156716 0.000629775 -0.536378 0.0931857 0.838818 14227.5 14217.3 14255.4 14252.4
21.6719 -6.8605 0 16.7387 -6.53357 -0.000726633 0 0 0 6.71395 -0.662717 0.00436155 3.0433 -2.62503 -0.269391 3.04563 -2.59861 -0.289723 0 0 0 0 0 0 -0.000830404 -0.00151808 0.000609646 -0.536797 0.0927459 0.838598 14224.7 14214.9 14251.8 14248.9
21.6719 -6.8605 0 16.7723 -6.53688 -0.000704825 0 0 0 6.68426 -0.658003 0.00429126 3.04382 -2.62494 -0.269391 3.04625 -2.59925 -0.289782 0 0 0 0 0 0 -0.000779841 -0.00158152 0.00057952 -0.5372 0.0923071 0.838388 14222.5 14212.6 14248.2 14244.9
21.6719 -6.8605 0 16.8059 -6.54019 -0.000683271 0 0 0 6.65447 -0.653297 0.00422138 3.04433 -2.62485 -0.269391 3.04685 -2.59987 -0.289839 0 0 0 0 0 0 -0.000733688 -0.00162461 0.000551305 -0.537587 0.0918699 0.838189 14220.2 14210.3 14244.7 14241
21.6719 -6.8605 0 16.8395 -6.54349 -0.000661931 0 0 0 6.62453 -0.648591 0.00415176 3.04484 -2.62476 -0.269391 3.04744 -2.60049 -0.289893 0 0 0 0 0 0 -0.000686713 -0.00167272 0.000522556 -0.537957 0.0914332 0.837999 14218 14208.1 14241.3 14237.2
21.6719 -6.8605 0 16.8725 -6.54672 -0.000641271 0 0 0 6.59511 -0.643988 0.00408395 3.04534 -2.62468 -0.269391 3.04801 -2.60108 -0.289945 0 0 0 0 0 0 -0.000674644 -0.00156596 0.000510543 -0.538303 0.0910066 0.837823 14215.2 14205.8 14238 14234.2
21.6719 -6.8605 0 16.9053 -6.54992 -0.000620939 0 0 0 6.56571 -0.63941 0.00401681 3.04583 -2.6246 -0.269391 3.04857 -2.60166 -0.289995 0 0 0 0 0 0 -0.00063906 -0.00157336 0.000487283 -0.53863 0.0905828 0.837659 14213 14203.7 14234.7 14230.8
21.6719 -6.8605 0 16.9382 -6.55313 -0.000600816 0 0 0 6.53617 -0.634832 0.00394996 3.04631 -2.62451 -0.269391 3.04912 -2.60223 -0.290043 0 0 0 0 0 0 -0.000596669 -0.00161284 0.000460656 -0.53894 0.0901594 0.837505 14211 14201.7 14231.6 14227.3
21.6719 -6.8605 0 16.9709 -6.5563 -0.000581059 0 0 0 6.50671 -0.630287 0.00388392 3.04679 -2.62443 -0.269391 3.04965 -2.60279 -0.290089 0 0 0 0 0 0 -0.000567955 -0.00159589 0.000440704 -0.539231 0.0897394 0.837363 14208.7 14199.7 14228.5 14224.1
21.6719 -6.8605 0 17.0033 -6.55944 -0.000561723 0 0 0 6.47743 -0.62579 0.00381888 3.04726 -2.62435 -0.269391 3.05018 -2.60333 -0.290134 0 0 0 0 0 0 -0.000544945 -0.00155982 0.000423636 -0.539501 0.0893241 0.837234 14206.5 14197.7 14225.5 14221.2
21.6719 -6.8605 0 17.0356 -6.56256 -0.000542674 0 0 0 6.44813 -0.62131 0.00375442 3.04773 -2.62428 -0.269391 3.05069 -2.60386 -0.290177 0 0 0 0 0 0 -0.000513401 -0.00156289 0.000402367 -0.539753 0.0889105 0.837115 14204.5 14195.8 14222.5 14218.1
21.6719 -6.8605 0 17.068 -6.56568 -0.000523811 0 0 0 6.41866 -0.616824 0.00369018 3.04819 -2.6242 -0.269391 3.0512 -2.60439 -0.290219 0 0 0 0 0 0 -0.000475915 -0.00159147 0.00037808 -0.539987 0.0884964 0.837008 14202.6 14194 14219.6 14214.9
21.6719 -6.8605 0 17.0999 -6.56875 -0.000505466 0 0 0 6.38953 -0.612409 0.00362732 3.04864 -2.62413 -0.269391 3.05169 -2.60489 -0.29026 0 0 0 0 0 0 -0.000465973 -0.00151488 0.000367806 -0.5402 0.088089 0.836914 14200.4 14192.1 14216.9 14212.5
21.6719 -6.8605 0 17.1319 -6.57182 -0.000487295 0 0 0 6.36021 -0.607984 0.00356466 3.04909 -2.62405 -0.269391 3.05217 -2.60539 -0.2903 0 0 0 0 0 0 -0.000430226 -0.00154208 0.00034445 -0.540394 0.0876806 0.836831 14198.6 14190.4 14214.1 14209.4
21.6719 -6.8605 0 17.1636 -6.57485 -0.00046955 0 0 0 6.3311 -0.603611 0.00350308 3.04953 -2.62398 -0.269391 3.05264 -2.60587 -0.290338 0 0 0 0 0 0 -0.000416216 -0.00148943 0.000332298 -0.540568 0.087277 0.836761 14196.6 14188.6 14211.5 14207
21.6719 -6.8605 0 17.1954 -6.57788 -0.000451947 0 0 0 6.30176 -0.59922 0.00344162 3.04997 -2.62391 -0.269391 3.05311 -2.60634 -0.290376 0 0 0 0 0 0 -0.000380801 -0.00151895 0.000309132 -0.540724 0.0868716 0.836702 14195 14187 14208.9 14204.1
21.6719 -6.8605 0 17.2267 -6.58086 -0.000434833 0 0 0 6.27276 -0.594897 0.00338147 3.0504 -2.62384 -0.269391 3.05356 -2.60679 -0.290413 0 0 0 0 0 0 -0.00037509 -0.00144297 0.000301492 -0.540859 0.0864723 0.836657 14192.9 14185.3 14206.4 14202
21.6719 -6.8605 0 17.2587 -6.58389 -0.000417616 0 0 0 6.24309 -0.590494 0.00332057 3.05084 -2.62377 -0.269391 3.05401 -2.60724 -0.290449 0 0 0 0 0 0 -0.000322062 -0.00153734 0.00026907 -0.540976 0.0860653 0.836623 14191.7 14183.9 14203.9 14198.8
21.6719 -6.8605 0 17.2893 -6.58678 -0.000401331 0 0 0 6.21454 -0.586275 0.00326258 3.05125 -2.62371 -0.269391 3.05444 -2.60767 -0.290484 0 0 0 0 0 0 -0.000356596 -0.00132849 0.000282937 -0.54107 0.085675 0.836602 14189 14182 14201.7 14197.7
21.6719 -6.8605 0 17.3204 -6.58972 -0.000385003 0 0 0 6.18544 -0.581991 0.00320408 3.05167 -2.62364 -0.269391 3.05487 -2.60809 -0.290519 0 0 0 0 0 0 -0.000309573 -0.00140638 0.000253769 -0.541145 0.0852784 0.836594 14187.9 14180.7 14199.3 14194.7
21.6719 -6.8605 0 17.3518 -6.59268 -0.00036871 0 0 0 6.1559 -0.577659 0.00314531 3.05209 -2.62357 -0.269391 3.0553 -2.6085 -0.290555 0 0 0 0 0 0 -0.000271501 -0.00145133 0.00022925 -0.541201 0.0848769 0.836599 14186.6 14179.4 14197 14192
21.6719 -6.8605 0 17.3826 -6.59556 -0.000353017 0 0 0 6.12695 -0.57343 0.00308833 3.0525 -2.62351 -0.269391 3.05572 -2.6089 -0.290589 0 0 0 0 0 0 -0.000283084 -0.00133403 0.000231452 -0.541235 0.0844845 0.836616 14184.5 14177.7 14195 14190.6
21.6719 -6.8605 0 17.4127 -6.59838 -0.000337817 0 0 0 6.09841 -0.569278 0.00303277 3.05289 -2.62345 -0.269391 3.05612 -2.60928 -0.290622 0 0 0 0 0 0 -0.000285391 -0.00125339 0.000228928 -0.541249 0.0840987 0.836646 14182.7 14176.2 14193 14188.9
21.6719 -6.8605 0 17.4433 -6.60124 -0.000322586 0 0 0 6.06932 -0.565061 0.00297673 3.0533 -2.62338 -0.269391 3.05652 -2.60965 -0.290655 0 0 0 0 0 0 -0.000243404 -0.00131658 0.000202453 -0.541242 0.0837064 0.83669 14181.7 14175.1 14190.8 14186.3
21.6719 -6.8605 0 17.474 -6.60409 -0.000307553 0 0 0 6.04009 -0.560841 0.00292104 3.05369 -2.62332 -0.269391 3.05691 -2.61002 -0.290689 0 0 0 0 0 0 -0.000223556 -0.00130897 0.000188001 -0.541215 0.0833132 0.836747 14180.3 14173.9 14188.8 14184.3
21.6719 -6.8605 0 17.5042 -6.6069 -0.000292942 0 0 0 6.01116 -0.556681 0.00286655 3.05408 -2.62326 -0.269391 3.0573 -2.61037 -0.290722 0 0 0 0 0 0 -0.000224311 -0.00124011 0.000184941 -0.541166 0.0829249 0.836817 14178.7 14172.5 14187 14182.7
21.6719 -6.8605 0 17.5338 -6.60964 -0.000278806 0 0 0 5.98267 -0.552598 0.00281347 3.05447 -2.6232 -0.269391 3.05768 -2.61071 -0.290754 0 0 0 0 0 0 -0.000229763 -0.00116138 0.000184676 -0.541098 0.0825431 0.836899 14177 14171.1 14185.3 14181.4
21.6719 -6.8605 0 17.5642 -6.61245 -0.000264545 0 0 0 5.9534 -0.54842 0.00275954 3.05485 -2.62314 -0.269391 3.05805 -2.61105 -0.290787 0 0 0 0 0 0 -0.000183233 -0.00123935 0.00015571 -0.541007 0.0821516 0.836996 14176.2 14170.2 14183.3 14178.8
21.6719 -6.8605 0 17.5939 -6.61519 -0.000250751 0 0 0 5.92457 -0.544318 0.00270702 3.05523 -2.62309 -0.269391 3.05842 -2.61137 -0.29082 0 0 0 0 0 0 -0.000191323 -0.00115665 0.000157105 -0.540895 0.0817666 0.837106 14174.6 14168.9 14181.7 14177.6
21.6719 -6.8605 0 17.6236 -6.61791 -0.000237219 0 0 0 5.89575 -0.540234 0.00265513 3.05561 -2.62303 -0.269391 3.05878 -2.61168 -0.290852 0 0 0 0 0 0 -0.00018109 -0.00113038 0.000148433 -0.540762 0.0813824 0.83723 14173.3 14167.8 14180 14176
21.6719 -6.8605 0 17.6528 -6.62058 -0.000224065 0 0 0 5.86721 -0.536205 0.00260434 3.05597 -2.62298 -0.269391 3.05914 -2.61198 -0.290884 0 0 0 0 0 0 -0.000182113 -0.00107447 0.000146186 -0.540609 0.0810025 0.837365 14171.9 14166.6 14178.5 14174.7
21.6719 -6.8605 0 17.6821 -6.62327 -0.000211031 0 0 0 5.8384 -0.532152 0.00255365 3.05634 -2.62292 -0.269391 3.05949 -2.61227 -0.290917 0 0 0 0 0 0 -0.000160543 -0.00108362 0.000131331 -0.540433 0.0806194 0.837516 14170.9 14165.7 14176.8 14173
21.6719 -6.8605 0 17.7115 -6.62595 -0.000198179 0 0 0 5.80945 -0.528093 0.00250331 3.05671 -2.62287 -0.269391 3.05984 -2.61255 -0.290949 0 0 0 0 0 0 -0.000145904 -0.0010739 0.000120421 -0.540234 0.0802349 0.837681 14169.9 14164.7 14175.3 14171.4
21.6719 -6.8605 0 17.7408 -6.62861 -0.000185557 0 0 0 5.78046 -0.524044 0.00245351 3.05707 -2.62281 -0.269391 3.06018 -2.61283 -0.290982 0 0 0 0 0 0 -0.000136812 -0.00105016 0.000112714 -0.540012 0.0798503 0.837861 14168.7 14163.7 14173.8 14170
21.6719 -6.8605 0 17.7691 -6.63118 -0.000173536 0 0 0 5.75232 -0.520126 0.00240573 3.05742 -2.62276 -0.269391 3.06051 -2.61309 -0.291014 0 0 0 0 0 0 -0.000161604 -0.000939084 0.000124474 -0.539775 0.0794771 0.838049 14167.1 14162.4 14172.7 14169.4
21.6719 -6.8605 0 17.7982 -6.63381 -0.000161365 0 0 0 5.72327 -0.516097 0.002357 3.05777 -2.62271 -0.269391 3.06084 -2.61335 -0.291048 0 0 0 0 0 0 -0.000117831 -0.00101028 9.7151e-05 -0.539509 0.0790923 0.838257 14166.6 14161.9 14171 14167.3
21.6719 -6.8605 0 17.8265 -6.63636 -0.000149728 0 0 0 5.69494 -0.512181 0.00231005 3.05812 -2.62266 -0.269391 3.06117 -2.61359 -0.29108 0 0 0 0 0 0 -0.000138547 -0.000914597 0.00010685 -0.539226 0.0787172 0.838474 14165.1 14160.7 14169.9 14166.7
21.6719 -6.8605 0 17.8553 -6.63895 -0.000138019 0 0 0 5.66587 -0.508177 0.00226246 3.05847 -2.62261 -0.269391 3.06149 -2.61383 -0.291114 0 0 0 0 0 0 -0.000103636 -0.000962631 8.46282e-05 -0.538914 0.0783326 0.838711 14164.6 14160.1 14168.4 14164.8
21.6719 -6.8605 0 17.8833 -6.64146 -0.000126859 0 0 0 5.6376 -0.504297 0.00221675 3.05881 -2.62256 -0.269391 3.06181 -2.61406 -0.291146 0 0 0 0 0 0 -0.000127294 -0.000864355 9.62925e-05 -0.538587 0.0779586 0.838955 14163.1 14159 14167.4 14164.3
21.6719 -6.8605 0 17.912 -6.64403 -0.000115559 0 0 0 5.6084 -0.500302 0.00217012 3.05915 -2.62251 -0.269391 3.06213 -2.61429 -0.29118 0 0 0 0 0 0 -8.71625e-05 -0.000925374 7.10963e-05 -0.538227 0.0775724 0.839222 14162.8 14158.5 14166 14162.5
21.6719 -6.8605 0 17.9398 -6.6465 -0.000104823 0 0 0 5.58008 -0.496441 0.00212546 3.05949 -2.62246 -0.269391 3.06243 -2.6145 -0.291214 0 0 0 0 0 0 -0.000114002 -0.000823721 8.48601e-05 -0.537854 0.0771979 0.839496 14161.3 14157.4 14165.1 14162.1
21.6719 -6.8605 0 17.9679 -6.64901 -9.41124e-05 0 0 0 5.55124 -0.492523 0.00208055 3.05982 -2.62241 -0.269391 3.06274 -2.61471 -0.291248 0 0 0 0 0 0 -9.02391e-05 -0.000845843 6.92603e-05 -0.537452 0.0768166 0.839789 14160.8 14156.8 14163.9 14160.7
21.6719 -6.8605 0 17.9952 -6.65142 -8.38938e-05 0 0 0 5.52315 -0.488719 0.00203737 3.06015 -2.62236 -0.269391 3.06304 -2.61491 -0.291281 0 0 0 0 0 0 -0.00011095 -0.000763886 7.97305e-05 -0.537037 0.0764451 0.840088 14159.5 14155.8 14163 14160.3
21.6719 -6.8605 0 18.0229 -6.65388 -7.36624e-05 0 0 0 5.49444 -0.484845 0.00199379 3.06048 -2.62232 -0.269391 3.06334 -2.6151 -0.291316 0 0 0 0 0 0 -8.42698e-05 -0.000794042 6.25165e-05 -0.536589 0.0760654 0.840408 14159 14155.3 14161.8 14158.8
21.6719 -6.8605 0 18.0506 -6.65632 -6.3619e-05 0 0 0 5.46566 -0.480974 0.00195066 3.0608 -2.62227 -0.269391 3.06364 -2.61529 -0.29135 0 0 0 0 0 0 -7.80525e-05 -0.00077674 5.73335e-05 -0.536117 0.0756846 0.840744 14158.2 14154.6 14160.8 14157.9
21.6719 -6.8605 0 18.0777 -6.6587 -5.39539e-05 0 0 0 5.43736 -0.47718 0.0019088 3.06112 -2.62223 -0.269391 3.06393 -2.61547 -0.291385 0 0 0 0 0 0 -9.00839e-05 -0.000719709 6.30038e-05 -0.535628 0.0753101 0.841089 14157.2 14153.8 14160 14157.3
21.6719 -6.8605 0 18.1051 -6.66111 -4.43323e-05 0 0 0 5.40858 -0.473335 0.00186679 3.06144 -2.62218 -0.269391 3.06422 -2.61565 -0.29142 0 0 0 0 0 0 -7.0565e-05 -0.000734223 5.01095e-05 -0.535108 0.074929 0.841454 14156.7 14153.3 14158.9 14156.1
21.6719 -6.8605 0 18.1318 -6.66345 -3.50915e-05 0 0 0 5.38033 -0.469573 0.0018261 3.06176 -2.62214 -0.269391 3.0645 -2.61581 -0.291455 0 0 0 0 0 0 -8.39339e-05 -0.000677186 5.6747e-05 -0.534573 0.0745548 0.841827 14155.7 14152.5 14158.2 14155.7
21.6719 -6.8605 0 18.1587 -6.6658 -2.59586e-05 0 0 0 5.3518 -0.465787 0.00178553 3.06207 -2.62209 -0.269391 3.06478 -2.61598 -0.29149 0 0 0 0 0 0 -7.12783e-05 -0.000677969 4.80198e-05 -0.534009 0.0741765 0.842219 14155.1 14152 14157.3 14154.7
21.6719 -6.8605 0 18.1856 -6.66814 -1.69942e-05 0 0 0 5.32317 -0.461999 0.00174538 3.06238 -2.62205 -0.269391 3.06507 -2.61613 -0.291526 0 0 0 0 0 0 -6.5352e-05 -0.000664578 4.33277e-05 -0.533418 0.0737967 0.842626 14154.5 14151.4 14156.4 14153.9
21.6719 -6.8605 0 18.2122 -6.67045 -8.28464e-06 0 0 0 5.29473 -0.458249 0.00170601 3.06269 -2.62201 -0.269391 3.06534 -2.61628 -0.291562 0 0 0 0 0 0 -6.81804e-05 -0.000633657 4.39151e-05 -0.532807 0.0734189 0.843046 14153.7 14150.8 14155.7 14153.3
21.6719 -6.8605 0 18.2389 -6.67275 3.12191e-07 0 0 0 5.26601 -0.454475 0.00166681 3.063 -2.62196 -0.269391 3.06562 -2.61643 -0.291599 0 0 0 0 0 0 -5.76842e-05 -0.000631107 3.66031e-05 -0.532165 0.0730372 0.843485 14153.2 14150.3 14154.8 14152.4
21.6719 -6.8605 0 18.265 -6.67501 8.59874e-06 0 0 0 5.23769 -0.450766 0.00162868 3.0633 -2.62192 -0.269391 3.06589 -2.61656 -0.291635 0 0 0 0 0 0 -6.68159e-05 -0.000589307 4.10848e-05 -0.531507 0.0726604 0.843932 14152.4 14149.7 14154.2 14152
21.6719 -6.8605 0 18.2913 -6.67727 1.67518e-05 0 0 0 5.20919 -0.447044 0.00159082 3.0636 -2.62188 -0.269391 3.06616 -2.6167 -0.291672 0 0 0 0 0 0 -5.88622e-05 -0.00058299 3.53962e-05 -0.530819 0.0722807 0.844397 14151.9 14149.2 14153.5 14151.2
21.6719 -6.8605 0 18.3172 -6.6795 2.46855e-05 0 0 0 5.1808 -0.443349 0.00155363 3.0639 -2.62184 -0.269391 3.06642 -2.61683 -0.291709 0 0 0 0 0 0 -5.98351e-05 -0.000559503 3.51142e-05 -0.53011 0.071902 0.844875 14151.3 14148.7 14152.8 14150.7
21.6719 -6.8605 0 18.3432 -6.68172 3.24823e-05 0 0 0 5.15224 -0.439644 0.00151675 3.0642 -2.6218 -0.269391 3.06669 -2.61695 -0.291746 0 0 0 0 0 0 -5.31139e-05 -0.000551712 3.02554e-05 -0.52937 0.0715206 0.845371 14150.8 14148.3 14152.1 14150
21.6719 -6.8605 0 18.3688 -6.68391 4.00163e-05 0 0 0 5.12398 -0.43599 0.00148076 3.06449 -2.62176 -0.269391 3.06695 -2.61707 -0.291784 0 0 0 0 0 0 -5.91492e-05 -0.000520035 3.31342e-05 -0.528613 0.0711426 0.845876 14150.1 14147.7 14151.6 14149.6
21.6719 -6.8605 0 18.3944 -6.68608 4.74071e-05 0 0 0 5.09559 -0.432331 0.00144511 3.06478 -2.62172 -0.269391 3.06721 -2.61718 -0.291821 0 0 0 0 0 0 -5.3563e-05 -0.000511336 2.90512e-05 -0.527827 0.0707624 0.846399 14149.7 14147.3 14150.9 14149
21.6719 -6.8605 0 18.4203 -6.68828 5.47477e-05 0 0 0 5.06671 -0.428621 0.00140935 3.06507 -2.62168 -0.269391 3.06747 -2.6173 -0.29186 0 0 0 0 0 0 -3.95303e-05 -0.000518373 1.98894e-05 -0.527001 0.0703749 0.846946 14149.4 14147 14150.2 14148.2
21.6719 -6.8605 0 18.4454 -6.69041 6.17357e-05 0 0 0 5.03852 -0.425011 0.00137496 3.06536 -2.62164 -0.269391 3.06773 -2.6174 -0.291898 0 0 0 0 0 0 -5.60105e-05 -0.000469793 2.92367e-05 -0.526168 0.0699962 0.847495 14148.6 14146.4 14149.8 14148.1
21.6719 -6.8605 0 18.4706 -6.69253 6.86007e-05 0 0 0 5.01015 -0.421389 0.00134084 3.06564 -2.62161 -0.269391 3.06798 -2.6175 -0.291937 0 0 0 0 0 0 -4.93429e-05 -0.00046453 2.46156e-05 -0.525304 0.0696143 0.848062 14148.2 14146 14149.2 14147.5
21.6719 -6.8605 0 18.4959 -6.69466 7.53799e-05 0 0 0 4.98142 -0.417734 0.00130678 3.06593 -2.62157 -0.269391 3.06823 -2.6176 -0.291976 0 0 0 0 0 0 -3.96676e-05 -0.000464659 1.81929e-05 -0.524403 0.0692269 0.848651 14147.9 14145.8 14148.6 14146.8
21.6719 -6.8605 0 18.5204 -6.69671 8.18067e-05 0 0 0 4.95348 -0.414191 0.00127416 3.06621 -2.62153 -0.269391 3.06848 -2.61769 -0.292014 0 0 0 0 0 0 -5.70709e-05 -0.000417747 2.82668e-05 -0.5235 0.0688495 0.84924 14147.1 14145.1 14148.3 14146.8
21.6719 -6.8605 0 18.5453 -6.6988 8.82151e-05 0 0 0 4.92492 -0.410579 0.00124128 3.06649 -2.62149 -0.269391 3.06873 -2.61778 -0.292054 0 0 0 0 0 0 -4.06363e-05 -0.000430588 1.78033e-05 -0.52255 0.0684628 0.849856 14147 14145 14147.7 14146
21.6719 -6.8605 0 18.5702 -6.70087 9.44822e-05 0 0 0 4.89625 -0.406966 0.00120877 3.06677 -2.62146 -0.269391 3.06898 -2.61787 -0.292094 0 0 0 0 0 0 -3.76167e-05 -0.000420128 1.55307e-05 -0.521569 0.068074 0.850489 14146.6 14144.7 14147.2 14145.6
21.6719 -6.8605 0 18.5946 -6.7029 0.00010052 0 0 0 4.8679 -0.403404 0.00117709 3.06705 -2.62142 -0.269391 3.06922 -2.61795 -0.292133 0 0 0 0 0 0 -4.3766e-05 -0.000394769 1.88911e-05 -0.520571 0.0676885 0.851131 14146.1 14144.2 14146.8 14145.4
21.6719 -6.8605 0 18.6189 -6.70491 0.000106389 0 0 0 4.8396 -0.39986 0.00114595 3.06732 -2.62139 -0.269391 3.06946 -2.61803 -0.292173 0 0 0 0 0 0 -4.38239e-05 -0.0003804 1.85586e-05 -0.519548 0.067303 0.851787 14145.7 14143.9 14146.4 14145
21.6719 -6.8605 0 18.6429 -6.7069 0.000112075 0 0 0 4.81144 -0.396345 0.00111543 3.06759 -2.62135 -0.269391 3.0697 -2.6181 -0.292213 0 0 0 0 0 0 -4.55214e-05 -0.000363917 1.92581e-05 -0.518502 0.0669185 0.852454 14145.3 14143.5 14146 14144.7
21.6719 -6.8605 0 18.6673 -6.70891 0.000117725 0 0 0 4.7827 -0.392769 0.00108475 3.06786 -2.62132 -0.269391 3.06994 -2.61817 -0.292254 0 0 0 0 0 0 -3.23263e-05 -0.000371612 1.08926e-05 -0.517407 0.0665252 0.85315 14145.1 14143.4 14145.5 14144.1
21.6719 -6.8605 0 18.6912 -6.71087 0.000123141 0 0 0 4.75438 -0.389256 0.00105498 3.06813 -2.62128 -0.269391 3.07018 -2.61824 -0.292295 0 0 0 0 0 0 -4.04359e-05 -0.000345521 1.55871e-05 -0.5163 0.0661367 0.85385 14144.6 14143 14145.2 14144
21.6719 -6.8605 0 18.7146 -6.71278 0.000128341 0 0 0 4.72643 -0.385799 0.00102604 3.06839 -2.62125 -0.269391 3.07041 -2.61831 -0.292335 0 0 0 0 0 0 -4.63889e-05 -0.000323803 1.8996e-05 -0.515178 0.0657522 0.854557 14144.2 14142.6 14144.9 14143.8
21.6719 -6.8605 0 18.7384 -6.71473 0.000133508 0 0 0 4.69787 -0.382278 0.00099693 3.06866 -2.62121 -0.269391 3.07065 -2.61837 -0.292376 0 0 0 0 0 0 -3.329e-05 -0.000331822 1.07635e-05 -0.514005 0.0653585 0.855294 14144.1 14142.5 14144.5 14143.2
21.6719 -6.8605 0 18.7621 -6.71665 0.000138529 0 0 0 4.66932 -0.37877 0.000968278 3.06892 -2.62118 -0.269391 3.07088 -2.61843 -0.292418 0 0 0 0 0 0 -3.29311e-05 -0.000320291 1.03566e-05 -0.512802 0.0649637 0.856045 14143.8 14142.3 14144.1 14142.9
21.6719 -6.8605 0 18.7854 -6.71855 0.000143377 0 0 0 4.64093 -0.375293 0.000940243 3.06919 -2.62115 -0.269391 3.07112 -2.61849 -0.292459 0 0 0 0 0 0 -3.55926e-05 -0.000304696 1.18242e-05 -0.511577 0.0645702 0.856808 14143.4 14142 14143.9 14142.7
21.6719 -6.8605 0 18.8082 -6.72039 0.000147996 0 0 0 4.61308 -0.371892 0.000913172 3.06944 -2.62111 -0.269391 3.07134 -2.61854 -0.2925 0 0 0 0 0 0 -4.43748e-05 -0.000280852 1.70623e-05 -0.510347 0.0641832 0.85757 14143 14141.6 14143.6 14142.7
21.6719 -6.8605 0 18.8316 -6.72228 0.000152629 0 0 0 4.58433 -0.368392 0.000885653 3.06971 -2.62108 -0.269391 3.07158 -2.61859 -0.292543 0 0 0 0 0 0 -2.68093e-05 -0.000295495 6.1753e-06 -0.509047 0.0637823 0.858372 14143 14141.6 14143.2 14142
21.6719 -6.8605 0 18.8543 -6.7241 0.00015701 0 0 0 4.5563 -0.364991 0.000859259 3.06996 -2.62105 -0.269391 3.0718 -2.61864 -0.292584 0 0 0 0 0 0 -3.91563e-05 -0.000267354 1.36506e-05 -0.507751 0.0633904 0.859169 14142.5 14141.2 14143 14142.1
21.6719 -6.8605 0 18.8774 -6.72595 0.000161362 0 0 0 4.5276 -0.36152 0.00083267 3.07022 -2.62102 -0.269391 3.07203 -2.61869 -0.292627 0 0 0 0 0 0 -2.67557e-05 -0.000274541 5.96886e-06 -0.506393 0.0629881 0.859999 14142.4 14141.2 14142.6 14141.6
21.6719 -6.8605 0 18.8997 -6.72773 0.000165462 0 0 0 4.49971 -0.358156 0.000807243 3.07047 -2.62099 -0.269391 3.07225 -2.61873 -0.292668 0 0 0 0 0 0 -3.97318e-05 -0.00024677 1.38685e-05 -0.505043 0.0625958 0.860821 14142 14140.8 14142.5 14141.6
21.6719 -6.8605 0 18.9223 -6.72953 0.000169513 0 0 0 4.47127 -0.354738 0.00078174 3.07072 -2.62095 -0.269391 3.07248 -2.61878 -0.292711 0 0 0 0 0 0 -2.95807e-05 -0.000251123 7.59593e-06 -0.503637 0.0621947 0.861673 14141.9 14140.7 14142.2 14141.2
21.6719 -6.8605 0 18.9447 -6.73131 0.000173436 0 0 0 4.44285 -0.351332 0.000756662 3.07097 -2.62092 -0.269391 3.0727 -2.61882 -0.292754 0 0 0 0 0 0 -2.9164e-05 -0.000242286 7.3115e-06 -0.502201 0.0617924 0.86254 14141.7 14140.5 14141.9 14141
21.6719 -6.8605 0 18.9671 -6.73308 0.000177241 0 0 0 4.41437 -0.34793 0.00073195 3.07123 -2.62089 -0.269391 3.07293 -2.61885 -0.292797 0 0 0 0 0 0 -2.77776e-05 -0.00023497 6.45462e-06 -0.500731 0.061388 0.863424 14141.5 14140.4 14141.7 14140.8
21.6719 -6.8605 0 18.9888 -6.73479 0.000180851 0 0 0 4.38644 -0.344604 0.000708121 3.07147 -2.62086 -0.269391 3.07315 -2.61889 -0.292839 0 0 0 0 0 0 -3.55889e-05 -0.000216136 1.12523e-05 -0.499258 0.0609901 0.864304 14141.1 14140.1 14141.6 14140.8
21.6719 -6.8605 0 19.0108 -6.73652 0.000184403 0 0 0 4.35804 -0.341233 0.000684287 3.07172 -2.62083 -0.269391 3.07337 -2.61892 -0.292882 0 0 0 0 0 0 -2.72237e-05 -0.000218341 6.14697e-06 -0.497729 0.0605842 0.865214 14141.1 14140 14141.3 14140.5
21.6719 -6.8605 0 19.033 -6.73825 0.00018788 0 0 0 4.32926 -0.337828 0.000660545 3.07223 -2.62244 -0.269391 3.07359 -2.61896 -0.292926 0 0 0 0 0 0 -0.0024591 0.0160234 -2.2894e-05 -0.496147 0.0601716 0.866151 14112.5 14169.7 14100.9 14178.9
21.6719 -6.8605 0 19.0545 -6.73993 0.000191164 0 0 0 4.30112 -0.334508 0.000637719 3.07277 -2.62426 -0.269391 3.07383 -2.61914 -0.292954 0 0 0 0 0 0 -0.00262509 0.0169876 -1.98925e-05 -0.494568 0.0597665 0.867082 14109.9 14170.5 14097.8 14180.5
21.6719 -6.8605 0 19.0757 -6.74158 0.000194311 0 0 0 4.27319 -0.331224 0.000615446 3.07331 -2.62609 -0.269391 3.07409 -2.61948 -0.292966 0 0 0 0 0 0 -0.00249007 0.0159861 -1.74455e-05 -0.492971 0.0593632 0.868018 14110.2 14167.1 14098.8 14176.8
21.6719 -6.8605 0 19.0971 -6.74324 0.000197395 0 0 0 4.24485 -0.327902 0.000593211 3.07386 -2.62799 -0.269391 3.07439 -2.61997 -0.292963 0 0 0 0 0 0 -0.00240003 0.0153341 -2.03798e-05 -0.491321 0.0589528 0.868981 14109.4 14163.9 14098.2 14173
21.6719 -6.8605 0 19.1188 -6.74492 0.000200421 0 0 0 4.21604 -0.324536 0.000570971 3.07441 -2.62995 -0.269391 3.07471 -2.62063 -0.292944 0 0 0 0 0 0 -0.00230818 0.0146717 -2.26063e-05 -0.489614 0.0585344 0.869972 14107.9 14160 14097 14168.6
21.6719 -6.8605 0 19.1397 -6.74653 0.000203259 0 0 0 4.18801 -0.321271 0.000549681 3.07495 -2.63188 -0.269391 3.07504 -2.62141 -0.292912 0 0 0 0 0 0 -0.00215398 0.0135224 -1.2983e-05 -0.487927 0.0581261 0.870947 14106.5 14154.5 14096.7 14162.9
21.6719 -6.8605 0 19.1605 -6.74812 0.000205981 0 0 0 4.16014 -0.318035 0.000528842 3.07549 -2.63383 -0.269391 3.07539 -2.62231 -0.292868 0 0 0 0 0 0 -0.00204356 0.0127135 -9.05182e-06 -0.486223 0.0577192 0.871926 14104.1 14149.1 14095 14157.3
21.6719 -6.8605 0 19.1812 -6.74971 0.000208617 0 0 0 4.13214 -0.314794 0.000508227 3.07603 -2.63582 -0.269391 3.07576 -2.62334 -0.292811 0 0 0 0 0 0 -0.00195034 0.0120402 -7.30923e-06 -0.484487 0.0573094 0.872919 14101 14143.6 14092.4 14151.5
21.6719 -6.8605 0 19.202 -6.75129 0.000211177 0 0 0 4.10391 -0.311538 0.000487768 3.07658 -2.63784 -0.269391 3.07615 -2.62449 -0.292741 0 0 0 0 0 0 -0.00186084 0.0113978 -5.6792e-06 -0.482713 0.0568955 0.873928 14097.4 14137.6 14089.2 14145.2
21.6719 -6.8605 0 19.2224 -6.75284 0.000213602 0 0 0 4.07613 -0.308343 0.000467936 3.07712 -2.63986 -0.269391 3.07655 -2.62574 -0.292663 0 0 0 0 0 0 -0.00175156 0.0105957 1.44986e-06 -0.480944 0.0564872 0.87493 14093.5 14130.9 14086.2 14138.3
21.6719 -6.8605 0 19.2427 -6.75437 0.000215926 0 0 0 4.04845 -0.30517 0.000448474 3.07766 -2.64189 -0.269391 3.07696 -2.62708 -0.292574 0 0 0 0 0 0 -0.00166019 0.00993532 5.83538e-06 -0.47916 0.0560797 0.875934 14089.1 14124.1 14082.3 14131.4
21.6719 -6.8605 0 19.263 -6.75591 0.000218181 0 0 0 4.02052 -0.30198 0.000429127 3.0782 -2.64397 -0.269391 3.0774 -2.62854 -0.292475 0 0 0 0 0 0 -0.00158068 0.0093718 7.9074e-06 -0.477339 0.0556678 0.876954 14084.1 14117.1 14077.8 14124.1
21.6719 -6.8605 0 19.283 -6.75741 0.000220315 0 0 0 3.99298 -0.298844 0.000410339 3.07873 -2.64603 -0.269391 3.07784 -2.63007 -0.292368 0 0 0 0 0 0 -0.00148846 0.00870019 1.46721e-05 -0.475523 0.0552611 0.877966 14078.9 14109.5 14073.4 14116.5
21.6719 -6.8605 0 19.3032 -6.75892 0.000222392 0 0 0 3.96507 -0.295676 0.00039157 3.07927 -2.64815 -0.269391 3.07829 -2.63171 -0.292251 0 0 0 0 0 0 -0.00141562 0.00819143 1.62406e-05 -0.473662 0.0548481 0.878997 14073.2 14101.9 14068 14108.7
21.6719 -6.8605 0 19.3228 -6.76038 0.000224324 0 0 0 3.93796 -0.292609 0.000373614 3.0798 -2.65022 -0.269391 3.07875 -2.63339 -0.29213 0 0 0 0 0 0 -0.00132575 0.00752891 2.54903e-05 -0.471836 0.0544466 0.880003 14067.4 14093.7 14063.1 14100.6
21.6719 -6.8605 0 19.3428 -6.76187 0.000226222 0 0 0 3.91016 -0.289474 0.000355465 3.08034 -2.65236 -0.269391 3.07922 -2.63519 -0.291998 0 0 0 0 0 0 -0.00126156 0.00709377 2.52941e-05 -0.469946 0.0540343 0.88104 14061 14085.7 14056.9 14092.3
21.6719 -6.8605 0 19.3428 -6.76187 0.000226222 0 0 0 3.91016 -0.289474 0.000355465 3.08034 -2.65236 -0.269391 3.07922 -2.63519 -0.291998 0 0 0 0 0 0 -0.000869555 0.00374419 0.00017556 -0.469946 0.0540343 0.88104 14063.4 14075.6 14068.7 14088.2
