-1 -1 1 -1 -1 0.673437 0 0 0 0 0 -2.55909 -0 0 0 -0 0 0 0 0 0 0 0 0 0 0 0 0 0 1 10000 10000 10000 10000
-1 -1 1 -1 -1 0.660641 0 0 0 0 0 -2.60814 -0 0 0 -0 0 0 0 0 0 0 0 0 0 0 0 0 0 1 20000 20000 20000 20000
-1 -1 1 -1 -1 0.647553 0 0 0 0 0 -2.5435 -0 0 0 -0 0 0 0 0 0 0 0 0 0 0 0 0 0 1 20750 20750 20750 20750
-1 -1 1 -1 -1 0.634868 0 0 0 0 0 -2.47062 -0 0 0 -0 0 0 0 0 0 0 0 0 0 0 0 0 0 1 20651.9 20651.9 20651.9 20651.9
-1 -1 1 -1 -1 0.622498 0 0 0 0 0 -2.39861 -0 0 0 -0 0 0 0 0 0 0 0 0 0 0 0 0 0 1 20553.9 20553.9 20553.9 20553.9
-1 -1 1 -1 -1 0.610523 0 0 0 0 0 -2.32795 -0 0 0 -0 0 0 0 0 0 0 0 0 0 0 0 0 0 1 20456.8 20456.8 20456.8 20456.8
-1 -1 1 -1 -1 0.598861 0 0 0 0 0 -2.25818 -0 0 0 -0 0 0 0 0 0 0 0 0 0 0 0 0 0 1 20359.8 20359.8 20359.8 20359.8
-1 -1 1 -1 -1 0.587581 0 0 0 0 0 -2.18973 -0 0 0 -0 0 0 0 0 0 0 0 0 0 0 0 0 0 1 20263.6 20263.6 20263.6 20263.6
-1 -1 1 -1 -1 0.576644 0 0 0 0 0 -2.12239 -0 0 0 -0 0 0 0 0 0 0 0 0 0 0 0 0 0 1 20167.9 20167.9 20167.9 20167.9
-1 -1 1 -1 -1 0.56604 0 0 0 0 0 -2.05613 -0 0 0 -0 0 0 0 0 0 0 0 0 0 0 0 0 0 1 20072.8 20072.8 20072.8 20072.8
-1 -1 1 -1 -1 0.555764 0 0 0 0 0 -1.99093 -0 0 0 -0 0 0 0 0 0 0 0 0 0 0 0 0 0 1 19978.2 19978.2 19978.2 19978.2
-1 -1 1 -1 -1 0.5458 0 0 0 0 0 -1.92672 -0 0 0 -0 0 0 0 0 0 0 0 0 0 0 0 0 0 1 19884 19884 19884 19884
-1 -1 1 -1 -1 0.536147 0 0 0 0 0 -1.86351 -0 0 0 -0 0 0 0 0 0 0 0 0 0 0 0 0 0 1 19790.2 19790.2 19790.2 19790.2
-1 -1 1 -1 -1 0.526838 0 0 0 0 0 -1.80153 -0 0 0 -0 0 0 0 0 0 0 0 0 0 0 0 0 0 1 19697.3 19697.3 19697.3 19697.3
-1 -1 1 -1 -1 0.517835 0 0 0 0 0 -1.74058 -0 0 0 -0 0 0 0 0 0 0 0 0 0 0 0 0 0 1 19604.9 19604.9 19604.9 19604.9
-1 -1 1 -1 -1 0.509121 0 0 0 0 0 -1.68054 -0 0 0 -0 0 0 0 0 0 0 0 0 0 0 0 0 0 1 19512.9 19512.9 19512.9 19512.9
-1 -1 1 -1 -1 0.500731 0 0 0 0 0 -1.62169 -0 0 0 -0 0 0 0 0 0 0 0 0 0 0 0 0 0 1 19421.7 19421.7 19421.7 19421.7
-1 -1 1 -1 -1 0.492615 0 0 0 0 0 -1.56371 -0 0 0 -0 0 0 0 0 0 0 0 0 0 0 0 0 0 1 19330.9 19330.9 19330.9 19330.9
-1 -1 1 -1 -1 0.484802 0 0 0 0 0 -1.50681 -0 0 0 -0 0 0 0 0 0 0 0 0 0 0 0 0 0 1 19240.8 19240.8 19240.8 19240.8
-1 -1 1 -1 -1 0.477268 0 0 0 0 0 -1.45086 -0 0 0 -0 0 0 0 0 0 0 0 0 0 0 0 0 0 1 19151.2 19151.2 19151.2 19151.2
-1 -1 1 -1 -1 0.470014 0 0 0 0 0 -1.39589 -0 0 0 -0 0 0 0 0 0 0 0 0 0 0 0 0 0 1 19062.2 19062.2 19062.2 19062.2
-1 -1 1 -1 -1 0.463034 0 0 0 0 0 -1.34188 -0 0 0 -0 0 0 0 0 0 0 0 0 0 0 0 0 0 1 18973.8 18973.8 18973.8 18973.8
-1 -1 1 -1 -1 0.456324 0 0 0 0 0 -1.28881 -0 0 0 -0 0 0 0 0 0 0 0 0 0 0 0 0 0 1 18886 18886 18886 18886
-1 -1 1 -1 -1 0.449678 0 0 0 0 0 -1.23507 -0 0 0 -0 0 0 0 0 0 0 0 0 0 0 0 0 0 1 18796 18796 18796 18796
-1 -1 1 -1 -1 0.443688 0 0 0 0 0 -1.18546 -0 0 0 -0 0 0 0 0 0 0 0 0 0 0 0 0 0 1 18712 18712 18712 18712
-1 -1 1 -1 -1 0.437758 0 0 0 0 0 -1.13518 -0 0 0 -0 0 0 0 0 0 0 0 0 0 0 0 0 0 1 18626 18626 18626 18626
-1 -1 1 -1 -1 0.432098 0 0 0 0 0 -1.08506 -0 0 0 -0 0 0 0 0 0 0 0 0 0 0 0 0 0 1 18538.8 18538.8 18538.8 18538.8
-1 -1 1 -1 -1 0.426491 0 0 0 0 0 -1.03501 -0 0 0 -0 0 0 0 0 0 0 0 0 0 0 0 0 0 1 18451.2 18451.2 18451.2 18451.2
-1 -1 1 -1 -1 0.421483 0 0 0 0 0 -0.989034 -0 0 0 -0 0 0 0 0 0 0 0 0 0 0 0 0 0 1 18369.7 18369.7 18369.7 18369.7
-1 -1 1 -1 -1 0.411829 0 0 0 0 0 -0.895758 -0 0 0 -0 0 0 0 0 0 0 0 0 0 0 0 0 0 1 18201.3 18201.3 18201.3 18201.3
-1 -1 1 -1 -1 0.411829 0 0 0 0 0 -0.895758 -0 0 0 -0 0 0 0 0 0 0 0 0 0 0 0 0 0 1 18201.3 18201.3 18201.3 18201.3
-1 -1 1 -1 -1 0.407344 0 0 0 0 0 -0.850784 -0 0 0 -0 0 0 0 0 0 0 0 0 0 0 0 0 0 1 18118.9 18118.9 18118.9 18118.9
-1 -1 1 -1 -1 0.402923 0 0 0 0 0 -0.804105 -0 0 0 -0 0 0 0 0 0 0 0 0 0 0 0 0 0 1 18032 18032 18032 18032
-1 -1 1 -1 -1 0.399051 0 0 0 0 0 -0.762526 -0 0 0 -0 0 0 0 0 0 0 0 0 0 0 0 0 0 1 17954 17954 17954 17954
-1 -1 1 -1 -1 0.395254 0 0 0 0 0 -0.719534 -0 0 0 -0 0 0 0 0 0 0 0 0 0 0 0 0 0 1 17872.1 17872.1 17872.1 17872.1
-1 -1 1 -1 -1 0.391652 0 0 0 0 0 -0.677947 -0 0 0 -0 0 0 0 0 0 0 0 0 0 0 0 0 0 1 17792.3 17792.3 17792.3 17792.3
-1 -1 1 -1 -1 0.388261 0 0 0 0 0 -0.637196 -0 0 0 -0 0 0 0 0 0 0 0 0 0 0 0 0 0 1 17713.1 17713.1 17713.1 17713.1
-1 -1 1 -1 -1 0.38508 0 0 0 0 0 -0.597324 -0 0 0 -0 0 0 0 0 0 0 0 0 0 0 0 0 0 1 17634.8 17634.8 17634.8 17634.8
-1 -1 1 -1 -1 0.3821 0 0 0 0 0 -0.558252 -0 0 0 -0 0 0 0 0 0 0 0 0 0 0 0 0 0 1 17557.1 17557.1 17557.1 17557.1
-1 -1 1 -1 -1 0.379302 0 0 0 0 0 -0.51978 -0 0 0 -0 0 0 0 0 0 0 0 0 0 0 0 0 0 1 17479.7 17479.7 17479.7 17479.7
-1 -1 1 -1 -1 0.376703 0 0 0 0 0 -0.482171 -0 0 0 -0 0 0 0 0 0 0 0 0 0 0 0 0 0 1 17403.1 17403.1 17403.1 17403.1
-1 -1 1 -1 -1 0.374292 0 0 0 0 0 -0.445324 -0 0 0 -0 0 0 0 0 0 0 0 0 0 0 0 0 0 1 17327.2 17327.2 17327.2 17327.2
-1 -1 1 -1 -1 0.372066 0 0 0 0 0 -0.409229 -0 0 0 -0 0 0 0 0 0 0 0 0 0 0 0 0 0 1 17251.9 17251.9 17251.9 17251.9
-1 -1 1 -1 -1 0.37002 0 0 0 0 0 -0.373865 -0 0 0 -0 0 0 0 0 0 0 0 0 0 0 0 0 0 1 17177.3 17177.3 17177.3 17177.3
-1 -1 1 -1 -1 0.368149 0 0 0 0 0 -0.339213 -0 0 0 -0 0 0 0 0 0 0 0 0 0 0 0 0 0 1 17103.3 17103.3 17103.3 17103.3
-1 -1 1 -1 -1 0.36645 0 0 0 0 0 -0.305242 -0 0 0 -0 0 0 0 0 0 0 0 0 0 0 0 0 0 1 17029.8 17029.8 17029.8 17029.8
-1 -1 1 -1 -1 0.364926 0 0 0 0 0 -0.272067 -0 0 0 -0 0 0 0 0 0 0 0 0 0 0 0 0 0 1 16957.2 16957.2 16957.2 16957.2
-1 -1 1 -1 -1 0.363567 0 0 0 0 0 -0.239605 -0 0 0 -0 0 0 0 0 0 0 0 0 0 0 0 0 0 1 16885.2 16885.2 16885.2 16885.2
-1 -1 1 -1 -1 0.362369 0 0 0 0 0 -0.207794 -0 0 0 -0 0 0 0 0 0 0 0 0 0 0 0 0 0 1 16813.9 16813.9 16813.9 16813.9
-1 -1 1 -1 -1 0.361328 0 0 0 0 0 -0.176598 -0 0 0 -0 0 0 0 0 0 0 0 0 0 0 0 0 0 1 16743 16743 16743 16743
-1 -1 1 -1 -1 0.360446 0 0 0 0 0 -0.146187 -0 0 0 -0 0 0 0 0 0 0 0 0 0 0 0 0 0 1 16673 16673 16673 16673
-1 -1 1 -1 -1 0.359715 0 0 0 0 0 -0.116401 -0 0 0 -0 0 0 0 0 0 0 0 0 0 0 0 0 0 1 16603.7 16603.7 16603.7 16603.7
-1 -1 1 -1 -1 0.359134 0 0 0 0 0 -0.0872792 -0 0 0 -0 0 0 0 0 0 0 0 0 0 0 0 0 0 1 16535 16535 16535 16535
-1 -1 1 -1 -1 0.358697 0 0 0 0 0 -0.0587746 -0 0 0 -0 0 0 0 0 0 0 0 0 0 0 0 0 0 1 16466.8 16466.8 16466.8 16466.8
-1 -1 1 -1 -1 0.358403 0 0 0 0 0 -0.0308842 -0 0 0 -0 0 0 0 0 0 0 0 0 0 0 0 0 0 1 16399.3 16399.3 16399.3 16399.3
-1 -1 1 -1 -1 0.358249 0 0 0 0 0 -0.00369038 -0 0 0 -0 0 0 0 0 0 0 0 0 0 0 0 0 0 1 16332.6 16332.6 16332.6 16332.6
-1 -1 1 -1 -1 0.35823 0 0 0 0 0 0.0229579 -0 0 0 -0 0 0 0 0 0 0 0 0 0 0 0 0 0 1 16266.4 16266.4 16266.4 16266.4
-1 -1 1 -1 -1 0.358345 0 0 0 0 0 0.0489141 -0 0 0 -0 0 0 0 0 0 0 0 0 0 0 0 0 0 1 16201.1 16201.1 16201.1 16201.1
-1 -1 1 -1 -1 0.35859 0 0 0 0 0 0.0743422 -0 0 0 -0 0 0 0 0 0 0 0 0 0 0 0 0 0 1 16136.2 16136.2 16136.2 16136.2
-1 -1 1 -1 -1 0.358961 0 0 0 0 0 0.0991069 -0 0 0 -0 0 0 0 0 0 0 0 0 0 0 0 0 0 1 16072.2 16072.2 16072.2 16072.2
-1 -1 1 -1 -1 0.359456 0 0 0 0 0 0.123305 -0 0 0 -0 0 0 0 0 0 0 0 0 0 0 0 0 0 1 16008.8 16008.8 16008.8 16008.8
-1 -1 1 -1 -1 0.360073 0 0 0 0 0 0.146951 -0 0 0 -0 0 0 0 0 0 0 0 0 0 0 0 0 0 1 15945.9 15945.9 15945.9 15945.9
-1 -1 1 -1 -1 0.360808 0 0 0 0 0 0.170013 -0 0 0 -0 0 0 0 0 0 0 0 0 0 0 0 0 0 1 15883.8 15883.8 15883.8 15883.8
-1 -1 1 -1 -1 0.361659 0 0 0 0 0 0.19256 -0 0 0 -0 0 0 0 0 0 0 0 0 0 0 0 0 0 1 15822.2 15822.2 15822.2 15822.2
-1 -1 1 -1 -1 0.362622 0 0 0 0 0 0.214502 -0 0 0 -0 0 0 0 0 0 0 0 0 0 0 0 0 0 1 15761.5 15761.5 15761.5 15761.5
-1 -1 1 -1 -1 0.363693 0 0 0 0 0 0.235883 -0 0 0 -0 0 0 0 0 0 0 0 0 0 0 0 0 0 1 15701.4 15701.4 15701.4 15701.4
-1 -1 1 -1 -1 0.364875 0 0 0 0 0 0.256808 -0 0 0 -0 0 0 0 0 0 0 0 0 0 0 0 0 0 1 15641.8 15641.8 15641.8 15641.8
-1 -1 1 -1 -1 0.366159 0 0 0 0 0 0.277147 -0 0 0 -0 0 0 0 0 0 0 0 0 0 0 0 0 0 1 15582.9 15582.9 15582.9 15582.9
-1 -1 1 -1 -1 0.367544 0 0 0 0 0 0.296965 -0 0 0 -0 0 0 0 0 0 0 0 0 0 0 0 0 0 1 15524.8 15524.8 15524.8 15524.8
-1 -1 1 -1 -1 0.36903 0 0 0 0 0 0.316283 -0 0 0 -0 0 0 0 0 0 0 0 0 0 0 0 0 0 1 15467.3 15467.3 15467.3 15467.3
-1 -1 1 -1 -1 0.370611 0 0 0 0 0 0.335076 -0 0 0 -0 0 0 0 0 0 0 0 0 0 0 0 0 0 1 15410.4 15410.4 15410.4 15410.4
-1 -1 1 -1 -1 0.372295 0 0 0 0 0 0.353474 -0 0 0 -0 0 0 0 0 0 0 0 0 0 0 0 0 0 1 15354 15354 15354 15354
-1 -1 1 -1 -1 0.374058 0 0 0 0 0 0.371242 -0 0 0 -0 0 0 0 0 0 0 0 0 0 0 0 0 0 1 15298.6 15298.6 15298.6 15298.6
-1 -1 1 -1 -1 0.375915 0 0 0 0 0 0.388579 -0 0 0 -0 0 0 0 0 0 0 0 0 0 0 0 0 0 1 15243.7 15243.7 15243.7 15243.7
-1 -1 1 -1 -1 0.377854 0 0 0 0 0 0.405401 -0 0 0 -0 0 0 0 0 0 0 0 0 0 0 0 0 0 1 15189.6 15189.6 15189.6 15189.6
-1 -1 1 -1 -1 0.379881 0 0 0 0 0 0.421793 -0 0 0 -0 0 0 0 0 0 0 0 0 0 0 0 0 0 1 15136 15136 15136 15136
-1 -1 1 -1 -1 0.381993 0 0 0 0 0 0.437741 -0 0 0 -0 0 0 0 0 0 0 0 0 0 0 0 0 0 1 15083 15083 15083 15083
-1 -1 1 -1 -1 0.384178 0 0 0 0 0 0.45319 -0 0 0 -0 0 0 0 0 0 0 0 0 0 0 0 0 0 1 15030.8 15030.8 15030.8 15030.8
-1 -1 1 -1 -1 0.386443 0 0 0 0 0 0.468209 -0 0 0 -0 0 0 0 0 0 0 0 0 0 0 0 0 0 1 14979.3 14979.3 14979.3 14979.3
-1 -1 1 -1 -1 0.388787 0 0 0 0 0 0.482819 -0 0 0 -0 0 0 0 0 0 0 0 0 0 0 0 0 0 1 14928.2 14928.2 14928.2 14928.2
-1 -1 1 -1 -1 0.391196 0 0 0 0 0 0.496939 -0 0 0 -0 0 0 0 0 0 0 0 0 0 0 0 0 0 1 14878 14878 14878 14878
-1 -1 1 -1 -1 0.39368 0 0 0 0 0 0.510668 -0 0 0 -0 0 0 0 0 0 0 0 0 0 0 0 0 0 1 14828.4 14828.4 14828.4 14828.4
-1 -1 1 -1 -1 0.396233 0 0 0 0 0 0.523978 -0 0 0 -0 0 0 0 0 0 0 0 0 0 0 0 0 0 1 14779.4 14779.4 14779.4 14779.4
-1 -1 1 -1 -1 0.398863 0 0 0 0 0 0.536931 -0 0 0 -0 0 0 0 0 0 0 0 0 0 0 0 0 0 1 14730.8 14730.8 14730.8 14730.8
-1 -1 1 -1 -1 0.401538 0 0 0 0 0 0.549382 -0 0 0 -0 0 0 0 0 0 0 0 0 0 0 0 0 0 1 14683.2 14683.2 14683.2 14683.2
-1 -1 1 -1 -1 0.404286 0 0 0 0 0 0.561483 -0 0 0 -0 0 0 0 0 0 0 0 0 0 0 0 0 0 1 14636.1 14636.1 14636.1 14636.1
-1 -1 1 -1 -1 0.407098 0 0 0 0 0 0.573207 -0 0 0 -0 0 0 0 0 0 0 0 0 0 0 0 0 0 1 14589.5 14589.5 14589.5 14589.5
-1 -1 1 -1 -1 0.409966 0 0 0 0 0 0.584533 -0 0 0 -0 0 0 0 0 0 0 0 0 0 0 0 0 0 1 14543.6 14543.6 14543.6 14543.6
-1 -1 1 -1 -1 0.412866 0 0 0 0 0 0.595392 -0 0 0 -0 0 0 0 0 0 0 0 0 0 0 0 0 0 1 14498.8 14498.8 14498.8 14498.8
-1 -1 1 -1 -1 0.415872 0 0 0 0 0 0.606064 -0 0 0 -0 0 0 0 0 0 0 0 0 0 0 0 0 0 1 14453.8 14453.8 14453.8 14453.8
-1 -1 1 -1 -1 0.418899 0 0 0 0 0 0.616255 -0 0 0 -0 0 0 0 0 0 0 0 0 0 0 0 0 0 1 14409.8 14409.8 14409.8 14409.8
-1 -1 1 -1 -1 0.421978 0 0 0 0 0 0.626089 -0 0 0 -0 0 0 0 0 0 0 0 0 0 0 0 0 0 1 14366.5 14366.5 14366.5 14366.5
-1 -1 1 -1 -1 0.425104 0 0 0 0 0 0.635565 -0 0 0 -0 0 0 0 0 0 0 0 0 0 0 0 0 0 1 14323.9 14323.9 14323.9 14323.9
-1 -1 1 -1 -1 0.428282 0 0 0 0 0 0.644706 -0 0 0 -0 0 0 0 0 0 0 0 0 0 0 0 0 0 1 14281.8 14281.8 14281.8 14281.8
-1 -1 1 -1 -1 0.43183 0 0 0 0 0 0.654392 -0 0 0 -0 0 0 0 0 0 0 0 0 0 0 0 0 0 1 14236.1 14236.1 14236.1 14236.1
-1 -1 1 -1 -1 0.434763 0 0 0 0 0 0.661949 -0 0 0 -0 0 0 0 0 0 0 0 0 0 0 0 0 0 1 14199.5 14199.5 14199.5 14199.5
-1 -1 1 -1 -1 0.438075 0 0 0 0 0 0.670091 -0 0 0 -0 0 0 0 0 0 0 0 0 0 0 0 0 0 1 14159.2 14159.2 14159.2 14159.2
-1 -1 1 -1 -1 0.44143 0 0 0 0 0 0.677912 -0 0 0 -0 0 0 0 0 0 0 0 0 0 0 0 0 0 1 14119.5 14119.5 14119.5 14119.5
-1 -1 1 -1 -1 0.444818 0 0 0 0 0 0.685401 -0 0 0 -0 0 0 0 0 0 0 0 0 0 0 0 0 0 1 14080.5 14080.5 14080.5 14080.5
-1 -1 1 -1 -1 0.448246 0 0 0 0 0 0.692583 -0 0 0 -0 0 0 0 0 0 0 0 0 0 0 0 0 0 1 14042 14042 14042 14042
-1 -1 1 -1 -1 0.451705 0 0 0 0 0 0.69945 -0 0 0 -0 0 0 0 0 0 0 0 0 0 0 0 0 0 1 14004.2 14004.2 14004.2 14004.2
-1 -1 1 -1 -1 0.455207 0 0 0 0 0 0.706032 -0 0 0 -0 0 0 0 0 0 0 0 0 0 0 0 0 0 1 13966.8 13966.8 13966.8 13966.8
-1 -1 1 -1 -1 0.458735 0 0 0 0 0 0.712305 -0 0 0 -0 0 0 0 0 0 0 0 0 0 0 0 0 0 1 13930.2 13930.2 13930.2 13930.2
-1 -1 1 -1 -1 0.462295 0 0 0 0 0 0.718289 -0 0 0 -0 0 0 0 0 0 0 0 0 0 0 0 0 0 1 13894.1 13894.1 13894.1 13894.1
-1 -1 1 -1 -1 0.465886 0 0 0 0 0 0.723989 -0 0 0 -0 0 0 0 0 0 0 0 0 0 0 0 0 0 1 13858.6 13858.6 13858.6 13858.6
-1 -1 1 -1 -1 0.469506 0 0 0 0 0 0.729411 -0 0 0 -0 0 0 0 0 0 0 0 0 0 0 0 0 0 1 13823.6 13823.6 13823.6 13823.6
-1 -1 1 -1 -1 0.473151 0 0 0 0 0 0.734556 -0 0 0 -0 0 0 0 0 0 0 0 0 0 0 0 0 0 1 13789.3 13789.3 13789.3 13789.3
-1 -1 1 -1 -1 0.476824 0 0 0 0 0 0.739435 -0 0 0 -0 0 0 0 0 0 0 0 0 0 0 0 0 0 1 13755.5 13755.5 13755.5 13755.5
-1 -1 1 -1 -1 0.480526 0 0 0 0 0 0.744056 -0 0 0 -0 0 0 0 0 0 0 0 0 0 0 0 0 0 1 13722.2 13722.2 13722.2 13722.2
-1 -1 1 -1 -1 0.484241 0 0 0 0 0 0.748406 -0 0 0 -0 0 0 0 0 0 0 0 0 0 0 0 0 0 1 13689.6 13689.6 13689.6 13689.6
-1 -1 1 -1 -1 0.487983 0 0 0 0 0 0.752508 -0 0 0 -0 0 0 0 0 0 0 0 0 0 0 0 0 0 1 13657.5 13657.5 13657.5 13657.5
-1 -1 1 -1 -1 0.491745 0 0 0 0 0 0.75636 -0 0 0 -0 0 0 0 0 0 0 0 0 0 0 0 0 0 1 13626 13626 13626 13626
-1 -1 1 -1 -1 0.495525 0 0 0 0 0 0.759968 -0 0 0 -0 0 0 0 0 0 0 0 0 0 0 0 0 0 1 13595 13595 13595 13595
-1 -1 1 -1 -1 0.499324 0 0 0 0 0 0.763336 -0 0 0 -0 0 0 0 0 0 0 0 0 0 0 0 0 0 1 13564.5 13564.5 13564.5 13564.5
-1 -1 1 -1 -1 0.503158 0 0 0 0 0 0.766486 -0 0 0 -0 0 0 0 0 0 0 0 0 0 0 0 0 0 1 13534.5 13534.5 13534.5 13534.5
-1 -1 1 -1 -1 0.510818 0 0 0 0 0 0.77228 -0 0 0 -0 0 0 0 0 0 0 0 0 0 0 0 0 0 1 13475.8 13475.8 13475.8 13475.8
-1 -1 1 -1 -1 0.510818 0 0 0 0 0 0.77228 -0 0 0 -0 0 0 0 0 0 0 0 0 0 0 0 0 0 1 13475.8 13475.8 13475.8 13475.8
-1 -1 1 -1 -1 0.514688 0 0 0 0 0 0.77474 -0 0 0 -0 0 0 0 0 0 0 0 0 0 0 0 0 0 1 13447.4 13447.4 13447.4 13447.4
-1 -1 1 -1 -1 0.518556 0 0 0 0 0 0.776975 -0 0 0 -0 0 0 0 0 0 0 0 0 0 0 0 0 0 1 13419.7 13419.7 13419.7 13419.7
-1 -1 1 -1 -1 0.522449 0 0 0 0 0 0.779006 -0 0 0 -0 0 0 0 0 0 0 0 0 0 0 0 0 0 1 13392.4 13392.4 13392.4 13392.4
-1 -1 1 -1 -1 0.52634 0 0 0 0 0 0.780823 -0 0 0 -0 0 0 0 0 0 0 0 0 0 0 0 0 0 1 13365.7 13365.7 13365.7 13365.7
-1 -1 1 -1 -1 0.530245 0 0 0 0 0 0.78244 -0 0 0 -0 0 0 0 0 0 0 0 0 0 0 0 0 0 1 13339.5 13339.5 13339.5 13339.5
-1 -1 1 -1 -1 0.534156 0 0 0 0 0 0.783857 -0 0 0 -0 0 0 0 0 0 0 0 0 0 0 0 0 0 1 13313.8 13313.8 13313.8 13313.8
-1 -1 1 -1 -1 0.538074 0 0 0 0 0 0.785081 -0 0 0 -0 0 0 0 0 0 0 0 0 0 0 0 0 0 1 13288.6 13288.6 13288.6 13288.6
-1 -1 1 -1 -1 0.542 0 0 0 0 0 0.786115 -0 0 0 -0 0 0 0 0 0 0 0 0 0 0 0 0 0 1 13263.9 13263.9 13263.9 13263.9
-1 -1 1 -1 -1 0.545933 0 0 0 0 0 0.786963 -0 0 0 -0 0 0 0 0 0 0 0 0 0 0 0 0 0 1 13239.7 13239.7 13239.7 13239.7
-1 -1 1 -1 -1 0.549865 0 0 0 0 0 0.787628 -0 0 0 -0 0 0 0 0 0 0 0 0 0 0 0 0 0 1 13216 13216 13216 13216
-1 -1 1 -1 -1 0.553803 0 0 0 0 0 0.788116 -0 0 0 -0 0 0 0 0 0 0 0 0 0 0 0 0 0 1 13192.8 13192.8 13192.8 13192.8
-1 -1 1 -1 -1 0.557748 0 0 0 0 0 0.78843 -0 0 0 -0 0 0 0 0 0 0 0 0 0 0 0 0 0 1 13170 13170 13170 13170
-1 -1 1 -1 -1 0.561686 0 0 0 0 0 0.788573 -0 0 0 -0 0 0 0 0 0 0 0 0 0 0 0 0 0 1 13147.7 13147.7 13147.7 13147.7
-1 -1 1 -1 -1 0.565627 0 0 0 0 0 0.788551 -0 0 0 -0 0 0 0 0 0 0 0 0 0 0 0 0 0 1 13125.9 13125.9 13125.9 13125.9
-1 -1 1 -1 -1 0.569573 0 0 0 0 0 0.788366 -0 0 0 -0 0 0 0 0 0 0 0 0 0 0 0 0 0 1 13104.6 13104.6 13104.6 13104.6
-1 -1 1 -1 -1 0.573515 0 0 0 0 0 0.788022 -0 0 0 -0 0 0 0 0 0 0 0 0 0 0 0 0 0 1 13083.7 13083.7 13083.7 13083.7
-1 -1 1 -1 -1 0.577454 0 0 0 0 0 0.787524 -0 0 0 -0 0 0 0 0 0 0 0 0 0 0 0 0 0 1 13063.3 13063.3 13063.3 13063.3
-1 -1 1 -1 -1 0.581392 0 0 0 0 0 0.786874 -0 0 0 -0 0 0 0 0 0 0 0 0 0 0 0 0 0 1 13043.4 13043.4 13043.4 13043.4
-1 -1 1 -1 -1 0.585325 0 0 0 0 0 0.786076 -0 0 0 -0 0 0 0 0 0 0 0 0 0 0 0 0 0 1 13023.9 13023.9 13023.9 13023.9
-1 -1 1 -1 -1 0.589252 0 0 0 0 0 0.785135 -0 0 0 -0 0 0 0 0 0 0 0 0 0 0 0 0 0 1 13004.8 13004.8 13004.8 13004.8
-1 -1 1 -1 -1 0.593178 0 0 0 0 0 0.784052 -0 0 0 -0 0 0 0 0 0 0 0 0 0 0 0 0 0 1 12986.2 12986.2 12986.2 12986.2
-1 -1 1 -1 -1 0.597102 0 0 0 0 0 0.782831 -0 0 0 -0 0 0 0 0 0 0 0 0 0 0 0 0 0 1 12968 12968 12968 12968
-1 -1 1 -1 -1 0.601013 0 0 0 0 0 0.781478 -0 0 0 -0 0 0 0 0 0 0 0 0 0 0 0 0 0 1 12950.2 12950.2 12950.2 12950.2
-1 -1 1 -1 -1 0.605295 0 0 0 0 0 0.779994 -0 0 0 -0 0 0 0 0 0 0 0 0 0 0 0 0 0 1 12930.7 12930.7 12930.7 12930.7
-1 -1 1 -1 -1 0.608805 0 0 0 0 0 0.778529 -0 0 0 -0 0 0 0 0 0 0 0 0 0 0 0 0 0 1 12915.6 12915.6 12915.6 12915.6
-1 -1 1 -1 -1 0.612718 0 0 0 0 0 0.776781 -0 0 0 -0 0 0 0 0 0 0 0 0 0 0 0 0 0 1 12899 12899 12899 12899
-1 -1 1 -1 -1 0.616603 0 0 0 0 0 0.774921 -0 0 0 -0 0 0 0 0 0 0 0 0 0 0 0 0 0 1 12882.9 12882.9 12882.9 12882.9
-1 -1 1 -1 -1 0.621113 0 0 0 0 0 0.772618 -0 0 0 -0 0 0 0 0 0 0 0 0 0 0 0 0 0 1 12864.6 12864.6 12864.6 12864.6
-1 -1 1 -1 -1 0.624346 0 0 0 0 0 0.770851 -0 0 0 -0 0 0 0 0 0 0 0 0 0 0 0 0 0 1 12851.8 12851.8 12851.8 12851.8
-1 -1 1 -1 -1 0.628196 0 0 0 0 0 0.768649 -0 0 0 -0 0 0 0 0 0 0 0 0 0 0 0 0 0 1 12836.9 12836.9 12836.9 12836.9
-1 -1 1 -1 -1 0.632041 0 0 0 0 0 0.766335 -0 0 0 -0 0 0 0 0 0 0 0 0 0 0 0 0 0 1 12822.4 12822.4 12822.4 12822.4
-1 -1 1 -1 -1 0.635872 0 0 0 0 0 0.763916 -0 0 0 -0 0 0 0 0 0 0 0 0 0 0 0 0 0 1 12808.3 12808.3 12808.3 12808.3
-1 -1 1 -1 -1 0.639662 0 0 0 0 0 0.761516 -0 0 0 -0 0 0 0 0 0 0 0 0 0 0 0 0 0 1 12794.3 12794.3 12794.3 12794.3
-1 -1 1 -1 -1 0.643743 0 0 0 0 0 0.758705 -0 0 0 -0 0 0 0 0 0 0 0 0 0 0 0 0 0 1 12780 12780 12780 12780
-1 -1 1 -1 -1 0.648679 0 0 0 0 0 0.755157 -0 0 0 -0 0 0 0 0 0 0 0 0 0 0 0 0 0 1 12763.1 12763.1 12763.1 12763.1
-1 -1 1 -1 -1 0.652372 0 0 0 0 0 0.752371 -0 0 0 -0 0 0 0 0 0 0 0 0 0 0 0 0 0 1 12750.9 12750.9 12750.9 12750.9
-1 -1 1 -1 -1 0.655314 0 0 0 0 0 0.750073 -0 0 0 -0 0 0 0 0 0 0 0 0 0 0 0 0 0 1 12741.3 12741.3 12741.3 12741.3
-1 -1 1 -1 -1 0.6586 0 0 0 0 0 0.74744 -0 0 0 -0 0 0 0 0 0 0 0 0 0 0 0 0 0 1 12730.9 12730.9 12730.9 12730.9
-1 -1 1 -1 -1 0.662335 0 0 0 0 0 0.744359 -0 0 0 -0 0 0 0 0 0 0 0 0 0 0 0 0 0 1 12719.4 12719.4 12719.4 12719.4
-1 -1 1 -1 -1 0.666054 0 0 0 0 0 0.741196 -0 0 0 -0 0 0 0 0 0 0 0 0 0 0 0 0 0 1 12708.1 12708.1 12708.1 12708.1
-1 -1 1 -1 -1 0.670209 0 0 0 0 0 0.737557 -0 0 0 -0 0 0 0 0 0 0 0 0 0 0 0 0 0 1 12695.9 12695.9 12695.9 12695.9
-1 -1 1 -1 -1 0.673446 0 0 0 0 0 0.73463 -0 0 0 -0 0 0 0 0 0 0 0 0 0 0 0 0 0 1 12686.7 12686.7 12686.7 12686.7
-1 -1 1 -1 -1 0.677123 0 0 0 0 0 0.731227 -0 0 0 -0 0 0 0 0 0 0 0 0 0 0 0 0 0 1 12676.5 12676.5 12676.5 12676.5
-1 -1 1 -1 -1 0.680902 0 0 0 0 0 0.727711 -0 0 0 -0 0 0 0 0 0 0 0 0 0 0 0 0 0 1 12666 12666 12666 12666
-1 -1 1 -1 -1 0.684417 0 0 0 0 0 0.724282 -0 0 0 -0 0 0 0 0 0 0 0 0 0 0 0 0 0 1 12656.7 12656.7 12656.7 12656.7
-1 -1 1 -1 -1 0.688039 0 0 0 0 0 0.720665 -0 0 0 -0 0 0 0 0 0 0 0 0 0 0 0 0 0 1 12647.5 12647.5 12647.5 12647.5
-1 -1 1 -1 -1 0.691644 0 0 0 0 0 0.716982 -0 0 0 -0 0 0 0 0 0 0 0 0 0 0 0 0 0 1 12638.5 12638.5 12638.5 12638.5
-1 -1 1 -1 -1 0.695224 0 0 0 0 0 0.71324 -0 0 0 -0 0 0 0 0 0 0 0 0 0 0 0 0 0 1 12629.9 12629.9 12629.9 12629.9
-1 -1 1 -1 -1 0.698795 0 0 0 0 0 0.709426 -0 0 0 -0 0 0 0 0 0 0 0 0 0 0 0 0 0 1 12621.5 12621.5 12621.5 12621.5
-1 -1 1 -1 -1 0.702342 0 0 0 0 0 0.705558 -0 0 0 -0 0 0 0 0 0 0 0 0 0 0 0 0 0 1 12613.5 12613.5 12613.5 12613.5
-1 -1 1 -1 -1 0.705867 0 0 0 0 0 0.701634 -0 0 0 -0 0 0 0 0 0 0 0 0 0 0 0 0 0 1 12605.7 12605.7 12605.7 12605.7
-1 -1 1 -1 -1 0.709378 0 0 0 0 0 0.697649 -0 0 0 -0 0 0 0 0 0 0 0 0 0 0 0 0 0 1 12598.2 12598.2 12598.2 12598.2
-1 -1 1 -1 -1 0.712859 0 0 0 0 0 0.693622 -0 0 0 -0 0 0 0 0 0 0 0 0 0 0 0 0 0 1 12591.1 12591.1 12591.1 12591.1
-1 -1 1 -1 -1 0.716339 0 0 0 0 0 0.689522 -0 0 0 -0 0 0 0 0 0 0 0 0 0 0 0 0 0 1 12584.1 12584.1 12584.1 12584.1
-1 -1 1 -1 -1 0.719783 0 0 0 0 0 0.685391 -0 0 0 -0 0 0 0 0 0 0 0 0 0 0 0 0 0 1 12577.5 12577.5 12577.5 12577.5
-1 -1 1 -1 -1 0.723207 0 0 0 0 0 0.681212 -0 0 0 -0 0 0 0 0 0 0 0 0 0 0 0 0 0 1 12571.1 12571.1 12571.1 12571.1
-1 -1 1 -1 -1 0.726613 0 0 0 0 0 0.676983 -0 0 0 -0 0 0 0 0 0 0 0 0 0 0 0 0 0 1 12565 12565 12565 12565
-1 -1 1 -1 -1 0.729997 0 0 0 0 0 0.672712 -0 0 0 -0 0 0 0 0 0 0 0 0 0 0 0 0 0 1 12559.2 12559.2 12559.2 12559.2
-1 -1 1 -1 -1 0.733359 0 0 0 0 0 0.6684 -0 0 0 -0 0 0 0 0 0 0 0 0 0 0 0 0 0 1 12553.6 12553.6 12553.6 12553.6
-1 -1 1 -1 -1 0.736699 0 0 0 0 0 0.664049 -0 0 0 -0 0 0 0 0 0 0 0 0 0 0 0 0 0 1 12548.3 12548.3 12548.3 12548.3
-1 -1 1 -1 -1 0.740018 0 0 0 0 0 0.659659 -0 0 0 -0 0 0 0 0 0 0 0 0 0 0 0 0 0 1 12543.2 12543.2 12543.2 12543.2
-1 -1 1 -1 -1 0.743327 0 0 0 0 0 0.655217 -0 0 0 -0 0 0 0 0 0 0 0 0 0 0 0 0 0 1 12538.3 12538.3 12538.3 12538.3
-1 -1 1 -1 -1 0.746595 0 0 0 0 0 0.650766 -0 0 0 -0 0 0 0 0 0 0 0 0 0 0 0 0 0 1 12533.7 12533.7 12533.7 12533.7
-1 -1 1 -1 -1 0.74985 0 0 0 0 0 0.64627 -0 0 0 -0 0 0 0 0 0 0 0 0 0 0 0 0 0 1 12529.3 12529.3 12529.3 12529.3
-1 -1 1 -1 -1 0.753079 0 0 0 0 0 0.641747 -0 0 0 -0 0 0 0 0 0 0 0 0 0 0 0 0 0 1 12525.2 12525.2 12525.2 12525.2
-1 -1 1 -1 -1 0.756289 0 0 0 0 0 0.637191 -0 0 0 -0 0 0 0 0 0 0 0 0 0 0 0 0 0 1 12521.3 12521.3 12521.3 12521.3
-1 -1 1 -1 -1 0.759479 0 0 0 0 0 0.632602 -0 0 0 -0 0 0 0 0 0 0 0 0 0 0 0 0 0 1 12517.6 12517.6 12517.6 12517.6
-1 -1 1 -1 -1 0.762639 0 0 0 0 0 0.627996 -0 0 0 -0 0 0 0 0 0 0 0 0 0 0 0 0 0 1 12514.1 12514.1 12514.1 12514.1
-1 -1 1 -1 -1 0.765796 0 0 0 0 0 0.623336 -0 0 0 -0 0 0 0 0 0 0 0 0 0 0 0 0 0 1 12510.8 12510.8 12510.8 12510.8
-1 -1 1 -1 -1 0.768909 0 0 0 0 0 0.618684 -0 0 0 -0 0 0 0 0 0 0 0 0 0 0 0 0 0 1 12507.8 12507.8 12507.8 12507.8
-1 -1 1 -1 -1 0.772002 0 0 0 0 0 0.614007 -0 0 0 -0 0 0 0 0 0 0 0 0 0 0 0 0 0 1 12504.9 12504.9 12504.9 12504.9
-1 -1 1 -1 -1 0.775074 0 0 0 0 0 0.609304 -0 0 0 -0 0 0 0 0 0 0 0 0 0 0 0 0 0 1 12502.3 12502.3 12502.3 12502.3
-1 -1 1 -1 -1 0.778117 0 0 0 0 0 0.60459 -0 0 0 -0 0 0 0 0 0 0 0 0 0 0 0 0 0 1 12499.8 12499.8 12499.8 12499.8
-1 -1 1 -1 -1 0.781132 0 0 0 0 0 0.599867 -0 0 0 -0 0 0 0 0 0 0 0 0 0 0 0 0 0 1 12497.6 12497.6 12497.6 12497.6
-1 -1 1 -1 -1 0.784132 0 0 0 0 0 0.595116 -0 0 0 -0 0 0 0 0 0 0 0 0 0 0 0 0 0 1 12495.5 12495.5 12495.5 12495.5
-1 -1 1 -1 -1 0.787112 0 0 0 0 0 0.590341 -0 0 0 -0 0 0 0 0 0 0 0 0 0 0 0 0 0 1 12493.6 12493.6 12493.6 12493.6
-1 -1 1 -1 -1 0.790064 0 0 0 0 0 0.585562 -0 0 0 -0 0 0 0 0 0 0 0 0 0 0 0 0 0 1 12491.9 12491.9 12491.9 12491.9
-1 -1 1 -1 -1 0.792988 0 0 0 0 0 0.580777 -0 0 0 -0 0 0 0 0 0 0 0 0 0 0 0 0 0 1 12490.4 12490.4 12490.4 12490.4
-1 -1 1 -1 -1 0.795901 0 0 0 0 0 0.575959 -0 0 0 -0 0 0 0 0 0 0 0 0 0 0 0 0 0 1 12489 12489 12489 12489
-1 -1 1 -1 -1 0.798769 0 0 0 0 0 0.571167 -0 0 0 -0 0 0 0 0 0 0 0 0 0 0 0 0 0 1 12487.9 12487.9 12487.9 12487.9
-1 -1 1 -1 -1 0.801634 0 0 0 0 0 0.566331 -0 0 0 -0 0 0 0 0 0 0 0 0 0 0 0 0 0 1 12486.8 12486.8 12486.8 12486.8
-1 -1 1 -1 -1 0.804455 0 0 0 0 0 0.561521 -0 0 0 -0 0 0 0 0 0 0 0 0 0 0 0 0 0 1 12486 12486 12486 12486
-1 -1 1 -1 -1 0.807271 0 0 0 0 0 0.556674 -0 0 0 -0 0 0 0 0 0 0 0 0 0 0 0 0 0 1 12485.3 12485.3 12485.3 12485.3
-1 -1 1 -1 -1 0.810053 0 0 0 0 0 0.551838 -0 0 0 -0 0 0 0 0 0 0 0 0 0 0 0 0 0 1 12484.8 12484.8 12484.8 12484.8
-1 -1 1 -1 -1 0.812815 0 0 0 0 0 0.546991 -0 0 0 -0 0 0 0 0 0 0 0 0 0 0 0 0 0 1 12484.4 12484.4 12484.4 12484.4
-1 -1 1 -1 -1 0.815538 0 0 0 0 0 0.542167 -0 0 0 -0 0 0 0 0 0 0 0 0 0 0 0 0 0 1 12484.2 12484.2 12484.2 12484.2
-1 -1 1 -1 -1 0.818261 0 0 0 0 0 0.537299 -0 0 0 -0 0 0 0 0 0 0 0 0 0 0 0 0 0 1 12484.1 12484.1 12484.1 12484.1
-1 -1 1 -1 -1 0.820934 0 0 0 0 0 0.532476 -0 0 0 -0 0 0 0 0 0 0 0 0 0 0 0 0 0 1 12484.2 12484.2 12484.2 12484.2
-1 -1 1 -1 -1 0.823607 0 0 0 0 0 0.52761 -0 0 0 -0 0 0 0 0 0 0 0 0 0 0 0 0 0 1 12484.4 12484.4 12484.4 12484.4
-1 -1 1 -1 -1 0.826254 0 0 0 0 0 0.52275 -0 0 0 -0 0 0 0 0 0 0 0 0 0 0 0 0 0 1 12484.7 12484.7 12484.7 12484.7
-1 -1 1 -1 -1 0.828859 0 0 0 0 0 0.517922 -0 0 0 -0 0 0 0 0 0 0 0 0 0 0 0 0 0 1 12485.2 12485.2 12485.2 12485.2
-1 -1 1 -1 -1 0.831449 0 0 0 0 0 0.513083 -0 0 0 -0 0 0 0 0 0 0 0 0 0 0 0 0 0 1 12485.8 12485.8 12485.8 12485.8
-1 -1 1 -1 -1 0.834005 0 0 0 0 0 0.508266 -0 0 0 -0 0 0 0 0 0 0 0 0 0 0 0 0 0 1 12486.5 12486.5 12486.5 12486.5
-1 -1 1 -1 -1 0.836562 0 0 0 0 0 0.503405 -0 0 0 -0 0 0 0 0 0 0 0 0 0 0 0 0 0 1 12487.4 12487.4 12487.4 12487.4
-1 -1 1 -1 -1 0.839065 0 0 0 0 0 0.498609 -0 0 0 -0 0 0 0 0 0 0 0 0 0 0 0 0 0 1 12488.3 12488.3 12488.3 12488.3
-1 -1 1 -1 -1 0.841557 0 0 0 0 0 0.493795 -0 0 0 -0 0 0 0 0 0 0 0 0 0 0 0 0 0 1 12489.4 12489.4 12489.4 12489.4
-1 -1 1 -1 -1 0.844027 0 0 0 0 0 0.488983 -0 0 0 -0 0 0 0 0 0 0 0 0 0 0 0 0 0 1 12490.7 12490.7 12490.7 12490.7
-1 -1 1 -1 -1 0.846473 0 0 0 0 0 0.48418 -0 0 0 -0 0 0 0 0 0 0 0 0 0 0 0 0 0 1 12492 12492 12492 12492
-1 -1 1 -1 -1 0.848907 0 0 0 0 0 0.479364 -0 0 0 -0 0 0 0 0 0 0 0 0 0 0 0 0 0 1 12493.4 12493.4 12493.4 12493.4
-1 -1 1 -1 -1 0.85129 0 0 0 0 0 0.47461 -0 0 0 -0 0 0 0 0 0 0 0 0 0 0 0 0 0 1 12494.9 12494.9 12494.9 12494.9
-1 -1 1 -1 -1 0.853671 0 0 0 0 0 0.469823 -0 0 0 -0 0 0 0 0 0 0 0 0 0 0 0 0 0 1 12496.6 12496.6 12496.6 12496.6
-1 -1 1 -1 -1 0.856025 0 0 0 0 0 0.465054 -0 0 0 -0 0 0 0 0 0 0 0 0 0 0 0 0 0 1 12498.3 12498.3 12498.3 12498.3
-1 -1 1 -1 -1 0.858348 0 0 0 0 0 0.460313 -0 0 0 -0 0 0 0 0 0 0 0 0 0 0 0 0 0 1 12500.2 12500.2 12500.2 12500.2
-1 -1 1 -1 -1 0.860638 0 0 0 0 0 0.455605 -0 0 0 -0 0 0 0 0 0 0 0 0 0 0 0 0 0 1 12502.1 12502.1 12502.1 12502.1
-1 -1 1 -1 -1 0.862915 0 0 0 0 0 0.450887 -0 0 0 -0 0 0 0 0 0 0 0 0 0 0 0 0 0 1 12504.1 12504.1 12504.1 12504.1
-1 -1 1 -1 -1 0.865169 0 0 0 0 0 0.446183 -0 0 0 -0 0 0 0 0 0 0 0 0 0 0 0 0 0 1 12506.3 12506.3 12506.3 12506.3
-1 -1 1 -1 -1 0.8674 0 0 0 0 0 0.441493 -0 0 0 -0 0 0 0 0 0 0 0 0 0 0 0 0 0 1 12508.5 12508.5 12508.5 12508.5
-1 -1 1 -1 -1 0.869615 0 0 0 0 0 0.436803 -0 0 0 -0 0 0 0 0 0 0 0 0 0 0 0 0 0 1 12510.8 12510.8 12510.8 12510.8
-1 -1 1 -1 -1 0.8718 0 0 0 0 0 0.432143 -0 0 0 -0 0 0 0 0 0 0 0 0 0 0 0 0 0 1 12513.1 12513.1 12513.1 12513.1
-1 -1 1 -1 -1 0.873952 0 0 0 0 0 0.42752 -0 0 0 -0 0 0 0 0 0 0 0 0 0 0 0 0 0 1 12515.6 12515.6 12515.6 12515.6
-1 -1 1 -1 -1 0.876098 0 0 0 0 0 0.42288 -0 0 0 -0 0 0 0 0 0 0 0 0 0 0 0 0 0 1 12518.1 12518.1 12518.1 12518.1
-1 -1 1 -1 -1 0.878219 0 0 0 0 0 0.41826 -0 0 0 -0 0 0 0 0 0 0 0 0 0 0 0 0 0 1 12520.8 12520.8 12520.8 12520.8
-1 -1 1 -1 -1 0.880454 0 0 0 0 0 0.413356 -0 0 0 -0 0 0 0 0 0 0 0 0 0 0 0 0 0 1 12523.6 12523.6 12523.6 12523.6
-1 -1 1 -1 -1 0.882366 0 0 0 0 0 0.409133 -0 0 0 -0 0 0 0 0 0 0 0 0 0 0 0 0 0 1 12526.2 12526.2 12526.2 12526.2
-1 -1 1 -1 -1 0.884411 0 0 0 0 0 0.404585 -0 0 0 -0 0 0 0 0 0 0 0 0 0 0 0 0 0 1 12529 12529 12529 12529
-1 -1 1 -1 -1 0.886435 0 0 0 0 0 0.400054 -0 0 0 -0 0 0 0 0 0 0 0 0 0 0 0 0 0 1 12531.9 12531.9 12531.9 12531.9
-1 -1 1 -1 -1 0.888436 0 0 0 0 0 0.395545 -0 0 0 -0 0 0 0 0 0 0 0 0 0 0 0 0 0 1 12534.9 12534.9 12534.9 12534.9
-1 -1 1 -1 -1 0.890412 0 0 0 0 0 0.391061 -0 0 0 -0 0 0 0 0 0 0 0 0 0 0 0 0 0 1 12537.9 12537.9 12537.9 12537.9
-1 -1 1 -1 -1 0.892368 0 0 0 0 0 0.386596 -0 0 0 -0 0 0 0 0 0 0 0 0 0 0 0 0 0 1 12540.9 12540.9 12540.9 12540.9
-1 -1 1 -1 -1 0.894309 0 0 0 0 0 0.382134 -0 0 0 -0 0 0 0 0 0 0 0 0 0 0 0 0 0 1 12544.1 12544.1 12544.1 12544.1
-1 -1 1 -1 -1 0.896209 0 0 0 0 0 0.377714 -0 0 0 -0 0 0 0 0 0 0 0 0 0 0 0 0 0 1 12547.3 12547.3 12547.3 12547.3
-1 -1 1 -1 -1 0.898102 0 0 0 0 0 0.373306 -0 0 0 -0 0 0 0 0 0 0 0 0 0 0 0 0 0 1 12550.6 12550.6 12550.6 12550.6
-1 -1 1 -1 -1 0.89997 0 0 0 0 0 0.368929 -0 0 0 -0 0 0 0 0 0 0 0 0 0 0 0 0 0 1 12553.9 12553.9 12553.9 12553.9
-1 -1 1 -1 -1 0.901811 0 0 0 0 0 0.364585 -0 0 0 -0 0 0 0 0 0 0 0 0 0 0 0 0 0 1 12557.2 12557.2 12557.2 12557.2
-1 -1 1 -1 -1 0.903633 0 0 0 0 0 0.360259 -0 0 0 -0 0 0 0 0 0 0 0 0 0 0 0 0 0 1 12560.6 12560.6 12560.6 12560.6
-1 -1 1 -1 -1 0.90545 0 0 0 0 0 0.355918 -0 0 0 -0 0 0 0 0 0 0 0 0 0 0 0 0 0 1 12564.1 12564.1 12564.1 12564.1
-1 -1 1 -1 -1 0.907221 0 0 0 0 0 0.351662 -0 0 0 -0 0 0 0 0 0 0 0 0 0 0 0 0 0 1 12567.6 12567.6 12567.6 12567.6
-1 -1 1 -1 -1 0.908979 0 0 0 0 0 0.347408 -0 0 0 -0 0 0 0 0 0 0 0 0 0 0 0 0 0 1 12571.1 12571.1 12571.1 12571.1
-1 -1 1 -1 -1 0.910711 0 0 0 0 0 0.343193 -0 0 0 -0 0 0 0 0 0 0 0 0 0 0 0 0 0 1 12574.7 12574.7 12574.7 12574.7
-1 -1 1 -1 -1 0.912438 0 0 0 0 0 0.338962 -0 0 0 -0 0 0 0 0 0 0 0 0 0 0 0 0 0 1 12578.3 12578.3 12578.3 12578.3
-1 -1 1 -1 -1 0.914122 0 0 0 0 0 0.33481 -0 0 0 -0 0 0 0 0 0 0 0 0 0 0 0 0 0 1 12581.9 12581.9 12581.9 12581.9
-1 -1 1 -1 -1 0.915802 0 0 0 0 0 0.330644 -0 0 0 -0 0 0 0 0 0 0 0 0 0 0 0 0 0 1 12585.6 12585.6 12585.6 12585.6
-1 -1 1 -1 -1 0.917455 0 0 0 0 0 0.32652 -0 0 0 -0 0 0 0 0 0 0 0 0 0 0 0 0 0 1 12589.3 12589.3 12589.3 12589.3
-1 -1 1 -1 -1 0.919072 0 0 0 0 0 0.32246 -0 0 0 -0 0 0 0 0 0 0 0 0 0 0 0 0 0 1 12593.1 12593.1 12593.1 12593.1
-1 -1 1 -1 -1 0.920705 0 0 0 0 0 0.318336 -0 0 0 -0 0 0 0 0 0 0 0 0 0 0 0 0 0 1 12596.9 12596.9 12596.9 12596.9
-1 -1 1 -1 -1 0.922286 0 0 0 0 0 0.314318 -0 0 0 -0 0 0 0 0 0 0 0 0 0 0 0 0 0 1 12600.7 12600.7 12600.7 12600.7
-1 -1 1 -1 -1 0.923861 0 0 0 0 0 0.310292 -0 0 0 -0 0 0 0 0 0 0 0 0 0 0 0 0 0 1 12604.5 12604.5 12604.5 12604.5
-1 -1 1 -1 -1 0.925411 0 0 0 0 0 0.306307 -0 0 0 -0 0 0 0 0 0 0 0 0 0 0 0 0 0 1 12608.4 12608.4 12608.4 12608.4
-1 -1 1 -1 -1 0.926949 0 0 0 0 0 0.302328 -0 0 0 -0 0 0 0 0 0 0 0 0 0 0 0 0 0 1 12612.3 12612.3 12612.3 12612.3
-1 -1 1 -1 -1 0.928454 0 0 0 0 0 0.298409 -0 0 0 -0 0 0 0 0 0 0 0 0 0 0 0 0 0 1 12616.2 12616.2 12616.2 12616.2
-1 -1 1 -1 -1 0.929945 0 0 0 0 0 0.294507 -0 0 0 -0 0 0 0 0 0 0 0 0 0 0 0 0 0 1 12620.1 12620.1 12620.1 12620.1
-1 -1 1 -1 -1 0.931421 0 0 0 0 0 0.29062 -0 0 0 -0 0 0 0 0 0 0 0 0 0 0 0 0 0 1 12624.1 12624.1 12624.1 12624.1
-1 -1 1 -1 -1 0.932871 0 0 0 0 0 0.286777 -0 0 0 -0 0 0 0 0 0 0 0 0 0 0 0 0 0 1 12628.1 12628.1 12628.1 12628.1
-1 -1 1 -1 -1 0.934304 0 0 0 0 0 0.282957 -0 0 0 -0 0 0 0 0 0 0 0 0 0 0 0 0 0 1 12632.1 12632.1 12632.1 12632.1
-1 -1 1 -1 -1 0.935718 0 0 0 0 0 0.279166 -0 0 0 -0 0 0 0 0 0 0 0 0 0 0 0 0 0 1 12636.1 12636.1 12636.1 12636.1
-1 -1 1 -1 -1 0.937115 0 0 0 0 0 0.275399 -0 0 0 -0 0 0 0 0 0 0 0 0 0 0 0 0 0 1 12640.1 12640.1 12640.1 12640.1
-1 -1 1 -1 -1 0.938492 0 0 0 0 0 0.271665 -0 0 0 -0 0 0 0 0 0 0 0 0 0 0 0 0 0 1 12644.2 12644.2 12644.2 12644.2
-1 -1 1 -1 -1 0.939849 0 0 0 0 0 0.267961 -0 0 0 -0 0 0 0 0 0 0 0 0 0 0 0 0 0 1 12648.2 12648.2 12648.2 12648.2
-1 -1 1 -1 -1 0.94119 0 0 0 0 0 0.26428 -0 0 0 -0 0 0 0 0 0 0 0 0 0 0 0 0 0 1 12652.3 12652.3 12652.3 12652.3
-1 -1 1 -1 -1 0.942512 0 0 0 0 0 0.260631 -0 0 0 -0 0 0 0 0 0 0 0 0 0 0 0 0 0 1 12656.4 12656.4 12656.4 12656.4
-1 -1 1 -1 -1 0.943814 0 0 0 0 0 0.257016 -0 0 0 -0 0 0 0 0 0 0 0 0 0 0 0 0 0 1 12660.4 12660.4 12660.4 12660.4
-1 -1 1 -1 -1 0.945099 0 0 0 0 0 0.253427 -0 0 0 -0 0 0 0 0 0 0 0 0 0 0 0 0 0 1 12664.5 12664.5 12664.5 12664.5
-1 -1 1 -1 -1 0.946371 0 0 0 0 0 0.249854 -0 0 0 -0 0 0 0 0 0 0 0 0 0 0 0 0 0 1 12668.7 12668.7 12668.7 12668.7
-1 -1 1 -1 -1 0.947624 0 0 0 0 0 0.246313 -0 0 0 -0 0 0 0 0 0 0 0 0 0 0 0 0 0 1 12672.8 12672.8 12672.8 12672.8
-1 -1 1 -1 -1 0.948851 0 0 0 0 0 0.242824 -0 0 0 -0 0 0 0 0 0 0 0 0 0 0 0 0 0 1 12676.9 12676.9 12676.9 12676.9
-1 -1 1 -1 -1 0.950062 0 0 0 0 0 0.239363 -0 0 0 -0 0 0 0 0 0 0 0 0 0 0 0 0 0 1 12681 12681 12681 12681
-1 -1 1 -1 -1 0.951261 0 0 0 0 0 0.235915 -0 0 0 -0 0 0 0 0 0 0 0 0 0 0 0 0 0 1 12685.1 12685.1 12685.1 12685.1
-1 -1 1 -1 -1 0.952444 0 0 0 0 0 0.232495 -0 0 0 -0 0 0 0 0 0 0 0 0 0 0 0 0 0 1 12689.3 12689.3 12689.3 12689.3
-1 -1 1 -1 -1 0.953611 0 0 0 0 0 0.229098 -0 0 0 -0 0 0 0 0 0 0 0 0 0 0 0 0 0 1 12693.4 12693.4 12693.4 12693.4
-1 -1 1 -1 -1 0.954751 0 0 0 0 0 0.225763 -0 0 0 -0 0 0 0 0 0 0 0 0 0 0 0 0 0 1 12697.5 12697.5 12697.5 12697.5
-1 -1 1 -1 -1 0.955877 0 0 0 0 0 0.222448 -0 0 0 -0 0 0 0 0 0 0 0 0 0 0 0 0 0 1 12701.7 12701.7 12701.7 12701.7
-1 -1 1 -1 -1 0.956993 0 0 0 0 0 0.219144 -0 0 0 -0 0 0 0 0 0 0 0 0 0 0 0 0 0 1 12705.8 12705.8 12705.8 12705.8
-1 -1 1 -1 -1 0.958089 0 0 0 0 0 0.215882 -0 0 0 -0 0 0 0 0 0 0 0 0 0 0 0 0 0 1 12709.9 12709.9 12709.9 12709.9
-1 -1 1 -1 -1 0.959169 0 0 0 0 0 0.212646 -0 0 0 -0 0 0 0 0 0 0 0 0 0 0 0 0 0 1 12714.1 12714.1 12714.1 12714.1
-1 -1 1 -1 -1 0.960231 0 0 0 0 0 0.209445 -0 0 0 -0 0 0 0 0 0 0 0 0 0 0 0 0 0 1 12718.2 12718.2 12718.2 12718.2
-1 -1 1 -1 -1 0.961273 0 0 0 0 0 0.206288 -0 0 0 -0 0 0 0 0 0 0 0 0 0 0 0 0 0 1 12722.3 12722.3 12722.3 12722.3
-1 -1 1 -1 -1 0.962309 0 0 0 0 0 0.20313 -0 0 0 -0 0 0 0 0 0 0 0 0 0 0 0 0 0 1 12726.4 12726.4 12726.4 12726.4
-1 -1 1 -1 -1 0.96332 0 0 0 0 0 0.200031 -0 0 0 -0 0 0 0 0 0 0 0 0 0 0 0 0 0 1 12730.5 12730.5 12730.5 12730.5
-1 -1 1 -1 -1 0.964324 0 0 0 0 0 0.196933 -0 0 0 -0 0 0 0 0 0 0 0 0 0 0 0 0 0 1 12734.6 12734.6 12734.6 12734.6
-1 -1 1 -1 -1 0.965311 0 0 0 0 0 0.193871 -0 0 0 -0 0 0 0 0 0 0 0 0 0 0 0 0 0 1 12738.7 12738.7 12738.7 12738.7
-1 -1 1 -1 -1 0.966277 0 0 0 0 0 0.190855 -0 0 0 -0 0 0 0 0 0 0 0 0 0 0 0 0 0 1 12742.8 12742.8 12742.8 12742.8
-1 -1 1 -1 -1 0.96723 0 0 0 0 0 0.187864 -0 0 0 -0 0 0 0 0 0 0 0 0 0 0 0 0 0 1 12746.9 12746.9 12746.9 12746.9
-1 -1 1 -1 -1 0.968172 0 0 0 0 0 0.184888 -0 0 0 -0 0 0 0 0 0 0 0 0 0 0 0 0 0 1 12751 12751 12751 12751
-1 -1 1 -1 -1 0.969095 0 0 0 0 0 0.181957 -0 0 0 -0 0 0 0 0 0 0 0 0 0 0 0 0 0 1 12755 12755 12755 12755
-1 -1 1 -1 -1 0.970003 0 0 0 0 0 0.179055 -0 0 0 -0 0 0 0 0 0 0 0 0 0 0 0 0 0 1 12759 12759 12759 12759
-1 -1 1 -1 -1 0.9709 0 0 0 0 0 0.17617 -0 0 0 -0 0 0 0 0 0 0 0 0 0 0 0 0 0 1 12763.1 12763.1 12763.1 12763.1
-1 -1 1 -1 -1 0.971783 0 0 0 0 0 0.173316 -0 0 0 -0 0 0 0 0 0 0 0 0 0 0 0 0 0 1 12767.1 12767.1 12767.1 12767.1
-1 -1 1 -1 -1 0.972649 0 0 0 0 0 0.170496 -0 0 0 -0 0 0 0 0 0 0 0 0 0 0 0 0 0 1 12771.1 12771.1 12771.1 12771.1
-1 -1 1 -1 -1 0.973501 0 0 0 0 0 0.167707 -0 0 0 -0 0 0 0 0 0 0 0 0 0 0 0 0 0 1 12775.1 12775.1 12775.1 12775.1
-1 -1 1 -1 -1 0.974341 0 0 0 0 0 0.164939 -0 0 0 -0 0 0 0 0 0 0 0 0 0 0 0 0 0 1 12779.1 12779.1 12779.1 12779.1
-1 -1 1 -1 -1 0.975164 0 0 0 0 0 0.162214 -0 0 0 -0 0 0 0 0 0 0 0 0 0 0 0 0 0 1 12783.1 12783.1 12783.1 12783.1
-1 -1 1 -1 -1 0.975977 0 0 0 0 0 0.159502 -0 0 0 -0 0 0 0 0 0 0 0 0 0 0 0 0 0 1 12787 12787 12787 12787
-1 -1 1 -1 -1 0.976775 0 0 0 0 0 0.156824 -0 0 0 -0 0 0 0 0 0 0 0 0 0 0 0 0 0 1 12791 12791 12791 12791
-1 -1 1 -1 -1 0.977558 0 0 0 0 0 0.15418 -0 0 0 -0 0 0 0 0 0 0 0 0 0 0 0 0 0 1 12794.9 12794.9 12794.9 12794.9
-1 -1 1 -1 -1 0.978327 0 0 0 0 0 0.151568 -0 0 0 -0 0 0 0 0 0 0 0 0 0 0 0 0 0 1 12798.8 12798.8 12798.8 12798.8
-1 -1 1 -1 -1 0.979085 0 0 0 0 0 0.148979 -0 0 0 -0 0 0 0 0 0 0 0 0 0 0 0 0 0 1 12802.7 12802.7 12802.7 12802.7
-1 -1 1 -1 -1 0.97983 0 0 0 0 0 0.146416 -0 0 0 -0 0 0 0 0 0 0 0 0 0 0 0 0 0 1 12806.6 12806.6 12806.6 12806.6
-1 -1 1 -1 -1 0.980563 0 0 0 0 0 0.143877 -0 0 0 -0 0 0 0 0 0 0 0 0 0 0 0 0 0 1 12810.4 12810.4 12810.4 12810.4
-1 -1 1 -1 -1 0.981284 0 0 0 0 0 0.141367 -0 0 0 -0 0 0 0 0 0 0 0 0 0 0 0 0 0 1 12814.3 12814.3 12814.3 12814.3
-1 -1 1 -1 -1 0.981991 0 0 0 0 0 0.138888 -0 0 0 -0 0 0 0 0 0 0 0 0 0 0 0 0 0 1 12818.1 12818.1 12818.1 12818.1
-1 -1 1 -1 -1 0.982684 0 0 0 0 0 0.136444 -0 0 0 -0 0 0 0 0 0 0 0 0 0 0 0 0 0 1 12821.9 12821.9 12821.9 12821.9
-1 -1 1 -1 -1 0.983368 0 0 0 0 0 0.134013 -0 0 0 -0 0 0 0 0 0 0 0 0 0 0 0 0 0 1 12825.7 12825.7 12825.7 12825.7
-1 -1 1 -1 -1 0.984037 0 0 0 0 0 0.131621 -0 0 0 -0 0 0 0 0 0 0 0 0 0 0 0 0 0 1 12829.4 12829.4 12829.4 12829.4
-1 -1 1 -1 -1 0.984694 0 0 0 0 0 0.12926 -0 0 0 -0 0 0 0 0 0 0 0 0 0 0 0 0 0 1 12833.2 12833.2 12833.2 12833.2
-1 -1 1 -1 -1 0.985339 0 0 0 0 0 0.126924 -0 0 0 -0 0 0 0 0 0 0 0 0 0 0 0 0 0 1 12836.9 12836.9 12836.9 12836.9
-1 -1 1 -1 -1 0.985973 0 0 0 0 0 0.124614 -0 0 0 -0 0 0 0 0 0 0 0 0 0 0 0 0 0 1 12840.6 12840.6 12840.6 12840.6
-1 -1 1 -1 -1 0.986598 0 0 0 0 0 0.12232 -0 0 0 -0 0 0 0 0 0 0 0 0 0 0 0 0 0 1 12844.3 12844.3 12844.3 12844.3
-1 -1 1 -1 -1 0.987209 0 0 0 0 0 0.120061 -0 0 0 -0 0 0 0 0 0 0 0 0 0 0 0 0 0 1 12848 12848 12848 12848
-1 -1 1 -1 -1 0.987808 0 0 0 0 0 0.117832 -0 0 0 -0 0 0 0 0 0 0 0 0 0 0 0 0 0 1 12851.6 12851.6 12851.6 12851.6
-1 -1 1 -1 -1 0.988398 0 0 0 0 0 0.115625 -0 0 0 -0 0 0 0 0 0 0 0 0 0 0 0 0 0 1 12855.2 12855.2 12855.2 12855.2
-1 -1 1 -1 -1 0.988978 0 0 0 0 0 0.113439 -0 0 0 -0 0 0 0 0 0 0 0 0 0 0 0 0 0 1 12858.8 12858.8 12858.8 12858.8
-1 -1 1 -1 -1 0.989543 0 0 0 0 0 0.11129 -0 0 0 -0 0 0 0 0 0 0 0 0 0 0 0 0 0 1 12862.4 12862.4 12862.4 12862.4
-1 -1 1 -1 -1 0.9901 0 0 0 0 0 0.109162 -0 0 0 -0 0 0 0 0 0 0 0 0 0 0 0 0 0 1 12865.9 12865.9 12865.9 12865.9
-1 -1 1 -1 -1 0.990648 0 0 0 0 0 0.107052 -0 0 0 -0 0 0 0 0 0 0 0 0 0 0 0 0 0 1 12869.5 12869.5 12869.5 12869.5
-1 -1 1 -1 -1 0.991181 0 0 0 0 0 0.104984 -0 0 0 -0 0 0 0 0 0 0 0 0 0 0 0 0 0 1 12873 12873 12873 12873
-1 -1 1 -1 -1 0.991705 0 0 0 0 0 0.102937 -0 0 0 -0 0 0 0 0 0 0 0 0 0 0 0 0 0 1 12876.5 12876.5 12876.5 12876.5
-1 -1 1 -1 -1 0.99222 0 0 0 0 0 0.100914 -0 0 0 -0 0 0 0 0 0 0 0 0 0 0 0 0 0 1 12879.9 12879.9 12879.9 12879.9
-1 -1 1 -1 -1 0.992724 0 0 0 0 0 0.0989146 -0 0 0 -0 0 0 0 0 0 0 0 0 0 0 0 0 0 1 12883.4 12883.4 12883.4 12883.4
-1 -1 1 -1 -1 0.99322 0 0 0 0 0 0.0969372 -0 0 0 -0 0 0 0 0 0 0 0 0 0 0 0 0 0 1 12886.8 12886.8 12886.8 12886.8
-1 -1 1 -1 -1 0.993705 0 0 0 0 0 0.0949854 -0 0 0 -0 0 0 0 0 0 0 0 0 0 0 0 0 0 1 12890.2 12890.2 12890.2 12890.2
-1 -1 1 -1 -1 0.994179 0 0 0 0 0 0.0930642 -0 0 0 -0 0 0 0 0 0 0 0 0 0 0 0 0 0 1 12893.5 12893.5 12893.5 12893.5
-1 -1 1 -1 -1 0.994644 0 0 0 0 0 0.0911643 -0 0 0 -0 0 0 0 0 0 0 0 0 0 0 0 0 0 1 12896.9 12896.9 12896.9 12896.9
-1 -1 1 -1 -1 0.9951 0 0 0 0 0 0.0892901 -0 0 0 -0 0 0 0 0 0 0 0 0 0 0 0 0 0 1 12900.2 12900.2 12900.2 12900.2
-1 -1 1 -1 -1 0.995547 0 0 0 0 0 0.0874356 -0 0 0 -0 0 0 0 0 0 0 0 0 0 0 0 0 0 1 12903.5 12903.5 12903.5 12903.5
-1 -1 1 -1 -1 0.995983 0 0 0 0 0 0.0856139 -0 0 0 -0 0 0 0 0 0 0 0 0 0 0 0 0 0 1 12906.8 12906.8 12906.8 12906.8
-1 -1 1 -1 -1 0.996411 0 0 0 0 0 0.0838109 -0 0 0 -0 0 0 0 0 0 0 0 0 0 0 0 0 0 1 12910 12910 12910 12910
-1 -1 1 -1 -1 0.996831 0 0 0 0 0 0.0820281 -0 0 0 -0 0 0 0 0 0 0 0 0 0 0 0 0 0 1 12913.3 12913.3 12913.3 12913.3
-1 -1 1 -1 -1 0.997243 0 0 0 0 0 0.080264 -0 0 0 -0 0 0 0 0 0 0 0 0 0 0 0 0 0 1 12916.5 12916.5 12916.5 12916.5
-1 -1 1 -1 -1 0.997643 0 0 0 0 0 0.0785377 -0 0 0 -0 0 0 0 0 0 0 0 0 0 0 0 0 0 1 12919.6 12919.6 12919.6 12919.6
-1 -1 1 -1 -1 0.998035 0 0 0 0 0 0.0768327 -0 0 0 -0 0 0 0 0 0 0 0 0 0 0 0 0 0 1 12922.8 12922.8 12922.8 12922.8
-1 -1 1 -1 -1 0.998419 0 0 0 0 0 0.075145 -0 0 0 -0 0 0 0 0 0 0 0 0 0 0 0 0 0 1 12925.9 12925.9 12925.9 12925.9
-1 -1 1 -1 -1 0.998795 0 0 0 0 0 0.0734814 -0 0 0 -0 0 0 0 0 0 0 0 0 0 0 0 0 0 1 12929 12929 12929 12929
-1 -1 1 -1 -1 0.999163 0 0 0 0 0 0.0718415 -0 0 0 -0 0 0 0 0 0 0 0 0 0 0 0 0 0 1 12932.1 12932.1 12932.1 12932.1
-1 -1 1 -1 -1 0.999522 0 0 0 0 0 0.0702229 -0 0 0 -0 0 0 0 0 0 0 0 0 0 0 0 0 0 1 12935.1 12935.1 12935.1 12935.1
-1 -1 1 -1 -1 0.999875 0 0 0 0 0 0.0686199 -0 0 0 -0 0 0 0 0 0 0 0 0 0 0 0 0 0 1 12938.2 12938.2 12938.2 12938.2
-1 -1 1 -1 -1 1.00022 0 0 0 0 0 0.0670498 -0 0 0 -0 0 0 0 0 0 0 0 0 0 0 0 0 0 1 12941.1 12941.1 12941.1 12941.1
-1 -1 1 -1 -1 1.00055 0 0 0 0 0 0.065506 -0 0 0 -0 0 0 0 0 0 0 0 0 0 0 0 0 0 1 12944.1 12944.1 12944.1 12944.1
-1 -1 1 -1 -1 1.00088 0 0 0 0 0 0.0639713 -0 0 0 -0 0 0 0 0 0 0 0 0 0 0 0 0 0 1 12947.1 12947.1 12947.1 12947.1
-1 -1 1 -1 -1 1.0012 0 0 0 0 0 0.0624664 -0 0 0 -0 0 0 0 0 0 0 0 0 0 0 0 0 0 1 12950 12950 12950 12950
-1 -1 1 -1 -1 1.00151 0 0 0 0 0 0.0609815 -0 0 0 -0 0 0 0 0 0 0 0 0 0 0 0 0 0 1 12952.9 12952.9 12952.9 12952.9
-1 -1 1 -1 -1 1.00182 0 0 0 0 0 0.0595148 -0 0 0 -0 0 0 0 0 0 0 0 0 0 0 0 0 0 1 12955.7 12955.7 12955.7 12955.7
-1 -1 1 -1 -1 1.00211 0 0 0 0 0 0.0580692 -0 0 0 -0 0 0 0 0 0 0 0 0 0 0 0 0 0 1 12958.6 12958.6 12958.6 12958.6
-1 -1 1 -1 -1 1.0024 0 0 0 0 0 0.0566516 -0 0 0 -0 0 0 0 0 0 0 0 0 0 0 0 0 0 1 12961.4 12961.4 12961.4 12961.4
-1 -1 1 -1 -1 1.00269 0 0 0 0 0 0.0552475 -0 0 0 -0 0 0 0 0 0 0 0 0 0 0 0 0 0 1 12964.2 12964.2 12964.2 12964.2
-1 -1 1 -1 -1 1.00296 0 0 0 0 0 0.053868 -0 0 0 -0 0 0 0 0 0 0 0 0 0 0 0 0 0 1 12967 12967 12967 12967
-1 -1 1 -1 -1 1.00323 0 0 0 0 0 0.0525061 -0 0 0 -0 0 0 0 0 0 0 0 0 0 0 0 0 0 1 12969.7 12969.7 12969.7 12969.7
-1 -1 1 -1 -1 1.0035 0 0 0 0 0 0.0511585 -0 0 0 -0 0 0 0 0 0 0 0 0 0 0 0 0 0 1 12972.4 12972.4 12972.4 12972.4
-1 -1 1 -1 -1 1.00375 0 0 0 0 0 0.0498364 -0 0 0 -0 0 0 0 0 0 0 0 0 0 0 0 0 0 1 12975.1 12975.1 12975.1 12975.1
-1 -1 1 -1 -1 1.004 0 0 0 0 0 0.0485384 -0 0 0 -0 0 0 0 0 0 0 0 0 0 0 0 0 0 1 12977.8 12977.8 12977.8 12977.8
-1 -1 1 -1 -1 1.00424 0 0 0 0 0 0.0472569 -0 0 0 -0 0 0 0 0 0 0 0 0 0 0 0 0 0 1 12980.4 12980.4 12980.4 12980.4
-1 -1 1 -1 -1 1.00448 0 0 0 0 0 0.0459942 -0 0 0 -0 0 0 0 0 0 0 0 0 0 0 0 0 0 1 12983.1 12983.1 12983.1 12983.1
-1 -1 1 -1 -1 1.00471 0 0 0 0 0 0.0447452 -0 0 0 -0 0 0 0 0 0 0 0 0 0 0 0 0 0 1 12985.7 12985.7 12985.7 12985.7
-1 -1 1 -1 -1 1.00493 0 0 0 0 0 0.0435246 -0 0 0 -0 0 0 0 0 0 0 0 0 0 0 0 0 0 1 12988.2 12988.2 12988.2 12988.2
-1 -1 1 -1 -1 1.00515 0 0 0 0 0 0.0423206 -0 0 0 -0 0 0 0 0 0 0 0 0 0 0 0 0 0 1 12990.8 12990.8 12990.8 12990.8
-1 -1 1 -1 -1 1.00536 0 0 0 0 0 0.0411328 -0 0 0 -0 0 0 0 0 0 0 0 0 0 0 0 0 0 1 12993.3 12993.3 12993.3 12993.3
-1 -1 1 -1 -1 1.00557 0 0 0 0 0 0.0399684 -0 0 0 -0 0 0 0 0 0 0 0 0 0 0 0 0 0 1 12995.8 12995.8 12995.8 12995.8
-1 -1 1 -1 -1 1.00577 0 0 0 0 0 0.0388211 -0 0 0 -0 0 0 0 0 0 0 0 0 0 0 0 0 0 1 12998.2 12998.2 12998.2 12998.2
-1 -1 1 -1 -1 1.00596 0 0 0 0 0 0.037691 -0 0 0 -0 0 0 0 0 0 0 0 0 0 0 0 0 0 1 13000.7 13000.7 13000.7 13000.7
-1 -1 1 -1 -1 1.00615 0 0 0 0 0 0.0365757 -0 0 0 -0 0 0 0 0 0 0 0 0 0 0 0 0 0 1 13003.1 13003.1 13003.1 13003.1
-1 -1 1 -1 -1 1.00633 0 0 0 0 0 0.0354811 -0 0 0 -0 0 0 0 0 0 0 0 0 0 0 0 0 0 1 13005.5 13005.5 13005.5 13005.5
-1 -1 1 -1 -1 1.00651 0 0 0 0 0 0.0344042 -0 0 0 -0 0 0 0 0 0 0 0 0 0 0 0 0 0 1 13007.8 13007.8 13007.8 13007.8
-1 -1 1 -1 -1 1.00668 0 0 0 0 0 0.0333421 -0 0 0 -0 0 0 0 0 0 0 0 0 0 0 0 0 0 1 13010.2 13010.2 13010.2 13010.2
-1 -1 1 -1 -1 1.00685 0 0 0 0 0 0.0323008 -0 0 0 -0 0 0 0 0 0 0 0 0 0 0 0 0 0 1 13012.5 13012.5 13012.5 13012.5
-1 -1 1 -1 -1 1.00701 0 0 0 0 0 0.0312752 -0 0 0 -0 0 0 0 0 0 0 0 0 0 0 0 0 0 1 13014.8 13014.8 13014.8 13014.8
-1 -1 1 -1 -1 1.00717 0 0 0 0 0 0.030266 -0 0 0 -0 0 0 0 0 0 0 0 0 0 0 0 0 0 1 13017 13017 13017 13017
-1 -1 1 -1 -1 1.00732 0 0 0 0 0 0.0292739 -0 0 0 -0 0 0 0 0 0 0 0 0 0 0 0 0 0 1 13019.3 13019.3 13019.3 13019.3
-1 -1 1 -1 -1 1.00746 0 0 0 0 0 0.0282967 -0 0 0 -0 0 0 0 0 0 0 0 0 0 0 0 0 0 1 13021.5 13021.5 13021.5 13021.5
-1 -1 1 -1 -1 1.00761 0 0 0 0 0 0.0273328 -0 0 0 -0 0 0 0 0 0 0 0 0 0 0 0 0 0 1 13023.7 13023.7 13023.7 13023.7
-1 -1 1 -1 -1 1.00774 0 0 0 0 0 0.0263927 -0 0 0 -0 0 0 0 0 0 0 0 0 0 0 0 0 0 1 13025.9 13025.9 13025.9 13025.9
-1 -1 1 -1 -1 1.00788 0 0 0 0 0 0.025466 -0 0 0 -0 0 0 0 0 0 0 0 0 0 0 0 0 0 1 13028 13028 13028 13028
-1 -1 1 -1 -1 1.008 0 0 0 0 0 0.0245554 -0 0 0 -0 0 0 0 0 0 0 0 0 0 0 0 0 0 1 13030.2 13030.2 13030.2 13030.2
-1 -1 1 -1 -1 1.00813 0 0 0 0 0 0.0236595 -0 0 0 -0 0 0 0 0 0 0 0 0 0 0 0 0 0 1 13032.3 13032.3 13032.3 13032.3
-1 -1 1 -1 -1 1.00824 0 0 0 0 0 0.0227792 -0 0 0 -0 0 0 0 0 0 0 0 0 0 0 0 0 0 1 13034.3 13034.3 13034.3 13034.3
-1 -1 1 -1 -1 1.00836 0 0 0 0 0 0.021913 -0 0 0 -0 0 0 0 0 0 0 0 0 0 0 0 0 0 1 13036.4 13036.4 13036.4 13036.4
-1 -1 1 -1 -1 1.00847 0 0 0 0 0 0.0210652 -0 0 0 -0 0 0 0 0 0 0 0 0 0 0 0 0 0 1 13038.4 13038.4 13038.4 13038.4
-1 -1 1 -1 -1 1.00857 0 0 0 0 0 0.0202248 -0 0 0 -0 0 0 0 0 0 0 0 0 0 0 0 0 0 1 13040.4 13040.4 13040.4 13040.4
-1 -1 1 -1 -1 1.00867 0 0 0 0 0 0.0194131 -0 0 0 -0 0 0 0 0 0 0 0 0 0 0 0 0 0 1 13042.4 13042.4 13042.4 13042.4
-1 -1 1 -1 -1 1.00877 0 0 0 0 0 0.0186088 -0 0 0 -0 0 0 0 0 0 0 0 0 0 0 0 0 0 1 13044.4 13044.4 13044.4 13044.4
-1 -1 1 -1 -1 1.00886 0 0 0 0 0 0.0178172 -0 0 0 -0 0 0 0 0 0 0 0 0 0 0 0 0 0 1 13046.3 13046.3 13046.3 13046.3
-1 -1 1 -1 -1 1.00895 0 0 0 0 0 0.0170382 -0 0 0 -0 0 0 0 0 0 0 0 0 0 0 0 0 0 1 13048.2 13048.2 13048.2 13048.2
-1 -1 1 -1 -1 1.00904 0 0 0 0 0 0.0162757 -0 0 0 -0 0 0 0 0 0 0 0 0 0 0 0 0 0 1 13050.1 13050.1 13050.1 13050.1
-1 -1 1 -1 -1 1.00912 0 0 0 0 0 0.0155304 -0 0 0 -0 0 0 0 0 0 0 0 0 0 0 0 0 0 1 13052 13052 13052 13052
-1 -1 1 -1 -1 1.0092 0 0 0 0 0 0.0147945 -0 0 0 -0 0 0 0 0 0 0 0 0 0 0 0 0 0 1 13053.8 13053.8 13053.8 13053.8
-1 -1 1 -1 -1 1.00927 0 0 0 0 0 0.0140739 -0 0 0 -0 0 0 0 0 0 0 0 0 0 0 0 0 0 1 13055.7 13055.7 13055.7 13055.7
-1 -1 1 -1 -1 1.00934 0 0 0 0 0 0.0133696 -0 0 0 -0 0 0 0 0 0 0 0 0 0 0 0 0 0 1 13057.4 13057.4 13057.4 13057.4
-1 -1 1 -1 -1 1.00941 0 0 0 0 0 0.0126748 -0 0 0 -0 0 0 0 0 0 0 0 0 0 0 0 0 0 1 13059.2 13059.2 13059.2 13059.2
-1 -1 1 -1 -1 1.00947 0 0 0 0 0 0.0119936 -0 0 0 -0 0 0 0 0 0 0 0 0 0 0 0 0 0 1 13061 13061 13061 13061
-1 -1 1 -1 -1 1.00953 0 0 0 0 0 0.011324 -0 0 0 -0 0 0 0 0 0 0 0 0 0 0 0 0 0 1 13062.7 13062.7 13062.7 13062.7
-1 -1 1 -1 -1 1.00959 0 0 0 0 0 0.0106722 -0 0 0 -0 0 0 0 0 0 0 0 0 0 0 0 0 0 1 13064.4 13064.4 13064.4 13064.4
-1 -1 1 -1 -1 1.00964 0 0 0 0 0 0.0100331 -0 0 0 -0 0 0 0 0 0 0 0 0 0 0 0 0 0 1 13066.1 13066.1 13066.1 13066.1
-1 -1 1 -1 -1 1.00969 0 0 0 0 0 0.00940137 -0 0 0 -0 0 0 0 0 0 0 0 0 0 0 0 0 0 1 13067.8 13067.8 13067.8 13067.8
-1 -1 1 -1 -1 1.00974 0 0 0 0 0 0.00878552 -0 0 0 -0 0 0 0 0 0 0 0 0 0 0 0 0 0 1 13069.5 13069.5 13069.5 13069.5
-1 -1 1 -1 -1 1.00978 0 0 0 0 0 0.0081853 -0 0 0 -0 0 0 0 0 0 0 0 0 0 0 0 0 0 1 13071.1 13071.1 13071.1 13071.1
-1 -1 1 -1 -1 1.00982 0 0 0 0 0 0.00758727 -0 0 0 -0 0 0 0 0 0 0 0 0 0 0 0 0 0 1 13072.7 13072.7 13072.7 13072.7
-1 -1 1 -1 -1 1.00986 0 0 0 0 0 0.00700651 -0 0 0 -0 0 0 0 0 0 0 0 0 0 0 0 0 0 1 13074.3 13074.3 13074.3 13074.3
-1 -1 1 -1 -1 1.0099 0 0 0 0 0 0.00644015 -0 0 0 -0 0 0 0 0 0 0 0 0 0 0 0 0 0 1 13075.9 13075.9 13075.9 13075.9
-1 -1 1 -1 -1 1.00993 0 0 0 0 0 0.0058818 -0 0 0 -0 0 0 0 0 0 0 0 0 0 0 0 0 0 1 13077.4 13077.4 13077.4 13077.4
-1 -1 1 -1 -1 1.00996 0 0 0 0 0 0.00533692 -0 0 0 -0 0 0 0 0 0 0 0 0 0 0 0 0 0 1 13078.9 13078.9 13078.9 13078.9
-1 -1 1 -1 -1 1.00998 0 0 0 0 0 0.00480033 -0 0 0 -0 0 0 0 0 0 0 0 0 0 0 0 0 0 1 13080.4 13080.4 13080.4 13080.4
-1 -1 1 -1 -1 1.01001 0 0 0 0 0 0.0042789 -0 0 0 -0 0 0 0 0 0 0 0 0 0 0 0 0 0 1 13081.9 13081.9 13081.9 13081.9
-1 -1 1 -1 -1 1.01003 0 0 0 0 0 0.00376538 -0 0 0 -0 0 0 0 0 0 0 0 0 0 0 0 0 0 1 13083.4 13083.4 13083.4 13083.4
-1 -1 1 -1 -1 1.01005 0 0 0 0 0 0.00326423 -0 0 0 -0 0 0 0 0 0 0 0 0 0 0 0 0 0 1 13084.8 13084.8 13084.8 13084.8
-1 -1 1 -1 -1 1.01007 0 0 0 0 0 0.00277333 -0 0 0 -0 0 0 0 0 0 0 0 0 0 0 0 0 0 1 13086.3 13086.3 13086.3 13086.3
-1 -1 1 -1 -1 1.01008 0 0 0 0 0 0.00229447 -0 0 0 -0 0 0 0 0 0 0 0 0 0 0 0 0 0 1 13087.7 13087.7 13087.7 13087.7
-1 -1 1 -1 -1 1.01009 0 0 0 0 0 0.00182732 -0 0 0 -0 0 0 0 0 0 0 0 0 0 0 0 0 0 1 13089.1 13089.1 13089.1 13089.1
-1 -1 1 -1 -1 1.0101 0 0 0 0 0 0.0013683 -0 0 0 -0 0 0 0 0 0 0 0 0 0 0 0 0 0 1 13090.4 13090.4 13090.4 13090.4
-1 -1 1 -1 -1 1.01011 0 0 0 0 0 0.00091716 -0 0 0 -0 0 0 0 0 0 0 0 0 0 0 0 0 0 1 13091.8 13091.8 13091.8 13091.8
-1 -1 1 -1 -1 1.01011 0 0 0 0 0 0.000479394 -0 0 0 -0 0 0 0 0 0 0 0 0 0 0 0 0 0 1 13093.1 13093.1 13093.1 13093.1
-1 -1 1 -1 -1 1.01011 0 0 0 0 0 5.00876e-05 -0 0 0 -0 0 0 0 0 0 0 0 0 0 0 0 0 0 1 13094.4 13094.4 13094.4 13094.4
-1 -1 1 -1 -1 1.01011 0 0 0 0 0 -0.000367609 -0 0 0 -0 0 0 0 0 0 0 0 0 0 0 0 0 0 1 13095.7 13095.7 13095.7 13095.7
-1 -1 1 -1 -1 1.01011 0 0 0 0 0 -0.000777974 -0 0 0 -0 0 0 0 0 0 0 0 0 0 0 0 0 0 1 13097 13097 13097 13097
-1 -1 1 -1 -1 1.01011 0 0 0 0 0 -0.0011777 -0 0 0 -0 0 0 0 0 0 0 0 0 0 0 0 0 0 1 13098.3 13098.3 13098.3 13098.3
-1 -1 1 -1 -1 1.0101 0 0 0 0 0 -0.00157002 -0 0 0 -0 0 0 0 0 0 0 0 0 0 0 0 0 0 1 13099.5 13099.5 13099.5 13099.5
-1 -1 1 -1 -1 1.01009 0 0 0 0 0 -0.00195062 -0 0 0 -0 0 0 0 0 0 0 0 0 0 0 0 0 0 1 13100.7 13100.7 13100.7 13100.7
-1 -1 1 -1 -1 1.01008 0 0 0 0 0 -0.00232221 -0 0 0 -0 0 0 0 0 0 0 0 0 0 0 0 0 0 1 13102 13102 13102 13102
-1 -1 1 -1 -1 1.01007 0 0 0 0 0 -0.00269069 -0 0 0 -0 0 0 0 0 0 0 0 0 0 0 0 0 0 1 13103.2 13103.2 13103.2 13103.2
-1 -1 1 -1 -1 1.01006 0 0 0 0 0 -0.00303974 -0 0 0 -0 0 0 0 0 0 0 0 0 0 0 0 0 0 1 13104.3 13104.3 13104.3 13104.3
-1 -1 1 -1 -1 1.01004 0 0 0 0 0 -0.00338553 -0 0 0 -0 0 0 0 0 0 0 0 0 0 0 0 0 0 1 13105.5 13105.5 13105.5 13105.5
-1 -1 1 -1 -1 1.01003 0 0 0 0 0 -0.00372316 -0 0 0 -0 0 0 0 0 0 0 0 0 0 0 0 0 0 1 13106.6 13106.6 13106.6 13106.6
-1 -1 1 -1 -1 1.01001 0 0 0 0 0 -0.00405189 -0 0 0 -0 0 0 0 0 0 0 0 0 0 0 0 0 0 1 13107.7 13107.7 13107.7 13107.7
-1 -1 1 -1 -1 1.00999 0 0 0 0 0 -0.00437263 -0 0 0 -0 0 0 0 0 0 0 0 0 0 0 0 0 0 1 13108.8 13108.8 13108.8 13108.8
-1 -1 1 -1 -1 1.00997 0 0 0 0 0 -0.00468434 -0 0 0 -0 0 0 0 0 0 0 0 0 0 0 0 0 0 1 13109.9 13109.9 13109.9 13109.9
-1 -1 1 -1 -1 1.00994 0 0 0 0 0 -0.004988 -0 0 0 -0 0 0 0 0 0 0 0 0 0 0 0 0 0 1 13111 13111 13111 13111
-1 -1 1 -1 -1 1.00992 0 0 0 0 0 -0.00528635 -0 0 0 -0 0 0 0 0 0 0 0 0 0 0 0 0 0 1 13112 13112 13112 13112
-1 -1 1 -1 -1 1.00989 0 0 0 0 0 -0.00557249 -0 0 0 -0 0 0 0 0 0 0 0 0 0 0 0 0 0 1 13113.1 13113.1 13113.1 13113.1
-1 -1 1 -1 -1 1.00986 0 0 0 0 0 -0.00585323 -0 0 0 -0 0 0 0 0 0 0 0 0 0 0 0 0 0 1 13114.1 13114.1 13114.1 13114.1
-1 -1 1 -1 -1 1.00983 0 0 0 0 0 -0.00612779 -0 0 0 -0 0 0 0 0 0 0 0 0 0 0 0 0 0 1 13115.1 13115.1 13115.1 13115.1
-1 -1 1 -1 -1 1.0098 0 0 0 0 0 -0.00639222 -0 0 0 -0 0 0 0 0 0 0 0 0 0 0 0 0 0 1 13116.1 13116.1 13116.1 13116.1
-1 -1 1 -1 -1 1.00977 0 0 0 0 0 -0.00664897 -0 0 0 -0 0 0 0 0 0 0 0 0 0 0 0 0 0 1 13117.1 13117.1 13117.1 13117.1
-1 -1 1 -1 -1 1.00974 0 0 0 0 0 -0.00690097 -0 0 0 -0 0 0 0 0 0 0 0 0 0 0 0 0 0 1 13118 13118 13118 13118
-1 -1 1 -1 -1 1.0097 0 0 0 0 0 -0.00714519 -0 0 0 -0 0 0 0 0 0 0 0 0 0 0 0 0 0 1 13119 13119 13119 13119
-1 -1 1 -1 -1 1.00967 0 0 0 0 0 -0.00738295 -0 0 0 -0 0 0 0 0 0 0 0 0 0 0 0 0 0 1 13119.9 13119.9 13119.9 13119.9
-1 -1 1 -1 -1 1.00963 0 0 0 0 0 -0.00761228 -0 0 0 -0 0 0 0 0 0 0 0 0 0 0 0 0 0 1 13120.8 13120.8 13120.8 13120.8
-1 -1 1 -1 -1 1.00959 0 0 0 0 0 -0.00783483 -0 0 0 -0 0 0 0 0 0 0 0 0 0 0 0 0 0 1 13121.7 13121.7 13121.7 13121.7
-1 -1 1 -1 -1 1.00955 0 0 0 0 0 -0.00805183 -0 0 0 -0 0 0 0 0 0 0 0 0 0 0 0 0 0 1 13122.6 13122.6 13122.6 13122.6
-1 -1 1 -1 -1 1.00951 0 0 0 0 0 -0.00826125 -0 0 0 -0 0 0 0 0 0 0 0 0 0 0 0 0 0 1 13123.5 13123.5 13123.5 13123.5
-1 -1 1 -1 -1 1.00947 0 0 0 0 0 -0.00846524 -0 0 0 -0 0 0 0 0 0 0 0 0 0 0 0 0 0 1 13124.3 13124.3 13124.3 13124.3
-1 -1 1 -1 -1 1.00943 0 0 0 0 0 -0.00866045 -0 0 0 -0 0 0 0 0 0 0 0 0 0 0 0 0 0 1 13125.2 13125.2 13125.2 13125.2
-1 -1 1 -1 -1 1.00939 0 0 0 0 0 -0.00885188 -0 0 0 -0 0 0 0 0 0 0 0 0 0 0 0 0 0 1 13126 13126 13126 13126
-1 -1 1 -1 -1 1.00934 0 0 0 0 0 -0.00903611 -0 0 0 -0 0 0 0 0 0 0 0 0 0 0 0 0 0 1 13126.8 13126.8 13126.8 13126.8
-1 -1 1 -1 -1 1.0093 0 0 0 0 0 -0.00921383 -0 0 0 -0 0 0 0 0 0 0 0 0 0 0 0 0 0 1 13127.6 13127.6 13127.6 13127.6
-1 -1 1 -1 -1 1.00925 0 0 0 0 0 -0.00938652 -0 0 0 -0 0 0 0 0 0 0 0 0 0 0 0 0 0 1 13128.4 13128.4 13128.4 13128.4
-1 -1 1 -1 -1 1.0092 0 0 0 0 0 -0.00955341 -0 0 0 -0 0 0 0 0 0 0 0 0 0 0 0 0 0 1 13129.2 13129.2 13129.2 13129.2
-1 -1 1 -1 -1 1.00916 0 0 0 0 0 -0.00971336 -0 0 0 -0 0 0 0 0 0 0 0 0 0 0 0 0 0 1 13130 13130 13130 13130
-1 -1 1 -1 -1 1.00911 0 0 0 0 0 -0.00986869 -0 0 0 -0 0 0 0 0 0 0 0 0 0 0 0 0 0 1 13130.7 13130.7 13130.7 13130.7
-1 -1 1 -1 -1 1.00906 0 0 0 0 0 -0.0100179 -0 0 0 -0 0 0 0 0 0 0 0 0 0 0 0 0 0 1 13131.4 13131.4 13131.4 13131.4
-1 -1 1 -1 -1 1.00901 0 0 0 0 0 -0.0101621 -0 0 0 -0 0 0 0 0 0 0 0 0 0 0 0 0 0 1 13132.2 13132.2 13132.2 13132.2
-1 -1 1 -1 -1 1.00896 0 0 0 0 0 -0.0103008 -0 0 0 -0 0 0 0 0 0 0 0 0 0 0 0 0 0 1 13132.9 13132.9 13132.9 13132.9
-1 -1 1 -1 -1 1.00891 0 0 0 0 0 -0.0104341 -0 0 0 -0 0 0 0 0 0 0 0 0 0 0 0 0 0 1 13133.6 13133.6 13133.6 13133.6
-1 -1 1 -1 -1 1.00885 0 0 0 0 0 -0.0105621 -0 0 0 -0 0 0 0 0 0 0 0 0 0 0 0 0 0 1 13134.3 13134.3 13134.3 13134.3
-1 -1 1 -1 -1 1.0088 0 0 0 0 0 -0.010685 -0 0 0 -0 0 0 0 0 0 0 0 0 0 0 0 0 0 1 13134.9 13134.9 13134.9 13134.9
-1 -1 1 -1 -1 1.00875 0 0 0 0 0 -0.0108032 -0 0 0 -0 0 0 0 0 0 0 0 0 0 0 0 0 0 1 13135.6 13135.6 13135.6 13135.6
-1 -1 1 -1 -1 1.00869 0 0 0 0 0 -0.0109164 -0 0 0 -0 0 0 0 0 0 0 0 0 0 0 0 0 0 1 13136.2 13136.2 13136.2 13136.2
-1 -1 1 -1 -1 1.00864 0 0 0 0 0 -0.0110248 -0 0 0 -0 0 0 0 0 0 0 0 0 0 0 0 0 0 1 13136.9 13136.9 13136.9 13136.9
-1 -1 1 -1 -1 1.00858 0 0 0 0 0 -0.0111281 -0 0 0 -0 0 0 0 0 0 0 0 0 0 0 0 0 0 1 13137.5 13137.5 13137.5 13137.5
-1 -1 1 -1 -1 1.00853 0 0 0 0 0 -0.0112267 -0 0 0 -0 0 0 0 0 0 0 0 0 0 0 0 0 0 1 13138.1 13138.1 13138.1 13138.1
-1 -1 1 -1 -1 1.00847 0 0 0 0 0 -0.0113208 -0 0 0 -0 0 0 0 0 0 0 0 0 0 0 0 0 0 1 13138.7 13138.7 13138.7 13138.7
-1 -1 1 -1 -1 1.00842 0 0 0 0 0 -0.0114106 -0 0 0 -0 0 0 0 0 0 0 0 0 0 0 0 0 0 1 13139.3 13139.3 13139.3 13139.3
-1 -1 1 -1 -1 1.00836 0 0 0 0 0 -0.0114962 -0 0 0 -0 0 0 0 0 0 0 0 0 0 0 0 0 0 1 13139.9 13139.9 13139.9 13139.9
-1 -1 1 -1 -1 1.0083 0 0 0 0 0 -0.0115772 -0 0 0 -0 0 0 0 0 0 0 0 0 0 0 0 0 0 1 13140.5 13140.5 13140.5 13140.5
-1 -1 1 -1 -1 1.00824 0 0 0 0 0 -0.0116543 -0 0 0 -0 0 0 0 0 0 0 0 0 0 0 0 0 0 1 13141 13141 13141 13141
-1 -1 1 -1 -1 1.00819 0 0 0 0 0 -0.0117268 -0 0 0 -0 0 0 0 0 0 0 0 0 0 0 0 0 0 1 13141.6 13141.6 13141.6 13141.6
-1 -1 1 -1 -1 1.00813 0 0 0 0 0 -0.0117954 -0 0 0 -0 0 0 0 0 0 0 0 0 0 0 0 0 0 1 13142.1 13142.1 13142.1 13142.1
-1 -1 1 -1 -1 1.00807 0 0 0 0 0 -0.01186 -0 0 0 -0 0 0 0 0 0 0 0 0 0 0 0 0 0 1 13142.6 13142.6 13142.6 13142.6
-1 -1 1 -1 -1 1.00801 0 0 0 0 0 -0.0119204 -0 0 0 -0 0 0 0 0 0 0 0 0 0 0 0 0 0 1 13143.1 13143.1 13143.1 13143.1
-1 -1 1 -1 -1 1.00795 0 0 0 0 0 -0.0119775 -0 0 0 -0 0 0 0 0 0 0 0 0 0 0 0 0 0 1 13143.6 13143.6 13143.6 13143.6
-1 -1 1 -1 -1 1.00789 0 0 0 0 0 -0.0120307 -0 0 0 -0 0 0 0 0 0 0 0 0 0 0 0 0 0 1 13144.1 13144.1 13144.1 13144.1
-1 -1 1 -1 -1 1.00783 0 0 0 0 0 -0.0120799 -0 0 0 -0 0 0 0 0 0 0 0 0 0 0 0 0 0 1 13144.6 13144.6 13144.6 13144.6
-1 -1 1 -1 -1 1.00777 0 0 0 0 0 -0.0121257 -0 0 0 -0 0 0 0 0 0 0 0 0 0 0 0 0 0 1 13145.1 13145.1 13145.1 13145.1
-1 -1 1 -1 -1 1.00771 0 0 0 0 0 -0.0121678 -0 0 0 -0 0 0 0 0 0 0 0 0 0 0 0 0 0 1 13145.6 13145.6 13145.6 13145.6
-1 -1 1 -1 -1 1.00765 0 0 0 0 0 -0.0122064 -0 0 0 -0 0 0 0 0 0 0 0 0 0 0 0 0 0 1 13146 13146 13146 13146
-1 -1 1 -1 -1 1.00759 0 0 0 0 0 -0.0122417 -0 0 0 -0 0 0 0 0 0 0 0 0 0 0 0 0 0 1 13146.5 13146.5 13146.5 13146.5
-1 -1 1 -1 -1 1.00753 0 0 0 0 0 -0.0122769 -0 0 0 -0 0 0 0 0 0 0 0 0 0 0 0 0 0 1 13146.9 13146.9 13146.9 13146.9
-1 -1 1 -1 -1 1.00746 0 0 0 0 0 -0.0123056 -0 0 0 -0 0 0 0 0 0 0 0 0 0 0 0 0 0 1 13147.3 13147.3 13147.3 13147.3
-1 -1 1 -1 -1 1.0074 0 0 0 0 0 -0.012331 -0 0 0 -0 0 0 0 0 0 0 0 0 0 0 0 0 0 1 13147.8 13147.8 13147.8 13147.8
-1 -1 1 -1 -1 1.00734 0 0 0 0 0 -0.0123533 -0 0 0 -0 0 0 0 0 0 0 0 0 0 0 0 0 0 1 13148.2 13148.2 13148.2 13148.2
-1 -1 1 -1 -1 1.00728 0 0 0 0 0 -0.0123725 -0 0 0 -0 0 0 0 0 0 0 0 0 0 0 0 0 0 1 13148.6 13148.6 13148.6 13148.6
-1 -1 1 -1 -1 1.00722 0 0 0 0 0 -0.0123887 -0 0 0 -0 0 0 0 0 0 0 0 0 0 0 0 0 0 1 13149 13149 13149 13149
-1 -1 1 -1 -1 1.00715 0 0 0 0 0 -0.0124021 -0 0 0 -0 0 0 0 0 0 0 0 0 0 0 0 0 0 1 13149.4 13149.4 13149.4 13149.4
-1 -1 1 -1 -1 1.00709 0 0 0 0 0 -0.0124125 -0 0 0 -0 0 0 0 0 0 0 0 0 0 0 0 0 0 1 13149.7 13149.7 13149.7 13149.7
-1 -1 1 -1 -1 1.00703 0 0 0 0 0 -0.0124202 -0 0 0 -0 0 0 0 0 0 0 0 0 0 0 0 0 0 1 13150.1 13150.1 13150.1 13150.1
-1 -1 1 -1 -1 1.00697 0 0 0 0 0 -0.0124251 -0 0 0 -0 0 0 0 0 0 0 0 0 0 0 0 0 0 1 13150.5 13150.5 13150.5 13150.5
-1 -1 1 -1 -1 1.00691 0 0 0 0 0 -0.0124273 -0 0 0 -0 0 0 0 0 0 0 0 0 0 0 0 0 0 1 13150.8 13150.8 13150.8 13150.8
-1 -1 1 -1 -1 1.00684 0 0 0 0 0 -0.0124269 -0 0 0 -0 0 0 0 0 0 0 0 0 0 0 0 0 0 1 13151.1 13151.1 13151.1 13151.1
-1 -1 1 -1 -1 1.00678 0 0 0 0 0 -0.012424 -0 0 0 -0 0 0 0 0 0 0 0 0 0 0 0 0 0 1 13151.5 13151.5 13151.5 13151.5
-1 -1 1 -1 -1 1.00672 0 0 0 0 0 -0.0124185 -0 0 0 -0 0 0 0 0 0 0 0 0 0 0 0 0 0 1 13151.8 13151.8 13151.8 13151.8
-1 -1 1 -1 -1 1.00666 0 0 0 0 0 -0.0124106 -0 0 0 -0 0 0 0 0 0 0 0 0 0 0 0 0 0 1 13152.1 13152.1 13152.1 13152.1
-1 -1 1 -1 -1 1.0066 0 0 0 0 0 -0.0124003 -0 0 0 -0 0 0 0 0 0 0 0 0 0 0 0 0 0 1 13152.4 13152.4 13152.4 13152.4
-1 -1 1 -1 -1 1.00653 0 0 0 0 0 -0.0123877 -0 0 0 -0 0 0 0 0 0 0 0 0 0 0 0 0 0 1 13152.7 13152.7 13152.7 13152.7
-1 -1 1 -1 -1 1.00647 0 0 0 0 0 -0.0123728 -0 0 0 -0 0 0 0 0 0 0 0 0 0 0 0 0 0 1 13153 13153 13153 13153
-1 -1 1 -1 -1 1.00641 0 0 0 0 0 -0.0123557 -0 0 0 -0 0 0 0 0 0 0 0 0 0 0 0 0 0 1 13153.3 13153.3 13153.3 13153.3
-1 -1 1 -1 -1 1.00635 0 0 0 0 0 -0.0123365 -0 0 0 -0 0 0 0 0 0 0 0 0 0 0 0 0 0 1 13153.6 13153.6 13153.6 13153.6
-1 -1 1 -1 -1 1.00629 0 0 0 0 0 -0.012315 -0 0 0 -0 0 0 0 0 0 0 0 0 0 0 0 0 0 1 13153.9 13153.9 13153.9 13153.9
-1 -1 1 -1 -1 1.00622 0 0 0 0 0 -0.0122916 -0 0 0 -0 0 0 0 0 0 0 0 0 0 0 0 0 0 1 13154.2 13154.2 13154.2 13154.2
-1 -1 1 -1 -1 1.00616 0 0 0 0 0 -0.0122662 -0 0 0 -0 0 0 0 0 0 0 0 0 0 0 0 0 0 1 13154.4 13154.4 13154.4 13154.4
-1 -1 1 -1 -1 1.0061 0 0 0 0 0 -0.0122388 -0 0 0 -0 0 0 0 0 0 0 0 0 0 0 0 0 0 1 13154.7 13154.7 13154.7 13154.7
-1 -1 1 -1 -1 1.00604 0 0 0 0 0 -0.0122094 -0 0 0 -0 0 0 0 0 0 0 0 0 0 0 0 0 0 1 13154.9 13154.9 13154.9 13154.9
-1 -1 1 -1 -1 1.00598 0 0 0 0 0 -0.0121784 -0 0 0 -0 0 0 0 0 0 0 0 0 0 0 0 0 0 1 13155.2 13155.2 13155.2 13155.2
-1 -1 1 -1 -1 1.00592 0 0 0 0 0 -0.0121454 -0 0 0 -0 0 0 0 0 0 0 0 0 0 0 0 0 0 1 13155.4 13155.4 13155.4 13155.4
-1 -1 1 -1 -1 1.00586 0 0 0 0 0 -0.0121107 -0 0 0 -0 0 0 0 0 0 0 0 0 0 0 0 0 0 1 13155.6 13155.6 13155.6 13155.6
-1 -1 1 -1 -1 1.0058 0 0 0 0 0 -0.0120742 -0 0 0 -0 0 0 0 0 0 0 0 0 0 0 0 0 0 1 13155.9 13155.9 13155.9 13155.9
-1 -1 1 -1 -1 1.00574 0 0 0 0 0 -0.0120362 -0 0 0 -0 0 0 0 0 0 0 0 0 0 0 0 0 0 1 13156.1 13156.1 13156.1 13156.1
-1 -1 1 -1 -1 1.00568 0 0 0 0 0 -0.0119965 -0 0 0 -0 0 0 0 0 0 0 0 0 0 0 0 0 0 1 13156.3 13156.3 13156.3 13156.3
-1 -1 1 -1 -1 1.00562 0 0 0 0 0 -0.011955 -0 0 0 -0 0 0 0 0 0 0 0 0 0 0 0 0 0 1 13156.5 13156.5 13156.5 13156.5
-1 -1 1 -1 -1 1.00556 0 0 0 0 0 -0.0119123 -0 0 0 -0 0 0 0 0 0 0 0 0 0 0 0 0 0 1 13156.7 13156.7 13156.7 13156.7
-1 -1 1 -1 -1 1.0055 0 0 0 0 0 -0.0118681 -0 0 0 -0 0 0 0 0 0 0 0 0 0 0 0 0 0 1 13156.9 13156.9 13156.9 13156.9
-1 -1 1 -1 -1 1.00544 0 0 0 0 0 -0.0118224 -0 0 0 -0 0 0 0 0 0 0 0 0 0 0 0 0 0 1 13157.1 13157.1 13157.1 13157.1
-1 -1 1 -1 -1 1.00538 0 0 0 0 0 -0.0117751 -0 0 0 -0 0 0 0 0 0 0 0 0 0 0 0 0 0 1 13157.3 13157.3 13157.3 13157.3
-1 -1 1 -1 -1 1.00532 0 0 0 0 0 -0.0117265 -0 0 0 -0 0 0 0 0 0 0 0 0 0 0 0 0 0 1 13157.4 13157.4 13157.4 13157.4
-1 -1 1 -1 -1 1.00526 0 0 0 0 0 -0.0116768 -0 0 0 -0 0 0 0 0 0 0 0 0 0 0 0 0 0 1 13157.6 13157.6 13157.6 13157.6
-1 -1 1 -1 -1 1.0052 0 0 0 0 0 -0.0116259 -0 0 0 -0 0 0 0 0 0 0 0 0 0 0 0 0 0 1 13157.8 13157.8 13157.8 13157.8
-1 -1 1 -1 -1 1.00515 0 0 0 0 0 -0.0115734 -0 0 0 -0 0 0 0 0 0 0 0 0 0 0 0 0 0 1 13157.9 13157.9 13157.9 13157.9
-1 -1 1 -1 -1 1.00509 0 0 0 0 0 -0.0115198 -0 0 0 -0 0 0 0 0 0 0 0 0 0 0 0 0 0 1 13158.1 13158.1 13158.1 13158.1
-1 -1 1 -1 -1 1.00503 0 0 0 0 0 -0.0114651 -0 0 0 -0 0 0 0 0 0 0 0 0 0 0 0 0 0 1 13158.2 13158.2 13158.2 13158.2
-1 -1 1 -1 -1 1.00497 0 0 0 0 0 -0.0114095 -0 0 0 -0 0 0 0 0 0 0 0 0 0 0 0 0 0 1 13158.4 13158.4 13158.4 13158.4
-1 -1 1 -1 -1 1.00492 0 0 0 0 0 -0.0113527 -0 0 0 -0 0 0 0 0 0 0 0 0 0 0 0 0 0 1 13158.5 13158.5 13158.5 13158.5
-1 -1 1 -1 -1 1.00486 0 0 0 0 0 -0.0112947 -0 0 0 -0 0 0 0 0 0 0 0 0 0 0 0 0 0 1 13158.7 13158.7 13158.7 13158.7
-1 -1 1 -1 -1 1.0048 0 0 0 0 0 -0.0112358 -0 0 0 -0 0 0 0 0 0 0 0 0 0 0 0 0 0 1 13158.8 13158.8 13158.8 13158.8
-1 -1 1 -1 -1 1.00475 0 0 0 0 0 -0.0111757 -0 0 0 -0 0 0 0 0 0 0 0 0 0 0 0 0 0 1 13158.9 13158.9 13158.9 13158.9
-1 -1 1 -1 -1 1.00469 0 0 0 0 0 -0.0111144 -0 0 0 -0 0 0 0 0 0 0 0 0 0 0 0 0 0 1 13159 13159 13159 13159
-1 -1 1 -1 -1 1.00463 0 0 0 0 0 -0.0110531 -0 0 0 -0 0 0 0 0 0 0 0 0 0 0 0 0 0 1 13159.2 13159.2 13159.2 13159.2
-1 -1 1 -1 -1 1.00458 0 0 0 0 0 -0.0109904 -0 0 0 -0 0 0 0 0 0 0 0 0 0 0 0 0 0 1 13159.3 13159.3 13159.3 13159.3
-1 -1 1 -1 -1 1.00452 0 0 0 0 0 -0.010927 -0 0 0 -0 0 0 0 0 0 0 0 0 0 0 0 0 0 1 13159.4 13159.4 13159.4 13159.4
-1 -1 1 -1 -1 1.00447 0 0 0 0 0 -0.0108626 -0 0 0 -0 0 0 0 0 0 0 0 0 0 0 0 0 0 1 13159.5 13159.5 13159.5 13159.5
-1 -1 1 -1 -1 1.00442 0 0 0 0 0 -0.0107975 -0 0 0 -0 0 0 0 0 0 0 0 0 0 0 0 0 0 1 13159.6 13159.6 13159.6 13159.6
-1 -1 1 -1 -1 1.00436 0 0 0 0 0 -0.0107316 -0 0 0 -0 0 0 0 0 0 0 0 0 0 0 0 0 0 1 13159.7 13159.7 13159.7 13159.7
-1 -1 1 -1 -1 1.00431 0 0 0 0 0 -0.0106649 -0 0 0 -0 0 0 0 0 0 0 0 0 0 0 0 0 0 1 13159.8 13159.8 13159.8 13159.8
-1 -1 1 -1 -1 1.00425 0 0 0 0 0 -0.0105976 -0 0 0 -0 0 0 0 0 0 0 0 0 0 0 0 0 0 1 13159.9 13159.9 13159.9 13159.9
-1 -1 1 -1 -1 1.0042 0 0 0 0 0 -0.0105297 -0 0 0 -0 0 0 0 0 0 0 0 0 0 0 0 0 0 1 13159.9 13159.9 13159.9 13159.9
-1 -1 1 -1 -1 1.00415 0 0 0 0 0 -0.010461 -0 0 0 -0 0 0 0 0 0 0 0 0 0 0 0 0 0 1 13160 13160 13160 13160
-1 -1 1 -1 -1 1.0041 0 0 0 0 0 -0.0103921 -0 0 0 -0 0 0 0 0 0 0 0 0 0 0 0 0 0 1 13160.1 13160.1 13160.1 13160.1
-1 -1 1 -1 -1 1.00404 0 0 0 0 0 -0.0103223 -0 0 0 -0 0 0 0 0 0 0 0 0 0 0 0 0 0 1 13160.2 13160.2 13160.2 13160.2
-1 -1 1 -1 -1 1.00399 0 0 0 0 0 -0.0102519 -0 0 0 -0 0 0 0 0 0 0 0 0 0 0 0 0 0 1 13160.2 13160.2 13160.2 13160.2
-1 -1 1 -1 -1 1.00394 0 0 0 0 0 -0.0101814 -0 0 0 -0 0 0 0 0 0 0 0 0 0 0 0 0 0 1 13160.3 13160.3 13160.3 13160.3
-1 -1 1 -1 -1 1.00389 0 0 0 0 0 -0.0101101 -0 0 0 -0 0 0 0 0 0 0 0 0 0 0 0 0 0 1 13160.4 13160.4 13160.4 13160.4
-1 -1 1 -1 -1 1.00384 0 0 0 0 0 -0.0100385 -0 0 0 -0 0 0 0 0 0 0 0 0 0 0 0 0 0 1 13160.4 13160.4 13160.4 13160.4
-1 -1 1 -1 -1 1.00379 0 0 0 0 0 -0.00996642 -0 0 0 -0 0 0 0 0 0 0 0 0 0 0 0 0 0 1 13160.5 13160.5 13160.5 13160.5
-1 -1 1 -1 -1 1.00374 0 0 0 0 0 -0.00989385 -0 0 0 -0 0 0 0 0 0 0 0 0 0 0 0 0 0 1 13160.5 13160.5 13160.5 13160.5
-1 -1 1 -1 -1 1.00369 0 0 0 0 0 -0.00982065 -0 0 0 -0 0 0 0 0 0 0 0 0 0 0 0 0 0 1 13160.6 13160.6 13160.6 13160.6
-1 -1 1 -1 -1 1.00364 0 0 0 0 0 -0.00974732 -0 0 0 -0 0 0 0 0 0 0 0 0 0 0 0 0 0 1 13160.6 13160.6 13160.6 13160.6
-1 -1 1 -1 -1 1.00359 0 0 0 0 0 -0.00967373 -0 0 0 -0 0 0 0 0 0 0 0 0 0 0 0 0 0 1 13160.7 13160.7 13160.7 13160.7
-1 -1 1 -1 -1 1.00354 0 0 0 0 0 -0.00959974 -0 0 0 -0 0 0 0 0 0 0 0 0 0 0 0 0 0 1 13160.7 13160.7 13160.7 13160.7
-1 -1 1 -1 -1 1.0035 0 0 0 0 0 -0.00952552 -0 0 0 -0 0 0 0 0 0 0 0 0 0 0 0 0 0 1 13160.7 13160.7 13160.7 13160.7
-1 -1 1 -1 -1 1.00345 0 0 0 0 0 -0.00945092 -0 0 0 -0 0 0 0 0 0 0 0 0 0 0 0 0 0 1 13160.8 13160.8 13160.8 13160.8
-1 -1 1 -1 -1 1.0034 0 0 0 0 0 -0.00937602 -0 0 0 -0 0 0 0 0 0 0 0 0 0 0 0 0 0 1 13160.8 13160.8 13160.8 13160.8
-1 -1 1 -1 -1 1.00336 0 0 0 0 0 -0.00930111 -0 0 0 -0 0 0 0 0 0 0 0 0 0 0 0 0 0 1 13160.8 13160.8 13160.8 13160.8
-1 -1 1 -1 -1 1.00331 0 0 0 0 0 -0.00922563 -0 0 0 -0 0 0 0 0 0 0 0 0 0 0 0 0 0 1 13160.9 13160.9 13160.9 13160.9
-1 -1 1 -1 -1 1.00326 0 0 0 0 0 -0.00915024 -0 0 0 -0 0 0 0 0 0 0 0 0 0 0 0 0 0 1 13160.9 13160.9 13160.9 13160.9
-1 -1 1 -1 -1 1.00322 0 0 0 0 0 -0.00907458 -0 0 0 -0 0 0 0 0 0 0 0 0 0 0 0 0 0 1 13160.9 13160.9 13160.9 13160.9
-1 -1 1 -1 -1 1.00317 0 0 0 0 0 -0.00899886 -0 0 0 -0 0 0 0 0 0 0 0 0 0 0 0 0 0 1 13160.9 13160.9 13160.9 13160.9
-1 -1 1 -1 -1 1.00313 0 0 0 0 0 -0.00892292 -0 0 0 -0 0 0 0 0 0 0 0 0 0 0 0 0 0 1 13160.9 13160.9 13160.9 13160.9
-1 -1 1 -1 -1 1.00308 0 0 0 0 0 -0.00884673 -0 0 0 -0 0 0 0 0 0 0 0 0 0 0 0 0 0 1 13161 13161 13161 13161
-1 -1 1 -1 -1 1.00304 0 0 0 0 0 -0.00877067 -0 0 0 -0 0 0 0 0 0 0 0 0 0 0 0 0 0 1 13161 13161 13161 13161
-1 -1 1 -1 -1 1.00299 0 0 0 0 0 -0.00869438 -0 0 0 -0 0 0 0 0 0 0 0 0 0 0 0 0 0 1 13161 13161 13161 13161
-1 -1 1 -1 -1 1.00295 0 0 0 0 0 -0.00861835 -0 0 0 -0 0 0 0 0 0 0 0 0 0 0 0 0 0 1 13161 13161 13161 13161
-1 -1 1 -1 -1 1.00291 0 0 0 0 0 -0.00854209 -0 0 0 -0 0 0 0 0 0 0 0 0 0 0 0 0 0 1 13161 13161 13161 13161
-1 -1 1 -1 -1 1.00286 0 0 0 0 0 -0.00846577 -0 0 0 -0 0 0 0 0 0 0 0 0 0 0 0 0 0 1 13161 13161 13161 13161
-1 -1 1 -1 -1 1.00282 0 0 0 0 0 -0.00838955 -0 0 0 -0 0 0 0 0 0 0 0 0 0 0 0 0 0 1 13161 13161 13161 13161
-1 -1 1 -1 -1 1.00278 0 0 0 0 0 -0.00831305 -0 0 0 -0 0 0 0 0 0 0 0 0 0 0 0 0 0 1 13161 13161 13161 13161
-1 -1 1 -1 -1 1.00274 0 0 0 0 0 -0.00823678 -0 0 0 -0 0 0 0 0 0 0 0 0 0 0 0 0 0 1 13161 13161 13161 13161
-1 -1 1 -1 -1 1.0027 0 0 0 0 0 -0.00816037 -0 0 0 -0 0 0 0 0 0 0 0 0 0 0 0 0 0 1 13161 13161 13161 13161
-1 -1 1 -1 -1 1.00266 0 0 0 0 0 -0.00808408 -0 0 0 -0 0 0 0 0 0 0 0 0 0 0 0 0 0 1 13161 13161 13161 13161
-1 -1 1 -1 -1 1.00262 0 0 0 0 0 -0.00800817 -0 0 0 -0 0 0 0 0 0 0 0 0 0 0 0 0 0 1 13160.9 13160.9 13160.9 13160.9
-1 -1 1 -1 -1 1.00258 0 0 0 0 0 -0.00793215 -0 0 0 -0 0 0 0 0 0 0 0 0 0 0 0 0 0 1 13160.9 13160.9 13160.9 13160.9
-1 -1 1 -1 -1 1.00254 0 0 0 0 0 -0.00785614 -0 0 0 -0 0 0 0 0 0 0 0 0 0 0 0 0 0 1 13160.9 13160.9 13160.9 13160.9
-1 -1 1 -1 -1 1.0025 0 0 0 0 0 -0.00778027 -0 0 0 -0 0 0 0 0 0 0 0 0 0 0 0 0 0 1 13160.9 13160.9 13160.9 13160.9
-1 -1 1 -1 -1 1.00246 0 0 0 0 0 -0.00770446 -0 0 0 -0 0 0 0 0 0 0 0 0 0 0 0 0 0 1 13160.9 13160.9 13160.9 13160.9
-1 -1 1 -1 -1 1.00242 0 0 0 0 0 -0.00762863 -0 0 0 -0 0 0 0 0 0 0 0 0 0 0 0 0 0 1 13160.9 13160.9 13160.9 13160.9
-1 -1 1 -1 -1 1.00238 0 0 0 0 0 -0.00755325 -0 0 0 -0 0 0 0 0 0 0 0 0 0 0 0 0 0 1 13160.8 13160.8 13160.8 13160.8
-1 -1 1 -1 -1 1.00234 0 0 0 0 0 -0.00747809 -0 0 0 -0 0 0 0 0 0 0 0 0 0 0 0 0 0 1 13160.8 13160.8 13160.8 13160.8
-1 -1 1 -1 -1 1.00231 0 0 0 0 0 -0.00740297 -0 0 0 -0 0 0 0 0 0 0 0 0 0 0 0 0 0 1 13160.8 13160.8 13160.8 13160.8
-1 -1 1 -1 -1 1.00227 0 0 0 0 0 -0.00732779 -0 0 0 -0 0 0 0 0 0 0 0 0 0 0 0 0 0 1 13160.8 13160.8 13160.8 13160.8
-1 -1 1 -1 -1 1.00223 0 0 0 0 0 -0.0072531 -0 0 0 -0 0 0 0 0 0 0 0 0 0 0 0 0 0 1 13160.7 13160.7 13160.7 13160.7
-1 -1 1 -1 -1 1.0022 0 0 0 0 0 -0.00717816 -0 0 0 -0 0 0 0 0 0 0 0 0 0 0 0 0 0 1 13160.7 13160.7 13160.7 13160.7
-1 -1 1 -1 -1 1.00216 0 0 0 0 0 -0.00710435 -0 0 0 -0 0 0 0 0 0 0 0 0 0 0 0 0 0 1 13160.7 13160.7 13160.7 13160.7
-1 -1 1 -1 -1 1.00213 0 0 0 0 0 -0.00703031 -0 0 0 -0 0 0 0 0 0 0 0 0 0 0 0 0 0 1 13160.7 13160.7 13160.7 13160.7
-1 -1 1 -1 -1 1.00209 0 0 0 0 0 -0.00695654 -0 0 0 -0 0 0 0 0 0 0 0 0 0 0 0 0 0 1 13160.6 13160.6 13160.6 13160.6
-1 -1 1 -1 -1 1.00206 0 0 0 0 0 -0.00688291 -0 0 0 -0 0 0 0 0 0 0 0 0 0 0 0 0 0 1 13160.6 13160.6 13160.6 13160.6
-1 -1 1 -1 -1 1.00202 0 0 0 0 0 -0.00680939 -0 0 0 -0 0 0 0 0 0 0 0 0 0 0 0 0 0 1 13160.5 13160.5 13160.5 13160.5
-1 -1 1 -1 -1 1.00199 0 0 0 0 0 -0.00673638 -0 0 0 -0 0 0 0 0 0 0 0 0 0 0 0 0 0 1 13160.5 13160.5 13160.5 13160.5
-1 -1 1 -1 -1 1.00195 0 0 0 0 0 -0.00666337 -0 0 0 -0 0 0 0 0 0 0 0 0 0 0 0 0 0 1 13160.5 13160.5 13160.5 13160.5
-1 -1 1 -1 -1 1.00192 0 0 0 0 0 -0.00659084 -0 0 0 -0 0 0 0 0 0 0 0 0 0 0 0 0 0 1 13160.4 13160.4 13160.4 13160.4
-1 -1 1 -1 -1 1.00189 0 0 0 0 0 -0.00651869 -0 0 0 -0 0 0 0 0 0 0 0 0 0 0 0 0 0 1 13160.4 13160.4 13160.4 13160.4
-1 -1 1 -1 -1 1.00185 0 0 0 0 0 -0.00644652 -0 0 0 -0 0 0 0 0 0 0 0 0 0 0 0 0 0 1 13160.4 13160.4 13160.4 13160.4
-1 -1 1 -1 -1 1.00182 0 0 0 0 0 -0.0063751 -0 0 0 -0 0 0 0 0 0 0 0 0 0 0 0 0 0 1 13160.3 13160.3 13160.3 13160.3
-1 -1 1 -1 -1 1.00179 0 0 0 0 0 -0.00630386 -0 0 0 -0 0 0 0 0 0 0 0 0 0 0 0 0 0 1 13160.3 13160.3 13160.3 13160.3
-1 -1 1 -1 -1 1.00176 0 0 0 0 0 -0.00623275 -0 0 0 -0 0 0 0 0 0 0 0 0 0 0 0 0 0 1 13160.2 13160.2 13160.2 13160.2
-1 -1 1 -1 -1 1.00173 0 0 0 0 0 -0.00616206 -0 0 0 -0 0 0 0 0 0 0 0 0 0 0 0 0 0 1 13160.2 13160.2 13160.2 13160.2
-1 -1 1 -1 -1 1.0017 0 0 0 0 0 -0.0060917 -0 0 0 -0 0 0 0 0 0 0 0 0 0 0 0 0 0 1 13160.1 13160.1 13160.1 13160.1
-1 -1 1 -1 -1 1.00167 0 0 0 0 0 -0.0060217 -0 0 0 -0 0 0 0 0 0 0 0 0 0 0 0 0 0 1 13160.1 13160.1 13160.1 13160.1
-1 -1 1 -1 -1 1.00164 0 0 0 0 0 -0.00595214 -0 0 0 -0 0 0 0 0 0 0 0 0 0 0 0 0 0 1 13160 13160 13160 13160
-1 -1 1 -1 -1 1.00161 0 0 0 0 0 -0.00588256 -0 0 0 -0 0 0 0 0 0 0 0 0 0 0 0 0 0 1 13160 13160 13160 13160
-1 -1 1 -1 -1 1.00158 0 0 0 0 0 -0.00581369 -0 0 0 -0 0 0 0 0 0 0 0 0 0 0 0 0 0 1 13159.9 13159.9 13159.9 13159.9
-1 -1 1 -1 -1 1.00155 0 0 0 0 0 -0.00574513 -0 0 0 -0 0 0 0 0 0 0 0 0 0 0 0 0 0 1 13159.9 13159.9 13159.9 13159.9
-1 -1 1 -1 -1 1.00152 0 0 0 0 0 -0.00567711 -0 0 0 -0 0 0 0 0 0 0 0 0 0 0 0 0 0 1 13159.8 13159.8 13159.8 13159.8
-1 -1 1 -1 -1 1.00149 0 0 0 0 0 -0.00560895 -0 0 0 -0 0 0 0 0 0 0 0 0 0 0 0 0 0 1 13159.8 13159.8 13159.8 13159.8
-1 -1 1 -1 -1 1.00146 0 0 0 0 0 -0.0055418 -0 0 0 -0 0 0 0 0 0 0 0 0 0 0 0 0 0 1 13159.7 13159.7 13159.7 13159.7
-1 -1 1 -1 -1 1.00143 0 0 0 0 0 -0.005475 -0 0 0 -0 0 0 0 0 0 0 0 0 0 0 0 0 0 1 13159.7 13159.7 13159.7 13159.7
-1 -1 1 -1 -1 1.00141 0 0 0 0 0 -0.00540828 -0 0 0 -0 0 0 0 0 0 0 0 0 0 0 0 0 0 1 13159.6 13159.6 13159.6 13159.6
-1 -1 1 -1 -1 1.00138 0 0 0 0 0 -0.00534167 -0 0 0 -0 0 0 0 0 0 0 0 0 0 0 0 0 0 1 13159.6 13159.6 13159.6 13159.6
-1 -1 1 -1 -1 1.00135 0 0 0 0 0 -0.00527633 -0 0 0 -0 0 0 0 0 0 0 0 0 0 0 0 0 0 1 13159.5 13159.5 13159.5 13159.5
-1 -1 1 -1 -1 1.00133 0 0 0 0 0 -0.00521088 -0 0 0 -0 0 0 0 0 0 0 0 0 0 0 0 0 0 1 13159.5 13159.5 13159.5 13159.5
-1 -1 1 -1 -1 1.0013 0 0 0 0 0 -0.00514592 -0 0 0 -0 0 0 0 0 0 0 0 0 0 0 0 0 0 1 13159.4 13159.4 13159.4 13159.4
-1 -1 1 -1 -1 1.00128 0 0 0 0 0 -0.00508126 -0 0 0 -0 0 0 0 0 0 0 0 0 0 0 0 0 0 1 13159.3 13159.3 13159.3 13159.3
-1 -1 1 -1 -1 1.00125 0 0 0 0 0 -0.00501715 -0 0 0 -0 0 0 0 0 0 0 0 0 0 0 0 0 0 1 13159.3 13159.3 13159.3 13159.3
-1 -1 1 -1 -1 1.00123 0 0 0 0 0 -0.00495344 -0 0 0 -0 0 0 0 0 0 0 0 0 0 0 0 0 0 1 13159.2 13159.2 13159.2 13159.2
-1 -1 1 -1 -1 1.0012 0 0 0 0 0 -0.00488996 -0 0 0 -0 0 0 0 0 0 0 0 0 0 0 0 0 0 1 13159.2 13159.2 13159.2 13159.2
-1 -1 1 -1 -1 1.00118 0 0 0 0 0 -0.00482681 -0 0 0 -0 0 0 0 0 0 0 0 0 0 0 0 0 0 1 13159.1 13159.1 13159.1 13159.1
-1 -1 1 -1 -1 1.00115 0 0 0 0 0 -0.00476449 -0 0 0 -0 0 0 0 0 0 0 0 0 0 0 0 0 0 1 13159.1 13159.1 13159.1 13159.1
-1 -1 1 -1 -1 1.00113 0 0 0 0 0 -0.00470248 -0 0 0 -0 0 0 0 0 0 0 0 0 0 0 0 0 0 1 13159 13159 13159 13159
-1 -1 1 -1 -1 1.0011 0 0 0 0 0 -0.00464123 -0 0 0 -0 0 0 0 0 0 0 0 0 0 0 0 0 0 1 13158.9 13158.9 13158.9 13158.9
-1 -1 1 -1 -1 1.00108 0 0 0 0 0 -0.00458012 -0 0 0 -0 0 0 0 0 0 0 0 0 0 0 0 0 0 1 13158.9 13158.9 13158.9 13158.9
-1 -1 1 -1 -1 1.00106 0 0 0 0 0 -0.00451938 -0 0 0 -0 0 0 0 0 0 0 0 0 0 0 0 0 0 1 13158.8 13158.8 13158.8 13158.8
-1 -1 1 -1 -1 1.00104 0 0 0 0 0 -0.00445913 -0 0 0 -0 0 0 0 0 0 0 0 0 0 0 0 0 0 1 13158.8 13158.8 13158.8 13158.8
-1 -1 1 -1 -1 1.00101 0 0 0 0 0 -0.00439945 -0 0 0 -0 0 0 0 0 0 0 0 0 0 0 0 0 0 1 13158.7 13158.7 13158.7 13158.7
-1 -1 1 -1 -1 1.00099 0 0 0 0 0 -0.00434023 -0 0 0 -0 0 0 0 0 0 0 0 0 0 0 0 0 0 1 13158.6 13158.6 13158.6 13158.6
-1 -1 1 -1 -1 1.00097 0 0 0 0 0 -0.00428119 -0 0 0 -0 0 0 0 0 0 0 0 0 0 0 0 0 0 1 13158.6 13158.6 13158.6 13158.6
-1 -1 1 -1 -1 1.00095 0 0 0 0 0 -0.00422286 -0 0 0 -0 0 0 0 0 0 0 0 0 0 0 0 0 0 1 13158.5 13158.5 13158.5 13158.5
-1 -1 1 -1 -1 1.00093 0 0 0 0 0 -0.00416483 -0 0 0 -0 0 0 0 0 0 0 0 0 0 0 0 0 0 1 13158.5 13158.5 13158.5 13158.5
-1 -1 1 -1 -1 1.00091 0 0 0 0 0 -0.00410751 -0 0 0 -0 0 0 0 0 0 0 0 0 0 0 0 0 0 1 13158.4 13158.4 13158.4 13158.4
-1 -1 1 -1 -1 1.00089 0 0 0 0 0 -0.00405031 -0 0 0 -0 0 0 0 0 0 0 0 0 0 0 0 0 0 1 13158.3 13158.3 13158.3 13158.3
-1 -1 1 -1 -1 1.00087 0 0 0 0 0 -0.003994 -0 0 0 -0 0 0 0 0 0 0 0 0 0 0 0 0 0 1 13158.3 13158.3 13158.3 13158.3
-1 -1 1 -1 -1 1.00085 0 0 0 0 0 -0.00393792 -0 0 0 -0 0 0 0 0 0 0 0 0 0 0 0 0 0 1 13158.2 13158.2 13158.2 13158.2
-1 -1 1 -1 -1 1.00083 0 0 0 0 0 -0.00388231 -0 0 0 -0 0 0 0 0 0 0 0 0 0 0 0 0 0 1 13158.1 13158.1 13158.1 13158.1
-1 -1 1 -1 -1 1.00081 0 0 0 0 0 -0.00382715 -0 0 0 -0 0 0 0 0 0 0 0 0 0 0 0 0 0 1 13158.1 13158.1 13158.1 13158.1
-1 -1 1 -1 -1 1.00079 0 0 0 0 0 -0.00377248 -0 0 0 -0 0 0 0 0 0 0 0 0 0 0 0 0 0 1 13158 13158 13158 13158
-1 -1 1 -1 -1 1.00077 0 0 0 0 0 -0.00371785 -0 0 0 -0 0 0 0 0 0 0 0 0 0 0 0 0 0 1 13158 13158 13158 13158
-1 -1 1 -1 -1 1.00075 0 0 0 0 0 -0.00366426 -0 0 0 -0 0 0 0 0 0 0 0 0 0 0 0 0 0 1 13157.9 13157.9 13157.9 13157.9
-1 -1 1 -1 -1 1.00073 0 0 0 0 0 -0.00361106 -0 0 0 -0 0 0 0 0 0 0 0 0 0 0 0 0 0 1 13157.8 13157.8 13157.8 13157.8
-1 -1 1 -1 -1 1.00071 0 0 0 0 0 -0.00355807 -0 0 0 -0 0 0 0 0 0 0 0 0 0 0 0 0 0 1 13157.8 13157.8 13157.8 13157.8
-1 -1 1 -1 -1 1.0007 0 0 0 0 0 -0.00350591 -0 0 0 -0 0 0 0 0 0 0 0 0 0 0 0 0 0 1 13157.7 13157.7 13157.7 13157.7
-1 -1 1 -1 -1 1.00068 0 0 0 0 0 -0.00345381 -0 0 0 -0 0 0 0 0 0 0 0 0 0 0 0 0 0 1 13157.6 13157.6 13157.6 13157.6
-1 -1 1 -1 -1 1.00066 0 0 0 0 0 -0.00340231 -0 0 0 -0 0 0 0 0 0 0 0 0 0 0 0 0 0 1 13157.6 13157.6 13157.6 13157.6
-1 -1 1 -1 -1 1.00064 0 0 0 0 0 -0.00335141 -0 0 0 -0 0 0 0 0 0 0 0 0 0 0 0 0 0 1 13157.5 13157.5 13157.5 13157.5
-1 -1 1 -1 -1 1.00063 0 0 0 0 0 -0.00330116 -0 0 0 -0 0 0 0 0 0 0 0 0 0 0 0 0 0 1 13157.5 13157.5 13157.5 13157.5
-1 -1 1 -1 -1 1.00061 0 0 0 0 0 -0.00325125 -0 0 0 -0 0 0 0 0 0 0 0 0 0 0 0 0 0 1 13157.4 13157.4 13157.4 13157.4
-1 -1 1 -1 -1 1.00059 0 0 0 0 0 -0.0032017 -0 0 0 -0 0 0 0 0 0 0 0 0 0 0 0 0 0 1 13157.3 13157.3 13157.3 13157.3
-1 -1 1 -1 -1 1.00058 0 0 0 0 0 -0.00315265 -0 0 0 -0 0 0 0 0 0 0 0 0 0 0 0 0 0 1 13157.3 13157.3 13157.3 13157.3
-1 -1 1 -1 -1 1.00056 0 0 0 0 0 -0.00310397 -0 0 0 -0 0 0 0 0 0 0 0 0 0 0 0 0 0 1 13157.2 13157.2 13157.2 13157.2
-1 -1 1 -1 -1 1.00055 0 0 0 0 0 -0.00305583 -0 0 0 -0 0 0 0 0 0 0 0 0 0 0 0 0 0 1 13157.1 13157.1 13157.1 13157.1
-1 -1 1 -1 -1 1.00053 0 0 0 0 0 -0.00300818 -0 0 0 -0 0 0 0 0 0 0 0 0 0 0 0 0 0 1 13157.1 13157.1 13157.1 13157.1
-1 -1 1 -1 -1 1.00052 0 0 0 0 0 -0.00296098 -0 0 0 -0 0 0 0 0 0 0 0 0 0 0 0 0 0 1 13157 13157 13157 13157
-1 -1 1 -1 -1 1.0005 0 0 0 0 0 -0.00291425 -0 0 0 -0 0 0 0 0 0 0 0 0 0 0 0 0 0 1 13157 13157 13157 13157
-1 -1 1 -1 -1 1.00049 0 0 0 0 0 -0.0028678 -0 0 0 -0 0 0 0 0 0 0 0 0 0 0 0 0 0 1 13156.9 13156.9 13156.9 13156.9
-1 -1 1 -1 -1 1.00047 0 0 0 0 0 -0.00282211 -0 0 0 -0 0 0 0 0 0 0 0 0 0 0 0 0 0 1 13156.8 13156.8 13156.8 13156.8
-1 -1 1 -1 -1 1.00046 0 0 0 0 0 -0.00277673 -0 0 0 -0 0 0 0 0 0 0 0 0 0 0 0 0 0 1 13156.8 13156.8 13156.8 13156.8
-1 -1 1 -1 -1 1.00045 0 0 0 0 0 -0.00273185 -0 0 0 -0 0 0 0 0 0 0 0 0 0 0 0 0 0 1 13156.7 13156.7 13156.7 13156.7
-1 -1 1 -1 -1 1.00043 0 0 0 0 0 -0.0026872 -0 0 0 -0 0 0 0 0 0 0 0 0 0 0 0 0 0 1 13156.6 13156.6 13156.6 13156.6
-1 -1 1 -1 -1 1.00042 0 0 0 0 0 -0.00264332 -0 0 0 -0 0 0 0 0 0 0 0 0 0 0 0 0 0 1 13156.6 13156.6 13156.6 13156.6
-1 -1 1 -1 -1 1.0004 0 0 0 0 0 -0.0025999 -0 0 0 -0 0 0 0 0 0 0 0 0 0 0 0 0 0 1 13156.5 13156.5 13156.5 13156.5
-1 -1 1 -1 -1 1.00039 0 0 0 0 0 -0.00255685 -0 0 0 -0 0 0 0 0 0 0 0 0 0 0 0 0 0 1 13156.5 13156.5 13156.5 13156.5
-1 -1 1 -1 -1 1.00038 0 0 0 0 0 -0.00251417 -0 0 0 -0 0 0 0 0 0 0 0 0 0 0 0 0 0 1 13156.4 13156.4 13156.4 13156.4
-1 -1 1 -1 -1 1.00037 0 0 0 0 0 -0.00247204 -0 0 0 -0 0 0 0 0 0 0 0 0 0 0 0 0 0 1 13156.3 13156.3 13156.3 13156.3
-1 -1 1 -1 -1 1.00035 0 0 0 0 0 -0.00243033 -0 0 0 -0 0 0 0 0 0 0 0 0 0 0 0 0 0 1 13156.3 13156.3 13156.3 13156.3
-1 -1 1 -1 -1 1.00034 0 0 0 0 0 -0.00238897 -0 0 0 -0 0 0 0 0 0 0 0 0 0 0 0 0 0 1 13156.2 13156.2 13156.2 13156.2
-1 -1 1 -1 -1 1.00033 0 0 0 0 0 -0.00234826 -0 0 0 -0 0 0 0 0 0 0 0 0 0 0 0 0 0 1 13156.2 13156.2 13156.2 13156.2
-1 -1 1 -1 -1 1.00032 0 0 0 0 0 -0.00230792 -0 0 0 -0 0 0 0 0 0 0 0 0 0 0 0 0 0 1 13156.1 13156.1 13156.1 13156.1
-1 -1 1 -1 -1 1.00031 0 0 0 0 0 -0.00226795 -0 0 0 -0 0 0 0 0 0 0 0 0 0 0 0 0 0 1 13156 13156 13156 13156
-1 -1 1 -1 -1 1.0003 0 0 0 0 0 -0.00222832 -0 0 0 -0 0 0 0 0 0 0 0 0 0 0 0 0 0 1 13156 13156 13156 13156
-1 -1 1 -1 -1 1.00028 0 0 0 0 0 -0.00218942 -0 0 0 -0 0 0 0 0 0 0 0 0 0 0 0 0 0 1 13155.9 13155.9 13155.9 13155.9
-1 -1 1 -1 -1 1.00027 0 0 0 0 0 -0.00215075 -0 0 0 -0 0 0 0 0 0 0 0 0 0 0 0 0 0 1 13155.9 13155.9 13155.9 13155.9
-1 -1 1 -1 -1 1.00026 0 0 0 0 0 -0.00211262 -0 0 0 -0 0 0 0 0 0 0 0 0 0 0 0 0 0 1 13155.8 13155.8 13155.8 13155.8
-1 -1 1 -1 -1 1.00025 0 0 0 0 0 -0.0020749 -0 0 0 -0 0 0 0 0 0 0 0 0 0 0 0 0 0 1 13155.8 13155.8 13155.8 13155.8
-1 -1 1 -1 -1 1.00024 0 0 0 0 0 -0.00203745 -0 0 0 -0 0 0 0 0 0 0 0 0 0 0 0 0 0 1 13155.7 13155.7 13155.7 13155.7
-1 -1 1 -1 -1 1.00023 0 0 0 0 0 -0.0020006 -0 0 0 -0 0 0 0 0 0 0 0 0 0 0 0 0 0 1 13155.6 13155.6 13155.6 13155.6
-1 -1 1 -1 -1 1.00022 0 0 0 0 0 -0.00196416 -0 0 0 -0 0 0 0 0 0 0 0 0 0 0 0 0 0 1 13155.6 13155.6 13155.6 13155.6
-1 -1 1 -1 -1 1.00021 0 0 0 0 0 -0.00192812 -0 0 0 -0 0 0 0 0 0 0 0 0 0 0 0 0 0 1 13155.5 13155.5 13155.5 13155.5
-1 -1 1 -1 -1 1.0002 0 0 0 0 0 -0.00189255 -0 0 0 -0 0 0 0 0 0 0 0 0 0 0 0 0 0 1 13155.5 13155.5 13155.5 13155.5
-1 -1 1 -1 -1 1.00019 0 0 0 0 0 -0.00185723 -0 0 0 -0 0 0 0 0 0 0 0 0 0 0 0 0 0 1 13155.4 13155.4 13155.4 13155.4
-1 -1 1 -1 -1 1.00018 0 0 0 0 0 -0.00182259 -0 0 0 -0 0 0 0 0 0 0 0 0 0 0 0 0 0 1 13155.4 13155.4 13155.4 13155.4
-1 -1 1 -1 -1 1.00017 0 0 0 0 0 -0.00178812 -0 0 0 -0 0 0 0 0 0 0 0 0 0 0 0 0 0 1 13155.3 13155.3 13155.3 13155.3
-1 -1 1 -1 -1 1.00017 0 0 0 0 0 -0.00175429 -0 0 0 -0 0 0 0 0 0 0 0 0 0 0 0 0 0 1 13155.2 13155.2 13155.2 13155.2
-1 -1 1 -1 -1 1.00016 0 0 0 0 0 -0.00172078 -0 0 0 -0 0 0 0 0 0 0 0 0 0 0 0 0 0 1 13155.2 13155.2 13155.2 13155.2
-1 -1 1 -1 -1 1.00015 0 0 0 0 0 -0.00168751 -0 0 0 -0 0 0 0 0 0 0 0 0 0 0 0 0 0 1 13155.1 13155.1 13155.1 13155.1
-1 -1 1 -1 -1 1.00014 0 0 0 0 0 -0.00165483 -0 0 0 -0 0 0 0 0 0 0 0 0 0 0 0 0 0 1 13155.1 13155.1 13155.1 13155.1
-1 -1 1 -1 -1 1.00013 0 0 0 0 0 -0.00162263 -0 0 0 -0 0 0 0 0 0 0 0 0 0 0 0 0 0 1 13155 13155 13155 13155
-1 -1 1 -1 -1 1.00012 0 0 0 0 0 -0.00159058 -0 0 0 -0 0 0 0 0 0 0 0 0 0 0 0 0 0 1 13155 13155 13155 13155
-1 -1 1 -1 -1 1.00011 0 0 0 0 0 -0.00155927 -0 0 0 -0 0 0 0 0 0 0 0 0 0 0 0 0 0 1 13154.9 13154.9 13154.9 13154.9
-1 -1 1 -1 -1 1.00011 0 0 0 0 0 -0.0015281 -0 0 0 -0 0 0 0 0 0 0 0 0 0 0 0 0 0 1 13154.9 13154.9 13154.9 13154.9
-1 -1 1 -1 -1 1.0001 0 0 0 0 0 -0.00149742 -0 0 0 -0 0 0 0 0 0 0 0 0 0 0 0 0 0 1 13154.8 13154.8 13154.8 13154.8
-1 -1 1 -1 -1 1.00009 0 0 0 0 0 -0.00146707 -0 0 0 -0 0 0 0 0 0 0 0 0 0 0 0 0 0 1 13154.8 13154.8 13154.8 13154.8
-1 -1 1 -1 -1 1.00008 0 0 0 0 0 -0.00143711 -0 0 0 -0 0 0 0 0 0 0 0 0 0 0 0 0 0 1 13154.7 13154.7 13154.7 13154.7
-1 -1 1 -1 -1 1.00008 0 0 0 0 0 -0.00140757 -0 0 0 -0 0 0 0 0 0 0 0 0 0 0 0 0 0 1 13154.7 13154.7 13154.7 13154.7
-1 -1 1 -1 -1 1.00007 0 0 0 0 0 -0.00137834 -0 0 0 -0 0 0 0 0 0 0 0 0 0 0 0 0 0 1 13154.6 13154.6 13154.6 13154.6
-1 -1 1 -1 -1 1.00006 0 0 0 0 0 -0.00134955 -0 0 0 -0 0 0 0 0 0 0 0 0 0 0 0 0 0 1 13154.6 13154.6 13154.6 13154.6
-1 -1 1 -1 -1 1.00006 0 0 0 0 0 -0.00132121 -0 0 0 -0 0 0 0 0 0 0 0 0 0 0 0 0 0 1 13154.5 13154.5 13154.5 13154.5
-1 -1 1 -1 -1 1.00005 0 0 0 0 0 -0.00129305 -0 0 0 -0 0 0 0 0 0 0 0 0 0 0 0 0 0 1 13154.5 13154.5 13154.5 13154.5
-1 -1 1 -1 -1 1.00004 0 0 0 0 0 -0.00126531 -0 0 0 -0 0 0 0 0 0 0 0 0 0 0 0 0 0 1 13154.4 13154.4 13154.4 13154.4
-1 -1 1 -1 -1 1.00004 0 0 0 0 0 -0.001238 -0 0 0 -0 0 0 0 0 0 0 0 0 0 0 0 0 0 1 13154.4 13154.4 13154.4 13154.4
-1 -1 1 -1 -1 1.00003 0 0 0 0 0 -0.00121122 -0 0 0 -0 0 0 0 0 0 0 0 0 0 0 0 0 0 1 13154.3 13154.3 13154.3 13154.3
-1 -1 1 -1 -1 1.00003 0 0 0 0 0 -0.00118463 -0 0 0 -0 0 0 0 0 0 0 0 0 0 0 0 0 0 1 13154.3 13154.3 13154.3 13154.3
-1 -1 1 -1 -1 1.00002 0 0 0 0 0 -0.00115837 -0 0 0 -0 0 0 0 0 0 0 0 0 0 0 0 0 0 1 13154.2 13154.2 13154.2 13154.2
-1 -1 1 -1 -1 1.00001 0 0 0 0 0 -0.00113258 -0 0 0 -0 0 0 0 0 0 0 0 0 0 0 0 0 0 1 13154.2 13154.2 13154.2 13154.2
-1 -1 1 -1 -1 1.00001 0 0 0 0 0 -0.00110701 -0 0 0 -0 0 0 0 0 0 0 0 0 0 0 0 0 0 1 13154.1 13154.1 13154.1 13154.1
-1 -1 1 -1 -1 1 0 0 0 0 0 -0.00108195 -0 0 0 -0 0 0 0 0 0 0 0 0 0 0 0 0 0 1 13154.1 13154.1 13154.1 13154.1
-1 -1 1 -1 -1 0.999997 0 0 0 0 0 -0.00105711 -0 0 0 -0 0 0 0 0 0 0 0 0 0 0 0 0 0 1 13154 13154 13154 13154
-1 -1 1 -1 -1 0.999992 0 0 0 0 0 -0.00103276 -0 0 0 -0 0 0 0 0 0 0 0 0 0 0 0 0 0 1 13154 13154 13154 13154
-1 -1 1 -1 -1 0.999986 0 0 0 0 0 -0.00100866 -0 0 0 -0 0 0 0 0 0 0 0 0 0 0 0 0 0 1 13153.9 13153.9 13153.9 13153.9
-1 -1 1 -1 -1 0.999981 0 0 0 0 0 -0.000984882 -0 0 0 -0 0 0 0 0 0 0 0 0 0 0 0 0 0 1 13153.9 13153.9 13153.9 13153.9
-1 -1 1 -1 -1 0.999976 0 0 0 0 0 -0.000961453 -0 0 0 -0 0 0 0 0 0 0 0 0 0 0 0 0 0 1 13153.8 13153.8 13153.8 13153.8
-1 -1 1 -1 -1 0.999972 0 0 0 0 0 -0.000938359 -0 0 0 -0 0 0 0 0 0 0 0 0 0 0 0 0 0 1 13153.8 13153.8 13153.8 13153.8
-1 -1 1 -1 -1 0.999967 0 0 0 0 0 -0.000915555 -0 0 0 -0 0 0 0 0 0 0 0 0 0 0 0 0 0 1 13153.8 13153.8 13153.8 13153.8
-1 -1 1 -1 -1 0.999962 0 0 0 0 0 -0.00089318 -0 0 0 -0 0 0 0 0 0 0 0 0 0 0 0 0 0 1 13153.7 13153.7 13153.7 13153.7
-1 -1 1 -1 -1 0.999958 0 0 0 0 0 -0.000871088 -0 0 0 -0 0 0 0 0 0 0 0 0 0 0 0 0 0 1 13153.7 13153.7 13153.7 13153.7
-1 -1 1 -1 -1 0.999953 0 0 0 0 0 -0.000849314 -0 0 0 -0 0 0 0 0 0 0 0 0 0 0 0 0 0 1 13153.6 13153.6 13153.6 13153.6
-1 -1 1 -1 -1 0.999949 0 0 0 0 0 -0.000827863 -0 0 0 -0 0 0 0 0 0 0 0 0 0 0 0 0 0 1 13153.6 13153.6 13153.6 13153.6
-1 -1 1 -1 -1 0.999945 0 0 0 0 0 -0.000806617 -0 0 0 -0 0 0 0 0 0 0 0 0 0 0 0 0 0 1 13153.5 13153.5 13153.5 13153.5
-1 -1 1 -1 -1 0.999941 0 0 0 0 0 -0.000785839 -0 0 0 -0 0 0 0 0 0 0 0 0 0 0 0 0 0 1 13153.5 13153.5 13153.5 13153.5
-1 -1 1 -1 -1 0.999937 0 0 0 0 0 -0.000765364 -0 0 0 -0 0 0 0 0 0 0 0 0 0 0 0 0 0 1 13153.5 13153.5 13153.5 13153.5
-1 -1 1 -1 -1 0.999933 0 0 0 0 0 -0.000745163 -0 0 0 -0 0 0 0 0 0 0 0 0 0 0 0 0 0 1 13153.4 13153.4 13153.4 13153.4
-1 -1 1 -1 -1 0.99993 0 0 0 0 0 -0.000725229 -0 0 0 -0 0 0 0 0 0 0 0 0 0 0 0 0 0 1 13153.4 13153.4 13153.4 13153.4
-1 -1 1 -1 -1 0.999926 0 0 0 0 0 -0.000705656 -0 0 0 -0 0 0 0 0 0 0 0 0 0 0 0 0 0 1 13153.3 13153.3 13153.3 13153.3
-1 -1 1 -1 -1 0.999922 0 0 0 0 0 -0.000686367 -0 0 0 -0 0 0 0 0 0 0 0 0 0 0 0 0 0 1 13153.3 13153.3 13153.3 13153.3
-1 -1 1 -1 -1 0.999919 0 0 0 0 0 -0.000667358 -0 0 0 -0 0 0 0 0 0 0 0 0 0 0 0 0 0 1 13153.3 13153.3 13153.3 13153.3
-1 -1 1 -1 -1 0.999916 0 0 0 0 0 -0.000648632 -0 0 0 -0 0 0 0 0 0 0 0 0 0 0 0 0 0 1 13153.2 13153.2 13153.2 13153.2
-1 -1 1 -1 -1 0.999912 0 0 0 0 0 -0.000630303 -0 0 0 -0 0 0 0 0 0 0 0 0 0 0 0 0 0 1 13153.2 13153.2 13153.2 13153.2
-1 -1 1 -1 -1 0.999909 0 0 0 0 0 -0.000612155 -0 0 0 -0 0 0 0 0 0 0 0 0 0 0 0 0 0 1 13153.1 13153.1 13153.1 13153.1
-1 -1 1 -1 -1 0.999906 0 0 0 0 0 -0.000594293 -0 0 0 -0 0 0 0 0 0 0 0 0 0 0 0 0 0 1 13153.1 13153.1 13153.1 13153.1
-1 -1 1 -1 -1 0.999903 0 0 0 0 0 -0.000576783 -0 0 0 -0 0 0 0 0 0 0 0 0 0 0 0 0 0 1 13153.1 13153.1 13153.1 13153.1
-1 -1 1 -1 -1 0.9999 0 0 0 0 0 -0.000559444 -0 0 0 -0 0 0 0 0 0 0 0 0 0 0 0 0 0 1 13153 13153 13153 13153
-1 -1 1 -1 -1 0.999898 0 0 0 0 0 -0.000542428 -0 0 0 -0 0 0 0 0 0 0 0 0 0 0 0 0 0 1 13153 13153 13153 13153
-1 -1 1 -1 -1 0.999895 0 0 0 0 0 -0.000525834 -0 0 0 -0 0 0 0 0 0 0 0 0 0 0 0 0 0 1 13153 13153 13153 13153
-1 -1 1 -1 -1 0.999892 0 0 0 0 0 -0.000509309 -0 0 0 -0 0 0 0 0 0 0 0 0 0 0 0 0 0 1 13152.9 13152.9 13152.9 13152.9
-1 -1 1 -1 -1 0.99989 0 0 0 0 0 -0.000493221 -0 0 0 -0 0 0 0 0 0 0 0 0 0 0 0 0 0 1 13152.9 13152.9 13152.9 13152.9
-1 -1 1 -1 -1 0.999887 0 0 0 0 0 -0.000477321 -0 0 0 -0 0 0 0 0 0 0 0 0 0 0 0 0 0 1 13152.8 13152.8 13152.8 13152.8
-1 -1 1 -1 -1 0.999885 0 0 0 0 0 -0.000461692 -0 0 0 -0 0 0 0 0 0 0 0 0 0 0 0 0 0 1 13152.8 13152.8 13152.8 13152.8
-1 -1 1 -1 -1 0.999882 0 0 0 0 0 -0.000446251 -0 0 0 -0 0 0 0 0 0 0 0 0 0 0 0 0 0 1 13152.8 13152.8 13152.8 13152.8
-1 -1 1 -1 -1 0.99988 0 0 0 0 0 -0.0004311 -0 0 0 -0 0 0 0 0 0 0 0 0 0 0 0 0 0 1 13152.7 13152.7 13152.7 13152.7
-1 -1 1 -1 -1 0.999878 0 0 0 0 0 -0.000416237 -0 0 0 -0 0 0 0 0 0 0 0 0 0 0 0 0 0 1 13152.7 13152.7 13152.7 13152.7
-1 -1 1 -1 -1 0.999876 0 0 0 0 0 -0.000401641 -0 0 0 -0 0 0 0 0 0 0 0 0 0 0 0 0 0 1 13152.7 13152.7 13152.7 13152.7
-1 -1 1 -1 -1 0.999874 0 0 0 0 0 -0.000387329 -0 0 0 -0 0 0 0 0 0 0 0 0 0 0 0 0 0 1 13152.6 13152.6 13152.6 13152.6
-1 -1 1 -1 -1 0.999872 0 0 0 0 0 -0.000373192 -0 0 0 -0 0 0 0 0 0 0 0 0 0 0 0 0 0 1 13152.6 13152.6 13152.6 13152.6
-1 -1 1 -1 -1 0.99987 0 0 0 0 0 -0.000359319 -0 0 0 -0 0 0 0 0 0 0 0 0 0 0 0 0 0 1 13152.6 13152.6 13152.6 13152.6
-1 -1 1 -1 -1 0.999868 0 0 0 0 0 -0.000345622 -0 0 0 -0 0 0 0 0 0 0 0 0 0 0 0 0 0 1 13152.5 13152.5 13152.5 13152.5
-1 -1 1 -1 -1 0.999867 0 0 0 0 0 -0.000332243 -0 0 0 -0 0 0 0 0 0 0 0 0 0 0 0 0 0 1 13152.5 13152.5 13152.5 13152.5
-1 -1 1 -1 -1 0.999865 0 0 0 0 0 -0.000319113 -0 0 0 -0 0 0 0 0 0 0 0 0 0 0 0 0 0 1 13152.5 13152.5 13152.5 13152.5
-1 -1 1 -1 -1 0.999863 0 0 0 0 0 -0.000306154 -0 0 0 -0 0 0 0 0 0 0 0 0 0 0 0 0 0 1 13152.5 13152.5 13152.5 13152.5
-1 -1 1 -1 -1 0.999862 0 0 0 0 0 -0.000293536 -0 0 0 -0 0 0 0 0 0 0 0 0 0 0 0 0 0 1 13152.4 13152.4 13152.4 13152.4
-1 -1 1 -1 -1 0.99986 0 0 0 0 0 -0.000281065 -0 0 0 -0 0 0 0 0 0 0 0 0 0 0 0 0 0 1 13152.4 13152.4 13152.4 13152.4
-1 -1 1 -1 -1 0.999859 0 0 0 0 0 -0.000268866 -0 0 0 -0 0 0 0 0 0 0 0 0 0 0 0 0 0 1 13152.4 13152.4 13152.4 13152.4
-1 -1 1 -1 -1 0.999858 0 0 0 0 0 -0.000256827 -0 0 0 -0 0 0 0 0 0 0 0 0 0 0 0 0 0 1 13152.3 13152.3 13152.3 13152.3
-1 -1 1 -1 -1 0.999856 0 0 0 0 0 -0.00024508 -0 0 0 -0 0 0 0 0 0 0 0 0 0 0 0 0 0 1 13152.3 13152.3 13152.3 13152.3
-1 -1 1 -1 -1 0.999855 0 0 0 0 0 -0.00023347 -0 0 0 -0 0 0 0 0 0 0 0 0 0 0 0 0 0 1 13152.3 13152.3 13152.3 13152.3
-1 -1 1 -1 -1 0.999854 0 0 0 0 0 -0.000222167 -0 0 0 -0 0 0 0 0 0 0 0 0 0 0 0 0 0 1 13152.2 13152.2 13152.2 13152.2
-1 -1 1 -1 -1 0.999853 0 0 0 0 0 -0.000211012 -0 0 0 -0 0 0 0 0 0 0 0 0 0 0 0 0 0 1 13152.2 13152.2 13152.2 13152.2
-1 -1 1 -1 -1 0.999852 0 0 0 0 0 -0.000200086 -0 0 0 -0 0 0 0 0 0 0 0 0 0 0 0 0 0 1 13152.2 13152.2 13152.2 13152.2
-1 -1 1 -1 -1 0.999851 0 0 0 0 0 -0.00018935 -0 0 0 -0 0 0 0 0 0 0 0 0 0 0 0 0 0 1 13152.2 13152.2 13152.2 13152.2
-1 -1 1 -1 -1 0.99985 0 0 0 0 0 -0.000178812 -0 0 0 -0 0 0 0 0 0 0 0 0 0 0 0 0 0 1 13152.1 13152.1 13152.1 13152.1
-1 -1 1 -1 -1 0.999849 0 0 0 0 0 -0.000168501 -0 0 0 -0 0 0 0 0 0 0 0 0 0 0 0 0 0 1 13152.1 13152.1 13152.1 13152.1
-1 -1 1 -1 -1 0.999848 0 0 0 0 0 -0.000158408 -0 0 0 -0 0 0 0 0 0 0 0 0 0 0 0 0 0 1 13152.1 13152.1 13152.1 13152.1
-1 -1 1 -1 -1 0.999847 0 0 0 0 0 -0.000148452 -0 0 0 -0 0 0 0 0 0 0 0 0 0 0 0 0 0 1 13152.1 13152.1 13152.1 13152.1
-1 -1 1 -1 -1 0.999847 0 0 0 0 0 -0.000138748 -0 0 0 -0 0 0 0 0 0 0 0 0 0 0 0 0 0 1 13152 13152 13152 13152
-1 -1 1 -1 -1 0.999846 0 0 0 0 0 -0.000129221 -0 0 0 -0 0 0 0 0 0 0 0 0 0 0 0 0 0 1 13152 13152 13152 13152
-1 -1 1 -1 -1 0.999845 0 0 0 0 0 -0.000119854 -0 0 0 -0 0 0 0 0 0 0 0 0 0 0 0 0 0 1 13152 13152 13152 13152
-1 -1 1 -1 -1 0.999845 0 0 0 0 0 -0.000110719 -0 0 0 -0 0 0 0 0 0 0 0 0 0 0 0 0 0 1 13152 13152 13152 13152
-1 -1 1 -1 -1 0.999844 0 0 0 0 0 -0.000101789 -0 0 0 -0 0 0 0 0 0 0 0 0 0 0 0 0 0 1 13151.9 13151.9 13151.9 13151.9
-1 -1 1 -1 -1 0.999844 0 0 0 0 0 -9.3007e-05 -0 0 0 -0 0 0 0 0 0 0 0 0 0 0 0 0 0 1 13151.9 13151.9 13151.9 13151.9
-1 -1 1 -1 -1 0.999843 0 0 0 0 0 -8.43803e-05 -0 0 0 -0 0 0 0 0 0 0 0 0 0 0 0 0 0 1 13151.9 13151.9 13151.9 13151.9
-1 -1 1 -1 -1 0.999843 0 0 0 0 0 -7.59699e-05 -0 0 0 -0 0 0 0 0 0 0 0 0 0 0 0 0 0 1 13151.9 13151.9 13151.9 13151.9
-1 -1 1 -1 -1 0.999842 0 0 0 0 0 -6.77268e-05 -0 0 0 -0 0 0 0 0 0 0 0 0 0 0 0 0 0 1 13151.8 13151.8 13151.8 13151.8
-1 -1 1 -1 -1 0.999842 0 0 0 0 0 -5.96668e-05 -0 0 0 -0 0 0 0 0 0 0 0 0 0 0 0 0 0 1 13151.8 13151.8 13151.8 13151.8
-1 -1 1 -1 -1 0.999842 0 0 0 0 0 -5.17395e-05 -0 0 0 -0 0 0 0 0 0 0 0 0 0 0 0 0 0 1 13151.8 13151.8 13151.8 13151.8
-1 -1 1 -1 -1 0.999841 0 0 0 0 0 -4.40147e-05 -0 0 0 -0 0 0 0 0 0 0 0 0 0 0 0 0 0 1 13151.8 13151.8 13151.8 13151.8
-1 -1 1 -1 -1 0.999841 0 0 0 0 0 -3.6423e-05 -0 0 0 -0 0 0 0 0 0 0 0 0 0 0 0 0 0 1 13151.7 13151.7 13151.7 13151.7
-1 -1 1 -1 -1 0.999841 0 0 0 0 0 -2.90513e-05 -0 0 0 -0 0 0 0 0 0 0 0 0 0 0 0 0 0 1 13151.7 13151.7 13151.7 13151.7
-1 -1 1 -1 -1 0.999841 0 0 0 0 0 -2.18186e-05 -0 0 0 -0 0 0 0 0 0 0 0 0 0 0 0 0 0 1 13151.7 13151.7 13151.7 13151.7
-1 -1 1 -1 -1 0.999841 0 0 0 0 0 -1.47204e-05 -0 0 0 -0 0 0 0 0 0 0 0 0 0 0 0 0 0 1 13151.7 13151.7 13151.7 13151.7
-1 -1 1 -1 -1 0.999841 0 0 0 0 0 -7.80296e-06 -0 0 0 -0 0 0 0 0 0 0 0 0 0 0 0 0 0 1 13151.7 13151.7 13151.7 13151.7
-1 -1 1 -1 -1 0.999841 0 0 0 0 0 -1.04512e-06 -0 0 0 -0 0 0 0 0 0 0 0 0 0 0 0 0 0 1 13151.6 13151.6 13151.6 13151.6
-1 -1 1 -1 -1 0.999841 0 0 0 0 0 5.54628e-06 -0 0 0 -0 0 0 0 0 0 0 0 0 0 0 0 0 0 1 13151.6 13151.6 13151.6 13151.6
-1 -1 1 -1 -1 0.999841 0 0 0 0 0 1.20165e-05 -0 0 0 -0 0 0 0 0 0 0 0 0 0 0 0 0 0 1 13151.6 13151.6 13151.6 13151.6
-1 -1 1 -1 -1 0.999841 0 0 0 0 0 1.8321e-05 -0 0 0 -0 0 0 0 0 0 0 0 0 0 0 0 0 0 1 13151.6 13151.6 13151.6 13151.6
-1 -1 1 -1 -1 0.999841 0 0 0 0 0 2.45114e-05 -0 0 0 -0 0 0 0 0 0 0 0 0 0 0 0 0 0 1 13151.6 13151.6 13151.6 13151.6
-1 -1 1 -1 -1 0.999841 0 0 0 0 0 3.05099e-05 -0 0 0 -0 0 0 0 0 0 0 0 0 0 0 0 0 0 1 13151.5 13151.5 13151.5 13151.5
-1 -1 1 -1 -1 0.999841 0 0 0 0 0 3.63687e-05 -0 0 0 -0 0 0 0 0 0 0 0 0 0 0 0 0 0 1 13151.5 13151.5 13151.5 13151.5
-1 -1 1 -1 -1 0.999841 0 0 0 0 0 4.20903e-05 -0 0 0 -0 0 0 0 0 0 0 0 0 0 0 0 0 0 1 13151.5 13151.5 13151.5 13151.5
-1 -1 1 -1 -1 0.999842 0 0 0 0 0 4.76781e-05 -0 0 0 -0 0 0 0 0 0 0 0 0 0 0 0 0 0 1 13151.5 13151.5 13151.5 13151.5
-1 -1 1 -1 -1 0.999842 0 0 0 0 0 5.3131e-05 -0 0 0 -0 0 0 0 0 0 0 0 0 0 0 0 0 0 1 13151.5 13151.5 13151.5 13151.5
-1 -1 1 -1 -1 0.999842 0 0 0 0 0 5.84551e-05 -0 0 0 -0 0 0 0 0 0 0 0 0 0 0 0 0 0 1 13151.4 13151.4 13151.4 13151.4
-1 -1 1 -1 -1 0.999842 0 0 0 0 0 6.36389e-05 -0 0 0 -0 0 0 0 0 0 0 0 0 0 0 0 0 0 1 13151.4 13151.4 13151.4 13151.4
-1 -1 1 -1 -1 0.999843 0 0 0 0 0 6.8722e-05 -0 0 0 -0 0 0 0 0 0 0 0 0 0 0 0 0 0 1 13151.4 13151.4 13151.4 13151.4
-1 -1 1 -1 -1 0.999843 0 0 0 0 0 7.36282e-05 -0 0 0 -0 0 0 0 0 0 0 0 0 0 0 0 0 0 1 13151.4 13151.4 13151.4 13151.4
-1 -1 1 -1 -1 0.999843 0 0 0 0 0 7.84273e-05 -0 0 0 -0 0 0 0 0 0 0 0 0 0 0 0 0 0 1 13151.4 13151.4 13151.4 13151.4
-1 -1 1 -1 -1 0.999844 0 0 0 0 0 8.30937e-05 -0 0 0 -0 0 0 0 0 0 0 0 0 0 0 0 0 0 1 13151.4 13151.4 13151.4 13151.4
-1 -1 1 -1 -1 0.999844 0 0 0 0 0 8.76328e-05 -0 0 0 -0 0 0 0 0 0 0 0 0 0 0 0 0 0 1 13151.3 13151.3 13151.3 13151.3
-1 -1 1 -1 -1 0.999845 0 0 0 0 0 9.20568e-05 -0 0 0 -0 0 0 0 0 0 0 0 0 0 0 0 0 0 1 13151.3 13151.3 13151.3 13151.3
-1 -1 1 -1 -1 0.999845 0 0 0 0 0 9.63675e-05 -0 0 0 -0 0 0 0 0 0 0 0 0 0 0 0 0 0 1 13151.3 13151.3 13151.3 13151.3
-1 -1 1 -1 -1 0.999846 0 0 0 0 0 0.000100554 -0 0 0 -0 0 0 0 0 0 0 0 0 0 0 0 0 0 1 13151.3 13151.3 13151.3 13151.3
-1 -1 1 -1 -1 0.999846 0 0 0 0 0 0.000104621 -0 0 0 -0 0 0 0 0 0 0 0 0 0 0 0 0 0 1 13151.3 13151.3 13151.3 13151.3
-1 -1 1 -1 -1 0.999847 0 0 0 0 0 0.000108572 -0 0 0 -0 0 0 0 0 0 0 0 0 0 0 0 0 0 1 13151.3 13151.3 13151.3 13151.3
-1 -1 1 -1 -1 0.999847 0 0 0 0 0 0.000112418 -0 0 0 -0 0 0 0 0 0 0 0 0 0 0 0 0 0 1 13151.3 13151.3 13151.3 13151.3
-1 -1 1 -1 -1 0.999848 0 0 0 0 0 0.00011616 -0 0 0 -0 0 0 0 0 0 0 0 0 0 0 0 0 0 1 13151.2 13151.2 13151.2 13151.2
-1 -1 1 -1 -1 0.999848 0 0 0 0 0 0.000119789 -0 0 0 -0 0 0 0 0 0 0 0 0 0 0 0 0 0 1 13151.2 13151.2 13151.2 13151.2
-1 -1 1 -1 -1 0.999849 0 0 0 0 0 0.00012332 -0 0 0 -0 0 0 0 0 0 0 0 0 0 0 0 0 0 1 13151.2 13151.2 13151.2 13151.2
-1 -1 1 -1 -1 0.999849 0 0 0 0 0 0.000126706 -0 0 0 -0 0 0 0 0 0 0 0 0 0 0 0 0 0 1 13151.2 13151.2 13151.2 13151.2
-1 -1 1 -1 -1 0.99985 0 0 0 0 0 0.00013001 -0 0 0 -0 0 0 0 0 0 0 0 0 0 0 0 0 0 1 13151.2 13151.2 13151.2 13151.2
-1 -1 1 -1 -1 0.999851 0 0 0 0 0 0.00013321 -0 0 0 -0 0 0 0 0 0 0 0 0 0 0 0 0 0 1 13151.2 13151.2 13151.2 13151.2
-1 -1 1 -1 -1 0.999851 0 0 0 0 0 0.000136306 -0 0 0 -0 0 0 0 0 0 0 0 0 0 0 0 0 0 1 13151.2 13151.2 13151.2 13151.2
-1 -1 1 -1 -1 0.999852 0 0 0 0 0 0.000139317 -0 0 0 -0 0 0 0 0 0 0 0 0 0 0 0 0 0 1 13151.1 13151.1 13151.1 13151.1
-1 -1 1 -1 -1 0.999853 0 0 0 0 0 0.000142224 -0 0 0 -0 0 0 0 0 0 0 0 0 0 0 0 0 0 1 13151.1 13151.1 13151.1 13151.1
-1 -1 1 -1 -1 0.999854 0 0 0 0 0 0.000145034 -0 0 0 -0 0 0 0 0 0 0 0 0 0 0 0 0 0 1 13151.1 13151.1 13151.1 13151.1
-1 -1 1 -1 -1 0.999854 0 0 0 0 0 0.000147752 -0 0 0 -0 0 0 0 0 0 0 0 0 0 0 0 0 0 1 13151.1 13151.1 13151.1 13151.1
-1 -1 1 -1 -1 0.999855 0 0 0 0 0 0.000150375 -0 0 0 -0 0 0 0 0 0 0 0 0 0 0 0 0 0 1 13151.1 13151.1 13151.1 13151.1
-1 -1 1 -1 -1 0.999856 0 0 0 0 0 0.000152916 -0 0 0 -0 0 0 0 0 0 0 0 0 0 0 0 0 0 1 13151.1 13151.1 13151.1 13151.1
-1 -1 1 -1 -1 0.999856 0 0 0 0 0 0.00015535 -0 0 0 -0 0 0 0 0 0 0 0 0 0 0 0 0 0 1 13151.1 13151.1 13151.1 13151.1
-1 -1 1 -1 -1 0.999857 0 0 0 0 0 0.000157712 -0 0 0 -0 0 0 0 0 0 0 0 0 0 0 0 0 0 1 13151.1 13151.1 13151.1 13151.1
-1 -1 1 -1 -1 0.999858 0 0 0 0 0 0.000159987 -0 0 0 -0 0 0 0 0 0 0 0 0 0 0 0 0 0 1 13151 13151 13151 13151
-1 -1 1 -1 -1 0.999859 0 0 0 0 0 0.000162175 -0 0 0 -0 0 0 0 0 0 0 0 0 0 0 0 0 0 1 13151 13151 13151 13151
-1 -1 1 -1 -1 0.99986 0 0 0 0 0 0.000164275 -0 0 0 -0 0 0 0 0 0 0 0 0 0 0 0 0 0 1 13151 13151 13151 13151
-1 -1 1 -1 -1 0.99986 0 0 0 0 0 0.000166291 -0 0 0 -0 0 0 0 0 0 0 0 0 0 0 0 0 0 1 13151 13151 13151 13151
-1 -1 1 -1 -1 0.999861 0 0 0 0 0 0.000168233 -0 0 0 -0 0 0 0 0 0 0 0 0 0 0 0 0 0 1 13151 13151 13151 13151
-1 -1 1 -1 -1 0.999862 0 0 0 0 0 0.000170102 -0 0 0 -0 0 0 0 0 0 0 0 0 0 0 0 0 0 1 13151 13151 13151 13151
-1 -1 1 -1 -1 0.999863 0 0 0 0 0 0.000171892 -0 0 0 -0 0 0 0 0 0 0 0 0 0 0 0 0 0 1 13151 13151 13151 13151
-1 -1 1 -1 -1 0.999864 0 0 0 0 0 0.000173595 -0 0 0 -0 0 0 0 0 0 0 0 0 0 0 0 0 0 1 13151 13151 13151 13151
-1 -1 1 -1 -1 0.999865 0 0 0 0 0 0.000175222 -0 0 0 -0 0 0 0 0 0 0 0 0 0 0 0 0 0 1 13151 13151 13151 13151
-1 -1 1 -1 -1 0.999866 0 0 0 0 0 0.000176777 -0 0 0 -0 0 0 0 0 0 0 0 0 0 0 0 0 0 1 13151 13151 13151 13151
-1 -1 1 -1 -1 0.999867 0 0 0 0 0 0.000178267 -0 0 0 -0 0 0 0 0 0 0 0 0 0 0 0 0 0 1 13150.9 13150.9 13150.9 13150.9
-1 -1 1 -1 -1 0.999867 0 0 0 0 0 0.000179685 -0 0 0 -0 0 0 0 0 0 0 0 0 0 0 0 0 0 1 13150.9 13150.9 13150.9 13150.9
-1 -1 1 -1 -1 0.999868 0 0 0 0 0 0.000181032 -0 0 0 -0 0 0 0 0 0 0 0 0 0 0 0 0 0 1 13150.9 13150.9 13150.9 13150.9
-1 -1 1 -1 -1 0.999869 0 0 0 0 0 0.000182312 -0 0 0 -0 0 0 0 0 0 0 0 0 0 0 0 0 0 1 13150.9 13150.9 13150.9 13150.9
-1 -1 1 -1 -1 0.99987 0 0 0 0 0 0.000183525 -0 0 0 -0 0 0 0 0 0 0 0 0 0 0 0 0 0 1 13150.9 13150.9 13150.9 13150.9
-1 -1 1 -1 -1 0.999871 0 0 0 0 0 0.000184675 -0 0 0 -0 0 0 0 0 0 0 0 0 0 0 0 0 0 1 13150.9 13150.9 13150.9 13150.9
-1 -1 1 -1 -1 0.999872 0 0 0 0 0 0.000185758 -0 0 0 -0 0 0 0 0 0 0 0 0 0 0 0 0 0 1 13150.9 13150.9 13150.9 13150.9
-1 -1 1 -1 -1 0.999873 0 0 0 0 0 0.000186781 -0 0 0 -0 0 0 0 0 0 0 0 0 0 0 0 0 0 1 13150.9 13150.9 13150.9 13150.9
-1 -1 1 -1 -1 0.999874 0 0 0 0 0 0.000187734 -0 0 0 -0 0 0 0 0 0 0 0 0 0 0 0 0 0 1 13150.9 13150.9 13150.9 13150.9
-1 -1 1 -1 -1 0.999875 0 0 0 0 0 0.000188628 -0 0 0 -0 0 0 0 0 0 0 0 0 0 0 0 0 0 1 13150.9 13150.9 13150.9 13150.9
-1 -1 1 -1 -1 0.999876 0 0 0 0 0 0.000189466 -0 0 0 -0 0 0 0 0 0 0 0 0 0 0 0 0 0 1 13150.9 13150.9 13150.9 13150.9
-1 -1 1 -1 -1 0.999877 0 0 0 0 0 0.000190246 -0 0 0 -0 0 0 0 0 0 0 0 0 0 0 0 0 0 1 13150.8 13150.8 13150.8 13150.8
-1 -1 1 -1 -1 0.999878 0 0 0 0 0 0.000190963 -0 0 0 -0 0 0 0 0 0 0 0 0 0 0 0 0 0 1 13150.8 13150.8 13150.8 13150.8
-1 -1 1 -1 -1 0.999879 0 0 0 0 0 0.00019163 -0 0 0 -0 0 0 0 0 0 0 0 0 0 0 0 0 0 1 13150.8 13150.8 13150.8 13150.8
-1 -1 1 -1 -1 0.99988 0 0 0 0 0 0.000192239 -0 0 0 -0 0 0 0 0 0 0 0 0 0 0 0 0 0 1 13150.8 13150.8 13150.8 13150.8
-1 -1 1 -1 -1 0.99988 0 0 0 0 0 0.000192799 -0 0 0 -0 0 0 0 0 0 0 0 0 0 0 0 0 0 1 13150.8 13150.8 13150.8 13150.8
-1 -1 1 -1 -1 0.999881 0 0 0 0 0 0.000193306 -0 0 0 -0 0 0 0 0 0 0 0 0 0 0 0 0 0 1 13150.8 13150.8 13150.8 13150.8
-1 -1 1 -1 -1 0.999882 0 0 0 0 0 0.000193763 -0 0 0 -0 0 0 0 0 0 0 0 0 0 0 0 0 0 1 13150.8 13150.8 13150.8 13150.8
-1 -1 1 -1 -1 0.999883 0 0 0 0 0 0.000194169 -0 0 0 -0 0 0 0 0 0 0 0 0 0 0 0 0 0 1 13150.8 13150.8 13150.8 13150.8
-1 -1 1 -1 -1 0.999884 0 0 0 0 0 0.000194523 -0 0 0 -0 0 0 0 0 0 0 0 0 0 0 0 0 0 1 13150.8 13150.8 13150.8 13150.8
-1 -1 1 -1 -1 0.999885 0 0 0 0 0 0.000194827 -0 0 0 -0 0 0 0 0 0 0 0 0 0 0 0 0 0 1 13150.8 13150.8 13150.8 13150.8
-1 -1 1 -1 -1 0.999886 0 0 0 0 0 0.000195087 -0 0 0 -0 0 0 0 0 0 0 0 0 0 0 0 0 0 1 13150.8 13150.8 13150.8 13150.8
-1 -1 1 -1 -1 0.999887 0 0 0 0 0 0.000195297 -0 0 0 -0 0 0 0 0 0 0 0 0 0 0 0 0 0 1 13150.8 13150.8 13150.8 13150.8
-1 -1 1 -1 -1 0.999888 0 0 0 0 0 0.000195462 -0 0 0 -0 0 0 0 0 0 0 0 0 0 0 0 0 0 1 13150.8 13150.8 13150.8 13150.8
-1 -1 1 -1 -1 0.999889 0 0 0 0 0 0.000195583 -0 0 0 -0 0 0 0 0 0 0 0 0 0 0 0 0 0 1 13150.8 13150.8 13150.8 13150.8
-1 -1 1 -1 -1 0.99989 0 0 0 0 0 0.000195661 -0 0 0 -0 0 0 0 0 0 0 0 0 0 0 0 0 0 1 13150.8 13150.8 13150.8 13150.8
-1 -1 1 -1 -1 0.999891 0 0 0 0 0 0.000195703 -0 0 0 -0 0 0 0 0 0 0 0 0 0 0 0 0 0 1 13150.8 13150.8 13150.8 13150.8
-1 -1 1 -1 -1 0.999892 0 0 0 0 0 0.000195701 -0 0 0 -0 0 0 0 0 0 0 0 0 0 0 0 0 0 1 13150.7 13150.7 13150.7 13150.7
-1 -1 1 -1 -1 0.999893 0 0 0 0 0 0.000195655 -0 0 0 -0 0 0 0 0 0 0 0 0 0 0 0 0 0 1 13150.7 13150.7 13150.7 13150.7
-1 -1 1 -1 -1 0.999894 0 0 0 0 0 0.000195573 -0 0 0 -0 0 0 0 0 0 0 0 0 0 0 0 0 0 1 13150.7 13150.7 13150.7 13150.7
-1 -1 1 -1 -1 0.999895 0 0 0 0 0 0.000195453 -0 0 0 -0 0 0 0 0 0 0 0 0 0 0 0 0 0 1 13150.7 13150.7 13150.7 13150.7
-1 -1 1 -1 -1 0.999896 0 0 0 0 0 0.000195292 -0 0 0 -0 0 0 0 0 0 0 0 0 0 0 0 0 0 1 13150.7 13150.7 13150.7 13150.7
-1 -1 1 -1 -1 0.999897 0 0 0 0 0 0.000195128 -0 0 0 -0 0 0 0 0 0 0 0 0 0 0 0 0 0 1 13150.7 13150.7 13150.7 13150.7
-1 -1 1 -1 -1 0.999898 0 0 0 0 0 0.000194894 -0 0 0 -0 0 0 0 0 0 0 0 0 0 0 0 0 0 1 13150.7 13150.7 13150.7 13150.7
-1 -1 1 -1 -1 0.999899 0 0 0 0 0 0.000194629 -0 0 0 -0 0 0 0 0 0 0 0 0 0 0 0 0 0 1 13150.7 13150.7 13150.7 13150.7
-1 -1 1 -1 -1 0.9999 0 0 0 0 0 0.000194328 -0 0 0 -0 0 0 0 0 0 0 0 0 0 0 0 0 0 1 13150.7 13150.7 13150.7 13150.7
-1 -1 1 -1 -1 0.999901 0 0 0 0 0 0.00019399 -0 0 0 -0 0 0 0 0 0 0 0 0 0 0 0 0 0 1 13150.7 13150.7 13150.7 13150.7
-1 -1 1 -1 -1 0.999902 0 0 0 0 0 0.000193623 -0 0 0 -0 0 0 0 0 0 0 0 0 0 0 0 0 0 1 13150.7 13150.7 13150.7 13150.7
-1 -1 1 -1 -1 0.999903 0 0 0 0 0 0.000193222 -0 0 0 -0 0 0 0 0 0 0 0 0 0 0 0 0 0 1 13150.7 13150.7 13150.7 13150.7
-1 -1 1 -1 -1 0.999904 0 0 0 0 0 0.000192791 -0 0 0 -0 0 0 0 0 0 0 0 0 0 0 0 0 0 1 13150.7 13150.7 13150.7 13150.7
-1 -1 1 -1 -1 0.999905 0 0 0 0 0 0.00019233 -0 0 0 -0 0 0 0 0 0 0 0 0 0 0 0 0 0 1 13150.7 13150.7 13150.7 13150.7
-1 -1 1 -1 -1 0.999906 0 0 0 0 0 0.000191839 -0 0 0 -0 0 0 0 0 0 0 0 0 0 0 0 0 0 1 13150.7 13150.7 13150.7 13150.7
-1 -1 1 -1 -1 0.999907 0 0 0 0 0 0.000191319 -0 0 0 -0 0 0 0 0 0 0 0 0 0 0 0 0 0 1 13150.7 13150.7 13150.7 13150.7
-1 -1 1 -1 -1 0.999908 0 0 0 0 0 0.000190772 -0 0 0 -0 0 0 0 0 0 0 0 0 0 0 0 0 0 1 13150.7 13150.7 13150.7 13150.7
-1 -1 1 -1 -1 0.999909 0 0 0 0 0 0.000190201 -0 0 0 -0 0 0 0 0 0 0 0 0 0 0 0 0 0 1 13150.7 13150.7 13150.7 13150.7
-1 -1 1 -1 -1 0.99991 0 0 0 0 0 0.000189601 -0 0 0 -0 0 0 0 0 0 0 0 0 0 0 0 0 0 1 13150.7 13150.7 13150.7 13150.7
-1 -1 1 -1 -1 0.999911 0 0 0 0 0 0.00018898 -0 0 0 -0 0 0 0 0 0 0 0 0 0 0 0 0 0 1 13150.7 13150.7 13150.7 13150.7
-1 -1 1 -1 -1 0.999911 0 0 0 0 0 0.000188329 -0 0 0 -0 0 0 0 0 0 0 0 0 0 0 0 0 0 1 13150.7 13150.7 13150.7 13150.7
-1 -1 1 -1 -1 0.999912 0 0 0 0 0 0.000187656 -0 0 0 -0 0 0 0 0 0 0 0 0 0 0 0 0 0 1 13150.7 13150.7 13150.7 13150.7
-1 -1 1 -1 -1 0.999913 0 0 0 0 0 0.000186965 -0 0 0 -0 0 0 0 0 0 0 0 0 0 0 0 0 0 1 13150.7 13150.7 13150.7 13150.7
-1 -1 1 -1 -1 0.999914 0 0 0 0 0 0.000186246 -0 0 0 -0 0 0 0 0 0 0 0 0 0 0 0 0 0 1 13150.7 13150.7 13150.7 13150.7
-1 -1 1 -1 -1 0.999915 0 0 0 0 0 0.000185511 -0 0 0 -0 0 0 0 0 0 0 0 0 0 0 0 0 0 1 13150.6 13150.6 13150.6 13150.6
-1 -1 1 -1 -1 0.999916 0 0 0 0 0 0.00018475 -0 0 0 -0 0 0 0 0 0 0 0 0 0 0 0 0 0 1 13150.6 13150.6 13150.6 13150.6
-1 -1 1 -1 -1 0.999917 0 0 0 0 0 0.000183969 -0 0 0 -0 0 0 0 0 0 0 0 0 0 0 0 0 0 1 13150.6 13150.6 13150.6 13150.6
-1 -1 1 -1 -1 0.999918 0 0 0 0 0 0.000183166 -0 0 0 -0 0 0 0 0 0 0 0 0 0 0 0 0 0 1 13150.6 13150.6 13150.6 13150.6
-1 -1 1 -1 -1 0.999919 0 0 0 0 0 0.000182339 -0 0 0 -0 0 0 0 0 0 0 0 0 0 0 0 0 0 1 13150.6 13150.6 13150.6 13150.6
-1 -1 1 -1 -1 0.99992 0 0 0 0 0 0.0001815 -0 0 0 -0 0 0 0 0 0 0 0 0 0 0 0 0 0 1 13150.6 13150.6 13150.6 13150.6
-1 -1 1 -1 -1 0.999921 0 0 0 0 0 0.000180635 -0 0 0 -0 0 0 0 0 0 0 0 0 0 0 0 0 0 1 13150.6 13150.6 13150.6 13150.6
-1 -1 1 -1 -1 0.999922 0 0 0 0 0 0.00017976 -0 0 0 -0 0 0 0 0 0 0 0 0 0 0 0 0 0 1 13150.6 13150.6 13150.6 13150.6
-1 -1 1 -1 -1 0.999923 0 0 0 0 0 0.000178865 -0 0 0 -0 0 0 0 0 0 0 0 0 0 0 0 0 0 1 13150.6 13150.6 13150.6 13150.6
-1 -1 1 -1 -1 0.999923 0 0 0 0 0 0.000177952 -0 0 0 -0 0 0 0 0 0 0 0 0 0 0 0 0 0 1 13150.6 13150.6 13150.6 13150.6
-1 -1 1 -1 -1 0.999924 0 0 0 0 0 0.000177024 -0 0 0 -0 0 0 0 0 0 0 0 0 0 0 0 0 0 1 13150.6 13150.6 13150.6 13150.6
-1 -1 1 -1 -1 0.999925 0 0 0 0 0 0.000176078 -0 0 0 -0 0 0 0 0 0 0 0 0 0 0 0 0 0 1 13150.6 13150.6 13150.6 13150.6
-1 -1 1 -1 -1 0.999926 0 0 0 0 0 0.000175123 -0 0 0 -0 0 0 0 0 0 0 0 0 0 0 0 0 0 1 13150.6 13150.6 13150.6 13150.6
-1 -1 1 -1 -1 0.999927 0 0 0 0 0 0.000174154 -0 0 0 -0 0 0 0 0 0 0 0 0 0 0 0 0 0 1 13150.6 13150.6 13150.6 13150.6
-1 -1 1 -1 -1 0.999928 0 0 0 0 0 0.000173167 -0 0 0 -0 0 0 0 0 0 0 0 0 0 0 0 0 0 1 13150.6 13150.6 13150.6 13150.6
-1 -1 1 -1 -1 0.999929 0 0 0 0 0 0.000172169 -0 0 0 -0 0 0 0 0 0 0 0 0 0 0 0 0 0 1 13150.6 13150.6 13150.6 13150.6
-1 -1 1 -1 -1 0.99993 0 0 0 0 0 0.000171156 -0 0 0 -0 0 0 0 0 0 0 0 0 0 0 0 0 0 1 13150.6 13150.6 13150.6 13150.6
-1 -1 1 -1 -1 0.99993 0 0 0 0 0 0.000170133 -0 0 0 -0 0 0 0 0 0 0 0 0 0 0 0 0 0 1 13150.6 13150.6 13150.6 13150.6
-1 -1 1 -1 -1 0.999931 0 0 0 0 0 0.000169096 -0 0 0 -0 0 0 0 0 0 0 0 0 0 0 0 0 0 1 13150.6 13150.6 13150.6 13150.6
-1 -1 1 -1 -1 0.999932 0 0 0 0 0 0.000168043 -0 0 0 -0 0 0 0 0 0 0 0 0 0 0 0 0 0 1 13150.6 13150.6 13150.6 13150.6
-1 -1 1 -1 -1 0.999933 0 0 0 0 0 0.000166984 -0 0 0 -0 0 0 0 0 0 0 0 0 0 0 0 0 0 1 13150.6 13150.6 13150.6 13150.6
-1 -1 1 -1 -1 0.999934 0 0 0 0 0 0.000165919 -0 0 0 -0 0 0 0 0 0 0 0 0 0 0 0 0 0 1 13150.6 13150.6 13150.6 13150.6
-1 -1 1 -1 -1 0.999935 0 0 0 0 0 0.000164836 -0 0 0 -0 0 0 0 0 0 0 0 0 0 0 0 0 0 1 13150.6 13150.6 13150.6 13150.6
-1 -1 1 -1 -1 0.999935 0 0 0 0 0 0.00016375 -0 0 0 -0 0 0 0 0 0 0 0 0 0 0 0 0 0 1 13150.6 13150.6 13150.6 13150.6
-1 -1 1 -1 -1 0.999936 0 0 0 0 0 0.000162655 -0 0 0 -0 0 0 0 0 0 0 0 0 0 0 0 0 0 1 13150.6 13150.6 13150.6 13150.6
-1 -1 1 -1 -1 0.999937 0 0 0 0 0 0.000161545 -0 0 0 -0 0 0 0 0 0 0 0 0 0 0 0 0 0 1 13150.6 13150.6 13150.6 13150.6
-1 -1 1 -1 -1 0.999938 0 0 0 0 0 0.000160425 -0 0 0 -0 0 0 0 0 0 0 0 0 0 0 0 0 0 1 13150.6 13150.6 13150.6 13150.6
-1 -1 1 -1 -1 0.999939 0 0 0 0 0 0.000159301 -0 0 0 -0 0 0 0 0 0 0 0 0 0 0 0 0 0 1 13150.6 13150.6 13150.6 13150.6
-1 -1 1 -1 -1 0.999939 0 0 0 0 0 0.000158174 -0 0 0 -0 0 0 0 0 0 0 0 0 0 0 0 0 0 1 13150.6 13150.6 13150.6 13150.6
-1 -1 1 -1 -1 0.99994 0 0 0 0 0 0.000157031 -0 0 0 -0 0 0 0 0 0 0 0 0 0 0 0 0 0 1 13150.6 13150.6 13150.6 13150.6
-1 -1 1 -1 -1 0.999941 0 0 0 0 0 0.000155891 -0 0 0 -0 0 0 0 0 0 0 0 0 0 0 0 0 0 1 13150.6 13150.6 13150.6 13150.6
-1 -1 1 -1 -1 0.999942 0 0 0 0 0 0.000154743 -0 0 0 -0 0 0 0 0 0 0 0 0 0 0 0 0 0 1 13150.6 13150.6 13150.6 13150.6
-1 -1 1 -1 -1 0.999943 0 0 0 0 0 0.000153588 -0 0 0 -0 0 0 0 0 0 0 0 0 0 0 0 0 0 1 13150.6 13150.6 13150.6 13150.6
-1 -1 1 -1 -1 0.999943 0 0 0 0 0 0.00015243 -0 0 0 -0 0 0 0 0 0 0 0 0 0 0 0 0 0 1 13150.6 13150.6 13150.6 13150.6
-1 -1 1 -1 -1 0.999944 0 0 0 0 0 0.000151261 -0 0 0 -0 0 0 0 0 0 0 0 0 0 0 0 0 0 1 13150.6 13150.6 13150.6 13150.6
-1 -1 1 -1 -1 0.999945 0 0 0 0 0 0.000150095 -0 0 0 -0 0 0 0 0 0 0 0 0 0 0 0 0 0 1 13150.6 13150.6 13150.6 13150.6
-1 -1 1 -1 -1 0.999946 0 0 0 0 0 0.000148922 -0 0 0 -0 0 0 0 0 0 0 0 0 0 0 0 0 0 1 13150.6 13150.6 13150.6 13150.6
-1 -1 1 -1 -1 0.999946 0 0 0 0 0 0.000147745 -0 0 0 -0 0 0 0 0 0 0 0 0 0 0 0 0 0 1 13150.6 13150.6 13150.6 13150.6
-1 -1 1 -1 -1 0.999947 0 0 0 0 0 0.00014656 -0 0 0 -0 0 0 0 0 0 0 0 0 0 0 0 0 0 1 13150.6 13150.6 13150.6 13150.6
-1 -1 1 -1 -1 0.999948 0 0 0 0 0 0.000145382 -0 0 0 -0 0 0 0 0 0 0 0 0 0 0 0 0 0 1 13150.6 13150.6 13150.6 13150.6
-1 -1 1 -1 -1 0.999949 0 0 0 0 0 0.000144188 -0 0 0 -0 0 0 0 0 0 0 0 0 0 0 0 0 0 1 13150.6 13150.6 13150.6 13150.6
-1 -1 1 -1 -1 0.999949 0 0 0 0 0 0.000142998 -0 0 0 -0 0 0 0 0 0 0 0 0 0 0 0 0 0 1 13150.6 13150.6 13150.6 13150.6
-1 -1 1 -1 -1 0.99995 0 0 0 0 0 0.000141801 -0 0 0 -0 0 0 0 0 0 0 0 0 0 0 0 0 0 1 13150.6 13150.6 13150.6 13150.6
-1 -1 1 -1 -1 0.999951 0 0 0 0 0 0.000140606 -0 0 0 -0 0 0 0 0 0 0 0 0 0 0 0 0 0 1 13150.6 13150.6 13150.6 13150.6
-1 -1 1 -1 -1 0.999951 0 0 0 0 0 0.000139406 -0 0 0 -0 0 0 0 0 0 0 0 0 0 0 0 0 0 1 13150.6 13150.6 13150.6 13150.6
-1 -1 1 -1 -1 0.999952 0 0 0 0 0 0.000138211 -0 0 0 -0 0 0 0 0 0 0 0 0 0 0 0 0 0 1 13150.6 13150.6 13150.6 13150.6
-1 -1 1 -1 -1 0.999953 0 0 0 0 0 0.000137014 -0 0 0 -0 0 0 0 0 0 0 0 0 0 0 0 0 0 1 13150.6 13150.6 13150.6 13150.6
-1 -1 1 -1 -1 0.999954 0 0 0 0 0 0.000135813 -0 0 0 -0 0 0 0 0 0 0 0 0 0 0 0 0 0 1 13150.6 13150.6 13150.6 13150.6
-1 -1 1 -1 -1 0.999954 0 0 0 0 0 0.000134605 -0 0 0 -0 0 0 0 0 0 0 0 0 0 0 0 0 0 1 13150.6 13150.6 13150.6 13150.6
-1 -1 1 -1 -1 0.999955 0 0 0 0 0 0.000133407 -0 0 0 -0 0 0 0 0 0 0 0 0 0 0 0 0 0 1 13150.6 13150.6 13150.6 13150.6
-1 -1 1 -1 -1 0.999956 0 0 0 0 0 0.000132201 -0 0 0 -0 0 0 0 0 0 0 0 0 0 0 0 0 0 1 13150.6 13150.6 13150.6 13150.6
-1 -1 1 -1 -1 0.999956 0 0 0 0 0 0.000130993 -0 0 0 -0 0 0 0 0 0 0 0 0 0 0 0 0 0 1 13150.6 13150.6 13150.6 13150.6
-1 -1 1 -1 -1 0.999957 0 0 0 0 0 0.000129787 -0 0 0 -0 0 0 0 0 0 0 0 0 0 0 0 0 0 1 13150.6 13150.6 13150.6 13150.6
-1 -1 1 -1 -1 0.999957 0 0 0 0 0 0.00012859 -0 0 0 -0 0 0 0 0 0 0 0 0 0 0 0 0 0 1 13150.6 13150.6 13150.6 13150.6
-1 -1 1 -1 -1 0.999958 0 0 0 0 0 0.000127391 -0 0 0 -0 0 0 0 0 0 0 0 0 0 0 0 0 0 1 13150.6 13150.6 13150.6 13150.6
-1 -1 1 -1 -1 0.999959 0 0 0 0 0 0.000126196 -0 0 0 -0 0 0 0 0 0 0 0 0 0 0 0 0 0 1 13150.6 13150.6 13150.6 13150.6
-1 -1 1 -1 -1 0.999959 0 0 0 0 0 0.000125 -0 0 0 -0 0 0 0 0 0 0 0 0 0 0 0 0 0 1 13150.6 13150.6 13150.6 13150.6
-1 -1 1 -1 -1 0.99996 0 0 0 0 0 0.0001238 -0 0 0 -0 0 0 0 0 0 0 0 0 0 0 0 0 0 1 13150.6 13150.6 13150.6 13150.6
-1 -1 1 -1 -1 0.999961 0 0 0 0 0 0.000122602 -0 0 0 -0 0 0 0 0 0 0 0 0 0 0 0 0 0 1 13150.6 13150.6 13150.6 13150.6
-1 -1 1 -1 -1 0.999961 0 0 0 0 0 0.000121415 -0 0 0 -0 0 0 0 0 0 0 0 0 0 0 0 0 0 1 13150.6 13150.6 13150.6 13150.6
-1 -1 1 -1 -1 0.999962 0 0 0 0 0 0.000120222 -0 0 0 -0 0 0 0 0 0 0 0 0 0 0 0 0 0 1 13150.6 13150.6 13150.6 13150.6
-1 -1 1 -1 -1 0.999962 0 0 0 0 0 0.000119032 -0 0 0 -0 0 0 0 0 0 0 0 0 0 0 0 0 0 1 13150.6 13150.6 13150.6 13150.6
-1 -1 1 -1 -1 0.999963 0 0 0 0 0 0.000117846 -0 0 0 -0 0 0 0 0 0 0 0 0 0 0 0 0 0 1 13150.6 13150.6 13150.6 13150.6
-1 -1 1 -1 -1 0.999964 0 0 0 0 0 0.000116663 -0 0 0 -0 0 0 0 0 0 0 0 0 0 0 0 0 0 1 13150.6 13150.6 13150.6 13150.6
-1 -1 1 -1 -1 0.999964 0 0 0 0 0 0.00011548 -0 0 0 -0 0 0 0 0 0 0 0 0 0 0 0 0 0 1 13150.6 13150.6 13150.6 13150.6
-1 -1 1 -1 -1 0.999965 0 0 0 0 0 0.000114305 -0 0 0 -0 0 0 0 0 0 0 0 0 0 0 0 0 0 1 13150.6 13150.6 13150.6 13150.6
-1 -1 1 -1 -1 0.999965 0 0 0 0 0 0.000113128 -0 0 0 -0 0 0 0 0 0 0 0 0 0 0 0 0 0 1 13150.6 13150.6 13150.6 13150.6
-1 -1 1 -1 -1 0.999966 0 0 0 0 0 0.000111962 -0 0 0 -0 0 0 0 0 0 0 0 0 0 0 0 0 0 1 13150.6 13150.6 13150.6 13150.6
-1 -1 1 -1 -1 0.999967 0 0 0 0 0 0.000110796 -0 0 0 -0 0 0 0 0 0 0 0 0 0 0 0 0 0 1 13150.6 13150.6 13150.6 13150.6
-1 -1 1 -1 -1 0.999967 0 0 0 0 0 0.000109636 -0 0 0 -0 0 0 0 0 0 0 0 0 0 0 0 0 0 1 13150.6 13150.6 13150.6 13150.6
-1 -1 1 -1 -1 0.999968 0 0 0 0 0 0.000108474 -0 0 0 -0 0 0 0 0 0 0 0 0 0 0 0 0 0 1 13150.6 13150.6 13150.6 13150.6
-1 -1 1 -1 -1 0.999968 0 0 0 0 0 0.000107319 -0 0 0 -0 0 0 0 0 0 0 0 0 0 0 0 0 0 1 13150.6 13150.6 13150.6 13150.6
-1 -1 1 -1 -1 0.999969 0 0 0 0 0 0.000106168 -0 0 0 -0 0 0 0 0 0 0 0 0 0 0 0 0 0 1 13150.6 13150.6 13150.6 13150.6
-1 -1 1 -1 -1 0.999969 0 0 0 0 0 0.000105022 -0 0 0 -0 0 0 0 0 0 0 0 0 0 0 0 0 0 1 13150.6 13150.6 13150.6 13150.6
-1 -1 1 -1 -1 0.99997 0 0 0 0 0 0.000103876 -0 0 0 -0 0 0 0 0 0 0 0 0 0 0 0 0 0 1 13150.6 13150.6 13150.6 13150.6
-1 -1 1 -1 -1 0.99997 0 0 0 0 0 0.000102738 -0 0 0 -0 0 0 0 0 0 0 0 0 0 0 0 0 0 1 13150.6 13150.6 13150.6 13150.6
-1 -1 1 -1 -1 0.999971 0 0 0 0 0 0.000101605 -0 0 0 -0 0 0 0 0 0 0 0 0 0 0 0 0 0 1 13150.6 13150.6 13150.6 13150.6
-1 -1 1 -1 -1 0.999971 0 0 0 0 0 0.000100477 -0 0 0 -0 0 0 0 0 0 0 0 0 0 0 0 0 0 1 13150.6 13150.6 13150.6 13150.6
-1 -1 1 -1 -1 0.999972 0 0 0 0 0 9.93529e-05 -0 0 0 -0 0 0 0 0 0 0 0 0 0 0 0 0 0 1 13150.6 13150.6 13150.6 13150.6
-1 -1 1 -1 -1 0.999972 0 0 0 0 0 9.82323e-05 -0 0 0 -0 0 0 0 0 0 0 0 0 0 0 0 0 0 1 13150.6 13150.6 13150.6 13150.6
-1 -1 1 -1 -1 0.999973 0 0 0 0 0 9.71158e-05 -0 0 0 -0 0 0 0 0 0 0 0 0 0 0 0 0 0 1 13150.6 13150.6 13150.6 13150.6
-1 -1 1 -1 -1 0.999973 0 0 0 0 0 9.60073e-05 -0 0 0 -0 0 0 0 0 0 0 0 0 0 0 0 0 0 1 13150.6 13150.6 13150.6 13150.6
-1 -1 1 -1 -1 0.999974 0 0 0 0 0 9.49048e-05 -0 0 0 -0 0 0 0 0 0 0 0 0 0 0 0 0 0 1 13150.6 13150.6 13150.6 13150.6
-1 -1 1 -1 -1 0.999974 0 0 0 0 0 9.3812e-05 -0 0 0 -0 0 0 0 0 0 0 0 0 0 0 0 0 0 1 13150.6 13150.6 13150.6 13150.6
-1 -1 1 -1 -1 0.999975 0 0 0 0 0 9.27159e-05 -0 0 0 -0 0 0 0 0 0 0 0 0 0 0 0 0 0 1 13150.6 13150.6 13150.6 13150.6
-1 -1 1 -1 -1 0.999975 0 0 0 0 0 9.16293e-05 -0 0 0 -0 0 0 0 0 0 0 0 0 0 0 0 0 0 1 13150.6 13150.6 13150.6 13150.6
-1 -1 1 -1 -1 0.999976 0 0 0 0 0 9.05472e-05 -0 0 0 -0 0 0 0 0 0 0 0 0 0 0 0 0 0 1 13150.6 13150.6 13150.6 13150.6
-1 -1 1 -1 -1 0.999976 0 0 0 0 0 8.9475e-05 -0 0 0 -0 0 0 0 0 0 0 0 0 0 0 0 0 0 1 13150.6 13150.6 13150.6 13150.6
-1 -1 1 -1 -1 0.999977 0 0 0 0 0 8.84041e-05 -0 0 0 -0 0 0 0 0 0 0 0 0 0 0 0 0 0 1 13150.6 13150.6 13150.6 13150.6
-1 -1 1 -1 -1 0.999977 0 0 0 0 0 8.73406e-05 -0 0 0 -0 0 0 0 0 0 0 0 0 0 0 0 0 0 1 13150.6 13150.6 13150.6 13150.6
-1 -1 1 -1 -1 0.999977 0 0 0 0 0 8.62864e-05 -0 0 0 -0 0 0 0 0 0 0 0 0 0 0 0 0 0 1 13150.6 13150.6 13150.6 13150.6
-1 -1 1 -1 -1 0.999978 0 0 0 0 0 8.5234e-05 -0 0 0 -0 0 0 0 0 0 0 0 0 0 0 0 0 0 1 13150.6 13150.6 13150.6 13150.6
-1 -1 1 -1 -1 0.999978 0 0 0 0 0 8.41847e-05 -0 0 0 -0 0 0 0 0 0 0 0 0 0 0 0 0 0 1 13150.6 13150.6 13150.6 13150.6
-1 -1 1 -1 -1 0.999979 0 0 0 0 0 8.3154e-05 -0 0 0 -0 0 0 0 0 0 0 0 0 0 0 0 0 0 1 13150.6 13150.6 13150.6 13150.6
-1 -1 1 -1 -1 0.999979 0 0 0 0 0 8.21244e-05 -0 0 0 -0 0 0 0 0 0 0 0 0 0 0 0 0 0 1 13150.6 13150.6 13150.6 13150.6
-1 -1 1 -1 -1 0.999979 0 0 0 0 0 8.11034e-05 -0 0 0 -0 0 0 0 0 0 0 0 0 0 0 0 0 0 1 13150.6 13150.6 13150.6 13150.6
-1 -1 1 -1 -1 0.99998 0 0 0 0 0 8.00851e-05 -0 0 0 -0 0 0 0 0 0 0 0 0 0 0 0 0 0 1 13150.6 13150.6 13150.6 13150.6
-1 -1 1 -1 -1 0.99998 0 0 0 0 0 7.9081e-05 -0 0 0 -0 0 0 0 0 0 0 0 0 0 0 0 0 0 1 13150.6 13150.6 13150.6 13150.6
-1 -1 1 -1 -1 0.999981 0 0 0 0 0 7.80735e-05 -0 0 0 -0 0 0 0 0 0 0 0 0 0 0 0 0 0 1 13150.6 13150.6 13150.6 13150.6
-1 -1 1 -1 -1 0.999981 0 0 0 0 0 7.70662e-05 -0 0 0 -0 0 0 0 0 0 0 0 0 0 0 0 0 0 1 13150.6 13150.6 13150.6 13150.6
-1 -1 1 -1 -1 0.999981 0 0 0 0 0 7.60759e-05 -0 0 0 -0 0 0 0 0 0 0 0 0 0 0 0 0 0 1 13150.6 13150.6 13150.6 13150.6
-1 -1 1 -1 -1 0.999982 0 0 0 0 0 7.50923e-05 -0 0 0 -0 0 0 0 0 0 0 0 0 0 0 0 0 0 1 13150.6 13150.6 13150.6 13150.6
-1 -1 1 -1 -1 0.999982 0 0 0 0 0 7.41109e-05 -0 0 0 -0 0 0 0 0 0 0 0 0 0 0 0 0 0 1 13150.6 13150.6 13150.6 13150.6
-1 -1 1 -1 -1 0.999983 0 0 0 0 0 7.31439e-05 -0 0 0 -0 0 0 0 0 0 0 0 0 0 0 0 0 0 1 13150.6 13150.6 13150.6 13150.6
-1 -1 1 -1 -1 0.999983 0 0 0 0 0 7.21791e-05 -0 0 0 -0 0 0 0 0 0 0 0 0 0 0 0 0 0 1 13150.6 13150.6 13150.6 13150.6
-1 -1 1 -1 -1 0.999983 0 0 0 0 0 7.12197e-05 -0 0 0 -0 0 0 0 0 0 0 0 0 0 0 0 0 0 1 13150.6 13150.6 13150.6 13150.6
-1 -1 1 -1 -1 0.999984 0 0 0 0 0 7.02727e-05 -0 0 0 -0 0 0 0 0 0 0 0 0 0 0 0 0 0 1 13150.6 13150.6 13150.6 13150.6
-1 -1 1 -1 -1 0.999984 0 0 0 0 0 6.93303e-05 -0 0 0 -0 0 0 0 0 0 0 0 0 0 0 0 0 0 1 13150.6 13150.6 13150.6 13150.6
-1 -1 1 -1 -1 0.999984 0 0 0 0 0 6.83979e-05 -0 0 0 -0 0 0 0 0 0 0 0 0 0 0 0 0 0 1 13150.6 13150.6 13150.6 13150.6
-1 -1 1 -1 -1 0.999985 0 0 0 0 0 6.74717e-05 -0 0 0 -0 0 0 0 0 0 0 0 0 0 0 0 0 0 1 13150.6 13150.6 13150.6 13150.6
-1 -1 1 -1 -1 0.999985 0 0 0 0 0 6.65511e-05 -0 0 0 -0 0 0 0 0 0 0 0 0 0 0 0 0 0 1 13150.6 13150.6 13150.6 13150.6
-1 -1 1 -1 -1 0.999985 0 0 0 0 0 6.56335e-05 -0 0 0 -0 0 0 0 0 0 0 0 0 0 0 0 0 0 1 13150.6 13150.6 13150.6 13150.6
-1 -1 1 -1 -1 0.999986 0 0 0 0 0 6.47275e-05 -0 0 0 -0 0 0 0 0 0 0 0 0 0 0 0 0 0 1 13150.6 13150.6 13150.6 13150.6
-1 -1 1 -1 -1 0.999986 0 0 0 0 0 6.38279e-05 -0 0 0 -0 0 0 0 0 0 0 0 0 0 0 0 0 0 1 13150.6 13150.6 13150.6 13150.6
-1 -1 1 -1 -1 0.999986 0 0 0 0 0 6.29398e-05 -0 0 0 -0 0 0 0 0 0 0 0 0 0 0 0 0 0 1 13150.6 13150.6 13150.6 13150.6
-1 -1 1 -1 -1 0.999987 0 0 0 0 0 6.20586e-05 -0 0 0 -0 0 0 0 0 0 0 0 0 0 0 0 0 0 1 13150.6 13150.6 13150.6 13150.6
-1 -1 1 -1 -1 0.999987 0 0 0 0 0 6.11819e-05 -0 0 0 -0 0 0 0 0 0 0 0 0 0 0 0 0 0 1 13150.6 13150.6 13150.6 13150.6
-1 -1 1 -1 -1 0.999987 0 0 0 0 0 6.03129e-05 -0 0 0 -0 0 0 0 0 0 0 0 0 0 0 0 0 0 1 13150.6 13150.6 13150.6 13150.6
-1 -1 1 -1 -1 0.999988 0 0 0 0 0 5.94505e-05 -0 0 0 -0 0 0 0 0 0 0 0 0 0 0 0 0 0 1 13150.6 13150.6 13150.6 13150.6
-1 -1 1 -1 -1 0.999988 0 0 0 0 0 5.85937e-05 -0 0 0 -0 0 0 0 0 0 0 0 0 0 0 0 0 0 1 13150.6 13150.6 13150.6 13150.6
-1 -1 1 -1 -1 0.999988 0 0 0 0 0 5.77466e-05 -0 0 0 -0 0 0 0 0 0 0 0 0 0 0 0 0 0 1 13150.6 13150.6 13150.6 13150.6
-1 -1 1 -1 -1 0.999988 0 0 0 0 0 5.69077e-05 -0 0 0 -0 0 0 0 0 0 0 0 0 0 0 0 0 0 1 13150.6 13150.6 13150.6 13150.6
-1 -1 1 -1 -1 0.999989 0 0 0 0 0 5.6076e-05 -0 0 0 -0 0 0 0 0 0 0 0 0 0 0 0 0 0 1 13150.6 13150.6 13150.6 13150.6
-1 -1 1 -1 -1 0.999989 0 0 0 0 0 5.5251e-05 -0 0 0 -0 0 0 0 0 0 0 0 0 0 0 0 0 0 1 13150.6 13150.6 13150.6 13150.6
-1 -1 1 -1 -1 0.999989 0 0 0 0 0 5.44332e-05 -0 0 0 -0 0 0 0 0 0 0 0 0 0 0 0 0 0 1 13150.6 13150.6 13150.6 13150.6
-1 -1 1 -1 -1 0.99999 0 0 0 0 0 5.36205e-05 -0 0 0 -0 0 0 0 0 0 0 0 0 0 0 0 0 0 1 13150.6 13150.6 13150.6 13150.6
-1 -1 1 -1 -1 0.99999 0 0 0 0 0 5.28241e-05 -0 0 0 -0 0 0 0 0 0 0 0 0 0 0 0 0 0 1 13150.6 13150.6 13150.6 13150.6
-1 -1 1 -1 -1 0.99999 0 0 0 0 0 5.20202e-05 -0 0 0 -0 0 0 0 0 0 0 0 0 0 0 0 0 0 1 13150.6 13150.6 13150.6 13150.6
-1 -1 1 -1 -1 0.99999 0 0 0 0 0 5.12324e-05 -0 0 0 -0 0 0 0 0 0 0 0 0 0 0 0 0 0 1 13150.6 13150.6 13150.6 13150.6
-1 -1 1 -1 -1 0.999991 0 0 0 0 0 5.04504e-05 -0 0 0 -0 0 0 0 0 0 0 0 0 0 0 0 0 0 1 13150.6 13150.6 13150.6 13150.6
-1 -1 1 -1 -1 0.999991 0 0 0 0 0 4.96758e-05 -0 0 0 -0 0 0 0 0 0 0 0 0 0 0 0 0 0 1 13150.6 13150.6 13150.6 13150.6
-1 -1 1 -1 -1 0.999991 0 0 0 0 0 4.89083e-05 -0 0 0 -0 0 0 0 0 0 0 0 0 0 0 0 0 0 1 13150.7 13150.7 13150.7 13150.7
-1 -1 1 -1 -1 0.999991 0 0 0 0 0 4.81505e-05 -0 0 0 -0 0 0 0 0 0 0 0 0 0 0 0 0 0 1 13150.7 13150.7 13150.7 13150.7
-1 -1 1 -1 -1 0.999992 0 0 0 0 0 4.73994e-05 -0 0 0 -0 0 0 0 0 0 0 0 0 0 0 0 0 0 1 13150.7 13150.7 13150.7 13150.7
-1 -1 1 -1 -1 0.999992 0 0 0 0 0 4.66527e-05 -0 0 0 -0 0 0 0 0 0 0 0 0 0 0 0 0 0 1 13150.7 13150.7 13150.7 13150.7
-1 -1 1 -1 -1 0.999992 0 0 0 0 0 4.59164e-05 -0 0 0 -0 0 0 0 0 0 0 0 0 0 0 0 0 0 1 13150.7 13150.7 13150.7 13150.7
-1 -1 1 -1 -1 0.999992 0 0 0 0 0 4.51853e-05 -0 0 0 -0 0 0 0 0 0 0 0 0 0 0 0 0 0 1 13150.7 13150.7 13150.7 13150.7
-1 -1 1 -1 -1 0.999993 0 0 0 0 0 4.446e-05 -0 0 0 -0 0 0 0 0 0 0 0 0 0 0 0 0 0 1 13150.7 13150.7 13150.7 13150.7
-1 -1 1 -1 -1 0.999993 0 0 0 0 0 4.37449e-05 -0 0 0 -0 0 0 0 0 0 0 0 0 0 0 0 0 0 1 13150.7 13150.7 13150.7 13150.7
-1 -1 1 -1 -1 0.999993 0 0 0 0 0 4.30325e-05 -0 0 0 -0 0 0 0 0 0 0 0 0 0 0 0 0 0 1 13150.7 13150.7 13150.7 13150.7
-1 -1 1 -1 -1 0.999993 0 0 0 0 0 4.2334e-05 -0 0 0 -0 0 0 0 0 0 0 0 0 0 0 0 0 0 1 13150.7 13150.7 13150.7 13150.7
-1 -1 1 -1 -1 0.999993 0 0 0 0 0 4.16368e-05 -0 0 0 -0 0 0 0 0 0 0 0 0 0 0 0 0 0 1 13150.7 13150.7 13150.7 13150.7
-1 -1 1 -1 -1 0.999994 0 0 0 0 0 4.09521e-05 -0 0 0 -0 0 0 0 0 0 0 0 0 0 0 0 0 0 1 13150.7 13150.7 13150.7 13150.7
-1 -1 1 -1 -1 0.999994 0 0 0 0 0 4.02738e-05 -0 0 0 -0 0 0 0 0 0 0 0 0 0 0 0 0 0 1 13150.7 13150.7 13150.7 13150.7
-1 -1 1 -1 -1 0.999994 0 0 0 0 0 3.96007e-05 -0 0 0 -0 0 0 0 0 0 0 0 0 0 0 0 0 0 1 13150.7 13150.7 13150.7 13150.7
-1 -1 1 -1 -1 0.999994 0 0 0 0 0 3.89366e-05 -0 0 0 -0 0 0 0 0 0 0 0 0 0 0 0 0 0 1 13150.7 13150.7 13150.7 13150.7
-1 -1 1 -1 -1 0.999994 0 0 0 0 0 3.82764e-05 -0 0 0 -0 0 0 0 0 0 0 0 0 0 0 0 0 0 1 13150.7 13150.7 13150.7 13150.7
-1 -1 1 -1 -1 0.999995 0 0 0 0 0 3.76263e-05 -0 0 0 -0 0 0 0 0 0 0 0 0 0 0 0 0 0 1 13150.7 13150.7 13150.7 13150.7
-1 -1 1 -1 -1 0.999995 0 0 0 0 0 3.69854e-05 -0 0 0 -0 0 0 0 0 0 0 0 0 0 0 0 0 0 1 13150.7 13150.7 13150.7 13150.7
-1 -1 1 -1 -1 0.999995 0 0 0 0 0 3.63494e-05 -0 0 0 -0 0 0 0 0 0 0 0 0 0 0 0 0 0 1 13150.7 13150.7 13150.7 13150.7
-1 -1 1 -1 -1 0.999995 0 0 0 0 0 3.57205e-05 -0 0 0 -0 0 0 0 0 0 0 0 0 0 0 0 0 0 1 13150.7 13150.7 13150.7 13150.7
-1 -1 1 -1 -1 0.999995 0 0 0 0 0 3.50985e-05 -0 0 0 -0 0 0 0 0 0 0 0 0 0 0 0 0 0 1 13150.7 13150.7 13150.7 13150.7
-1 -1 1 -1 -1 0.999996 0 0 0 0 0 3.44837e-05 -0 0 0 -0 0 0 0 0 0 0 0 0 0 0 0 0 0 1 13150.7 13150.7 13150.7 13150.7
-1 -1 1 -1 -1 0.999996 0 0 0 0 0 3.38778e-05 -0 0 0 -0 0 0 0 0 0 0 0 0 0 0 0 0 0 1 13150.7 13150.7 13150.7 13150.7
-1 -1 1 -1 -1 0.999996 0 0 0 0 0 3.3278e-05 -0 0 0 -0 0 0 0 0 0 0 0 0 0 0 0 0 0 1 13150.7 13150.7 13150.7 13150.7
-1 -1 1 -1 -1 0.999996 0 0 0 0 0 3.26844e-05 -0 0 0 -0 0 0 0 0 0 0 0 0 0 0 0 0 0 1 13150.7 13150.7 13150.7 13150.7
-1 -1 1 -1 -1 0.999996 0 0 0 0 0 3.21017e-05 -0 0 0 -0 0 0 0 0 0 0 0 0 0 0 0 0 0 1 13150.7 13150.7 13150.7 13150.7
-1 -1 1 -1 -1 0.999996 0 0 0 0 0 3.15236e-05 -0 0 0 -0 0 0 0 0 0 0 0 0 0 0 0 0 0 1 13150.7 13150.7 13150.7 13150.7
-1 -1 1 -1 -1 0.999997 0 0 0 0 0 3.09444e-05 -0 0 0 -0 0 0 0 0 0 0 0 0 0 0 0 0 0 1 13150.7 13150.7 13150.7 13150.7
-1 -1 1 -1 -1 0.999997 0 0 0 0 0 3.03728e-05 -0 0 0 -0 0 0 0 0 0 0 0 0 0 0 0 0 0 1 13150.7 13150.7 13150.7 13150.7
-1 -1 1 -1 -1 0.999997 0 0 0 0 0 2.98104e-05 -0 0 0 -0 0 0 0 0 0 0 0 0 0 0 0 0 0 1 13150.7 13150.7 13150.7 13150.7
-1 -1 1 -1 -1 0.999997 0 0 0 0 0 2.92542e-05 -0 0 0 -0 0 0 0 0 0 0 0 0 0 0 0 0 0 1 13150.7 13150.7 13150.7 13150.7
-1 -1 1 -1 -1 0.999997 0 0 0 0 0 2.87079e-05 -0 0 0 -0 0 0 0 0 0 0 0 0 0 0 0 0 0 1 13150.7 13150.7 13150.7 13150.7
-1 -1 1 -1 -1 0.999997 0 0 0 0 0 2.81653e-05 -0 0 0 -0 0 0 0 0 0 0 0 0 0 0 0 0 0 1 13150.7 13150.7 13150.7 13150.7
-1 -1 1 -1 -1 0.999997 0 0 0 0 0 2.76318e-05 -0 0 0 -0 0 0 0 0 0 0 0 0 0 0 0 0 0 1 13150.7 13150.7 13150.7 13150.7
-1 -1 1 -1 -1 0.999998 0 0 0 0 0 2.71055e-05 -0 0 0 -0 0 0 0 0 0 0 0 0 0 0 0 0 0 1 13150.7 13150.7 13150.7 13150.7
-1 -1 1 -1 -1 0.999998 0 0 0 0 0 2.65848e-05 -0 0 0 -0 0 0 0 0 0 0 0 0 0 0 0 0 0 1 13150.7 13150.7 13150.7 13150.7
-1 -1 1 -1 -1 0.999998 0 0 0 0 0 2.60743e-05 -0 0 0 -0 0 0 0 0 0 0 0 0 0 0 0 0 0 1 13150.7 13150.7 13150.7 13150.7
-1 -1 1 -1 -1 0.999998 0 0 0 0 0 2.55604e-05 -0 0 0 -0 0 0 0 0 0 0 0 0 0 0 0 0 0 1 13150.7 13150.7 13150.7 13150.7
-1 -1 1 -1 -1 0.999998 0 0 0 0 0 2.50563e-05 -0 0 0 -0 0 0 0 0 0 0 0 0 0 0 0 0 0 1 13150.7 13150.7 13150.7 13150.7
-1 -1 1 -1 -1 0.999998 0 0 0 0 0 2.45606e-05 -0 0 0 -0 0 0 0 0 0 0 0 0 0 0 0 0 0 1 13150.7 13150.7 13150.7 13150.7
-1 -1 1 -1 -1 0.999998 0 0 0 0 0 2.40676e-05 -0 0 0 -0 0 0 0 0 0 0 0 0 0 0 0 0 0 1 13150.7 13150.7 13150.7 13150.7
-1 -1 1 -1 -1 0.999998 0 0 0 0 0 2.35868e-05 -0 0 0 -0 0 0 0 0 0 0 0 0 0 0 0 0 0 1 13150.7 13150.7 13150.7 13150.7
-1 -1 1 -1 -1 0.999999 0 0 0 0 0 2.31111e-05 -0 0 0 -0 0 0 0 0 0 0 0 0 0 0 0 0 0 1 13150.7 13150.7 13150.7 13150.7
-1 -1 1 -1 -1 0.999999 0 0 0 0 0 2.26409e-05 -0 0 0 -0 0 0 0 0 0 0 0 0 0 0 0 0 0 1 13150.7 13150.7 13150.7 13150.7
-1 -1 1 -1 -1 0.999999 0 0 0 0 0 2.21726e-05 -0 0 0 -0 0 0 0 0 0 0 0 0 0 0 0 0 0 1 13150.7 13150.7 13150.7 13150.7
-1 -1 1 -1 -1 0.999999 0 0 0 0 0 2.17132e-05 -0 0 0 -0 0 0 0 0 0 0 0 0 0 0 0 0 0 1 13150.7 13150.7 13150.7 13150.7
-1 -1 1 -1 -1 0.999999 0 0 0 0 0 2.12592e-05 -0 0 0 -0 0 0 0 0 0 0 0 0 0 0 0 0 0 1 13150.7 13150.7 13150.7 13150.7
-1 -1 1 -1 -1 0.999999 0 0 0 0 0 2.08128e-05 -0 0 0 -0 0 0 0 0 0 0 0 0 0 0 0 0 0 1 13150.7 13150.7 13150.7 13150.7
-1 -1 1 -1 -1 0.999999 0 0 0 0 0 2.03725e-05 -0 0 0 -0 0 0 0 0 0 0 0 0 0 0 0 0 0 1 13150.7 13150.7 13150.7 13150.7
-1 -1 1 -1 -1 0.999999 0 0 0 0 0 1.99394e-05 -0 0 0 -0 0 0 0 0 0 0 0 0 0 0 0 0 0 1 13150.7 13150.7 13150.7 13150.7
-1 -1 1 -1 -1 0.999999 0 0 0 0 0 1.95084e-05 -0 0 0 -0 0 0 0 0 0 0 0 0 0 0 0 0 0 1 13150.7 13150.7 13150.7 13150.7
-1 -1 1 -1 -1 1 0 0 0 0 0 1.90834e-05 -0 0 0 -0 0 0 0 0 0 0 0 0 0 0 0 0 0 1 13150.7 13150.7 13150.7 13150.7
-1 -1 1 -1 -1 1 0 0 0 0 0 1.86658e-05 -0 0 0 -0 0 0 0 0 0 0 0 0 0 0 0 0 0 1 13150.7 13150.7 13150.7 13150.7
-1 -1 1 -1 -1 1 0 0 0 0 0 1.82562e-05 -0 0 0 -0 0 0 0 0 0 0 0 0 0 0 0 0 0 1 13150.7 13150.7 13150.7 13150.7
-1 -1 1 -1 -1 1 0 0 0 0 0 1.78453e-05 -0 0 0 -0 0 0 0 0 0 0 0 0 0 0 0 0 0 1 13150.7 13150.7 13150.7 13150.7
-1 -1 1 -1 -1 1 0 0 0 0 0 1.74411e-05 -0 0 0 -0 0 0 0 0 0 0 0 0 0 0 0 0 0 1 13150.7 13150.7 13150.7 13150.7
-1 -1 1 -1 -1 1 0 0 0 0 0 1.70476e-05 -0 0 0 -0 0 0 0 0 0 0 0 0 0 0 0 0 0 1 13150.7 13150.7 13150.7 13150.7
-1 -1 1 -1 -1 1 0 0 0 0 0 1.66603e-05 -0 0 0 -0 0 0 0 0 0 0 0 0 0 0 0 0 0 1 13150.7 13150.7 13150.7 13150.7
-1 -1 1 -1 -1 1 0 0 0 0 0 1.62721e-05 -0 0 0 -0 0 0 0 0 0 0 0 0 0 0 0 0 0 1 13150.7 13150.7 13150.7 13150.7
-1 -1 1 -1 -1 1 0 0 0 0 0 1.58876e-05 -0 0 0 -0 0 0 0 0 0 0 0 0 0 0 0 0 0 1 13150.7 13150.7 13150.7 13150.7
-1 -1 1 -1 -1 1 0 0 0 0 0 1.55169e-05 -0 0 0 -0 0 0 0 0 0 0 0 0 0 0 0 0 0 1 13150.7 13150.7 13150.7 13150.7
-1 -1 1 -1 -1 1 0 0 0 0 0 1.51503e-05 -0 0 0 -0 0 0 0 0 0 0 0 0 0 0 0 0 0 1 13150.7 13150.7 13150.7 13150.7
-1 -1 1 -1 -1 1 0 0 0 0 0 1.47835e-05 -0 0 0 -0 0 0 0 0 0 0 0 0 0 0 0 0 0 1 13150.7 13150.7 13150.7 13150.7
-1 -1 1 -1 -1 1 0 0 0 0 0 1.4425e-05 -0 0 0 -0 0 0 0 0 0 0 0 0 0 0 0 0 0 1 13150.7 13150.7 13150.7 13150.7
-1 -1 1 -1 -1 1 0 0 0 0 0 1.40735e-05 -0 0 0 -0 0 0 0 0 0 0 0 0 0 0 0 0 0 1 13150.7 13150.7 13150.7 13150.7
-1 -1 1 -1 -1 1 0 0 0 0 0 1.37289e-05 -0 0 0 -0 0 0 0 0 0 0 0 0 0 0 0 0 0 1 13150.7 13150.7 13150.7 13150.7
-1 -1 1 -1 -1 1 0 0 0 0 0 1.33839e-05 -0 0 0 -0 0 0 0 0 0 0 0 0 0 0 0 0 0 1 13150.7 13150.7 13150.7 13150.7
-1 -1 1 -1 -1 1 0 0 0 0 0 1.3047e-05 -0 0 0 -0 0 0 0 0 0 0 0 0 0 0 0 0 0 1 13150.7 13150.7 13150.7 13150.7
-1 -1 1 -1 -1 1 0 0 0 0 0 1.27159e-05 -0 0 0 -0 0 0 0 0 0 0 0 0 0 0 0 0 0 1 13150.7 13150.7 13150.7 13150.7
-1 -1 1 -1 -1 1 0 0 0 0 0 1.23861e-05 -0 0 0 -0 0 0 0 0 0 0 0 0 0 0 0 0 0 1 13150.7 13150.7 13150.7 13150.7
-1 -1 1 -1 -1 1 0 0 0 0 0 1.20631e-05 -0 0 0 -0 0 0 0 0 0 0 0 0 0 0 0 0 0 1 13150.7 13150.7 13150.7 13150.7
-1 -1 1 -1 -1 1 0 0 0 0 0 1.17486e-05 -0 0 0 -0 0 0 0 0 0 0 0 0 0 0 0 0 0 1 13150.7 13150.7 13150.7 13150.7
-1 -1 1 -1 -1 1 0 0 0 0 0 1.14331e-05 -0 0 0 -0 0 0 0 0 0 0 0 0 0 0 0 0 0 1 13150.7 13150.7 13150.7 13150.7
-1 -1 1 -1 -1 1 0 0 0 0 0 1.11244e-05 -0 0 0 -0 0 0 0 0 0 0 0 0 0 0 0 0 0 1 13150.7 13150.7 13150.7 13150.7
-1 -1 1 -1 -1 1 0 0 0 0 0 1.08237e-05 -0 0 0 -0 0 0 0 0 0 0 0 0 0 0 0 0 0 1 13150.7 13150.7 13150.7 13150.7
-1 -1 1 -1 -1 1 0 0 0 0 0 1.05221e-05 -0 0 0 -0 0 0 0 0 0 0 0 0 0 0 0 0 0 1 13150.7 13150.7 13150.7 13150.7
-1 -1 1 -1 -1 1 0 0 0 0 0 1.02286e-05 -0 0 0 -0 0 0 0 0 0 0 0 0 0 0 0 0 0 1 13150.7 13150.7 13150.7 13150.7
-1 -1 1 -1 -1 1 0 0 0 0 0 9.94319e-06 -0 0 0 -0 0 0 0 0 0 0 0 0 0 0 0 0 0 1 13150.7 13150.7 13150.7 13150.7
-1 -1 1 -1 -1 1 0 0 0 0 0 9.65712e-06 -0 0 0 -0 0 0 0 0 0 0 0 0 0 0 0 0 0 1 13150.7 13150.7 13150.7 13150.7
-1 -1 1 -1 -1 1 0 0 0 0 0 9.37812e-06 -0 0 0 -0 0 0 0 0 0 0 0 0 0 0 0 0 0 1 13150.7 13150.7 13150.7 13150.7
-1 -1 1 -1 -1 1 0 0 0 0 0 9.09875e-06 -0 0 0 -0 0 0 0 0 0 0 0 0 0 0 0 0 0 1 13150.7 13150.7 13150.7 13150.7
-1 -1 1 -1 -1 1 0 0 0 0 0 8.82726e-06 -0 0 0 -0 0 0 0 0 0 0 0 0 0 0 0 0 0 1 13150.7 13150.7 13150.7 13150.7
-1 -1 1 -1 -1 1 0 0 0 0 0 8.56172e-06 -0 0 0 -0 0 0 0 0 0 0 0 0 0 0 0 0 0 1 13150.7 13150.7 13150.7 13150.7
-1 -1 1 -1 -1 1 0 0 0 0 0 8.29812e-06 -0 0 0 -0 0 0 0 0 0 0 0 0 0 0 0 0 0 1 13150.7 13150.7 13150.7 13150.7
-1 -1 1 -1 -1 1 0 0 0 0 0 8.04114e-06 -0 0 0 -0 0 0 0 0 0 0 0 0 0 0 0 0 0 1 13150.7 13150.7 13150.7 13150.7
-1 -1 1 -1 -1 1 0 0 0 0 0 7.78437e-06 -0 0 0 -0 0 0 0 0 0 0 0 0 0 0 0 0 0 1 13150.7 13150.7 13150.7 13150.7
-1 -1 1 -1 -1 1 0 0 0 0 0 7.5334e-06 -0 0 0 -0 0 0 0 0 0 0 0 0 0 0 0 0 0 1 13150.7 13150.7 13150.7 13150.7
-1 -1 1 -1 -1 1 0 0 0 0 0 7.28399e-06 -0 0 0 -0 0 0 0 0 0 0 0 0 0 0 0 0 0 1 13150.7 13150.7 13150.7 13150.7
-1 -1 1 -1 -1 1 0 0 0 0 0 7.04189e-06 -0 0 0 -0 0 0 0 0 0 0 0 0 0 0 0 0 0 1 13150.7 13150.7 13150.7 13150.7
-1 -1 1 -1 -1 1 0 0 0 0 0 6.80573e-06 -0 0 0 -0 0 0 0 0 0 0 0 0 0 0 0 0 0 1 13150.7 13150.7 13150.7 13150.7
-1 -1 1 -1 -1 1 0 0 0 0 0 6.57013e-06 -0 0 0 -0 0 0 0 0 0 0 0 0 0 0 0 0 0 1 13150.7 13150.7 13150.7 13150.7
-1 -1 1 -1 -1 1 0 0 0 0 0 6.34312e-06 -0 0 0 -0 0 0 0 0 0 0 0 0 0 0 0 0 0 1 13150.7 13150.7 13150.7 13150.7
-1 -1 1 -1 -1 1 0 0 0 0 0 6.11349e-06 -0 0 0 -0 0 0 0 0 0 0 0 0 0 0 0 0 0 1 13150.7 13150.7 13150.7 13150.7
-1 -1 1 -1 -1 1 0 0 0 0 0 5.89324e-06 -0 0 0 -0 0 0 0 0 0 0 0 0 0 0 0 0 0 1 13150.7 13150.7 13150.7 13150.7
-1 -1 1 -1 -1 1 0 0 0 0 0 5.67266e-06 -0 0 0 -0 0 0 0 0 0 0 0 0 0 0 0 0 0 1 13150.7 13150.7 13150.7 13150.7
-1 -1 1 -1 -1 1 0 0 0 0 0 5.45916e-06 -0 0 0 -0 0 0 0 0 0 0 0 0 0 0 0 0 0 1 13150.7 13150.7 13150.7 13150.7
-1 -1 1 -1 -1 1 0 0 0 0 0 5.24631e-06 -0 0 0 -0 0 0 0 0 0 0 0 0 0 0 0 0 0 1 13150.7 13150.7 13150.7 13150.7
-1 -1 1 -1 -1 1 0 0 0 0 0 5.04019e-06 -0 0 0 -0 0 0 0 0 0 0 0 0 0 0 0 0 0 1 13150.7 13150.7 13150.7 13150.7
-1 -1 1 -1 -1 1 0 0 0 0 0 4.83347e-06 -0 0 0 -0 0 0 0 0 0 0 0 0 0 0 0 0 0 1 13150.7 13150.7 13150.7 13150.7
-1 -1 1 -1 -1 1 0 0 0 0 0 4.63467e-06 -0 0 0 -0 0 0 0 0 0 0 0 0 0 0 0 0 0 1 13150.7 13150.7 13150.7 13150.7
-1 -1 1 -1 -1 1 0 0 0 0 0 4.4359e-06 -0 0 0 -0 0 0 0 0 0 0 0 0 0 0 0 0 0 1 13150.7 13150.7 13150.7 13150.7
-1 -1 1 -1 -1 1 0 0 0 0 0 4.24462e-06 -0 0 0 -0 0 0 0 0 0 0 0 0 0 0 0 0 0 1 13150.7 13150.7 13150.7 13150.7
-1 -1 1 -1 -1 1 0 0 0 0 0 4.05309e-06 -0 0 0 -0 0 0 0 0 0 0 0 0 0 0 0 0 0 1 13150.7 13150.7 13150.7 13150.7
-1 -1 1 -1 -1 1 0 0 0 0 0 3.86844e-06 -0 0 0 -0 0 0 0 0 0 0 0 0 0 0 0 0 0 1 13150.7 13150.7 13150.7 13150.7
-1 -1 1 -1 -1 1 0 0 0 0 0 3.68466e-06 -0 0 0 -0 0 0 0 0 0 0 0 0 0 0 0 0 0 1 13150.7 13150.7 13150.7 13150.7
-1 -1 1 -1 -1 1 0 0 0 0 0 3.50749e-06 -0 0 0 -0 0 0 0 0 0 0 0 0 0 0 0 0 0 1 13150.7 13150.7 13150.7 13150.7
-1 -1 1 -1 -1 1 0 0 0 0 0 3.33023e-06 -0 0 0 -0 0 0 0 0 0 0 0 0 0 0 0 0 0 1 13150.7 13150.7 13150.7 13150.7
-1 -1 1 -1 -1 1 0 0 0 0 0 3.16006e-06 -0 0 0 -0 0 0 0 0 0 0 0 0 0 0 0 0 0 1 13150.7 13150.7 13150.7 13150.7
-1 -1 1 -1 -1 1 0 0 0 0 0 2.99101e-06 -0 0 0 -0 0 0 0 0 0 0 0 0 0 0 0 0 0 1 13150.7 13150.7 13150.7 13150.7
-1 -1 1 -1 -1 1 0 0 0 0 0 2.82832e-06 -0 0 0 -0 0 0 0 0 0 0 0 0 0 0 0 0 0 1 13150.7 13150.7 13150.7 13150.7
-1 -1 1 -1 -1 1 0 0 0 0 0 2.66581e-06 -0 0 0 -0 0 0 0 0 0 0 0 0 0 0 0 0 0 1 13150.7 13150.7 13150.7 13150.7
-1 -1 1 -1 -1 1 0 0 0 0 0 2.5035e-06 -0 0 0 -0 0 0 0 0 0 0 0 0 0 0 0 0 0 1 13150.7 13150.7 13150.7 13150.7
-1 -1 1 -1 -1 1 0 0 0 0 0 2.34859e-06 -0 0 0 -0 0 0 0 0 0 0 0 0 0 0 0 0 0 1 13150.7 13150.7 13150.7 13150.7
-1 -1 1 -1 -1 1 0 0 0 0 0 2.19298e-06 -0 0 0 -0 0 0 0 0 0 0 0 0 0 0 0 0 0 1 13150.7 13150.7 13150.7 13150.7
-1 -1 1 -1 -1 1 0 0 0 0 0 2.04466e-06 -0 0 0 -0 0 0 0 0 0 0 0 0 0 0 0 0 0 1 13150.7 13150.7 13150.7 13150.7
-1 -1 1 -1 -1 1 0 0 0 0 0 1.89679e-06 -0 0 0 -0 0 0 0 0 0 0 0 0 0 0 0 0 0 1 13150.7 13150.7 13150.7 13150.7
-1 -1 1 -1 -1 1 0 0 0 0 0 1.7562e-06 -0 0 0 -0 0 0 0 0 0 0 0 0 0 0 0 0 0 1 13150.7 13150.7 13150.7 13150.7
-1 -1 1 -1 -1 1 0 0 0 0 0 1.61585e-06 -0 0 0 -0 0 0 0 0 0 0 0 0 0 0 0 0 0 1 13150.7 13150.7 13150.7 13150.7
-1 -1 1 -1 -1 1 0 0 0 0 0 1.47588e-06 -0 0 0 -0 0 0 0 0 0 0 0 0 0 0 0 0 0 1 13150.7 13150.7 13150.7 13150.7
-1 -1 1 -1 -1 1 0 0 0 0 0 1.34211e-06 -0 0 0 -0 0 0 0 0 0 0 0 0 0 0 0 0 0 1 13150.7 13150.7 13150.7 13150.7
-1 -1 1 -1 -1 1 0 0 0 0 0 1.20892e-06 -0 0 0 -0 0 0 0 0 0 0 0 0 0 0 0 0 0 1 13150.7 13150.7 13150.7 13150.7
-1 -1 1 -1 -1 1 0 0 0 0 0 1.07569e-06 -0 0 0 -0 0 0 0 0 0 0 0 0 0 0 0 0 0 1 13150.7 13150.7 13150.7 13150.7
-1 -1 1 -1 -1 1 0 0 0 0 0 9.49697e-07 -0 0 0 -0 0 0 0 0 0 0 0 0 0 0 0 0 0 1 13150.7 13150.7 13150.7 13150.7
-1 -1 1 -1 -1 1 0 0 0 0 0 8.23507e-07 -0 0 0 -0 0 0 0 0 0 0 0 0 0 0 0 0 0 1 13150.7 13150.7 13150.7 13150.7
-1 -1 1 -1 -1 1 0 0 0 0 0 7.04966e-07 -0 0 0 -0 0 0 0 0 0 0 0 0 0 0 0 0 0 1 13150.7 13150.7 13150.7 13150.7
-1 -1 1 -1 -1 1 0 0 0 0 0 5.86256e-07 -0 0 0 -0 0 0 0 0 0 0 0 0 0 0 0 0 0 1 13150.7 13150.7 13150.7 13150.7
-1 -1 1 -1 -1 1 0 0 0 0 0 4.68463e-07 -0 0 0 -0 0 0 0 0 0 0 0 0 0 0 0 0 0 1 13150.7 13150.7 13150.7 13150.7
-1 -1 1 -1 -1 1 0 0 0 0 0 3.5567e-07 -0 0 0 -0 0 0 0 0 0 0 0 0 0 0 0 0 0 1 13150.7 13150.7 13150.7 13150.7
-1 -1 1 -1 -1 1 0 0 0 0 0 2.43886e-07 -0 0 0 -0 0 0 0 0 0 0 0 0 0 0 0 0 0 1 13150.7 13150.7 13150.7 13150.7
-1 -1 1 -1 -1 1 0 0 0 0 0 1.32741e-07 -0 0 0 -0 0 0 0 0 0 0 0 0 0 0 0 0 0 1 13150.7 13150.7 13150.7 13150.7
-1 -1 1 -1 -1 1 0 0 0 0 0 2.82881e-08 -0 0 0 -0 0 0 0 0 0 0 0 0 0 0 0 0 0 1 13150.7 13150.7 13150.7 13150.7
-1 -1 1 -1 -1 1 0 0 0 0 0 -7.57456e-08 -0 0 0 -0 0 0 0 0 0 0 0 0 0 0 0 0 0 1 13150.7 13150.7 13150.7 13150.7
-1 -1 1 -1 -1 1 0 0 0 0 0 -1.79567e-07 -0 0 0 -0 0 0 0 0 0 0 0 0 0 0 0 0 0 1 13150.7 13150.7 13150.7 13150.7
-1 -1 1 -1 -1 1 0 0 0 0 0 -2.76721e-07 -0 0 0 -0 0 0 0 0 0 0 0 0 0 0 0 0 0 1 13150.7 13150.7 13150.7 13150.7
-1 -1 1 -1 -1 1 0 0 0 0 0 -3.73465e-07 -0 0 0 -0 0 0 0 0 0 0 0 0 0 0 0 0 0 1 13150.7 13150.7 13150.7 13150.7
-1 -1 1 -1 -1 1 0 0 0 0 0 -4.70372e-07 -0 0 0 -0 0 0 0 0 0 0 0 0 0 0 0 0 0 1 13150.7 13150.7 13150.7 13150.7
-1 -1 1 -1 -1 1 0 0 0 0 0 -5.59934e-07 -0 0 0 -0 0 0 0 0 0 0 0 0 0 0 0 0 0 1 13150.7 13150.7 13150.7 13150.7
-1 -1 1 -1 -1 1 0 0 0 0 0 -6.49321e-07 -0 0 0 -0 0 0 0 0 0 0 0 0 0 0 0 0 0 1 13150.7 13150.7 13150.7 13150.7
-1 -1 1 -1 -1 1 0 0 0 0 0 -7.38865e-07 -0 0 0 -0 0 0 0 0 0 0 0 0 0 0 0 0 0 1 13150.7 13150.7 13150.7 13150.7
-1 -1 1 -1 -1 1 0 0 0 0 0 -8.28659e-07 -0 0 0 -0 0 0 0 0 0 0 0 0 0 0 0 0 0 1 13150.7 13150.7 13150.7 13150.7
-1 -1 1 -1 -1 1 0 0 0 0 0 -9.11075e-07 -0 0 0 -0 0 0 0 0 0 0 0 0 0 0 0 0 0 1 13150.7 13150.7 13150.7 13150.7
-1 -1 1 -1 -1 1 0 0 0 0 0 -9.93339e-07 -0 0 0 -0 0 0 0 0 0 0 0 0 0 0 0 0 0 1 13150.7 13150.7 13150.7 13150.7
-1 -1 1 -1 -1 1 0 0 0 0 0 -1.07576e-06 -0 0 0 -0 0 0 0 0 0 0 0 0 0 0 0 0 0 1 13150.7 13150.7 13150.7 13150.7
-1 -1 1 -1 -1 1 0 0 0 0 0 -1.15098e-06 -0 0 0 -0 0 0 0 0 0 0 0 0 0 0 0 0 0 1 13150.7 13150.7 13150.7 13150.7
-1 -1 1 -1 -1 1 0 0 0 0 0 -1.22597e-06 -0 0 0 -0 0 0 0 0 0 0 0 0 0 0 0 0 0 1 13150.7 13150.7 13150.7 13150.7
-1 -1 1 -1 -1 1 0 0 0 0 0 -1.30085e-06 -0 0 0 -0 0 0 0 0 0 0 0 0 0 0 0 0 0 1 13150.7 13150.7 13150.7 13150.7
-1 -1 1 -1 -1 1 0 0 0 0 0 -1.37617e-06 -0 0 0 -0 0 0 0 0 0 0 0 0 0 0 0 0 0 1 13150.7 13150.7 13150.7 13150.7
-1 -1 1 -1 -1 1 0 0 0 0 0 -1.44349e-06 -0 0 0 -0 0 0 0 0 0 0 0 0 0 0 0 0 0 1 13150.7 13150.7 13150.7 13150.7
-1 -1 1 -1 -1 1 0 0 0 0 0 -1.51123e-06 -0 0 0 -0 0 0 0 0 0 0 0 0 0 0 0 0 0 1 13150.7 13150.7 13150.7 13150.7
-1 -1 1 -1 -1 1 0 0 0 0 0 -1.57913e-06 -0 0 0 -0 0 0 0 0 0 0 0 0 0 0 0 0 0 1 13150.7 13150.7 13150.7 13150.7
-1 -1 1 -1 -1 1 0 0 0 0 0 -1.63966e-06 -0 0 0 -0 0 0 0 0 0 0 0 0 0 0 0 0 0 1 13150.7 13150.7 13150.7 13150.7
-1 -1 1 -1 -1 1 0 0 0 0 0 -1.70026e-06 -0 0 0 -0 0 0 0 0 0 0 0 0 0 0 0 0 0 1 13150.7 13150.7 13150.7 13150.7
-1 -1 1 -1 -1 1 0 0 0 0 0 -1.76048e-06 -0 0 0 -0 0 0 0 0 0 0 0 0 0 0 0 0 0 1 13150.7 13150.7 13150.7 13150.7
-1 -1 1 -1 -1 1 0 0 0 0 0 -1.82109e-06 -0 0 0 -0 0 0 0 0 0 0 0 0 0 0 0 0 0 1 13150.7 13150.7 13150.7 13150.7
-1 -1 1 -1 -1 1 0 0 0 0 0 -1.88137e-06 -0 0 0 -0 0 0 0 0 0 0 0 0 0 0 0 0 0 1 13150.7 13150.7 13150.7 13150.7
-1 -1 1 -1 -1 1 0 0 0 0 0 -1.93462e-06 -0 0 0 -0 0 0 0 0 0 0 0 0 0 0 0 0 0 1 13150.7 13150.7 13150.7 13150.7
-1 -1 1 -1 -1 1 0 0 0 0 0 -1.98779e-06 -0 0 0 -0 0 0 0 0 0 0 0 0 0 0 0 0 0 1 13150.7 13150.7 13150.7 13150.7
-1 -1 1 -1 -1 1 0 0 0 0 0 -2.04094e-06 -0 0 0 -0 0 0 0 0 0 0 0 0 0 0 0 0 0 1 13150.7 13150.7 13150.7 13150.7
-1 -1 1 -1 -1 1 0 0 0 0 0 -2.09406e-06 -0 0 0 -0 0 0 0 0 0 0 0 0 0 0 0 0 0 1 13150.7 13150.7 13150.7 13150.7
-1 -1 1 -1 -1 1 0 0 0 0 0 -2.13994e-06 -0 0 0 -0 0 0 0 0 0 0 0 0 0 0 0 0 0 1 13150.7 13150.7 13150.7 13150.7
-1 -1 1 -1 -1 1 0 0 0 0 0 -2.18595e-06 -0 0 0 -0 0 0 0 0 0 0 0 0 0 0 0 0 0 1 13150.7 13150.7 13150.7 13150.7
-1 -1 1 -1 -1 1 0 0 0 0 0 -2.2318e-06 -0 0 0 -0 0 0 0 0 0 0 0 0 0 0 0 0 0 1 13150.7 13150.7 13150.7 13150.7
-1 -1 1 -1 -1 1 0 0 0 0 0 -2.27771e-06 -0 0 0 -0 0 0 0 0 0 0 0 0 0 0 0 0 0 1 13150.7 13150.7 13150.7 13150.7
-1 -1 1 -1 -1 1 0 0 0 0 0 -2.32463e-06 -0 0 0 -0 0 0 0 0 0 0 0 0 0 0 0 0 0 1 13150.7 13150.7 13150.7 13150.7
-1 -1 1 -1 -1 1 0 0 0 0 0 -2.36255e-06 -0 0 0 -0 0 0 0 0 0 0 0 0 0 0 0 0 0 1 13150.7 13150.7 13150.7 13150.7
-1 -1 1 -1 -1 1 0 0 0 0 0 -2.40101e-06 -0 0 0 -0 0 0 0 0 0 0 0 0 0 0 0 0 0 1 13150.7 13150.7 13150.7 13150.7
-1 -1 1 -1 -1 1 0 0 0 0 0 -2.43963e-06 -0 0 0 -0 0 0 0 0 0 0 0 0 0 0 0 0 0 1 13150.7 13150.7 13150.7 13150.7
-1 -1 1 -1 -1 1 0 0 0 0 0 -2.47827e-06 -0 0 0 -0 0 0 0 0 0 0 0 0 0 0 0 0 0 1 13150.7 13150.7 13150.7 13150.7
-1 -1 1 -1 -1 1 0 0 0 0 0 -2.51692e-06 -0 0 0 -0 0 0 0 0 0 0 0 0 0 0 0 0 0 1 13150.7 13150.7 13150.7 13150.7
-1 -1 1 -1 -1 1 0 0 0 0 0 -2.54824e-06 -0 0 0 -0 0 0 0 0 0 0 0 0 0 0 0 0 0 1 13150.7 13150.7 13150.7 13150.7
-1 -1 1 -1 -1 1 0 0 0 0 0 -2.57968e-06 -0 0 0 -0 0 0 0 0 0 0 0 0 0 0 0 0 0 1 13150.7 13150.7 13150.7 13150.7
-1 -1 1 -1 -1 1 0 0 0 0 0 -2.61082e-06 -0 0 0 -0 0 0 0 0 0 0 0 0 0 0 0 0 0 1 13150.7 13150.7 13150.7 13150.7
-1 -1 1 -1 -1 1 0 0 0 0 0 -2.64219e-06 -0 0 0 -0 0 0 0 0 0 0 0 0 0 0 0 0 0 1 13150.7 13150.7 13150.7 13150.7
-1 -1 1 -1 -1 1 0 0 0 0 0 -2.67362e-06 -0 0 0 -0 0 0 0 0 0 0 0 0 0 0 0 0 0 1 13150.7 13150.7 13150.7 13150.7
-1 -1 1 -1 -1 1 0 0 0 0 0 -2.7049e-06 -0 0 0 -0 0 0 0 0 0 0 0 0 0 0 0 0 0 1 13150.7 13150.7 13150.7 13150.7
-1 -1 1 -1 -1 1 0 0 0 0 0 -2.72897e-06 -0 0 0 -0 0 0 0 0 0 0 0 0 0 0 0 0 0 1 13150.7 13150.7 13150.7 13150.7
-1 -1 1 -1 -1 1 0 0 0 0 0 -2.75306e-06 -0 0 0 -0 0 0 0 0 0 0 0 0 0 0 0 0 0 1 13150.7 13150.7 13150.7 13150.7
-1 -1 1 -1 -1 1 0 0 0 0 0 -2.77698e-06 -0 0 0 -0 0 0 0 0 0 0 0 0 0 0 0 0 0 1 13150.7 13150.7 13150.7 13150.7
-1 -1 1 -1 -1 1 0 0 0 0 0 -2.80109e-06 -0 0 0 -0 0 0 0 0 0 0 0 0 0 0 0 0 0 1 13150.7 13150.7 13150.7 13150.7
-1 -1 1 -1 -1 1 0 0 0 0 0 -2.82514e-06 -0 0 0 -0 0 0 0 0 0 0 0 0 0 0 0 0 0 1 13150.7 13150.7 13150.7 13150.7
-1 -1 1 -1 -1 1 0 0 0 0 0 -2.84912e-06 -0 0 0 -0 0 0 0 0 0 0 0 0 0 0 0 0 0 1 13150.7 13150.7 13150.7 13150.7
-1 -1 1 -1 -1 1 0 0 0 0 0 -2.86596e-06 -0 0 0 -0 0 0 0 0 0 0 0 0 0 0 0 0 0 1 13150.7 13150.7 13150.7 13150.7
-1 -1 1 -1 -1 1 0 0 0 0 0 -2.88271e-06 -0 0 0 -0 0 0 0 0 0 0 0 0 0 0 0 0 0 1 13150.7 13150.7 13150.7 13150.7
-1 -1 1 -1 -1 1 0 0 0 0 0 -2.89944e-06 -0 0 0 -0 0 0 0 0 0 0 0 0 0 0 0 0 0 1 13150.7 13150.7 13150.7 13150.7
-1 -1 1 -1 -1 1 0 0 0 0 0 -2.91617e-06 -0 0 0 -0 0 0 0 0 0 0 0 0 0 0 0 0 0 1 13150.8 13150.8 13150.8 13150.8
-1 -1 1 -1 -1 1 0 0 0 0 0 -2.933e-06 -0 0 0 -0 0 0 0 0 0 0 0 0 0 0 0 0 0 1 13150.8 13150.8 13150.8 13150.8
-1 -1 1 -1 -1 1 0 0 0 0 0 -2.94977e-06 -0 0 0 -0 0 0 0 0 0 0 0 0 0 0 0 0 0 1 13150.8 13150.8 13150.8 13150.8
-1 -1 1 -1 -1 1 0 0 0 0 0 -2.96646e-06 -0 0 0 -0 0 0 0 0 0 0 0 0 0 0 0 0 0 1 13150.8 13150.8 13150.8 13150.8
-1 -1 1 -1 -1 1 0 0 0 0 0 -2.98319e-06 -0 0 0 -0 0 0 0 0 0 0 0 0 0 0 0 0 0 1 13150.8 13150.8 13150.8 13150.8
-1 -1 1 -1 -1 1 0 0 0 0 0 -2.99268e-06 -0 0 0 -0 0 0 0 0 0 0 0 0 0 0 0 0 0 1 13150.8 13150.8 13150.8 13150.8
-1 -1 1 -1 -1 1 0 0 0 0 0 -3.00218e-06 -0 0 0 -0 0 0 0 0 0 0 0 0 0 0 0 0 0 1 13150.8 13150.8 13150.8 13150.8
-1 -1 1 -1 -1 1 0 0 0 0 0 -3.01165e-06 -0 0 0 -0 0 0 0 0 0 0 0 0 0 0 0 0 0 1 13150.8 13150.8 13150.8 13150.8
-1 -1 1 -1 -1 1 0 0 0 0 0 -3.02113e-06 -0 0 0 -0 0 0 0 0 0 0 0 0 0 0 0 0 0 1 13150.8 13150.8 13150.8 13150.8
-1 -1 1 -1 -1 1 0 0 0 0 0 -3.03058e-06 -0 0 0 -0 0 0 0 0 0 0 0 0 0 0 0 0 0 1 13150.8 13150.8 13150.8 13150.8
-1 -1 1 -1 -1 1 0 0 0 0 0 -3.04005e-06 -0 0 0 -0 0 0 0 0 0 0 0 0 0 0 0 0 0 1 13150.8 13150.8 13150.8 13150.8
-1 -1 1 -1 -1 1 0 0 0 0 0 -3.04957e-06 -0 0 0 -0 0 0 0 0 0 0 0 0 0 0 0 0 0 1 13150.8 13150.8 13150.8 13150.8
-1 -1 1 -1 -1 1 0 0 0 0 0 -3.059e-06 -0 0 0 -0 0 0 0 0 0 0 0 0 0 0 0 0 0 1 13150.8 13150.8 13150.8 13150.8
-1 -1 1 -1 -1 1 0 0 0 0 0 -3.06119e-06 -0 0 0 -0 0 0 0 0 0 0 0 0 0 0 0 0 0 1 13150.8 13150.8 13150.8 13150.8
-1 -1 1 -1 -1 1 0 0 0 0 0 -3.06338e-06 -0 0 0 -0 0 0 0 0 0 0 0 0 0 0 0 0 0 1 13150.8 13150.8 13150.8 13150.8
-1 -1 1 -1 -1 1 0 0 0 0 0 -3.06558e-06 -0 0 0 -0 0 0 0 0 0 0 0 0 0 0 0 0 0 1 13150.8 13150.8 13150.8 13150.8
-1 -1 1 -1 -1 1 0 0 0 0 0 -3.06775e-06 -0 0 0 -0 0 0 0 0 0 0 0 0 0 0 0 0 0 1 13150.8 13150.8 13150.8 13150.8
-1 -1 1 -1 -1 1 0 0 0 0 0 -3.06995e-06 -0 0 0 -0 0 0 0 0 0 0 0 0 0 0 0 0 0 1 13150.8 13150.8 13150.8 13150.8
-1 -1 1 -1 -1 1 0 0 0 0 0 -3.07215e-06 -0 0 0 -0 0 0 0 0 0 0 0 0 0 0 0 0 0 1 13150.8 13150.8 13150.8 13150.8
-1 -1 1 -1 -1 1 0 0 0 0 0 -3.07433e-06 -0 0 0 -0 0 0 0 0 0 0 0 0 0 0 0 0 0 1 13150.8 13150.8 13150.8 13150.8
-1 -1 1 -1 -1 1 0 0 0 0 0 -3.07653e-06 -0 0 0 -0 0 0 0 0 0 0 0 0 0 0 0 0 0 1 13150.8 13150.8 13150.8 13150.8
-1 -1 1 -1 -1 1 0 0 0 0 0 -3.0787e-06 -0 0 0 -0 0 0 0 0 0 0 0 0 0 0 0 0 0 1 13150.8 13150.8 13150.8 13150.8
-1 -1 1 -1 -1 1 0 0 0 0 0 -3.08089e-06 -0 0 0 -0 0 0 0 0 0 0 0 0 0 0 0 0 0 1 13150.8 13150.8 13150.8 13150.8
-1 -1 1 -1 -1 1 0 0 0 0 0 -3.08308e-06 -0 0 0 -0 0 0 0 0 0 0 0 0 0 0 0 0 0 1 13150.8 13150.8 13150.8 13150.8
-1 -1 1 -1 -1 1 0 0 0 0 0 -3.07799e-06 -0 0 0 -0 0 0 0 0 0 0 0 0 0 0 0 0 0 1 13150.8 13150.8 13150.8 13150.8
-1 -1 1 -1 -1 1 0 0 0 0 0 -3.07288e-06 -0 0 0 -0 0 0 0 0 0 0 0 0 0 0 0 0 0 1 13150.8 13150.8 13150.8 13150.8
-1 -1 1 -1 -1 1 0 0 0 0 0 -3.0678e-06 -0 0 0 -0 0 0 0 0 0 0 0 0 0 0 0 0 0 1 13150.8 13150.8 13150.8 13150.8
-1 -1 1 -1 -1 1 0 0 0 0 0 -3.0627e-06 -0 0 0 -0 0 0 0 0 0 0 0 0 0 0 0 0 0 1 13150.8 13150.8 13150.8 13150.8
-1 -1 1 -1 -1 1 0 0 0 0 0 -3.0576e-06 -0 0 0 -0 0 0 0 0 0 0 0 0 0 0 0 0 0 1 13150.8 13150.8 13150.8 13150.8
-1 -1 1 -1 -1 1 0 0 0 0 0 -3.05251e-06 -0 0 0 -0 0 0 0 0 0 0 0 0 0 0 0 0 0 1 13150.8 13150.8 13150.8 13150.8
-1 -1 1 -1 -1 1 0 0 0 0 0 -3.0474e-06 -0 0 0 -0 0 0 0 0 0 0 0 0 0 0 0 0 0 1 13150.8 13150.8 13150.8 13150.8
-1 -1 1 -1 -1 1 0 0 0 0 0 -3.04231e-06 -0 0 0 -0 0 0 0 0 0 0 0 0 0 0 0 0 0 1 13150.8 13150.8 13150.8 13150.8
-1 -1 1 -1 -1 1 0 0 0 0 0 -3.03722e-06 -0 0 0 -0 0 0 0 0 0 0 0 0 0 0 0 0 0 1 13150.8 13150.8 13150.8 13150.8
-1 -1 1 -1 -1 1 0 0 0 0 0 -3.03214e-06 -0 0 0 -0 0 0 0 0 0 0 0 0 0 0 0 0 0 1 13150.8 13150.8 13150.8 13150.8
-1 -1 1 -1 -1 1 0 0 0 0 0 -3.02705e-06 -0 0 0 -0 0 0 0 0 0 0 0 0 0 0 0 0 0 1 13150.8 13150.8 13150.8 13150.8
-1 -1 1 -1 -1 1 0 0 0 0 0 -3.02194e-06 -0 0 0 -0 0 0 0 0 0 0 0 0 0 0 0 0 0 1 13150.8 13150.8 13150.8 13150.8
-1 -1 1 -1 -1 1 0 0 0 0 0 -3.01685e-06 -0 0 0 -0 0 0 0 0 0 0 0 0 0 0 0 0 0 1 13150.8 13150.8 13150.8 13150.8
-1 -1 1 -1 -1 1 0 0 0 0 0 -3.00445e-06 -0 0 0 -0 0 0 0 0 0 0 0 0 0 0 0 0 0 1 13150.8 13150.8 13150.8 13150.8
-1 -1 1 -1 -1 1 0 0 0 0 0 -2.99208e-06 -0 0 0 -0 0 0 0 0 0 0 0 0 0 0 0 0 0 1 13150.8 13150.8 13150.8 13150.8
-1 -1 1 -1 -1 1 0 0 0 0 0 -2.97972e-06 -0 0 0 -0 0 0 0 0 0 0 0 0 0 0 0 0 0 1 13150.8 13150.8 13150.8 13150.8
-1 -1 1 -1 -1 1 0 0 0 0 0 -2.96735e-06 -0 0 0 -0 0 0 0 0 0 0 0 0 0 0 0 0 0 1 13150.8 13150.8 13150.8 13150.8
-1 -1 1 -1 -1 1 0 0 0 0 0 -2.95491e-06 -0 0 0 -0 0 0 0 0 0 0 0 0 0 0 0 0 0 1 13150.8 13150.8 13150.8 13150.8
-1 -1 1 -1 -1 1 0 0 0 0 0 -2.94259e-06 -0 0 0 -0 0 0 0 0 0 0 0 0 0 0 0 0 0 1 13150.8 13150.8 13150.8 13150.8
-1 -1 1 -1 -1 1 0 0 0 0 0 -2.93017e-06 -0 0 0 -0 0 0 0 0 0 0 0 0 0 0 0 0 0 1 13150.8 13150.8 13150.8 13150.8
-1 -1 1 -1 -1 1 0 0 0 0 0 -2.91778e-06 -0 0 0 -0 0 0 0 0 0 0 0 0 0 0 0 0 0 1 13150.8 13150.8 13150.8 13150.8
-1 -1 1 -1 -1 1 0 0 0 0 0 -2.9054e-06 -0 0 0 -0 0 0 0 0 0 0 0 0 0 0 0 0 0 1 13150.8 13150.8 13150.8 13150.8
-1 -1 1 -1 -1 1 0 0 0 0 0 -2.89303e-06 -0 0 0 -0 0 0 0 0 0 0 0 0 0 0 0 0 0 1 13150.8 13150.8 13150.8 13150.8
-1 -1 1 -1 -1 1 0 0 0 0 0 -2.88068e-06 -0 0 0 -0 0 0 0 0 0 0 0 0 0 0 0 0 0 1 13150.8 13150.8 13150.8 13150.8
-1 -1 1 -1 -1 1 0 0 0 0 0 -2.8683e-06 -0 0 0 -0 0 0 0 0 0 0 0 0 0 0 0 0 0 1 13150.8 13150.8 13150.8 13150.8
-1 -1 1 -1 -1 1 0 0 0 0 0 -2.85558e-06 -0 0 0 -0 0 0 0 0 0 0 0 0 0 0 0 0 0 1 13150.8 13150.8 13150.8 13150.8
-1 -1 1 -1 -1 1 0 0 0 0 0 -2.84351e-06 -0 0 0 -0 0 0 0 0 0 0 0 0 0 0 0 0 0 1 13150.8 13150.8 13150.8 13150.8
-1 -1 1 -1 -1 1 0 0 0 0 0 -2.83113e-06 -0 0 0 -0 0 0 0 0 0 0 0 0 0 0 0 0 0 1 13150.8 13150.8 13150.8 13150.8
-1 -1 1 -1 -1 1 0 0 0 0 0 -2.81877e-06 -0 0 0 -0 0 0 0 0 0 0 0 0 0 0 0 0 0 1 13150.8 13150.8 13150.8 13150.8
-1 -1 1 -1 -1 1 0 0 0 0 0 -2.8064e-06 -0 0 0 -0 0 0 0 0 0 0 0 0 0 0 0 0 0 1 13150.8 13150.8 13150.8 13150.8
-1 -1 1 -1 -1 1 0 0 0 0 0 -2.79403e-06 -0 0 0 -0 0 0 0 0 0 0 0 0 0 0 0 0 0 1 13150.8 13150.8 13150.8 13150.8
-1 -1 1 -1 -1 1 0 0 0 0 0 -2.78165e-06 -0 0 0 -0 0 0 0 0 0 0 0 0 0 0 0 0 0 1 13150.8 13150.8 13150.8 13150.8
-1 -1 1 -1 -1 1 0 0 0 0 0 -2.76923e-06 -0 0 0 -0 0 0 0 0 0 0 0 0 0 0 0 0 0 1 13150.8 13150.8 13150.8 13150.8
-1 -1 1 -1 -1 1 0 0 0 0 0 -2.75681e-06 -0 0 0 -0 0 0 0 0 0 0 0 0 0 0 0 0 0 1 13150.8 13150.8 13150.8 13150.8
-1 -1 1 -1 -1 1 0 0 0 0 0 -2.7445e-06 -0 0 0 -0 0 0 0 0 0 0 0 0 0 0 0 0 0 1 13150.8 13150.8 13150.8 13150.8
-1 -1 1 -1 -1 1 0 0 0 0 0 -2.73211e-06 -0 0 0 -0 0 0 0 0 0 0 0 0 0 0 0 0 0 1 13150.8 13150.8 13150.8 13150.8
-1 -1 1 -1 -1 1 0 0 0 0 0 -2.71974e-06 -0 0 0 -0 0 0 0 0 0 0 0 0 0 0 0 0 0 1 13150.8 13150.8 13150.8 13150.8
-1 -1 1 -1 -1 1 0 0 0 0 0 -2.70009e-06 -0 0 0 -0 0 0 0 0 0 0 0 0 0 0 0 0 0 1 13150.8 13150.8 13150.8 13150.8
-1 -1 1 -1 -1 1 0 0 0 0 0 -2.68041e-06 -0 0 0 -0 0 0 0 0 0 0 0 0 0 0 0 0 0 1 13150.8 13150.8 13150.8 13150.8
-1 -1 1 -1 -1 1 0 0 0 0 0 -2.66054e-06 -0 0 0 -0 0 0 0 0 0 0 0 0 0 0 0 0 0 1 13150.8 13150.8 13150.8 13150.8
-1 -1 1 -1 -1 1 0 0 0 0 0 -2.64104e-06 -0 0 0 -0 0 0 0 0 0 0 0 0 0 0 0 0 0 1 13150.8 13150.8 13150.8 13150.8
-1 -1 1 -1 -1 1 0 0 0 0 0 -2.62139e-06 -0 0 0 -0 0 0 0 0 0 0 0 0 0 0 0 0 0 1 13150.8 13150.8 13150.8 13150.8
-1 -1 1 -1 -1 1 0 0 0 0 0 -2.60173e-06 -0 0 0 -0 0 0 0 0 0 0 0 0 0 0 0 0 0 1 13150.8 13150.8 13150.8 13150.8
-1 -1 1 -1 -1 1 0 0 0 0 0 -2.58208e-06 -0 0 0 -0 0 0 0 0 0 0 0 0 0 0 0 0 0 1 13150.8 13150.8 13150.8 13150.8
-1 -1 1 -1 -1 1 0 0 0 0 0 -2.5624e-06 -0 0 0 -0 0 0 0 0 0 0 0 0 0 0 0 0 0 1 13150.8 13150.8 13150.8 13150.8
-1 -1 1 -1 -1 1 0 0 0 0 0 -2.54248e-06 -0 0 0 -0 0 0 0 0 0 0 0 0 0 0 0 0 0 1 13150.8 13150.8 13150.8 13150.8
-1 -1 1 -1 -1 1 0 0 0 0 0 -2.52304e-06 -0 0 0 -0 0 0 0 0 0 0 0 0 0 0 0 0 0 1 13150.8 13150.8 13150.8 13150.8
-1 -1 1 -1 -1 1 0 0 0 0 0 -2.50337e-06 -0 0 0 -0 0 0 0 0 0 0 0 0 0 0 0 0 0 1 13150.8 13150.8 13150.8 13150.8
-1 -1 1 -1 -1 1 0 0 0 0 0 -2.4837e-06 -0 0 0 -0 0 0 0 0 0 0 0 0 0 0 0 0 0 1 13150.8 13150.8 13150.8 13150.8
-1 -1 1 -1 -1 1 0 0 0 0 0 -2.46409e-06 -0 0 0 -0 0 0 0 0 0 0 0 0 0 0 0 0 0 1 13150.8 13150.8 13150.8 13150.8
-1 -1 1 -1 -1 1 0 0 0 0 0 -2.44435e-06 -0 0 0 -0 0 0 0 0 0 0 0 0 0 0 0 0 0 1 13150.8 13150.8 13150.8 13150.8
-1 -1 1 -1 -1 1 0 0 0 0 0 -2.42478e-06 -0 0 0 -0 0 0 0 0 0 0 0 0 0 0 0 0 0 1 13150.8 13150.8 13150.8 13150.8
-1 -1 1 -1 -1 1 0 0 0 0 0 -2.40508e-06 -0 0 0 -0 0 0 0 0 0 0 0 0 0 0 0 0 0 1 13150.8 13150.8 13150.8 13150.8
-1 -1 1 -1 -1 1 0 0 0 0 0 -2.38543e-06 -0 0 0 -0 0 0 0 0 0 0 0 0 0 0 0 0 0 1 13150.8 13150.8 13150.8 13150.8
-1 -1 1 -1 -1 1 0 0 0 0 0 -2.36575e-06 -0 0 0 -0 0 0 0 0 0 0 0 0 0 0 0 0 0 1 13150.8 13150.8 13150.8 13150.8
-1 -1 1 -1 -1 1 0 0 0 0 0 -2.34609e-06 -0 0 0 -0 0 0 0 0 0 0 0 0 0 0 0 0 0 1 13150.8 13150.8 13150.8 13150.8
-1 -1 1 -1 -1 1 0 0 0 0 0 -2.32644e-06 -0 0 0 -0 0 0 0 0 0 0 0 0 0 0 0 0 0 1 13150.8 13150.8 13150.8 13150.8
-1 -1 1 -1 -1 1 0 0 0 0 0 -2.30679e-06 -0 0 0 -0 0 0 0 0 0 0 0 0 0 0 0 0 0 1 13150.8 13150.8 13150.8 13150.8
-1 -1 1 -1 -1 1 0 0 0 0 0 -2.28701e-06 -0 0 0 -0 0 0 0 0 0 0 0 0 0 0 0 0 0 1 13150.8 13150.8 13150.8 13150.8
-1 -1 1 -1 -1 1 0 0 0 0 0 -2.26739e-06 -0 0 0 -0 0 0 0 0 0 0 0 0 0 0 0 0 0 1 13150.8 13150.8 13150.8 13150.8
-1 -1 1 -1 -1 1 0 0 0 0 0 -2.24773e-06 -0 0 0 -0 0 0 0 0 0 0 0 0 0 0 0 0 0 1 13150.8 13150.8 13150.8 13150.8
-1 -1 1 -1 -1 1 0 0 0 0 0 -2.22808e-06 -0 0 0 -0 0 0 0 0 0 0 0 0 0 0 0 0 0 1 13150.8 13150.8 13150.8 13150.8
-1 -1 1 -1 -1 1 0 0 0 0 0 -2.20842e-06 -0 0 0 -0 0 0 0 0 0 0 0 0 0 0 0 0 0 1 13150.8 13150.8 13150.8 13150.8
-1 -1 1 -1 -1 1 0 0 0 0 0 -2.1887e-06 -0 0 0 -0 0 0 0 0 0 0 0 0 0 0 0 0 0 1 13150.8 13150.8 13150.8 13150.8
-1 -1 1 -1 -1 1 0 0 0 0 0 -2.16911e-06 -0 0 0 -0 0 0 0 0 0 0 0 0 0 0 0 0 0 1 13150.8 13150.8 13150.8 13150.8
-1 -1 1 -1 -1 1 0 0 0 0 0 -2.14942e-06 -0 0 0 -0 0 0 0 0 0 0 0 0 0 0 0 0 0 1 13150.8 13150.8 13150.8 13150.8
-1 -1 1 -1 -1 1 0 0 0 0 0 -2.12977e-06 -0 0 0 -0 0 0 0 0 0 0 0 0 0 0 0 0 0 1 13150.8 13150.8 13150.8 13150.8
-1 -1 1 -1 -1 1 0 0 0 0 0 -2.11006e-06 -0 0 0 -0 0 0 0 0 0 0 0 0 0 0 0 0 0 1 13150.8 13150.8 13150.8 13150.8
-1 -1 1 -1 -1 1 0 0 0 0 0 -2.09045e-06 -0 0 0 -0 0 0 0 0 0 0 0 0 0 0 0 0 0 1 13150.8 13150.8 13150.8 13150.8
-1 -1 1 -1 -1 1 0 0 0 0 0 -2.07079e-06 -0 0 0 -0 0 0 0 0 0 0 0 0 0 0 0 0 0 1 13150.8 13150.8 13150.8 13150.8
-1 -1 1 -1 -1 1 0 0 0 0 0 -2.05113e-06 -0 0 0 -0 0 0 0 0 0 0 0 0 0 0 0 0 0 1 13150.8 13150.8 13150.8 13150.8
-1 -1 1 -1 -1 1 0 0 0 0 0 -2.03147e-06 -0 0 0 -0 0 0 0 0 0 0 0 0 0 0 0 0 0 1 13150.8 13150.8 13150.8 13150.8
-1 -1 1 -1 -1 1 0 0 0 0 0 -2.01173e-06 -0 0 0 -0 0 0 0 0 0 0 0 0 0 0 0 0 0 1 13150.8 13150.8 13150.8 13150.8
-1 -1 1 -1 -1 1 0 0 0 0 0 -1.99212e-06 -0 0 0 -0 0 0 0 0 0 0 0 0 0 0 0 0 0 1 13150.8 13150.8 13150.8 13150.8
-1 -1 1 -1 -1 1 0 0 0 0 0 -1.97242e-06 -0 0 0 -0 0 0 0 0 0 0 0 0 0 0 0 0 0 1 13150.8 13150.8 13150.8 13150.8
-1 -1 1 -1 -1 1 0 0 0 0 0 -1.95277e-06 -0 0 0 -0 0 0 0 0 0 0 0 0 0 0 0 0 0 1 13150.8 13150.8 13150.8 13150.8
-1 -1 1 -1 -1 1 0 0 0 0 0 -1.93308e-06 -0 0 0 -0 0 0 0 0 0 0 0 0 0 0 0 0 0 1 13150.8 13150.8 13150.8 13150.8
-1 -1 1 -1 -1 1 0 0 0 0 0 -1.9135e-06 -0 0 0 -0 0 0 0 0 0 0 0 0 0 0 0 0 0 1 13150.8 13150.8 13150.8 13150.8
-1 -1 1 -1 -1 1 0 0 0 0 0 -1.89378e-06 -0 0 0 -0 0 0 0 0 0 0 0 0 0 0 0 0 0 1 13150.8 13150.8 13150.8 13150.8
-1 -1 1 -1 -1 1 0 0 0 0 0 -1.87412e-06 -0 0 0 -0 0 0 0 0 0 0 0 0 0 0 0 0 0 1 13150.8 13150.8 13150.8 13150.8
-1 -1 1 -1 -1 1 0 0 0 0 0 -1.85438e-06 -0 0 0 -0 0 0 0 0 0 0 0 0 0 0 0 0 0 1 13150.8 13150.8 13150.8 13150.8
-1 -1 1 -1 -1 1 0 0 0 0 0 -1.83475e-06 -0 0 0 -0 0 0 0 0 0 0 0 0 0 0 0 0 0 1 13150.8 13150.8 13150.8 13150.8
-1 -1 1 -1 -1 1 0 0 0 0 0 -1.81513e-06 -0 0 0 -0 0 0 0 0 0 0 0 0 0 0 0 0 0 1 13150.8 13150.8 13150.8 13150.8
-1 -1 1 -1 -1 1 0 0 0 0 0 -1.79547e-06 -0 0 0 -0 0 0 0 0 0 0 0 0 0 0 0 0 0 1 13150.8 13150.8 13150.8 13150.8
-1 -1 1 -1 -1 1 0 0 0 0 0 -1.77582e-06 -0 0 0 -0 0 0 0 0 0 0 0 0 0 0 0 0 0 1 13150.8 13150.8 13150.8 13150.8
-1 -1 1 -1 -1 1 0 0 0 0 0 -1.75616e-06 -0 0 0 -0 0 0 0 0 0 0 0 0 0 0 0 0 0 1 13150.8 13150.8 13150.8 13150.8
-1 -1 1 -1 -1 1 0 0 0 0 0 -1.73639e-06 -0 0 0 -0 0 0 0 0 0 0 0 0 0 0 0 0 0 1 13150.8 13150.8 13150.8 13150.8
-1 -1 1 -1 -1 1 0 0 0 0 0 -1.71678e-06 -0 0 0 -0 0 0 0 0 0 0 0 0 0 0 0 0 0 1 13150.8 13150.8 13150.8 13150.8
-1 -1 1 -1 -1 1 0 0 0 0 0 -1.69714e-06 -0 0 0 -0 0 0 0 0 0 0 0 0 0 0 0 0 0 1 13150.8 13150.8 13150.8 13150.8
-1 -1 1 -1 -1 1 0 0 0 0 0 -1.6775e-06 -0 0 0 -0 0 0 0 0 0 0 0 0 0 0 0 0 0 1 13150.8 13150.8 13150.8 13150.8
-1 -1 1 -1 -1 1 0 0 0 0 0 -1.65784e-06 -0 0 0 -0 0 0 0 0 0 0 0 0 0 0 0 0 0 1 13150.8 13150.8 13150.8 13150.8
-1 -1 1 -1 -1 1 0 0 0 0 0 -1.63811e-06 -0 0 0 -0 0 0 0 0 0 0 0 0 0 0 0 0 0 1 13150.8 13150.8 13150.8 13150.8
-1 -1 1 -1 -1 1 0 0 0 0 0 -1.61849e-06 -0 0 0 -0 0 0 0 0 0 0 0 0 0 0 0 0 0 1 13150.8 13150.8 13150.8 13150.8
-1 -1 1 -1 -1 1 0 0 0 0 0 -1.59883e-06 -0 0 0 -0 0 0 0 0 0 0 0 0 0 0 0 0 0 1 13150.8 13150.8 13150.8 13150.8
-1 -1 1 -1 -1 1 0 0 0 0 0 -1.58645e-06 -0 0 0 -0 0 0 0 0 0 0 0 0 0 0 0 0 0 1 13150.8 13150.8 13150.8 13150.8
-1 -1 1 -1 -1 1 0 0 0 0 0 -1.57407e-06 -0 0 0 -0 0 0 0 0 0 0 0 0 0 0 0 0 0 1 13150.8 13150.8 13150.8 13150.8
-1 -1 1 -1 -1 1 0 0 0 0 0 -1.55442e-06 -0 0 0 -0 0 0 0 0 0 0 0 0 0 0 0 0 0 1 13150.8 13150.8 13150.8 13150.8
-1 -1 1 -1 -1 1 0 0 0 0 0 -1.54204e-06 -0 0 0 -0 0 0 0 0 0 0 0 0 0 0 0 0 0 1 13150.8 13150.8 13150.8 13150.8
-1 -1 1 -1 -1 1 0 0 0 0 0 -1.52966e-06 -0 0 0 -0 0 0 0 0 0 0 0 0 0 0 0 0 0 1 13150.8 13150.8 13150.8 13150.8
-1 -1 1 -1 -1 1 0 0 0 0 0 -1.51727e-06 -0 0 0 -0 0 0 0 0 0 0 0 0 0 0 0 0 0 1 13150.8 13150.8 13150.8 13150.8
-1 -1 1 -1 -1 1 0 0 0 0 0 -1.50483e-06 -0 0 0 -0 0 0 0 0 0 0 0 0 0 0 0 0 0 1 13150.8 13150.8 13150.8 13150.8
-1 -1 1 -1 -1 1 0 0 0 0 0 -1.48515e-06 -0 0 0 -0 0 0 0 0 0 0 0 0 0 0 0 0 0 1 13150.8 13150.8 13150.8 13150.8
-1 -1 1 -1 -1 1 0 0 0 0 0 -1.47279e-06 -0 0 0 -0 0 0 0 0 0 0 0 0 0 0 0 0 0 1 13150.8 13150.8 13150.8 13150.8
-1 -1 1 -1 -1 1 0 0 0 0 0 -1.46044e-06 -0 0 0 -0 0 0 0 0 0 0 0 0 0 0 0 0 0 1 13150.8 13150.8 13150.8 13150.8
-1 -1 1 -1 -1 1 0 0 0 0 0 -1.44807e-06 -0 0 0 -0 0 0 0 0 0 0 0 0 0 0 0 0 0 1 13150.8 13150.8 13150.8 13150.8
-1 -1 1 -1 -1 1 0 0 0 0 0 -1.43568e-06 -0 0 0 -0 0 0 0 0 0 0 0 0 0 0 0 0 0 1 13150.8 13150.8 13150.8 13150.8
-1 -1 1 -1 -1 1 0 0 0 0 0 -1.42331e-06 -0 0 0 -0 0 0 0 0 0 0 0 0 0 0 0 0 0 1 13150.8 13150.8 13150.8 13150.8
-1 -1 1 -1 -1 1 0 0 0 0 0 -1.41092e-06 -0 0 0 -0 0 0 0 0 0 0 0 0 0 0 0 0 0 1 13150.8 13150.8 13150.8 13150.8
-1 -1 1 -1 -1 1 0 0 0 0 0 -1.39855e-06 -0 0 0 -0 0 0 0 0 0 0 0 0 0 0 0 0 0 1 13150.8 13150.8 13150.8 13150.8
-1 -1 1 -1 -1 1 0 0 0 0 0 -1.38619e-06 -0 0 0 -0 0 0 0 0 0 0 0 0 0 0 0 0 0 1 13150.8 13150.8 13150.8 13150.8
-1 -1 1 -1 -1 1 0 0 0 0 0 -1.37381e-06 -0 0 0 -0 0 0 0 0 0 0 0 0 0 0 0 0 0 1 13150.8 13150.8 13150.8 13150.8
-1 -1 1 -1 -1 1 0 0 0 0 0 -1.36145e-06 -0 0 0 -0 0 0 0 0 0 0 0 0 0 0 0 0 0 1 13150.8 13150.8 13150.8 13150.8
-1 -1 1 -1 -1 1 0 0 0 0 0 -1.34901e-06 -0 0 0 -0 0 0 0 0 0 0 0 0 0 0 0 0 0 1 13150.8 13150.8 13150.8 13150.8
-1 -1 1 -1 -1 1 0 0 0 0 0 -1.33665e-06 -0 0 0 -0 0 0 0 0 0 0 0 0 0 0 0 0 0 1 13150.8 13150.8 13150.8 13150.8
-1 -1 1 -1 -1 1 0 0 0 0 0 -1.32428e-06 -0 0 0 -0 0 0 0 0 0 0 0 0 0 0 0 0 0 1 13150.8 13150.8 13150.8 13150.8
-1 -1 1 -1 -1 1 0 0 0 0 0 -1.31189e-06 -0 0 0 -0 0 0 0 0 0 0 0 0 0 0 0 0 0 1 13150.8 13150.8 13150.8 13150.8
-1 -1 1 -1 -1 1 0 0 0 0 0 -1.29954e-06 -0 0 0 -0 0 0 0 0 0 0 0 0 0 0 0 0 0 1 13150.8 13150.8 13150.8 13150.8
-1 -1 1 -1 -1 1 0 0 0 0 0 -1.28716e-06 -0 0 0 -0 0 0 0 0 0 0 0 0 0 0 0 0 0 1 13150.8 13150.8 13150.8 13150.8
-1 -1 1 -1 -1 1 0 0 0 0 0 -1.27478e-06 -0 0 0 -0 0 0 0 0 0 0 0 0 0 0 0 0 0 1 13150.8 13150.8 13150.8 13150.8
-1 -1 1 -1 -1 1 0 0 0 0 0 -1.2624e-06 -0 0 0 -0 0 0 0 0 0 0 0 0 0 0 0 0 0 1 13150.8 13150.8 13150.8 13150.8
-1 -1 1 -1 -1 1 0 0 0 0 0 -1.25001e-06 -0 0 0 -0 0 0 0 0 0 0 0 0 0 0 0 0 0 1 13150.8 13150.8 13150.8 13150.8
-1 -1 1 -1 -1 1 0 0 0 0 0 -1.23761e-06 -0 0 0 -0 0 0 0 0 0 0 0 0 0 0 0 0 0 1 13150.8 13150.8 13150.8 13150.8
-1 -1 1 -1 -1 1 0 0 0 0 0 -1.22523e-06 -0 0 0 -0 0 0 0 0 0 0 0 0 0 0 0 0 0 1 13150.8 13150.8 13150.8 13150.8
-1 -1 1 -1 -1 1 0 0 0 0 0 -1.21286e-06 -0 0 0 -0 0 0 0 0 0 0 0 0 0 0 0 0 0 1 13150.8 13150.8 13150.8 13150.8
-1 -1 1 -1 -1 1 0 0 0 0 0 -1.20048e-06 -0 0 0 -0 0 0 0 0 0 0 0 0 0 0 0 0 0 1 13150.8 13150.8 13150.8 13150.8
-1 -1 1 -1 -1 1 0 0 0 0 0 -1.18809e-06 -0 0 0 -0 0 0 0 0 0 0 0 0 0 0 0 0 0 1 13150.8 13150.8 13150.8 13150.8
-1 -1 1 -1 -1 1 0 0 0 0 0 -1.17571e-06 -0 0 0 -0 0 0 0 0 0 0 0 0 0 0 0 0 0 1 13150.8 13150.8 13150.8 13150.8
-1 -1 1 -1 -1 1 0 0 0 0 0 -1.16331e-06 -0 0 0 -0 0 0 0 0 0 0 0 0 0 0 0 0 0 1 13150.8 13150.8 13150.8 13150.8
-1 -1 1 -1 -1 1 0 0 0 0 0 -1.15093e-06 -0 0 0 -0 0 0 0 0 0 0 0 0 0 0 0 0 0 1 13150.8 13150.8 13150.8 13150.8
-1 -1 1 -1 -1 1 0 0 0 0 0 -1.1386e-06 -0 0 0 -0 0 0 0 0 0 0 0 0 0 0 0 0 0 1 13150.8 13150.8 13150.8 13150.8
-1 -1 1 -1 -1 1 0 0 0 0 0 -1.12623e-06 -0 0 0 -0 0 0 0 0 0 0 0 0 0 0 0 0 0 1 13150.8 13150.8 13150.8 13150.8
-1 -1 1 -1 -1 1 0 0 0 0 0 -1.1139e-06 -0 0 0 -0 0 0 0 0 0 0 0 0 0 0 0 0 0 1 13150.8 13150.8 13150.8 13150.8
-1 -1 1 -1 -1 1 0 0 0 0 0 -1.10144e-06 -0 0 0 -0 0 0 0 0 0 0 0 0 0 0 0 0 0 1 13150.8 13150.8 13150.8 13150.8
-1 -1 1 -1 -1 1 0 0 0 0 0 -1.08912e-06 -0 0 0 -0 0 0 0 0 0 0 0 0 0 0 0 0 0 1 13150.8 13150.8 13150.8 13150.8
-1 -1 1 -1 -1 1 0 0 0 0 0 -1.07669e-06 -0 0 0 -0 0 0 0 0 0 0 0 0 0 0 0 0 0 1 13150.8 13150.8 13150.8 13150.8
-1 -1 1 -1 -1 1 0 0 0 0 0 -1.06431e-06 -0 0 0 -0 0 0 0 0 0 0 0 0 0 0 0 0 0 1 13150.8 13150.8 13150.8 13150.8
-1 -1 1 -1 -1 1 0 0 0 0 0 -1.05194e-06 -0 0 0 -0 0 0 0 0 0 0 0 0 0 0 0 0 0 1 13150.8 13150.8 13150.8 13150.8
-1 -1 1 -1 -1 1 0 0 0 0 0 -1.03956e-06 -0 0 0 -0 0 0 0 0 0 0 0 0 0 0 0 0 0 1 13150.8 13150.8 13150.8 13150.8
-1 -1 1 -1 -1 1 0 0 0 0 0 -1.02719e-06 -0 0 0 -0 0 0 0 0 0 0 0 0 0 0 0 0 0 1 13150.8 13150.8 13150.8 13150.8
-1 -1 1 -1 -1 1 0 0 0 0 0 -1.01481e-06 -0 0 0 -0 0 0 0 0 0 0 0 0 0 0 0 0 0 1 13150.8 13150.8 13150.8 13150.8
-1 -1 1 -1 -1 1 0 0 0 0 0 -1.00241e-06 -0 0 0 -0 0 0 0 0 0 0 0 0 0 0 0 0 0 1 13150.8 13150.8 13150.8 13150.8
-1 -1 1 -1 -1 1 0 0 0 0 0 -9.89999e-07 -0 0 0 -0 0 0 0 0 0 0 0 0 0 0 0 0 0 1 13150.8 13150.8 13150.8 13150.8
-1 -1 1 -1 -1 1 0 0 0 0 0 -9.7759e-07 -0 0 0 -0 0 0 0 0 0 0 0 0 0 0 0 0 0 1 13150.8 13150.8 13150.8 13150.8
-1 -1 1 -1 -1 1 0 0 0 0 0 -9.65252e-07 -0 0 0 -0 0 0 0 0 0 0 0 0 0 0 0 0 0 1 13150.8 13150.8 13150.8 13150.8
-1 -1 1 -1 -1 1 0 0 0 0 0 -9.52883e-07 -0 0 0 -0 0 0 0 0 0 0 0 0 0 0 0 0 0 1 13150.8 13150.8 13150.8 13150.8
-1 -1 1 -1 -1 1 0 0 0 0 0 -9.40491e-07 -0 0 0 -0 0 0 0 0 0 0 0 0 0 0 0 0 0 1 13150.8 13150.8 13150.8 13150.8
-1 -1 1 -1 -1 1 0 0 0 0 0 -9.28071e-07 -0 0 0 -0 0 0 0 0 0 0 0 0 0 0 0 0 0 1 13150.8 13150.8 13150.8 13150.8
-1 -1 1 -1 -1 1 0 0 0 0 0 -9.15689e-07 -0 0 0 -0 0 0 0 0 0 0 0 0 0 0 0 0 0 1 13150.8 13150.8 13150.8 13150.8
-1 -1 1 -1 -1 1 0 0 0 0 0 -9.03348e-07 -0 0 0 -0 0 0 0 0 0 0 0 0 0 0 0 0 0 1 13150.8 13150.8 13150.8 13150.8
-1 -1 1 -1 -1 1 0 0 0 0 0 -8.90992e-07 -0 0 0 -0 0 0 0 0 0 0 0 0 0 0 0 0 0 1 13150.8 13150.8 13150.8 13150.8
-1 -1 1 -1 -1 1 0 0 0 0 0 -8.78615e-07 -0 0 0 -0 0 0 0 0 0 0 0 0 0 0 0 0 0 1 13150.8 13150.8 13150.8 13150.8
-1 -1 1 -1 -1 1 0 0 0 0 0 -8.66237e-07 -0 0 0 -0 0 0 0 0 0 0 0 0 0 0 0 0 0 1 13150.8 13150.8 13150.8 13150.8
-1 -1 1 -1 -1 1 0 0 0 0 0 -8.53837e-07 -0 0 0 -0 0 0 0 0 0 0 0 0 0 0 0 0 0 1 13150.8 13150.8 13150.8 13150.8
-1 -1 1 -1 -1 1 0 0 0 0 0 -8.41375e-07 -0 0 0 -0 0 0 0 0 0 0 0 0 0 0 0 0 0 1 13150.8 13150.8 13150.8 13150.8
-1 -1 1 -1 -1 1 0 0 0 0 0 -8.29098e-07 -0 0 0 -0 0 0 0 0 0 0 0 0 0 0 0 0 0 1 13150.8 13150.8 13150.8 13150.8
-1 -1 1 -1 -1 1 0 0 0 0 0 -8.16711e-07 -0 0 0 -0 0 0 0 0 0 0 0 0 0 0 0 0 0 1 13150.8 13150.8 13150.8 13150.8
-1 -1 1 -1 -1 1 0 0 0 0 0 -8.04337e-07 -0 0 0 -0 0 0 0 0 0 0 0 0 0 0 0 0 0 1 13150.8 13150.8 13150.8 13150.8
-1 -1 1 -1 -1 1 0 0 0 0 0 -7.91958e-07 -0 0 0 -0 0 0 0 0 0 0 0 0 0 0 0 0 0 1 13150.8 13150.8 13150.8 13150.8
-1 -1 1 -1 -1 1 0 0 0 0 0 -7.79576e-07 -0 0 0 -0 0 0 0 0 0 0 0 0 0 0 0 0 0 1 13150.8 13150.8 13150.8 13150.8
-1 -1 1 -1 -1 1 0 0 0 0 0 -7.67201e-07 -0 0 0 -0 0 0 0 0 0 0 0 0 0 0 0 0 0 1 13150.8 13150.8 13150.8 13150.8
-1 -1 1 -1 -1 1 0 0 0 0 0 -7.54791e-07 -0 0 0 -0 0 0 0 0 0 0 0 0 0 0 0 0 0 1 13150.8 13150.8 13150.8 13150.8
-1 -1 1 -1 -1 1 0 0 0 0 0 -7.4238e-07 -0 0 0 -0 0 0 0 0 0 0 0 0 0 0 0 0 0 1 13150.8 13150.8 13150.8 13150.8
-1 -1 1 -1 -1 1 0 0 0 0 0 -7.30008e-07 -0 0 0 -0 0 0 0 0 0 0 0 0 0 0 0 0 0 1 13150.8 13150.8 13150.8 13150.8
-1 -1 1 -1 -1 1 0 0 0 0 0 -7.17646e-07 -0 0 0 -0 0 0 0 0 0 0 0 0 0 0 0 0 0 1 13150.8 13150.8 13150.8 13150.8
-1 -1 1 -1 -1 1 0 0 0 0 0 -7.05295e-07 -0 0 0 -0 0 0 0 0 0 0 0 0 0 0 0 0 0 1 13150.8 13150.8 13150.8 13150.8
-1 -1 1 -1 -1 1 0 0 0 0 0 -6.92904e-07 -0 0 0 -0 0 0 0 0 0 0 0 0 0 0 0 0 0 1 13150.8 13150.8 13150.8 13150.8
-1 -1 1 -1 -1 1 0 0 0 0 0 -6.80533e-07 -0 0 0 -0 0 0 0 0 0 0 0 0 0 0 0 0 0 1 13150.8 13150.8 13150.8 13150.8
-1 -1 1 -1 -1 1 0 0 0 0 0 -6.68081e-07 -0 0 0 -0 0 0 0 0 0 0 0 0 0 0 0 0 0 1 13150.8 13150.8 13150.8 13150.8
-1 -1 1 -1 -1 1 0 0 0 0 0 -6.55759e-07 -0 0 0 -0 0 0 0 0 0 0 0 0 0 0 0 0 0 1 13150.8 13150.8 13150.8 13150.8
-1 -1 1 -1 -1 1 0 0 0 0 0 -6.43388e-07 -0 0 0 -0 0 0 0 0 0 0 0 0 0 0 0 0 0 1 13150.8 13150.8 13150.8 13150.8
-1 -1 1 -1 -1 1 0 0 0 0 0 -6.31025e-07 -0 0 0 -0 0 0 0 0 0 0 0 0 0 0 0 0 0 1 13150.8 13150.8 13150.8 13150.8
-1 -1 1 -1 -1 1 0 0 0 0 0 -6.1865e-07 -0 0 0 -0 0 0 0 0 0 0 0 0 0 0 0 0 0 1 13150.8 13150.8 13150.8 13150.8
-1 -1 1 -1 -1 1 0 0 0 0 0 -6.06249e-07 -0 0 0 -0 0 0 0 0 0 0 0 0 0 0 0 0 0 1 13150.8 13150.8 13150.8 13150.8
-1 -1 1 -1 -1 1 0 0 0 0 0 -5.9383e-07 -0 0 0 -0 0 0 0 0 0 0 0 0 0 0 0 0 0 1 13150.8 13150.8 13150.8 13150.8
-1 -1 1 -1 -1 1 0 0 0 0 0 -5.81451e-07 -0 0 0 -0 0 0 0 0 0 0 0 0 0 0 0 0 0 1 13150.8 13150.8 13150.8 13150.8
-1 -1 1 -1 -1 1 0 0 0 0 0 -5.69018e-07 -0 0 0 -0 0 0 0 0 0 0 0 0 0 0 0 0 0 1 13150.8 13150.8 13150.8 13150.8
-1 -1 1 -1 -1 1 0 0 0 0 0 -5.56695e-07 -0 0 0 -0 0 0 0 0 0 0 0 0 0 0 0 0 0 1 13150.8 13150.8 13150.8 13150.8
-1 -1 1 -1 -1 1 0 0 0 0 0 -5.44322e-07 -0 0 0 -0 0 0 0 0 0 0 0 0 0 0 0 0 0 1 13150.8 13150.8 13150.8 13150.8
-1 -1 1 -1 -1 1 0 0 0 0 0 -5.31944e-07 -0 0 0 -0 0 0 0 0 0 0 0 0 0 0 0 0 0 1 13150.8 13150.8 13150.8 13150.8
-1 -1 1 -1 -1 1 0 0 0 0 0 -5.19572e-07 -0 0 0 -0 0 0 0 0 0 0 0 0 0 0 0 0 0 1 13150.8 13150.8 13150.8 13150.8
-1 -1 1 -1 -1 1 0 0 0 0 0 -5.07164e-07 -0 0 0 -0 0 0 0 0 0 0 0 0 0 0 0 0 0 1 13150.8 13150.8 13150.8 13150.8
-1 -1 1 -1 -1 1 0 0 0 0 0 -4.94804e-07 -0 0 0 -0 0 0 0 0 0 0 0 0 0 0 0 0 0 1 13150.8 13150.8 13150.8 13150.8
-1 -1 1 -1 -1 1 0 0 0 0 0 -4.82429e-07 -0 0 0 -0 0 0 0 0 0 0 0 0 0 0 0 0 0 1 13150.8 13150.8 13150.8 13150.8
-1 -1 1 -1 -1 1 0 0 0 0 0 -4.69992e-07 -0 0 0 -0 0 0 0 0 0 0 0 0 0 0 0 0 0 1 13150.8 13150.8 13150.8 13150.8
-1 -1 1 -1 -1 1 0 0 0 0 0 -4.57646e-07 -0 0 0 -0 0 0 0 0 0 0 0 0 0 0 0 0 0 1 13150.8 13150.8 13150.8 13150.8
-1 -1 1 -1 -1 1 0 0 0 0 0 -4.45277e-07 -0 0 0 -0 0 0 0 0 0 0 0 0 0 0 0 0 0 1 13150.8 13150.8 13150.8 13150.8
-1 -1 1 -1 -1 1 0 0 0 0 0 -4.32916e-07 -0 0 0 -0 0 0 0 0 0 0 0 0 0 0 0 0 0 1 13150.8 13150.8 13150.8 13150.8
-1 -1 1 -1 -1 1 0 0 0 0 0 -4.27803e-07 -0 0 0 -0 0 0 0 0 0 0 0 0 0 0 0 0 0 1 13150.8 13150.8 13150.8 13150.8
-1 -1 1 -1 -1 1 0 0 0 0 0 -4.22715e-07 -0 0 0 -0 0 0 0 0 0 0 0 0 0 0 0 0 0 1 13150.8 13150.8 13150.8 13150.8
-1 -1 1 -1 -1 1 0 0 0 0 0 -4.17614e-07 -0 0 0 -0 0 0 0 0 0 0 0 0 0 0 0 0 0 1 13150.8 13150.8 13150.8 13150.8
-1 -1 1 -1 -1 1 0 0 0 0 0 -4.1252e-07 -0 0 0 -0 0 0 0 0 0 0 0 0 0 0 0 0 0 1 13150.8 13150.8 13150.8 13150.8
-1 -1 1 -1 -1 1 0 0 0 0 0 -4.07432e-07 -0 0 0 -0 0 0 0 0 0 0 0 0 0 0 0 0 0 1 13150.8 13150.8 13150.8 13150.8
-1 -1 1 -1 -1 1 0 0 0 0 0 -4.02335e-07 -0 0 0 -0 0 0 0 0 0 0 0 0 0 0 0 0 0 1 13150.8 13150.8 13150.8 13150.8
-1 -1 1 -1 -1 1 0 0 0 0 0 -3.97249e-07 -0 0 0 -0 0 0 0 0 0 0 0 0 0 0 0 0 0 1 13150.8 13150.8 13150.8 13150.8
-1 -1 1 -1 -1 1 0 0 0 0 0 -3.92164e-07 -0 0 0 -0 0 0 0 0 0 0 0 0 0 0 0 0 0 1 13150.8 13150.8 13150.8 13150.8
-1 -1 1 -1 -1 1 0 0 0 0 0 -3.87063e-07 -0 0 0 -0 0 0 0 0 0 0 0 0 0 0 0 0 0 1 13150.8 13150.8 13150.8 13150.8
-1 -1 1 -1 -1 1 0 0 0 0 0 -3.81967e-07 -0 0 0 -0 0 0 0 0 0 0 0 0 0 0 0 0 0 1 13150.8 13150.8 13150.8 13150.8
-1 -1 1 -1 -1 1 0 0 0 0 0 -3.7686e-07 -0 0 0 -0 0 0 0 0 0 0 0 0 0 0 0 0 0 1 13150.8 13150.8 13150.8 13150.8
-1 -1 1 -1 -1 1 0 0 0 0 0 -3.71756e-07 -0 0 0 -0 0 0 0 0 0 0 0 0 0 0 0 0 0 1 13150.8 13150.8 13150.8 13150.8
-1 -1 1 -1 -1 1 0 0 0 0 0 -3.6669e-07 -0 0 0 -0 0 0 0 0 0 0 0 0 0 0 0 0 0 1 13150.8 13150.8 13150.8 13150.8
-1 -1 1 -1 -1 1 0 0 0 0 0 -3.61585e-07 -0 0 0 -0 0 0 0 0 0 0 0 0 0 0 0 0 0 1 13150.8 13150.8 13150.8 13150.8
-1 -1 1 -1 -1 1 0 0 0 0 0 -3.56475e-07 -0 0 0 -0 0 0 0 0 0 0 0 0 0 0 0 0 0 1 13150.8 13150.8 13150.8 13150.8
-1 -1 1 -1 -1 1 0 0 0 0 0 -3.51388e-07 -0 0 0 -0 0 0 0 0 0 0 0 0 0 0 0 0 0 1 13150.8 13150.8 13150.8 13150.8
-1 -1 1 -1 -1 1 0 0 0 0 0 -3.46308e-07 -0 0 0 -0 0 0 0 0 0 0 0 0 0 0 0 0 0 1 13150.8 13150.8 13150.8 13150.8
-1 -1 1 -1 -1 1 0 0 0 0 0 -3.41204e-07 -0 0 0 -0 0 0 0 0 0 0 0 0 0 0 0 0 0 1 13150.8 13150.8 13150.8 13150.8
-1 -1 1 -1 -1 1 0 0 0 0 0 -3.36105e-07 -0 0 0 -0 0 0 0 0 0 0 0 0 0 0 0 0 0 1 13150.8 13150.8 13150.8 13150.8
-1 -1 1 -1 -1 1 0 0 0 0 0 -3.31008e-07 -0 0 0 -0 0 0 0 0 0 0 0 0 0 0 0 0 0 1 13150.8 13150.8 13150.8 13150.8
-1 -1 1 -1 -1 1 0 0 0 0 0 -3.25942e-07 -0 0 0 -0 0 0 0 0 0 0 0 0 0 0 0 0 0 1 13150.8 13150.8 13150.8 13150.8
-1 -1 1 -1 -1 1 0 0 0 0 0 -3.20805e-07 -0 0 0 -0 0 0 0 0 0 0 0 0 0 0 0 0 0 1 13150.8 13150.8 13150.8 13150.8
-1 -1 1 -1 -1 1 0 0 0 0 0 -3.1574e-07 -0 0 0 -0 0 0 0 0 0 0 0 0 0 0 0 0 0 1 13150.8 13150.8 13150.8 13150.8
-1 -1 1 -1 -1 1 0 0 0 0 0 -3.10636e-07 -0 0 0 -0 0 0 0 0 0 0 0 0 0 0 0 0 0 1 13150.8 13150.8 13150.8 13150.8
-1 -1 1 -1 -1 1 0 0 0 0 0 -3.05548e-07 -0 0 0 -0 0 0 0 0 0 0 0 0 0 0 0 0 0 1 13150.8 13150.8 13150.8 13150.8
-1 -1 1 -1 -1 1 0 0 0 0 0 -3.00446e-07 -0 0 0 -0 0 0 0 0 0 0 0 0 0 0 0 0 0 1 13150.8 13150.8 13150.8 13150.8
-1 -1 1 -1 -1 1 0 0 0 0 0 -2.95332e-07 -0 0 0 -0 0 0 0 0 0 0 0 0 0 0 0 0 0 1 13150.8 13150.8 13150.8 13150.8
-1 -1 1 -1 -1 1 0 0 0 0 0 -2.90253e-07 -0 0 0 -0 0 0 0 0 0 0 0 0 0 0 0 0 0 1 13150.8 13150.8 13150.8 13150.8
-1 -1 1 -1 -1 1 0 0 0 0 0 -2.85154e-07 -0 0 0 -0 0 0 0 0 0 0 0 0 0 0 0 0 0 1 13150.8 13150.8 13150.8 13150.8
-1 -1 1 -1 -1 1 0 0 0 0 0 -2.80065e-07 -0 0 0 -0 0 0 0 0 0 0 0 0 0 0 0 0 0 1 13150.8 13150.8 13150.8 13150.8
-1 -1 1 -1 -1 1 0 0 0 0 0 -2.74949e-07 -0 0 0 -0 0 0 0 0 0 0 0 0 0 0 0 0 0 1 13150.8 13150.8 13150.8 13150.8
-1 -1 1 -1 -1 1 0 0 0 0 0 -2.69869e-07 -0 0 0 -0 0 0 0 0 0 0 0 0 0 0 0 0 0 1 13150.8 13150.8 13150.8 13150.8
-1 -1 1 -1 -1 1 0 0 0 0 0 -2.64783e-07 -0 0 0 -0 0 0 0 0 0 0 0 0 0 0 0 0 0 1 13150.8 13150.8 13150.8 13150.8
-1 -1 1 -1 -1 1 0 0 0 0 0 -2.59677e-07 -0 0 0 -0 0 0 0 0 0 0 0 0 0 0 0 0 0 1 13150.8 13150.8 13150.8 13150.8
-1 -1 1 -1 -1 1 0 0 0 0 0 -2.54591e-07 -0 0 0 -0 0 0 0 0 0 0 0 0 0 0 0 0 0 1 13150.8 13150.8 13150.8 13150.8
-1 -1 1 -1 -1 1 0 0 0 0 0 -2.49489e-07 -0 0 0 -0 0 0 0 0 0 0 0 0 0 0 0 0 0 1 13150.8 13150.8 13150.8 13150.8
-1 -1 1 -1 -1 1 0 0 0 0 0 -2.4439e-07 -0 0 0 -0 0 0 0 0 0 0 0 0 0 0 0 0 0 1 13150.8 13150.8 13150.8 13150.8
-1 -1 1 -1 -1 1 0 0 0 0 0 -2.39301e-07 -0 0 0 -0 0 0 0 0 0 0 0 0 0 0 0 0 0 1 13150.8 13150.8 13150.8 13150.8
-1 -1 1 -1 -1 1 0 0 0 0 0 -2.34206e-07 -0 0 0 -0 0 0 0 0 0 0 0 0 0 0 0 0 0 1 13150.8 13150.8 13150.8 13150.8
-1 -1 1 -1 -1 1 0 0 0 0 0 -2.29109e-07 -0 0 0 -0 0 0 0 0 0 0 0 0 0 0 0 0 0 1 13150.8 13150.8 13150.8 13150.8
-1 -1 1 -1 -1 1 0 0 0 0 0 -2.23989e-07 -0 0 0 -0 0 0 0 0 0 0 0 0 0 0 0 0 0 1 13150.8 13150.8 13150.8 13150.8
-1 -1 1 -1 -1 1 0 0 0 0 0 -2.18926e-07 -0 0 0 -0 0 0 0 0 0 0 0 0 0 0 0 0 0 1 13150.8 13150.8 13150.8 13150.8
-1 -1 1 -1 -1 1 0 0 0 0 0 -2.13836e-07 -0 0 0 -0 0 0 0 0 0 0 0 0 0 0 0 0 0 1 13150.8 13150.8 13150.8 13150.8
-1 -1 1 -1 -1 1 0 0 0 0 0 -2.08742e-07 -0 0 0 -0 0 0 0 0 0 0 0 0 0 0 0 0 0 1 13150.8 13150.8 13150.8 13150.8
-1 -1 1 -1 -1 1 0 0 0 0 0 -2.03648e-07 -0 0 0 -0 0 0 0 0 0 0 0 0 0 0 0 0 0 1 13150.8 13150.8 13150.8 13150.8
-1 -1 1 -1 -1 1 0 0 0 0 0 -1.98544e-07 -0 0 0 -0 0 0 0 0 0 0 0 0 0 0 0 0 0 1 13150.8 13150.8 13150.8 13150.8
-1 -1 1 -1 -1 1 0 0 0 0 0 -1.93436e-07 -0 0 0 -0 0 0 0 0 0 0 0 0 0 0 0 0 0 1 13150.8 13150.8 13150.8 13150.8
-1 -1 1 -1 -1 1 0 0 0 0 0 -1.88329e-07 -0 0 0 -0 0 0 0 0 0 0 0 0 0 0 0 0 0 1 13150.8 13150.8 13150.8 13150.8
-1 -1 1 -1 -1 1 0 0 0 0 0 -1.83245e-07 -0 0 0 -0 0 0 0 0 0 0 0 0 0 0 0 0 0 1 13150.8 13150.8 13150.8 13150.8
-1 -1 1 -1 -1 1 0 0 0 0 0 -1.7815e-07 -0 0 0 -0 0 0 0 0 0 0 0 0 0 0 0 0 0 1 13150.8 13150.8 13150.8 13150.8
-1 -1 1 -1 -1 1 0 0 0 0 0 -1.73055e-07 -0 0 0 -0 0 0 0 0 0 0 0 0 0 0 0 0 0 1 13150.8 13150.8 13150.8 13150.8
-1 -1 1 -1 -1 1 0 0 0 0 0 -1.67944e-07 -0 0 0 -0 0 0 0 0 0 0 0 0 0 0 0 0 0 1 13150.8 13150.8 13150.8 13150.8
-1 -1 1 -1 -1 1 0 0 0 0 0 -1.62875e-07 -0 0 0 -0 0 0 0 0 0 0 0 0 0 0 0 0 0 1 13150.8 13150.8 13150.8 13150.8
-1 -1 1 -1 -1 1 0 0 0 0 0 -1.57751e-07 -0 0 0 -0 0 0 0 0 0 0 0 0 0 0 0 0 0 1 13150.8 13150.8 13150.8 13150.8
-1 -1 1 -1 -1 1 0 0 0 0 0 -1.52679e-07 -0 0 0 -0 0 0 0 0 0 0 0 0 0 0 0 0 0 1 13150.8 13150.8 13150.8 13150.8
-1 -1 1 -1 -1 1 0 0 0 0 0 -1.47589e-07 -0 0 0 -0 0 0 0 0 0 0 0 0 0 0 0 0 0 1 13150.8 13150.8 13150.8 13150.8
-1 -1 1 -1 -1 1 0 0 0 0 0 -1.42498e-07 -0 0 0 -0 0 0 0 0 0 0 0 0 0 0 0 0 0 1 13150.8 13150.8 13150.8 13150.8
-1 -1 1 -1 -1 1 0 0 0 0 0 -1.37403e-07 -0 0 0 -0 0 0 0 0 0 0 0 0 0 0 0 0 0 1 13150.8 13150.8 13150.8 13150.8
-1 -1 1 -1 -1 1 0 0 0 0 0 -1.32299e-07 -0 0 0 -0 0 0 0 0 0 0 0 0 0 0 0 0 0 1 13150.8 13150.8 13150.8 13150.8
-1 -1 1 -1 -1 1 0 0 0 0 0 -1.27206e-07 -0 0 0 -0 0 0 0 0 0 0 0 0 0 0 0 0 0 1 13150.8 13150.8 13150.8 13150.8
-1 -1 1 -1 -1 1 0 0 0 0 0 -1.221e-07 -0 0 0 -0 0 0 0 0 0 0 0 0 0 0 0 0 0 1 13150.8 13150.8 13150.8 13150.8
-1 -1 1 -1 -1 1 0 0 0 0 0 -1.17015e-07 -0 0 0 -0 0 0 0 0 0 0 0 0 0 0 0 0 0 1 13150.8 13150.8 13150.8 13150.8
-1 -1 1 -1 -1 1 0 0 0 0 0 -1.1192e-07 -0 0 0 -0 0 0 0 0 0 0 0 0 0 0 0 0 0 1 13150.8 13150.8 13150.8 13150.8
-1 -1 1 -1 -1 1 0 0 0 0 0 -1.0684e-07 -0 0 0 -0 0 0 0 0 0 0 0 0 0 0 0 0 0 1 13150.8 13150.8 13150.8 13150.8
-1 -1 1 -1 -1 1 0 0 0 0 0 -1.01746e-07 -0 0 0 -0 0 0 0 0 0 0 0 0 0 0 0 0 0 1 13150.8 13150.8 13150.8 13150.8
-1 -1 1 -1 -1 1 0 0 0 0 0 -9.66423e-08 -0 0 0 -0 0 0 0 0 0 0 0 0 0 0 0 0 0 1 13150.8 13150.8 13150.8 13150.8
-1 -1 1 -1 -1 1 0 0 0 0 0 -9.15291e-08 -0 0 0 -0 0 0 0 0 0 0 0 0 0 0 0 0 0 1 13150.8 13150.8 13150.8 13150.8
-1 -1 1 -1 -1 1 0 0 0 0 0 -8.64591e-08 -0 0 0 -0 0 0 0 0 0 0 0 0 0 0 0 0 0 1 13150.8 13150.8 13150.8 13150.8
-1 -1 1 -1 -1 1 0 0 0 0 0 -8.13566e-08 -0 0 0 -0 0 0 0 0 0 0 0 0 0 0 0 0 0 1 13150.8 13150.8 13150.8 13150.8
-1 -1 1 -1 -1 1 0 0 0 0 0 -7.62688e-08 -0 0 0 -0 0 0 0 0 0 0 0 0 0 0 0 0 0 1 13150.8 13150.8 13150.8 13150.8
-1 -1 1 -1 -1 1 0 0 0 0 0 -7.11494e-08 -0 0 0 -0 0 0 0 0 0 0 0 0 0 0 0 0 0 1 13150.8 13150.8 13150.8 13150.8
-1 -1 1 -1 -1 1 0 0 0 0 0 -6.60723e-08 -0 0 0 -0 0 0 0 0 0 0 0 0 0 0 0 0 0 1 13150.8 13150.8 13150.8 13150.8
-1 -1 1 -1 -1 1 0 0 0 0 0 -6.0974e-08 -0 0 0 -0 0 0 0 0 0 0 0 0 0 0 0 0 0 1 13150.8 13150.8 13150.8 13150.8
-1 -1 1 -1 -1 1 0 0 0 0 0 -5.58807e-08 -0 0 0 -0 0 0 0 0 0 0 0 0 0 0 0 0 0 1 13150.8 13150.8 13150.8 13150.8
-1 -1 1 -1 -1 1 0 0 0 0 0 -5.07661e-08 -0 0 0 -0 0 0 0 0 0 0 0 0 0 0 0 0 0 1 13150.8 13150.8 13150.8 13150.8
-1 -1 1 -1 -1 1 0 0 0 0 0 -4.56641e-08 -0 0 0 -0 0 0 0 0 0 0 0 0 0 0 0 0 0 1 13150.8 13150.8 13150.8 13150.8
-1 -1 1 -1 -1 1 0 0 0 0 0 -4.05768e-08 -0 0 0 -0 0 0 0 0 0 0 0 0 0 0 0 0 0 1 13150.8 13150.8 13150.8 13150.8
-1 -1 1 -1 -1 1 0 0 0 0 0 -3.54767e-08 -0 0 0 -0 0 0 0 0 0 0 0 0 0 0 0 0 0 1 13150.8 13150.8 13150.8 13150.8
-1 -1 1 -1 -1 1 0 0 0 0 0 -3.04006e-08 -0 0 0 -0 0 0 0 0 0 0 0 0 0 0 0 0 0 1 13150.8 13150.8 13150.8 13150.8
-1 -1 1 -1 -1 1 0 0 0 0 0 -2.52937e-08 -0 0 0 -0 0 0 0 0 0 0 0 0 0 0 0 0 0 1 13150.8 13150.8 13150.8 13150.8
-1 -1 1 -1 -1 1 0 0 0 0 0 -2.02073e-08 -0 0 0 -0 0 0 0 0 0 0 0 0 0 0 0 0 0 1 13150.8 13150.8 13150.8 13150.8
-1 -1 1 -1 -1 1 0 0 0 0 0 -1.5121e-08 -0 0 0 -0 0 0 0 0 0 0 0 0 0 0 0 0 0 1 13150.8 13150.8 13150.8 13150.8
-1 -1 1 -1 -1 1 0 0 0 0 0 -1.00287e-08 -0 0 0 -0 0 0 0 0 0 0 0 0 0 0 0 0 0 1 13150.8 13150.8 13150.8 13150.8
-1 -1 1 -1 -1 1 0 0 0 0 0 -4.9203e-09 -0 0 0 -0 0 0 0 0 0 0 0 0 0 0 0 0 0 1 13150.8 13150.8 13150.8 13150.8
-1 -1 1 -1 -1 1 0 0 0 0 0 1.58846e-10 -0 0 0 -0 0 0 0 0 0 0 0 0 0 0 0 0 0 1 13150.8 13150.8 13150.8 13150.8
-1 -1 1 -1 -1 1 0 0 0 0 0 5.26486e-09 -0 0 0 -0 0 0 0 0 0 0 0 0 0 0 0 0 0 1 13150.8 13150.8 13150.8 13150.8
-1 -1 1 -1 -1 1 0 0 0 0 0 1.03593e-08 -0 0 0 -0 0 0 0 0 0 0 0 0 0 0 0 0 0 1 13150.8 13150.8 13150.8 13150.8
-1 -1 1 -1 -1 1 0 0 0 0 0 1.54506e-08 -0 0 0 -0 0 0 0 0 0 0 0 0 0 0 0 0 0 1 13150.8 13150.8 13150.8 13150.8
-1 -1 1 -1 -1 1 0 0 0 0 0 2.05488e-08 -0 0 0 -0 0 0 0 0 0 0 0 0 0 0 0 0 0 1 13150.8 13150.8 13150.8 13150.8
-1 -1 1 -1 -1 1 0 0 0 0 0 2.56628e-08 -0 0 0 -0 0 0 0 0 0 0 0 0 0 0 0 0 0 1 13150.8 13150.8 13150.8 13150.8
-1 -1 1 -1 -1 1 0 0 0 0 0 3.07457e-08 -0 0 0 -0 0 0 0 0 0 0 0 0 0 0 0 0 0 1 13150.8 13150.8 13150.8 13150.8
-1 -1 1 -1 -1 1 0 0 0 0 0 3.58468e-08 -0 0 0 -0 0 0 0 0 0 0 0 0 0 0 0 0 0 1 13150.8 13150.8 13150.8 13150.8
-1 -1 1 -1 -1 1 0 0 0 0 0 4.09264e-08 -0 0 0 -0 0 0 0 0 0 0 0 0 0 0 0 0 0 1 13150.8 13150.8 13150.8 13150.8
-1 -1 1 -1 -1 1 0 0 0 0 0 4.60315e-08 -0 0 0 -0 0 0 0 0 0 0 0 0 0 0 0 0 0 1 13150.8 13150.8 13150.8 13150.8
-1 -1 1 -1 -1 1 0 0 0 0 0 4.38456e-08 -0 0 0 -0 0 0 0 0 0 0 0 0 0 0 0 0 0 1 13150.8 13150.8 13150.8 13150.8
-1 -1 1 -1 -1 1 0 0 0 0 0 4.89453e-08 -0 0 0 -0 0 0 0 0 0 0 0 0 0 0 0 0 0 1 13150.8 13150.8 13150.8 13150.8
-1 -1 1 -1 -1 1 0 0 0 0 0 4.67506e-08 -0 0 0 -0 0 0 0 0 0 0 0 0 0 0 0 0 0 1 13150.8 13150.8 13150.8 13150.8
-1 -1 1 -1 -1 1 0 0 0 0 0 4.45603e-08 -0 0 0 -0 0 0 0 0 0 0 0 0 0 0 0 0 0 1 13150.8 13150.8 13150.8 13150.8
-1 -1 1 -1 -1 1 0 0 0 0 0 4.23696e-08 -0 0 0 -0 0 0 0 0 0 0 0 0 0 0 0 0 0 1 13150.8 13150.8 13150.8 13150.8
-1 -1 1 -1 -1 1 0 0 0 0 0 4.74482e-08 -0 0 0 -0 0 0 0 0 0 0 0 0 0 0 0 0 0 1 13150.8 13150.8 13150.8 13150.8
-1 -1 1 -1 -1 1 0 0 0 0 0 4.52538e-08 -0 0 0 -0 0 0 0 0 0 0 0 0 0 0 0 0 0 1 13150.8 13150.8 13150.8 13150.8
-1 -1 1 -1 -1 1 0 0 0 0 0 4.30631e-08 -0 0 0 -0 0 0 0 0 0 0 0 0 0 0 0 0 0 1 13150.8 13150.8 13150.8 13150.8
-1 -1 1 -1 -1 1 0 0 0 0 0 4.08723e-08 -0 0 0 -0 0 0 0 0 0 0 0 0 0 0 0 0 0 1 13150.8 13150.8 13150.8 13150.8
-1 -1 1 -1 -1 1 0 0 0 0 0 4.59627e-08 -0 0 0 -0 0 0 0 0 0 0 0 0 0 0 0 0 0 1 13150.8 13150.8 13150.8 13150.8
-1 -1 1 -1 -1 1 0 0 0 0 0 4.37741e-08 -0 0 0 -0 0 0 0 0 0 0 0 0 0 0 0 0 0 1 13150.8 13150.8 13150.8 13150.8
-1 -1 1 -1 -1 1 0 0 0 0 0 4.1582e-08 -0 0 0 -0 0 0 0 0 0 0 0 0 0 0 0 0 0 1 13150.8 13150.8 13150.8 13150.8
-1 -1 1 -1 -1 1 0 0 0 0 0 3.93983e-08 -0 0 0 -0 0 0 0 0 0 0 0 0 0 0 0 0 0 1 13150.8 13150.8 13150.8 13150.8
-1 -1 1 -1 -1 1 0 0 0 0 0 4.44906e-08 -0 0 0 -0 0 0 0 0 0 0 0 0 0 0 0 0 0 1 13150.8 13150.8 13150.8 13150.8
-1 -1 1 -1 -1 1 0 0 0 0 0 4.22953e-08 -0 0 0 -0 0 0 0 0 0 0 0 0 0 0 0 0 0 1 13150.8 13150.8 13150.8 13150.8
-1 -1 1 -1 -1 1 0 0 0 0 0 4.01011e-08 -0 0 0 -0 0 0 0 0 0 0 0 0 0 0 0 0 0 1 13150.8 13150.8 13150.8 13150.8
-1 -1 1 -1 -1 1 0 0 0 0 0 3.79084e-08 -0 0 0 -0 0 0 0 0 0 0 0 0 0 0 0 0 0 1 13150.8 13150.8 13150.8 13150.8
-1 -1 1 -1 -1 1 0 0 0 0 0 4.2973e-08 -0 0 0 -0 0 0 0 0 0 0 0 0 0 0 0 0 0 1 13150.8 13150.8 13150.8 13150.8
-1 -1 1 -1 -1 1 0 0 0 0 0 4.07848e-08 -0 0 0 -0 0 0 0 0 0 0 0 0 0 0 0 0 0 1 13150.8 13150.8 13150.8 13150.8
-1 -1 1 -1 -1 1 0 0 0 0 0 3.85824e-08 -0 0 0 -0 0 0 0 0 0 0 0 0 0 0 0 0 0 1 13150.8 13150.8 13150.8 13150.8
-1 -1 1 -1 -1 1 0 0 0 0 0 3.64054e-08 -0 0 0 -0 0 0 0 0 0 0 0 0 0 0 0 0 0 1 13150.8 13150.8 13150.8 13150.8
-1 -1 1 -1 -1 1 0 0 0 0 0 4.15012e-08 -0 0 0 -0 0 0 0 0 0 0 0 0 0 0 0 0 0 1 13150.8 13150.8 13150.8 13150.8
-1 -1 1 -1 -1 1 0 0 0 0 0 3.93118e-08 -0 0 0 -0 0 0 0 0 0 0 0 0 0 0 0 0 0 1 13150.8 13150.8 13150.8 13150.8
-1 -1 1 -1 -1 1 0 0 0 0 0 3.71231e-08 -0 0 0 -0 0 0 0 0 0 0 0 0 0 0 0 0 0 1 13150.8 13150.8 13150.8 13150.8
-1 -1 1 -1 -1 1 0 0 0 0 0 3.49274e-08 -0 0 0 -0 0 0 0 0 0 0 0 0 0 0 0 0 0 1 13150.8 13150.8 13150.8 13150.8
-1 -1 1 -1 -1 1 0 0 0 0 0 4.00145e-08 -0 0 0 -0 0 0 0 0 0 0 0 0 0 0 0 0 0 1 13150.8 13150.8 13150.8 13150.8
-1 -1 1 -1 -1 1 0 0 0 0 0 3.78205e-08 -0 0 0 -0 0 0 0 0 0 0 0 0 0 0 0 0 0 1 13150.8 13150.8 13150.8 13150.8
-1 -1 1 -1 -1 1 0 0 0 0 0 3.56339e-08 -0 0 0 -0 0 0 0 0 0 0 0 0 0 0 0 0 0 1 13150.8 13150.8 13150.8 13150.8
-1 -1 1 -1 -1 1 0 0 0 0 0 3.34452e-08 -0 0 0 -0 0 0 0 0 0 0 0 0 0 0 0 0 0 1 13150.8 13150.8 13150.8 13150.8
-1 -1 1 -1 -1 1 0 0 0 0 0 3.85662e-08 -0 0 0 -0 0 0 0 0 0 0 0 0 0 0 0 0 0 1 13150.8 13150.8 13150.8 13150.8
-1 -1 1 -1 -1 1 0 0 0 0 0 3.63888e-08 -0 0 0 -0 0 0 0 0 0 0 0 0 0 0 0 0 0 1 13150.8 13150.8 13150.8 13150.8
-1 -1 1 -1 -1 1 0 0 0 0 0 3.41972e-08 -0 0 0 -0 0 0 0 0 0 0 0 0 0 0 0 0 0 1 13150.8 13150.8 13150.8 13150.8
-1 -1 1 -1 -1 1 0 0 0 0 0 3.2009e-08 -0 0 0 -0 0 0 0 0 0 0 0 0 0 0 0 0 0 1 13150.8 13150.8 13150.8 13150.8
-1 -1 1 -1 -1 1 0 0 0 0 0 3.71e-08 -0 0 0 -0 0 0 0 0 0 0 0 0 0 0 0 0 0 1 13150.8 13150.8 13150.8 13150.8
-1 -1 1 -1 -1 1 0 0 0 0 0 3.49071e-08 -0 0 0 -0 0 0 0 0 0 0 0 0 0 0 0 0 0 1 13150.8 13150.8 13150.8 13150.8
-1 -1 1 -1 -1 1 0 0 0 0 0 3.27056e-08 -0 0 0 -0 0 0 0 0 0 0 0 0 0 0 0 0 0 1 13150.8 13150.8 13150.8 13150.8
-1 -1 1 -1 -1 1 0 0 0 0 0 3.05192e-08 -0 0 0 -0 0 0 0 0 0 0 0 0 0 0 0 0 0 1 13150.8 13150.8 13150.8 13150.8
-1 -1 1 -1 -1 1 0 0 0 0 0 3.55939e-08 -0 0 0 -0 0 0 0 0 0 0 0 0 0 0 0 0 0 1 13150.8 13150.8 13150.8 13150.8
-1 -1 1 -1 -1 1 0 0 0 0 0 3.34059e-08 -0 0 0 -0 0 0 0 0 0 0 0 0 0 0 0 0 0 1 13150.8 13150.8 13150.8 13150.8
-1 -1 1 -1 -1 1 0 0 0 0 0 3.12136e-08 -0 0 0 -0 0 0 0 0 0 0 0 0 0 0 0 0 0 1 13150.8 13150.8 13150.8 13150.8
-1 -1 1 -1 -1 1 0 0 0 0 0 2.9023e-08 -0 0 0 -0 0 0 0 0 0 0 0 0 0 0 0 0 0 1 13150.8 13150.8 13150.8 13150.8
-1 -1 1 -1 -1 1 0 0 0 0 0 3.41111e-08 -0 0 0 -0 0 0 0 0 0 0 0 0 0 0 0 0 0 1 13150.8 13150.8 13150.8 13150.8
-1 -1 1 -1 -1 1 0 0 0 0 0 3.19144e-08 -0 0 0 -0 0 0 0 0 0 0 0 0 0 0 0 0 0 1 13150.8 13150.8 13150.8 13150.8
-1 -1 1 -1 -1 1 0 0 0 0 0 2.97238e-08 -0 0 0 -0 0 0 0 0 0 0 0 0 0 0 0 0 0 1 13150.8 13150.8 13150.8 13150.8
-1 -1 1 -1 -1 1 0 0 0 0 0 2.75257e-08 -0 0 0 -0 0 0 0 0 0 0 0 0 0 0 0 0 0 1 13150.8 13150.8 13150.8 13150.8
-1 -1 1 -1 -1 1 0 0 0 0 0 3.25945e-08 -0 0 0 -0 0 0 0 0 0 0 0 0 0 0 0 0 0 1 13150.8 13150.8 13150.8 13150.8
-1 -1 1 -1 -1 1 0 0 0 0 0 3.04077e-08 -0 0 0 -0 0 0 0 0 0 0 0 0 0 0 0 0 0 1 13150.8 13150.8 13150.8 13150.8
-1 -1 1 -1 -1 1 0 0 0 0 0 2.82168e-08 -0 0 0 -0 0 0 0 0 0 0 0 0 0 0 0 0 0 1 13150.8 13150.8 13150.8 13150.8
-1 -1 1 -1 -1 1 0 0 0 0 0 3.33049e-08 -0 0 0 -0 0 0 0 0 0 0 0 0 0 0 0 0 0 1 13150.8 13150.8 13150.8 13150.8
-1 -1 1 -1 -1 1 0 0 0 0 0 3.11134e-08 -0 0 0 -0 0 0 0 0 0 0 0 0 0 0 0 0 0 1 13150.8 13150.8 13150.8 13150.8
-1 -1 1 -1 -1 1 0 0 0 0 0 2.893e-08 -0 0 0 -0 0 0 0 0 0 0 0 0 0 0 0 0 0 1 13150.8 13150.8 13150.8 13150.8
-1 -1 1 -1 -1 1 0 0 0 0 0 2.6737e-08 -0 0 0 -0 0 0 0 0 0 0 0 0 0 0 0 0 0 1 13150.8 13150.8 13150.8 13150.8
-1 -1 1 -1 -1 1 0 0 0 0 0 3.18299e-08 -0 0 0 -0 0 0 0 0 0 0 0 0 0 0 0 0 0 1 13150.8 13150.8 13150.8 13150.8
-1 -1 1 -1 -1 1 0 0 0 0 0 2.96386e-08 -0 0 0 -0 0 0 0 0 0 0 0 0 0 0 0 0 0 1 13150.8 13150.8 13150.8 13150.8
-1 -1 1 -1 -1 1 0 0 0 0 0 2.74513e-08 -0 0 0 -0 0 0 0 0 0 0 0 0 0 0 0 0 0 1 13150.8 13150.8 13150.8 13150.8
-1 -1 1 -1 -1 1 0 0 0 0 0 2.52617e-08 -0 0 0 -0 0 0 0 0 0 0 0 0 0 0 0 0 0 1 13150.8 13150.8 13150.8 13150.8
-1 -1 1 -1 -1 1 0 0 0 0 0 3.03536e-08 -0 0 0 -0 0 0 0 0 0 0 0 0 0 0 0 0 0 1 13150.8 13150.8 13150.8 13150.8
-1 -1 1 -1 -1 1 0 0 0 0 0 2.81642e-08 -0 0 0 -0 0 0 0 0 0 0 0 0 0 0 0 0 0 1 13150.8 13150.8 13150.8 13150.8
-1 -1 1 -1 -1 1 0 0 0 0 0 2.59735e-08 -0 0 0 -0 0 0 0 0 0 0 0 0 0 0 0 0 0 1 13150.8 13150.8 13150.8 13150.8
-1 -1 1 -1 -1 1 0 0 0 0 0 2.37789e-08 -0 0 0 -0 0 0 0 0 0 0 0 0 0 0 0 0 0 1 13150.8 13150.8 13150.8 13150.8
-1 -1 1 -1 -1 1 0 0 0 0 0 2.88782e-08 -0 0 0 -0 0 0 0 0 0 0 0 0 0 0 0 0 0 1 13150.8 13150.8 13150.8 13150.8
-1 -1 1 -1 -1 1 0 0 0 0 0 2.66782e-08 -0 0 0 -0 0 0 0 0 0 0 0 0 0 0 0 0 0 1 13150.8 13150.8 13150.8 13150.8
-1 -1 1 -1 -1 1 0 0 0 0 0 2.45009e-08 -0 0 0 -0 0 0 0 0 0 0 0 0 0 0 0 0 0 1 13150.8 13150.8 13150.8 13150.8
-1 -1 1 -1 -1 1 0 0 0 0 0 2.96246e-08 -0 0 0 -0 0 0 0 0 0 0 0 0 0 0 0 0 0 1 13150.8 13150.8 13150.8 13150.8
-1 -1 1 -1 -1 1 0 0 0 0 0 2.74389e-08 -0 0 0 -0 0 0 0 0 0 0 0 0 0 0 0 0 0 1 13150.8 13150.8 13150.8 13150.8
-1 -1 1 -1 -1 1 0 0 0 0 0 2.52488e-08 -0 0 0 -0 0 0 0 0 0 0 0 0 0 0 0 0 0 1 13150.8 13150.8 13150.8 13150.8
-1 -1 1 -1 -1 1 0 0 0 0 0 2.30558e-08 -0 0 0 -0 0 0 0 0 0 0 0 0 0 0 0 0 0 1 13150.8 13150.8 13150.8 13150.8
-1 -1 1 -1 -1 1 0 0 0 0 0 2.812e-08 -0 0 0 -0 0 0 0 0 0 0 0 0 0 0 0 0 0 1 13150.8 13150.8 13150.8 13150.8
-1 -1 1 -1 -1 1 0 0 0 0 0 2.59327e-08 -0 0 0 -0 0 0 0 0 0 0 0 0 0 0 0 0 0 1 13150.8 13150.8 13150.8 13150.8
-1 -1 1 -1 -1 1 0 0 0 0 0 2.3737e-08 -0 0 0 -0 0 0 0 0 0 0 0 0 0 0 0 0 0 1 13150.8 13150.8 13150.8 13150.8
-1 -1 1 -1 -1 1 0 0 0 0 0 2.15518e-08 -0 0 0 -0 0 0 0 0 0 0 0 0 0 0 0 0 0 1 13150.8 13150.8 13150.8 13150.8
-1 -1 1 -1 -1 1 0 0 0 0 0 2.66462e-08 -0 0 0 -0 0 0 0 0 0 0 0 0 0 0 0 0 0 1 13150.8 13150.8 13150.8 13150.8
-1 -1 1 -1 -1 1 0 0 0 0 0 2.44565e-08 -0 0 0 -0 0 0 0 0 0 0 0 0 0 0 0 0 0 1 13150.8 13150.8 13150.8 13150.8
-1 -1 1 -1 -1 1 0 0 0 0 0 2.2268e-08 -0 0 0 -0 0 0 0 0 0 0 0 0 0 0 0 0 0 1 13150.8 13150.8 13150.8 13150.8
-1 -1 1 -1 -1 1 0 0 0 0 0 2.00757e-08 -0 0 0 -0 0 0 0 0 0 0 0 0 0 0 0 0 0 1 13150.8 13150.8 13150.8 13150.8
-1 -1 1 -1 -1 1 0 0 0 0 0 2.5178e-08 -0 0 0 -0 0 0 0 0 0 0 0 0 0 0 0 0 0 1 13150.8 13150.8 13150.8 13150.8
-1 -1 1 -1 -1 1 0 0 0 0 0 2.29919e-08 -0 0 0 -0 0 0 0 0 0 0 0 0 0 0 0 0 0 1 13150.8 13150.8 13150.8 13150.8
-1 -1 1 -1 -1 1 0 0 0 0 0 2.08052e-08 -0 0 0 -0 0 0 0 0 0 0 0 0 0 0 0 0 0 1 13150.8 13150.8 13150.8 13150.8
-1 -1 1 -1 -1 1 0 0 0 0 0 2.59002e-08 -0 0 0 -0 0 0 0 0 0 0 0 0 0 0 0 0 0 1 13150.8 13150.8 13150.8 13150.8
-1 -1 1 -1 -1 1 0 0 0 0 0 2.37051e-08 -0 0 0 -0 0 0 0 0 0 0 0 0 0 0 0 0 0 1 13150.8 13150.8 13150.8 13150.8
-1 -1 1 -1 -1 1 0 0 0 0 0 2.1514e-08 -0 0 0 -0 0 0 0 0 0 0 0 0 0 0 0 0 0 1 13150.8 13150.8 13150.8 13150.8
-1 -1 1 -1 -1 1 0 0 0 0 0 1.93249e-08 -0 0 0 -0 0 0 0 0 0 0 0 0 0 0 0 0 0 1 13150.8 13150.8 13150.8 13150.8
-1 -1 1 -1 -1 1 0 0 0 0 0 2.4413e-08 -0 0 0 -0 0 0 0 0 0 0 0 0 0 0 0 0 0 1 13150.8 13150.8 13150.8 13150.8
-1 -1 1 -1 -1 1 0 0 0 0 0 2.22158e-08 -0 0 0 -0 0 0 0 0 0 0 0 0 0 0 0 0 0 1 13150.8 13150.8 13150.8 13150.8
-1 -1 1 -1 -1 1 0 0 0 0 0 2.00252e-08 -0 0 0 -0 0 0 0 0 0 0 0 0 0 0 0 0 0 1 13150.8 13150.8 13150.8 13150.8
-1 -1 1 -1 -1 1 0 0 0 0 0 1.78342e-08 -0 0 0 -0 0 0 0 0 0 0 0 0 0 0 0 0 0 1 13150.8 13150.8 13150.8 13150.8
-1 -1 1 -1 -1 1 0 0 0 0 0 2.29332e-08 -0 0 0 -0 0 0 0 0 0 0 0 0 0 0 0 0 0 1 13150.8 13150.8 13150.8 13150.8
-1 -1 1 -1 -1 1 0 0 0 0 0 2.07432e-08 -0 0 0 -0 0 0 0 0 0 0 0 0 0 0 0 0 0 1 13150.8 13150.8 13150.8 13150.8
-1 -1 1 -1 -1 1 0 0 0 0 0 1.85531e-08 -0 0 0 -0 0 0 0 0 0 0 0 0 0 0 0 0 0 1 13150.8 13150.8 13150.8 13150.8
-1 -1 1 -1 -1 1 0 0 0 0 0 2.36112e-08 -0 0 0 -0 0 0 0 0 0 0 0 0 0 0 0 0 0 1 13150.8 13150.8 13150.8 13150.8
-1 -1 1 -1 -1 1 0 0 0 0 0 2.14113e-08 -0 0 0 -0 0 0 0 0 0 0 0 0 0 0 0 0 0 1 13150.8 13150.8 13150.8 13150.8
-1 -1 1 -1 -1 1 0 0 0 0 0 1.92217e-08 -0 0 0 -0 0 0 0 0 0 0 0 0 0 0 0 0 0 1 13150.8 13150.8 13150.8 13150.8
-1 -1 1 -1 -1 1 0 0 0 0 0 1.70277e-08 -0 0 0 -0 0 0 0 0 0 0 0 0 0 0 0 0 0 1 13150.8 13150.8 13150.8 13150.8
-1 -1 1 -1 -1 1 0 0 0 0 0 2.21359e-08 -0 0 0 -0 0 0 0 0 0 0 0 0 0 0 0 0 0 1 13150.8 13150.8 13150.8 13150.8
-1 -1 1 -1 -1 1 0 0 0 0 0 1.99501e-08 -0 0 0 -0 0 0 0 0 0 0 0 0 0 0 0 0 0 1 13150.8 13150.8 13150.8 13150.8
-1 -1 1 -1 -1 1 0 0 0 0 0 1.77709e-08 -0 0 0 -0 0 0 0 0 0 0 0 0 0 0 0 0 0 1 13150.8 13150.8 13150.8 13150.8
-1 -1 1 -1 -1 1 0 0 0 0 0 2.28577e-08 -0 0 0 -0 0 0 0 0 0 0 0 0 0 0 0 0 0 1 13150.8 13150.8 13150.8 13150.8
-1 -1 1 -1 -1 1 0 0 0 0 0 2.06654e-08 -0 0 0 -0 0 0 0 0 0 0 0 0 0 0 0 0 0 1 13150.8 13150.8 13150.8 13150.8
-1 -1 1 -1 -1 1 0 0 0 0 0 1.84743e-08 -0 0 0 -0 0 0 0 0 0 0 0 0 0 0 0 0 0 1 13150.8 13150.8 13150.8 13150.8
-1 -1 1 -1 -1 1 0 0 0 0 0 1.62818e-08 -0 0 0 -0 0 0 0 0 0 0 0 0 0 0 0 0 0 1 13150.8 13150.8 13150.8 13150.8
-1 -1 1 -1 -1 1 0 0 0 0 0 2.13749e-08 -0 0 0 -0 0 0 0 0 0 0 0 0 0 0 0 0 0 1 13150.8 13150.8 13150.8 13150.8
-1 -1 1 -1 -1 1 0 0 0 0 0 1.91873e-08 -0 0 0 -0 0 0 0 0 0 0 0 0 0 0 0 0 0 1 13150.8 13150.8 13150.8 13150.8
-1 -1 1 -1 -1 1 0 0 0 0 0 1.69982e-08 -0 0 0 -0 0 0 0 0 0 0 0 0 0 0 0 0 0 1 13150.8 13150.8 13150.8 13150.8
-1 -1 1 -1 -1 1 0 0 0 0 0 1.48024e-08 -0 0 0 -0 0 0 0 0 0 0 0 0 0 0 0 0 0 1 13150.8 13150.8 13150.8 13150.8
-1 -1 1 -1 -1 1 0 0 0 0 0 1.98928e-08 -0 0 0 -0 0 0 0 0 0 0 0 0 0 0 0 0 0 1 13150.8 13150.8 13150.8 13150.8
-1 -1 1 -1 -1 1 0 0 0 0 0 1.77053e-08 -0 0 0 -0 0 0 0 0 0 0 0 0 0 0 0 0 0 1 13150.8 13150.8 13150.8 13150.8
-1 -1 1 -1 -1 1 0 0 0 0 0 1.55128e-08 -0 0 0 -0 0 0 0 0 0 0 0 0 0 0 0 0 0 1 13150.8 13150.8 13150.8 13150.8
-1 -1 1 -1 -1 1 0 0 0 0 0 2.05999e-08 -0 0 0 -0 0 0 0 0 0 0 0 0 0 0 0 0 0 1 13150.8 13150.8 13150.8 13150.8
-1 -1 1 -1 -1 1 0 0 0 0 0 1.84103e-08 -0 0 0 -0 0 0 0 0 0 0 0 0 0 0 0 0 0 1 13150.8 13150.8 13150.8 13150.8
-1 -1 1 -1 -1 1 0 0 0 0 0 1.62195e-08 -0 0 0 -0 0 0 0 0 0 0 0 0 0 0 0 0 0 1 13150.8 13150.8 13150.8 13150.8
-1 -1 1 -1 -1 1 0 0 0 0 0 1.40343e-08 -0 0 0 -0 0 0 0 0 0 0 0 0 0 0 0 0 0 1 13150.8 13150.8 13150.8 13150.8
-1 -1 1 -1 -1 1 0 0 0 0 0 1.91301e-08 -0 0 0 -0 0 0 0 0 0 0 0 0 0 0 0 0 0 1 13150.8 13150.8 13150.8 13150.8
-1 -1 1 -1 -1 1 0 0 0 0 0 1.69393e-08 -0 0 0 -0 0 0 0 0 0 0 0 0 0 0 0 0 0 1 13150.8 13150.8 13150.8 13150.8
-1 -1 1 -1 -1 1 0 0 0 0 0 1.47441e-08 -0 0 0 -0 0 0 0 0 0 0 0 0 0 0 0 0 0 1 13150.8 13150.8 13150.8 13150.8
-1 -1 1 -1 -1 1 0 0 0 0 0 1.9829e-08 -0 0 0 -0 0 0 0 0 0 0 0 0 0 0 0 0 0 1 13150.8 13150.8 13150.8 13150.8
-1 -1 1 -1 -1 1 0 0 0 0 0 1.76416e-08 -0 0 0 -0 0 0 0 0 0 0 0 0 0 0 0 0 0 1 13150.8 13150.8 13150.8 13150.8
-1 -1 1 -1 -1 1 0 0 0 0 0 1.54482e-08 -0 0 0 -0 0 0 0 0 0 0 0 0 0 0 0 0 0 1 13150.8 13150.8 13150.8 13150.8
-1 -1 1 -1 -1 1 0 0 0 0 0 1.32636e-08 -0 0 0 -0 0 0 0 0 0 0 0 0 0 0 0 0 0 1 13150.8 13150.8 13150.8 13150.8
-1 -1 1 -1 -1 1 0 0 0 0 0 1.83564e-08 -0 0 0 -0 0 0 0 0 0 0 0 0 0 0 0 0 0 1 13150.8 13150.8 13150.8 13150.8
-1 -1 1 -1 -1 1 0 0 0 0 0 1.6164e-08 -0 0 0 -0 0 0 0 0 0 0 0 0 0 0 0 0 0 1 13150.8 13150.8 13150.8 13150.8
-1 -1 1 -1 -1 1 0 0 0 0 0 1.39559e-08 -0 0 0 -0 0 0 0 0 0 0 0 0 0 0 0 0 0 1 13150.8 13150.8 13150.8 13150.8
-1 -1 1 -1 -1 1 0 0 0 0 0 1.17816e-08 -0 0 0 -0 0 0 0 0 0 0 0 0 0 0 0 0 0 1 13150.8 13150.8 13150.8 13150.8
-1 -1 1 -1 -1 1 0 0 0 0 0 1.68721e-08 -0 0 0 -0 0 0 0 0 0 0 0 0 0 0 0 0 0 1 13150.8 13150.8 13150.8 13150.8
-1 -1 1 -1 -1 1 0 0 0 0 0 1.46772e-08 -0 0 0 -0 0 0 0 0 0 0 0 0 0 0 0 0 0 1 13150.8 13150.8 13150.8 13150.8
-1 -1 1 -1 -1 1 0 0 0 0 0 1.24937e-08 -0 0 0 -0 0 0 0 0 0 0 0 0 0 0 0 0 0 1 13150.8 13150.8 13150.8 13150.8
-1 -1 1 -1 -1 1 0 0 0 0 0 1.76062e-08 -0 0 0 -0 0 0 0 0 0 0 0 0 0 0 0 0 0 1 13150.8 13150.8 13150.8 13150.8
-1 -1 1 -1 -1 1 0 0 0 0 0 1.54222e-08 -0 0 0 -0 0 0 0 0 0 0 0 0 0 0 0 0 0 1 13150.8 13150.8 13150.8 13150.8
-1 -1 1 -1 -1 1 0 0 0 0 0 1.32304e-08 -0 0 0 -0 0 0 0 0 0 0 0 0 0 0 0 0 0 1 13150.8 13150.8 13150.8 13150.8
-1 -1 1 -1 -1 1 0 0 0 0 0 1.10456e-08 -0 0 0 -0 0 0 0 0 0 0 0 0 0 0 0 0 0 1 13150.8 13150.8 13150.8 13150.8
-1 -1 1 -1 -1 1 0 0 0 0 0 1.61322e-08 -0 0 0 -0 0 0 0 0 0 0 0 0 0 0 0 0 0 1 13150.8 13150.8 13150.8 13150.8
-1 -1 1 -1 -1 1 0 0 0 0 0 1.39108e-08 -0 0 0 -0 0 0 0 0 0 0 0 0 0 0 0 0 0 1 13150.8 13150.8 13150.8 13150.8
-1 -1 1 -1 -1 1 0 0 0 0 0 1.17378e-08 -0 0 0 -0 0 0 0 0 0 0 0 0 0 0 0 0 0 1 13150.8 13150.8 13150.8 13150.8
-1 -1 1 -1 -1 1 0 0 0 0 0 1.68216e-08 -0 0 0 -0 0 0 0 0 0 0 0 0 0 0 0 0 0 1 13150.8 13150.8 13150.8 13150.8
-1 -1 1 -1 -1 1 0 0 0 0 0 1.4633e-08 -0 0 0 -0 0 0 0 0 0 0 0 0 0 0 0 0 0 1 13150.8 13150.8 13150.8 13150.8
-1 -1 1 -1 -1 1 0 0 0 0 0 1.24491e-08 -0 0 0 -0 0 0 0 0 0 0 0 0 0 0 0 0 0 1 13150.8 13150.8 13150.8 13150.8
-1 -1 1 -1 -1 1 0 0 0 0 0 1.02538e-08 -0 0 0 -0 0 0 0 0 0 0 0 0 0 0 0 0 0 1 13150.8 13150.8 13150.8 13150.8
-1 -1 1 -1 -1 1 0 0 0 0 0 1.53509e-08 -0 0 0 -0 0 0 0 0 0 0 0 0 0 0 0 0 0 1 13150.8 13150.8 13150.8 13150.8
-1 -1 1 -1 -1 1 0 0 0 0 0 1.31634e-08 -0 0 0 -0 0 0 0 0 0 0 0 0 0 0 0 0 0 1 13150.8 13150.8 13150.8 13150.8
-1 -1 1 -1 -1 1 0 0 0 0 0 1.09806e-08 -0 0 0 -0 0 0 0 0 0 0 0 0 0 0 0 0 0 1 13150.8 13150.8 13150.8 13150.8
-1 -1 1 -1 -1 1 0 0 0 0 0 1.60778e-08 -0 0 0 -0 0 0 0 0 0 0 0 0 0 0 0 0 0 1 13150.8 13150.8 13150.8 13150.8
-1 -1 1 -1 -1 1 0 0 0 0 0 1.38829e-08 -0 0 0 -0 0 0 0 0 0 0 0 0 0 0 0 0 0 1 13150.8 13150.8 13150.8 13150.8
-1 -1 1 -1 -1 1 0 0 0 0 0 1.16958e-08 -0 0 0 -0 0 0 0 0 0 0 0 0 0 0 0 0 0 1 13150.8 13150.8 13150.8 13150.8
-1 -1 1 -1 -1 1 0 0 0 0 0 9.50592e-09 -0 0 0 -0 0 0 0 0 0 0 0 0 0 0 0 0 0 1 13150.8 13150.8 13150.8 13150.8
-1 -1 1 -1 -1 1 0 0 0 0 0 1.45973e-08 -0 0 0 -0 0 0 0 0 0 0 0 0 0 0 0 0 0 1 13150.8 13150.8 13150.8 13150.8
-1 -1 1 -1 -1 1 0 0 0 0 0 1.24049e-08 -0 0 0 -0 0 0 0 0 0 0 0 0 0 0 0 0 0 1 13150.8 13150.8 13150.8 13150.8
-1 -1 1 -1 -1 1 0 0 0 0 0 1.02179e-08 -0 0 0 -0 0 0 0 0 0 0 0 0 0 0 0 0 0 1 13150.8 13150.8 13150.8 13150.8
-1 -1 1 -1 -1 1 0 0 0 0 0 1.53179e-08 -0 0 0 -0 0 0 0 0 0 0 0 0 0 0 0 0 0 1 13150.8 13150.8 13150.8 13150.8
-1 -1 1 -1 -1 1 0 0 0 0 0 1.31303e-08 -0 0 0 -0 0 0 0 0 0 0 0 0 0 0 0 0 0 1 13150.8 13150.8 13150.8 13150.8
-1 -1 1 -1 -1 1 0 0 0 0 0 1.09423e-08 -0 0 0 -0 0 0 0 0 0 0 0 0 0 0 0 0 0 1 13150.8 13150.8 13150.8 13150.8
-1 -1 1 -1 -1 1 0 0 0 0 0 8.7526e-09 -0 0 0 -0 0 0 0 0 0 0 0 0 0 0 0 0 0 1 13150.8 13150.8 13150.8 13150.8
-1 -1 1 -1 -1 1 0 0 0 0 0 1.38446e-08 -0 0 0 -0 0 0 0 0 0 0 0 0 0 0 0 0 0 1 13150.8 13150.8 13150.8 13150.8
-1 -1 1 -1 -1 1 0 0 0 0 0 1.16504e-08 -0 0 0 -0 0 0 0 0 0 0 0 0 0 0 0 0 0 1 13150.8 13150.8 13150.8 13150.8
-1 -1 1 -1 -1 1 0 0 0 0 0 9.46464e-09 -0 0 0 -0 0 0 0 0 0 0 0 0 0 0 0 0 0 1 13150.8 13150.8 13150.8 13150.8
-1 -1 1 -1 -1 1 0 0 0 0 0 1.45606e-08 -0 0 0 -0 0 0 0 0 0 0 0 0 0 0 0 0 0 1 13150.8 13150.8 13150.8 13150.8
-1 -1 1 -1 -1 1 0 0 0 0 0 1.23688e-08 -0 0 0 -0 0 0 0 0 0 0 0 0 0 0 0 0 0 1 13150.8 13150.8 13150.8 13150.8
-1 -1 1 -1 -1 1 0 0 0 0 0 1.01768e-08 -0 0 0 -0 0 0 0 0 0 0 0 0 0 0 0 0 0 1 13150.8 13150.8 13150.8 13150.8
-1 -1 1 -1 -1 1 0 0 0 0 0 7.99077e-09 -0 0 0 -0 0 0 0 0 0 0 0 0 0 0 0 0 0 1 13150.8 13150.8 13150.8 13150.8
-1 -1 1 -1 -1 1 0 0 0 0 0 1.30885e-08 -0 0 0 -0 0 0 0 0 0 0 0 0 0 0 0 0 0 1 13150.8 13150.8 13150.8 13150.8
-1 -1 1 -1 -1 1 0 0 0 0 0 1.09006e-08 -0 0 0 -0 0 0 0 0 0 0 0 0 0 0 0 0 0 1 13150.8 13150.8 13150.8 13150.8
-1 -1 1 -1 -1 1 0 0 0 0 0 8.71068e-09 -0 0 0 -0 0 0 0 0 0 0 0 0 0 0 0 0 0 1 13150.8 13150.8 13150.8 13150.8
-1 -1 1 -1 -1 1 0 0 0 0 0 1.38205e-08 -0 0 0 -0 0 0 0 0 0 0 0 0 0 0 0 0 0 1 13150.8 13150.8 13150.8 13150.8
-1 -1 1 -1 -1 1 0 0 0 0 0 1.16322e-08 -0 0 0 -0 0 0 0 0 0 0 0 0 0 0 0 0 0 1 13150.8 13150.8 13150.8 13150.8
-1 -1 1 -1 -1 1 0 0 0 0 0 9.44329e-09 -0 0 0 -0 0 0 0 0 0 0 0 0 0 0 0 0 0 1 13150.8 13150.8 13150.8 13150.8
-1 -1 1 -1 -1 1 0 0 0 0 0 7.24728e-09 -0 0 0 -0 0 0 0 0 0 0 0 0 0 0 0 0 0 1 13150.8 13150.8 13150.8 13150.8
-1 -1 1 -1 -1 1 0 0 0 0 0 1.23299e-08 -0 0 0 -0 0 0 0 0 0 0 0 0 0 0 0 0 0 1 13150.8 13150.8 13150.8 13150.8
-1 -1 1 -1 -1 1 0 0 0 0 0 1.01349e-08 -0 0 0 -0 0 0 0 0 0 0 0 0 0 0 0 0 0 1 13150.8 13150.8 13150.8 13150.8
-1 -1 1 -1 -1 1 0 0 0 0 0 7.94819e-09 -0 0 0 -0 0 0 0 0 0 0 0 0 0 0 0 0 0 1 13150.8 13150.8 13150.8 13150.8
-1 -1 1 -1 -1 1 0 0 0 0 0 1.30329e-08 -0 0 0 -0 0 0 0 0 0 0 0 0 0 0 0 0 0 1 13150.8 13150.8 13150.8 13150.8
-1 -1 1 -1 -1 1 0 0 0 0 0 1.0845e-08 -0 0 0 -0 0 0 0 0 0 0 0 0 0 0 0 0 0 1 13150.8 13150.8 13150.8 13150.8
-1 -1 1 -1 -1 1 0 0 0 0 0 8.64711e-09 -0 0 0 -0 0 0 0 0 0 0 0 0 0 0 0 0 0 1 13150.8 13150.8 13150.8 13150.8
-1 -1 1 -1 -1 1 0 0 0 0 0 6.46469e-09 -0 0 0 -0 0 0 0 0 0 0 0 0 0 0 0 0 0 1 13150.8 13150.8 13150.8 13150.8
-1 -1 1 -1 -1 1 0 0 0 0 0 1.15641e-08 -0 0 0 -0 0 0 0 0 0 0 0 0 0 0 0 0 0 1 13150.8 13150.8 13150.8 13150.8
-1 -1 1 -1 -1 1 0 0 0 0 0 9.37162e-09 -0 0 0 -0 0 0 0 0 0 0 0 0 0 0 0 0 0 1 13150.8 13150.8 13150.8 13150.8
-1 -1 1 -1 -1 1 0 0 0 0 0 7.18845e-09 -0 0 0 -0 0 0 0 0 0 0 0 0 0 0 0 0 0 1 13150.8 13150.8 13150.8 13150.8
-1 -1 1 -1 -1 1 0 0 0 0 0 1.22828e-08 -0 0 0 -0 0 0 0 0 0 0 0 0 0 0 0 0 0 1 13150.8 13150.8 13150.8 13150.8
-1 -1 1 -1 -1 1 0 0 0 0 0 1.00943e-08 -0 0 0 -0 0 0 0 0 0 0 0 0 0 0 0 0 0 1 13150.8 13150.8 13150.8 13150.8
-1 -1 1 -1 -1 1 0 0 0 0 0 7.90633e-09 -0 0 0 -0 0 0 0 0 0 0 0 0 0 0 0 0 0 1 13150.8 13150.8 13150.8 13150.8
-1 -1 1 -1 -1 1 0 0 0 0 0 5.71424e-09 -0 0 0 -0 0 0 0 0 0 0 0 0 0 0 0 0 0 1 13150.8 13150.8 13150.8 13150.8
-1 -1 1 -1 -1 1 0 0 0 0 0 1.08052e-08 -0 0 0 -0 0 0 0 0 0 0 0 0 0 0 0 0 0 1 13150.8 13150.8 13150.8 13150.8
-1 -1 1 -1 -1 1 0 0 0 0 0 8.60122e-09 -0 0 0 -0 0 0 0 0 0 0 0 0 0 0 0 0 0 1 13150.8 13150.8 13150.8 13150.8
-1 -1 1 -1 -1 1 0 0 0 0 0 6.41868e-09 -0 0 0 -0 0 0 0 0 0 0 0 0 0 0 0 0 0 1 13150.8 13150.8 13150.8 13150.8
-1 -1 1 -1 -1 1 0 0 0 0 0 1.15096e-08 -0 0 0 -0 0 0 0 0 0 0 0 0 0 0 0 0 0 1 13150.8 13150.8 13150.8 13150.8
-1 -1 1 -1 -1 1 0 0 0 0 0 9.32034e-09 -0 0 0 -0 0 0 0 0 0 0 0 0 0 0 0 0 0 1 13150.8 13150.8 13150.8 13150.8
-1 -1 1 -1 -1 1 0 0 0 0 0 7.12551e-09 -0 0 0 -0 0 0 0 0 0 0 0 0 0 0 0 0 0 1 13150.8 13150.8 13150.8 13150.8
-1 -1 1 -1 -1 1 0 0 0 0 0 1.22131e-08 -0 0 0 -0 0 0 0 0 0 0 0 0 0 0 0 0 0 1 13150.8 13150.8 13150.8 13150.8
-1 -1 1 -1 -1 1 0 0 0 0 0 1.00162e-08 -0 0 0 -0 0 0 0 0 0 0 0 0 0 0 0 0 0 1 13150.8 13150.8 13150.8 13150.8
-1 -1 1 -1 -1 1 0 0 0 0 0 7.83091e-09 -0 0 0 -0 0 0 0 0 0 0 0 0 0 0 0 0 0 1 13150.8 13150.8 13150.8 13150.8
-1 -1 1 -1 -1 1 0 0 0 0 0 5.64586e-09 -0 0 0 -0 0 0 0 0 0 0 0 0 0 0 0 0 0 1 13150.8 13150.8 13150.8 13150.8
-1 -1 1 -1 -1 1 0 0 0 0 0 1.07364e-08 -0 0 0 -0 0 0 0 0 0 0 0 0 0 0 0 0 0 1 13150.8 13150.8 13150.8 13150.8
-1 -1 1 -1 -1 1 0 0 0 0 0 8.54657e-09 -0 0 0 -0 0 0 0 0 0 0 0 0 0 0 0 0 0 1 13150.8 13150.8 13150.8 13150.8
-1 -1 1 -1 -1 1 0 0 0 0 0 6.35523e-09 -0 0 0 -0 0 0 0 0 0 0 0 0 0 0 0 0 0 1 13150.8 13150.8 13150.8 13150.8
-1 -1 1 -1 -1 1 0 0 0 0 0 1.14521e-08 -0 0 0 -0 0 0 0 0 0 0 0 0 0 0 0 0 0 1 13150.8 13150.8 13150.8 13150.8
-1 -1 1 -1 -1 1 0 0 0 0 0 9.25217e-09 -0 0 0 -0 0 0 0 0 0 0 0 0 0 0 0 0 0 1 13150.8 13150.8 13150.8 13150.8
-1 -1 1 -1 -1 1 0 0 0 0 0 7.06677e-09 -0 0 0 -0 0 0 0 0 0 0 0 0 0 0 0 0 0 1 13150.8 13150.8 13150.8 13150.8
-1 -1 1 -1 -1 1 0 0 0 0 0 4.88429e-09 -0 0 0 -0 0 0 0 0 0 0 0 0 0 0 0 0 0 1 13150.8 13150.8 13150.8 13150.8
-1 -1 1 -1 -1 1 0 0 0 0 0 9.98719e-09 -0 0 0 -0 0 0 0 0 0 0 0 0 0 0 0 0 0 1 13150.8 13150.8 13150.8 13150.8
-1 -1 1 -1 -1 1 0 0 0 0 0 7.80544e-09 -0 0 0 -0 0 0 0 0 0 0 0 0 0 0 0 0 0 1 13150.8 13150.8 13150.8 13150.8
-1 -1 1 -1 -1 1 0 0 0 0 0 5.60222e-09 -0 0 0 -0 0 0 0 0 0 0 0 0 0 0 0 0 0 1 13150.8 13150.8 13150.8 13150.8
-1 -1 1 -1 -1 1 0 0 0 0 0 1.06871e-08 -0 0 0 -0 0 0 0 0 0 0 0 0 0 0 0 0 0 1 13150.8 13150.8 13150.8 13150.8
-1 -1 1 -1 -1 1 0 0 0 0 0 8.50062e-09 -0 0 0 -0 0 0 0 0 0 0 0 0 0 0 0 0 0 1 13150.8 13150.8 13150.8 13150.8
-1 -1 1 -1 -1 1 0 0 0 0 0 6.30653e-09 -0 0 0 -0 0 0 0 0 0 0 0 0 0 0 0 0 0 1 13150.8 13150.8 13150.8 13150.8
-1 -1 1 -1 -1 1 0 0 0 0 0 4.1134e-09 -0 0 0 -0 0 0 0 0 0 0 0 0 0 0 0 0 0 1 13150.8 13150.8 13150.8 13150.8
-1 -1 1 -1 -1 1 0 0 0 0 0 9.20089e-09 -0 0 0 -0 0 0 0 0 0 0 0 0 0 0 0 0 0 1 13150.8 13150.8 13150.8 13150.8
-1 -1 1 -1 -1 1 0 0 0 0 0 7.00971e-09 -0 0 0 -0 0 0 0 0 0 0 0 0 0 0 0 0 0 1 13150.8 13150.8 13150.8 13150.8
-1 -1 1 -1 -1 1 0 0 0 0 0 4.82358e-09 -0 0 0 -0 0 0 0 0 0 0 0 0 0 0 0 0 0 1 13150.8 13150.8 13150.8 13150.8
-1 -1 1 -1 -1 1 0 0 0 0 0 9.91347e-09 -0 0 0 -0 0 0 0 0 0 0 0 0 0 0 0 0 0 1 13150.8 13150.8 13150.8 13150.8
-1 -1 1 -1 -1 1 0 0 0 0 0 7.72381e-09 -0 0 0 -0 0 0 0 0 0 0 0 0 0 0 0 0 0 1 13150.8 13150.8 13150.8 13150.8
-1 -1 1 -1 -1 1 0 0 0 0 0 5.53479e-09 -0 0 0 -0 0 0 0 0 0 0 0 0 0 0 0 0 0 1 13150.8 13150.8 13150.8 13150.8
-1 -1 1 -1 -1 1 0 0 0 0 0 1.06433e-08 -0 0 0 -0 0 0 0 0 0 0 0 0 0 0 0 0 0 1 13150.8 13150.8 13150.8 13150.8
-1 -1 1 -1 -1 1 0 0 0 0 0 8.46095e-09 -0 0 0 -0 0 0 0 0 0 0 0 0 0 0 0 0 0 1 13150.8 13150.8 13150.8 13150.8
-1 -1 1 -1 -1 1 0 0 0 0 0 6.27186e-09 -0 0 0 -0 0 0 0 0 0 0 0 0 0 0 0 0 0 1 13150.8 13150.8 13150.8 13150.8
-1 -1 1 -1 -1 1 0 0 0 0 0 4.07886e-09 -0 0 0 -0 0 0 0 0 0 0 0 0 0 0 0 0 0 1 13150.8 13150.8 13150.8 13150.8
-1 -1 1 -1 -1 1 0 0 0 0 0 9.17014e-09 -0 0 0 -0 0 0 0 0 0 0 0 0 0 0 0 0 0 1 13150.8 13150.8 13150.8 13150.8
-1 -1 1 -1 -1 1 0 0 0 0 0 6.97039e-09 -0 0 0 -0 0 0 0 0 0 0 0 0 0 0 0 0 0 1 13150.8 13150.8 13150.8 13150.8
-1 -1 1 -1 -1 1 0 0 0 0 0 4.79018e-09 -0 0 0 -0 0 0 0 0 0 0 0 0 0 0 0 0 0 1 13150.8 13150.8 13150.8 13150.8
-1 -1 1 -1 -1 1 0 0 0 0 0 9.88484e-09 -0 0 0 -0 0 0 0 0 0 0 0 0 0 0 0 0 0 1 13150.8 13150.8 13150.8 13150.8
-1 -1 1 -1 -1 1 0 0 0 0 0 7.69869e-09 -0 0 0 -0 0 0 0 0 0 0 0 0 0 0 0 0 0 1 13150.8 13150.8 13150.8 13150.8
-1 -1 1 -1 -1 1 0 0 0 0 0 5.50977e-09 -0 0 0 -0 0 0 0 0 0 0 0 0 0 0 0 0 0 1 13150.8 13150.8 13150.8 13150.8
-1 -1 1 -1 -1 1 0 0 0 0 0 3.32055e-09 -0 0 0 -0 0 0 0 0 0 0 0 0 0 0 0 0 0 1 13150.8 13150.8 13150.8 13150.8
-1 -1 1 -1 -1 1 0 0 0 0 0 8.4298e-09 -0 0 0 -0 0 0 0 0 0 0 0 0 0 0 0 0 0 1 13150.8 13150.8 13150.8 13150.8
-1 -1 1 -1 -1 1 0 0 0 0 0 6.23258e-09 -0 0 0 -0 0 0 0 0 0 0 0 0 0 0 0 0 0 1 13150.8 13150.8 13150.8 13150.8
-1 -1 1 -1 -1 1 0 0 0 0 0 4.04893e-09 -0 0 0 -0 0 0 0 0 0 0 0 0 0 0 0 0 0 1 13150.8 13150.8 13150.8 13150.8
-1 -1 1 -1 -1 1 0 0 0 0 0 9.13484e-09 -0 0 0 -0 0 0 0 0 0 0 0 0 0 0 0 0 0 1 13150.8 13150.8 13150.8 13150.8
-1 -1 1 -1 -1 1 0 0 0 0 0 6.93566e-09 -0 0 0 -0 0 0 0 0 0 0 0 0 0 0 0 0 0 1 13150.8 13150.8 13150.8 13150.8
-1 -1 1 -1 -1 1 0 0 0 0 0 4.75395e-09 -0 0 0 -0 0 0 0 0 0 0 0 0 0 0 0 0 0 1 13150.8 13150.8 13150.8 13150.8
-1 -1 1 -1 -1 1 0 0 0 0 0 2.56183e-09 -0 0 0 -0 0 0 0 0 0 0 0 0 0 0 0 0 0 1 13150.8 13150.8 13150.8 13150.8
-1 -1 1 -1 -1 1 0 0 0 0 0 7.65319e-09 -0 0 0 -0 0 0 0 0 0 0 0 0 0 0 0 0 0 1 13150.8 13150.8 13150.8 13150.8
-1 -1 1 -1 -1 1 0 0 0 0 0 5.45964e-09 -0 0 0 -0 0 0 0 0 0 0 0 0 0 0 0 0 0 1 13150.8 13150.8 13150.8 13150.8
-1 -1 1 -1 -1 1 0 0 0 0 0 3.27427e-09 -0 0 0 -0 0 0 0 0 0 0 0 0 0 0 0 0 0 1 13150.8 13150.8 13150.8 13150.8
-1 -1 1 -1 -1 1 0 0 0 0 0 8.37464e-09 -0 0 0 -0 0 0 0 0 0 0 0 0 0 0 0 0 0 1 13150.8 13150.8 13150.8 13150.8
-1 -1 1 -1 -1 1 0 0 0 0 0 6.19386e-09 -0 0 0 -0 0 0 0 0 0 0 0 0 0 0 0 0 0 1 13150.8 13150.8 13150.8 13150.8
-1 -1 1 -1 -1 1 0 0 0 0 0 4.00102e-09 -0 0 0 -0 0 0 0 0 0 0 0 0 0 0 0 0 0 1 13150.8 13150.8 13150.8 13150.8
-1 -1 1 -1 -1 1 0 0 0 0 0 9.09466e-09 -0 0 0 -0 0 0 0 0 0 0 0 0 0 0 0 0 0 1 13150.8 13150.8 13150.8 13150.8
-1 -1 1 -1 -1 1 0 0 0 0 0 6.89514e-09 -0 0 0 -0 0 0 0 0 0 0 0 0 0 0 0 0 0 1 13150.8 13150.8 13150.8 13150.8
-1 -1 1 -1 -1 1 0 0 0 0 0 4.70482e-09 -0 0 0 -0 0 0 0 0 0 0 0 0 0 0 0 0 0 1 13150.8 13150.8 13150.8 13150.8
-1 -1 1 -1 -1 1 0 0 0 0 0 2.52004e-09 -0 0 0 -0 0 0 0 0 0 0 0 0 0 0 0 0 0 1 13150.8 13150.8 13150.8 13150.8
-1 -1 1 -1 -1 1 0 0 0 0 0 7.61887e-09 -0 0 0 -0 0 0 0 0 0 0 0 0 0 0 0 0 0 1 13150.8 13150.8 13150.8 13150.8
-1 -1 1 -1 -1 1 0 0 0 0 0 5.43043e-09 -0 0 0 -0 0 0 0 0 0 0 0 0 0 0 0 0 0 1 13150.8 13150.8 13150.8 13150.8
-1 -1 1 -1 -1 1 0 0 0 0 0 3.24833e-09 -0 0 0 -0 0 0 0 0 0 0 0 0 0 0 0 0 0 1 13150.8 13150.8 13150.8 13150.8
-1 -1 1 -1 -1 1 0 0 0 0 0 8.36961e-09 -0 0 0 -0 0 0 0 0 0 0 0 0 0 0 0 0 0 1 13150.8 13150.8 13150.8 13150.8
-1 -1 1 -1 -1 1 0 0 0 0 0 6.18343e-09 -0 0 0 -0 0 0 0 0 0 0 0 0 0 0 0 0 0 1 13150.8 13150.8 13150.8 13150.8
-1 -1 1 -1 -1 1 0 0 0 0 0 3.99628e-09 -0 0 0 -0 0 0 0 0 0 0 0 0 0 0 0 0 0 1 13150.8 13150.8 13150.8 13150.8
-1 -1 1 -1 -1 1 0 0 0 0 0 1.80909e-09 -0 0 0 -0 0 0 0 0 0 0 0 0 0 0 0 0 0 1 13150.8 13150.8 13150.8 13150.8
-1 -1 1 -1 -1 1 0 0 0 0 0 6.9048e-09 -0 0 0 -0 0 0 0 0 0 0 0 0 0 0 0 0 0 1 13150.8 13150.8 13150.8 13150.8
-1 -1 1 -1 -1 1 0 0 0 0 0 4.71387e-09 -0 0 0 -0 0 0 0 0 0 0 0 0 0 0 0 0 0 1 13150.8 13150.8 13150.8 13150.8
-1 -1 1 -1 -1 1 0 0 0 0 0 2.52394e-09 -0 0 0 -0 0 0 0 0 0 0 0 0 0 0 0 0 0 1 13150.8 13150.8 13150.8 13150.8
-1 -1 1 -1 -1 1 0 0 0 0 0 7.62737e-09 -0 0 0 -0 0 0 0 0 0 0 0 0 0 0 0 0 0 1 13150.8 13150.8 13150.8 13150.8
-1 -1 1 -1 -1 1 0 0 0 0 0 5.44231e-09 -0 0 0 -0 0 0 0 0 0 0 0 0 0 0 0 0 0 1 13150.8 13150.8 13150.8 13150.8
-1 -1 1 -1 -1 1 0 0 0 0 0 3.2547e-09 -0 0 0 -0 0 0 0 0 0 0 0 0 0 0 0 0 0 1 13150.8 13150.8 13150.8 13150.8
-1 -1 1 -1 -1 1 0 0 0 0 0 8.36759e-09 -0 0 0 -0 0 0 0 0 0 0 0 0 0 0 0 0 0 1 13150.8 13150.8 13150.8 13150.8
-1 -1 1 -1 -1 1 0 0 0 0 0 6.18792e-09 -0 0 0 -0 0 0 0 0 0 0 0 0 0 0 0 0 0 1 13150.8 13150.8 13150.8 13150.8
-1 -1 1 -1 -1 1 0 0 0 0 0 3.99464e-09 -0 0 0 -0 0 0 0 0 0 0 0 0 0 0 0 0 0 1 13150.8 13150.8 13150.8 13150.8
-1 -1 1 -1 -1 1 0 0 0 0 0 1.80394e-09 -0 0 0 -0 0 0 0 0 0 0 0 0 0 0 0 0 0 1 13150.8 13150.8 13150.8 13150.8
-1 -1 1 -1 -1 1 0 0 0 0 0 6.90248e-09 -0 0 0 -0 0 0 0 0 0 0 0 0 0 0 0 0 0 1 13150.8 13150.8 13150.8 13150.8
-1 -1 1 -1 -1 1 0 0 0 0 0 4.71404e-09 -0 0 0 -0 0 0 0 0 0 0 0 0 0 0 0 0 0 1 13150.8 13150.8 13150.8 13150.8
-1 -1 1 -1 -1 1 0 0 0 0 0 2.52601e-09 -0 0 0 -0 0 0 0 0 0 0 0 0 0 0 0 0 0 1 13150.8 13150.8 13150.8 13150.8
-1 -1 1 -1 -1 1 0 0 0 0 0 7.62734e-09 -0 0 0 -0 0 0 0 0 0 0 0 0 0 0 0 0 0 1 13150.8 13150.8 13150.8 13150.8
-1 -1 1 -1 -1 1 0 0 0 0 0 5.43918e-09 -0 0 0 -0 0 0 0 0 0 0 0 0 0 0 0 0 0 1 13150.8 13150.8 13150.8 13150.8
-1 -1 1 -1 -1 1 0 0 0 0 0 3.25177e-09 -0 0 0 -0 0 0 0 0 0 0 0 0 0 0 0 0 0 1 13150.8 13150.8 13150.8 13150.8
-1 -1 1 -1 -1 1 0 0 0 0 0 1.05203e-09 -0 0 0 -0 0 0 0 0 0 0 0 0 0 0 0 0 0 1 13150.8 13150.8 13150.8 13150.8
-1 -1 1 -1 -1 1 0 0 0 0 0 6.13814e-09 -0 0 0 -0 0 0 0 0 0 0 0 0 0 0 0 0 0 1 13150.8 13150.8 13150.8 13150.8
-1 -1 1 -1 -1 1 0 0 0 0 0 3.93823e-09 -0 0 0 -0 0 0 0 0 0 0 0 0 0 0 0 0 0 1 13150.8 13150.8 13150.8 13150.8
-1 -1 1 -1 -1 1 0 0 0 0 0 1.75935e-09 -0 0 0 -0 0 0 0 0 0 0 0 0 0 0 0 0 0 1 13150.8 13150.8 13150.8 13150.8
-1 -1 1 -1 -1 1 0 0 0 0 0 6.84685e-09 -0 0 0 -0 0 0 0 0 0 0 0 0 0 0 0 0 0 1 13150.8 13150.8 13150.8 13150.8
-1 -1 1 -1 -1 1 0 0 0 0 0 4.6551e-09 -0 0 0 -0 0 0 0 0 0 0 0 0 0 0 0 0 0 1 13150.8 13150.8 13150.8 13150.8
-1 -1 1 -1 -1 1 0 0 0 0 0 2.46789e-09 -0 0 0 -0 0 0 0 0 0 0 0 0 0 0 0 0 0 1 13150.8 13150.8 13150.8 13150.8
-1 -1 1 -1 -1 1 0 0 0 0 0 7.57529e-09 -0 0 0 -0 0 0 0 0 0 0 0 0 0 0 0 0 0 1 13150.8 13150.8 13150.8 13150.8
-1 -1 1 -1 -1 1 0 0 0 0 0 5.38417e-09 -0 0 0 -0 0 0 0 0 0 0 0 0 0 0 0 0 0 1 13150.8 13150.8 13150.8 13150.8
-1 -1 1 -1 -1 1 0 0 0 0 0 3.19146e-09 -0 0 0 -0 0 0 0 0 0 0 0 0 0 0 0 0 0 1 13150.8 13150.8 13150.8 13150.8
-1 -1 1 -1 -1 1 0 0 0 0 0 1.00546e-09 -0 0 0 -0 0 0 0 0 0 0 0 0 0 0 0 0 0 1 13150.8 13150.8 13150.8 13150.8
-1 -1 1 -1 -1 1 0 0 0 0 0 6.09598e-09 -0 0 0 -0 0 0 0 0 0 0 0 0 0 0 0 0 0 1 13150.8 13150.8 13150.8 13150.8
-1 -1 1 -1 -1 1 0 0 0 0 0 3.90915e-09 -0 0 0 -0 0 0 0 0 0 0 0 0 0 0 0 0 0 1 13150.8 13150.8 13150.8 13150.8
-1 -1 1 -1 -1 1 0 0 0 0 0 1.70996e-09 -0 0 0 -0 0 0 0 0 0 0 0 0 0 0 0 0 0 1 13150.8 13150.8 13150.8 13150.8
-1 -1 1 -1 -1 1 0 0 0 0 0 6.80031e-09 -0 0 0 -0 0 0 0 0 0 0 0 0 0 0 0 0 0 1 13150.8 13150.8 13150.8 13150.8
-1 -1 1 -1 -1 1 0 0 0 0 0 4.61061e-09 -0 0 0 -0 0 0 0 0 0 0 0 0 0 0 0 0 0 1 13150.8 13150.8 13150.8 13150.8
-1 -1 1 -1 -1 1 0 0 0 0 0 2.43112e-09 -0 0 0 -0 0 0 0 0 0 0 0 0 0 0 0 0 0 1 13150.8 13150.8 13150.8 13150.8
-1 -1 1 -1 -1 1 0 0 0 0 0 2.39662e-10 -0 0 0 -0 0 0 0 0 0 0 0 0 0 0 0 0 0 1 13150.8 13150.8 13150.8 13150.8
-1 -1 1 -1 -1 1 0 0 0 0 0 5.3325e-09 -0 0 0 -0 0 0 0 0 0 0 0 0 0 0 0 0 0 1 13150.8 13150.8 13150.8 13150.8
-1 -1 1 -1 -1 1 0 0 0 0 0 3.14473e-09 -0 0 0 -0 0 0 0 0 0 0 0 0 0 0 0 0 0 1 13150.8 13150.8 13150.8 13150.8
-1 -1 1 -1 -1 1 0 0 0 0 0 9.40953e-10 -0 0 0 -0 0 0 0 0 0 0 0 0 0 0 0 0 0 1 13150.8 13150.8 13150.8 13150.8
-1 -1 1 -1 -1 1 0 0 0 0 0 6.03838e-09 -0 0 0 -0 0 0 0 0 0 0 0 0 0 0 0 0 0 1 13150.8 13150.8 13150.8 13150.8
-1 -1 1 -1 -1 1 0 0 0 0 0 3.85837e-09 -0 0 0 -0 0 0 0 0 0 0 0 0 0 0 0 0 0 1 13150.8 13150.8 13150.8 13150.8
-1 -1 1 -1 -1 1 0 0 0 0 0 1.67278e-09 -0 0 0 -0 0 0 0 0 0 0 0 0 0 0 0 0 0 1 13150.8 13150.8 13150.8 13150.8
-1 -1 1 -1 -1 1 0 0 0 0 0 6.76503e-09 -0 0 0 -0 0 0 0 0 0 0 0 0 0 0 0 0 0 1 13150.8 13150.8 13150.8 13150.8
-1 -1 1 -1 -1 1 0 0 0 0 0 4.56554e-09 -0 0 0 -0 0 0 0 0 0 0 0 0 0 0 0 0 0 1 13150.8 13150.8 13150.8 13150.8
-1 -1 1 -1 -1 1 0 0 0 0 0 2.38127e-09 -0 0 0 -0 0 0 0 0 0 0 0 0 0 0 0 0 0 1 13150.8 13150.8 13150.8 13150.8
-1 -1 1 -1 -1 1 0 0 0 0 0 1.95082e-10 -0 0 0 -0 0 0 0 0 0 0 0 0 0 0 0 0 0 1 13150.8 13150.8 13150.8 13150.8
-1 -1 1 -1 -1 1 0 0 0 0 0 5.2963e-09 -0 0 0 -0 0 0 0 0 0 0 0 0 0 0 0 0 0 1 13150.8 13150.8 13150.8 13150.8
-1 -1 1 -1 -1 1 0 0 0 0 0 3.09449e-09 -0 0 0 -0 0 0 0 0 0 0 0 0 0 0 0 0 0 1 13150.8 13150.8 13150.8 13150.8
-1 -1 1 -1 -1 1 0 0 0 0 0 9.19502e-10 -0 0 0 -0 0 0 0 0 0 0 0 0 0 0 0 0 0 1 13150.8 13150.8 13150.8 13150.8
-1 -1 1 -1 -1 1 0 0 0 0 0 6.01128e-09 -0 0 0 -0 0 0 0 0 0 0 0 0 0 0 0 0 0 1 13150.8 13150.8 13150.8 13150.8
-1 -1 1 -1 -1 1 0 0 0 0 0 3.81506e-09 -0 0 0 -0 0 0 0 0 0 0 0 0 0 0 0 0 0 1 13150.8 13150.8 13150.8 13150.8
-1 -1 1 -1 -1 1 0 0 0 0 0 1.61575e-09 -0 0 0 -0 0 0 0 0 0 0 0 0 0 0 0 0 0 1 13150.8 13150.8 13150.8 13150.8
-1 -1 1 -1 -1 1 0 0 0 0 0 6.68137e-09 -0 0 0 -0 0 0 0 0 0 0 0 0 0 0 0 0 0 1 13150.8 13150.8 13150.8 13150.8
-1 -1 1 -1 -1 1 0 0 0 0 0 4.48364e-09 -0 0 0 -0 0 0 0 0 0 0 0 0 0 0 0 0 0 1 13150.8 13150.8 13150.8 13150.8
-1 -1 1 -1 -1 1 0 0 0 0 0 2.30081e-09 -0 0 0 -0 0 0 0 0 0 0 0 0 0 0 0 0 0 1 13150.8 13150.8 13150.8 13150.8
-1 -1 1 -1 -1 1 0 0 0 0 0 1.17014e-10 -0 0 0 -0 0 0 0 0 0 0 0 0 0 0 0 0 0 1 13150.8 13150.8 13150.8 13150.8
-1 -1 1 -1 -1 1 0 0 0 0 0 5.2352e-09 -0 0 0 -0 0 0 0 0 0 0 0 0 0 0 0 0 0 1 13150.8 13150.8 13150.8 13150.8
-1 -1 1 -1 -1 1 0 0 0 0 0 3.04936e-09 -0 0 0 -0 0 0 0 0 0 0 0 0 0 0 0 0 0 1 13150.8 13150.8 13150.8 13150.8
-1 -1 1 -1 -1 1 0 0 0 0 0 8.23335e-10 -0 0 0 -0 0 0 0 0 0 0 0 0 0 0 0 0 0 1 13150.8 13150.8 13150.8 13150.8
-1 -1 1 -1 -1 1 0 0 0 0 0 5.84062e-09 -0 0 0 -0 0 0 0 0 0 0 0 0 0 0 0 0 0 1 13150.8 13150.8 13150.8 13150.8
-1 -1 1 -1 -1 1 0 0 0 0 0 3.65762e-09 -0 0 0 -0 0 0 0 0 0 0 0 0 0 0 0 0 0 1 13150.8 13150.8 13150.8 13150.8
-1 -1 1 -1 -1 1 0 0 0 0 0 1.46325e-09 -0 0 0 -0 0 0 0 0 0 0 0 0 0 0 0 0 0 1 13150.8 13150.8 13150.8 13150.8
-1 -1 1 -1 -1 1 0 0 0 0 0 -7.29836e-10 -0 0 0 -0 0 0 0 0 0 0 0 0 0 0 0 0 0 1 13150.8 13150.8 13150.8 13150.8
-1 -1 1 -1 -1 1 0 0 0 0 0 4.36246e-09 -0 0 0 -0 0 0 0 0 0 0 0 0 0 0 0 0 0 1 13150.8 13150.8 13150.8 13150.8
-1 -1 1 -1 -1 1 0 0 0 0 0 2.1747e-09 -0 0 0 -0 0 0 0 0 0 0 0 0 0 0 0 0 0 1 13150.8 13150.8 13150.8 13150.8
-1 -1 1 -1 -1 1 0 0 0 0 0 -1.66658e-11 -0 0 0 -0 0 0 0 0 0 0 0 0 0 0 0 0 0 1 13150.8 13150.8 13150.8 13150.8
-1 -1 1 -1 -1 1 0 0 0 0 0 5.07818e-09 -0 0 0 -0 0 0 0 0 0 0 0 0 0 0 0 0 0 1 13150.8 13150.8 13150.8 13150.8
-1 -1 1 -1 -1 1 0 0 0 0 0 2.88749e-09 -0 0 0 -0 0 0 0 0 0 0 0 0 0 0 0 0 0 1 13150.8 13150.8 13150.8 13150.8
-1 -1 1 -1 -1 1 0 0 0 0 0 6.88956e-10 -0 0 0 -0 0 0 0 0 0 0 0 0 0 0 0 0 0 1 13150.8 13150.8 13150.8 13150.8
-1 -1 1 -1 -1 1 0 0 0 0 0 5.74777e-09 -0 0 0 -0 0 0 0 0 0 0 0 0 0 0 0 0 0 1 13150.8 13150.8 13150.8 13150.8
-1 -1 1 -1 -1 1 0 0 0 0 0 3.55304e-09 -0 0 0 -0 0 0 0 0 0 0 0 0 0 0 0 0 0 1 13150.8 13150.8 13150.8 13150.8
-1 -1 1 -1 -1 1 0 0 0 0 0 1.36135e-09 -0 0 0 -0 0 0 0 0 0 0 0 0 0 0 0 0 0 1 13150.8 13150.8 13150.8 13150.8
-1 -1 1 -1 -1 1 0 0 0 0 0 -8.32679e-10 -0 0 0 -0 0 0 0 0 0 0 0 0 0 0 0 0 0 1 13150.8 13150.8 13150.8 13150.8
-1 -1 1 -1 -1 1 0 0 0 0 0 4.24608e-09 -0 0 0 -0 0 0 0 0 0 0 0 0 0 0 0 0 0 1 13150.8 13150.8 13150.8 13150.8
-1 -1 1 -1 -1 1 0 0 0 0 0 2.05922e-09 -0 0 0 -0 0 0 0 0 0 0 0 0 0 0 0 0 0 1 13150.8 13150.8 13150.8 13150.8
-1 -1 1 -1 -1 1 0 0 0 0 0 -1.32847e-10 -0 0 0 -0 0 0 0 0 0 0 0 0 0 0 0 0 0 1 13150.8 13150.8 13150.8 13150.8
-1 -1 1 -1 -1 1 0 0 0 0 0 4.9552e-09 -0 0 0 -0 0 0 0 0 0 0 0 0 0 0 0 0 0 1 13150.8 13150.8 13150.8 13150.8
-1 -1 1 -1 -1 1 0 0 0 0 0 2.76617e-09 -0 0 0 -0 0 0 0 0 0 0 0 0 0 0 0 0 0 1 13150.8 13150.8 13150.8 13150.8
-1 -1 1 -1 -1 1 0 0 0 0 0 5.67292e-10 -0 0 0 -0 0 0 0 0 0 0 0 0 0 0 0 0 0 1 13150.8 13150.8 13150.8 13150.8
-1 -1 1 -1 -1 1 0 0 0 0 0 5.68293e-09 -0 0 0 -0 0 0 0 0 0 0 0 0 0 0 0 0 0 1 13150.8 13150.8 13150.8 13150.8
-1 -1 1 -1 -1 1 0 0 0 0 0 3.51276e-09 -0 0 0 -0 0 0 0 0 0 0 0 0 0 0 0 0 0 1 13150.8 13150.8 13150.8 13150.8
-1 -1 1 -1 -1 1 0 0 0 0 0 1.31601e-09 -0 0 0 -0 0 0 0 0 0 0 0 0 0 0 0 0 0 1 13150.8 13150.8 13150.8 13150.8
-1 -1 1 -1 -1 1 0 0 0 0 0 -8.69519e-10 -0 0 0 -0 0 0 0 0 0 0 0 0 0 0 0 0 0 1 13150.8 13150.8 13150.8 13150.8
-1 -1 1 -1 -1 1 0 0 0 0 0 4.23926e-09 -0 0 0 -0 0 0 0 0 0 0 0 0 0 0 0 0 0 1 13150.8 13150.8 13150.8 13150.8
-1 -1 1 -1 -1 1 0 0 0 0 0 2.0532e-09 -0 0 0 -0 0 0 0 0 0 0 0 0 0 0 0 0 0 1 13150.8 13150.8 13150.8 13150.8
-1 -1 1 -1 -1 1 0 0 0 0 0 -1.37016e-10 -0 0 0 -0 0 0 0 0 0 0 0 0 0 0 0 0 0 1 13150.8 13150.8 13150.8 13150.8
-1 -1 1 -1 -1 1 0 0 0 0 0 4.954e-09 -0 0 0 -0 0 0 0 0 0 0 0 0 0 0 0 0 0 1 13150.8 13150.8 13150.8 13150.8
-1 -1 1 -1 -1 1 0 0 0 0 0 2.7674e-09 -0 0 0 -0 0 0 0 0 0 0 0 0 0 0 0 0 0 1 13150.8 13150.8 13150.8 13150.8
-1 -1 1 -1 -1 1 0 0 0 0 0 5.61878e-10 -0 0 0 -0 0 0 0 0 0 0 0 0 0 0 0 0 0 1 13150.8 13150.8 13150.8 13150.8
-1 -1 1 -1 -1 1 0 0 0 0 0 5.62013e-09 -0 0 0 -0 0 0 0 0 0 0 0 0 0 0 0 0 0 1 13150.8 13150.8 13150.8 13150.8
-1 -1 1 -1 -1 1 0 0 0 0 0 3.42764e-09 -0 0 0 -0 0 0 0 0 0 0 0 0 0 0 0 0 0 1 13150.8 13150.8 13150.8 13150.8
-1 -1 1 -1 -1 1 0 0 0 0 0 1.23537e-09 -0 0 0 -0 0 0 0 0 0 0 0 0 0 0 0 0 0 1 13150.8 13150.8 13150.8 13150.8
-1 -1 1 -1 -1 1 0 0 0 0 0 -9.48271e-10 -0 0 0 -0 0 0 0 0 0 0 0 0 0 0 0 0 0 1 13150.8 13150.8 13150.8 13150.8
-1 -1 1 -1 -1 1 0 0 0 0 0 4.15309e-09 -0 0 0 -0 0 0 0 0 0 0 0 0 0 0 0 0 0 1 13150.8 13150.8 13150.8 13150.8
-1 -1 1 -1 -1 1 0 0 0 0 0 1.95345e-09 -0 0 0 -0 0 0 0 0 0 0 0 0 0 0 0 0 0 1 13150.8 13150.8 13150.8 13150.8
-1 -1 1 -1 -1 1 0 0 0 0 0 -2.24324e-10 -0 0 0 -0 0 0 0 0 0 0 0 0 0 0 0 0 0 1 13150.8 13150.8 13150.8 13150.8
-1 -1 1 -1 -1 1 0 0 0 0 0 4.86709e-09 -0 0 0 -0 0 0 0 0 0 0 0 0 0 0 0 0 0 1 13150.8 13150.8 13150.8 13150.8
-1 -1 1 -1 -1 1 0 0 0 0 0 2.67776e-09 -0 0 0 -0 0 0 0 0 0 0 0 0 0 0 0 0 0 1 13150.8 13150.8 13150.8 13150.8
-1 -1 1 -1 -1 1 0 0 0 0 0 4.81292e-10 -0 0 0 -0 0 0 0 0 0 0 0 0 0 0 0 0 0 1 13150.8 13150.8 13150.8 13150.8
-1 -1 1 -1 -1 1 0 0 0 0 0 5.57669e-09 -0 0 0 -0 0 0 0 0 0 0 0 0 0 0 0 0 0 1 13150.8 13150.8 13150.8 13150.8
-1 -1 1 -1 -1 1 0 0 0 0 0 3.37588e-09 -0 0 0 -0 0 0 0 0 0 0 0 0 0 0 0 0 0 1 13150.8 13150.8 13150.8 13150.8
-1 -1 1 -1 -1 1 0 0 0 0 0 1.19852e-09 -0 0 0 -0 0 0 0 0 0 0 0 0 0 0 0 0 0 1 13150.8 13150.8 13150.8 13150.8
-1 -1 1 -1 -1 1 0 0 0 0 0 -9.96203e-10 -0 0 0 -0 0 0 0 0 0 0 0 0 0 0 0 0 0 1 13150.8 13150.8 13150.8 13150.8
-1 -1 1 -1 -1 1 0 0 0 0 0 4.08802e-09 -0 0 0 -0 0 0 0 0 0 0 0 0 0 0 0 0 0 1 13150.8 13150.8 13150.8 13150.8
-1 -1 1 -1 -1 1 0 0 0 0 0 1.90235e-09 -0 0 0 -0 0 0 0 0 0 0 0 0 0 0 0 0 0 1 13150.8 13150.8 13150.8 13150.8
-1 -1 1 -1 -1 1 0 0 0 0 0 -2.92076e-10 -0 0 0 -0 0 0 0 0 0 0 0 0 0 0 0 0 0 1 13150.8 13150.8 13150.8 13150.8
-1 -1 1 -1 -1 1 0 0 0 0 0 4.79435e-09 -0 0 0 -0 0 0 0 0 0 0 0 0 0 0 0 0 0 1 13150.8 13150.8 13150.8 13150.8
-1 -1 1 -1 -1 1 0 0 0 0 0 2.60712e-09 -0 0 0 -0 0 0 0 0 0 0 0 0 0 0 0 0 0 1 13150.8 13150.8 13150.8 13150.8
-1 -1 1 -1 -1 1 0 0 0 0 0 4.11382e-10 -0 0 0 -0 0 0 0 0 0 0 0 0 0 0 0 0 0 1 13150.8 13150.8 13150.8 13150.8
-1 -1 1 -1 -1 1 0 0 0 0 0 5.50559e-09 -0 0 0 -0 0 0 0 0 0 0 0 0 0 0 0 0 0 1 13150.8 13150.8 13150.8 13150.8
-1 -1 1 -1 -1 1 0 0 0 0 0 3.31946e-09 -0 0 0 -0 0 0 0 0 0 0 0 0 0 0 0 0 0 1 13150.8 13150.8 13150.8 13150.8
-1 -1 1 -1 -1 1 0 0 0 0 0 1.11799e-09 -0 0 0 -0 0 0 0 0 0 0 0 0 0 0 0 0 0 1 13150.8 13150.8 13150.8 13150.8
-1 -1 1 -1 -1 1 0 0 0 0 0 -1.06685e-09 -0 0 0 -0 0 0 0 0 0 0 0 0 0 0 0 0 0 1 13150.8 13150.8 13150.8 13150.8
-1 -1 1 -1 -1 1 0 0 0 0 0 4.02992e-09 -0 0 0 -0 0 0 0 0 0 0 0 0 0 0 0 0 0 1 13150.8 13150.8 13150.8 13150.8
-1 -1 1 -1 -1 1 0 0 0 0 0 1.83943e-09 -0 0 0 -0 0 0 0 0 0 0 0 0 0 0 0 0 0 1 13150.8 13150.8 13150.8 13150.8
-1 -1 1 -1 -1 1 0 0 0 0 0 -3.49514e-10 -0 0 0 -0 0 0 0 0 0 0 0 0 0 0 0 0 0 1 13150.8 13150.8 13150.8 13150.8
-1 -1 1 -1 -1 1 0 0 0 0 0 4.7308e-09 -0 0 0 -0 0 0 0 0 0 0 0 0 0 0 0 0 0 1 13150.8 13150.8 13150.8 13150.8
-1 -1 1 -1 -1 1 0 0 0 0 0 2.54396e-09 -0 0 0 -0 0 0 0 0 0 0 0 0 0 0 0 0 0 1 13150.8 13150.8 13150.8 13150.8
-1 -1 1 -1 -1 1 0 0 0 0 0 3.42598e-10 -0 0 0 -0 0 0 0 0 0 0 0 0 0 0 0 0 0 1 13150.8 13150.8 13150.8 13150.8
-1 -1 1 -1 -1 1 0 0 0 0 0 -1.84208e-09 -0 0 0 -0 0 0 0 0 0 0 0 0 0 0 0 0 0 1 13150.8 13150.8 13150.8 13150.8
-1 -1 1 -1 -1 1 0 0 0 0 0 3.25041e-09 -0 0 0 -0 0 0 0 0 0 0 0 0 0 0 0 0 0 1 13150.8 13150.8 13150.8 13150.8
-1 -1 1 -1 -1 1 0 0 0 0 0 1.06285e-09 -0 0 0 -0 0 0 0 0 0 0 0 0 0 0 0 0 0 1 13150.8 13150.8 13150.8 13150.8
-1 -1 1 -1 -1 1 0 0 0 0 0 -1.12498e-09 -0 0 0 -0 0 0 0 0 0 0 0 0 0 0 0 0 0 1 13150.8 13150.8 13150.8 13150.8
-1 -1 1 -1 -1 1 0 0 0 0 0 3.98261e-09 -0 0 0 -0 0 0 0 0 0 0 0 0 0 0 0 0 0 1 13150.8 13150.8 13150.8 13150.8
-1 -1 1 -1 -1 1 0 0 0 0 0 1.78487e-09 -0 0 0 -0 0 0 0 0 0 0 0 0 0 0 0 0 0 1 13150.8 13150.8 13150.8 13150.8
-1 -1 1 -1 -1 1 0 0 0 0 0 -3.97158e-10 -0 0 0 -0 0 0 0 0 0 0 0 0 0 0 0 0 0 1 13150.8 13150.8 13150.8 13150.8
-1 -1 1 -1 -1 1 0 0 0 0 0 4.69688e-09 -0 0 0 -0 0 0 0 0 0 0 0 0 0 0 0 0 0 1 13150.8 13150.8 13150.8 13150.8
-1 -1 1 -1 -1 1 0 0 0 0 0 2.51457e-09 -0 0 0 -0 0 0 0 0 0 0 0 0 0 0 0 0 0 1 13150.8 13150.8 13150.8 13150.8
-1 -1 1 -1 -1 1 0 0 0 0 0 3.26489e-10 -0 0 0 -0 0 0 0 0 0 0 0 0 0 0 0 0 0 1 13150.8 13150.8 13150.8 13150.8
-1 -1 1 -1 -1 1 0 0 0 0 0 -1.86299e-09 -0 0 0 -0 0 0 0 0 0 0 0 0 0 0 0 0 0 1 13150.8 13150.8 13150.8 13150.8
-1 -1 1 -1 -1 1 0 0 0 0 0 3.24129e-09 -0 0 0 -0 0 0 0 0 0 0 0 0 0 0 0 0 0 1 13150.8 13150.8 13150.8 13150.8
-1 -1 1 -1 -1 1 0 0 0 0 0 1.05193e-09 -0 0 0 -0 0 0 0 0 0 0 0 0 0 0 0 0 0 1 13150.8 13150.8 13150.8 13150.8
-1 -1 1 -1 -1 1 0 0 0 0 0 -1.13677e-09 -0 0 0 -0 0 0 0 0 0 0 0 0 0 0 0 0 0 1 13150.8 13150.8 13150.8 13150.8
-1 -1 1 -1 -1 1 0 0 0 0 0 3.95844e-09 -0 0 0 -0 0 0 0 0 0 0 0 0 0 0 0 0 0 1 13150.8 13150.8 13150.8 13150.8
-1 -1 1 -1 -1 1 0 0 0 0 0 1.76338e-09 -0 0 0 -0 0 0 0 0 0 0 0 0 0 0 0 0 0 1 13150.8 13150.8 13150.8 13150.8
-1 -1 1 -1 -1 1 0 0 0 0 0 -4.18238e-10 -0 0 0 -0 0 0 0 0 0 0 0 0 0 0 0 0 0 1 13150.8 13150.8 13150.8 13150.8
-1 -1 1 -1 -1 1 0 0 0 0 0 4.68779e-09 -0 0 0 -0 0 0 0 0 0 0 0 0 0 0 0 0 0 1 13150.8 13150.8 13150.8 13150.8
-1 -1 1 -1 -1 1 0 0 0 0 0 2.50154e-09 -0 0 0 -0 0 0 0 0 0 0 0 0 0 0 0 0 0 1 13150.8 13150.8 13150.8 13150.8
-1 -1 1 -1 -1 1 0 0 0 0 0 3.00014e-10 -0 0 0 -0 0 0 0 0 0 0 0 0 0 0 0 0 0 1 13150.8 13150.8 13150.8 13150.8
-1 -1 1 -1 -1 1 0 0 0 0 0 -1.88346e-09 -0 0 0 -0 0 0 0 0 0 0 0 0 0 0 0 0 0 1 13150.8 13150.8 13150.8 13150.8
-1 -1 1 -1 -1 1 0 0 0 0 0 3.22933e-09 -0 0 0 -0 0 0 0 0 0 0 0 0 0 0 0 0 0 1 13150.8 13150.8 13150.8 13150.8
-1 -1 1 -1 -1 1 0 0 0 0 0 1.04493e-09 -0 0 0 -0 0 0 0 0 0 0 0 0 0 0 0 0 0 1 13150.8 13150.8 13150.8 13150.8
-1 -1 1 -1 -1 1 0 0 0 0 0 -1.14471e-09 -0 0 0 -0 0 0 0 0 0 0 0 0 0 0 0 0 0 1 13150.8 13150.8 13150.8 13150.8
-1 -1 1 -1 -1 1 0 0 0 0 0 3.93924e-09 -0 0 0 -0 0 0 0 0 0 0 0 0 0 0 0 0 0 1 13150.8 13150.8 13150.8 13150.8
-1 -1 1 -1 -1 1 0 0 0 0 0 1.74366e-09 -0 0 0 -0 0 0 0 0 0 0 0 0 0 0 0 0 0 1 13150.8 13150.8 13150.8 13150.8
-1 -1 1 -1 -1 1 0 0 0 0 0 -4.46533e-10 -0 0 0 -0 0 0 0 0 0 0 0 0 0 0 0 0 0 1 13150.8 13150.8 13150.8 13150.8
-1 -1 1 -1 -1 1 0 0 0 0 0 4.64322e-09 -0 0 0 -0 0 0 0 0 0 0 0 0 0 0 0 0 0 1 13150.8 13150.8 13150.8 13150.8
-1 -1 1 -1 -1 1 0 0 0 0 0 2.44879e-09 -0 0 0 -0 0 0 0 0 0 0 0 0 0 0 0 0 0 1 13150.8 13150.8 13150.8 13150.8
-1 -1 1 -1 -1 1 0 0 0 0 0 2.57497e-10 -0 0 0 -0 0 0 0 0 0 0 0 0 0 0 0 0 0 1 13150.8 13150.8 13150.8 13150.8
-1 -1 1 -1 -1 1 0 0 0 0 0 -1.91725e-09 -0 0 0 -0 0 0 0 0 0 0 0 0 0 0 0 0 0 1 13150.8 13150.8 13150.8 13150.8
-1 -1 1 -1 -1 1 0 0 0 0 0 3.18981e-09 -0 0 0 -0 0 0 0 0 0 0 0 0 0 0 0 0 0 1 13150.8 13150.8 13150.8 13150.8
-1 -1 1 -1 -1 1 0 0 0 0 0 9.98464e-10 -0 0 0 -0 0 0 0 0 0 0 0 0 0 0 0 0 0 1 13150.8 13150.8 13150.8 13150.8
-1 -1 1 -1 -1 1 0 0 0 0 0 -1.19555e-09 -0 0 0 -0 0 0 0 0 0 0 0 0 0 0 0 0 0 1 13150.8 13150.8 13150.8 13150.8
-1 -1 1 -1 -1 1 0 0 0 0 0 3.8895e-09 -0 0 0 -0 0 0 0 0 0 0 0 0 0 0 0 0 0 1 13150.8 13150.8 13150.8 13150.8
-1 -1 1 -1 -1 1 0 0 0 0 0 1.70503e-09 -0 0 0 -0 0 0 0 0 0 0 0 0 0 0 0 0 0 1 13150.8 13150.8 13150.8 13150.8
-1 -1 1 -1 -1 1 0 0 0 0 0 -4.86541e-10 -0 0 0 -0 0 0 0 0 0 0 0 0 0 0 0 0 0 1 13150.8 13150.8 13150.8 13150.8
-1 -1 1 -1 -1 1 0 0 0 0 0 4.6113e-09 -0 0 0 -0 0 0 0 0 0 0 0 0 0 0 0 0 0 1 13150.8 13150.8 13150.8 13150.8
-1 -1 1 -1 -1 1 0 0 0 0 0 2.41656e-09 -0 0 0 -0 0 0 0 0 0 0 0 0 0 0 0 0 0 1 13150.8 13150.8 13150.8 13150.8
-1 -1 1 -1 -1 1 0 0 0 0 0 2.30313e-10 -0 0 0 -0 0 0 0 0 0 0 0 0 0 0 0 0 0 1 13150.8 13150.8 13150.8 13150.8
-1 -1 1 -1 -1 1 0 0 0 0 0 -1.95812e-09 -0 0 0 -0 0 0 0 0 0 0 0 0 0 0 0 0 0 1 13150.8 13150.8 13150.8 13150.8
-1 -1 1 -1 -1 1 0 0 0 0 0 3.15263e-09 -0 0 0 -0 0 0 0 0 0 0 0 0 0 0 0 0 0 1 13150.8 13150.8 13150.8 13150.8
-1 -1 1 -1 -1 1 0 0 0 0 0 9.65708e-10 -0 0 0 -0 0 0 0 0 0 0 0 0 0 0 0 0 0 1 13150.8 13150.8 13150.8 13150.8
-1 -1 1 -1 -1 1 0 0 0 0 0 -1.2393e-09 -0 0 0 -0 0 0 0 0 0 0 0 0 0 0 0 0 0 1 13150.8 13150.8 13150.8 13150.8
-1 -1 1 -1 -1 1 0 0 0 0 0 3.81768e-09 -0 0 0 -0 0 0 0 0 0 0 0 0 0 0 0 0 0 1 13150.8 13150.8 13150.8 13150.8
-1 -1 1 -1 -1 1 0 0 0 0 0 1.63259e-09 -0 0 0 -0 0 0 0 0 0 0 0 0 0 0 0 0 0 1 13150.8 13150.8 13150.8 13150.8
-1 -1 1 -1 -1 1 0 0 0 0 0 -5.61596e-10 -0 0 0 -0 0 0 0 0 0 0 0 0 0 0 0 0 0 1 13150.8 13150.8 13150.8 13150.8
-1 -1 1 -1 -1 1 0 0 0 0 0 4.53968e-09 -0 0 0 -0 0 0 0 0 0 0 0 0 0 0 0 0 0 1 13150.8 13150.8 13150.8 13150.8
-1 -1 1 -1 -1 1 0 0 0 0 0 2.34471e-09 -0 0 0 -0 0 0 0 0 0 0 0 0 0 0 0 0 0 1 13150.8 13150.8 13150.8 13150.8
-1 -1 1 -1 -1 1 0 0 0 0 0 1.58988e-10 -0 0 0 -0 0 0 0 0 0 0 0 0 0 0 0 0 0 1 13150.8 13150.8 13150.8 13150.8
-1 -1 1 -1 -1 1 0 0 0 0 0 -2.02677e-09 -0 0 0 -0 0 0 0 0 0 0 0 0 0 0 0 0 0 1 13150.8 13150.8 13150.8 13150.8
-1 -1 1 -1 -1 1 0 0 0 0 0 3.08306e-09 -0 0 0 -0 0 0 0 0 0 0 0 0 0 0 0 0 0 1 13150.8 13150.8 13150.8 13150.8
-1 -1 1 -1 -1 1 0 0 0 0 0 8.90434e-10 -0 0 0 -0 0 0 0 0 0 0 0 0 0 0 0 0 0 1 13150.8 13150.8 13150.8 13150.8
-1 -1 1 -1 -1 1 0 0 0 0 0 -1.28586e-09 -0 0 0 -0 0 0 0 0 0 0 0 0 0 0 0 0 0 1 13150.8 13150.8 13150.8 13150.8
-1 -1 1 -1 -1 1 0 0 0 0 0 3.8168e-09 -0 0 0 -0 0 0 0 0 0 0 0 0 0 0 0 0 0 1 13150.8 13150.8 13150.8 13150.8
-1 -1 1 -1 -1 1 0 0 0 0 0 1.62823e-09 -0 0 0 -0 0 0 0 0 0 0 0 0 0 0 0 0 0 1 13150.8 13150.8 13150.8 13150.8
-1 -1 1 -1 -1 1 0 0 0 0 0 -5.58138e-10 -0 0 0 -0 0 0 0 0 0 0 0 0 0 0 0 0 0 1 13150.8 13150.8 13150.8 13150.8
-1 -1 1 -1 -1 1 0 0 0 0 0 4.54898e-09 -0 0 0 -0 0 0 0 0 0 0 0 0 0 0 0 0 0 1 13150.8 13150.8 13150.8 13150.8
-1 -1 1 -1 -1 1 0 0 0 0 0 2.36567e-09 -0 0 0 -0 0 0 0 0 0 0 0 0 0 0 0 0 0 1 13150.8 13150.8 13150.8 13150.8
-1 -1 1 -1 -1 1 0 0 0 0 0 1.70741e-10 -0 0 0 -0 0 0 0 0 0 0 0 0 0 0 0 0 0 1 13150.8 13150.8 13150.8 13150.8
-1 -1 1 -1 -1 1 0 0 0 0 0 -2.02068e-09 -0 0 0 -0 0 0 0 0 0 0 0 0 0 0 0 0 0 1 13150.8 13150.8 13150.8 13150.8
-1 -1 1 -1 -1 1 0 0 0 0 0 3.08866e-09 -0 0 0 -0 0 0 0 0 0 0 0 0 0 0 0 0 0 1 13150.8 13150.8 13150.8 13150.8
-1 -1 1 -1 -1 1 0 0 0 0 0 9.06973e-10 -0 0 0 -0 0 0 0 0 0 0 0 0 0 0 0 0 0 1 13150.8 13150.8 13150.8 13150.8
-1 -1 1 -1 -1 1 0 0 0 0 0 -1.28237e-09 -0 0 0 -0 0 0 0 0 0 0 0 0 0 0 0 0 0 1 13150.8 13150.8 13150.8 13150.8
-1 -1 1 -1 -1 1 0 0 0 0 0 3.81355e-09 -0 0 0 -0 0 0 0 0 0 0 0 0 0 0 0 0 0 1 13150.8 13150.8 13150.8 13150.8
-1 -1 1 -1 -1 1 0 0 0 0 0 1.62736e-09 -0 0 0 -0 0 0 0 0 0 0 0 0 0 0 0 0 0 1 13150.8 13150.8 13150.8 13150.8
-1 -1 1 -1 -1 1 0 0 0 0 0 -5.62144e-10 -0 0 0 -0 0 0 0 0 0 0 0 0 0 0 0 0 0 1 13150.8 13150.8 13150.8 13150.8
-1 -1 1 -1 -1 1 0 0 0 0 0 4.51109e-09 -0 0 0 -0 0 0 0 0 0 0 0 0 0 0 0 0 0 1 13150.8 13150.8 13150.8 13150.8
-1 -1 1 -1 -1 1 0 0 0 0 0 2.31045e-09 -0 0 0 -0 0 0 0 0 0 0 0 0 0 0 0 0 0 1 13150.8 13150.8 13150.8 13150.8
-1 -1 1 -1 -1 1 0 0 0 0 0 1.21032e-10 -0 0 0 -0 0 0 0 0 0 0 0 0 0 0 0 0 0 1 13150.8 13150.8 13150.8 13150.8
-1 -1 1 -1 -1 1 0 0 0 0 0 -2.07903e-09 -0 0 0 -0 0 0 0 0 0 0 0 0 0 0 0 0 0 1 13150.8 13150.8 13150.8 13150.8
-1 -1 1 -1 -1 1 0 0 0 0 0 2.99909e-09 -0 0 0 -0 0 0 0 0 0 0 0 0 0 0 0 0 0 1 13150.8 13150.8 13150.8 13150.8
-1 -1 1 -1 -1 1 0 0 0 0 0 8.0247e-10 -0 0 0 -0 0 0 0 0 0 0 0 0 0 0 0 0 0 1 13150.8 13150.8 13150.8 13150.8
-1 -1 1 -1 -1 1 0 0 0 0 0 -1.3834e-09 -0 0 0 -0 0 0 0 0 0 0 0 0 0 0 0 0 0 1 13150.8 13150.8 13150.8 13150.8
-1 -1 1 -1 -1 1 0 0 0 0 0 3.70438e-09 -0 0 0 -0 0 0 0 0 0 0 0 0 0 0 0 0 0 1 13150.8 13150.8 13150.8 13150.8
-1 -1 1 -1 -1 1 0 0 0 0 0 1.5198e-09 -0 0 0 -0 0 0 0 0 0 0 0 0 0 0 0 0 0 1 13150.8 13150.8 13150.8 13150.8
-1 -1 1 -1 -1 1 0 0 0 0 0 -6.86845e-10 -0 0 0 -0 0 0 0 0 0 0 0 0 0 0 0 0 0 1 13150.8 13150.8 13150.8 13150.8
-1 -1 1 -1 -1 1 0 0 0 0 0 4.36487e-09 -0 0 0 -0 0 0 0 0 0 0 0 0 0 0 0 0 0 1 13150.8 13150.8 13150.8 13150.8
-1 -1 1 -1 -1 1 0 0 0 0 0 2.17304e-09 -0 0 0 -0 0 0 0 0 0 0 0 0 0 0 0 0 0 1 13150.8 13150.8 13150.8 13150.8
-1 -1 1 -1 -1 1 0 0 0 0 0 -2.05657e-11 -0 0 0 -0 0 0 0 0 0 0 0 0 0 0 0 0 0 1 13150.8 13150.8 13150.8 13150.8
-1 -1 1 -1 -1 1 0 0 0 0 0 -2.21327e-09 -0 0 0 -0 0 0 0 0 0 0 0 0 0 0 0 0 0 1 13150.8 13150.8 13150.8 13150.8
-1 -1 1 -1 -1 1 0 0 0 0 0 2.89008e-09 -0 0 0 -0 0 0 0 0 0 0 0 0 0 0 0 0 0 1 13150.8 13150.8 13150.8 13150.8
-1 -1 1 -1 -1 1 0 0 0 0 0 7.04164e-10 -0 0 0 -0 0 0 0 0 0 0 0 0 0 0 0 0 0 1 13150.8 13150.8 13150.8 13150.8
-1 -1 1 -1 -1 1 0 0 0 0 0 -1.48321e-09 -0 0 0 -0 0 0 0 0 0 0 0 0 0 0 0 0 0 1 13150.8 13150.8 13150.8 13150.8
-1 -1 1 -1 -1 1 0 0 0 0 0 3.61447e-09 -0 0 0 -0 0 0 0 0 0 0 0 0 0 0 0 0 0 1 13150.8 13150.8 13150.8 13150.8
-1 -1 1 -1 -1 1 0 0 0 0 0 1.41833e-09 -0 0 0 -0 0 0 0 0 0 0 0 0 0 0 0 0 0 1 13150.8 13150.8 13150.8 13150.8
-1 -1 1 -1 -1 1 0 0 0 0 0 -7.6403e-10 -0 0 0 -0 0 0 0 0 0 0 0 0 0 0 0 0 0 1 13150.8 13150.8 13150.8 13150.8
-1 -1 1 -1 -1 1 0 0 0 0 0 4.32826e-09 -0 0 0 -0 0 0 0 0 0 0 0 0 0 0 0 0 0 1 13150.8 13150.8 13150.8 13150.8
-1 -1 1 -1 -1 1 0 0 0 0 0 2.14208e-09 -0 0 0 -0 0 0 0 0 0 0 0 0 0 0 0 0 0 1 13150.8 13150.8 13150.8 13150.8
-1 -1 1 -1 -1 1 0 0 0 0 0 -6.01986e-11 -0 0 0 -0 0 0 0 0 0 0 0 0 0 0 0 0 0 1 13150.8 13150.8 13150.8 13150.8
-1 -1 1 -1 -1 1 0 0 0 0 0 -2.23414e-09 -0 0 0 -0 0 0 0 0 0 0 0 0 0 0 0 0 0 1 13150.8 13150.8 13150.8 13150.8
-1 -1 1 -1 -1 1 0 0 0 0 0 2.8949e-09 -0 0 0 -0 0 0 0 0 0 0 0 0 0 0 0 0 0 1 13150.8 13150.8 13150.8 13150.8
-1 -1 1 -1 -1 1 0 0 0 0 0 7.16745e-10 -0 0 0 -0 0 0 0 0 0 0 0 0 0 0 0 0 0 1 13150.8 13150.8 13150.8 13150.8
-1 -1 1 -1 -1 1 0 0 0 0 0 -1.48014e-09 -0 0 0 -0 0 0 0 0 0 0 0 0 0 0 0 0 0 1 13150.8 13150.8 13150.8 13150.8
-1 -1 1 -1 -1 1 0 0 0 0 0 3.599e-09 -0 0 0 -0 0 0 0 0 0 0 0 0 0 0 0 0 0 1 13150.8 13150.8 13150.8 13150.8
-1 -1 1 -1 -1 1 0 0 0 0 0 1.41162e-09 -0 0 0 -0 0 0 0 0 0 0 0 0 0 0 0 0 0 1 13150.8 13150.8 13150.8 13150.8
-1 -1 1 -1 -1 1 0 0 0 0 0 -7.80813e-10 -0 0 0 -0 0 0 0 0 0 0 0 0 0 0 0 0 0 1 13150.8 13150.8 13150.8 13150.8
-1 -1 1 -1 -1 1 0 0 0 0 0 -2.97384e-09 -0 0 0 -0 0 0 0 0 0 0 0 0 0 0 0 0 0 1 13150.8 13150.8 13150.8 13150.8
-1 -1 1 -1 -1 1 0 0 0 0 0 2.10908e-09 -0 0 0 -0 0 0 0 0 0 0 0 0 0 0 0 0 0 1 13150.8 13150.8 13150.8 13150.8
-1 -1 1 -1 -1 1 0 0 0 0 0 -8.97582e-11 -0 0 0 -0 0 0 0 0 0 0 0 0 0 0 0 0 0 1 13150.8 13150.8 13150.8 13150.8
-1 -1 1 -1 -1 1 0 0 0 0 0 -2.27711e-09 -0 0 0 -0 0 0 0 0 0 0 0 0 0 0 0 0 0 1 13150.8 13150.8 13150.8 13150.8
-1 -1 1 -1 -1 1 0 0 0 0 0 2.81604e-09 -0 0 0 -0 0 0 0 0 0 0 0 0 0 0 0 0 0 1 13150.8 13150.8 13150.8 13150.8
-1 -1 1 -1 -1 1 0 0 0 0 0 6.28277e-10 -0 0 0 -0 0 0 0 0 0 0 0 0 0 0 0 0 0 1 13150.8 13150.8 13150.8 13150.8
-1 -1 1 -1 -1 1 0 0 0 0 0 -1.56712e-09 -0 0 0 -0 0 0 0 0 0 0 0 0 0 0 0 0 0 1 13150.8 13150.8 13150.8 13150.8
-1 -1 1 -1 -1 1 0 0 0 0 0 3.5173e-09 -0 0 0 -0 0 0 0 0 0 0 0 0 0 0 0 0 0 1 13150.8 13150.8 13150.8 13150.8
-1 -1 1 -1 -1 1 0 0 0 0 0 1.32985e-09 -0 0 0 -0 0 0 0 0 0 0 0 0 0 0 0 0 0 1 13150.8 13150.8 13150.8 13150.8
-1 -1 1 -1 -1 1 0 0 0 0 0 -8.61863e-10 -0 0 0 -0 0 0 0 0 0 0 0 0 0 0 0 0 0 1 13150.8 13150.8 13150.8 13150.8
-1 -1 1 -1 -1 1 0 0 0 0 0 4.22939e-09 -0 0 0 -0 0 0 0 0 0 0 0 0 0 0 0 0 0 1 13150.8 13150.8 13150.8 13150.8
-1 -1 1 -1 -1 1 0 0 0 0 0 2.0419e-09 -0 0 0 -0 0 0 0 0 0 0 0 0 0 0 0 0 0 1 13150.8 13150.8 13150.8 13150.8
-1 -1 1 -1 -1 1 0 0 0 0 0 -1.46209e-10 -0 0 0 -0 0 0 0 0 0 0 0 0 0 0 0 0 0 1 13150.8 13150.8 13150.8 13150.8
-1 -1 1 -1 -1 1 0 0 0 0 0 -2.33441e-09 -0 0 0 -0 0 0 0 0 0 0 0 0 0 0 0 0 0 1 13150.8 13150.8 13150.8 13150.8
-1 -1 1 -1 -1 1 0 0 0 0 0 2.77305e-09 -0 0 0 -0 0 0 0 0 0 0 0 0 0 0 0 0 0 1 13150.8 13150.8 13150.8 13150.8
-1 -1 1 -1 -1 1 0 0 0 0 0 5.84378e-10 -0 0 0 -0 0 0 0 0 0 0 0 0 0 0 0 0 0 1 13150.8 13150.8 13150.8 13150.8
-1 -1 1 -1 -1 1 0 0 0 0 0 -1.60427e-09 -0 0 0 -0 0 0 0 0 0 0 0 0 0 0 0 0 0 1 13150.8 13150.8 13150.8 13150.8
-1 -1 1 -1 -1 1 0 0 0 0 0 3.45145e-09 -0 0 0 -0 0 0 0 0 0 0 0 0 0 0 0 0 0 1 13150.8 13150.8 13150.8 13150.8
-1 -1 1 -1 -1 1 0 0 0 0 0 1.24415e-09 -0 0 0 -0 0 0 0 0 0 0 0 0 0 0 0 0 0 1 13150.8 13150.8 13150.8 13150.8
-1 -1 1 -1 -1 1 0 0 0 0 0 -9.43368e-10 -0 0 0 -0 0 0 0 0 0 0 0 0 0 0 0 0 0 1 13150.8 13150.8 13150.8 13150.8
-1 -1 1 -1 -1 1 0 0 0 0 0 4.16276e-09 -0 0 0 -0 0 0 0 0 0 0 0 0 0 0 0 0 0 1 13150.8 13150.8 13150.8 13150.8
-1 -1 1 -1 -1 1 0 0 0 0 0 1.9778e-09 -0 0 0 -0 0 0 0 0 0 0 0 0 0 0 0 0 0 1 13150.8 13150.8 13150.8 13150.8
-1 -1 1 -1 -1 1 0 0 0 0 0 -2.2282e-10 -0 0 0 -0 0 0 0 0 0 0 0 0 0 0 0 0 0 1 13150.8 13150.8 13150.8 13150.8
-1 -1 1 -1 -1 1 0 0 0 0 0 -2.40827e-09 -0 0 0 -0 0 0 0 0 0 0 0 0 0 0 0 0 0 1 13150.8 13150.8 13150.8 13150.8
-1 -1 1 -1 -1 1 0 0 0 0 0 2.68277e-09 -0 0 0 -0 0 0 0 0 0 0 0 0 0 0 0 0 0 1 13150.8 13150.8 13150.8 13150.8
-1 -1 1 -1 -1 1 0 0 0 0 0 4.94219e-10 -0 0 0 -0 0 0 0 0 0 0 0 0 0 0 0 0 0 1 13150.8 13150.8 13150.8 13150.8
-1 -1 1 -1 -1 1 0 0 0 0 0 -1.69212e-09 -0 0 0 -0 0 0 0 0 0 0 0 0 0 0 0 0 0 1 13150.8 13150.8 13150.8 13150.8
-1 -1 1 -1 -1 1 0 0 0 0 0 3.40918e-09 -0 0 0 -0 0 0 0 0 0 0 0 0 0 0 0 0 0 1 13150.8 13150.8 13150.8 13150.8
-1 -1 1 -1 -1 1 0 0 0 0 0 1.21627e-09 -0 0 0 -0 0 0 0 0 0 0 0 0 0 0 0 0 0 1 13150.8 13150.8 13150.8 13150.8
-1 -1 1 -1 -1 1 0 0 0 0 0 -9.78785e-10 -0 0 0 -0 0 0 0 0 0 0 0 0 0 0 0 0 0 1 13150.8 13150.8 13150.8 13150.8
-1 -1 1 -1 -1 1 0 0 0 0 0 -3.16494e-09 -0 0 0 -0 0 0 0 0 0 0 0 0 0 0 0 0 0 1 13150.8 13150.8 13150.8 13150.8
-1 -1 1 -1 -1 1 0 0 0 0 0 1.9299e-09 -0 0 0 -0 0 0 0 0 0 0 0 0 0 0 0 0 0 1 13150.8 13150.8 13150.8 13150.8
-1 -1 1 -1 -1 1 0 0 0 0 0 -2.61473e-10 -0 0 0 -0 0 0 0 0 0 0 0 0 0 0 0 0 0 1 13150.8 13150.8 13150.8 13150.8
-1 -1 1 -1 -1 1 0 0 0 0 0 -2.43908e-09 -0 0 0 -0 0 0 0 0 0 0 0 0 0 0 0 0 0 1 13150.8 13150.8 13150.8 13150.8
-1 -1 1 -1 -1 1 0 0 0 0 0 2.67139e-09 -0 0 0 -0 0 0 0 0 0 0 0 0 0 0 0 0 0 1 13150.8 13150.8 13150.8 13150.8
-1 -1 1 -1 -1 1 0 0 0 0 0 4.79234e-10 -0 0 0 -0 0 0 0 0 0 0 0 0 0 0 0 0 0 1 13150.8 13150.8 13150.8 13150.8
-1 -1 1 -1 -1 1 0 0 0 0 0 -1.71121e-09 -0 0 0 -0 0 0 0 0 0 0 0 0 0 0 0 0 0 1 13150.8 13150.8 13150.8 13150.8
-1 -1 1 -1 -1 1 0 0 0 0 0 3.38813e-09 -0 0 0 -0 0 0 0 0 0 0 0 0 0 0 0 0 0 1 13150.8 13150.8 13150.8 13150.8
-1 -1 1 -1 -1 1 0 0 0 0 0 1.1959e-09 -0 0 0 -0 0 0 0 0 0 0 0 0 0 0 0 0 0 1 13150.8 13150.8 13150.8 13150.8
-1 -1 1 -1 -1 1 0 0 0 0 0 -9.86099e-10 -0 0 0 -0 0 0 0 0 0 0 0 0 0 0 0 0 0 1 13150.8 13150.8 13150.8 13150.8
-1 -1 1 -1 -1 1 0 0 0 0 0 -3.18311e-09 -0 0 0 -0 0 0 0 0 0 0 0 0 0 0 0 0 0 1 13150.8 13150.8 13150.8 13150.8
-1 -1 1 -1 -1 1 0 0 0 0 0 1.8959e-09 -0 0 0 -0 0 0 0 0 0 0 0 0 0 0 0 0 0 1 13150.8 13150.8 13150.8 13150.8
-1 -1 1 -1 -1 1 0 0 0 0 0 -2.96996e-10 -0 0 0 -0 0 0 0 0 0 0 0 0 0 0 0 0 0 1 13150.8 13150.8 13150.8 13150.8
-1 -1 1 -1 -1 1 0 0 0 0 0 -2.48405e-09 -0 0 0 -0 0 0 0 0 0 0 0 0 0 0 0 0 0 1 13150.8 13150.8 13150.8 13150.8
-1 -1 1 -1 -1 1 0 0 0 0 0 2.60654e-09 -0 0 0 -0 0 0 0 0 0 0 0 0 0 0 0 0 0 1 13150.8 13150.8 13150.8 13150.8
-1 -1 1 -1 -1 1 0 0 0 0 0 4.06589e-10 -0 0 0 -0 0 0 0 0 0 0 0 0 0 0 0 0 0 1 13150.8 13150.8 13150.8 13150.8
-1 -1 1 -1 -1 1 0 0 0 0 0 -1.78241e-09 -0 0 0 -0 0 0 0 0 0 0 0 0 0 0 0 0 0 1 13150.8 13150.8 13150.8 13150.8
-1 -1 1 -1 -1 1 0 0 0 0 0 3.29184e-09 -0 0 0 -0 0 0 0 0 0 0 0 0 0 0 0 0 0 1 13150.8 13150.8 13150.8 13150.8
-1 -1 1 -1 -1 1 0 0 0 0 0 1.10414e-09 -0 0 0 -0 0 0 0 0 0 0 0 0 0 0 0 0 0 1 13150.8 13150.8 13150.8 13150.8
-1 -1 1 -1 -1 1 0 0 0 0 0 -1.08971e-09 -0 0 0 -0 0 0 0 0 0 0 0 0 0 0 0 0 0 1 13150.8 13150.8 13150.8 13150.8
-1 -1 1 -1 -1 1 0 0 0 0 0 3.99914e-09 -0 0 0 -0 0 0 0 0 0 0 0 0 0 0 0 0 0 1 13150.8 13150.8 13150.8 13150.8
-1 -1 1 -1 -1 1 0 0 0 0 0 1.8092e-09 -0 0 0 -0 0 0 0 0 0 0 0 0 0 0 0 0 0 1 13150.8 13150.8 13150.8 13150.8
-1 -1 1 -1 -1 1 0 0 0 0 0 -3.81225e-10 -0 0 0 -0 0 0 0 0 0 0 0 0 0 0 0 0 0 1 13150.8 13150.8 13150.8 13150.8
-1 -1 1 -1 -1 1 0 0 0 0 0 -2.56691e-09 -0 0 0 -0 0 0 0 0 0 0 0 0 0 0 0 0 0 1 13150.8 13150.8 13150.8 13150.8
-1 -1 1 -1 -1 1 0 0 0 0 0 2.53276e-09 -0 0 0 -0 0 0 0 0 0 0 0 0 0 0 0 0 0 1 13150.8 13150.8 13150.8 13150.8
-1 -1 1 -1 -1 1 0 0 0 0 0 3.45413e-10 -0 0 0 -0 0 0 0 0 0 0 0 0 0 0 0 0 0 1 13150.8 13150.8 13150.8 13150.8
-1 -1 1 -1 -1 1 0 0 0 0 0 -1.84519e-09 -0 0 0 -0 0 0 0 0 0 0 0 0 0 0 0 0 0 1 13150.8 13150.8 13150.8 13150.8
-1 -1 1 -1 -1 1 0 0 0 0 0 3.25714e-09 -0 0 0 -0 0 0 0 0 0 0 0 0 0 0 0 0 0 1 13150.8 13150.8 13150.8 13150.8
-1 -1 1 -1 -1 1 0 0 0 0 0 1.06895e-09 -0 0 0 -0 0 0 0 0 0 0 0 0 0 0 0 0 0 1 13150.8 13150.8 13150.8 13150.8
-1 -1 1 -1 -1 1 0 0 0 0 0 -1.11893e-09 -0 0 0 -0 0 0 0 0 0 0 0 0 0 0 0 0 0 1 13150.8 13150.8 13150.8 13150.8
-1 -1 1 -1 -1 1 0 0 0 0 0 3.97587e-09 -0 0 0 -0 0 0 0 0 0 0 0 0 0 0 0 0 0 1 13150.8 13150.8 13150.8 13150.8
-1 -1 1 -1 -1 1 0 0 0 0 0 1.78253e-09 -0 0 0 -0 0 0 0 0 0 0 0 0 0 0 0 0 0 1 13150.8 13150.8 13150.8 13150.8
-1 -1 1 -1 -1 1 0 0 0 0 0 -4.0944e-10 -0 0 0 -0 0 0 0 0 0 0 0 0 0 0 0 0 0 1 13150.8 13150.8 13150.8 13150.8
-1 -1 1 -1 -1 1 0 0 0 0 0 -2.60337e-09 -0 0 0 -0 0 0 0 0 0 0 0 0 0 0 0 0 0 1 13150.8 13150.8 13150.8 13150.8
-1 -1 1 -1 -1 1 0 0 0 0 0 2.47982e-09 -0 0 0 -0 0 0 0 0 0 0 0 0 0 0 0 0 0 1 13150.8 13150.8 13150.8 13150.8
-1 -1 1 -1 -1 1 0 0 0 0 0 2.87235e-10 -0 0 0 -0 0 0 0 0 0 0 0 0 0 0 0 0 0 1 13150.8 13150.8 13150.8 13150.8
-1 -1 1 -1 -1 1 0 0 0 0 0 -1.89796e-09 -0 0 0 -0 0 0 0 0 0 0 0 0 0 0 0 0 0 1 13150.8 13150.8 13150.8 13150.8
-1 -1 1 -1 -1 1 0 0 0 0 0 3.20419e-09 -0 0 0 -0 0 0 0 0 0 0 0 0 0 0 0 0 0 1 13150.8 13150.8 13150.8 13150.8
-1 -1 1 -1 -1 1 0 0 0 0 0 1.01444e-09 -0 0 0 -0 0 0 0 0 0 0 0 0 0 0 0 0 0 1 13150.8 13150.8 13150.8 13150.8
-1 -1 1 -1 -1 1 0 0 0 0 0 -1.18098e-09 -0 0 0 -0 0 0 0 0 0 0 0 0 0 0 0 0 0 1 13150.8 13150.8 13150.8 13150.8
-1 -1 1 -1 -1 1 0 0 0 0 0 3.89853e-09 -0 0 0 -0 0 0 0 0 0 0 0 0 0 0 0 0 0 1 13150.8 13150.8 13150.8 13150.8
-1 -1 1 -1 -1 1 0 0 0 0 0 1.70121e-09 -0 0 0 -0 0 0 0 0 0 0 0 0 0 0 0 0 0 1 13150.8 13150.8 13150.8 13150.8
-1 -1 1 -1 -1 1 0 0 0 0 0 -4.77179e-10 -0 0 0 -0 0 0 0 0 0 0 0 0 0 0 0 0 0 1 13150.8 13150.8 13150.8 13150.8
-1 -1 1 -1 -1 1 0 0 0 0 0 -2.66258e-09 -0 0 0 -0 0 0 0 0 0 0 0 0 0 0 0 0 0 1 13150.8 13150.8 13150.8 13150.8
-1 -1 1 -1 -1 1 0 0 0 0 0 2.43953e-09 -0 0 0 -0 0 0 0 0 0 0 0 0 0 0 0 0 0 1 13150.8 13150.8 13150.8 13150.8
-1 -1 1 -1 -1 1 0 0 0 0 0 2.50866e-10 -0 0 0 -0 0 0 0 0 0 0 0 0 0 0 0 0 0 1 13150.8 13150.8 13150.8 13150.8
-1 -1 1 -1 -1 1 0 0 0 0 0 -1.93947e-09 -0 0 0 -0 0 0 0 0 0 0 0 0 0 0 0 0 0 1 13150.8 13150.8 13150.8 13150.8
-1 -1 1 -1 -1 1 0 0 0 0 0 3.15192e-09 -0 0 0 -0 0 0 0 0 0 0 0 0 0 0 0 0 0 1 13150.8 13150.8 13150.8 13150.8
-1 -1 1 -1 -1 1 0 0 0 0 0 9.6007e-10 -0 0 0 -0 0 0 0 0 0 0 0 0 0 0 0 0 0 1 13150.8 13150.8 13150.8 13150.8
-1 -1 1 -1 -1 1 0 0 0 0 0 -1.22682e-09 -0 0 0 -0 0 0 0 0 0 0 0 0 0 0 0 0 0 1 13150.8 13150.8 13150.8 13150.8
-1 -1 1 -1 -1 1 0 0 0 0 0 3.87635e-09 -0 0 0 -0 0 0 0 0 0 0 0 0 0 0 0 0 0 1 13150.8 13150.8 13150.8 13150.8
-1 -1 1 -1 -1 1 0 0 0 0 0 1.69005e-09 -0 0 0 -0 0 0 0 0 0 0 0 0 0 0 0 0 0 1 13150.8 13150.8 13150.8 13150.8
-1 -1 1 -1 -1 1 0 0 0 0 0 -5.09869e-10 -0 0 0 -0 0 0 0 0 0 0 0 0 0 0 0 0 0 1 13150.8 13150.8 13150.8 13150.8
-1 -1 1 -1 -1 1 0 0 0 0 0 -2.69463e-09 -0 0 0 -0 0 0 0 0 0 0 0 0 0 0 0 0 0 1 13150.8 13150.8 13150.8 13150.8
-1 -1 1 -1 -1 1 0 0 0 0 0 2.40333e-09 -0 0 0 -0 0 0 0 0 0 0 0 0 0 0 0 0 0 1 13150.8 13150.8 13150.8 13150.8
-1 -1 1 -1 -1 1 0 0 0 0 0 2.17463e-10 -0 0 0 -0 0 0 0 0 0 0 0 0 0 0 0 0 0 1 13150.8 13150.8 13150.8 13150.8
-1 -1 1 -1 -1 1 0 0 0 0 0 -1.97305e-09 -0 0 0 -0 0 0 0 0 0 0 0 0 0 0 0 0 0 1 13150.8 13150.8 13150.8 13150.8
-1 -1 1 -1 -1 1 0 0 0 0 0 3.12214e-09 -0 0 0 -0 0 0 0 0 0 0 0 0 0 0 0 0 0 1 13150.8 13150.8 13150.8 13150.8
-1 -1 1 -1 -1 1 0 0 0 0 0 9.25811e-10 -0 0 0 -0 0 0 0 0 0 0 0 0 0 0 0 0 0 1 13150.8 13150.8 13150.8 13150.8
-1 -1 1 -1 -1 1 0 0 0 0 0 -1.26736e-09 -0 0 0 -0 0 0 0 0 0 0 0 0 0 0 0 0 0 1 13150.8 13150.8 13150.8 13150.8
-1 -1 1 -1 -1 1 0 0 0 0 0 3.82339e-09 -0 0 0 -0 0 0 0 0 0 0 0 0 0 0 0 0 0 1 13150.8 13150.8 13150.8 13150.8
-1 -1 1 -1 -1 1 0 0 0 0 0 1.63828e-09 -0 0 0 -0 0 0 0 0 0 0 0 0 0 0 0 0 0 1 13150.8 13150.8 13150.8 13150.8
-1 -1 1 -1 -1 1 0 0 0 0 0 -5.52409e-10 -0 0 0 -0 0 0 0 0 0 0 0 0 0 0 0 0 0 1 13150.8 13150.8 13150.8 13150.8
-1 -1 1 -1 -1 1 0 0 0 0 0 -2.73281e-09 -0 0 0 -0 0 0 0 0 0 0 0 0 0 0 0 0 0 1 13150.8 13150.8 13150.8 13150.8
-1 -1 1 -1 -1 1 0 0 0 0 0 2.37164e-09 -0 0 0 -0 0 0 0 0 0 0 0 0 0 0 0 0 0 1 13150.8 13150.8 13150.8 13150.8
-1 -1 1 -1 -1 1 0 0 0 0 0 1.75243e-10 -0 0 0 -0 0 0 0 0 0 0 0 0 0 0 0 0 0 1 13150.8 13150.8 13150.8 13150.8
-1 -1 1 -1 -1 1 0 0 0 0 0 -2.01814e-09 -0 0 0 -0 0 0 0 0 0 0 0 0 0 0 0 0 0 1 13150.8 13150.8 13150.8 13150.8
-1 -1 1 -1 -1 1 0 0 0 0 0 3.05523e-09 -0 0 0 -0 0 0 0 0 0 0 0 0 0 0 0 0 0 1 13150.8 13150.8 13150.8 13150.8
-1 -1 1 -1 -1 1 0 0 0 0 0 8.54918e-10 -0 0 0 -0 0 0 0 0 0 0 0 0 0 0 0 0 0 1 13150.8 13150.8 13150.8 13150.8
-1 -1 1 -1 -1 1 0 0 0 0 0 -1.32658e-09 -0 0 0 -0 0 0 0 0 0 0 0 0 0 0 0 0 0 1 13150.8 13150.8 13150.8 13150.8
-1 -1 1 -1 -1 1 0 0 0 0 0 3.75642e-09 -0 0 0 -0 0 0 0 0 0 0 0 0 0 0 0 0 0 1 13150.8 13150.8 13150.8 13150.8
-1 -1 1 -1 -1 1 0 0 0 0 0 1.5592e-09 -0 0 0 -0 0 0 0 0 0 0 0 0 0 0 0 0 0 1 13150.8 13150.8 13150.8 13150.8
-1 -1 1 -1 -1 1 0 0 0 0 0 -6.33201e-10 -0 0 0 -0 0 0 0 0 0 0 0 0 0 0 0 0 0 1 13150.8 13150.8 13150.8 13150.8
-1 -1 1 -1 -1 1 0 0 0 0 0 -2.82816e-09 -0 0 0 -0 0 0 0 0 0 0 0 0 0 0 0 0 0 1 13150.8 13150.8 13150.8 13150.8
-1 -1 1 -1 -1 1 0 0 0 0 0 2.24268e-09 -0 0 0 -0 0 0 0 0 0 0 0 0 0 0 0 0 0 1 13150.8 13150.8 13150.8 13150.8
-1 -1 1 -1 -1 1 0 0 0 0 0 5.33896e-11 -0 0 0 -0 0 0 0 0 0 0 0 0 0 0 0 0 0 1 13150.8 13150.8 13150.8 13150.8
-1 -1 1 -1 -1 1 0 0 0 0 0 -2.13345e-09 -0 0 0 -0 0 0 0 0 0 0 0 0 0 0 0 0 0 1 13150.8 13150.8 13150.8 13150.8
-1 -1 1 -1 -1 1 0 0 0 0 0 2.963e-09 -0 0 0 -0 0 0 0 0 0 0 0 0 0 0 0 0 0 1 13150.8 13150.8 13150.8 13150.8
-1 -1 1 -1 -1 1 0 0 0 0 0 7.72683e-10 -0 0 0 -0 0 0 0 0 0 0 0 0 0 0 0 0 0 1 13150.8 13150.8 13150.8 13150.8
-1 -1 1 -1 -1 1 0 0 0 0 0 -1.40557e-09 -0 0 0 -0 0 0 0 0 0 0 0 0 0 0 0 0 0 1 13150.8 13150.8 13150.8 13150.8
-1 -1 1 -1 -1 1 0 0 0 0 0 3.7159e-09 -0 0 0 -0 0 0 0 0 0 0 0 0 0 0 0 0 0 1 13150.8 13150.8 13150.8 13150.8
-1 -1 1 -1 -1 1 0 0 0 0 0 1.53104e-09 -0 0 0 -0 0 0 0 0 0 0 0 0 0 0 0 0 0 1 13150.8 13150.8 13150.8 13150.8
-1 -1 1 -1 -1 1 0 0 0 0 0 -6.65686e-10 -0 0 0 -0 0 0 0 0 0 0 0 0 0 0 0 0 0 1 13150.8 13150.8 13150.8 13150.8
-1 -1 1 -1 -1 1 0 0 0 0 0 -2.84761e-09 -0 0 0 -0 0 0 0 0 0 0 0 0 0 0 0 0 0 1 13150.8 13150.8 13150.8 13150.8
-1 -1 1 -1 -1 1 0 0 0 0 0 2.2541e-09 -0 0 0 -0 0 0 0 0 0 0 0 0 0 0 0 0 0 1 13150.8 13150.8 13150.8 13150.8
-1 -1 1 -1 -1 1 0 0 0 0 0 6.08122e-11 -0 0 0 -0 0 0 0 0 0 0 0 0 0 0 0 0 0 1 13150.8 13150.8 13150.8 13150.8
-1 -1 1 -1 -1 1 0 0 0 0 0 -2.12823e-09 -0 0 0 -0 0 0 0 0 0 0 0 0 0 0 0 0 0 1 13150.8 13150.8 13150.8 13150.8
-1 -1 1 -1 -1 1 0 0 0 0 0 2.96377e-09 -0 0 0 -0 0 0 0 0 0 0 0 0 0 0 0 0 0 1 13150.8 13150.8 13150.8 13150.8
-1 -1 1 -1 -1 1 0 0 0 0 0 7.75241e-10 -0 0 0 -0 0 0 0 0 0 0 0 0 0 0 0 0 0 1 13150.8 13150.8 13150.8 13150.8
-1 -1 1 -1 -1 1 0 0 0 0 0 -1.41131e-09 -0 0 0 -0 0 0 0 0 0 0 0 0 0 0 0 0 0 1 13150.8 13150.8 13150.8 13150.8
-1 -1 1 -1 -1 1 0 0 0 0 0 3.69365e-09 -0 0 0 -0 0 0 0 0 0 0 0 0 0 0 0 0 0 1 13150.8 13150.8 13150.8 13150.8
-1 -1 1 -1 -1 1 0 0 0 0 0 1.50761e-09 -0 0 0 -0 0 0 0 0 0 0 0 0 0 0 0 0 0 1 13150.8 13150.8 13150.8 13150.8
-1 -1 1 -1 -1 1 0 0 0 0 0 -6.95175e-10 -0 0 0 -0 0 0 0 0 0 0 0 0 0 0 0 0 0 1 13150.8 13150.8 13150.8 13150.8
-1 -1 1 -1 -1 1 0 0 0 0 0 -2.87855e-09 -0 0 0 -0 0 0 0 0 0 0 0 0 0 0 0 0 0 1 13150.8 13150.8 13150.8 13150.8
-1 -1 1 -1 -1 1 0 0 0 0 0 2.21436e-09 -0 0 0 -0 0 0 0 0 0 0 0 0 0 0 0 0 0 1 13150.8 13150.8 13150.8 13150.8
-1 -1 1 -1 -1 1 0 0 0 0 0 2.68001e-11 -0 0 0 -0 0 0 0 0 0 0 0 0 0 0 0 0 0 1 13150.8 13150.8 13150.8 13150.8
-1 -1 1 -1 -1 1 0 0 0 0 0 -2.16336e-09 -0 0 0 -0 0 0 0 0 0 0 0 0 0 0 0 0 0 1 13150.8 13150.8 13150.8 13150.8
-1 -1 1 -1 -1 1 0 0 0 0 0 2.95691e-09 -0 0 0 -0 0 0 0 0 0 0 0 0 0 0 0 0 0 1 13150.8 13150.8 13150.8 13150.8
-1 -1 1 -1 -1 1 0 0 0 0 0 7.76047e-10 -0 0 0 -0 0 0 0 0 0 0 0 0 0 0 0 0 0 1 13150.8 13150.8 13150.8 13150.8
-1 -1 1 -1 -1 1 0 0 0 0 0 -1.41568e-09 -0 0 0 -0 0 0 0 0 0 0 0 0 0 0 0 0 0 1 13150.8 13150.8 13150.8 13150.8
-1 -1 1 -1 -1 1 0 0 0 0 0 -3.60135e-09 -0 0 0 -0 0 0 0 0 0 0 0 0 0 0 0 0 0 1 13150.8 13150.8 13150.8 13150.8
-1 -1 1 -1 -1 1 0 0 0 0 0 1.48687e-09 -0 0 0 -0 0 0 0 0 0 0 0 0 0 0 0 0 0 1 13150.8 13150.8 13150.8 13150.8
-1 -1 1 -1 -1 1 0 0 0 0 0 -7.01239e-10 -0 0 0 -0 0 0 0 0 0 0 0 0 0 0 0 0 0 1 13150.8 13150.8 13150.8 13150.8
-1 -1 1 -1 -1 1 0 0 0 0 0 -2.89022e-09 -0 0 0 -0 0 0 0 0 0 0 0 0 0 0 0 0 0 1 13150.8 13150.8 13150.8 13150.8
-1 -1 1 -1 -1 1 0 0 0 0 0 2.21444e-09 -0 0 0 -0 0 0 0 0 0 0 0 0 0 0 0 0 0 1 13150.8 13150.8 13150.8 13150.8
-1 -1 1 -1 -1 1 0 0 0 0 0 2.68278e-11 -0 0 0 -0 0 0 0 0 0 0 0 0 0 0 0 0 0 1 13150.8 13150.8 13150.8 13150.8
-1 -1 1 -1 -1 1 0 0 0 0 0 -2.16596e-09 -0 0 0 -0 0 0 0 0 0 0 0 0 0 0 0 0 0 1 13150.8 13150.8 13150.8 13150.8
-1 -1 1 -1 -1 1 0 0 0 0 0 2.92709e-09 -0 0 0 -0 0 0 0 0 0 0 0 0 0 0 0 0 0 1 13150.8 13150.8 13150.8 13150.8
-1 -1 1 -1 -1 1 0 0 0 0 0 7.39178e-10 -0 0 0 -0 0 0 0 0 0 0 0 0 0 0 0 0 0 1 13150.8 13150.8 13150.8 13150.8
-1 -1 1 -1 -1 1 0 0 0 0 0 -1.4543e-09 -0 0 0 -0 0 0 0 0 0 0 0 0 0 0 0 0 0 1 13150.8 13150.8 13150.8 13150.8
-1 -1 1 -1 -1 1 0 0 0 0 0 3.63511e-09 -0 0 0 -0 0 0 0 0 0 0 0 0 0 0 0 0 0 1 13150.8 13150.8 13150.8 13150.8
-1 -1 1 -1 -1 1 0 0 0 0 0 1.44715e-09 -0 0 0 -0 0 0 0 0 0 0 0 0 0 0 0 0 0 1 13150.8 13150.8 13150.8 13150.8
-1 -1 1 -1 -1 1 0 0 0 0 0 -7.43938e-10 -0 0 0 -0 0 0 0 0 0 0 0 0 0 0 0 0 0 1 13150.8 13150.8 13150.8 13150.8
-1 -1 1 -1 -1 1 0 0 0 0 0 -2.93866e-09 -0 0 0 -0 0 0 0 0 0 0 0 0 0 0 0 0 0 1 13150.8 13150.8 13150.8 13150.8
-1 -1 1 -1 -1 1 0 0 0 0 0 2.15642e-09 -0 0 0 -0 0 0 0 0 0 0 0 0 0 0 0 0 0 1 13150.8 13150.8 13150.8 13150.8
-1 -1 1 -1 -1 1 0 0 0 0 0 -3.79121e-11 -0 0 0 -0 0 0 0 0 0 0 0 0 0 0 0 0 0 1 13150.8 13150.8 13150.8 13150.8
-1 -1 1 -1 -1 1 0 0 0 0 0 -2.23029e-09 -0 0 0 -0 0 0 0 0 0 0 0 0 0 0 0 0 0 1 13150.8 13150.8 13150.8 13150.8
-1 -1 1 -1 -1 1 0 0 0 0 0 2.85931e-09 -0 0 0 -0 0 0 0 0 0 0 0 0 0 0 0 0 0 1 13150.8 13150.8 13150.8 13150.8
-1 -1 1 -1 -1 1 0 0 0 0 0 6.72822e-10 -0 0 0 -0 0 0 0 0 0 0 0 0 0 0 0 0 0 1 13150.8 13150.8 13150.8 13150.8
-1 -1 1 -1 -1 1 0 0 0 0 0 -1.51194e-09 -0 0 0 -0 0 0 0 0 0 0 0 0 0 0 0 0 0 1 13150.8 13150.8 13150.8 13150.8
-1 -1 1 -1 -1 1 0 0 0 0 0 3.58807e-09 -0 0 0 -0 0 0 0 0 0 0 0 0 0 0 0 0 0 1 13150.8 13150.8 13150.8 13150.8
-1 -1 1 -1 -1 1 0 0 0 0 0 1.40004e-09 -0 0 0 -0 0 0 0 0 0 0 0 0 0 0 0 0 0 1 13150.8 13150.8 13150.8 13150.8
-1 -1 1 -1 -1 1 0 0 0 0 0 -7.91755e-10 -0 0 0 -0 0 0 0 0 0 0 0 0 0 0 0 0 0 1 13150.8 13150.8 13150.8 13150.8
-1 -1 1 -1 -1 1 0 0 0 0 0 -2.98193e-09 -0 0 0 -0 0 0 0 0 0 0 0 0 0 0 0 0 0 1 13150.8 13150.8 13150.8 13150.8
-1 -1 1 -1 -1 1 0 0 0 0 0 2.11199e-09 -0 0 0 -0 0 0 0 0 0 0 0 0 0 0 0 0 0 1 13150.8 13150.8 13150.8 13150.8
-1 -1 1 -1 -1 1 0 0 0 0 0 -7.42934e-11 -0 0 0 -0 0 0 0 0 0 0 0 0 0 0 0 0 0 1 13150.8 13150.8 13150.8 13150.8
-1 -1 1 -1 -1 1 0 0 0 0 0 -2.26402e-09 -0 0 0 -0 0 0 0 0 0 0 0 0 0 0 0 0 0 1 13150.8 13150.8 13150.8 13150.8
-1 -1 1 -1 -1 1 0 0 0 0 0 2.85417e-09 -0 0 0 -0 0 0 0 0 0 0 0 0 0 0 0 0 0 1 13150.8 13150.8 13150.8 13150.8
-1 -1 1 -1 -1 1 0 0 0 0 0 6.66287e-10 -0 0 0 -0 0 0 0 0 0 0 0 0 0 0 0 0 0 1 13150.8 13150.8 13150.8 13150.8
-1 -1 1 -1 -1 1 0 0 0 0 0 -1.52745e-09 -0 0 0 -0 0 0 0 0 0 0 0 0 0 0 0 0 0 1 13150.8 13150.8 13150.8 13150.8
-1 -1 1 -1 -1 1 0 0 0 0 0 3.54364e-09 -0 0 0 -0 0 0 0 0 0 0 0 0 0 0 0 0 0 1 13150.8 13150.8 13150.8 13150.8
-1 -1 1 -1 -1 1 0 0 0 0 0 1.34985e-09 -0 0 0 -0 0 0 0 0 0 0 0 0 0 0 0 0 0 1 13150.8 13150.8 13150.8 13150.8
-1 -1 1 -1 -1 1 0 0 0 0 0 -8.42229e-10 -0 0 0 -0 0 0 0 0 0 0 0 0 0 0 0 0 0 1 13150.8 13150.8 13150.8 13150.8
-1 -1 1 -1 -1 1 0 0 0 0 0 -3.03293e-09 -0 0 0 -0 0 0 0 0 0 0 0 0 0 0 0 0 0 1 13150.8 13150.8 13150.8 13150.8
-1 -1 1 -1 -1 1 0 0 0 0 0 2.05143e-09 -0 0 0 -0 0 0 0 0 0 0 0 0 0 0 0 0 0 1 13150.8 13150.8 13150.8 13150.8
-1 -1 1 -1 -1 1 0 0 0 0 0 -1.34863e-10 -0 0 0 -0 0 0 0 0 0 0 0 0 0 0 0 0 0 1 13150.8 13150.8 13150.8 13150.8
-1 -1 1 -1 -1 1 0 0 0 0 0 -2.32649e-09 -0 0 0 -0 0 0 0 0 0 0 0 0 0 0 0 0 0 1 13150.8 13150.8 13150.8 13150.8
-1 -1 1 -1 -1 1 0 0 0 0 0 2.77017e-09 -0 0 0 -0 0 0 0 0 0 0 0 0 0 0 0 0 0 1 13150.8 13150.8 13150.8 13150.8
-1 -1 1 -1 -1 1 0 0 0 0 0 5.7939e-10 -0 0 0 -0 0 0 0 0 0 0 0 0 0 0 0 0 0 1 13150.8 13150.8 13150.8 13150.8
-1 -1 1 -1 -1 1 0 0 0 0 0 -1.60966e-09 -0 0 0 -0 0 0 0 0 0 0 0 0 0 0 0 0 0 1 13150.8 13150.8 13150.8 13150.8
-1 -1 1 -1 -1 1 0 0 0 0 0 3.48005e-09 -0 0 0 -0 0 0 0 0 0 0 0 0 0 0 0 0 0 1 13150.8 13150.8 13150.8 13150.8
-1 -1 1 -1 -1 1 0 0 0 0 0 1.28692e-09 -0 0 0 -0 0 0 0 0 0 0 0 0 0 0 0 0 0 1 13150.8 13150.8 13150.8 13150.8
-1 -1 1 -1 -1 1 0 0 0 0 0 -8.93816e-10 -0 0 0 -0 0 0 0 0 0 0 0 0 0 0 0 0 0 1 13150.8 13150.8 13150.8 13150.8
-1 -1 1 -1 -1 1 0 0 0 0 0 -3.09177e-09 -0 0 0 -0 0 0 0 0 0 0 0 0 0 0 0 0 0 1 13150.8 13150.8 13150.8 13150.8
-1 -1 1 -1 -1 1 0 0 0 0 0 2.01009e-09 -0 0 0 -0 0 0 0 0 0 0 0 0 0 0 0 0 0 1 13150.8 13150.8 13150.8 13150.8
-1 -1 1 -1 -1 1 0 0 0 0 0 -1.71453e-10 -0 0 0 -0 0 0 0 0 0 0 0 0 0 0 0 0 0 1 13150.8 13150.8 13150.8 13150.8
-1 -1 1 -1 -1 1 0 0 0 0 0 -2.37316e-09 -0 0 0 -0 0 0 0 0 0 0 0 0 0 0 0 0 0 1 13150.8 13150.8 13150.8 13150.8
-1 -1 1 -1 -1 1 0 0 0 0 0 2.69992e-09 -0 0 0 -0 0 0 0 0 0 0 0 0 0 0 0 0 0 1 13150.8 13150.8 13150.8 13150.8
-1 -1 1 -1 -1 1 0 0 0 0 0 5.05778e-10 -0 0 0 -0 0 0 0 0 0 0 0 0 0 0 0 0 0 1 13150.8 13150.8 13150.8 13150.8
-1 -1 1 -1 -1 1 0 0 0 0 0 -1.67561e-09 -0 0 0 -0 0 0 0 0 0 0 0 0 0 0 0 0 0 1 13150.8 13150.8 13150.8 13150.8
-1 -1 1 -1 -1 1 0 0 0 0 0 3.42108e-09 -0 0 0 -0 0 0 0 0 0 0 0 0 0 0 0 0 0 1 13150.8 13150.8 13150.8 13150.8
-1 -1 1 -1 -1 1 0 0 0 0 0 1.23357e-09 -0 0 0 -0 0 0 0 0 0 0 0 0 0 0 0 0 0 1 13150.8 13150.8 13150.8 13150.8
-1 -1 1 -1 -1 1 0 0 0 0 0 -9.68049e-10 -0 0 0 -0 0 0 0 0 0 0 0 0 0 0 0 0 0 1 13150.8 13150.8 13150.8 13150.8
-1 -1 1 -1 -1 1 0 0 0 0 0 -3.15688e-09 -0 0 0 -0 0 0 0 0 0 0 0 0 0 0 0 0 0 1 13150.8 13150.8 13150.8 13150.8
-1 -1 1 -1 -1 1 0 0 0 0 0 1.94303e-09 -0 0 0 -0 0 0 0 0 0 0 0 0 0 0 0 0 0 1 13150.8 13150.8 13150.8 13150.8
-1 -1 1 -1 -1 1 0 0 0 0 0 -2.37975e-10 -0 0 0 -0 0 0 0 0 0 0 0 0 0 0 0 0 0 1 13150.8 13150.8 13150.8 13150.8
-1 -1 1 -1 -1 1 0 0 0 0 0 -2.43288e-09 -0 0 0 -0 0 0 0 0 0 0 0 0 0 0 0 0 0 1 13150.8 13150.8 13150.8 13150.8
-1 -1 1 -1 -1 1 0 0 0 0 0 2.64945e-09 -0 0 0 -0 0 0 0 0 0 0 0 0 0 0 0 0 0 1 13150.8 13150.8 13150.8 13150.8
-1 -1 1 -1 -1 1 0 0 0 0 0 4.58948e-10 -0 0 0 -0 0 0 0 0 0 0 0 0 0 0 0 0 0 1 13150.8 13150.8 13150.8 13150.8
-1 -1 1 -1 -1 1 0 0 0 0 0 -1.73401e-09 -0 0 0 -0 0 0 0 0 0 0 0 0 0 0 0 0 0 1 13150.8 13150.8 13150.8 13150.8
-1 -1 1 -1 -1 1 0 0 0 0 0 3.35367e-09 -0 0 0 -0 0 0 0 0 0 0 0 0 0 0 0 0 0 1 13150.8 13150.8 13150.8 13150.8
-1 -1 1 -1 -1 1 0 0 0 0 0 1.15378e-09 -0 0 0 -0 0 0 0 0 0 0 0 0 0 0 0 0 0 1 13150.8 13150.8 13150.8 13150.8
-1 -1 1 -1 -1 1 0 0 0 0 0 -1.02066e-09 -0 0 0 -0 0 0 0 0 0 0 0 0 0 0 0 0 0 1 13150.8 13150.8 13150.8 13150.8
-1 -1 1 -1 -1 1 0 0 0 0 0 -3.2091e-09 -0 0 0 -0 0 0 0 0 0 0 0 0 0 0 0 0 0 1 13150.8 13150.8 13150.8 13150.8
-1 -1 1 -1 -1 1 0 0 0 0 0 1.9072e-09 -0 0 0 -0 0 0 0 0 0 0 0 0 0 0 0 0 0 1 13150.8 13150.8 13150.8 13150.8
-1 -1 1 -1 -1 1 0 0 0 0 0 -2.91076e-10 -0 0 0 -0 0 0 0 0 0 0 0 0 0 0 0 0 0 1 13150.8 13150.8 13150.8 13150.8
-1 -1 1 -1 -1 1 0 0 0 0 0 -2.46822e-09 -0 0 0 -0 0 0 0 0 0 0 0 0 0 0 0 0 0 1 13150.8 13150.8 13150.8 13150.8
-1 -1 1 -1 -1 1 0 0 0 0 0 2.62334e-09 -0 0 0 -0 0 0 0 0 0 0 0 0 0 0 0 0 0 1 13150.8 13150.8 13150.8 13150.8
-1 -1 1 -1 -1 1 0 0 0 0 0 4.3259e-10 -0 0 0 -0 0 0 0 0 0 0 0 0 0 0 0 0 0 1 13150.8 13150.8 13150.8 13150.8
-1 -1 1 -1 -1 1 0 0 0 0 0 -1.75423e-09 -0 0 0 -0 0 0 0 0 0 0 0 0 0 0 0 0 0 1 13150.8 13150.8 13150.8 13150.8
-1 -1 1 -1 -1 1 0 0 0 0 0 3.33898e-09 -0 0 0 -0 0 0 0 0 0 0 0 0 0 0 0 0 0 1 13150.8 13150.8 13150.8 13150.8
-1 -1 1 -1 -1 1 0 0 0 0 0 1.14961e-09 -0 0 0 -0 0 0 0 0 0 0 0 0 0 0 0 0 0 1 13150.8 13150.8 13150.8 13150.8
-1 -1 1 -1 -1 1 0 0 0 0 0 -1.04847e-09 -0 0 0 -0 0 0 0 0 0 0 0 0 0 0 0 0 0 1 13150.8 13150.8 13150.8 13150.8
-1 -1 1 -1 -1 1 0 0 0 0 0 -3.24191e-09 -0 0 0 -0 0 0 0 0 0 0 0 0 0 0 0 0 0 1 13150.8 13150.8 13150.8 13150.8
-1 -1 1 -1 -1 1 0 0 0 0 0 1.85033e-09 -0 0 0 -0 0 0 0 0 0 0 0 0 0 0 0 0 0 1 13150.8 13150.8 13150.8 13150.8
-1 -1 1 -1 -1 1 0 0 0 0 0 -3.41618e-10 -0 0 0 -0 0 0 0 0 0 0 0 0 0 0 0 0 0 1 13150.8 13150.8 13150.8 13150.8
-1 -1 1 -1 -1 1 0 0 0 0 0 -2.52265e-09 -0 0 0 -0 0 0 0 0 0 0 0 0 0 0 0 0 0 1 13150.8 13150.8 13150.8 13150.8
-1 -1 1 -1 -1 1 0 0 0 0 0 2.57245e-09 -0 0 0 -0 0 0 0 0 0 0 0 0 0 0 0 0 0 1 13150.8 13150.8 13150.8 13150.8
-1 -1 1 -1 -1 1 0 0 0 0 0 3.82532e-10 -0 0 0 -0 0 0 0 0 0 0 0 0 0 0 0 0 0 1 13150.8 13150.8 13150.8 13150.8
-1 -1 1 -1 -1 1 0 0 0 0 0 -1.81444e-09 -0 0 0 -0 0 0 0 0 0 0 0 0 0 0 0 0 0 1 13150.8 13150.8 13150.8 13150.8
-1 -1 1 -1 -1 1 0 0 0 0 0 3.2683e-09 -0 0 0 -0 0 0 0 0 0 0 0 0 0 0 0 0 0 1 13150.8 13150.8 13150.8 13150.8
-1 -1 1 -1 -1 1 0 0 0 0 0 1.07609e-09 -0 0 0 -0 0 0 0 0 0 0 0 0 0 0 0 0 0 1 13150.8 13150.8 13150.8 13150.8
-1 -1 1 -1 -1 1 0 0 0 0 0 -1.11512e-09 -0 0 0 -0 0 0 0 0 0 0 0 0 0 0 0 0 0 1 13150.8 13150.8 13150.8 13150.8
-1 -1 1 -1 -1 1 0 0 0 0 0 -3.30548e-09 -0 0 0 -0 0 0 0 0 0 0 0 0 0 0 0 0 0 1 13150.8 13150.8 13150.8 13150.8
-1 -1 1 -1 -1 1 0 0 0 0 0 1.79345e-09 -0 0 0 -0 0 0 0 0 0 0 0 0 0 0 0 0 0 1 13150.8 13150.8 13150.8 13150.8
-1 -1 1 -1 -1 1 0 0 0 0 0 -3.84862e-10 -0 0 0 -0 0 0 0 0 0 0 0 0 0 0 0 0 0 1 13150.8 13150.8 13150.8 13150.8
-1 -1 1 -1 -1 1 0 0 0 0 0 -2.58256e-09 -0 0 0 -0 0 0 0 0 0 0 0 0 0 0 0 0 0 1 13150.8 13150.8 13150.8 13150.8
-1 -1 1 -1 -1 1 0 0 0 0 0 2.4965e-09 -0 0 0 -0 0 0 0 0 0 0 0 0 0 0 0 0 0 1 13150.8 13150.8 13150.8 13150.8
-1 -1 1 -1 -1 1 0 0 0 0 0 3.08584e-10 -0 0 0 -0 0 0 0 0 0 0 0 0 0 0 0 0 0 1 13150.8 13150.8 13150.8 13150.8
-1 -1 1 -1 -1 1 0 0 0 0 0 -1.88061e-09 -0 0 0 -0 0 0 0 0 0 0 0 0 0 0 0 0 0 1 13150.8 13150.8 13150.8 13150.8
-1 -1 1 -1 -1 1 0 0 0 0 0 3.21776e-09 -0 0 0 -0 0 0 0 0 0 0 0 0 0 0 0 0 0 1 13150.8 13150.8 13150.8 13150.8
-1 -1 1 -1 -1 1 0 0 0 0 0 1.02931e-09 -0 0 0 -0 0 0 0 0 0 0 0 0 0 0 0 0 0 1 13150.8 13150.8 13150.8 13150.8
-1 -1 1 -1 -1 1 0 0 0 0 0 -1.16698e-09 -0 0 0 -0 0 0 0 0 0 0 0 0 0 0 0 0 0 1 13150.8 13150.8 13150.8 13150.8
-1 -1 1 -1 -1 1 0 0 0 0 0 -3.36024e-09 -0 0 0 -0 0 0 0 0 0 0 0 0 0 0 0 0 0 1 13150.8 13150.8 13150.8 13150.8
-1 -1 1 -1 -1 1 0 0 0 0 0 1.7486e-09 -0 0 0 -0 0 0 0 0 0 0 0 0 0 0 0 0 0 1 13150.8 13150.8 13150.8 13150.8
-1 -1 1 -1 -1 1 0 0 0 0 0 -4.28369e-10 -0 0 0 -0 0 0 0 0 0 0 0 0 0 0 0 0 0 1 13150.8 13150.8 13150.8 13150.8
-1 -1 1 -1 -1 1 0 0 0 0 0 -2.62563e-09 -0 0 0 -0 0 0 0 0 0 0 0 0 0 0 0 0 0 1 13150.8 13150.8 13150.8 13150.8
-1 -1 1 -1 -1 1 0 0 0 0 0 2.45766e-09 -0 0 0 -0 0 0 0 0 0 0 0 0 0 0 0 0 0 1 13150.8 13150.8 13150.8 13150.8
-1 -1 1 -1 -1 1 0 0 0 0 0 2.58272e-10 -0 0 0 -0 0 0 0 0 0 0 0 0 0 0 0 0 0 1 13150.8 13150.8 13150.8 13150.8
-1 -1 1 -1 -1 1 0 0 0 0 0 -1.93057e-09 -0 0 0 -0 0 0 0 0 0 0 0 0 0 0 0 0 0 1 13150.8 13150.8 13150.8 13150.8
-1 -1 1 -1 -1 1 0 0 0 0 0 3.13813e-09 -0 0 0 -0 0 0 0 0 0 0 0 0 0 0 0 0 0 1 13150.8 13150.8 13150.8 13150.8
-1 -1 1 -1 -1 1 0 0 0 0 0 9.3878e-10 -0 0 0 -0 0 0 0 0 0 0 0 0 0 0 0 0 0 1 13150.8 13150.8 13150.8 13150.8
-1 -1 1 -1 -1 1 0 0 0 0 0 -1.23789e-09 -0 0 0 -0 0 0 0 0 0 0 0 0 0 0 0 0 0 1 13150.8 13150.8 13150.8 13150.8
-1 -1 1 -1 -1 1 0 0 0 0 0 -3.42628e-09 -0 0 0 -0 0 0 0 0 0 0 0 0 0 0 0 0 0 1 13150.8 13150.8 13150.8 13150.8
-1 -1 1 -1 -1 1 0 0 0 0 0 1.69715e-09 -0 0 0 -0 0 0 0 0 0 0 0 0 0 0 0 0 0 1 13150.8 13150.8 13150.8 13150.8
-1 -1 1 -1 -1 1 0 0 0 0 0 -4.93897e-10 -0 0 0 -0 0 0 0 0 0 0 0 0 0 0 0 0 0 1 13150.8 13150.8 13150.8 13150.8
-1 -1 1 -1 -1 1 0 0 0 0 0 -2.68068e-09 -0 0 0 -0 0 0 0 0 0 0 0 0 0 0 0 0 0 1 13150.8 13150.8 13150.8 13150.8
-1 -1 1 -1 -1 1 0 0 0 0 0 2.42034e-09 -0 0 0 -0 0 0 0 0 0 0 0 0 0 0 0 0 0 1 13150.8 13150.8 13150.8 13150.8
-1 -1 1 -1 -1 1 0 0 0 0 0 2.35432e-10 -0 0 0 -0 0 0 0 0 0 0 0 0 0 0 0 0 0 1 13150.8 13150.8 13150.8 13150.8
-1 -1 1 -1 -1 1 0 0 0 0 0 -1.95373e-09 -0 0 0 -0 0 0 0 0 0 0 0 0 0 0 0 0 0 1 13150.8 13150.8 13150.8 13150.8
-1 -1 1 -1 -1 1 0 0 0 0 0 3.14995e-09 -0 0 0 -0 0 0 0 0 0 0 0 0 0 0 0 0 0 1 13150.8 13150.8 13150.8 13150.8
-1 -1 1 -1 -1 1 0 0 0 0 0 9.63583e-10 -0 0 0 -0 0 0 0 0 0 0 0 0 0 0 0 0 0 1 13150.8 13150.8 13150.8 13150.8
-1 -1 1 -1 -1 1 0 0 0 0 0 -1.22844e-09 -0 0 0 -0 0 0 0 0 0 0 0 0 0 0 0 0 0 1 13150.8 13150.8 13150.8 13150.8
-1 -1 1 -1 -1 1 0 0 0 0 0 -3.419e-09 -0 0 0 -0 0 0 0 0 0 0 0 0 0 0 0 0 0 1 13150.8 13150.8 13150.8 13150.8
-1 -1 1 -1 -1 1 0 0 0 0 0 1.67961e-09 -0 0 0 -0 0 0 0 0 0 0 0 0 0 0 0 0 0 1 13150.8 13150.8 13150.8 13150.8
-1 -1 1 -1 -1 1 0 0 0 0 0 -5.08146e-10 -0 0 0 -0 0 0 0 0 0 0 0 0 0 0 0 0 0 1 13150.8 13150.8 13150.8 13150.8
-1 -1 1 -1 -1 1 0 0 0 0 0 -2.69468e-09 -0 0 0 -0 0 0 0 0 0 0 0 0 0 0 0 0 0 1 13150.8 13150.8 13150.8 13150.8
-1 -1 1 -1 -1 1 0 0 0 0 0 2.47731e-09 -0 0 0 -0 0 0 0 0 0 0 0 0 0 0 0 0 0 1 13150.8 13150.8 13150.8 13150.8
-1 -1 1 -1 -1 1 0 0 0 0 0 3.22949e-10 -0 0 0 -0 0 0 0 0 0 0 0 0 0 0 0 0 0 1 13150.8 13150.8 13150.8 13150.8
-1 -1 1 -1 -1 1 0 0 0 0 0 -1.8709e-09 -0 0 0 -0 0 0 0 0 0 0 0 0 0 0 0 0 0 1 13150.8 13150.8 13150.8 13150.8
-1 -1 1 -1 -1 1 0 0 0 0 0 3.22383e-09 -0 0 0 -0 0 0 0 0 0 0 0 0 0 0 0 0 0 1 13150.8 13150.8 13150.8 13150.8
-1 -1 1 -1 -1 1 0 0 0 0 0 1.03793e-09 -0 0 0 -0 0 0 0 0 0 0 0 0 0 0 0 0 0 1 13150.8 13150.8 13150.8 13150.8
-1 -1 1 -1 -1 1 0 0 0 0 0 -1.14986e-09 -0 0 0 -0 0 0 0 0 0 0 0 0 0 0 0 0 0 1 13150.8 13150.8 13150.8 13150.8
-1 -1 1 -1 -1 1 0 0 0 0 0 -3.33808e-09 -0 0 0 -0 0 0 0 0 0 0 0 0 0 0 0 0 0 1 13150.8 13150.8 13150.8 13150.8
-1 -1 1 -1 -1 1 0 0 0 0 0 1.75964e-09 -0 0 0 -0 0 0 0 0 0 0 0 0 0 0 0 0 0 1 13150.8 13150.8 13150.8 13150.8
-1 -1 1 -1 -1 1 0 0 0 0 0 -4.30302e-10 -0 0 0 -0 0 0 0 0 0 0 0 0 0 0 0 0 0 1 13150.8 13150.8 13150.8 13150.8
-1 -1 1 -1 -1 1 0 0 0 0 0 -2.61709e-09 -0 0 0 -0 0 0 0 0 0 0 0 0 0 0 0 0 0 1 13150.8 13150.8 13150.8 13150.8
-1 -1 1 -1 -1 1 0 0 0 0 0 2.48541e-09 -0 0 0 -0 0 0 0 0 0 0 0 0 0 0 0 0 0 1 13150.8 13150.8 13150.8 13150.8
-1 -1 1 -1 -1 1 0 0 0 0 0 2.97981e-10 -0 0 0 -0 0 0 0 0 0 0 0 0 0 0 0 0 0 1 13150.8 13150.8 13150.8 13150.8
-1 -1 1 -1 -1 1 0 0 0 0 0 -1.89157e-09 -0 0 0 -0 0 0 0 0 0 0 0 0 0 0 0 0 0 1 13150.8 13150.8 13150.8 13150.8
-1 -1 1 -1 -1 1 0 0 0 0 0 3.19876e-09 -0 0 0 -0 0 0 0 0 0 0 0 0 0 0 0 0 0 1 13150.8 13150.8 13150.8 13150.8
-1 -1 1 -1 -1 1 0 0 0 0 0 1.00884e-09 -0 0 0 -0 0 0 0 0 0 0 0 0 0 0 0 0 0 1 13150.8 13150.8 13150.8 13150.8
-1 -1 1 -1 -1 1 0 0 0 0 0 -1.18621e-09 -0 0 0 -0 0 0 0 0 0 0 0 0 0 0 0 0 0 1 13150.8 13150.8 13150.8 13150.8
-1 -1 1 -1 -1 1 0 0 0 0 0 -3.3782e-09 -0 0 0 -0 0 0 0 0 0 0 0 0 0 0 0 0 0 1 13150.8 13150.8 13150.8 13150.8
-1 -1 1 -1 -1 1 0 0 0 0 0 1.71286e-09 -0 0 0 -0 0 0 0 0 0 0 0 0 0 0 0 0 0 1 13150.8 13150.8 13150.8 13150.8
-1 -1 1 -1 -1 1 0 0 0 0 0 -4.75151e-10 -0 0 0 -0 0 0 0 0 0 0 0 0 0 0 0 0 0 1 13150.8 13150.8 13150.8 13150.8
-1 -1 1 -1 -1 1 0 0 0 0 0 -2.66371e-09 -0 0 0 -0 0 0 0 0 0 0 0 0 0 0 0 0 0 1 13150.8 13150.8 13150.8 13150.8
-1 -1 1 -1 -1 1 0 0 0 0 0 2.43725e-09 -0 0 0 -0 0 0 0 0 0 0 0 0 0 0 0 0 0 1 13150.8 13150.8 13150.8 13150.8
-1 -1 1 -1 -1 1 0 0 0 0 0 2.48979e-10 -0 0 0 -0 0 0 0 0 0 0 0 0 0 0 0 0 0 1 13150.8 13150.8 13150.8 13150.8
-1 -1 1 -1 -1 1 0 0 0 0 0 -1.94509e-09 -0 0 0 -0 0 0 0 0 0 0 0 0 0 0 0 0 0 1 13150.8 13150.8 13150.8 13150.8
-1 -1 1 -1 -1 1 0 0 0 0 0 3.14174e-09 -0 0 0 -0 0 0 0 0 0 0 0 0 0 0 0 0 0 1 13150.8 13150.8 13150.8 13150.8
-1 -1 1 -1 -1 1 0 0 0 0 0 9.54015e-10 -0 0 0 -0 0 0 0 0 0 0 0 0 0 0 0 0 0 1 13150.8 13150.8 13150.8 13150.8
-1 -1 1 -1 -1 1 0 0 0 0 0 -1.23997e-09 -0 0 0 -0 0 0 0 0 0 0 0 0 0 0 0 0 0 1 13150.8 13150.8 13150.8 13150.8
-1 -1 1 -1 -1 1 0 0 0 0 0 -3.42915e-09 -0 0 0 -0 0 0 0 0 0 0 0 0 0 0 0 0 0 1 13150.8 13150.8 13150.8 13150.8
-1 -1 1 -1 -1 1 0 0 0 0 0 1.65648e-09 -0 0 0 -0 0 0 0 0 0 0 0 0 0 0 0 0 0 1 13150.8 13150.8 13150.8 13150.8
-1 -1 1 -1 -1 1 0 0 0 0 0 -5.33541e-10 -0 0 0 -0 0 0 0 0 0 0 0 0 0 0 0 0 0 1 13150.8 13150.8 13150.8 13150.8
-1 -1 1 -1 -1 1 0 0 0 0 0 -2.73166e-09 -0 0 0 -0 0 0 0 0 0 0 0 0 0 0 0 0 0 1 13150.8 13150.8 13150.8 13150.8
-1 -1 1 -1 -1 1 0 0 0 0 0 2.34116e-09 -0 0 0 -0 0 0 0 0 0 0 0 0 0 0 0 0 0 1 13150.8 13150.8 13150.8 13150.8
-1 -1 1 -1 -1 1 0 0 0 0 0 1.53146e-10 -0 0 0 -0 0 0 0 0 0 0 0 0 0 0 0 0 0 1 13150.8 13150.8 13150.8 13150.8
-1 -1 1 -1 -1 1 0 0 0 0 0 -2.03803e-09 -0 0 0 -0 0 0 0 0 0 0 0 0 0 0 0 0 0 1 13150.8 13150.8 13150.8 13150.8
-1 -1 1 -1 -1 1 0 0 0 0 0 3.05615e-09 -0 0 0 -0 0 0 0 0 0 0 0 0 0 0 0 0 0 1 13150.8 13150.8 13150.8 13150.8
-1 -1 1 -1 -1 1 0 0 0 0 0 8.57004e-10 -0 0 0 -0 0 0 0 0 0 0 0 0 0 0 0 0 0 1 13150.8 13150.8 13150.8 13150.8
-1 -1 1 -1 -1 1 0 0 0 0 0 -1.32891e-09 -0 0 0 -0 0 0 0 0 0 0 0 0 0 0 0 0 0 1 13150.8 13150.8 13150.8 13150.8
-1 -1 1 -1 -1 1 0 0 0 0 0 -3.5249e-09 -0 0 0 -0 0 0 0 0 0 0 0 0 0 0 0 0 0 1 13150.8 13150.8 13150.8 13150.8
-1 -1 1 -1 -1 1 0 0 0 0 0 1.56405e-09 -0 0 0 -0 0 0 0 0 0 0 0 0 0 0 0 0 0 1 13150.8 13150.8 13150.8 13150.8
-1 -1 1 -1 -1 1 0 0 0 0 0 -6.2781e-10 -0 0 0 -0 0 0 0 0 0 0 0 0 0 0 0 0 0 1 13150.8 13150.8 13150.8 13150.8
-1 -1 1 -1 -1 1 0 0 0 0 0 -2.81428e-09 -0 0 0 -0 0 0 0 0 0 0 0 0 0 0 0 0 0 1 13150.8 13150.8 13150.8 13150.8
-1 -1 1 -1 -1 1 0 0 0 0 0 2.28014e-09 -0 0 0 -0 0 0 0 0 0 0 0 0 0 0 0 0 0 1 13150.8 13150.8 13150.8 13150.8
-1 -1 1 -1 -1 1 0 0 0 0 0 8.45226e-11 -0 0 0 -0 0 0 0 0 0 0 0 0 0 0 0 0 0 1 13150.8 13150.8 13150.8 13150.8
-1 -1 1 -1 -1 1 0 0 0 0 0 -2.09489e-09 -0 0 0 -0 0 0 0 0 0 0 0 0 0 0 0 0 0 1 13150.8 13150.8 13150.8 13150.8
-1 -1 1 -1 -1 1 0 0 0 0 0 2.9963e-09 -0 0 0 -0 0 0 0 0 0 0 0 0 0 0 0 0 0 1 13150.8 13150.8 13150.8 13150.8
-1 -1 1 -1 -1 1 0 0 0 0 0 8.08902e-10 -0 0 0 -0 0 0 0 0 0 0 0 0 0 0 0 0 0 1 13150.8 13150.8 13150.8 13150.8
-1 -1 1 -1 -1 1 0 0 0 0 0 -1.38725e-09 -0 0 0 -0 0 0 0 0 0 0 0 0 0 0 0 0 0 1 13150.8 13150.8 13150.8 13150.8
-1 -1 1 -1 -1 1 0 0 0 0 0 -3.57574e-09 -0 0 0 -0 0 0 0 0 0 0 0 0 0 0 0 0 0 1 13150.8 13150.8 13150.8 13150.8
-1 -1 1 -1 -1 1 0 0 0 0 0 1.49301e-09 -0 0 0 -0 0 0 0 0 0 0 0 0 0 0 0 0 0 1 13150.8 13150.8 13150.8 13150.8
-1 -1 1 -1 -1 1 0 0 0 0 0 -7.21992e-10 -0 0 0 -0 0 0 0 0 0 0 0 0 0 0 0 0 0 1 13150.8 13150.8 13150.8 13150.8
-1 -1 1 -1 -1 1 0 0 0 0 0 -2.89327e-09 -0 0 0 -0 0 0 0 0 0 0 0 0 0 0 0 0 0 1 13150.8 13150.8 13150.8 13150.8
-1 -1 1 -1 -1 1 0 0 0 0 0 2.22089e-09 -0 0 0 -0 0 0 0 0 0 0 0 0 0 0 0 0 0 1 13150.8 13150.8 13150.8 13150.8
-1 -1 1 -1 -1 1 0 0 0 0 0 3.31061e-11 -0 0 0 -0 0 0 0 0 0 0 0 0 0 0 0 0 0 1 13150.8 13150.8 13150.8 13150.8
-1 -1 1 -1 -1 1 0 0 0 0 0 -2.1603e-09 -0 0 0 -0 0 0 0 0 0 0 0 0 0 0 0 0 0 1 13150.8 13150.8 13150.8 13150.8
-1 -1 1 -1 -1 1 0 0 0 0 0 2.90804e-09 -0 0 0 -0 0 0 0 0 0 0 0 0 0 0 0 0 0 1 13150.8 13150.8 13150.8 13150.8
-1 -1 1 -1 -1 1 0 0 0 0 0 7.17774e-10 -0 0 0 -0 0 0 0 0 0 0 0 0 0 0 0 0 0 1 13150.8 13150.8 13150.8 13150.8
-1 -1 1 -1 -1 1 0 0 0 0 0 -1.47573e-09 -0 0 0 -0 0 0 0 0 0 0 0 0 0 0 0 0 0 1 13150.8 13150.8 13150.8 13150.8
-1 -1 1 -1 -1 1 0 0 0 0 0 3.62197e-09 -0 0 0 -0 0 0 0 0 0 0 0 0 0 0 0 0 0 1 13150.8 13150.8 13150.8 13150.8
-1 -1 1 -1 -1 1 0 0 0 0 0 1.43536e-09 -0 0 0 -0 0 0 0 0 0 0 0 0 0 0 0 0 0 1 13150.8 13150.8 13150.8 13150.8
-1 -1 1 -1 -1 1 0 0 0 0 0 -7.57487e-10 -0 0 0 -0 0 0 0 0 0 0 0 0 0 0 0 0 0 1 13150.8 13150.8 13150.8 13150.8
-1 -1 1 -1 -1 1 0 0 0 0 0 -2.94917e-09 -0 0 0 -0 0 0 0 0 0 0 0 0 0 0 0 0 0 1 13150.8 13150.8 13150.8 13150.8
-1 -1 1 -1 -1 1 0 0 0 0 0 2.14439e-09 -0 0 0 -0 0 0 0 0 0 0 0 0 0 0 0 0 0 1 13150.8 13150.8 13150.8 13150.8
-1 -1 1 -1 -1 1 0 0 0 0 0 -4.49734e-11 -0 0 0 -0 0 0 0 0 0 0 0 0 0 0 0 0 0 1 13150.8 13150.8 13150.8 13150.8
-1 -1 1 -1 -1 1 0 0 0 0 0 -2.2398e-09 -0 0 0 -0 0 0 0 0 0 0 0 0 0 0 0 0 0 1 13150.8 13150.8 13150.8 13150.8
-1 -1 1 -1 -1 1 0 0 0 0 0 2.84356e-09 -0 0 0 -0 0 0 0 0 0 0 0 0 0 0 0 0 0 1 13150.8 13150.8 13150.8 13150.8
-1 -1 1 -1 -1 1 0 0 0 0 0 6.57364e-10 -0 0 0 -0 0 0 0 0 0 0 0 0 0 0 0 0 0 1 13150.8 13150.8 13150.8 13150.8
-1 -1 1 -1 -1 1 0 0 0 0 0 -1.52857e-09 -0 0 0 -0 0 0 0 0 0 0 0 0 0 0 0 0 0 1 13150.8 13150.8 13150.8 13150.8
-1 -1 1 -1 -1 1 0 0 0 0 0 3.5635e-09 -0 0 0 -0 0 0 0 0 0 0 0 0 0 0 0 0 0 1 13150.8 13150.8 13150.8 13150.8
-1 -1 1 -1 -1 1 0 0 0 0 0 1.37047e-09 -0 0 0 -0 0 0 0 0 0 0 0 0 0 0 0 0 0 1 13150.8 13150.8 13150.8 13150.8
-1 -1 1 -1 -1 1 0 0 0 0 0 -8.17794e-10 -0 0 0 -0 0 0 0 0 0 0 0 0 0 0 0 0 0 1 13150.8 13150.8 13150.8 13150.8
-1 -1 1 -1 -1 1 0 0 0 0 0 -3.00722e-09 -0 0 0 -0 0 0 0 0 0 0 0 0 0 0 0 0 0 1 13150.8 13150.8 13150.8 13150.8
-1 -1 1 -1 -1 1 0 0 0 0 0 2.0902e-09 -0 0 0 -0 0 0 0 0 0 0 0 0 0 0 0 0 0 1 13150.8 13150.8 13150.8 13150.8
-1 -1 1 -1 -1 1 0 0 0 0 0 -9.81884e-11 -0 0 0 -0 0 0 0 0 0 0 0 0 0 0 0 0 0 1 13150.8 13150.8 13150.8 13150.8
-1 -1 1 -1 -1 1 0 0 0 0 0 -2.28741e-09 -0 0 0 -0 0 0 0 0 0 0 0 0 0 0 0 0 0 1 13150.8 13150.8 13150.8 13150.8
-1 -1 1 -1 -1 1 0 0 0 0 0 2.80823e-09 -0 0 0 -0 0 0 0 0 0 0 0 0 0 0 0 0 0 1 13150.8 13150.8 13150.8 13150.8
-1 -1 1 -1 -1 1 0 0 0 0 0 6.19293e-10 -0 0 0 -0 0 0 0 0 0 0 0 0 0 0 0 0 0 1 13150.8 13150.8 13150.8 13150.8
-1 -1 1 -1 -1 1 0 0 0 0 0 -1.57513e-09 -0 0 0 -0 0 0 0 0 0 0 0 0 0 0 0 0 0 1 13150.8 13150.8 13150.8 13150.8
-1 -1 1 -1 -1 1 0 0 0 0 0 3.53801e-09 -0 0 0 -0 0 0 0 0 0 0 0 0 0 0 0 0 0 1 13150.8 13150.8 13150.8 13150.8
-1 -1 1 -1 -1 1 0 0 0 0 0 1.35263e-09 -0 0 0 -0 0 0 0 0 0 0 0 0 0 0 0 0 0 1 13150.8 13150.8 13150.8 13150.8
-1 -1 1 -1 -1 1 0 0 0 0 0 -8.32336e-10 -0 0 0 -0 0 0 0 0 0 0 0 0 0 0 0 0 0 1 13150.8 13150.8 13150.8 13150.8
-1 -1 1 -1 -1 1 0 0 0 0 0 -3.03808e-09 -0 0 0 -0 0 0 0 0 0 0 0 0 0 0 0 0 0 1 13150.8 13150.8 13150.8 13150.8
-1 -1 1 -1 -1 1 0 0 0 0 0 2.0422e-09 -0 0 0 -0 0 0 0 0 0 0 0 0 0 0 0 0 0 1 13150.8 13150.8 13150.8 13150.8
-1 -1 1 -1 -1 1 0 0 0 0 0 -1.40766e-10 -0 0 0 -0 0 0 0 0 0 0 0 0 0 0 0 0 0 1 13150.8 13150.8 13150.8 13150.8
-1 -1 1 -1 -1 1 0 0 0 0 0 -2.32896e-09 -0 0 0 -0 0 0 0 0 0 0 0 0 0 0 0 0 0 1 13150.8 13150.8 13150.8 13150.8
-1 -1 1 -1 -1 1 0 0 0 0 0 2.76628e-09 -0 0 0 -0 0 0 0 0 0 0 0 0 0 0 0 0 0 1 13150.8 13150.8 13150.8 13150.8
-1 -1 1 -1 -1 1 0 0 0 0 0 5.77388e-10 -0 0 0 -0 0 0 0 0 0 0 0 0 0 0 0 0 0 1 13150.8 13150.8 13150.8 13150.8
-1 -1 1 -1 -1 1 0 0 0 0 0 -1.61077e-09 -0 0 0 -0 0 0 0 0 0 0 0 0 0 0 0 0 0 1 13150.8 13150.8 13150.8 13150.8
-1 -1 1 -1 -1 1 0 0 0 0 0 3.49627e-09 -0 0 0 -0 0 0 0 0 0 0 0 0 0 0 0 0 0 1 13150.8 13150.8 13150.8 13150.8
-1 -1 1 -1 -1 1 0 0 0 0 0 1.30853e-09 -0 0 0 -0 0 0 0 0 0 0 0 0 0 0 0 0 0 1 13150.8 13150.8 13150.8 13150.8
-1 -1 1 -1 -1 1 0 0 0 0 0 -8.81585e-10 -0 0 0 -0 0 0 0 0 0 0 0 0 0 0 0 0 0 1 13150.8 13150.8 13150.8 13150.8
-1 -1 1 -1 -1 1 0 0 0 0 0 -3.06802e-09 -0 0 0 -0 0 0 0 0 0 0 0 0 0 0 0 0 0 1 13150.8 13150.8 13150.8 13150.8
-1 -1 1 -1 -1 1 0 0 0 0 0 2.02894e-09 -0 0 0 -0 0 0 0 0 0 0 0 0 0 0 0 0 0 1 13150.8 13150.8 13150.8 13150.8
-1 -1 1 -1 -1 1 0 0 0 0 0 -1.71094e-10 -0 0 0 -0 0 0 0 0 0 0 0 0 0 0 0 0 0 1 13150.8 13150.8 13150.8 13150.8
-1 -1 1 -1 -1 1 0 0 0 0 0 -2.34671e-09 -0 0 0 -0 0 0 0 0 0 0 0 0 0 0 0 0 0 1 13150.8 13150.8 13150.8 13150.8
-1 -1 1 -1 -1 1 0 0 0 0 0 2.75307e-09 -0 0 0 -0 0 0 0 0 0 0 0 0 0 0 0 0 0 1 13150.8 13150.8 13150.8 13150.8
-1 -1 1 -1 -1 1 0 0 0 0 0 5.66008e-10 -0 0 0 -0 0 0 0 0 0 0 0 0 0 0 0 0 0 1 13150.8 13150.8 13150.8 13150.8
-1 -1 1 -1 -1 1 0 0 0 0 0 -1.62835e-09 -0 0 0 -0 0 0 0 0 0 0 0 0 0 0 0 0 0 1 13150.8 13150.8 13150.8 13150.8
-1 -1 1 -1 -1 1 0 0 0 0 0 3.47278e-09 -0 0 0 -0 0 0 0 0 0 0 0 0 0 0 0 0 0 1 13150.8 13150.8 13150.8 13150.8
-1 -1 1 -1 -1 1 0 0 0 0 0 1.28495e-09 -0 0 0 -0 0 0 0 0 0 0 0 0 0 0 0 0 0 1 13150.8 13150.8 13150.8 13150.8
-1 -1 1 -1 -1 1 0 0 0 0 0 -9.06454e-10 -0 0 0 -0 0 0 0 0 0 0 0 0 0 0 0 0 0 1 13150.8 13150.8 13150.8 13150.8
-1 -1 1 -1 -1 1 0 0 0 0 0 -3.10203e-09 -0 0 0 -0 0 0 0 0 0 0 0 0 0 0 0 0 0 1 13150.8 13150.8 13150.8 13150.8
-1 -1 1 -1 -1 1 0 0 0 0 0 1.97766e-09 -0 0 0 -0 0 0 0 0 0 0 0 0 0 0 0 0 0 1 13150.8 13150.8 13150.8 13150.8
-1 -1 1 -1 -1 1 0 0 0 0 0 -2.08883e-10 -0 0 0 -0 0 0 0 0 0 0 0 0 0 0 0 0 0 1 13150.8 13150.8 13150.8 13150.8
-1 -1 1 -1 -1 1 0 0 0 0 0 -2.40348e-09 -0 0 0 -0 0 0 0 0 0 0 0 0 0 0 0 0 0 1 13150.8 13150.8 13150.8 13150.8
-1 -1 1 -1 -1 1 0 0 0 0 0 2.68982e-09 -0 0 0 -0 0 0 0 0 0 0 0 0 0 0 0 0 0 1 13150.8 13150.8 13150.8 13150.8
-1 -1 1 -1 -1 1 0 0 0 0 0 5.03055e-10 -0 0 0 -0 0 0 0 0 0 0 0 0 0 0 0 0 0 1 13150.8 13150.8 13150.8 13150.8
-1 -1 1 -1 -1 1 0 0 0 0 0 -1.68555e-09 -0 0 0 -0 0 0 0 0 0 0 0 0 0 0 0 0 0 1 13150.8 13150.8 13150.8 13150.8
-1 -1 1 -1 -1 1 0 0 0 0 0 3.42268e-09 -0 0 0 -0 0 0 0 0 0 0 0 0 0 0 0 0 0 1 13150.8 13150.8 13150.8 13150.8
-1 -1 1 -1 -1 1 0 0 0 0 0 1.19775e-09 -0 0 0 -0 0 0 0 0 0 0 0 0 0 0 0 0 0 1 13150.8 13150.8 13150.8 13150.8
-1 -1 1 -1 -1 1 0 0 0 0 0 -9.51644e-10 -0 0 0 -0 0 0 0 0 0 0 0 0 0 0 0 0 0 1 13150.8 13150.8 13150.8 13150.8
-1 -1 1 -1 -1 1 0 0 0 0 0 -3.14683e-09 -0 0 0 -0 0 0 0 0 0 0 0 0 0 0 0 0 0 1 13150.8 13150.8 13150.8 13150.8
-1 -1 1 -1 -1 1 0 0 0 0 0 1.9353e-09 -0 0 0 -0 0 0 0 0 0 0 0 0 0 0 0 0 0 1 13150.8 13150.8 13150.8 13150.8
-1 -1 1 -1 -1 1 0 0 0 0 0 -2.60939e-10 -0 0 0 -0 0 0 0 0 0 0 0 0 0 0 0 0 0 1 13150.8 13150.8 13150.8 13150.8
-1 -1 1 -1 -1 1 0 0 0 0 0 -2.44311e-09 -0 0 0 -0 0 0 0 0 0 0 0 0 0 0 0 0 0 1 13150.8 13150.8 13150.8 13150.8
-1 -1 1 -1 -1 1 0 0 0 0 0 2.6547e-09 -0 0 0 -0 0 0 0 0 0 0 0 0 0 0 0 0 0 1 13150.8 13150.8 13150.8 13150.8
-1 -1 1 -1 -1 1 0 0 0 0 0 4.68123e-10 -0 0 0 -0 0 0 0 0 0 0 0 0 0 0 0 0 0 1 13150.8 13150.8 13150.8 13150.8
-1 -1 1 -1 -1 1 0 0 0 0 0 -1.74073e-09 -0 0 0 -0 0 0 0 0 0 0 0 0 0 0 0 0 0 1 13150.8 13150.8 13150.8 13150.8
-1 -1 1 -1 -1 1 0 0 0 0 0 3.32796e-09 -0 0 0 -0 0 0 0 0 0 0 0 0 0 0 0 0 0 1 13150.8 13150.8 13150.8 13150.8
-1 -1 1 -1 -1 1 0 0 0 0 0 1.13961e-09 -0 0 0 -0 0 0 0 0 0 0 0 0 0 0 0 0 0 1 13150.8 13150.8 13150.8 13150.8
-1 -1 1 -1 -1 1 0 0 0 0 0 -1.0484e-09 -0 0 0 -0 0 0 0 0 0 0 0 0 0 0 0 0 0 1 13150.8 13150.8 13150.8 13150.8
-1 -1 1 -1 -1 1 0 0 0 0 0 -3.25027e-09 -0 0 0 -0 0 0 0 0 0 0 0 0 0 0 0 0 0 1 13150.8 13150.8 13150.8 13150.8
-1 -1 1 -1 -1 1 0 0 0 0 0 1.85141e-09 -0 0 0 -0 0 0 0 0 0 0 0 0 0 0 0 0 0 1 13150.8 13150.8 13150.8 13150.8
-1 -1 1 -1 -1 1 0 0 0 0 0 -3.29839e-10 -0 0 0 -0 0 0 0 0 0 0 0 0 0 0 0 0 0 1 13150.8 13150.8 13150.8 13150.8
-1 -1 1 -1 -1 1 0 0 0 0 0 -2.52151e-09 -0 0 0 -0 0 0 0 0 0 0 0 0 0 0 0 0 0 1 13150.8 13150.8 13150.8 13150.8
-1 -1 1 -1 -1 1 0 0 0 0 0 2.56183e-09 -0 0 0 -0 0 0 0 0 0 0 0 0 0 0 0 0 0 1 13150.8 13150.8 13150.8 13150.8
-1 -1 1 -1 -1 1 0 0 0 0 0 3.70279e-10 -0 0 0 -0 0 0 0 0 0 0 0 0 0 0 0 0 0 1 13150.8 13150.8 13150.8 13150.8
-1 -1 1 -1 -1 1 0 0 0 0 0 -1.81919e-09 -0 0 0 -0 0 0 0 0 0 0 0 0 0 0 0 0 0 1 13150.8 13150.8 13150.8 13150.8
-1 -1 1 -1 -1 1 0 0 0 0 0 3.25324e-09 -0 0 0 -0 0 0 0 0 0 0 0 0 0 0 0 0 0 1 13150.8 13150.8 13150.8 13150.8
-1 -1 1 -1 -1 1 0 0 0 0 0 1.05851e-09 -0 0 0 -0 0 0 0 0 0 0 0 0 0 0 0 0 0 1 13150.8 13150.8 13150.8 13150.8
-1 -1 1 -1 -1 1 0 0 0 0 0 -1.13224e-09 -0 0 0 -0 0 0 0 0 0 0 0 0 0 0 0 0 0 1 13150.8 13150.8 13150.8 13150.8
-1 -1 1 -1 -1 1 0 0 0 0 0 -3.3301e-09 -0 0 0 -0 0 0 0 0 0 0 0 0 0 0 0 0 0 1 13150.8 13150.8 13150.8 13150.8
-1 -1 1 -1 -1 1 0 0 0 0 0 1.73567e-09 -0 0 0 -0 0 0 0 0 0 0 0 0 0 0 0 0 0 1 13150.8 13150.8 13150.8 13150.8
-1 -1 1 -1 -1 1 0 0 0 0 0 -4.54102e-10 -0 0 0 -0 0 0 0 0 0 0 0 0 0 0 0 0 0 1 13150.8 13150.8 13150.8 13150.8
-1 -1 1 -1 -1 1 0 0 0 0 0 -2.64807e-09 -0 0 0 -0 0 0 0 0 0 0 0 0 0 0 0 0 0 1 13150.8 13150.8 13150.8 13150.8
-1 -1 1 -1 -1 1 0 0 0 0 0 2.44296e-09 -0 0 0 -0 0 0 0 0 0 0 0 0 0 0 0 0 0 1 13150.8 13150.8 13150.8 13150.8
-1 -1 1 -1 -1 1 0 0 0 0 0 2.56872e-10 -0 0 0 -0 0 0 0 0 0 0 0 0 0 0 0 0 0 1 13150.8 13150.8 13150.8 13150.8
-1 -1 1 -1 -1 1 0 0 0 0 0 -1.94414e-09 -0 0 0 -0 0 0 0 0 0 0 0 0 0 0 0 0 0 1 13150.8 13150.8 13150.8 13150.8
-1 -1 1 -1 -1 1 0 0 0 0 0 3.14178e-09 -0 0 0 -0 0 0 0 0 0 0 0 0 0 0 0 0 0 1 13150.8 13150.8 13150.8 13150.8
-1 -1 1 -1 -1 1 0 0 0 0 0 9.54624e-10 -0 0 0 -0 0 0 0 0 0 0 0 0 0 0 0 0 0 1 13150.8 13150.8 13150.8 13150.8
-1 -1 1 -1 -1 1 0 0 0 0 0 -1.22904e-09 -0 0 0 -0 0 0 0 0 0 0 0 0 0 0 0 0 0 1 13150.8 13150.8 13150.8 13150.8
-1 -1 1 -1 -1 1 0 0 0 0 0 -3.43048e-09 -0 0 0 -0 0 0 0 0 0 0 0 0 0 0 0 0 0 1 13150.8 13150.8 13150.8 13150.8
-1 -1 1 -1 -1 1 0 0 0 0 0 1.65825e-09 -0 0 0 -0 0 0 0 0 0 0 0 0 0 0 0 0 0 1 13150.8 13150.8 13150.8 13150.8
-1 -1 1 -1 -1 1 0 0 0 0 0 -5.37115e-10 -0 0 0 -0 0 0 0 0 0 0 0 0 0 0 0 0 0 1 13150.8 13150.8 13150.8 13150.8
-1 -1 1 -1 -1 1 0 0 0 0 0 -2.72501e-09 -0 0 0 -0 0 0 0 0 0 0 0 0 0 0 0 0 0 1 13150.8 13150.8 13150.8 13150.8
-1 -1 1 -1 -1 1 0 0 0 0 0 2.36001e-09 -0 0 0 -0 0 0 0 0 0 0 0 0 0 0 0 0 0 1 13150.8 13150.8 13150.8 13150.8
-1 -1 1 -1 -1 1 0 0 0 0 0 1.75e-10 -0 0 0 -0 0 0 0 0 0 0 0 0 0 0 0 0 0 1 13150.8 13150.8 13150.8 13150.8
-1 -1 1 -1 -1 1 0 0 0 0 0 -2.01133e-09 -0 0 0 -0 0 0 0 0 0 0 0 0 0 0 0 0 0 1 13150.8 13150.8 13150.8 13150.8
-1 -1 1 -1 -1 1 0 0 0 0 0 3.0874e-09 -0 0 0 -0 0 0 0 0 0 0 0 0 0 0 0 0 0 1 13150.8 13150.8 13150.8 13150.8
-1 -1 1 -1 -1 1 0 0 0 0 0 8.95655e-10 -0 0 0 -0 0 0 0 0 0 0 0 0 0 0 0 0 0 1 13150.8 13150.8 13150.8 13150.8
-1 -1 1 -1 -1 1 0 0 0 0 0 -1.29419e-09 -0 0 0 -0 0 0 0 0 0 0 0 0 0 0 0 0 0 1 13150.8 13150.8 13150.8 13150.8
-1 -1 1 -1 -1 1 0 0 0 0 0 -3.48941e-09 -0 0 0 -0 0 0 0 0 0 0 0 0 0 0 0 0 0 1 13150.8 13150.8 13150.8 13150.8
-1 -1 1 -1 -1 1 0 0 0 0 0 1.58837e-09 -0 0 0 -0 0 0 0 0 0 0 0 0 0 0 0 0 0 1 13150.8 13150.8 13150.8 13150.8
-1 -1 1 -1 -1 1 0 0 0 0 0 -5.98815e-10 -0 0 0 -0 0 0 0 0 0 0 0 0 0 0 0 0 0 1 13150.8 13150.8 13150.8 13150.8
-1 -1 1 -1 -1 1 0 0 0 0 0 -2.79385e-09 -0 0 0 -0 0 0 0 0 0 0 0 0 0 0 0 0 0 1 13150.8 13150.8 13150.8 13150.8
-1 -1 1 -1 -1 1 0 0 0 0 0 2.31852e-09 -0 0 0 -0 0 0 0 0 0 0 0 0 0 0 0 0 0 1 13150.8 13150.8 13150.8 13150.8
-1 -1 1 -1 -1 1 0 0 0 0 0 1.30428e-10 -0 0 0 -0 0 0 0 0 0 0 0 0 0 0 0 0 0 1 13150.8 13150.8 13150.8 13150.8
-1 -1 1 -1 -1 1 0 0 0 0 0 -2.0591e-09 -0 0 0 -0 0 0 0 0 0 0 0 0 0 0 0 0 0 1 13150.8 13150.8 13150.8 13150.8
-1 -1 1 -1 -1 1 0 0 0 0 0 3.02542e-09 -0 0 0 -0 0 0 0 0 0 0 0 0 0 0 0 0 0 1 13150.8 13150.8 13150.8 13150.8
-1 -1 1 -1 -1 1 0 0 0 0 0 8.36734e-10 -0 0 0 -0 0 0 0 0 0 0 0 0 0 0 0 0 0 1 13150.8 13150.8 13150.8 13150.8
-1 -1 1 -1 -1 1 0 0 0 0 0 -1.34968e-09 -0 0 0 -0 0 0 0 0 0 0 0 0 0 0 0 0 0 1 13150.8 13150.8 13150.8 13150.8
-1 -1 1 -1 -1 1 0 0 0 0 0 -3.53945e-09 -0 0 0 -0 0 0 0 0 0 0 0 0 0 0 0 0 0 1 13150.8 13150.8 13150.8 13150.8
-1 -1 1 -1 -1 1 0 0 0 0 0 1.56212e-09 -0 0 0 -0 0 0 0 0 0 0 0 0 0 0 0 0 0 1 13150.8 13150.8 13150.8 13150.8
-1 -1 1 -1 -1 1 0 0 0 0 0 -6.28368e-10 -0 0 0 -0 0 0 0 0 0 0 0 0 0 0 0 0 0 1 13150.8 13150.8 13150.8 13150.8
-1 -1 1 -1 -1 1 0 0 0 0 0 -2.81709e-09 -0 0 0 -0 0 0 0 0 0 0 0 0 0 0 0 0 0 1 13150.8 13150.8 13150.8 13150.8
-1 -1 1 -1 -1 1 0 0 0 0 0 2.27566e-09 -0 0 0 -0 0 0 0 0 0 0 0 0 0 0 0 0 0 1 13150.8 13150.8 13150.8 13150.8
-1 -1 1 -1 -1 1 0 0 0 0 0 8.74857e-11 -0 0 0 -0 0 0 0 0 0 0 0 0 0 0 0 0 0 1 13150.8 13150.8 13150.8 13150.8
-1 -1 1 -1 -1 1 0 0 0 0 0 -2.1092e-09 -0 0 0 -0 0 0 0 0 0 0 0 0 0 0 0 0 0 1 13150.8 13150.8 13150.8 13150.8
-1 -1 1 -1 -1 1 0 0 0 0 0 2.9655e-09 -0 0 0 -0 0 0 0 0 0 0 0 0 0 0 0 0 0 1 13150.8 13150.8 13150.8 13150.8
-1 -1 1 -1 -1 1 0 0 0 0 0 7.57923e-10 -0 0 0 -0 0 0 0 0 0 0 0 0 0 0 0 0 0 1 13150.8 13150.8 13150.8 13150.8
-1 -1 1 -1 -1 1 0 0 0 0 0 -1.41536e-09 -0 0 0 -0 0 0 0 0 0 0 0 0 0 0 0 0 0 1 13150.8 13150.8 13150.8 13150.8
-1 -1 1 -1 -1 1 0 0 0 0 0 -3.60457e-09 -0 0 0 -0 0 0 0 0 0 0 0 0 0 0 0 0 0 1 13150.8 13150.8 13150.8 13150.8
-1 -1 1 -1 -1 1 0 0 0 0 0 1.49739e-09 -0 0 0 -0 0 0 0 0 0 0 0 0 0 0 0 0 0 1 13150.8 13150.8 13150.8 13150.8
-1 -1 1 -1 -1 1 0 0 0 0 0 -6.90837e-10 -0 0 0 -0 0 0 0 0 0 0 0 0 0 0 0 0 0 1 13150.8 13150.8 13150.8 13150.8
-1 -1 1 -1 -1 1 0 0 0 0 0 -2.88399e-09 -0 0 0 -0 0 0 0 0 0 0 0 0 0 0 0 0 0 1 13150.8 13150.8 13150.8 13150.8
-1 -1 1 -1 -1 1 0 0 0 0 0 2.20422e-09 -0 0 0 -0 0 0 0 0 0 0 0 0 0 0 0 0 0 1 13150.8 13150.8 13150.8 13150.8
-1 -1 1 -1 -1 1 0 0 0 0 0 1.7767e-11 -0 0 0 -0 0 0 0 0 0 0 0 0 0 0 0 0 0 1 13150.8 13150.8 13150.8 13150.8
-1 -1 1 -1 -1 1 0 0 0 0 0 -2.18141e-09 -0 0 0 -0 0 0 0 0 0 0 0 0 0 0 0 0 0 1 13150.8 13150.8 13150.8 13150.8
-1 -1 1 -1 -1 1 0 0 0 0 0 2.90814e-09 -0 0 0 -0 0 0 0 0 0 0 0 0 0 0 0 0 0 1 13150.8 13150.8 13150.8 13150.8
-1 -1 1 -1 -1 1 0 0 0 0 0 7.1359e-10 -0 0 0 -0 0 0 0 0 0 0 0 0 0 0 0 0 0 1 13150.8 13150.8 13150.8 13150.8
-1 -1 1 -1 -1 1 0 0 0 0 0 -1.46737e-09 -0 0 0 -0 0 0 0 0 0 0 0 0 0 0 0 0 0 1 13150.8 13150.8 13150.8 13150.8
-1 -1 1 -1 -1 1 0 0 0 0 0 3.64265e-09 -0 0 0 -0 0 0 0 0 0 0 0 0 0 0 0 0 0 1 13150.8 13150.8 13150.8 13150.8
-1 -1 1 -1 -1 1 0 0 0 0 0 1.43136e-09 -0 0 0 -0 0 0 0 0 0 0 0 0 0 0 0 0 0 1 13150.8 13150.8 13150.8 13150.8
-1 -1 1 -1 -1 1 0 0 0 0 0 -7.44672e-10 -0 0 0 -0 0 0 0 0 0 0 0 0 0 0 0 0 0 1 13150.8 13150.8 13150.8 13150.8
-1 -1 1 -1 -1 1 0 0 0 0 0 -2.92736e-09 -0 0 0 -0 0 0 0 0 0 0 0 0 0 0 0 0 0 1 13150.8 13150.8 13150.8 13150.8
-1 -1 1 -1 -1 1 0 0 0 0 0 2.15409e-09 -0 0 0 -0 0 0 0 0 0 0 0 0 0 0 0 0 0 1 13150.8 13150.8 13150.8 13150.8
-1 -1 1 -1 -1 1 0 0 0 0 0 -4.00195e-11 -0 0 0 -0 0 0 0 0 0 0 0 0 0 0 0 0 0 1 13150.8 13150.8 13150.8 13150.8
-1 -1 1 -1 -1 1 0 0 0 0 0 -2.23178e-09 -0 0 0 -0 0 0 0 0 0 0 0 0 0 0 0 0 0 1 13150.8 13150.8 13150.8 13150.8
-1 -1 1 -1 -1 1 0 0 0 0 0 2.83357e-09 -0 0 0 -0 0 0 0 0 0 0 0 0 0 0 0 0 0 1 13150.8 13150.8 13150.8 13150.8
-1 -1 1 -1 -1 1 0 0 0 0 0 6.33297e-10 -0 0 0 -0 0 0 0 0 0 0 0 0 0 0 0 0 0 1 13150.8 13150.8 13150.8 13150.8
-1 -1 1 -1 -1 1 0 0 0 0 0 -1.55062e-09 -0 0 0 -0 0 0 0 0 0 0 0 0 0 0 0 0 0 1 13150.8 13150.8 13150.8 13150.8
-1 -1 1 -1 -1 1 0 0 0 0 0 3.55995e-09 -0 0 0 -0 0 0 0 0 0 0 0 0 0 0 0 0 0 1 13150.8 13150.8 13150.8 13150.8
-1 -1 1 -1 -1 1 0 0 0 0 0 1.35868e-09 -0 0 0 -0 0 0 0 0 0 0 0 0 0 0 0 0 0 1 13150.8 13150.8 13150.8 13150.8
-1 -1 1 -1 -1 1 0 0 0 0 0 -8.21679e-10 -0 0 0 -0 0 0 0 0 0 0 0 0 0 0 0 0 0 1 13150.8 13150.8 13150.8 13150.8
-1 -1 1 -1 -1 1 0 0 0 0 0 -3.00753e-09 -0 0 0 -0 0 0 0 0 0 0 0 0 0 0 0 0 0 1 13150.8 13150.8 13150.8 13150.8
-1 -1 1 -1 -1 1 0 0 0 0 0 2.09302e-09 -0 0 0 -0 0 0 0 0 0 0 0 0 0 0 0 0 0 1 13150.8 13150.8 13150.8 13150.8
-1 -1 1 -1 -1 1 0 0 0 0 0 -9.09405e-11 -0 0 0 -0 0 0 0 0 0 0 0 0 0 0 0 0 0 1 13150.8 13150.8 13150.8 13150.8
-1 -1 1 -1 -1 1 0 0 0 0 0 -2.29698e-09 -0 0 0 -0 0 0 0 0 0 0 0 0 0 0 0 0 0 1 13150.8 13150.8 13150.8 13150.8
-1 -1 1 -1 -1 1 0 0 0 0 0 2.78542e-09 -0 0 0 -0 0 0 0 0 0 0 0 0 0 0 0 0 0 1 13150.8 13150.8 13150.8 13150.8
-1 -1 1 -1 -1 1 0 0 0 0 0 5.9944e-10 -0 0 0 -0 0 0 0 0 0 0 0 0 0 0 0 0 0 1 13150.8 13150.8 13150.8 13150.8
-1 -1 1 -1 -1 1 0 0 0 0 0 -1.57084e-09 -0 0 0 -0 0 0 0 0 0 0 0 0 0 0 0 0 0 1 13150.8 13150.8 13150.8 13150.8
-1 -1 1 -1 -1 1 0 0 0 0 0 3.55736e-09 -0 0 0 -0 0 0 0 0 0 0 0 0 0 0 0 0 0 1 13150.8 13150.8 13150.8 13150.8
-1 -1 1 -1 -1 1 0 0 0 0 0 1.36819e-09 -0 0 0 -0 0 0 0 0 0 0 0 0 0 0 0 0 0 1 13150.8 13150.8 13150.8 13150.8
-1 -1 1 -1 -1 1 0 0 0 0 0 -8.19205e-10 -0 0 0 -0 0 0 0 0 0 0 0 0 0 0 0 0 0 1 13150.8 13150.8 13150.8 13150.8
-1 -1 1 -1 -1 1 0 0 0 0 0 -3.01945e-09 -0 0 0 -0 0 0 0 0 0 0 0 0 0 0 0 0 0 1 13150.8 13150.8 13150.8 13150.8
-1 -1 1 -1 -1 1 0 0 0 0 0 2.05301e-09 -0 0 0 -0 0 0 0 0 0 0 0 0 0 0 0 0 0 1 13150.8 13150.8 13150.8 13150.8
-1 -1 1 -1 -1 1 0 0 0 0 0 -1.32326e-10 -0 0 0 -0 0 0 0 0 0 0 0 0 0 0 0 0 0 1 13150.8 13150.8 13150.8 13150.8
-1 -1 1 -1 -1 1 0 0 0 0 0 -2.32032e-09 -0 0 0 -0 0 0 0 0 0 0 0 0 0 0 0 0 0 1 13150.8 13150.8 13150.8 13150.8
-1 -1 1 -1 -1 1 0 0 0 0 0 2.78787e-09 -0 0 0 -0 0 0 0 0 0 0 0 0 0 0 0 0 0 1 13150.8 13150.8 13150.8 13150.8
-1 -1 1 -1 -1 1 0 0 0 0 0 5.99893e-10 -0 0 0 -0 0 0 0 0 0 0 0 0 0 0 0 0 0 1 13150.8 13150.8 13150.8 13150.8
-1 -1 1 -1 -1 1 0 0 0 0 0 -1.58801e-09 -0 0 0 -0 0 0 0 0 0 0 0 0 0 0 0 0 0 1 13150.8 13150.8 13150.8 13150.8
-1 -1 1 -1 -1 1 0 0 0 0 0 3.50829e-09 -0 0 0 -0 0 0 0 0 0 0 0 0 0 0 0 0 0 1 13150.8 13150.8 13150.8 13150.8
-1 -1 1 -1 -1 1 0 0 0 0 0 1.31233e-09 -0 0 0 -0 0 0 0 0 0 0 0 0 0 0 0 0 0 1 13150.8 13150.8 13150.8 13150.8
-1 -1 1 -1 -1 1 0 0 0 0 0 -8.81814e-10 -0 0 0 -0 0 0 0 0 0 0 0 0 0 0 0 0 0 1 13150.8 13150.8 13150.8 13150.8
-1 -1 1 -1 -1 1 0 0 0 0 0 -3.05943e-09 -0 0 0 -0 0 0 0 0 0 0 0 0 0 0 0 0 0 1 13150.8 13150.8 13150.8 13150.8
-1 -1 1 -1 -1 1 0 0 0 0 0 2.06934e-09 -0 0 0 -0 0 0 0 0 0 0 0 0 0 0 0 0 0 1 13150.8 13150.8 13150.8 13150.8
-1 -1 1 -1 -1 1 0 0 0 0 0 -9.958e-11 -0 0 0 -0 0 0 0 0 0 0 0 0 0 0 0 0 0 1 13150.8 13150.8 13150.8 13150.8
-1 -1 1 -1 -1 1 0 0 0 0 0 -2.30068e-09 -0 0 0 -0 0 0 0 0 0 0 0 0 0 0 0 0 0 1 13150.8 13150.8 13150.8 13150.8
-1 -1 1 -1 -1 1 0 0 0 0 0 2.79702e-09 -0 0 0 -0 0 0 0 0 0 0 0 0 0 0 0 0 0 1 13150.8 13150.8 13150.8 13150.8
-1 -1 1 -1 -1 1 0 0 0 0 0 6.08466e-10 -0 0 0 -0 0 0 0 0 0 0 0 0 0 0 0 0 0 1 13150.8 13150.8 13150.8 13150.8
-1 -1 1 -1 -1 1 0 0 0 0 0 -1.57862e-09 -0 0 0 -0 0 0 0 0 0 0 0 0 0 0 0 0 0 1 13150.8 13150.8 13150.8 13150.8
-1 -1 1 -1 -1 1 0 0 0 0 0 3.51753e-09 -0 0 0 -0 0 0 0 0 0 0 0 0 0 0 0 0 0 1 13150.8 13150.8 13150.8 13150.8
-1 -1 1 -1 -1 1 0 0 0 0 0 1.32266e-09 -0 0 0 -0 0 0 0 0 0 0 0 0 0 0 0 0 0 1 13150.8 13150.8 13150.8 13150.8
-1 -1 1 -1 -1 1 0 0 0 0 0 -8.68065e-10 -0 0 0 -0 0 0 0 0 0 0 0 0 0 0 0 0 0 1 13150.8 13150.8 13150.8 13150.8
-1 -1 1 -1 -1 1 0 0 0 0 0 -3.05569e-09 -0 0 0 -0 0 0 0 0 0 0 0 0 0 0 0 0 0 1 13150.8 13150.8 13150.8 13150.8
-1 -1 1 -1 -1 1 0 0 0 0 0 2.04789e-09 -0 0 0 -0 0 0 0 0 0 0 0 0 0 0 0 0 0 1 13150.8 13150.8 13150.8 13150.8
-1 -1 1 -1 -1 1 0 0 0 0 0 -1.32288e-10 -0 0 0 -0 0 0 0 0 0 0 0 0 0 0 0 0 0 1 13150.8 13150.8 13150.8 13150.8
-1 -1 1 -1 -1 1 0 0 0 0 0 -2.32727e-09 -0 0 0 -0 0 0 0 0 0 0 0 0 0 0 0 0 0 1 13150.8 13150.8 13150.8 13150.8
-1 -1 1 -1 -1 1 0 0 0 0 0 2.74829e-09 -0 0 0 -0 0 0 0 0 0 0 0 0 0 0 0 0 0 1 13150.8 13150.8 13150.8 13150.8
-1 -1 1 -1 -1 1 0 0 0 0 0 5.548e-10 -0 0 0 -0 0 0 0 0 0 0 0 0 0 0 0 0 0 1 13150.8 13150.8 13150.8 13150.8
-1 -1 1 -1 -1 1 0 0 0 0 0 -1.6338e-09 -0 0 0 -0 0 0 0 0 0 0 0 0 0 0 0 0 0 1 13150.8 13150.8 13150.8 13150.8
-1 -1 1 -1 -1 1 0 0 0 0 0 3.45984e-09 -0 0 0 -0 0 0 0 0 0 0 0 0 0 0 0 0 0 1 13150.8 13150.8 13150.8 13150.8
-1 -1 1 -1 -1 1 0 0 0 0 0 1.26943e-09 -0 0 0 -0 0 0 0 0 0 0 0 0 0 0 0 0 0 1 13150.8 13150.8 13150.8 13150.8
-1 -1 1 -1 -1 1 0 0 0 0 0 -9.19577e-10 -0 0 0 -0 0 0 0 0 0 0 0 0 0 0 0 0 0 1 13150.8 13150.8 13150.8 13150.8
-1 -1 1 -1 -1 1 0 0 0 0 0 -3.1079e-09 -0 0 0 -0 0 0 0 0 0 0 0 0 0 0 0 0 0 1 13150.8 13150.8 13150.8 13150.8
-1 -1 1 -1 -1 1 0 0 0 0 0 2.01392e-09 -0 0 0 -0 0 0 0 0 0 0 0 0 0 0 0 0 0 1 13150.8 13150.8 13150.8 13150.8
-1 -1 1 -1 -1 1 0 0 0 0 0 -1.65093e-10 -0 0 0 -0 0 0 0 0 0 0 0 0 0 0 0 0 0 1 13150.8 13150.8 13150.8 13150.8
-1 -1 1 -1 -1 1 0 0 0 0 0 -2.35808e-09 -0 0 0 -0 0 0 0 0 0 0 0 0 0 0 0 0 0 1 13150.8 13150.8 13150.8 13150.8
-1 -1 1 -1 -1 1 0 0 0 0 0 2.7406e-09 -0 0 0 -0 0 0 0 0 0 0 0 0 0 0 0 0 0 1 13150.8 13150.8 13150.8 13150.8
-1 -1 1 -1 -1 1 0 0 0 0 0 5.52468e-10 -0 0 0 -0 0 0 0 0 0 0 0 0 0 0 0 0 0 1 13150.8 13150.8 13150.8 13150.8
-1 -1 1 -1 -1 1 0 0 0 0 0 -1.63499e-09 -0 0 0 -0 0 0 0 0 0 0 0 0 0 0 0 0 0 1 13150.8 13150.8 13150.8 13150.8
-1 -1 1 -1 -1 1 0 0 0 0 0 3.45729e-09 -0 0 0 -0 0 0 0 0 0 0 0 0 0 0 0 0 0 1 13150.8 13150.8 13150.8 13150.8
-1 -1 1 -1 -1 1 0 0 0 0 0 1.26162e-09 -0 0 0 -0 0 0 0 0 0 0 0 0 0 0 0 0 0 1 13150.8 13150.8 13150.8 13150.8
-1 -1 1 -1 -1 1 0 0 0 0 0 -9.32032e-10 -0 0 0 -0 0 0 0 0 0 0 0 0 0 0 0 0 0 1 13150.8 13150.8 13150.8 13150.8
-1 -1 1 -1 -1 1 0 0 0 0 0 -3.11975e-09 -0 0 0 -0 0 0 0 0 0 0 0 0 0 0 0 0 0 1 13150.8 13150.8 13150.8 13150.8
-1 -1 1 -1 -1 1 0 0 0 0 0 1.98708e-09 -0 0 0 -0 0 0 0 0 0 0 0 0 0 0 0 0 0 1 13150.8 13150.8 13150.8 13150.8
-1 -1 1 -1 -1 1 0 0 0 0 0 -1.92575e-10 -0 0 0 -0 0 0 0 0 0 0 0 0 0 0 0 0 0 1 13150.8 13150.8 13150.8 13150.8
-1 -1 1 -1 -1 1 0 0 0 0 0 -2.39062e-09 -0 0 0 -0 0 0 0 0 0 0 0 0 0 0 0 0 0 1 13150.8 13150.8 13150.8 13150.8
-1 -1 1 -1 -1 1 0 0 0 0 0 2.6808e-09 -0 0 0 -0 0 0 0 0 0 0 0 0 0 0 0 0 0 1 13150.8 13150.8 13150.8 13150.8
-1 -1 1 -1 -1 1 0 0 0 0 0 4.88983e-10 -0 0 0 -0 0 0 0 0 0 0 0 0 0 0 0 0 0 1 13150.8 13150.8 13150.8 13150.8
-1 -1 1 -1 -1 1 0 0 0 0 0 -1.69871e-09 -0 0 0 -0 0 0 0 0 0 0 0 0 0 0 0 0 0 1 13150.8 13150.8 13150.8 13150.8
-1 -1 1 -1 -1 1 0 0 0 0 0 3.39836e-09 -0 0 0 -0 0 0 0 0 0 0 0 0 0 0 0 0 0 1 13150.8 13150.8 13150.8 13150.8
-1 -1 1 -1 -1 1 0 0 0 0 0 1.20784e-09 -0 0 0 -0 0 0 0 0 0 0 0 0 0 0 0 0 0 1 13150.8 13150.8 13150.8 13150.8
-1 -1 1 -1 -1 1 0 0 0 0 0 -9.80756e-10 -0 0 0 -0 0 0 0 0 0 0 0 0 0 0 0 0 0 1 13150.8 13150.8 13150.8 13150.8
-1 -1 1 -1 -1 1 0 0 0 0 0 -3.17058e-09 -0 0 0 -0 0 0 0 0 0 0 0 0 0 0 0 0 0 1 13150.8 13150.8 13150.8 13150.8
-1 -1 1 -1 -1 1 0 0 0 0 0 1.91789e-09 -0 0 0 -0 0 0 0 0 0 0 0 0 0 0 0 0 0 1 13150.8 13150.8 13150.8 13150.8
-1 -1 1 -1 -1 1 0 0 0 0 0 -2.72925e-10 -0 0 0 -0 0 0 0 0 0 0 0 0 0 0 0 0 0 1 13150.8 13150.8 13150.8 13150.8
-1 -1 1 -1 -1 1 0 0 0 0 0 -2.46898e-09 -0 0 0 -0 0 0 0 0 0 0 0 0 0 0 0 0 0 1 13150.8 13150.8 13150.8 13150.8
-1 -1 1 -1 -1 1 0 0 0 0 0 2.63799e-09 -0 0 0 -0 0 0 0 0 0 0 0 0 0 0 0 0 0 1 13150.8 13150.8 13150.8 13150.8
-1 -1 1 -1 -1 1 0 0 0 0 0 4.55491e-10 -0 0 0 -0 0 0 0 0 0 0 0 0 0 0 0 0 0 1 13150.8 13150.8 13150.8 13150.8
-1 -1 1 -1 -1 1 0 0 0 0 0 -1.74255e-09 -0 0 0 -0 0 0 0 0 0 0 0 0 0 0 0 0 0 1 13150.8 13150.8 13150.8 13150.8
-1 -1 1 -1 -1 1 0 0 0 0 0 3.34669e-09 -0 0 0 -0 0 0 0 0 0 0 0 0 0 0 0 0 0 1 13150.8 13150.8 13150.8 13150.8
-1 -1 1 -1 -1 1 0 0 0 0 0 1.16323e-09 -0 0 0 -0 0 0 0 0 0 0 0 0 0 0 0 0 0 1 13150.8 13150.8 13150.8 13150.8
-1 -1 1 -1 -1 1 0 0 0 0 0 -1.02549e-09 -0 0 0 -0 0 0 0 0 0 0 0 0 0 0 0 0 0 1 13150.8 13150.8 13150.8 13150.8
-1 -1 1 -1 -1 1 0 0 0 0 0 -3.21869e-09 -0 0 0 -0 0 0 0 0 0 0 0 0 0 0 0 0 0 1 13150.8 13150.8 13150.8 13150.8
-1 -1 1 -1 -1 1 0 0 0 0 0 1.87124e-09 -0 0 0 -0 0 0 0 0 0 0 0 0 0 0 0 0 0 1 13150.8 13150.8 13150.8 13150.8
-1 -1 1 -1 -1 1 0 0 0 0 0 -3.26438e-10 -0 0 0 -0 0 0 0 0 0 0 0 0 0 0 0 0 0 1 13150.8 13150.8 13150.8 13150.8
-1 -1 1 -1 -1 1 0 0 0 0 0 -2.50252e-09 -0 0 0 -0 0 0 0 0 0 0 0 0 0 0 0 0 0 1 13150.8 13150.8 13150.8 13150.8
-1 -1 1 -1 -1 1 0 0 0 0 0 2.59197e-09 -0 0 0 -0 0 0 0 0 0 0 0 0 0 0 0 0 0 1 13150.8 13150.8 13150.8 13150.8
-1 -1 1 -1 -1 1 0 0 0 0 0 3.99314e-10 -0 0 0 -0 0 0 0 0 0 0 0 0 0 0 0 0 0 1 13150.8 13150.8 13150.8 13150.8
-1 -1 1 -1 -1 1 0 0 0 0 0 -1.78949e-09 -0 0 0 -0 0 0 0 0 0 0 0 0 0 0 0 0 0 1 13150.8 13150.8 13150.8 13150.8
-1 -1 1 -1 -1 1 0 0 0 0 0 3.34181e-09 -0 0 0 -0 0 0 0 0 0 0 0 0 0 0 0 0 0 1 13150.8 13150.8 13150.8 13150.8
-1 -1 1 -1 -1 1 0 0 0 0 0 1.16091e-09 -0 0 0 -0 0 0 0 0 0 0 0 0 0 0 0 0 0 1 13150.8 13150.8 13150.8 13150.8
-1 -1 1 -1 -1 1 0 0 0 0 0 -1.0323e-09 -0 0 0 -0 0 0 0 0 0 0 0 0 0 0 0 0 0 1 13150.8 13150.8 13150.8 13150.8
-1 -1 1 -1 -1 1 0 0 0 0 0 -3.19533e-09 -0 0 0 -0 0 0 0 0 0 0 0 0 0 0 0 0 0 1 13150.8 13150.8 13150.8 13150.8
-1 -1 1 -1 -1 1 0 0 0 0 0 1.93664e-09 -0 0 0 -0 0 0 0 0 0 0 0 0 0 0 0 0 0 1 13150.8 13150.8 13150.8 13150.8
-1 -1 1 -1 -1 1 0 0 0 0 0 -2.51715e-10 -0 0 0 -0 0 0 0 0 0 0 0 0 0 0 0 0 0 1 13150.8 13150.8 13150.8 13150.8
-1 -1 1 -1 -1 1 0 0 0 0 0 -2.44834e-09 -0 0 0 -0 0 0 0 0 0 0 0 0 0 0 0 0 0 1 13150.8 13150.8 13150.8 13150.8
-1 -1 1 -1 -1 1 0 0 0 0 0 2.64479e-09 -0 0 0 -0 0 0 0 0 0 0 0 0 0 0 0 0 0 1 13150.8 13150.8 13150.8 13150.8
-1 -1 1 -1 -1 1 0 0 0 0 0 4.55515e-10 -0 0 0 -0 0 0 0 0 0 0 0 0 0 0 0 0 0 1 13150.8 13150.8 13150.8 13150.8
-1 -1 1 -1 -1 1 0 0 0 0 0 -1.7315e-09 -0 0 0 -0 0 0 0 0 0 0 0 0 0 0 0 0 0 1 13150.8 13150.8 13150.8 13150.8
-1 -1 1 -1 -1 1 0 0 0 0 0 3.38012e-09 -0 0 0 -0 0 0 0 0 0 0 0 0 0 0 0 0 0 1 13150.8 13150.8 13150.8 13150.8
-1 -1 1 -1 -1 1 0 0 0 0 0 1.19332e-09 -0 0 0 -0 0 0 0 0 0 0 0 0 0 0 0 0 0 1 13150.8 13150.8 13150.8 13150.8
-1 -1 1 -1 -1 1 0 0 0 0 0 -9.92618e-10 -0 0 0 -0 0 0 0 0 0 0 0 0 0 0 0 0 0 1 13150.8 13150.8 13150.8 13150.8
-1 -1 1 -1 -1 1 0 0 0 0 0 -3.18794e-09 -0 0 0 -0 0 0 0 0 0 0 0 0 0 0 0 0 0 1 13150.8 13150.8 13150.8 13150.8
-1 -1 1 -1 -1 1 0 0 0 0 0 1.91629e-09 -0 0 0 -0 0 0 0 0 0 0 0 0 0 0 0 0 0 1 13150.8 13150.8 13150.8 13150.8
-1 -1 1 -1 -1 1 0 0 0 0 0 -2.60266e-10 -0 0 0 -0 0 0 0 0 0 0 0 0 0 0 0 0 0 1 13150.8 13150.8 13150.8 13150.8
-1 -1 1 -1 -1 1 0 0 0 0 0 -2.45782e-09 -0 0 0 -0 0 0 0 0 0 0 0 0 0 0 0 0 0 1 13150.8 13150.8 13150.8 13150.8
-1 -1 1 -1 -1 1 0 0 0 0 0 2.62021e-09 -0 0 0 -0 0 0 0 0 0 0 0 0 0 0 0 0 0 1 13150.8 13150.8 13150.8 13150.8
-1 -1 1 -1 -1 1 0 0 0 0 0 4.25737e-10 -0 0 0 -0 0 0 0 0 0 0 0 0 0 0 0 0 0 1 13150.8 13150.8 13150.8 13150.8
-1 -1 1 -1 -1 1 0 0 0 0 0 -1.7625e-09 -0 0 0 -0 0 0 0 0 0 0 0 0 0 0 0 0 0 1 13150.8 13150.8 13150.8 13150.8
-1 -1 1 -1 -1 1 0 0 0 0 0 3.33017e-09 -0 0 0 -0 0 0 0 0 0 0 0 0 0 0 0 0 0 1 13150.8 13150.8 13150.8 13150.8
-1 -1 1 -1 -1 1 0 0 0 0 0 1.13895e-09 -0 0 0 -0 0 0 0 0 0 0 0 0 0 0 0 0 0 1 13150.8 13150.8 13150.8 13150.8
-1 -1 1 -1 -1 1 0 0 0 0 0 -1.04808e-09 -0 0 0 -0 0 0 0 0 0 0 0 0 0 0 0 0 0 1 13150.8 13150.8 13150.8 13150.8
-1 -1 1 -1 -1 1 0 0 0 0 0 -3.23628e-09 -0 0 0 -0 0 0 0 0 0 0 0 0 0 0 0 0 0 1 13150.8 13150.8 13150.8 13150.8
-1 -1 1 -1 -1 1 0 0 0 0 0 1.85902e-09 -0 0 0 -0 0 0 0 0 0 0 0 0 0 0 0 0 0 1 13150.8 13150.8 13150.8 13150.8
-1 -1 1 -1 -1 1 0 0 0 0 0 -3.32794e-10 -0 0 0 -0 0 0 0 0 0 0 0 0 0 0 0 0 0 1 13150.8 13150.8 13150.8 13150.8
-1 -1 1 -1 -1 1 0 0 0 0 0 -2.52472e-09 -0 0 0 -0 0 0 0 0 0 0 0 0 0 0 0 0 0 1 13150.8 13150.8 13150.8 13150.8
-1 -1 1 -1 -1 1 0 0 0 0 0 2.57198e-09 -0 0 0 -0 0 0 0 0 0 0 0 0 0 0 0 0 0 1 13150.8 13150.8 13150.8 13150.8
-1 -1 1 -1 -1 1 0 0 0 0 0 3.74026e-10 -0 0 0 -0 0 0 0 0 0 0 0 0 0 0 0 0 0 1 13150.8 13150.8 13150.8 13150.8
-1 -1 1 -1 -1 1 0 0 0 0 0 -1.80838e-09 -0 0 0 -0 0 0 0 0 0 0 0 0 0 0 0 0 0 1 13150.8 13150.8 13150.8 13150.8
-1 -1 1 -1 -1 1 0 0 0 0 0 3.29237e-09 -0 0 0 -0 0 0 0 0 0 0 0 0 0 0 0 0 0 1 13150.8 13150.8 13150.8 13150.8
-1 -1 1 -1 -1 1 0 0 0 0 0 1.10453e-09 -0 0 0 -0 0 0 0 0 0 0 0 0 0 0 0 0 0 1 13150.8 13150.8 13150.8 13150.8
-1 -1 1 -1 -1 1 0 0 0 0 0 -1.08926e-09 -0 0 0 -0 0 0 0 0 0 0 0 0 0 0 0 0 0 1 13150.8 13150.8 13150.8 13150.8
-1 -1 1 -1 -1 1 0 0 0 0 0 -3.27829e-09 -0 0 0 -0 0 0 0 0 0 0 0 0 0 0 0 0 0 1 13150.8 13150.8 13150.8 13150.8
-1 -1 1 -1 -1 1 0 0 0 0 0 1.8425e-09 -0 0 0 -0 0 0 0 0 0 0 0 0 0 0 0 0 0 1 13150.8 13150.8 13150.8 13150.8
-1 -1 1 -1 -1 1 0 0 0 0 0 -3.36642e-10 -0 0 0 -0 0 0 0 0 0 0 0 0 0 0 0 0 0 1 13150.8 13150.8 13150.8 13150.8
-1 -1 1 -1 -1 1 0 0 0 0 0 -2.53009e-09 -0 0 0 -0 0 0 0 0 0 0 0 0 0 0 0 0 0 1 13150.8 13150.8 13150.8 13150.8
-1 -1 1 -1 -1 1 0 0 0 0 0 2.53652e-09 -0 0 0 -0 0 0 0 0 0 0 0 0 0 0 0 0 0 1 13150.8 13150.8 13150.8 13150.8
-1 -1 1 -1 -1 1 0 0 0 0 0 3.4578e-10 -0 0 0 -0 0 0 0 0 0 0 0 0 0 0 0 0 0 1 13150.8 13150.8 13150.8 13150.8
-1 -1 1 -1 -1 1 0 0 0 0 0 -1.84208e-09 -0 0 0 -0 0 0 0 0 0 0 0 0 0 0 0 0 0 1 13150.8 13150.8 13150.8 13150.8
-1 -1 1 -1 -1 1 0 0 0 0 0 3.26222e-09 -0 0 0 -0 0 0 0 0 0 0 0 0 0 0 0 0 0 1 13150.8 13150.8 13150.8 13150.8
-1 -1 1 -1 -1 1 0 0 0 0 0 1.07163e-09 -0 0 0 -0 0 0 0 0 0 0 0 0 0 0 0 0 0 1 13150.8 13150.8 13150.8 13150.8
-1 -1 1 -1 -1 1 0 0 0 0 0 -1.11549e-09 -0 0 0 -0 0 0 0 0 0 0 0 0 0 0 0 0 0 1 13150.8 13150.8 13150.8 13150.8
-1 -1 1 -1 -1 1 0 0 0 0 0 -3.30327e-09 -0 0 0 -0 0 0 0 0 0 0 0 0 0 0 0 0 0 1 13150.8 13150.8 13150.8 13150.8
-1 -1 1 -1 -1 1 0 0 0 0 0 1.78803e-09 -0 0 0 -0 0 0 0 0 0 0 0 0 0 0 0 0 0 1 13150.8 13150.8 13150.8 13150.8
-1 -1 1 -1 -1 1 0 0 0 0 0 -4.02471e-10 -0 0 0 -0 0 0 0 0 0 0 0 0 0 0 0 0 0 1 13150.8 13150.8 13150.8 13150.8
-1 -1 1 -1 -1 1 0 0 0 0 0 -2.59447e-09 -0 0 0 -0 0 0 0 0 0 0 0 0 0 0 0 0 0 1 13150.8 13150.8 13150.8 13150.8
-1 -1 1 -1 -1 1 0 0 0 0 0 2.50126e-09 -0 0 0 -0 0 0 0 0 0 0 0 0 0 0 0 0 0 1 13150.8 13150.8 13150.8 13150.8
-1 -1 1 -1 -1 1 0 0 0 0 0 3.08559e-10 -0 0 0 -0 0 0 0 0 0 0 0 0 0 0 0 0 0 1 13150.8 13150.8 13150.8 13150.8
-1 -1 1 -1 -1 1 0 0 0 0 0 -1.87699e-09 -0 0 0 -0 0 0 0 0 0 0 0 0 0 0 0 0 0 1 13150.8 13150.8 13150.8 13150.8
-1 -1 1 -1 -1 1 0 0 0 0 0 3.21418e-09 -0 0 0 -0 0 0 0 0 0 0 0 0 0 0 0 0 0 1 13150.8 13150.8 13150.8 13150.8
-1 -1 1 -1 -1 1 0 0 0 0 0 1.01909e-09 -0 0 0 -0 0 0 0 0 0 0 0 0 0 0 0 0 0 1 13150.8 13150.8 13150.8 13150.8
-1 -1 1 -1 -1 1 0 0 0 0 0 -1.16663e-09 -0 0 0 -0 0 0 0 0 0 0 0 0 0 0 0 0 0 1 13150.8 13150.8 13150.8 13150.8
-1 -1 1 -1 -1 1 0 0 0 0 0 -3.3659e-09 -0 0 0 -0 0 0 0 0 0 0 0 0 0 0 0 0 0 1 13150.8 13150.8 13150.8 13150.8
-1 -1 1 -1 -1 1 0 0 0 0 0 1.72031e-09 -0 0 0 -0 0 0 0 0 0 0 0 0 0 0 0 0 0 1 13150.8 13150.8 13150.8 13150.8
-1 -1 1 -1 -1 1 0 0 0 0 0 -4.65019e-10 -0 0 0 -0 0 0 0 0 0 0 0 0 0 0 0 0 0 1 13150.8 13150.8 13150.8 13150.8
-1 -1 1 -1 -1 1 0 0 0 0 0 -2.65921e-09 -0 0 0 -0 0 0 0 0 0 0 0 0 0 0 0 0 0 1 13150.8 13150.8 13150.8 13150.8
-1 -1 1 -1 -1 1 0 0 0 0 0 2.41273e-09 -0 0 0 -0 0 0 0 0 0 0 0 0 0 0 0 0 0 1 13150.8 13150.8 13150.8 13150.8
-1 -1 1 -1 -1 1 0 0 0 0 0 2.18656e-10 -0 0 0 -0 0 0 0 0 0 0 0 0 0 0 0 0 0 1 13150.8 13150.8 13150.8 13150.8
-1 -1 1 -1 -1 1 0 0 0 0 0 -1.96838e-09 -0 0 0 -0 0 0 0 0 0 0 0 0 0 0 0 0 0 1 13150.8 13150.8 13150.8 13150.8
-1 -1 1 -1 -1 1 0 0 0 0 0 3.1549e-09 -0 0 0 -0 0 0 0 0 0 0 0 0 0 0 0 0 0 1 13150.8 13150.8 13150.8 13150.8
-1 -1 1 -1 -1 1 0 0 0 0 0 9.76761e-10 -0 0 0 -0 0 0 0 0 0 0 0 0 0 0 0 0 0 1 13150.8 13150.8 13150.8 13150.8
-1 -1 1 -1 -1 1 0 0 0 0 0 -1.22097e-09 -0 0 0 -0 0 0 0 0 0 0 0 0 0 0 0 0 0 1 13150.8 13150.8 13150.8 13150.8
-1 -1 1 -1 -1 1 0 0 0 0 0 -3.40133e-09 -0 0 0 -0 0 0 0 0 0 0 0 0 0 0 0 0 0 1 13150.8 13150.8 13150.8 13150.8
-1 -1 1 -1 -1 1 0 0 0 0 0 1.69134e-09 -0 0 0 -0 0 0 0 0 0 0 0 0 0 0 0 0 0 1 13150.8 13150.8 13150.8 13150.8
-1 -1 1 -1 -1 1 0 0 0 0 0 -4.98419e-10 -0 0 0 -0 0 0 0 0 0 0 0 0 0 0 0 0 0 1 13150.8 13150.8 13150.8 13150.8
-1 -1 1 -1 -1 1 0 0 0 0 0 -2.69964e-09 -0 0 0 -0 0 0 0 0 0 0 0 0 0 0 0 0 0 1 13150.8 13150.8 13150.8 13150.8
-1 -1 1 -1 -1 1 0 0 0 0 0 2.38724e-09 -0 0 0 -0 0 0 0 0 0 0 0 0 0 0 0 0 0 1 13150.8 13150.8 13150.8 13150.8
-1 -1 1 -1 -1 1 0 0 0 0 0 1.98884e-10 -0 0 0 -0 0 0 0 0 0 0 0 0 0 0 0 0 0 1 13150.8 13150.8 13150.8 13150.8
-1 -1 1 -1 -1 1 0 0 0 0 0 -1.98946e-09 -0 0 0 -0 0 0 0 0 0 0 0 0 0 0 0 0 0 1 13150.8 13150.8 13150.8 13150.8
-1 -1 1 -1 -1 1 0 0 0 0 0 3.10616e-09 -0 0 0 -0 0 0 0 0 0 0 0 0 0 0 0 0 0 1 13150.8 13150.8 13150.8 13150.8
-1 -1 1 -1 -1 1 0 0 0 0 0 9.1072e-10 -0 0 0 -0 0 0 0 0 0 0 0 0 0 0 0 0 0 1 13150.8 13150.8 13150.8 13150.8
-1 -1 1 -1 -1 1 0 0 0 0 0 -1.28246e-09 -0 0 0 -0 0 0 0 0 0 0 0 0 0 0 0 0 0 1 13150.8 13150.8 13150.8 13150.8
-1 -1 1 -1 -1 1 0 0 0 0 0 -3.46389e-09 -0 0 0 -0 0 0 0 0 0 0 0 0 0 0 0 0 0 1 13150.8 13150.8 13150.8 13150.8
-1 -1 1 -1 -1 1 0 0 0 0 0 1.65752e-09 -0 0 0 -0 0 0 0 0 0 0 0 0 0 0 0 0 0 1 13150.8 13150.8 13150.8 13150.8
-1 -1 1 -1 -1 1 0 0 0 0 0 -5.22323e-10 -0 0 0 -0 0 0 0 0 0 0 0 0 0 0 0 0 0 1 13150.8 13150.8 13150.8 13150.8
-1 -1 1 -1 -1 1 0 0 0 0 0 -2.70714e-09 -0 0 0 -0 0 0 0 0 0 0 0 0 0 0 0 0 0 1 13150.8 13150.8 13150.8 13150.8
-1 -1 1 -1 -1 1 0 0 0 0 0 2.39723e-09 -0 0 0 -0 0 0 0 0 0 0 0 0 0 0 0 0 0 1 13150.8 13150.8 13150.8 13150.8
-1 -1 1 -1 -1 1 0 0 0 0 0 2.05666e-10 -0 0 0 -0 0 0 0 0 0 0 0 0 0 0 0 0 0 1 13150.8 13150.8 13150.8 13150.8
-1 -1 1 -1 -1 1 0 0 0 0 0 -1.97954e-09 -0 0 0 -0 0 0 0 0 0 0 0 0 0 0 0 0 0 1 13150.8 13150.8 13150.8 13150.8
-1 -1 1 -1 -1 1 0 0 0 0 0 3.1192e-09 -0 0 0 -0 0 0 0 0 0 0 0 0 0 0 0 0 0 1 13150.8 13150.8 13150.8 13150.8
-1 -1 1 -1 -1 1 0 0 0 0 0 9.32775e-10 -0 0 0 -0 0 0 0 0 0 0 0 0 0 0 0 0 0 1 13150.8 13150.8 13150.8 13150.8
-1 -1 1 -1 -1 1 0 0 0 0 0 -1.26413e-09 -0 0 0 -0 0 0 0 0 0 0 0 0 0 0 0 0 0 1 13150.8 13150.8 13150.8 13150.8
-1 -1 1 -1 -1 1 0 0 0 0 0 -3.44454e-09 -0 0 0 -0 0 0 0 0 0 0 0 0 0 0 0 0 0 1 13150.8 13150.8 13150.8 13150.8
-1 -1 1 -1 -1 1 0 0 0 0 0 1.65025e-09 -0 0 0 -0 0 0 0 0 0 0 0 0 0 0 0 0 0 1 13150.8 13150.8 13150.8 13150.8
-1 -1 1 -1 -1 1 0 0 0 0 0 -5.40132e-10 -0 0 0 -0 0 0 0 0 0 0 0 0 0 0 0 0 0 1 13150.8 13150.8 13150.8 13150.8
-1 -1 1 -1 -1 1 0 0 0 0 0 -2.73705e-09 -0 0 0 -0 0 0 0 0 0 0 0 0 0 0 0 0 0 1 13150.8 13150.8 13150.8 13150.8
-1 -1 1 -1 -1 1 0 0 0 0 0 2.35481e-09 -0 0 0 -0 0 0 0 0 0 0 0 0 0 0 0 0 0 1 13150.8 13150.8 13150.8 13150.8
-1 -1 1 -1 -1 1 0 0 0 0 0 1.63982e-10 -0 0 0 -0 0 0 0 0 0 0 0 0 0 0 0 0 0 1 13150.8 13150.8 13150.8 13150.8
-1 -1 1 -1 -1 1 0 0 0 0 0 -2.02227e-09 -0 0 0 -0 0 0 0 0 0 0 0 0 0 0 0 0 0 1 13150.8 13150.8 13150.8 13150.8
-1 -1 1 -1 -1 1 0 0 0 0 0 3.07003e-09 -0 0 0 -0 0 0 0 0 0 0 0 0 0 0 0 0 0 1 13150.8 13150.8 13150.8 13150.8
-1 -1 1 -1 -1 1 0 0 0 0 0 8.7223e-10 -0 0 0 -0 0 0 0 0 0 0 0 0 0 0 0 0 0 1 13150.8 13150.8 13150.8 13150.8
-1 -1 1 -1 -1 1 0 0 0 0 0 -1.31192e-09 -0 0 0 -0 0 0 0 0 0 0 0 0 0 0 0 0 0 1 13150.8 13150.8 13150.8 13150.8
-1 -1 1 -1 -1 1 0 0 0 0 0 -3.51112e-09 -0 0 0 -0 0 0 0 0 0 0 0 0 0 0 0 0 0 1 13150.8 13150.8 13150.8 13150.8
-1 -1 1 -1 -1 1 0 0 0 0 0 1.58338e-09 -0 0 0 -0 0 0 0 0 0 0 0 0 0 0 0 0 0 1 13150.8 13150.8 13150.8 13150.8
-1 -1 1 -1 -1 1 0 0 0 0 0 -6.00724e-10 -0 0 0 -0 0 0 0 0 0 0 0 0 0 0 0 0 0 1 13150.8 13150.8 13150.8 13150.8
-1 -1 1 -1 -1 1 0 0 0 0 0 -2.78184e-09 -0 0 0 -0 0 0 0 0 0 0 0 0 0 0 0 0 0 1 13150.8 13150.8 13150.8 13150.8
-1 -1 1 -1 -1 1 0 0 0 0 0 2.41311e-09 -0 0 0 -0 0 0 0 0 0 0 0 0 0 0 0 0 0 1 13150.8 13150.8 13150.8 13150.8
-1 -1 1 -1 -1 1 0 0 0 0 0 2.53491e-10 -0 0 0 -0 0 0 0 0 0 0 0 0 0 0 0 0 0 1 13150.8 13150.8 13150.8 13150.8
-1 -1 1 -1 -1 1 0 0 0 0 0 -1.92544e-09 -0 0 0 -0 0 0 0 0 0 0 0 0 0 0 0 0 0 1 13150.8 13150.8 13150.8 13150.8
-1 -1 1 -1 -1 1 0 0 0 0 0 3.16981e-09 -0 0 0 -0 0 0 0 0 0 0 0 0 0 0 0 0 0 1 13150.8 13150.8 13150.8 13150.8
-1 -1 1 -1 -1 1 0 0 0 0 0 9.79646e-10 -0 0 0 -0 0 0 0 0 0 0 0 0 0 0 0 0 0 1 13150.8 13150.8 13150.8 13150.8
-1 -1 1 -1 -1 1 0 0 0 0 0 -1.21685e-09 -0 0 0 -0 0 0 0 0 0 0 0 0 0 0 0 0 0 1 13150.8 13150.8 13150.8 13150.8
-1 -1 1 -1 -1 1 0 0 0 0 0 -3.4071e-09 -0 0 0 -0 0 0 0 0 0 0 0 0 0 0 0 0 0 1 13150.8 13150.8 13150.8 13150.8
-1 -1 1 -1 -1 1 0 0 0 0 0 1.67091e-09 -0 0 0 -0 0 0 0 0 0 0 0 0 0 0 0 0 0 1 13150.8 13150.8 13150.8 13150.8
-1 -1 1 -1 -1 1 0 0 0 0 0 -5.18756e-10 -0 0 0 -0 0 0 0 0 0 0 0 0 0 0 0 0 0 1 13150.8 13150.8 13150.8 13150.8
-1 -1 1 -1 -1 1 0 0 0 0 0 -2.7076e-09 -0 0 0 -0 0 0 0 0 0 0 0 0 0 0 0 0 0 1 13150.8 13150.8 13150.8 13150.8
-1 -1 1 -1 -1 1 0 0 0 0 0 2.40993e-09 -0 0 0 -0 0 0 0 0 0 0 0 0 0 0 0 0 0 1 13150.8 13150.8 13150.8 13150.8
-1 -1 1 -1 -1 1 0 0 0 0 0 2.22209e-10 -0 0 0 -0 0 0 0 0 0 0 0 0 0 0 0 0 0 1 13150.8 13150.8 13150.8 13150.8
-1 -1 1 -1 -1 1 0 0 0 0 0 -1.96272e-09 -0 0 0 -0 0 0 0 0 0 0 0 0 0 0 0 0 0 1 13150.8 13150.8 13150.8 13150.8
-1 -1 1 -1 -1 1 0 0 0 0 0 3.12901e-09 -0 0 0 -0 0 0 0 0 0 0 0 0 0 0 0 0 0 1 13150.8 13150.8 13150.8 13150.8
-1 -1 1 -1 -1 1 0 0 0 0 0 9.40299e-10 -0 0 0 -0 0 0 0 0 0 0 0 0 0 0 0 0 0 1 13150.8 13150.8 13150.8 13150.8
-1 -1 1 -1 -1 1 0 0 0 0 0 -1.26081e-09 -0 0 0 -0 0 0 0 0 0 0 0 0 0 0 0 0 0 1 13150.8 13150.8 13150.8 13150.8
-1 -1 1 -1 -1 1 0 0 0 0 0 -3.44878e-09 -0 0 0 -0 0 0 0 0 0 0 0 0 0 0 0 0 0 1 13150.8 13150.8 13150.8 13150.8
-1 -1 1 -1 -1 1 0 0 0 0 0 1.62808e-09 -0 0 0 -0 0 0 0 0 0 0 0 0 0 0 0 0 0 1 13150.8 13150.8 13150.8 13150.8
-1 -1 1 -1 -1 1 0 0 0 0 0 -5.57526e-10 -0 0 0 -0 0 0 0 0 0 0 0 0 0 0 0 0 0 1 13150.8 13150.8 13150.8 13150.8
-1 -1 1 -1 -1 1 0 0 0 0 0 -2.74805e-09 -0 0 0 -0 0 0 0 0 0 0 0 0 0 0 0 0 0 1 13150.8 13150.8 13150.8 13150.8
-1 -1 1 -1 -1 1 0 0 0 0 0 2.34235e-09 -0 0 0 -0 0 0 0 0 0 0 0 0 0 0 0 0 0 1 13150.8 13150.8 13150.8 13150.8
-1 -1 1 -1 -1 1 0 0 0 0 0 1.47364e-10 -0 0 0 -0 0 0 0 0 0 0 0 0 0 0 0 0 0 1 13150.8 13150.8 13150.8 13150.8
-1 -1 1 -1 -1 1 0 0 0 0 0 -2.03966e-09 -0 0 0 -0 0 0 0 0 0 0 0 0 0 0 0 0 0 1 13150.8 13150.8 13150.8 13150.8
-1 -1 1 -1 -1 1 0 0 0 0 0 3.0125e-09 -0 0 0 -0 0 0 0 0 0 0 0 0 0 0 0 0 0 1 13150.8 13150.8 13150.8 13150.8
-1 -1 1 -1 -1 1 0 0 0 0 0 8.03336e-10 -0 0 0 -0 0 0 0 0 0 0 0 0 0 0 0 0 0 1 13150.8 13150.8 13150.8 13150.8
-1 -1 1 -1 -1 1 0 0 0 0 0 -1.38715e-09 -0 0 0 -0 0 0 0 0 0 0 0 0 0 0 0 0 0 1 13150.8 13150.8 13150.8 13150.8
-1 -1 1 -1 -1 1 0 0 0 0 0 -3.57292e-09 -0 0 0 -0 0 0 0 0 0 0 0 0 0 0 0 0 0 1 13150.8 13150.8 13150.8 13150.8
-1 -1 1 -1 -1 1 0 0 0 0 0 1.52334e-09 -0 0 0 -0 0 0 0 0 0 0 0 0 0 0 0 0 0 1 13150.8 13150.8 13150.8 13150.8
-1 -1 1 -1 -1 1 0 0 0 0 0 -6.6721e-10 -0 0 0 -0 0 0 0 0 0 0 0 0 0 0 0 0 0 1 13150.8 13150.8 13150.8 13150.8
-1 -1 1 -1 -1 1 0 0 0 0 0 -2.85795e-09 -0 0 0 -0 0 0 0 0 0 0 0 0 0 0 0 0 0 1 13150.8 13150.8 13150.8 13150.8
-1 -1 1 -1 -1 1 0 0 0 0 0 2.24213e-09 -0 0 0 -0 0 0 0 0 0 0 0 0 0 0 0 0 0 1 13150.8 13150.8 13150.8 13150.8
-1 -1 1 -1 -1 1 0 0 0 0 0 5.31633e-11 -0 0 0 -0 0 0 0 0 0 0 0 0 0 0 0 0 0 1 13150.8 13150.8 13150.8 13150.8
-1 -1 1 -1 -1 1 0 0 0 0 0 -2.13833e-09 -0 0 0 -0 0 0 0 0 0 0 0 0 0 0 0 0 0 1 13150.8 13150.8 13150.8 13150.8
-1 -1 1 -1 -1 1 0 0 0 0 0 2.95837e-09 -0 0 0 -0 0 0 0 0 0 0 0 0 0 0 0 0 0 1 13150.8 13150.8 13150.8 13150.8
-1 -1 1 -1 -1 1 0 0 0 0 0 7.67464e-10 -0 0 0 -0 0 0 0 0 0 0 0 0 0 0 0 0 0 1 13150.8 13150.8 13150.8 13150.8
-1 -1 1 -1 -1 1 0 0 0 0 0 -1.41545e-09 -0 0 0 -0 0 0 0 0 0 0 0 0 0 0 0 0 0 1 13150.8 13150.8 13150.8 13150.8
-1 -1 1 -1 -1 1 0 0 0 0 0 -3.6072e-09 -0 0 0 -0 0 0 0 0 0 0 0 0 0 0 0 0 0 1 13150.8 13150.8 13150.8 13150.8
-1 -1 1 -1 -1 1 0 0 0 0 0 1.49288e-09 -0 0 0 -0 0 0 0 0 0 0 0 0 0 0 0 0 0 1 13150.8 13150.8 13150.8 13150.8
-1 -1 1 -1 -1 1 0 0 0 0 0 -6.97257e-10 -0 0 0 -0 0 0 0 0 0 0 0 0 0 0 0 0 0 1 13150.8 13150.8 13150.8 13150.8
-1 -1 1 -1 -1 1 0 0 0 0 0 -2.88677e-09 -0 0 0 -0 0 0 0 0 0 0 0 0 0 0 0 0 0 1 13150.8 13150.8 13150.8 13150.8
-1 -1 1 -1 -1 1 0 0 0 0 0 2.1964e-09 -0 0 0 -0 0 0 0 0 0 0 0 0 0 0 0 0 0 1 13150.8 13150.8 13150.8 13150.8
-1 -1 1 -1 -1 1 0 0 0 0 0 -1.32245e-12 -0 0 0 -0 0 0 0 0 0 0 0 0 0 0 0 0 0 1 13150.8 13150.8 13150.8 13150.8
-1 -1 1 -1 -1 1 0 0 0 0 0 -2.19216e-09 -0 0 0 -0 0 0 0 0 0 0 0 0 0 0 0 0 0 1 13150.8 13150.8 13150.8 13150.8
-1 -1 1 -1 -1 1 0 0 0 0 0 2.88674e-09 -0 0 0 -0 0 0 0 0 0 0 0 0 0 0 0 0 0 1 13150.8 13150.8 13150.8 13150.8
-1 -1 1 -1 -1 1 0 0 0 0 0 6.81643e-10 -0 0 0 -0 0 0 0 0 0 0 0 0 0 0 0 0 0 1 13150.8 13150.8 13150.8 13150.8
-1 -1 1 -1 -1 1 0 0 0 0 0 -1.4915e-09 -0 0 0 -0 0 0 0 0 0 0 0 0 0 0 0 0 0 1 13150.8 13150.8 13150.8 13150.8
-1 -1 1 -1 -1 1 0 0 0 0 0 -3.69095e-09 -0 0 0 -0 0 0 0 0 0 0 0 0 0 0 0 0 0 1 13150.8 13150.8 13150.8 13150.8
-1 -1 1 -1 -1 1 0 0 0 0 0 1.39583e-09 -0 0 0 -0 0 0 0 0 0 0 0 0 0 0 0 0 0 1 13150.8 13150.8 13150.8 13150.8
-1 -1 1 -1 -1 1 0 0 0 0 0 -7.86169e-10 -0 0 0 -0 0 0 0 0 0 0 0 0 0 0 0 0 0 1 13150.8 13150.8 13150.8 13150.8
-1 -1 1 -1 -1 1 0 0 0 0 0 -2.98922e-09 -0 0 0 -0 0 0 0 0 0 0 0 0 0 0 0 0 0 1 13150.8 13150.8 13150.8 13150.8
-1 -1 1 -1 -1 1 0 0 0 0 0 2.09864e-09 -0 0 0 -0 0 0 0 0 0 0 0 0 0 0 0 0 0 1 13150.8 13150.8 13150.8 13150.8
-1 -1 1 -1 -1 1 0 0 0 0 0 -9.11215e-11 -0 0 0 -0 0 0 0 0 0 0 0 0 0 0 0 0 0 1 13150.8 13150.8 13150.8 13150.8
-1 -1 1 -1 -1 1 0 0 0 0 0 -2.27399e-09 -0 0 0 -0 0 0 0 0 0 0 0 0 0 0 0 0 0 1 13150.8 13150.8 13150.8 13150.8
-1 -1 1 -1 -1 1 0 0 0 0 0 2.90776e-09 -0 0 0 -0 0 0 0 0 0 0 0 0 0 0 0 0 0 1 13150.8 13150.8 13150.8 13150.8
-1 -1 1 -1 -1 1 0 0 0 0 0 7.55091e-10 -0 0 0 -0 0 0 0 0 0 0 0 0 0 0 0 0 0 1 13150.8 13150.8 13150.8 13150.8
-1 -1 1 -1 -1 1 0 0 0 0 0 -1.44393e-09 -0 0 0 -0 0 0 0 0 0 0 0 0 0 0 0 0 0 1 13150.8 13150.8 13150.8 13150.8
-1 -1 1 -1 -1 1 0 0 0 0 0 -3.63139e-09 -0 0 0 -0 0 0 0 0 0 0 0 0 0 0 0 0 0 1 13150.8 13150.8 13150.8 13150.8
-1 -1 1 -1 -1 1 0 0 0 0 0 1.44577e-09 -0 0 0 -0 0 0 0 0 0 0 0 0 0 0 0 0 0 1 13150.8 13150.8 13150.8 13150.8
-1 -1 1 -1 -1 1 0 0 0 0 0 -7.42874e-10 -0 0 0 -0 0 0 0 0 0 0 0 0 0 0 0 0 0 1 13150.8 13150.8 13150.8 13150.8
-1 -1 1 -1 -1 1 0 0 0 0 0 -2.94011e-09 -0 0 0 -0 0 0 0 0 0 0 0 0 0 0 0 0 0 1 13150.8 13150.8 13150.8 13150.8
-1 -1 1 -1 -1 1 0 0 0 0 0 2.15971e-09 -0 0 0 -0 0 0 0 0 0 0 0 0 0 0 0 0 0 1 13150.8 13150.8 13150.8 13150.8
-1 -1 1 -1 -1 1 0 0 0 0 0 -2.00418e-11 -0 0 0 -0 0 0 0 0 0 0 0 0 0 0 0 0 0 1 13150.8 13150.8 13150.8 13150.8
-1 -1 1 -1 -1 1 0 0 0 0 0 -2.21089e-09 -0 0 0 -0 0 0 0 0 0 0 0 0 0 0 0 0 0 1 13150.8 13150.8 13150.8 13150.8
-1 -1 1 -1 -1 1 0 0 0 0 0 2.88788e-09 -0 0 0 -0 0 0 0 0 0 0 0 0 0 0 0 0 0 1 13150.8 13150.8 13150.8 13150.8
-1 -1 1 -1 -1 1 0 0 0 0 0 6.98879e-10 -0 0 0 -0 0 0 0 0 0 0 0 0 0 0 0 0 0 1 13150.8 13150.8 13150.8 13150.8
-1 -1 1 -1 -1 1 0 0 0 0 0 -1.49782e-09 -0 0 0 -0 0 0 0 0 0 0 0 0 0 0 0 0 0 1 13150.8 13150.8 13150.8 13150.8
-1 -1 1 -1 -1 1 0 0 0 0 0 3.614e-09 -0 0 0 -0 0 0 0 0 0 0 0 0 0 0 0 0 0 1 13150.8 13150.8 13150.8 13150.8
-1 -1 1 -1 -1 1 0 0 0 0 0 1.43949e-09 -0 0 0 -0 0 0 0 0 0 0 0 0 0 0 0 0 0 1 13150.8 13150.8 13150.8 13150.8
-1 -1 1 -1 -1 1 0 0 0 0 0 -7.57215e-10 -0 0 0 -0 0 0 0 0 0 0 0 0 0 0 0 0 0 1 13150.8 13150.8 13150.8 13150.8
-1 -1 1 -1 -1 1 0 0 0 0 0 -2.94587e-09 -0 0 0 -0 0 0 0 0 0 0 0 0 0 0 0 0 0 1 13150.8 13150.8 13150.8 13150.8
-1 -1 1 -1 -1 1 0 0 0 0 0 2.1592e-09 -0 0 0 -0 0 0 0 0 0 0 0 0 0 0 0 0 0 1 13150.8 13150.8 13150.8 13150.8
-1 -1 1 -1 -1 1 0 0 0 0 0 -2.5252e-11 -0 0 0 -0 0 0 0 0 0 0 0 0 0 0 0 0 0 1 13150.8 13150.8 13150.8 13150.8
-1 -1 1 -1 -1 1 0 0 0 0 0 -2.20872e-09 -0 0 0 -0 0 0 0 0 0 0 0 0 0 0 0 0 0 1 13150.8 13150.8 13150.8 13150.8
-1 -1 1 -1 -1 1 0 0 0 0 0 2.88829e-09 -0 0 0 -0 0 0 0 0 0 0 0 0 0 0 0 0 0 1 13150.8 13150.8 13150.8 13150.8
-1 -1 1 -1 -1 1 0 0 0 0 0 6.92505e-10 -0 0 0 -0 0 0 0 0 0 0 0 0 0 0 0 0 0 1 13150.8 13150.8 13150.8 13150.8
-1 -1 1 -1 -1 1 0 0 0 0 0 -1.49286e-09 -0 0 0 -0 0 0 0 0 0 0 0 0 0 0 0 0 0 1 13150.8 13150.8 13150.8 13150.8
-1 -1 1 -1 -1 1 0 0 0 0 0 3.59856e-09 -0 0 0 -0 0 0 0 0 0 0 0 0 0 0 0 0 0 1 13150.8 13150.8 13150.8 13150.8
-1 -1 1 -1 -1 1 0 0 0 0 0 1.40344e-09 -0 0 0 -0 0 0 0 0 0 0 0 0 0 0 0 0 0 1 13150.8 13150.8 13150.8 13150.8
-1 -1 1 -1 -1 1 0 0 0 0 0 -7.80512e-10 -0 0 0 -0 0 0 0 0 0 0 0 0 0 0 0 0 0 1 13150.8 13150.8 13150.8 13150.8
-1 -1 1 -1 -1 1 0 0 0 0 0 -2.97711e-09 -0 0 0 -0 0 0 0 0 0 0 0 0 0 0 0 0 0 1 13150.8 13150.8 13150.8 13150.8
-1 -1 1 -1 -1 1 0 0 0 0 0 2.11154e-09 -0 0 0 -0 0 0 0 0 0 0 0 0 0 0 0 0 0 1 13150.8 13150.8 13150.8 13150.8
-1 -1 1 -1 -1 1 0 0 0 0 0 -7.46996e-11 -0 0 0 -0 0 0 0 0 0 0 0 0 0 0 0 0 0 1 13150.8 13150.8 13150.8 13150.8
-1 -1 1 -1 -1 1 0 0 0 0 0 -2.26259e-09 -0 0 0 -0 0 0 0 0 0 0 0 0 0 0 0 0 0 1 13150.8 13150.8 13150.8 13150.8
-1 -1 1 -1 -1 1 0 0 0 0 0 2.83716e-09 -0 0 0 -0 0 0 0 0 0 0 0 0 0 0 0 0 0 1 13150.8 13150.8 13150.8 13150.8
-1 -1 1 -1 -1 1 0 0 0 0 0 6.49544e-10 -0 0 0 -0 0 0 0 0 0 0 0 0 0 0 0 0 0 1 13150.8 13150.8 13150.8 13150.8
-1 -1 1 -1 -1 1 0 0 0 0 0 -1.54797e-09 -0 0 0 -0 0 0 0 0 0 0 0 0 0 0 0 0 0 1 13150.8 13150.8 13150.8 13150.8
-1 -1 1 -1 -1 1 0 0 0 0 0 3.5494e-09 -0 0 0 -0 0 0 0 0 0 0 0 0 0 0 0 0 0 1 13150.8 13150.8 13150.8 13150.8
-1 -1 1 -1 -1 1 0 0 0 0 0 1.36799e-09 -0 0 0 -0 0 0 0 0 0 0 0 0 0 0 0 0 0 1 13150.8 13150.8 13150.8 13150.8
-1 -1 1 -1 -1 1 0 0 0 0 0 -8.27801e-10 -0 0 0 -0 0 0 0 0 0 0 0 0 0 0 0 0 0 1 13150.8 13150.8 13150.8 13150.8
-1 -1 1 -1 -1 1 0 0 0 0 0 -3.01521e-09 -0 0 0 -0 0 0 0 0 0 0 0 0 0 0 0 0 0 1 13150.8 13150.8 13150.8 13150.8
-1 -1 1 -1 -1 1 0 0 0 0 0 2.09847e-09 -0 0 0 -0 0 0 0 0 0 0 0 0 0 0 0 0 0 1 13150.8 13150.8 13150.8 13150.8
-1 -1 1 -1 -1 1 0 0 0 0 0 -1.12437e-10 -0 0 0 -0 0 0 0 0 0 0 0 0 0 0 0 0 0 1 13150.8 13150.8 13150.8 13150.8
-1 -1 1 -1 -1 1 0 0 0 0 0 -2.26964e-09 -0 0 0 -0 0 0 0 0 0 0 0 0 0 0 0 0 0 1 13150.8 13150.8 13150.8 13150.8
-1 -1 1 -1 -1 1 0 0 0 0 0 2.843e-09 -0 0 0 -0 0 0 0 0 0 0 0 0 0 0 0 0 0 1 13150.8 13150.8 13150.8 13150.8
-1 -1 1 -1 -1 1 0 0 0 0 0 6.50191e-10 -0 0 0 -0 0 0 0 0 0 0 0 0 0 0 0 0 0 1 13150.8 13150.8 13150.8 13150.8
-1 -1 1 -1 -1 1 0 0 0 0 0 -1.53158e-09 -0 0 0 -0 0 0 0 0 0 0 0 0 0 0 0 0 0 1 13150.8 13150.8 13150.8 13150.8
-1 -1 1 -1 -1 1 0 0 0 0 0 3.57404e-09 -0 0 0 -0 0 0 0 0 0 0 0 0 0 0 0 0 0 1 13150.8 13150.8 13150.8 13150.8
-1 -1 1 -1 -1 1 0 0 0 0 0 1.38692e-09 -0 0 0 -0 0 0 0 0 0 0 0 0 0 0 0 0 0 1 13150.8 13150.8 13150.8 13150.8
-1 -1 1 -1 -1 1 0 0 0 0 0 -8.00727e-10 -0 0 0 -0 0 0 0 0 0 0 0 0 0 0 0 0 0 1 13150.8 13150.8 13150.8 13150.8
-1 -1 1 -1 -1 1 0 0 0 0 0 -2.98744e-09 -0 0 0 -0 0 0 0 0 0 0 0 0 0 0 0 0 0 1 13150.8 13150.8 13150.8 13150.8
-1 -1 1 -1 -1 1 0 0 0 0 0 2.13864e-09 -0 0 0 -0 0 0 0 0 0 0 0 0 0 0 0 0 0 1 13150.8 13150.8 13150.8 13150.8
-1 -1 1 -1 -1 1 0 0 0 0 0 -4.98595e-11 -0 0 0 -0 0 0 0 0 0 0 0 0 0 0 0 0 0 1 13150.8 13150.8 13150.8 13150.8
-1 -1 1 -1 -1 1 0 0 0 0 0 -2.22963e-09 -0 0 0 -0 0 0 0 0 0 0 0 0 0 0 0 0 0 1 13150.8 13150.8 13150.8 13150.8
-1 -1 1 -1 -1 1 0 0 0 0 0 2.86195e-09 -0 0 0 -0 0 0 0 0 0 0 0 0 0 0 0 0 0 1 13150.8 13150.8 13150.8 13150.8
-1 -1 1 -1 -1 1 0 0 0 0 0 6.72822e-10 -0 0 0 -0 0 0 0 0 0 0 0 0 0 0 0 0 0 1 13150.8 13150.8 13150.8 13150.8
-1 -1 1 -1 -1 1 0 0 0 0 0 -1.52433e-09 -0 0 0 -0 0 0 0 0 0 0 0 0 0 0 0 0 0 1 13150.8 13150.8 13150.8 13150.8
-1 -1 1 -1 -1 1 0 0 0 0 0 -3.70459e-09 -0 0 0 -0 0 0 0 0 0 0 0 0 0 0 0 0 0 1 13150.8 13150.8 13150.8 13150.8
-1 -1 1 -1 -1 1 0 0 0 0 0 1.39479e-09 -0 0 0 -0 0 0 0 0 0 0 0 0 0 0 0 0 0 1 13150.8 13150.8 13150.8 13150.8
-1 -1 1 -1 -1 1 0 0 0 0 0 -8.04914e-10 -0 0 0 -0 0 0 0 0 0 0 0 0 0 0 0 0 0 1 13150.8 13150.8 13150.8 13150.8
-1 -1 1 -1 -1 1 0 0 0 0 0 -3.00251e-09 -0 0 0 -0 0 0 0 0 0 0 0 0 0 0 0 0 0 1 13150.8 13150.8 13150.8 13150.8
-1 -1 1 -1 -1 1 0 0 0 0 0 2.0623e-09 -0 0 0 -0 0 0 0 0 0 0 0 0 0 0 0 0 0 1 13150.8 13150.8 13150.8 13150.8
-1 -1 1 -1 -1 1 0 0 0 0 0 -1.26346e-10 -0 0 0 -0 0 0 0 0 0 0 0 0 0 0 0 0 0 1 13150.8 13150.8 13150.8 13150.8
-1 -1 1 -1 -1 1 0 0 0 0 0 -2.31402e-09 -0 0 0 -0 0 0 0 0 0 0 0 0 0 0 0 0 0 1 13150.8 13150.8 13150.8 13150.8
-1 -1 1 -1 -1 1 0 0 0 0 0 2.79943e-09 -0 0 0 -0 0 0 0 0 0 0 0 0 0 0 0 0 0 1 13150.8 13150.8 13150.8 13150.8
-1 -1 1 -1 -1 1 0 0 0 0 0 6.14631e-10 -0 0 0 -0 0 0 0 0 0 0 0 0 0 0 0 0 0 1 13150.8 13150.8 13150.8 13150.8
-1 -1 1 -1 -1 1 0 0 0 0 0 -1.57988e-09 -0 0 0 -0 0 0 0 0 0 0 0 0 0 0 0 0 0 1 13150.8 13150.8 13150.8 13150.8
-1 -1 1 -1 -1 1 0 0 0 0 0 3.50231e-09 -0 0 0 -0 0 0 0 0 0 0 0 0 0 0 0 0 0 1 13150.8 13150.8 13150.8 13150.8
-1 -1 1 -1 -1 1 0 0 0 0 0 1.31519e-09 -0 0 0 -0 0 0 0 0 0 0 0 0 0 0 0 0 0 1 13150.8 13150.8 13150.8 13150.8
-1 -1 1 -1 -1 1 0 0 0 0 0 -8.72259e-10 -0 0 0 -0 0 0 0 0 0 0 0 0 0 0 0 0 0 1 13150.8 13150.8 13150.8 13150.8
-1 -1 1 -1 -1 1 0 0 0 0 0 -3.06173e-09 -0 0 0 -0 0 0 0 0 0 0 0 0 0 0 0 0 0 1 13150.8 13150.8 13150.8 13150.8
-1 -1 1 -1 -1 1 0 0 0 0 0 2.02996e-09 -0 0 0 -0 0 0 0 0 0 0 0 0 0 0 0 0 0 1 13150.8 13150.8 13150.8 13150.8
-1 -1 1 -1 -1 1 0 0 0 0 0 -1.6266e-10 -0 0 0 -0 0 0 0 0 0 0 0 0 0 0 0 0 0 1 13150.8 13150.8 13150.8 13150.8
-1 -1 1 -1 -1 1 0 0 0 0 0 -2.35661e-09 -0 0 0 -0 0 0 0 0 0 0 0 0 0 0 0 0 0 1 13150.8 13150.8 13150.8 13150.8
-1 -1 1 -1 -1 1 0 0 0 0 0 2.73353e-09 -0 0 0 -0 0 0 0 0 0 0 0 0 0 0 0 0 0 1 13150.8 13150.8 13150.8 13150.8
-1 -1 1 -1 -1 1 0 0 0 0 0 5.43628e-10 -0 0 0 -0 0 0 0 0 0 0 0 0 0 0 0 0 0 1 13150.8 13150.8 13150.8 13150.8
-1 -1 1 -1 -1 1 0 0 0 0 0 -1.64354e-09 -0 0 0 -0 0 0 0 0 0 0 0 0 0 0 0 0 0 1 13150.8 13150.8 13150.8 13150.8
-1 -1 1 -1 -1 1 0 0 0 0 0 3.4492e-09 -0 0 0 -0 0 0 0 0 0 0 0 0 0 0 0 0 0 1 13150.8 13150.8 13150.8 13150.8
-1 -1 1 -1 -1 1 0 0 0 0 0 1.25839e-09 -0 0 0 -0 0 0 0 0 0 0 0 0 0 0 0 0 0 1 13150.8 13150.8 13150.8 13150.8
-1 -1 1 -1 -1 1 0 0 0 0 0 -9.29026e-10 -0 0 0 -0 0 0 0 0 0 0 0 0 0 0 0 0 0 1 13150.8 13150.8 13150.8 13150.8
-1 -1 1 -1 -1 1 0 0 0 0 0 -3.12282e-09 -0 0 0 -0 0 0 0 0 0 0 0 0 0 0 0 0 0 1 13150.8 13150.8 13150.8 13150.8
-1 -1 1 -1 -1 1 0 0 0 0 0 1.99064e-09 -0 0 0 -0 0 0 0 0 0 0 0 0 0 0 0 0 0 1 13150.8 13150.8 13150.8 13150.8
-1 -1 1 -1 -1 1 0 0 0 0 0 -2.03479e-10 -0 0 0 -0 0 0 0 0 0 0 0 0 0 0 0 0 0 1 13150.8 13150.8 13150.8 13150.8
-1 -1 1 -1 -1 1 0 0 0 0 0 -2.38411e-09 -0 0 0 -0 0 0 0 0 0 0 0 0 0 0 0 0 0 1 13150.8 13150.8 13150.8 13150.8
-1 -1 1 -1 -1 1 0 0 0 0 0 2.70592e-09 -0 0 0 -0 0 0 0 0 0 0 0 0 0 0 0 0 0 1 13150.8 13150.8 13150.8 13150.8
-1 -1 1 -1 -1 1 0 0 0 0 0 5.18342e-10 -0 0 0 -0 0 0 0 0 0 0 0 0 0 0 0 0 0 1 13150.8 13150.8 13150.8 13150.8
-1 -1 1 -1 -1 1 0 0 0 0 0 -1.6767e-09 -0 0 0 -0 0 0 0 0 0 0 0 0 0 0 0 0 0 1 13150.8 13150.8 13150.8 13150.8
-1 -1 1 -1 -1 1 0 0 0 0 0 3.42746e-09 -0 0 0 -0 0 0 0 0 0 0 0 0 0 0 0 0 0 1 13150.8 13150.8 13150.8 13150.8
-1 -1 1 -1 -1 1 0 0 0 0 0 1.24183e-09 -0 0 0 -0 0 0 0 0 0 0 0 0 0 0 0 0 0 1 13150.8 13150.8 13150.8 13150.8
-1 -1 1 -1 -1 1 0 0 0 0 0 -9.42899e-10 -0 0 0 -0 0 0 0 0 0 0 0 0 0 0 0 0 0 1 13150.8 13150.8 13150.8 13150.8
-1 -1 1 -1 -1 1 0 0 0 0 0 -3.13458e-09 -0 0 0 -0 0 0 0 0 0 0 0 0 0 0 0 0 0 1 13150.8 13150.8 13150.8 13150.8
-1 -1 1 -1 -1 1 0 0 0 0 0 1.94968e-09 -0 0 0 -0 0 0 0 0 0 0 0 0 0 0 0 0 0 1 13150.8 13150.8 13150.8 13150.8
-1 -1 1 -1 -1 1 0 0 0 0 0 -2.43612e-10 -0 0 0 -0 0 0 0 0 0 0 0 0 0 0 0 0 0 1 13150.8 13150.8 13150.8 13150.8
-1 -1 1 -1 -1 1 0 0 0 0 0 -2.43125e-09 -0 0 0 -0 0 0 0 0 0 0 0 0 0 0 0 0 0 1 13150.8 13150.8 13150.8 13150.8
-1 -1 1 -1 -1 1 0 0 0 0 0 2.68091e-09 -0 0 0 -0 0 0 0 0 0 0 0 0 0 0 0 0 0 1 13150.8 13150.8 13150.8 13150.8
-1 -1 1 -1 -1 1 0 0 0 0 0 4.9804e-10 -0 0 0 -0 0 0 0 0 0 0 0 0 0 0 0 0 0 1 13150.8 13150.8 13150.8 13150.8
-1 -1 1 -1 -1 1 0 0 0 0 0 -1.69648e-09 -0 0 0 -0 0 0 0 0 0 0 0 0 0 0 0 0 0 1 13150.8 13150.8 13150.8 13150.8
-1 -1 1 -1 -1 1 0 0 0 0 0 3.37836e-09 -0 0 0 -0 0 0 0 0 0 0 0 0 0 0 0 0 0 1 13150.8 13150.8 13150.8 13150.8
-1 -1 1 -1 -1 1 0 0 0 0 0 1.18867e-09 -0 0 0 -0 0 0 0 0 0 0 0 0 0 0 0 0 0 1 13150.8 13150.8 13150.8 13150.8
-1 -1 1 -1 -1 1 0 0 0 0 0 -1.00362e-09 -0 0 0 -0 0 0 0 0 0 0 0 0 0 0 0 0 0 1 13150.8 13150.8 13150.8 13150.8
-1 -1 1 -1 -1 1 0 0 0 0 0 -3.20535e-09 -0 0 0 -0 0 0 0 0 0 0 0 0 0 0 0 0 0 1 13150.8 13150.8 13150.8 13150.8
-1 -1 1 -1 -1 1 0 0 0 0 0 1.88502e-09 -0 0 0 -0 0 0 0 0 0 0 0 0 0 0 0 0 0 1 13150.8 13150.8 13150.8 13150.8
-1 -1 1 -1 -1 1 0 0 0 0 0 -2.99894e-10 -0 0 0 -0 0 0 0 0 0 0 0 0 0 0 0 0 0 1 13150.8 13150.8 13150.8 13150.8
-1 -1 1 -1 -1 1 0 0 0 0 0 -2.4875e-09 -0 0 0 -0 0 0 0 0 0 0 0 0 0 0 0 0 0 1 13150.8 13150.8 13150.8 13150.8
-1 -1 1 -1 -1 1 0 0 0 0 0 2.62061e-09 -0 0 0 -0 0 0 0 0 0 0 0 0 0 0 0 0 0 1 13150.8 13150.8 13150.8 13150.8
-1 -1 1 -1 -1 1 0 0 0 0 0 4.34547e-10 -0 0 0 -0 0 0 0 0 0 0 0 0 0 0 0 0 0 1 13150.8 13150.8 13150.8 13150.8
-1 -1 1 -1 -1 1 0 0 0 0 0 -1.75259e-09 -0 0 0 -0 0 0 0 0 0 0 0 0 0 0 0 0 0 1 13150.8 13150.8 13150.8 13150.8
-1 -1 1 -1 -1 1 0 0 0 0 0 3.35794e-09 -0 0 0 -0 0 0 0 0 0 0 0 0 0 0 0 0 0 1 13150.8 13150.8 13150.8 13150.8
-1 -1 1 -1 -1 1 0 0 0 0 0 1.16575e-09 -0 0 0 -0 0 0 0 0 0 0 0 0 0 0 0 0 0 1 13150.8 13150.8 13150.8 13150.8
-1 -1 1 -1 -1 1 0 0 0 0 0 -1.01147e-09 -0 0 0 -0 0 0 0 0 0 0 0 0 0 0 0 0 0 1 13150.8 13150.8 13150.8 13150.8
-1 -1 1 -1 -1 1 0 0 0 0 0 -3.21684e-09 -0 0 0 -0 0 0 0 0 0 0 0 0 0 0 0 0 0 1 13150.8 13150.8 13150.8 13150.8
-1 -1 1 -1 -1 1 0 0 0 0 0 1.83795e-09 -0 0 0 -0 0 0 0 0 0 0 0 0 0 0 0 0 0 1 13150.8 13150.8 13150.8 13150.8
-1 -1 1 -1 -1 1 0 0 0 0 0 -3.55611e-10 -0 0 0 -0 0 0 0 0 0 0 0 0 0 0 0 0 0 1 13150.8 13150.8 13150.8 13150.8
-1 -1 1 -1 -1 1 0 0 0 0 0 -2.54466e-09 -0 0 0 -0 0 0 0 0 0 0 0 0 0 0 0 0 0 1 13150.8 13150.8 13150.8 13150.8
-1 -1 1 -1 -1 1 0 0 0 0 0 2.55682e-09 -0 0 0 -0 0 0 0 0 0 0 0 0 0 0 0 0 0 1 13150.8 13150.8 13150.8 13150.8
-1 -1 1 -1 -1 1 0 0 0 0 0 3.62891e-10 -0 0 0 -0 0 0 0 0 0 0 0 0 0 0 0 0 0 1 13150.8 13150.8 13150.8 13150.8
-1 -1 1 -1 -1 1 0 0 0 0 0 -1.81772e-09 -0 0 0 -0 0 0 0 0 0 0 0 0 0 0 0 0 0 1 13150.8 13150.8 13150.8 13150.8
-1 -1 1 -1 -1 1 0 0 0 0 0 3.28448e-09 -0 0 0 -0 0 0 0 0 0 0 0 0 0 0 0 0 0 1 13150.8 13150.8 13150.8 13150.8
-1 -1 1 -1 -1 1 0 0 0 0 0 1.0961e-09 -0 0 0 -0 0 0 0 0 0 0 0 0 0 0 0 0 0 1 13150.8 13150.8 13150.8 13150.8
-1 -1 1 -1 -1 1 0 0 0 0 0 -1.0914e-09 -0 0 0 -0 0 0 0 0 0 0 0 0 0 0 0 0 0 1 13150.8 13150.8 13150.8 13150.8
-1 -1 1 -1 -1 1 0 0 0 0 0 -3.28321e-09 -0 0 0 -0 0 0 0 0 0 0 0 0 0 0 0 0 0 1 13150.8 13150.8 13150.8 13150.8
-1 -1 1 -1 -1 1 0 0 0 0 0 1.81819e-09 -0 0 0 -0 0 0 0 0 0 0 0 0 0 0 0 0 0 1 13150.8 13150.8 13150.8 13150.8
-1 -1 1 -1 -1 1 0 0 0 0 0 -3.78794e-10 -0 0 0 -0 0 0 0 0 0 0 0 0 0 0 0 0 0 1 13150.8 13150.8 13150.8 13150.8
-1 -1 1 -1 -1 1 0 0 0 0 0 -2.56802e-09 -0 0 0 -0 0 0 0 0 0 0 0 0 0 0 0 0 0 1 13150.8 13150.8 13150.8 13150.8
-1 -1 1 -1 -1 1 0 0 0 0 0 2.51207e-09 -0 0 0 -0 0 0 0 0 0 0 0 0 0 0 0 0 0 1 13150.8 13150.8 13150.8 13150.8
-1 -1 1 -1 -1 1 0 0 0 0 0 3.22818e-10 -0 0 0 -0 0 0 0 0 0 0 0 0 0 0 0 0 0 1 13150.8 13150.8 13150.8 13150.8
-1 -1 1 -1 -1 1 0 0 0 0 0 -1.86961e-09 -0 0 0 -0 0 0 0 0 0 0 0 0 0 0 0 0 0 1 13150.8 13150.8 13150.8 13150.8
-1 -1 1 -1 -1 1 0 0 0 0 0 3.22508e-09 -0 0 0 -0 0 0 0 0 0 0 0 0 0 0 0 0 0 1 13150.8 13150.8 13150.8 13150.8
-1 -1 1 -1 -1 1 0 0 0 0 0 1.03469e-09 -0 0 0 -0 0 0 0 0 0 0 0 0 0 0 0 0 0 1 13150.8 13150.8 13150.8 13150.8
-1 -1 1 -1 -1 1 0 0 0 0 0 -1.15771e-09 -0 0 0 -0 0 0 0 0 0 0 0 0 0 0 0 0 0 1 13150.8 13150.8 13150.8 13150.8
-1 -1 1 -1 -1 1 0 0 0 0 0 -3.34447e-09 -0 0 0 -0 0 0 0 0 0 0 0 0 0 0 0 0 0 1 13150.8 13150.8 13150.8 13150.8
-1 -1 1 -1 -1 1 0 0 0 0 0 1.73041e-09 -0 0 0 -0 0 0 0 0 0 0 0 0 0 0 0 0 0 1 13150.8 13150.8 13150.8 13150.8
-1 -1 1 -1 -1 1 0 0 0 0 0 -4.65242e-10 -0 0 0 -0 0 0 0 0 0 0 0 0 0 0 0 0 0 1 13150.8 13150.8 13150.8 13150.8
-1 -1 1 -1 -1 1 0 0 0 0 0 -2.65996e-09 -0 0 0 -0 0 0 0 0 0 0 0 0 0 0 0 0 0 1 13150.8 13150.8 13150.8 13150.8
-1 -1 1 -1 -1 1 0 0 0 0 0 2.43402e-09 -0 0 0 -0 0 0 0 0 0 0 0 0 0 0 0 0 0 1 13150.8 13150.8 13150.8 13150.8
-1 -1 1 -1 -1 1 0 0 0 0 0 2.43975e-10 -0 0 0 -0 0 0 0 0 0 0 0 0 0 0 0 0 0 1 13150.8 13150.8 13150.8 13150.8
-1 -1 1 -1 -1 1 0 0 0 0 0 -1.95073e-09 -0 0 0 -0 0 0 0 0 0 0 0 0 0 0 0 0 0 1 13150.8 13150.8 13150.8 13150.8
-1 -1 1 -1 -1 1 0 0 0 0 0 3.14161e-09 -0 0 0 -0 0 0 0 0 0 0 0 0 0 0 0 0 0 1 13150.8 13150.8 13150.8 13150.8
-1 -1 1 -1 -1 1 0 0 0 0 0 9.64837e-10 -0 0 0 -0 0 0 0 0 0 0 0 0 0 0 0 0 0 1 13150.8 13150.8 13150.8 13150.8
-1 -1 1 -1 -1 1 0 0 0 0 0 -1.22557e-09 -0 0 0 -0 0 0 0 0 0 0 0 0 0 0 0 0 0 1 13150.8 13150.8 13150.8 13150.8
-1 -1 1 -1 -1 1 0 0 0 0 0 -3.41614e-09 -0 0 0 -0 0 0 0 0 0 0 0 0 0 0 0 0 0 1 13150.8 13150.8 13150.8 13150.8
-1 -1 1 -1 -1 1 0 0 0 0 0 1.7001e-09 -0 0 0 -0 0 0 0 0 0 0 0 0 0 0 0 0 0 1 13150.8 13150.8 13150.8 13150.8
-1 -1 1 -1 -1 1 0 0 0 0 0 -4.91554e-10 -0 0 0 -0 0 0 0 0 0 0 0 0 0 0 0 0 0 1 13150.8 13150.8 13150.8 13150.8
-1 -1 1 -1 -1 1 0 0 0 0 0 -2.67092e-09 -0 0 0 -0 0 0 0 0 0 0 0 0 0 0 0 0 0 1 13150.8 13150.8 13150.8 13150.8
-1 -1 1 -1 -1 1 0 0 0 0 0 2.44046e-09 -0 0 0 -0 0 0 0 0 0 0 0 0 0 0 0 0 0 1 13150.8 13150.8 13150.8 13150.8
-1 -1 1 -1 -1 1 0 0 0 0 0 2.55962e-10 -0 0 0 -0 0 0 0 0 0 0 0 0 0 0 0 0 0 1 13150.8 13150.8 13150.8 13150.8
-1 -1 1 -1 -1 1 0 0 0 0 0 -1.93361e-09 -0 0 0 -0 0 0 0 0 0 0 0 0 0 0 0 0 0 1 13150.8 13150.8 13150.8 13150.8
-1 -1 1 -1 -1 1 0 0 0 0 0 3.18265e-09 -0 0 0 -0 0 0 0 0 0 0 0 0 0 0 0 0 0 1 13150.8 13150.8 13150.8 13150.8
-1 -1 1 -1 -1 1 0 0 0 0 0 1.00088e-09 -0 0 0 -0 0 0 0 0 0 0 0 0 0 0 0 0 0 1 13150.8 13150.8 13150.8 13150.8
-1 -1 1 -1 -1 1 0 0 0 0 0 -1.19295e-09 -0 0 0 -0 0 0 0 0 0 0 0 0 0 0 0 0 0 1 13150.8 13150.8 13150.8 13150.8
-1 -1 1 -1 -1 1 0 0 0 0 0 -3.37903e-09 -0 0 0 -0 0 0 0 0 0 0 0 0 0 0 0 0 0 1 13150.8 13150.8 13150.8 13150.8
-1 -1 1 -1 -1 1 0 0 0 0 0 1.71598e-09 -0 0 0 -0 0 0 0 0 0 0 0 0 0 0 0 0 0 1 13150.8 13150.8 13150.8 13150.8
-1 -1 1 -1 -1 1 0 0 0 0 0 -4.77422e-10 -0 0 0 -0 0 0 0 0 0 0 0 0 0 0 0 0 0 1 13150.8 13150.8 13150.8 13150.8
-1 -1 1 -1 -1 1 0 0 0 0 0 -2.66169e-09 -0 0 0 -0 0 0 0 0 0 0 0 0 0 0 0 0 0 1 13150.8 13150.8 13150.8 13150.8
-1 -1 1 -1 -1 1 0 0 0 0 0 2.44231e-09 -0 0 0 -0 0 0 0 0 0 0 0 0 0 0 0 0 0 1 13150.8 13150.8 13150.8 13150.8
-1 -1 1 -1 -1 1 0 0 0 0 0 2.53727e-10 -0 0 0 -0 0 0 0 0 0 0 0 0 0 0 0 0 0 1 13150.8 13150.8 13150.8 13150.8
-1 -1 1 -1 -1 1 0 0 0 0 0 -1.94603e-09 -0 0 0 -0 0 0 0 0 0 0 0 0 0 0 0 0 0 1 13150.8 13150.8 13150.8 13150.8
-1 -1 1 -1 -1 1 0 0 0 0 0 3.13207e-09 -0 0 0 -0 0 0 0 0 0 0 0 0 0 0 0 0 0 1 13150.8 13150.8 13150.8 13150.8
-1 -1 1 -1 -1 1 0 0 0 0 0 9.47179e-10 -0 0 0 -0 0 0 0 0 0 0 0 0 0 0 0 0 0 1 13150.8 13150.8 13150.8 13150.8
-1 -1 1 -1 -1 1 0 0 0 0 0 -1.23746e-09 -0 0 0 -0 0 0 0 0 0 0 0 0 0 0 0 0 0 1 13150.8 13150.8 13150.8 13150.8
-1 -1 1 -1 -1 1 0 0 0 0 0 -3.44034e-09 -0 0 0 -0 0 0 0 0 0 0 0 0 0 0 0 0 0 1 13150.8 13150.8 13150.8 13150.8
-1 -1 1 -1 -1 1 0 0 0 0 0 1.63619e-09 -0 0 0 -0 0 0 0 0 0 0 0 0 0 0 0 0 0 1 13150.8 13150.8 13150.8 13150.8
-1 -1 1 -1 -1 1 0 0 0 0 0 -5.54721e-10 -0 0 0 -0 0 0 0 0 0 0 0 0 0 0 0 0 0 1 13150.8 13150.8 13150.8 13150.8
-1 -1 1 -1 -1 1 0 0 0 0 0 -2.74097e-09 -0 0 0 -0 0 0 0 0 0 0 0 0 0 0 0 0 0 1 13150.8 13150.8 13150.8 13150.8
-1 -1 1 -1 -1 1 0 0 0 0 0 2.36679e-09 -0 0 0 -0 0 0 0 0 0 0 0 0 0 0 0 0 0 1 13150.8 13150.8 13150.8 13150.8
-1 -1 1 -1 -1 1 0 0 0 0 0 1.75838e-10 -0 0 0 -0 0 0 0 0 0 0 0 0 0 0 0 0 0 1 13150.8 13150.8 13150.8 13150.8
-1 -1 1 -1 -1 1 0 0 0 0 0 -2.01401e-09 -0 0 0 -0 0 0 0 0 0 0 0 0 0 0 0 0 0 1 13150.8 13150.8 13150.8 13150.8
-1 -1 1 -1 -1 1 0 0 0 0 0 3.07272e-09 -0 0 0 -0 0 0 0 0 0 0 0 0 0 0 0 0 0 1 13150.8 13150.8 13150.8 13150.8
-1 -1 1 -1 -1 1 0 0 0 0 0 8.7492e-10 -0 0 0 -0 0 0 0 0 0 0 0 0 0 0 0 0 0 1 13150.8 13150.8 13150.8 13150.8
-1 -1 1 -1 -1 1 0 0 0 0 0 -1.30053e-09 -0 0 0 -0 0 0 0 0 0 0 0 0 0 0 0 0 0 1 13150.8 13150.8 13150.8 13150.8
-1 -1 1 -1 -1 1 0 0 0 0 0 -3.49569e-09 -0 0 0 -0 0 0 0 0 0 0 0 0 0 0 0 0 0 1 13150.8 13150.8 13150.8 13150.8
-1 -1 1 -1 -1 1 0 0 0 0 0 1.5798e-09 -0 0 0 -0 0 0 0 0 0 0 0 0 0 0 0 0 0 1 13150.8 13150.8 13150.8 13150.8
-1 -1 1 -1 -1 1 0 0 0 0 0 -6.15378e-10 -0 0 0 -0 0 0 0 0 0 0 0 0 0 0 0 0 0 1 13150.8 13150.8 13150.8 13150.8
-1 -1 1 -1 -1 1 0 0 0 0 0 -2.80334e-09 -0 0 0 -0 0 0 0 0 0 0 0 0 0 0 0 0 0 1 13150.8 13150.8 13150.8 13150.8
-1 -1 1 -1 -1 1 0 0 0 0 0 2.29348e-09 -0 0 0 -0 0 0 0 0 0 0 0 0 0 0 0 0 0 1 13150.8 13150.8 13150.8 13150.8
-1 -1 1 -1 -1 1 0 0 0 0 0 1.01785e-10 -0 0 0 -0 0 0 0 0 0 0 0 0 0 0 0 0 0 1 13150.8 13150.8 13150.8 13150.8
-1 -1 1 -1 -1 1 0 0 0 0 0 -2.08662e-09 -0 0 0 -0 0 0 0 0 0 0 0 0 0 0 0 0 0 1 13150.8 13150.8 13150.8 13150.8
-1 -1 1 -1 -1 1 0 0 0 0 0 3.00388e-09 -0 0 0 -0 0 0 0 0 0 0 0 0 0 0 0 0 0 1 13150.8 13150.8 13150.8 13150.8
-1 -1 1 -1 -1 1 0 0 0 0 0 8.1515e-10 -0 0 0 -0 0 0 0 0 0 0 0 0 0 0 0 0 0 1 13150.8 13150.8 13150.8 13150.8
-1 -1 1 -1 -1 1 0 0 0 0 0 -1.37572e-09 -0 0 0 -0 0 0 0 0 0 0 0 0 0 0 0 0 0 1 13150.8 13150.8 13150.8 13150.8
-1 -1 1 -1 -1 1 0 0 0 0 0 -3.57052e-09 -0 0 0 -0 0 0 0 0 0 0 0 0 0 0 0 0 0 1 13150.8 13150.8 13150.8 13150.8
-1 -1 1 -1 -1 1 0 0 0 0 0 1.52531e-09 -0 0 0 -0 0 0 0 0 0 0 0 0 0 0 0 0 0 1 13150.8 13150.8 13150.8 13150.8
-1 -1 1 -1 -1 1 0 0 0 0 0 -6.70487e-10 -0 0 0 -0 0 0 0 0 0 0 0 0 0 0 0 0 0 1 13150.8 13150.8 13150.8 13150.8
-1 -1 1 -1 -1 1 0 0 0 0 0 -2.85252e-09 -0 0 0 -0 0 0 0 0 0 0 0 0 0 0 0 0 0 1 13150.8 13150.8 13150.8 13150.8
-1 -1 1 -1 -1 1 0 0 0 0 0 2.24603e-09 -0 0 0 -0 0 0 0 0 0 0 0 0 0 0 0 0 0 1 13150.8 13150.8 13150.8 13150.8
-1 -1 1 -1 -1 1 0 0 0 0 0 5.63138e-11 -0 0 0 -0 0 0 0 0 0 0 0 0 0 0 0 0 0 1 13150.8 13150.8 13150.8 13150.8
-1 -1 1 -1 -1 1 0 0 0 0 0 -2.13764e-09 -0 0 0 -0 0 0 0 0 0 0 0 0 0 0 0 0 0 1 13150.8 13150.8 13150.8 13150.8
-1 -1 1 -1 -1 1 0 0 0 0 0 2.94518e-09 -0 0 0 -0 0 0 0 0 0 0 0 0 0 0 0 0 0 1 13150.8 13150.8 13150.8 13150.8
-1 -1 1 -1 -1 1 0 0 0 0 0 7.59286e-10 -0 0 0 -0 0 0 0 0 0 0 0 0 0 0 0 0 0 1 13150.8 13150.8 13150.8 13150.8
-1 -1 1 -1 -1 1 0 0 0 0 0 -1.43014e-09 -0 0 0 -0 0 0 0 0 0 0 0 0 0 0 0 0 0 1 13150.8 13150.8 13150.8 13150.8
-1 -1 1 -1 -1 1 0 0 0 0 0 -3.6307e-09 -0 0 0 -0 0 0 0 0 0 0 0 0 0 0 0 0 0 1 13150.8 13150.8 13150.8 13150.8
-1 -1 1 -1 -1 1 0 0 0 0 0 1.44156e-09 -0 0 0 -0 0 0 0 0 0 0 0 0 0 0 0 0 0 1 13150.8 13150.8 13150.8 13150.8
-1 -1 1 -1 -1 1 0 0 0 0 0 -7.48704e-10 -0 0 0 -0 0 0 0 0 0 0 0 0 0 0 0 0 0 1 13150.8 13150.8 13150.8 13150.8
-1 -1 1 -1 -1 1 0 0 0 0 0 -2.93664e-09 -0 0 0 -0 0 0 0 0 0 0 0 0 0 0 0 0 0 1 13150.8 13150.8 13150.8 13150.8
-1 -1 1 -1 -1 1 0 0 0 0 0 2.16623e-09 -0 0 0 -0 0 0 0 0 0 0 0 0 0 0 0 0 0 1 13150.8 13150.8 13150.8 13150.8
-1 -1 1 -1 -1 1 0 0 0 0 0 -2.22424e-11 -0 0 0 -0 0 0 0 0 0 0 0 0 0 0 0 0 0 1 13150.8 13150.8 13150.8 13150.8
-1 -1 1 -1 -1 1 0 0 0 0 0 -2.21097e-09 -0 0 0 -0 0 0 0 0 0 0 0 0 0 0 0 0 0 1 13150.8 13150.8 13150.8 13150.8
-1 -1 1 -1 -1 1 0 0 0 0 0 2.88197e-09 -0 0 0 -0 0 0 0 0 0 0 0 0 0 0 0 0 0 1 13150.8 13150.8 13150.8 13150.8
-1 -1 1 -1 -1 1 0 0 0 0 0 6.83596e-10 -0 0 0 -0 0 0 0 0 0 0 0 0 0 0 0 0 0 1 13150.8 13150.8 13150.8 13150.8
-1 -1 1 -1 -1 1 0 0 0 0 0 -1.4967e-09 -0 0 0 -0 0 0 0 0 0 0 0 0 0 0 0 0 0 1 13150.8 13150.8 13150.8 13150.8
-1 -1 1 -1 -1 1 0 0 0 0 0 3.60808e-09 -0 0 0 -0 0 0 0 0 0 0 0 0 0 0 0 0 0 1 13150.8 13150.8 13150.8 13150.8
-1 -1 1 -1 -1 1 0 0 0 0 0 1.41938e-09 -0 0 0 -0 0 0 0 0 0 0 0 0 0 0 0 0 0 1 13150.8 13150.8 13150.8 13150.8
-1 -1 1 -1 -1 1 0 0 0 0 0 -7.72862e-10 -0 0 0 -0 0 0 0 0 0 0 0 0 0 0 0 0 0 1 13150.8 13150.8 13150.8 13150.8
-1 -1 1 -1 -1 1 0 0 0 0 0 -2.95756e-09 -0 0 0 -0 0 0 0 0 0 0 0 0 0 0 0 0 0 1 13150.8 13150.8 13150.8 13150.8
-1 -1 1 -1 -1 1 0 0 0 0 0 2.13271e-09 -0 0 0 -0 0 0 0 0 0 0 0 0 0 0 0 0 0 1 13150.8 13150.8 13150.8 13150.8
-1 -1 1 -1 -1 1 0 0 0 0 0 -6.25938e-11 -0 0 0 -0 0 0 0 0 0 0 0 0 0 0 0 0 0 1 13150.8 13150.8 13150.8 13150.8
-1 -1 1 -1 -1 1 0 0 0 0 0 -2.25193e-09 -0 0 0 -0 0 0 0 0 0 0 0 0 0 0 0 0 0 1 13150.8 13150.8 13150.8 13150.8
-1 -1 1 -1 -1 1 0 0 0 0 0 2.86717e-09 -0 0 0 -0 0 0 0 0 0 0 0 0 0 0 0 0 0 1 13150.8 13150.8 13150.8 13150.8
-1 -1 1 -1 -1 1 0 0 0 0 0 6.8701e-10 -0 0 0 -0 0 0 0 0 0 0 0 0 0 0 0 0 0 1 13150.8 13150.8 13150.8 13150.8
-1 -1 1 -1 -1 1 0 0 0 0 0 -1.49682e-09 -0 0 0 -0 0 0 0 0 0 0 0 0 0 0 0 0 0 1 13150.8 13150.8 13150.8 13150.8
-1 -1 1 -1 -1 1 0 0 0 0 0 3.59576e-09 -0 0 0 -0 0 0 0 0 0 0 0 0 0 0 0 0 0 1 13150.8 13150.8 13150.8 13150.8
-1 -1 1 -1 -1 1 0 0 0 0 0 1.40748e-09 -0 0 0 -0 0 0 0 0 0 0 0 0 0 0 0 0 0 1 13150.8 13150.8 13150.8 13150.8
-1 -1 1 -1 -1 1 0 0 0 0 0 -7.87486e-10 -0 0 0 -0 0 0 0 0 0 0 0 0 0 0 0 0 0 1 13150.8 13150.8 13150.8 13150.8
-1 -1 1 -1 -1 1 0 0 0 0 0 -2.97561e-09 -0 0 0 -0 0 0 0 0 0 0 0 0 0 0 0 0 0 1 13150.8 13150.8 13150.8 13150.8
-1 -1 1 -1 -1 1 0 0 0 0 0 2.11764e-09 -0 0 0 -0 0 0 0 0 0 0 0 0 0 0 0 0 0 1 13150.8 13150.8 13150.8 13150.8
-1 -1 1 -1 -1 1 0 0 0 0 0 -7.23068e-11 -0 0 0 -0 0 0 0 0 0 0 0 0 0 0 0 0 0 1 13150.8 13150.8 13150.8 13150.8
-1 -1 1 -1 -1 1 0 0 0 0 0 -2.26009e-09 -0 0 0 -0 0 0 0 0 0 0 0 0 0 0 0 0 0 1 13150.8 13150.8 13150.8 13150.8
-1 -1 1 -1 -1 1 0 0 0 0 0 2.86706e-09 -0 0 0 -0 0 0 0 0 0 0 0 0 0 0 0 0 0 1 13150.8 13150.8 13150.8 13150.8
-1 -1 1 -1 -1 1 0 0 0 0 0 6.88311e-10 -0 0 0 -0 0 0 0 0 0 0 0 0 0 0 0 0 0 1 13150.8 13150.8 13150.8 13150.8
-1 -1 1 -1 -1 1 0 0 0 0 0 -1.49973e-09 -0 0 0 -0 0 0 0 0 0 0 0 0 0 0 0 0 0 1 13150.8 13150.8 13150.8 13150.8
-1 -1 1 -1 -1 1 0 0 0 0 0 3.6162e-09 -0 0 0 -0 0 0 0 0 0 0 0 0 0 0 0 0 0 1 13150.8 13150.8 13150.8 13150.8
-1 -1 1 -1 -1 1 0 0 0 0 0 1.42902e-09 -0 0 0 -0 0 0 0 0 0 0 0 0 0 0 0 0 0 1 13150.8 13150.8 13150.8 13150.8
-1 -1 1 -1 -1 1 0 0 0 0 0 -7.61045e-10 -0 0 0 -0 0 0 0 0 0 0 0 0 0 0 0 0 0 1 13150.8 13150.8 13150.8 13150.8
-1 -1 1 -1 -1 1 0 0 0 0 0 -2.94728e-09 -0 0 0 -0 0 0 0 0 0 0 0 0 0 0 0 0 0 1 13150.8 13150.8 13150.8 13150.8
-1 -1 1 -1 -1 1 0 0 0 0 0 2.14228e-09 -0 0 0 -0 0 0 0 0 0 0 0 0 0 0 0 0 0 1 13150.8 13150.8 13150.8 13150.8
-1 -1 1 -1 -1 1 0 0 0 0 0 -5.21696e-11 -0 0 0 -0 0 0 0 0 0 0 0 0 0 0 0 0 0 1 13150.8 13150.8 13150.8 13150.8
-1 -1 1 -1 -1 1 0 0 0 0 0 -2.24736e-09 -0 0 0 -0 0 0 0 0 0 0 0 0 0 0 0 0 0 1 13150.8 13150.8 13150.8 13150.8
-1 -1 1 -1 -1 1 0 0 0 0 0 2.83205e-09 -0 0 0 -0 0 0 0 0 0 0 0 0 0 0 0 0 0 1 13150.8 13150.8 13150.8 13150.8
-1 -1 1 -1 -1 1 0 0 0 0 0 6.42847e-10 -0 0 0 -0 0 0 0 0 0 0 0 0 0 0 0 0 0 1 13150.8 13150.8 13150.8 13150.8
-1 -1 1 -1 -1 1 0 0 0 0 0 -1.54404e-09 -0 0 0 -0 0 0 0 0 0 0 0 0 0 0 0 0 0 1 13150.8 13150.8 13150.8 13150.8
-1 -1 1 -1 -1 1 0 0 0 0 0 3.54869e-09 -0 0 0 -0 0 0 0 0 0 0 0 0 0 0 0 0 0 1 13150.8 13150.8 13150.8 13150.8
-1 -1 1 -1 -1 1 0 0 0 0 0 1.36045e-09 -0 0 0 -0 0 0 0 0 0 0 0 0 0 0 0 0 0 1 13150.8 13150.8 13150.8 13150.8
-1 -1 1 -1 -1 1 0 0 0 0 0 -8.34257e-10 -0 0 0 -0 0 0 0 0 0 0 0 0 0 0 0 0 0 1 13150.8 13150.8 13150.8 13150.8
-1 -1 1 -1 -1 1 0 0 0 0 0 -3.02116e-09 -0 0 0 -0 0 0 0 0 0 0 0 0 0 0 0 0 0 1 13150.8 13150.8 13150.8 13150.8
-1 -1 1 -1 -1 1 0 0 0 0 0 2.09204e-09 -0 0 0 -0 0 0 0 0 0 0 0 0 0 0 0 0 0 1 13150.8 13150.8 13150.8 13150.8
-1 -1 1 -1 -1 1 0 0 0 0 0 -9.29675e-11 -0 0 0 -0 0 0 0 0 0 0 0 0 0 0 0 0 0 1 13150.8 13150.8 13150.8 13150.8
-1 -1 1 -1 -1 1 0 0 0 0 0 -2.28776e-09 -0 0 0 -0 0 0 0 0 0 0 0 0 0 0 0 0 0 1 13150.8 13150.8 13150.8 13150.8
-1 -1 1 -1 -1 1 0 0 0 0 0 2.81921e-09 -0 0 0 -0 0 0 0 0 0 0 0 0 0 0 0 0 0 1 13150.8 13150.8 13150.8 13150.8
-1 -1 1 -1 -1 1 0 0 0 0 0 6.40318e-10 -0 0 0 -0 0 0 0 0 0 0 0 0 0 0 0 0 0 1 13150.8 13150.8 13150.8 13150.8
-1 -1 1 -1 -1 1 0 0 0 0 0 -1.54536e-09 -0 0 0 -0 0 0 0 0 0 0 0 0 0 0 0 0 0 1 13150.8 13150.8 13150.8 13150.8
-1 -1 1 -1 -1 1 0 0 0 0 0 3.59297e-09 -0 0 0 -0 0 0 0 0 0 0 0 0 0 0 0 0 0 1 13150.8 13150.8 13150.8 13150.8
-1 -1 1 -1 -1 1 0 0 0 0 0 1.40682e-09 -0 0 0 -0 0 0 0 0 0 0 0 0 0 0 0 0 0 1 13150.8 13150.8 13150.8 13150.8
-1 -1 1 -1 -1 1 0 0 0 0 0 -7.75694e-10 -0 0 0 -0 0 0 0 0 0 0 0 0 0 0 0 0 0 1 13150.8 13150.8 13150.8 13150.8
-1 -1 1 -1 -1 1 0 0 0 0 0 -2.95765e-09 -0 0 0 -0 0 0 0 0 0 0 0 0 0 0 0 0 0 1 13150.8 13150.8 13150.8 13150.8
-1 -1 1 -1 -1 1 0 0 0 0 0 2.14228e-09 -0 0 0 -0 0 0 0 0 0 0 0 0 0 0 0 0 0 1 13150.8 13150.8 13150.8 13150.8
-1 -1 1 -1 -1 1 0 0 0 0 0 -4.81661e-11 -0 0 0 -0 0 0 0 0 0 0 0 0 0 0 0 0 0 1 13150.8 13150.8 13150.8 13150.8
-1 -1 1 -1 -1 1 0 0 0 0 0 -2.24871e-09 -0 0 0 -0 0 0 0 0 0 0 0 0 0 0 0 0 0 1 13150.8 13150.8 13150.8 13150.8
-1 -1 1 -1 -1 1 0 0 0 0 0 2.84533e-09 -0 0 0 -0 0 0 0 0 0 0 0 0 0 0 0 0 0 1 13150.8 13150.8 13150.8 13150.8
-1 -1 1 -1 -1 1 0 0 0 0 0 6.65679e-10 -0 0 0 -0 0 0 0 0 0 0 0 0 0 0 0 0 0 1 13150.8 13150.8 13150.8 13150.8
-1 -1 1 -1 -1 1 0 0 0 0 0 -1.5203e-09 -0 0 0 -0 0 0 0 0 0 0 0 0 0 0 0 0 0 1 13150.8 13150.8 13150.8 13150.8
-1 -1 1 -1 -1 1 0 0 0 0 0 -3.70947e-09 -0 0 0 -0 0 0 0 0 0 0 0 0 0 0 0 0 0 1 13150.8 13150.8 13150.8 13150.8
-1 -1 1 -1 -1 1 0 0 0 0 0 1.38347e-09 -0 0 0 -0 0 0 0 0 0 0 0 0 0 0 0 0 0 1 13150.8 13150.8 13150.8 13150.8
-1 -1 1 -1 -1 1 0 0 0 0 0 -8.08818e-10 -0 0 0 -0 0 0 0 0 0 0 0 0 0 0 0 0 0 1 13150.8 13150.8 13150.8 13150.8
-1 -1 1 -1 -1 1 0 0 0 0 0 -2.99973e-09 -0 0 0 -0 0 0 0 0 0 0 0 0 0 0 0 0 0 1 13150.8 13150.8 13150.8 13150.8
-1 -1 1 -1 -1 1 0 0 0 0 0 2.10038e-09 -0 0 0 -0 0 0 0 0 0 0 0 0 0 0 0 0 0 1 13150.8 13150.8 13150.8 13150.8
-1 -1 1 -1 -1 1 0 0 0 0 0 -9.06474e-11 -0 0 0 -0 0 0 0 0 0 0 0 0 0 0 0 0 0 1 13150.8 13150.8 13150.8 13150.8
-1 -1 1 -1 -1 1 0 0 0 0 0 -2.27418e-09 -0 0 0 -0 0 0 0 0 0 0 0 0 0 0 0 0 0 1 13150.8 13150.8 13150.8 13150.8
-1 -1 1 -1 -1 1 0 0 0 0 0 2.84975e-09 -0 0 0 -0 0 0 0 0 0 0 0 0 0 0 0 0 0 1 13150.8 13150.8 13150.8 13150.8
-1 -1 1 -1 -1 1 0 0 0 0 0 6.6964e-10 -0 0 0 -0 0 0 0 0 0 0 0 0 0 0 0 0 0 1 13150.8 13150.8 13150.8 13150.8
-1 -1 1 -1 -1 1 0 0 0 0 0 -1.51698e-09 -0 0 0 -0 0 0 0 0 0 0 0 0 0 0 0 0 0 1 13150.8 13150.8 13150.8 13150.8
-1 -1 1 -1 -1 1 0 0 0 0 0 -3.72291e-09 -0 0 0 -0 0 0 0 0 0 0 0 0 0 0 0 0 0 1 13150.8 13150.8 13150.8 13150.8
-1 -1 1 -1 -1 1 0 0 0 0 0 1.35089e-09 -0 0 0 -0 0 0 0 0 0 0 0 0 0 0 0 0 0 1 13150.8 13150.8 13150.8 13150.8
-1 -1 1 -1 -1 1 0 0 0 0 0 -8.38278e-10 -0 0 0 -0 0 0 0 0 0 0 0 0 0 0 0 0 0 1 13150.8 13150.8 13150.8 13150.8
-1 -1 1 -1 -1 1 0 0 0 0 0 -3.02484e-09 -0 0 0 -0 0 0 0 0 0 0 0 0 0 0 0 0 0 1 13150.8 13150.8 13150.8 13150.8
-1 -1 1 -1 -1 1 0 0 0 0 0 2.06976e-09 -0 0 0 -0 0 0 0 0 0 0 0 0 0 0 0 0 0 1 13150.8 13150.8 13150.8 13150.8
-1 -1 1 -1 -1 1 0 0 0 0 0 -1.22953e-10 -0 0 0 -0 0 0 0 0 0 0 0 0 0 0 0 0 0 1 13150.8 13150.8 13150.8 13150.8
-1 -1 1 -1 -1 1 0 0 0 0 0 -2.3103e-09 -0 0 0 -0 0 0 0 0 0 0 0 0 0 0 0 0 0 1 13150.8 13150.8 13150.8 13150.8
-1 -1 1 -1 -1 1 0 0 0 0 0 2.79149e-09 -0 0 0 -0 0 0 0 0 0 0 0 0 0 0 0 0 0 1 13150.8 13150.8 13150.8 13150.8
-1 -1 1 -1 -1 1 0 0 0 0 0 6.03887e-10 -0 0 0 -0 0 0 0 0 0 0 0 0 0 0 0 0 0 1 13150.8 13150.8 13150.8 13150.8
-1 -1 1 -1 -1 1 0 0 0 0 0 -1.58369e-09 -0 0 0 -0 0 0 0 0 0 0 0 0 0 0 0 0 0 1 13150.8 13150.8 13150.8 13150.8
-1 -1 1 -1 -1 1 0 0 0 0 0 3.50963e-09 -0 0 0 -0 0 0 0 0 0 0 0 0 0 0 0 0 0 1 13150.8 13150.8 13150.8 13150.8
-1 -1 1 -1 -1 1 0 0 0 0 0 1.31834e-09 -0 0 0 -0 0 0 0 0 0 0 0 0 0 0 0 0 0 1 13150.8 13150.8 13150.8 13150.8
-1 -1 1 -1 -1 1 0 0 0 0 0 -8.87511e-10 -0 0 0 -0 0 0 0 0 0 0 0 0 0 0 0 0 0 1 13150.8 13150.8 13150.8 13150.8
-1 -1 1 -1 -1 1 0 0 0 0 0 -3.06883e-09 -0 0 0 -0 0 0 0 0 0 0 0 0 0 0 0 0 0 1 13150.8 13150.8 13150.8 13150.8
-1 -1 1 -1 -1 1 0 0 0 0 0 2.02514e-09 -0 0 0 -0 0 0 0 0 0 0 0 0 0 0 0 0 0 1 13150.8 13150.8 13150.8 13150.8
-1 -1 1 -1 -1 1 0 0 0 0 0 -1.63624e-10 -0 0 0 -0 0 0 0 0 0 0 0 0 0 0 0 0 0 1 13150.8 13150.8 13150.8 13150.8
-1 -1 1 -1 -1 1 0 0 0 0 0 -2.35132e-09 -0 0 0 -0 0 0 0 0 0 0 0 0 0 0 0 0 0 1 13150.8 13150.8 13150.8 13150.8
-1 -1 1 -1 -1 1 0 0 0 0 0 2.74598e-09 -0 0 0 -0 0 0 0 0 0 0 0 0 0 0 0 0 0 1 13150.8 13150.8 13150.8 13150.8
-1 -1 1 -1 -1 1 0 0 0 0 0 5.47301e-10 -0 0 0 -0 0 0 0 0 0 0 0 0 0 0 0 0 0 1 13150.8 13150.8 13150.8 13150.8
-1 -1 1 -1 -1 1 0 0 0 0 0 -1.63252e-09 -0 0 0 -0 0 0 0 0 0 0 0 0 0 0 0 0 0 1 13150.8 13150.8 13150.8 13150.8
-1 -1 1 -1 -1 1 0 0 0 0 0 3.46803e-09 -0 0 0 -0 0 0 0 0 0 0 0 0 0 0 0 0 0 1 13150.8 13150.8 13150.8 13150.8
-1 -1 1 -1 -1 1 0 0 0 0 0 1.26832e-09 -0 0 0 -0 0 0 0 0 0 0 0 0 0 0 0 0 0 1 13150.8 13150.8 13150.8 13150.8
-1 -1 1 -1 -1 1 0 0 0 0 0 -9.20838e-10 -0 0 0 -0 0 0 0 0 0 0 0 0 0 0 0 0 0 1 13150.8 13150.8 13150.8 13150.8
-1 -1 1 -1 -1 1 0 0 0 0 0 -3.10416e-09 -0 0 0 -0 0 0 0 0 0 0 0 0 0 0 0 0 0 1 13150.8 13150.8 13150.8 13150.8
-1 -1 1 -1 -1 1 0 0 0 0 0 1.98554e-09 -0 0 0 -0 0 0 0 0 0 0 0 0 0 0 0 0 0 1 13150.8 13150.8 13150.8 13150.8
-1 -1 1 -1 -1 1 0 0 0 0 0 -2.00905e-10 -0 0 0 -0 0 0 0 0 0 0 0 0 0 0 0 0 0 1 13150.8 13150.8 13150.8 13150.8
-1 -1 1 -1 -1 1 0 0 0 0 0 -2.38913e-09 -0 0 0 -0 0 0 0 0 0 0 0 0 0 0 0 0 0 1 13150.8 13150.8 13150.8 13150.8
-1 -1 1 -1 -1 1 0 0 0 0 0 2.70444e-09 -0 0 0 -0 0 0 0 0 0 0 0 0 0 0 0 0 0 1 13150.8 13150.8 13150.8 13150.8
-1 -1 1 -1 -1 1 0 0 0 0 0 5.33227e-10 -0 0 0 -0 0 0 0 0 0 0 0 0 0 0 0 0 0 1 13150.8 13150.8 13150.8 13150.8
-1 -1 1 -1 -1 1 0 0 0 0 0 -1.67448e-09 -0 0 0 -0 0 0 0 0 0 0 0 0 0 0 0 0 0 1 13150.8 13150.8 13150.8 13150.8
-1 -1 1 -1 -1 1 0 0 0 0 0 3.43932e-09 -0 0 0 -0 0 0 0 0 0 0 0 0 0 0 0 0 0 1 13150.8 13150.8 13150.8 13150.8
-1 -1 1 -1 -1 1 0 0 0 0 0 1.2501e-09 -0 0 0 -0 0 0 0 0 0 0 0 0 0 0 0 0 0 1 13150.8 13150.8 13150.8 13150.8
-1 -1 1 -1 -1 1 0 0 0 0 0 -9.33256e-10 -0 0 0 -0 0 0 0 0 0 0 0 0 0 0 0 0 0 1 13150.8 13150.8 13150.8 13150.8
-1 -1 1 -1 -1 1 0 0 0 0 0 -3.11687e-09 -0 0 0 -0 0 0 0 0 0 0 0 0 0 0 0 0 0 1 13150.8 13150.8 13150.8 13150.8
-1 -1 1 -1 -1 1 0 0 0 0 0 1.98072e-09 -0 0 0 -0 0 0 0 0 0 0 0 0 0 0 0 0 0 1 13150.8 13150.8 13150.8 13150.8
-1 -1 1 -1 -1 1 0 0 0 0 0 -2.13963e-10 -0 0 0 -0 0 0 0 0 0 0 0 0 0 0 0 0 0 1 13150.8 13150.8 13150.8 13150.8
-1 -1 1 -1 -1 1 0 0 0 0 0 -2.40275e-09 -0 0 0 -0 0 0 0 0 0 0 0 0 0 0 0 0 0 1 13150.8 13150.8 13150.8 13150.8
-1 -1 1 -1 -1 1 0 0 0 0 0 2.68372e-09 -0 0 0 -0 0 0 0 0 0 0 0 0 0 0 0 0 0 1 13150.8 13150.8 13150.8 13150.8
-1 -1 1 -1 -1 1 0 0 0 0 0 4.91087e-10 -0 0 0 -0 0 0 0 0 0 0 0 0 0 0 0 0 0 1 13150.8 13150.8 13150.8 13150.8
-1 -1 1 -1 -1 1 0 0 0 0 0 -1.69492e-09 -0 0 0 -0 0 0 0 0 0 0 0 0 0 0 0 0 0 1 13150.8 13150.8 13150.8 13150.8
-1 -1 1 -1 -1 1 0 0 0 0 0 3.40255e-09 -0 0 0 -0 0 0 0 0 0 0 0 0 0 0 0 0 0 1 13150.8 13150.8 13150.8 13150.8
-1 -1 1 -1 -1 1 0 0 0 0 0 1.20925e-09 -0 0 0 -0 0 0 0 0 0 0 0 0 0 0 0 0 0 1 13150.8 13150.8 13150.8 13150.8
-1 -1 1 -1 -1 1 0 0 0 0 0 -9.82147e-10 -0 0 0 -0 0 0 0 0 0 0 0 0 0 0 0 0 0 1 13150.8 13150.8 13150.8 13150.8
-1 -1 1 -1 -1 1 0 0 0 0 0 -3.16965e-09 -0 0 0 -0 0 0 0 0 0 0 0 0 0 0 0 0 0 1 13150.8 13150.8 13150.8 13150.8
-1 -1 1 -1 -1 1 0 0 0 0 0 1.927e-09 -0 0 0 -0 0 0 0 0 0 0 0 0 0 0 0 0 0 1 13150.8 13150.8 13150.8 13150.8
-1 -1 1 -1 -1 1 0 0 0 0 0 -2.63036e-10 -0 0 0 -0 0 0 0 0 0 0 0 0 0 0 0 0 0 1 13150.8 13150.8 13150.8 13150.8
-1 -1 1 -1 -1 1 0 0 0 0 0 -2.44965e-09 -0 0 0 -0 0 0 0 0 0 0 0 0 0 0 0 0 0 1 13150.8 13150.8 13150.8 13150.8
-1 -1 1 -1 -1 1 0 0 0 0 0 2.64994e-09 -0 0 0 -0 0 0 0 0 0 0 0 0 0 0 0 0 0 1 13150.8 13150.8 13150.8 13150.8
-1 -1 1 -1 -1 1 0 0 0 0 0 4.60541e-10 -0 0 0 -0 0 0 0 0 0 0 0 0 0 0 0 0 0 1 13150.8 13150.8 13150.8 13150.8
-1 -1 1 -1 -1 1 0 0 0 0 0 -1.72786e-09 -0 0 0 -0 0 0 0 0 0 0 0 0 0 0 0 0 0 1 13150.8 13150.8 13150.8 13150.8
-1 -1 1 -1 -1 1 0 0 0 0 0 3.36388e-09 -0 0 0 -0 0 0 0 0 0 0 0 0 0 0 0 0 0 1 13150.8 13150.8 13150.8 13150.8
-1 -1 1 -1 -1 1 0 0 0 0 0 1.17762e-09 -0 0 0 -0 0 0 0 0 0 0 0 0 0 0 0 0 0 1 13150.8 13150.8 13150.8 13150.8
-1 -1 1 -1 -1 1 0 0 0 0 0 -1.0183e-09 -0 0 0 -0 0 0 0 0 0 0 0 0 0 0 0 0 0 1 13150.8 13150.8 13150.8 13150.8
-1 -1 1 -1 -1 1 0 0 0 0 0 -3.2056e-09 -0 0 0 -0 0 0 0 0 0 0 0 0 0 0 0 0 0 1 13150.8 13150.8 13150.8 13150.8
-1 -1 1 -1 -1 1 0 0 0 0 0 1.89047e-09 -0 0 0 -0 0 0 0 0 0 0 0 0 0 0 0 0 0 1 13150.8 13150.8 13150.8 13150.8
-1 -1 1 -1 -1 1 0 0 0 0 0 -3.01495e-10 -0 0 0 -0 0 0 0 0 0 0 0 0 0 0 0 0 0 1 13150.8 13150.8 13150.8 13150.8
-1 -1 1 -1 -1 1 0 0 0 0 0 -2.49154e-09 -0 0 0 -0 0 0 0 0 0 0 0 0 0 0 0 0 0 1 13150.8 13150.8 13150.8 13150.8
-1 -1 1 -1 -1 1 0 0 0 0 0 2.63421e-09 -0 0 0 -0 0 0 0 0 0 0 0 0 0 0 0 0 0 1 13150.8 13150.8 13150.8 13150.8
-1 -1 1 -1 -1 1 0 0 0 0 0 4.61909e-10 -0 0 0 -0 0 0 0 0 0 0 0 0 0 0 0 0 0 1 13150.8 13150.8 13150.8 13150.8
-1 -1 1 -1 -1 1 0 0 0 0 0 -1.72654e-09 -0 0 0 -0 0 0 0 0 0 0 0 0 0 0 0 0 0 1 13150.8 13150.8 13150.8 13150.8
-1 -1 1 -1 -1 1 0 0 0 0 0 3.39658e-09 -0 0 0 -0 0 0 0 0 0 0 0 0 0 0 0 0 0 1 13150.8 13150.8 13150.8 13150.8
-1 -1 1 -1 -1 1 0 0 0 0 0 1.21187e-09 -0 0 0 -0 0 0 0 0 0 0 0 0 0 0 0 0 0 1 13150.8 13150.8 13150.8 13150.8
-1 -1 1 -1 -1 1 0 0 0 0 0 -9.76055e-10 -0 0 0 -0 0 0 0 0 0 0 0 0 0 0 0 0 0 1 13150.8 13150.8 13150.8 13150.8
-1 -1 1 -1 -1 1 0 0 0 0 0 -3.16382e-09 -0 0 0 -0 0 0 0 0 0 0 0 0 0 0 0 0 0 1 13150.8 13150.8 13150.8 13150.8
-1 -1 1 -1 -1 1 0 0 0 0 0 1.9464e-09 -0 0 0 -0 0 0 0 0 0 0 0 0 0 0 0 0 0 1 13150.8 13150.8 13150.8 13150.8
-1 -1 1 -1 -1 1 0 0 0 0 0 -2.40234e-10 -0 0 0 -0 0 0 0 0 0 0 0 0 0 0 0 0 0 1 13150.8 13150.8 13150.8 13150.8
-1 -1 1 -1 -1 1 0 0 0 0 0 -2.43485e-09 -0 0 0 -0 0 0 0 0 0 0 0 0 0 0 0 0 0 1 13150.8 13150.8 13150.8 13150.8
-1 -1 1 -1 -1 1 0 0 0 0 0 2.66462e-09 -0 0 0 -0 0 0 0 0 0 0 0 0 0 0 0 0 0 1 13150.8 13150.8 13150.8 13150.8
-1 -1 1 -1 -1 1 0 0 0 0 0 4.8251e-10 -0 0 0 -0 0 0 0 0 0 0 0 0 0 0 0 0 0 1 13150.8 13150.8 13150.8 13150.8
-1 -1 1 -1 -1 1 0 0 0 0 0 -1.70357e-09 -0 0 0 -0 0 0 0 0 0 0 0 0 0 0 0 0 0 1 13150.8 13150.8 13150.8 13150.8
-1 -1 1 -1 -1 1 0 0 0 0 0 3.40352e-09 -0 0 0 -0 0 0 0 0 0 0 0 0 0 0 0 0 0 1 13150.8 13150.8 13150.8 13150.8
-1 -1 1 -1 -1 1 0 0 0 0 0 1.21148e-09 -0 0 0 -0 0 0 0 0 0 0 0 0 0 0 0 0 0 1 13150.8 13150.8 13150.8 13150.8
-1 -1 1 -1 -1 1 0 0 0 0 0 -9.77699e-10 -0 0 0 -0 0 0 0 0 0 0 0 0 0 0 0 0 0 1 13150.8 13150.8 13150.8 13150.8
-1 -1 1 -1 -1 1 0 0 0 0 0 -3.15932e-09 -0 0 0 -0 0 0 0 0 0 0 0 0 0 0 0 0 0 1 13150.8 13150.8 13150.8 13150.8
-1 -1 1 -1 -1 1 0 0 0 0 0 1.93654e-09 -0 0 0 -0 0 0 0 0 0 0 0 0 0 0 0 0 0 1 13150.8 13150.8 13150.8 13150.8
-1 -1 1 -1 -1 1 0 0 0 0 0 -2.63097e-10 -0 0 0 -0 0 0 0 0 0 0 0 0 0 0 0 0 0 1 13150.8 13150.8 13150.8 13150.8
-1 -1 1 -1 -1 1 0 0 0 0 0 -2.44874e-09 -0 0 0 -0 0 0 0 0 0 0 0 0 0 0 0 0 0 1 13150.8 13150.8 13150.8 13150.8
-1 -1 1 -1 -1 1 0 0 0 0 0 2.62565e-09 -0 0 0 -0 0 0 0 0 0 0 0 0 0 0 0 0 0 1 13150.8 13150.8 13150.8 13150.8
-1 -1 1 -1 -1 1 0 0 0 0 0 4.32753e-10 -0 0 0 -0 0 0 0 0 0 0 0 0 0 0 0 0 0 1 13150.8 13150.8 13150.8 13150.8
-1 -1 1 -1 -1 1 0 0 0 0 0 -1.76196e-09 -0 0 0 -0 0 0 0 0 0 0 0 0 0 0 0 0 0 1 13150.8 13150.8 13150.8 13150.8
-1 -1 1 -1 -1 1 0 0 0 0 0 3.34471e-09 -0 0 0 -0 0 0 0 0 0 0 0 0 0 0 0 0 0 1 13150.8 13150.8 13150.8 13150.8
-1 -1 1 -1 -1 1 0 0 0 0 0 1.16346e-09 -0 0 0 -0 0 0 0 0 0 0 0 0 0 0 0 0 0 1 13150.8 13150.8 13150.8 13150.8
-1 -1 1 -1 -1 1 0 0 0 0 0 -1.04019e-09 -0 0 0 -0 0 0 0 0 0 0 0 0 0 0 0 0 0 1 13150.8 13150.8 13150.8 13150.8
-1 -1 1 -1 -1 1 0 0 0 0 0 -3.22779e-09 -0 0 0 -0 0 0 0 0 0 0 0 0 0 0 0 0 0 1 13150.8 13150.8 13150.8 13150.8
-1 -1 1 -1 -1 1 0 0 0 0 0 1.83805e-09 -0 0 0 -0 0 0 0 0 0 0 0 0 0 0 0 0 0 1 13150.8 13150.8 13150.8 13150.8
-1 -1 1 -1 -1 1 0 0 0 0 0 -3.54473e-10 -0 0 0 -0 0 0 0 0 0 0 0 0 0 0 0 0 0 1 13150.8 13150.8 13150.8 13150.8
-1 -1 1 -1 -1 1 0 0 0 0 0 -2.54352e-09 -0 0 0 -0 0 0 0 0 0 0 0 0 0 0 0 0 0 1 13150.8 13150.8 13150.8 13150.8
-1 -1 1 -1 -1 1 0 0 0 0 0 2.56909e-09 -0 0 0 -0 0 0 0 0 0 0 0 0 0 0 0 0 0 1 13150.8 13150.8 13150.8 13150.8
-1 -1 1 -1 -1 1 0 0 0 0 0 3.89089e-10 -0 0 0 -0 0 0 0 0 0 0 0 0 0 0 0 0 0 1 13150.8 13150.8 13150.8 13150.8
-1 -1 1 -1 -1 1 0 0 0 0 0 -1.81032e-09 -0 0 0 -0 0 0 0 0 0 0 0 0 0 0 0 0 0 1 13150.8 13150.8 13150.8 13150.8
-1 -1 1 -1 -1 1 0 0 0 0 0 3.27883e-09 -0 0 0 -0 0 0 0 0 0 0 0 0 0 0 0 0 0 1 13150.8 13150.8 13150.8 13150.8
-1 -1 1 -1 -1 1 0 0 0 0 0 1.08664e-09 -0 0 0 -0 0 0 0 0 0 0 0 0 0 0 0 0 0 1 13150.8 13150.8 13150.8 13150.8
-1 -1 1 -1 -1 1 0 0 0 0 0 -1.09416e-09 -0 0 0 -0 0 0 0 0 0 0 0 0 0 0 0 0 0 1 13150.8 13150.8 13150.8 13150.8
-1 -1 1 -1 -1 1 0 0 0 0 0 -3.28124e-09 -0 0 0 -0 0 0 0 0 0 0 0 0 0 0 0 0 0 1 13150.8 13150.8 13150.8 13150.8
-1 -1 1 -1 -1 1 0 0 0 0 0 1.81956e-09 -0 0 0 -0 0 0 0 0 0 0 0 0 0 0 0 0 0 1 13150.8 13150.8 13150.8 13150.8
-1 -1 1 -1 -1 1 0 0 0 0 0 -3.688e-10 -0 0 0 -0 0 0 0 0 0 0 0 0 0 0 0 0 0 1 13150.8 13150.8 13150.8 13150.8
-1 -1 1 -1 -1 1 0 0 0 0 0 -2.55534e-09 -0 0 0 -0 0 0 0 0 0 0 0 0 0 0 0 0 0 1 13150.8 13150.8 13150.8 13150.8
-1 -1 1 -1 -1 1 0 0 0 0 0 2.54982e-09 -0 0 0 -0 0 0 0 0 0 0 0 0 0 0 0 0 0 1 13150.8 13150.8 13150.8 13150.8
-1 -1 1 -1 -1 1 0 0 0 0 0 3.54711e-10 -0 0 0 -0 0 0 0 0 0 0 0 0 0 0 0 0 0 1 13150.8 13150.8 13150.8 13150.8
-1 -1 1 -1 -1 1 0 0 0 0 0 -1.83527e-09 -0 0 0 -0 0 0 0 0 0 0 0 0 0 0 0 0 0 1 13150.8 13150.8 13150.8 13150.8
-1 -1 1 -1 -1 1 0 0 0 0 0 3.28637e-09 -0 0 0 -0 0 0 0 0 0 0 0 0 0 0 0 0 0 1 13150.8 13150.8 13150.8 13150.8
-1 -1 1 -1 -1 1 0 0 0 0 0 1.11162e-09 -0 0 0 -0 0 0 0 0 0 0 0 0 0 0 0 0 0 1 13150.8 13150.8 13150.8 13150.8
-1 -1 1 -1 -1 1 0 0 0 0 0 -1.08413e-09 -0 0 0 -0 0 0 0 0 0 0 0 0 0 0 0 0 0 1 13150.8 13150.8 13150.8 13150.8
-1 -1 1 -1 -1 1 0 0 0 0 0 -3.26479e-09 -0 0 0 -0 0 0 0 0 0 0 0 0 0 0 0 0 0 1 13150.8 13150.8 13150.8 13150.8
-1 -1 1 -1 -1 1 0 0 0 0 0 1.83528e-09 -0 0 0 -0 0 0 0 0 0 0 0 0 0 0 0 0 0 1 13150.8 13150.8 13150.8 13150.8
-1 -1 1 -1 -1 1 0 0 0 0 0 -3.54864e-10 -0 0 0 -0 0 0 0 0 0 0 0 0 0 0 0 0 0 1 13150.8 13150.8 13150.8 13150.8
-1 -1 1 -1 -1 1 0 0 0 0 0 -2.54334e-09 -0 0 0 -0 0 0 0 0 0 0 0 0 0 0 0 0 0 1 13150.8 13150.8 13150.8 13150.8
-1 -1 1 -1 -1 1 0 0 0 0 0 2.56202e-09 -0 0 0 -0 0 0 0 0 0 0 0 0 0 0 0 0 0 1 13150.8 13150.8 13150.8 13150.8
-1 -1 1 -1 -1 1 0 0 0 0 0 3.75217e-10 -0 0 0 -0 0 0 0 0 0 0 0 0 0 0 0 0 0 1 13150.8 13150.8 13150.8 13150.8
-1 -1 1 -1 -1 1 0 0 0 0 0 -1.82486e-09 -0 0 0 -0 0 0 0 0 0 0 0 0 0 0 0 0 0 1 13150.8 13150.8 13150.8 13150.8
-1 -1 1 -1 -1 1 0 0 0 0 0 3.23475e-09 -0 0 0 -0 0 0 0 0 0 0 0 0 0 0 0 0 0 1 13150.8 13150.8 13150.8 13150.8
-1 -1 1 -1 -1 1 0 0 0 0 0 1.04666e-09 -0 0 0 -0 0 0 0 0 0 0 0 0 0 0 0 0 0 1 13150.8 13150.8 13150.8 13150.8
-1 -1 1 -1 -1 1 0 0 0 0 0 -1.14613e-09 -0 0 0 -0 0 0 0 0 0 0 0 0 0 0 0 0 0 1 13150.8 13150.8 13150.8 13150.8
-1 -1 1 -1 -1 1 0 0 0 0 0 -3.33592e-09 -0 0 0 -0 0 0 0 0 0 0 0 0 0 0 0 0 0 1 13150.8 13150.8 13150.8 13150.8
-1 -1 1 -1 -1 1 0 0 0 0 0 1.76388e-09 -0 0 0 -0 0 0 0 0 0 0 0 0 0 0 0 0 0 1 13150.8 13150.8 13150.8 13150.8
-1 -1 1 -1 -1 1 0 0 0 0 0 -4.3355e-10 -0 0 0 -0 0 0 0 0 0 0 0 0 0 0 0 0 0 1 13150.8 13150.8 13150.8 13150.8
-1 -1 1 -1 -1 1 0 0 0 0 0 -2.61216e-09 -0 0 0 -0 0 0 0 0 0 0 0 0 0 0 0 0 0 1 13150.8 13150.8 13150.8 13150.8
-1 -1 1 -1 -1 1 0 0 0 0 0 2.5156e-09 -0 0 0 -0 0 0 0 0 0 0 0 0 0 0 0 0 0 1 13150.8 13150.8 13150.8 13150.8
-1 -1 1 -1 -1 1 0 0 0 0 0 3.41167e-10 -0 0 0 -0 0 0 0 0 0 0 0 0 0 0 0 0 0 1 13150.8 13150.8 13150.8 13150.8
-1 -1 1 -1 -1 1 0 0 0 0 0 -1.8505e-09 -0 0 0 -0 0 0 0 0 0 0 0 0 0 0 0 0 0 1 13150.8 13150.8 13150.8 13150.8
-1 -1 1 -1 -1 1 0 0 0 0 0 3.25234e-09 -0 0 0 -0 0 0 0 0 0 0 0 0 0 0 0 0 0 1 13150.8 13150.8 13150.8 13150.8
-1 -1 1 -1 -1 1 0 0 0 0 0 1.06219e-09 -0 0 0 -0 0 0 0 0 0 0 0 0 0 0 0 0 0 1 13150.8 13150.8 13150.8 13150.8
-1 -1 1 -1 -1 1 0 0 0 0 0 -1.13131e-09 -0 0 0 -0 0 0 0 0 0 0 0 0 0 0 0 0 0 1 13150.8 13150.8 13150.8 13150.8
-1 -1 1 -1 -1 1 0 0 0 0 0 -3.31568e-09 -0 0 0 -0 0 0 0 0 0 0 0 0 0 0 0 0 0 1 13150.8 13150.8 13150.8 13150.8
-1 -1 1 -1 -1 1 0 0 0 0 0 1.78121e-09 -0 0 0 -0 0 0 0 0 0 0 0 0 0 0 0 0 0 1 13150.8 13150.8 13150.8 13150.8
-1 -1 1 -1 -1 1 0 0 0 0 0 -4.09887e-10 -0 0 0 -0 0 0 0 0 0 0 0 0 0 0 0 0 0 1 13150.8 13150.8 13150.8 13150.8
-1 -1 1 -1 -1 1 0 0 0 0 0 -2.59419e-09 -0 0 0 -0 0 0 0 0 0 0 0 0 0 0 0 0 0 1 13150.8 13150.8 13150.8 13150.8
-1 -1 1 -1 -1 1 0 0 0 0 0 2.50987e-09 -0 0 0 -0 0 0 0 0 0 0 0 0 0 0 0 0 0 1 13150.8 13150.8 13150.8 13150.8
-1 -1 1 -1 -1 1 0 0 0 0 0 3.19403e-10 -0 0 0 -0 0 0 0 0 0 0 0 0 0 0 0 0 0 1 13150.8 13150.8 13150.8 13150.8
-1 -1 1 -1 -1 1 0 0 0 0 0 -1.86735e-09 -0 0 0 -0 0 0 0 0 0 0 0 0 0 0 0 0 0 1 13150.8 13150.8 13150.8 13150.8
-1 -1 1 -1 -1 1 0 0 0 0 0 3.23117e-09 -0 0 0 -0 0 0 0 0 0 0 0 0 0 0 0 0 0 1 13150.8 13150.8 13150.8 13150.8
-1 -1 1 -1 -1 1 0 0 0 0 0 1.0421e-09 -0 0 0 -0 0 0 0 0 0 0 0 0 0 0 0 0 0 1 13150.8 13150.8 13150.8 13150.8
-1 -1 1 -1 -1 1 0 0 0 0 0 -1.14589e-09 -0 0 0 -0 0 0 0 0 0 0 0 0 0 0 0 0 0 1 13150.8 13150.8 13150.8 13150.8
-1 -1 1 -1 -1 1 0 0 0 0 0 -3.33462e-09 -0 0 0 -0 0 0 0 0 0 0 0 0 0 0 0 0 0 1 13150.8 13150.8 13150.8 13150.8
-1 -1 1 -1 -1 1 0 0 0 0 0 1.76218e-09 -0 0 0 -0 0 0 0 0 0 0 0 0 0 0 0 0 0 1 13150.8 13150.8 13150.8 13150.8
-1 -1 1 -1 -1 1 0 0 0 0 0 -4.29752e-10 -0 0 0 -0 0 0 0 0 0 0 0 0 0 0 0 0 0 1 13150.8 13150.8 13150.8 13150.8
-1 -1 1 -1 -1 1 0 0 0 0 0 -2.61643e-09 -0 0 0 -0 0 0 0 0 0 0 0 0 0 0 0 0 0 1 13150.8 13150.8 13150.8 13150.8
-1 -1 1 -1 -1 1 0 0 0 0 0 2.47499e-09 -0 0 0 -0 0 0 0 0 0 0 0 0 0 0 0 0 0 1 13150.8 13150.8 13150.8 13150.8
-1 -1 1 -1 -1 1 0 0 0 0 0 2.82112e-10 -0 0 0 -0 0 0 0 0 0 0 0 0 0 0 0 0 0 1 13150.8 13150.8 13150.8 13150.8
-1 -1 1 -1 -1 1 0 0 0 0 0 -1.91371e-09 -0 0 0 -0 0 0 0 0 0 0 0 0 0 0 0 0 0 1 13150.8 13150.8 13150.8 13150.8
-1 -1 1 -1 -1 1 0 0 0 0 0 3.18568e-09 -0 0 0 -0 0 0 0 0 0 0 0 0 0 0 0 0 0 1 13150.8 13150.8 13150.8 13150.8
-1 -1 1 -1 -1 1 0 0 0 0 0 9.98513e-10 -0 0 0 -0 0 0 0 0 0 0 0 0 0 0 0 0 0 1 13150.8 13150.8 13150.8 13150.8
-1 -1 1 -1 -1 1 0 0 0 0 0 -1.18965e-09 -0 0 0 -0 0 0 0 0 0 0 0 0 0 0 0 0 0 1 13150.8 13150.8 13150.8 13150.8
-1 -1 1 -1 -1 1 0 0 0 0 0 -3.3745e-09 -0 0 0 -0 0 0 0 0 0 0 0 0 0 0 0 0 0 1 13150.8 13150.8 13150.8 13150.8
-1 -1 1 -1 -1 1 0 0 0 0 0 1.72219e-09 -0 0 0 -0 0 0 0 0 0 0 0 0 0 0 0 0 0 1 13150.8 13150.8 13150.8 13150.8
-1 -1 1 -1 -1 1 0 0 0 0 0 -4.68622e-10 -0 0 0 -0 0 0 0 0 0 0 0 0 0 0 0 0 0 1 13150.8 13150.8 13150.8 13150.8
-1 -1 1 -1 -1 1 0 0 0 0 0 -2.65748e-09 -0 0 0 -0 0 0 0 0 0 0 0 0 0 0 0 0 0 1 13150.8 13150.8 13150.8 13150.8
-1 -1 1 -1 -1 1 0 0 0 0 0 2.45307e-09 -0 0 0 -0 0 0 0 0 0 0 0 0 0 0 0 0 0 1 13150.8 13150.8 13150.8 13150.8
-1 -1 1 -1 -1 1 0 0 0 0 0 2.67458e-10 -0 0 0 -0 0 0 0 0 0 0 0 0 0 0 0 0 0 1 13150.8 13150.8 13150.8 13150.8
-1 -1 1 -1 -1 1 0 0 0 0 0 -1.91766e-09 -0 0 0 -0 0 0 0 0 0 0 0 0 0 0 0 0 0 1 13150.8 13150.8 13150.8 13150.8
-1 -1 1 -1 -1 1 0 0 0 0 0 3.20373e-09 -0 0 0 -0 0 0 0 0 0 0 0 0 0 0 0 0 0 1 13150.8 13150.8 13150.8 13150.8
-1 -1 1 -1 -1 1 0 0 0 0 0 1.02744e-09 -0 0 0 -0 0 0 0 0 0 0 0 0 0 0 0 0 0 1 13150.8 13150.8 13150.8 13150.8
-1 -1 1 -1 -1 1 0 0 0 0 0 -1.16541e-09 -0 0 0 -0 0 0 0 0 0 0 0 0 0 0 0 0 0 1 13150.8 13150.8 13150.8 13150.8
-1 -1 1 -1 -1 1 0 0 0 0 0 -3.35493e-09 -0 0 0 -0 0 0 0 0 0 0 0 0 0 0 0 0 0 1 13150.8 13150.8 13150.8 13150.8
-1 -1 1 -1 -1 1 0 0 0 0 0 1.74538e-09 -0 0 0 -0 0 0 0 0 0 0 0 0 0 0 0 0 0 1 13150.8 13150.8 13150.8 13150.8
-1 -1 1 -1 -1 1 0 0 0 0 0 -4.42625e-10 -0 0 0 -0 0 0 0 0 0 0 0 0 0 0 0 0 0 1 13150.8 13150.8 13150.8 13150.8
-1 -1 1 -1 -1 1 0 0 0 0 0 -2.63058e-09 -0 0 0 -0 0 0 0 0 0 0 0 0 0 0 0 0 0 1 13150.8 13150.8 13150.8 13150.8
-1 -1 1 -1 -1 1 0 0 0 0 0 2.46111e-09 -0 0 0 -0 0 0 0 0 0 0 0 0 0 0 0 0 0 1 13150.8 13150.8 13150.8 13150.8
-1 -1 1 -1 -1 1 0 0 0 0 0 2.63424e-10 -0 0 0 -0 0 0 0 0 0 0 0 0 0 0 0 0 0 1 13150.8 13150.8 13150.8 13150.8
-1 -1 1 -1 -1 1 0 0 0 0 0 -1.92073e-09 -0 0 0 -0 0 0 0 0 0 0 0 0 0 0 0 0 0 1 13150.8 13150.8 13150.8 13150.8
-1 -1 1 -1 -1 1 0 0 0 0 0 3.18319e-09 -0 0 0 -0 0 0 0 0 0 0 0 0 0 0 0 0 0 1 13150.8 13150.8 13150.8 13150.8
-1 -1 1 -1 -1 1 0 0 0 0 0 9.92665e-10 -0 0 0 -0 0 0 0 0 0 0 0 0 0 0 0 0 0 1 13150.8 13150.8 13150.8 13150.8
-1 -1 1 -1 -1 1 0 0 0 0 0 -1.19759e-09 -0 0 0 -0 0 0 0 0 0 0 0 0 0 0 0 0 0 1 13150.8 13150.8 13150.8 13150.8
-1 -1 1 -1 -1 1 0 0 0 0 0 -3.38451e-09 -0 0 0 -0 0 0 0 0 0 0 0 0 0 0 0 0 0 1 13150.8 13150.8 13150.8 13150.8
-1 -1 1 -1 -1 1 0 0 0 0 0 1.7149e-09 -0 0 0 -0 0 0 0 0 0 0 0 0 0 0 0 0 0 1 13150.8 13150.8 13150.8 13150.8
-1 -1 1 -1 -1 1 0 0 0 0 0 -4.73868e-10 -0 0 0 -0 0 0 0 0 0 0 0 0 0 0 0 0 0 1 13150.8 13150.8 13150.8 13150.8
-1 -1 1 -1 -1 1 0 0 0 0 0 -2.66014e-09 -0 0 0 -0 0 0 0 0 0 0 0 0 0 0 0 0 0 1 13150.8 13150.8 13150.8 13150.8
-1 -1 1 -1 -1 1 0 0 0 0 0 2.4432e-09 -0 0 0 -0 0 0 0 0 0 0 0 0 0 0 0 0 0 1 13150.8 13150.8 13150.8 13150.8
-1 -1 1 -1 -1 1 0 0 0 0 0 2.47925e-10 -0 0 0 -0 0 0 0 0 0 0 0 0 0 0 0 0 0 1 13150.8 13150.8 13150.8 13150.8
-1 -1 1 -1 -1 1 0 0 0 0 0 -1.9407e-09 -0 0 0 -0 0 0 0 0 0 0 0 0 0 0 0 0 0 1 13150.8 13150.8 13150.8 13150.8
-1 -1 1 -1 -1 1 0 0 0 0 0 3.17337e-09 -0 0 0 -0 0 0 0 0 0 0 0 0 0 0 0 0 0 1 13150.8 13150.8 13150.8 13150.8
-1 -1 1 -1 -1 1 0 0 0 0 0 9.9442e-10 -0 0 0 -0 0 0 0 0 0 0 0 0 0 0 0 0 0 1 13150.8 13150.8 13150.8 13150.8
-1 -1 1 -1 -1 1 0 0 0 0 0 -1.19807e-09 -0 0 0 -0 0 0 0 0 0 0 0 0 0 0 0 0 0 1 13150.8 13150.8 13150.8 13150.8
-1 -1 1 -1 -1 1 0 0 0 0 0 -3.39153e-09 -0 0 0 -0 0 0 0 0 0 0 0 0 0 0 0 0 0 1 13150.8 13150.8 13150.8 13150.8
-1 -1 1 -1 -1 1 0 0 0 0 0 1.70441e-09 -0 0 0 -0 0 0 0 0 0 0 0 0 0 0 0 0 0 1 13150.8 13150.8 13150.8 13150.8
-1 -1 1 -1 -1 1 0 0 0 0 0 -4.73189e-10 -0 0 0 -0 0 0 0 0 0 0 0 0 0 0 0 0 0 1 13150.8 13150.8 13150.8 13150.8
-1 -1 1 -1 -1 1 0 0 0 0 0 -2.66906e-09 -0 0 0 -0 0 0 0 0 0 0 0 0 0 0 0 0 0 1 13150.8 13150.8 13150.8 13150.8
-1 -1 1 -1 -1 1 0 0 0 0 0 2.4154e-09 -0 0 0 -0 0 0 0 0 0 0 0 0 0 0 0 0 0 1 13150.8 13150.8 13150.8 13150.8
-1 -1 1 -1 -1 1 0 0 0 0 0 2.22759e-10 -0 0 0 -0 0 0 0 0 0 0 0 0 0 0 0 0 0 1 13150.8 13150.8 13150.8 13150.8
-1 -1 1 -1 -1 1 0 0 0 0 0 -1.9624e-09 -0 0 0 -0 0 0 0 0 0 0 0 0 0 0 0 0 0 1 13150.8 13150.8 13150.8 13150.8
-1 -1 1 -1 -1 1 0 0 0 0 0 3.15259e-09 -0 0 0 -0 0 0 0 0 0 0 0 0 0 0 0 0 0 1 13150.8 13150.8 13150.8 13150.8
-1 -1 1 -1 -1 1 0 0 0 0 0 9.70042e-10 -0 0 0 -0 0 0 0 0 0 0 0 0 0 0 0 0 0 1 13150.8 13150.8 13150.8 13150.8
-1 -1 1 -1 -1 1 0 0 0 0 0 -1.22333e-09 -0 0 0 -0 0 0 0 0 0 0 0 0 0 0 0 0 0 1 13150.8 13150.8 13150.8 13150.8
-1 -1 1 -1 -1 1 0 0 0 0 0 -3.40756e-09 -0 0 0 -0 0 0 0 0 0 0 0 0 0 0 0 0 0 1 13150.8 13150.8 13150.8 13150.8
-1 -1 1 -1 -1 1 0 0 0 0 0 1.69384e-09 -0 0 0 -0 0 0 0 0 0 0 0 0 0 0 0 0 0 1 13150.8 13150.8 13150.8 13150.8
-1 -1 1 -1 -1 1 0 0 0 0 0 -4.96193e-10 -0 0 0 -0 0 0 0 0 0 0 0 0 0 0 0 0 0 1 13150.8 13150.8 13150.8 13150.8
-1 -1 1 -1 -1 1 0 0 0 0 0 -2.69237e-09 -0 0 0 -0 0 0 0 0 0 0 0 0 0 0 0 0 0 1 13150.8 13150.8 13150.8 13150.8
-1 -1 1 -1 -1 1 0 0 0 0 0 2.38198e-09 -0 0 0 -0 0 0 0 0 0 0 0 0 0 0 0 0 0 1 13150.8 13150.8 13150.8 13150.8
-1 -1 1 -1 -1 1 0 0 0 0 0 1.89978e-10 -0 0 0 -0 0 0 0 0 0 0 0 0 0 0 0 0 0 1 13150.8 13150.8 13150.8 13150.8
-1 -1 1 -1 -1 1 0 0 0 0 0 -1.9954e-09 -0 0 0 -0 0 0 0 0 0 0 0 0 0 0 0 0 0 1 13150.8 13150.8 13150.8 13150.8
-1 -1 1 -1 -1 1 0 0 0 0 0 3.10029e-09 -0 0 0 -0 0 0 0 0 0 0 0 0 0 0 0 0 0 1 13150.8 13150.8 13150.8 13150.8
-1 -1 1 -1 -1 1 0 0 0 0 0 9.11553e-10 -0 0 0 -0 0 0 0 0 0 0 0 0 0 0 0 0 0 1 13150.8 13150.8 13150.8 13150.8
-1 -1 1 -1 -1 1 0 0 0 0 0 -1.28328e-09 -0 0 0 -0 0 0 0 0 0 0 0 0 0 0 0 0 0 1 13150.8 13150.8 13150.8 13150.8
-1 -1 1 -1 -1 1 0 0 0 0 0 -3.46976e-09 -0 0 0 -0 0 0 0 0 0 0 0 0 0 0 0 0 0 1 13150.8 13150.8 13150.8 13150.8
-1 -1 1 -1 -1 1 0 0 0 0 0 1.62302e-09 -0 0 0 -0 0 0 0 0 0 0 0 0 0 0 0 0 0 1 13150.8 13150.8 13150.8 13150.8
-1 -1 1 -1 -1 1 0 0 0 0 0 -5.67345e-10 -0 0 0 -0 0 0 0 0 0 0 0 0 0 0 0 0 0 1 13150.8 13150.8 13150.8 13150.8
-1 -1 1 -1 -1 1 0 0 0 0 0 -2.75549e-09 -0 0 0 -0 0 0 0 0 0 0 0 0 0 0 0 0 0 1 13150.8 13150.8 13150.8 13150.8
-1 -1 1 -1 -1 1 0 0 0 0 0 2.33843e-09 -0 0 0 -0 0 0 0 0 0 0 0 0 0 0 0 0 0 1 13150.8 13150.8 13150.8 13150.8
-1 -1 1 -1 -1 1 0 0 0 0 0 1.4861e-10 -0 0 0 -0 0 0 0 0 0 0 0 0 0 0 0 0 0 1 13150.8 13150.8 13150.8 13150.8
-1 -1 1 -1 -1 1 0 0 0 0 0 -2.04082e-09 -0 0 0 -0 0 0 0 0 0 0 0 0 0 0 0 0 0 1 13150.8 13150.8 13150.8 13150.8
-1 -1 1 -1 -1 1 0 0 0 0 0 3.05835e-09 -0 0 0 -0 0 0 0 0 0 0 0 0 0 0 0 0 0 1 13150.8 13150.8 13150.8 13150.8
-1 -1 1 -1 -1 1 0 0 0 0 0 8.50876e-10 -0 0 0 -0 0 0 0 0 0 0 0 0 0 0 0 0 0 1 13150.8 13150.8 13150.8 13150.8
-1 -1 1 -1 -1 1 0 0 0 0 0 -1.32424e-09 -0 0 0 -0 0 0 0 0 0 0 0 0 0 0 0 0 0 1 13150.8 13150.8 13150.8 13150.8
-1 -1 1 -1 -1 1 0 0 0 0 0 -3.51611e-09 -0 0 0 -0 0 0 0 0 0 0 0 0 0 0 0 0 0 1 13150.8 13150.8 13150.8 13150.8
-1 -1 1 -1 -1 1 0 0 0 0 0 1.57363e-09 -0 0 0 -0 0 0 0 0 0 0 0 0 0 0 0 0 0 1 13150.8 13150.8 13150.8 13150.8
-1 -1 1 -1 -1 1 0 0 0 0 0 -6.17287e-10 -0 0 0 -0 0 0 0 0 0 0 0 0 0 0 0 0 0 1 13150.8 13150.8 13150.8 13150.8
-1 -1 1 -1 -1 1 0 0 0 0 0 -2.81462e-09 -0 0 0 -0 0 0 0 0 0 0 0 0 0 0 0 0 0 1 13150.8 13150.8 13150.8 13150.8
-1 -1 1 -1 -1 1 0 0 0 0 0 2.2813e-09 -0 0 0 -0 0 0 0 0 0 0 0 0 0 0 0 0 0 1 13150.8 13150.8 13150.8 13150.8
-1 -1 1 -1 -1 1 0 0 0 0 0 9.24319e-11 -0 0 0 -0 0 0 0 0 0 0 0 0 0 0 0 0 0 1 13150.8 13150.8 13150.8 13150.8
-1 -1 1 -1 -1 1 0 0 0 0 0 -2.0892e-09 -0 0 0 -0 0 0 0 0 0 0 0 0 0 0 0 0 0 1 13150.8 13150.8 13150.8 13150.8
-1 -1 1 -1 -1 1 0 0 0 0 0 2.99957e-09 -0 0 0 -0 0 0 0 0 0 0 0 0 0 0 0 0 0 1 13150.8 13150.8 13150.8 13150.8
-1 -1 1 -1 -1 1 0 0 0 0 0 8.11851e-10 -0 0 0 -0 0 0 0 0 0 0 0 0 0 0 0 0 0 1 13150.8 13150.8 13150.8 13150.8
-1 -1 1 -1 -1 1 0 0 0 0 0 -1.38826e-09 -0 0 0 -0 0 0 0 0 0 0 0 0 0 0 0 0 0 1 13150.8 13150.8 13150.8 13150.8
-1 -1 1 -1 -1 1 0 0 0 0 0 -3.57772e-09 -0 0 0 -0 0 0 0 0 0 0 0 0 0 0 0 0 0 1 13150.8 13150.8 13150.8 13150.8
-1 -1 1 -1 -1 1 0 0 0 0 0 1.52258e-09 -0 0 0 -0 0 0 0 0 0 0 0 0 0 0 0 0 0 1 13150.8 13150.8 13150.8 13150.8
-1 -1 1 -1 -1 1 0 0 0 0 0 -6.57028e-10 -0 0 0 -0 0 0 0 0 0 0 0 0 0 0 0 0 0 1 13150.8 13150.8 13150.8 13150.8
-1 -1 1 -1 -1 1 0 0 0 0 0 -2.85316e-09 -0 0 0 -0 0 0 0 0 0 0 0 0 0 0 0 0 0 1 13150.8 13150.8 13150.8 13150.8
-1 -1 1 -1 -1 1 0 0 0 0 0 2.24254e-09 -0 0 0 -0 0 0 0 0 0 0 0 0 0 0 0 0 0 1 13150.8 13150.8 13150.8 13150.8
-1 -1 1 -1 -1 1 0 0 0 0 0 4.92241e-11 -0 0 0 -0 0 0 0 0 0 0 0 0 0 0 0 0 0 1 13150.8 13150.8 13150.8 13150.8
-1 -1 1 -1 -1 1 0 0 0 0 0 -2.14421e-09 -0 0 0 -0 0 0 0 0 0 0 0 0 0 0 0 0 0 1 13150.8 13150.8 13150.8 13150.8
-1 -1 1 -1 -1 1 0 0 0 0 0 2.94749e-09 -0 0 0 -0 0 0 0 0 0 0 0 0 0 0 0 0 0 1 13150.8 13150.8 13150.8 13150.8
-1 -1 1 -1 -1 1 0 0 0 0 0 7.67011e-10 -0 0 0 -0 0 0 0 0 0 0 0 0 0 0 0 0 0 1 13150.8 13150.8 13150.8 13150.8
-1 -1 1 -1 -1 1 0 0 0 0 0 -1.4204e-09 -0 0 0 -0 0 0 0 0 0 0 0 0 0 0 0 0 0 1 13150.8 13150.8 13150.8 13150.8
-1 -1 1 -1 -1 1 0 0 0 0 0 -3.61707e-09 -0 0 0 -0 0 0 0 0 0 0 0 0 0 0 0 0 0 1 13150.8 13150.8 13150.8 13150.8
-1 -1 1 -1 -1 1 0 0 0 0 0 1.47241e-09 -0 0 0 -0 0 0 0 0 0 0 0 0 0 0 0 0 0 1 13150.8 13150.8 13150.8 13150.8
-1 -1 1 -1 -1 1 0 0 0 0 0 -7.14655e-10 -0 0 0 -0 0 0 0 0 0 0 0 0 0 0 0 0 0 1 13150.8 13150.8 13150.8 13150.8
-1 -1 1 -1 -1 1 0 0 0 0 0 -2.90069e-09 -0 0 0 -0 0 0 0 0 0 0 0 0 0 0 0 0 0 1 13150.8 13150.8 13150.8 13150.8
-1 -1 1 -1 -1 1 0 0 0 0 0 2.21685e-09 -0 0 0 -0 0 0 0 0 0 0 0 0 0 0 0 0 0 1 13150.8 13150.8 13150.8 13150.8
-1 -1 1 -1 -1 1 0 0 0 0 0 2.73564e-11 -0 0 0 -0 0 0 0 0 0 0 0 0 0 0 0 0 0 1 13150.8 13150.8 13150.8 13150.8
-1 -1 1 -1 -1 1 0 0 0 0 0 -2.15442e-09 -0 0 0 -0 0 0 0 0 0 0 0 0 0 0 0 0 0 1 13150.8 13150.8 13150.8 13150.8
-1 -1 1 -1 -1 1 0 0 0 0 0 2.95548e-09 -0 0 0 -0 0 0 0 0 0 0 0 0 0 0 0 0 0 1 13150.8 13150.8 13150.8 13150.8
-1 -1 1 -1 -1 1 0 0 0 0 0 7.73765e-10 -0 0 0 -0 0 0 0 0 0 0 0 0 0 0 0 0 0 1 13150.8 13150.8 13150.8 13150.8
-1 -1 1 -1 -1 1 0 0 0 0 0 -1.42324e-09 -0 0 0 -0 0 0 0 0 0 0 0 0 0 0 0 0 0 1 13150.8 13150.8 13150.8 13150.8
-1 -1 1 -1 -1 1 0 0 0 0 0 -3.6066e-09 -0 0 0 -0 0 0 0 0 0 0 0 0 0 0 0 0 0 1 13150.8 13150.8 13150.8 13150.8
-1 -1 1 -1 -1 1 0 0 0 0 0 1.48671e-09 -0 0 0 -0 0 0 0 0 0 0 0 0 0 0 0 0 0 1 13150.8 13150.8 13150.8 13150.8
-1 -1 1 -1 -1 1 0 0 0 0 0 -7.07572e-10 -0 0 0 -0 0 0 0 0 0 0 0 0 0 0 0 0 0 1 13150.8 13150.8 13150.8 13150.8
-1 -1 1 -1 -1 1 0 0 0 0 0 -2.89296e-09 -0 0 0 -0 0 0 0 0 0 0 0 0 0 0 0 0 0 1 13150.8 13150.8 13150.8 13150.8
-1 -1 1 -1 -1 1 0 0 0 0 0 2.21367e-09 -0 0 0 -0 0 0 0 0 0 0 0 0 0 0 0 0 0 1 13150.8 13150.8 13150.8 13150.8
-1 -1 1 -1 -1 1 0 0 0 0 0 2.74477e-11 -0 0 0 -0 0 0 0 0 0 0 0 0 0 0 0 0 0 1 13150.8 13150.8 13150.8 13150.8
-1 -1 1 -1 -1 1 0 0 0 0 0 -2.15878e-09 -0 0 0 -0 0 0 0 0 0 0 0 0 0 0 0 0 0 1 13150.8 13150.8 13150.8 13150.8
-1 -1 1 -1 -1 1 0 0 0 0 0 2.94178e-09 -0 0 0 -0 0 0 0 0 0 0 0 0 0 0 0 0 0 1 13150.8 13150.8 13150.8 13150.8
-1 -1 1 -1 -1 1 0 0 0 0 0 7.45516e-10 -0 0 0 -0 0 0 0 0 0 0 0 0 0 0 0 0 0 1 13150.8 13150.8 13150.8 13150.8
-1 -1 1 -1 -1 1 0 0 0 0 0 -1.44516e-09 -0 0 0 -0 0 0 0 0 0 0 0 0 0 0 0 0 0 1 13150.8 13150.8 13150.8 13150.8
-1 -1 1 -1 -1 1 0 0 0 0 0 3.64105e-09 -0 0 0 -0 0 0 0 0 0 0 0 0 0 0 0 0 0 1 13150.8 13150.8 13150.8 13150.8
-1 -1 1 -1 -1 1 0 0 0 0 0 1.45496e-09 -0 0 0 -0 0 0 0 0 0 0 0 0 0 0 0 0 0 1 13150.8 13150.8 13150.8 13150.8
-1 -1 1 -1 -1 1 0 0 0 0 0 -7.42714e-10 -0 0 0 -0 0 0 0 0 0 0 0 0 0 0 0 0 0 1 13150.8 13150.8 13150.8 13150.8
-1 -1 1 -1 -1 1 0 0 0 0 0 -2.93294e-09 -0 0 0 -0 0 0 0 0 0 0 0 0 0 0 0 0 0 1 13150.8 13150.8 13150.8 13150.8
-1 -1 1 -1 -1 1 0 0 0 0 0 2.1496e-09 -0 0 0 -0 0 0 0 0 0 0 0 0 0 0 0 0 0 1 13150.8 13150.8 13150.8 13150.8
-1 -1 1 -1 -1 1 0 0 0 0 0 -3.68367e-11 -0 0 0 -0 0 0 0 0 0 0 0 0 0 0 0 0 0 1 13150.8 13150.8 13150.8 13150.8
-1 -1 1 -1 -1 1 0 0 0 0 0 -2.22291e-09 -0 0 0 -0 0 0 0 0 0 0 0 0 0 0 0 0 0 1 13150.8 13150.8 13150.8 13150.8
-1 -1 1 -1 -1 1 0 0 0 0 0 2.87343e-09 -0 0 0 -0 0 0 0 0 0 0 0 0 0 0 0 0 0 1 13150.8 13150.8 13150.8 13150.8
-1 -1 1 -1 -1 1 0 0 0 0 0 6.80966e-10 -0 0 0 -0 0 0 0 0 0 0 0 0 0 0 0 0 0 1 13150.8 13150.8 13150.8 13150.8
-1 -1 1 -1 -1 1 0 0 0 0 0 -1.51604e-09 -0 0 0 -0 0 0 0 0 0 0 0 0 0 0 0 0 0 1 13150.8 13150.8 13150.8 13150.8
-1 -1 1 -1 -1 1 0 0 0 0 0 3.57808e-09 -0 0 0 -0 0 0 0 0 0 0 0 0 0 0 0 0 0 1 13150.8 13150.8 13150.8 13150.8
-1 -1 1 -1 -1 1 0 0 0 0 0 1.389e-09 -0 0 0 -0 0 0 0 0 0 0 0 0 0 0 0 0 0 1 13150.8 13150.8 13150.8 13150.8
-1 -1 1 -1 -1 1 0 0 0 0 0 -7.94985e-10 -0 0 0 -0 0 0 0 0 0 0 0 0 0 0 0 0 0 1 13150.8 13150.8 13150.8 13150.8
-1 -1 1 -1 -1 1 0 0 0 0 0 -2.98303e-09 -0 0 0 -0 0 0 0 0 0 0 0 0 0 0 0 0 0 1 13150.8 13150.8 13150.8 13150.8
-1 -1 1 -1 -1 1 0 0 0 0 0 2.10991e-09 -0 0 0 -0 0 0 0 0 0 0 0 0 0 0 0 0 0 1 13150.8 13150.8 13150.8 13150.8
-1 -1 1 -1 -1 1 0 0 0 0 0 -8.66951e-11 -0 0 0 -0 0 0 0 0 0 0 0 0 0 0 0 0 0 1 13150.8 13150.8 13150.8 13150.8
-1 -1 1 -1 -1 1 0 0 0 0 0 -2.27571e-09 -0 0 0 -0 0 0 0 0 0 0 0 0 0 0 0 0 0 1 13150.8 13150.8 13150.8 13150.8
-1 -1 1 -1 -1 1 0 0 0 0 0 2.82714e-09 -0 0 0 -0 0 0 0 0 0 0 0 0 0 0 0 0 0 1 13150.8 13150.8 13150.8 13150.8
-1 -1 1 -1 -1 1 0 0 0 0 0 6.41922e-10 -0 0 0 -0 0 0 0 0 0 0 0 0 0 0 0 0 0 1 13150.8 13150.8 13150.8 13150.8
-1 -1 1 -1 -1 1 0 0 0 0 0 -1.55477e-09 -0 0 0 -0 0 0 0 0 0 0 0 0 0 0 0 0 0 1 13150.8 13150.8 13150.8 13150.8
-1 -1 1 -1 -1 1 0 0 0 0 0 3.53386e-09 -0 0 0 -0 0 0 0 0 0 0 0 0 0 0 0 0 0 1 13150.8 13150.8 13150.8 13150.8
-1 -1 1 -1 -1 1 0 0 0 0 0 1.35368e-09 -0 0 0 -0 0 0 0 0 0 0 0 0 0 0 0 0 0 1 13150.8 13150.8 13150.8 13150.8
-1 -1 1 -1 -1 1 0 0 0 0 0 -8.43719e-10 -0 0 0 -0 0 0 0 0 0 0 0 0 0 0 0 0 0 1 13150.8 13150.8 13150.8 13150.8
-1 -1 1 -1 -1 1 0 0 0 0 0 -3.0275e-09 -0 0 0 -0 0 0 0 0 0 0 0 0 0 0 0 0 0 1 13150.8 13150.8 13150.8 13150.8
-1 -1 1 -1 -1 1 0 0 0 0 0 2.07237e-09 -0 0 0 -0 0 0 0 0 0 0 0 0 0 0 0 0 0 1 13150.8 13150.8 13150.8 13150.8
-1 -1 1 -1 -1 1 0 0 0 0 0 -1.17482e-10 -0 0 0 -0 0 0 0 0 0 0 0 0 0 0 0 0 0 1 13150.8 13150.8 13150.8 13150.8
-1 -1 1 -1 -1 1 0 0 0 0 0 -2.3056e-09 -0 0 0 -0 0 0 0 0 0 0 0 0 0 0 0 0 0 1 13150.8 13150.8 13150.8 13150.8
-1 -1 1 -1 -1 1 0 0 0 0 0 2.80223e-09 -0 0 0 -0 0 0 0 0 0 0 0 0 0 0 0 0 0 1 13150.8 13150.8 13150.8 13150.8
-1 -1 1 -1 -1 1 0 0 0 0 0 6.17415e-10 -0 0 0 -0 0 0 0 0 0 0 0 0 0 0 0 0 0 1 13150.8 13150.8 13150.8 13150.8
-1 -1 1 -1 -1 1 0 0 0 0 0 -1.57774e-09 -0 0 0 -0 0 0 0 0 0 0 0 0 0 0 0 0 0 1 13150.8 13150.8 13150.8 13150.8
-1 -1 1 -1 -1 1 0 0 0 0 0 3.51853e-09 -0 0 0 -0 0 0 0 0 0 0 0 0 0 0 0 0 0 1 13150.8 13150.8 13150.8 13150.8
-1 -1 1 -1 -1 1 0 0 0 0 0 1.33003e-09 -0 0 0 -0 0 0 0 0 0 0 0 0 0 0 0 0 0 1 13150.8 13150.8 13150.8 13150.8
-1 -1 1 -1 -1 1 0 0 0 0 0 -8.59081e-10 -0 0 0 -0 0 0 0 0 0 0 0 0 0 0 0 0 0 1 13150.8 13150.8 13150.8 13150.8
-1 -1 1 -1 -1 1 0 0 0 0 0 -3.05313e-09 -0 0 0 -0 0 0 0 0 0 0 0 0 0 0 0 0 0 1 13150.8 13150.8 13150.8 13150.8
-1 -1 1 -1 -1 1 0 0 0 0 0 2.03118e-09 -0 0 0 -0 0 0 0 0 0 0 0 0 0 0 0 0 0 1 13150.8 13150.8 13150.8 13150.8
-1 -1 1 -1 -1 1 0 0 0 0 0 -1.33952e-10 -0 0 0 -0 0 0 0 0 0 0 0 0 0 0 0 0 0 1 13150.8 13150.8 13150.8 13150.8
-1 -1 1 -1 -1 1 0 0 0 0 0 -2.33978e-09 -0 0 0 -0 0 0 0 0 0 0 0 0 0 0 0 0 0 1 13150.8 13150.8 13150.8 13150.8
-1 -1 1 -1 -1 1 0 0 0 0 0 2.78342e-09 -0 0 0 -0 0 0 0 0 0 0 0 0 0 0 0 0 0 1 13150.8 13150.8 13150.8 13150.8
-1 -1 1 -1 -1 1 0 0 0 0 0 5.95157e-10 -0 0 0 -0 0 0 0 0 0 0 0 0 0 0 0 0 0 1 13150.8 13150.8 13150.8 13150.8
-1 -1 1 -1 -1 1 0 0 0 0 0 -1.59072e-09 -0 0 0 -0 0 0 0 0 0 0 0 0 0 0 0 0 0 1 13150.8 13150.8 13150.8 13150.8
-1 -1 1 -1 -1 1 0 0 0 0 0 3.49159e-09 -0 0 0 -0 0 0 0 0 0 0 0 0 0 0 0 0 0 1 13150.8 13150.8 13150.8 13150.8
-1 -1 1 -1 -1 1 0 0 0 0 0 1.3018e-09 -0 0 0 -0 0 0 0 0 0 0 0 0 0 0 0 0 0 1 13150.8 13150.8 13150.8 13150.8
-1 -1 1 -1 -1 1 0 0 0 0 0 -8.91185e-10 -0 0 0 -0 0 0 0 0 0 0 0 0 0 0 0 0 0 1 13150.8 13150.8 13150.8 13150.8
-1 -1 1 -1 -1 1 0 0 0 0 0 -3.08144e-09 -0 0 0 -0 0 0 0 0 0 0 0 0 0 0 0 0 0 1 13150.8 13150.8 13150.8 13150.8
-1 -1 1 -1 -1 1 0 0 0 0 0 2.01687e-09 -0 0 0 -0 0 0 0 0 0 0 0 0 0 0 0 0 0 1 13150.8 13150.8 13150.8 13150.8
-1 -1 1 -1 -1 1 0 0 0 0 0 -1.71213e-10 -0 0 0 -0 0 0 0 0 0 0 0 0 0 0 0 0 0 1 13150.8 13150.8 13150.8 13150.8
-1 -1 1 -1 -1 1 0 0 0 0 0 -2.36191e-09 -0 0 0 -0 0 0 0 0 0 0 0 0 0 0 0 0 0 1 13150.8 13150.8 13150.8 13150.8
-1 -1 1 -1 -1 1 0 0 0 0 0 2.73574e-09 -0 0 0 -0 0 0 0 0 0 0 0 0 0 0 0 0 0 1 13150.8 13150.8 13150.8 13150.8
-1 -1 1 -1 -1 1 0 0 0 0 0 5.51205e-10 -0 0 0 -0 0 0 0 0 0 0 0 0 0 0 0 0 0 1 13150.8 13150.8 13150.8 13150.8
-1 -1 1 -1 -1 1 0 0 0 0 0 -1.65106e-09 -0 0 0 -0 0 0 0 0 0 0 0 0 0 0 0 0 0 1 13150.8 13150.8 13150.8 13150.8
-1 -1 1 -1 -1 1 0 0 0 0 0 3.41499e-09 -0 0 0 -0 0 0 0 0 0 0 0 0 0 0 0 0 0 1 13150.8 13150.8 13150.8 13150.8
-1 -1 1 -1 -1 1 0 0 0 0 0 1.22673e-09 -0 0 0 -0 0 0 0 0 0 0 0 0 0 0 0 0 0 1 13150.8 13150.8 13150.8 13150.8
-1 -1 1 -1 -1 1 0 0 0 0 0 -9.62183e-10 -0 0 0 -0 0 0 0 0 0 0 0 0 0 0 0 0 0 1 13150.8 13150.8 13150.8 13150.8
-1 -1 1 -1 -1 1 0 0 0 0 0 -3.16292e-09 -0 0 0 -0 0 0 0 0 0 0 0 0 0 0 0 0 0 1 13150.8 13150.8 13150.8 13150.8
-1 -1 1 -1 -1 1 0 0 0 0 0 1.94336e-09 -0 0 0 -0 0 0 0 0 0 0 0 0 0 0 0 0 0 1 13150.8 13150.8 13150.8 13150.8
-1 -1 1 -1 -1 1 0 0 0 0 0 -2.32324e-10 -0 0 0 -0 0 0 0 0 0 0 0 0 0 0 0 0 0 1 13150.8 13150.8 13150.8 13150.8
-1 -1 1 -1 -1 1 0 0 0 0 0 -2.42785e-09 -0 0 0 -0 0 0 0 0 0 0 0 0 0 0 0 0 0 1 13150.8 13150.8 13150.8 13150.8
-1 -1 1 -1 -1 1 0 0 0 0 0 2.65492e-09 -0 0 0 -0 0 0 0 0 0 0 0 0 0 0 0 0 0 1 13150.8 13150.8 13150.8 13150.8
-1 -1 1 -1 -1 1 0 0 0 0 0 4.59441e-10 -0 0 0 -0 0 0 0 0 0 0 0 0 0 0 0 0 0 1 13150.8 13150.8 13150.8 13150.8
-1 -1 1 -1 -1 1 0 0 0 0 0 -1.73007e-09 -0 0 0 -0 0 0 0 0 0 0 0 0 0 0 0 0 0 1 13150.8 13150.8 13150.8 13150.8
-1 -1 1 -1 -1 1 0 0 0 0 0 3.36557e-09 -0 0 0 -0 0 0 0 0 0 0 0 0 0 0 0 0 0 1 13150.8 13150.8 13150.8 13150.8
-1 -1 1 -1 -1 1 0 0 0 0 0 1.17473e-09 -0 0 0 -0 0 0 0 0 0 0 0 0 0 0 0 0 0 1 13150.8 13150.8 13150.8 13150.8
-1 -1 1 -1 -1 1 0 0 0 0 0 -1.01487e-09 -0 0 0 -0 0 0 0 0 0 0 0 0 0 0 0 0 0 1 13150.8 13150.8 13150.8 13150.8
-1 -1 1 -1 -1 1 0 0 0 0 0 -3.20727e-09 -0 0 0 -0 0 0 0 0 0 0 0 0 0 0 0 0 0 1 13150.8 13150.8 13150.8 13150.8
-1 -1 1 -1 -1 1 0 0 0 0 0 1.8998e-09 -0 0 0 -0 0 0 0 0 0 0 0 0 0 0 0 0 0 1 13150.8 13150.8 13150.8 13150.8
-1 -1 1 -1 -1 1 0 0 0 0 0 -2.77487e-10 -0 0 0 -0 0 0 0 0 0 0 0 0 0 0 0 0 0 1 13150.8 13150.8 13150.8 13150.8
-1 -1 1 -1 -1 1 0 0 0 0 0 -2.46413e-09 -0 0 0 -0 0 0 0 0 0 0 0 0 0 0 0 0 0 1 13150.8 13150.8 13150.8 13150.8
-1 -1 1 -1 -1 1 0 0 0 0 0 2.62759e-09 -0 0 0 -0 0 0 0 0 0 0 0 0 0 0 0 0 0 1 13150.8 13150.8 13150.8 13150.8
-1 -1 1 -1 -1 1 0 0 0 0 0 4.38621e-10 -0 0 0 -0 0 0 0 0 0 0 0 0 0 0 0 0 0 1 13150.8 13150.8 13150.8 13150.8
-1 -1 1 -1 -1 1 0 0 0 0 0 -1.75641e-09 -0 0 0 -0 0 0 0 0 0 0 0 0 0 0 0 0 0 1 13150.8 13150.8 13150.8 13150.8
-1 -1 1 -1 -1 1 0 0 0 0 0 3.34342e-09 -0 0 0 -0 0 0 0 0 0 0 0 0 0 0 0 0 0 1 13150.8 13150.8 13150.8 13150.8
-1 -1 1 -1 -1 1 0 0 0 0 0 1.14635e-09 -0 0 0 -0 0 0 0 0 0 0 0 0 0 0 0 0 0 1 13150.8 13150.8 13150.8 13150.8
-1 -1 1 -1 -1 1 0 0 0 0 0 -1.03441e-09 -0 0 0 -0 0 0 0 0 0 0 0 0 0 0 0 0 0 1 13150.8 13150.8 13150.8 13150.8
-1 -1 1 -1 -1 1 0 0 0 0 0 -3.22293e-09 -0 0 0 -0 0 0 0 0 0 0 0 0 0 0 0 0 0 1 13150.8 13150.8 13150.8 13150.8
-1 -1 1 -1 -1 1 0 0 0 0 0 1.86946e-09 -0 0 0 -0 0 0 0 0 0 0 0 0 0 0 0 0 0 1 13150.8 13150.8 13150.8 13150.8
-1 -1 1 -1 -1 1 0 0 0 0 0 -3.20358e-10 -0 0 0 -0 0 0 0 0 0 0 0 0 0 0 0 0 0 1 13150.8 13150.8 13150.8 13150.8
-1 -1 1 -1 -1 1 0 0 0 0 0 -2.50797e-09 -0 0 0 -0 0 0 0 0 0 0 0 0 0 0 0 0 0 1 13150.8 13150.8 13150.8 13150.8
-1 -1 1 -1 -1 1 0 0 0 0 0 2.60104e-09 -0 0 0 -0 0 0 0 0 0 0 0 0 0 0 0 0 0 1 13150.8 13150.8 13150.8 13150.8
-1 -1 1 -1 -1 1 0 0 0 0 0 4.08025e-10 -0 0 0 -0 0 0 0 0 0 0 0 0 0 0 0 0 0 1 13150.8 13150.8 13150.8 13150.8
-1 -1 1 -1 -1 1 0 0 0 0 0 -1.78091e-09 -0 0 0 -0 0 0 0 0 0 0 0 0 0 0 0 0 0 1 13150.8 13150.8 13150.8 13150.8
-1 -1 1 -1 -1 1 0 0 0 0 0 3.31009e-09 -0 0 0 -0 0 0 0 0 0 0 0 0 0 0 0 0 0 1 13150.8 13150.8 13150.8 13150.8
-1 -1 1 -1 -1 1 0 0 0 0 0 1.12267e-09 -0 0 0 -0 0 0 0 0 0 0 0 0 0 0 0 0 0 1 13150.8 13150.8 13150.8 13150.8
-1 -1 1 -1 -1 1 0 0 0 0 0 -1.06611e-09 -0 0 0 -0 0 0 0 0 0 0 0 0 0 0 0 0 0 1 13150.8 13150.8 13150.8 13150.8
-1 -1 1 -1 -1 1 0 0 0 0 0 -3.25395e-09 -0 0 0 -0 0 0 0 0 0 0 0 0 0 0 0 0 0 1 13150.8 13150.8 13150.8 13150.8
-1 -1 1 -1 -1 1 0 0 0 0 0 1.85799e-09 -0 0 0 -0 0 0 0 0 0 0 0 0 0 0 0 0 0 1 13150.8 13150.8 13150.8 13150.8
-1 -1 1 -1 -1 1 0 0 0 0 0 -3.28747e-10 -0 0 0 -0 0 0 0 0 0 0 0 0 0 0 0 0 0 1 13150.8 13150.8 13150.8 13150.8
-1 -1 1 -1 -1 1 0 0 0 0 0 -2.51645e-09 -0 0 0 -0 0 0 0 0 0 0 0 0 0 0 0 0 0 1 13150.8 13150.8 13150.8 13150.8
-1 -1 1 -1 -1 1 0 0 0 0 0 2.57792e-09 -0 0 0 -0 0 0 0 0 0 0 0 0 0 0 0 0 0 1 13150.8 13150.8 13150.8 13150.8
-1 -1 1 -1 -1 1 0 0 0 0 0 3.89425e-10 -0 0 0 -0 0 0 0 0 0 0 0 0 0 0 0 0 0 1 13150.8 13150.8 13150.8 13150.8
-1 -1 1 -1 -1 1 0 0 0 0 0 -1.79972e-09 -0 0 0 -0 0 0 0 0 0 0 0 0 0 0 0 0 0 1 13150.8 13150.8 13150.8 13150.8
-1 -1 1 -1 -1 1 0 0 0 0 0 3.29316e-09 -0 0 0 -0 0 0 0 0 0 0 0 0 0 0 0 0 0 1 13150.8 13150.8 13150.8 13150.8
-1 -1 1 -1 -1 1 0 0 0 0 0 1.09277e-09 -0 0 0 -0 0 0 0 0 0 0 0 0 0 0 0 0 0 1 13150.8 13150.8 13150.8 13150.8
-1 -1 1 -1 -1 1 0 0 0 0 0 -1.09827e-09 -0 0 0 -0 0 0 0 0 0 0 0 0 0 0 0 0 0 1 13150.8 13150.8 13150.8 13150.8
-1 -1 1 -1 -1 1 0 0 0 0 0 -3.27547e-09 -0 0 0 -0 0 0 0 0 0 0 0 0 0 0 0 0 0 1 13150.8 13150.8 13150.8 13150.8
-1 -1 1 -1 -1 1 0 0 0 0 0 1.81799e-09 -0 0 0 -0 0 0 0 0 0 0 0 0 0 0 0 0 0 1 13150.8 13150.8 13150.8 13150.8
-1 -1 1 -1 -1 1 0 0 0 0 0 -3.72708e-10 -0 0 0 -0 0 0 0 0 0 0 0 0 0 0 0 0 0 1 13150.8 13150.8 13150.8 13150.8
-1 -1 1 -1 -1 1 0 0 0 0 0 -2.56045e-09 -0 0 0 -0 0 0 0 0 0 0 0 0 0 0 0 0 0 1 13150.8 13150.8 13150.8 13150.8
-1 -1 1 -1 -1 1 0 0 0 0 0 2.54764e-09 -0 0 0 -0 0 0 0 0 0 0 0 0 0 0 0 0 0 1 13150.8 13150.8 13150.8 13150.8
-1 -1 1 -1 -1 1 0 0 0 0 0 3.56597e-10 -0 0 0 -0 0 0 0 0 0 0 0 0 0 0 0 0 0 1 13150.8 13150.8 13150.8 13150.8
-1 -1 1 -1 -1 1 0 0 0 0 0 -1.83299e-09 -0 0 0 -0 0 0 0 0 0 0 0 0 0 0 0 0 0 1 13150.8 13150.8 13150.8 13150.8
-1 -1 1 -1 -1 1 0 0 0 0 0 3.26037e-09 -0 0 0 -0 0 0 0 0 0 0 0 0 0 0 0 0 0 1 13150.8 13150.8 13150.8 13150.8
-1 -1 1 -1 -1 1 0 0 0 0 0 1.07284e-09 -0 0 0 -0 0 0 0 0 0 0 0 0 0 0 0 0 0 1 13150.8 13150.8 13150.8 13150.8
-1 -1 1 -1 -1 1 0 0 0 0 0 -1.12278e-09 -0 0 0 -0 0 0 0 0 0 0 0 0 0 0 0 0 0 1 13150.8 13150.8 13150.8 13150.8
-1 -1 1 -1 -1 1 0 0 0 0 0 -3.31671e-09 -0 0 0 -0 0 0 0 0 0 0 0 0 0 0 0 0 0 1 13150.8 13150.8 13150.8 13150.8
-1 -1 1 -1 -1 1 0 0 0 0 0 1.75314e-09 -0 0 0 -0 0 0 0 0 0 0 0 0 0 0 0 0 0 1 13150.8 13150.8 13150.8 13150.8
-1 -1 1 -1 -1 1 0 0 0 0 0 -4.40414e-10 -0 0 0 -0 0 0 0 0 0 0 0 0 0 0 0 0 0 1 13150.8 13150.8 13150.8 13150.8
-1 -1 1 -1 -1 1 0 0 0 0 0 -2.63226e-09 -0 0 0 -0 0 0 0 0 0 0 0 0 0 0 0 0 0 1 13150.8 13150.8 13150.8 13150.8
-1 -1 1 -1 -1 1 0 0 0 0 0 2.45577e-09 -0 0 0 -0 0 0 0 0 0 0 0 0 0 0 0 0 0 1 13150.8 13150.8 13150.8 13150.8
-1 -1 1 -1 -1 1 0 0 0 0 0 2.53864e-10 -0 0 0 -0 0 0 0 0 0 0 0 0 0 0 0 0 0 1 13150.8 13150.8 13150.8 13150.8
-1 -1 1 -1 -1 1 0 0 0 0 0 -1.92903e-09 -0 0 0 -0 0 0 0 0 0 0 0 0 0 0 0 0 0 1 13150.8 13150.8 13150.8 13150.8
-1 -1 1 -1 -1 1 0 0 0 0 0 3.15608e-09 -0 0 0 -0 0 0 0 0 0 0 0 0 0 0 0 0 0 1 13150.8 13150.8 13150.8 13150.8
-1 -1 1 -1 -1 1 0 0 0 0 0 9.63687e-10 -0 0 0 -0 0 0 0 0 0 0 0 0 0 0 0 0 0 1 13150.8 13150.8 13150.8 13150.8
-1 -1 1 -1 -1 1 0 0 0 0 0 -1.22725e-09 -0 0 0 -0 0 0 0 0 0 0 0 0 0 0 0 0 0 1 13150.8 13150.8 13150.8 13150.8
-1 -1 1 -1 -1 1 0 0 0 0 0 -3.40706e-09 -0 0 0 -0 0 0 0 0 0 0 0 0 0 0 0 0 0 1 13150.8 13150.8 13150.8 13150.8
-1 -1 1 -1 -1 1 0 0 0 0 0 1.68655e-09 -0 0 0 -0 0 0 0 0 0 0 0 0 0 0 0 0 0 1 13150.8 13150.8 13150.8 13150.8
-1 -1 1 -1 -1 1 0 0 0 0 0 -5.03426e-10 -0 0 0 -0 0 0 0 0 0 0 0 0 0 0 0 0 0 1 13150.8 13150.8 13150.8 13150.8
-1 -1 1 -1 -1 1 0 0 0 0 0 -2.69416e-09 -0 0 0 -0 0 0 0 0 0 0 0 0 0 0 0 0 0 1 13150.8 13150.8 13150.8 13150.8
-1 -1 1 -1 -1 1 0 0 0 0 0 2.40679e-09 -0 0 0 -0 0 0 0 0 0 0 0 0 0 0 0 0 0 1 13150.8 13150.8 13150.8 13150.8
-1 -1 1 -1 -1 1 0 0 0 0 0 2.0745e-10 -0 0 0 -0 0 0 0 0 0 0 0 0 0 0 0 0 0 1 13150.8 13150.8 13150.8 13150.8
-1 -1 1 -1 -1 1 0 0 0 0 0 -1.97794e-09 -0 0 0 -0 0 0 0 0 0 0 0 0 0 0 0 0 0 1 13150.8 13150.8 13150.8 13150.8
-1 -1 1 -1 -1 1 0 0 0 0 0 3.10146e-09 -0 0 0 -0 0 0 0 0 0 0 0 0 0 0 0 0 0 1 13150.8 13150.8 13150.8 13150.8
-1 -1 1 -1 -1 1 0 0 0 0 0 9.06609e-10 -0 0 0 -0 0 0 0 0 0 0 0 0 0 0 0 0 0 1 13150.8 13150.8 13150.8 13150.8
-1 -1 1 -1 -1 1 0 0 0 0 0 -1.28248e-09 -0 0 0 -0 0 0 0 0 0 0 0 0 0 0 0 0 0 1 13150.8 13150.8 13150.8 13150.8
-1 -1 1 -1 -1 1 0 0 0 0 0 -3.47099e-09 -0 0 0 -0 0 0 0 0 0 0 0 0 0 0 0 0 0 1 13150.8 13150.8 13150.8 13150.8
-1 -1 1 -1 -1 1 0 0 0 0 0 1.6297e-09 -0 0 0 -0 0 0 0 0 0 0 0 0 0 0 0 0 0 1 13150.8 13150.8 13150.8 13150.8
-1 -1 1 -1 -1 1 0 0 0 0 0 -5.63594e-10 -0 0 0 -0 0 0 0 0 0 0 0 0 0 0 0 0 0 1 13150.8 13150.8 13150.8 13150.8
-1 -1 1 -1 -1 1 0 0 0 0 0 -2.74201e-09 -0 0 0 -0 0 0 0 0 0 0 0 0 0 0 0 0 0 1 13150.8 13150.8 13150.8 13150.8
-1 -1 1 -1 -1 1 0 0 0 0 0 2.35318e-09 -0 0 0 -0 0 0 0 0 0 0 0 0 0 0 0 0 0 1 13150.8 13150.8 13150.8 13150.8
-1 -1 1 -1 -1 1 0 0 0 0 0 1.63415e-10 -0 0 0 -0 0 0 0 0 0 0 0 0 0 0 0 0 0 1 13150.8 13150.8 13150.8 13150.8
-1 -1 1 -1 -1 1 0 0 0 0 0 -2.02744e-09 -0 0 0 -0 0 0 0 0 0 0 0 0 0 0 0 0 0 1 13150.8 13150.8 13150.8 13150.8
-1 -1 1 -1 -1 1 0 0 0 0 0 3.06654e-09 -0 0 0 -0 0 0 0 0 0 0 0 0 0 0 0 0 0 1 13150.8 13150.8 13150.8 13150.8
-1 -1 1 -1 -1 1 0 0 0 0 0 8.64274e-10 -0 0 0 -0 0 0 0 0 0 0 0 0 0 0 0 0 0 1 13150.8 13150.8 13150.8 13150.8
-1 -1 1 -1 -1 1 0 0 0 0 0 -1.31165e-09 -0 0 0 -0 0 0 0 0 0 0 0 0 0 0 0 0 0 1 13150.8 13150.8 13150.8 13150.8
-1 -1 1 -1 -1 1 0 0 0 0 0 -3.50799e-09 -0 0 0 -0 0 0 0 0 0 0 0 0 0 0 0 0 0 1 13150.8 13150.8 13150.8 13150.8
-1 -1 1 -1 -1 1 0 0 0 0 0 1.59556e-09 -0 0 0 -0 0 0 0 0 0 0 0 0 0 0 0 0 0 1 13150.8 13150.8 13150.8 13150.8
-1 -1 1 -1 -1 1 0 0 0 0 0 -5.8647e-10 -0 0 0 -0 0 0 0 0 0 0 0 0 0 0 0 0 0 1 13150.8 13150.8 13150.8 13150.8
-1 -1 1 -1 -1 1 0 0 0 0 0 -2.78114e-09 -0 0 0 -0 0 0 0 0 0 0 0 0 0 0 0 0 0 1 13150.8 13150.8 13150.8 13150.8
-1 -1 1 -1 -1 1 0 0 0 0 0 2.28444e-09 -0 0 0 -0 0 0 0 0 0 0 0 0 0 0 0 0 0 1 13150.8 13150.8 13150.8 13150.8
-1 -1 1 -1 -1 1 0 0 0 0 0 7.61358e-11 -0 0 0 -0 0 0 0 0 0 0 0 0 0 0 0 0 0 1 13150.8 13150.8 13150.8 13150.8
-1 -1 1 -1 -1 1 0 0 0 0 0 -2.11498e-09 -0 0 0 -0 0 0 0 0 0 0 0 0 0 0 0 0 0 1 13150.8 13150.8 13150.8 13150.8
-1 -1 1 -1 -1 1 0 0 0 0 0 2.96687e-09 -0 0 0 -0 0 0 0 0 0 0 0 0 0 0 0 0 0 1 13150.8 13150.8 13150.8 13150.8
-1 -1 1 -1 -1 1 0 0 0 0 0 7.72504e-10 -0 0 0 -0 0 0 0 0 0 0 0 0 0 0 0 0 0 1 13150.8 13150.8 13150.8 13150.8
-1 -1 1 -1 -1 1 0 0 0 0 0 -1.41078e-09 -0 0 0 -0 0 0 0 0 0 0 0 0 0 0 0 0 0 1 13150.8 13150.8 13150.8 13150.8
-1 -1 1 -1 -1 1 0 0 0 0 0 -3.6019e-09 -0 0 0 -0 0 0 0 0 0 0 0 0 0 0 0 0 0 1 13150.8 13150.8 13150.8 13150.8
-1 -1 1 -1 -1 1 0 0 0 0 0 1.49619e-09 -0 0 0 -0 0 0 0 0 0 0 0 0 0 0 0 0 0 1 13150.8 13150.8 13150.8 13150.8
-1 -1 1 -1 -1 1 0 0 0 0 0 -6.98173e-10 -0 0 0 -0 0 0 0 0 0 0 0 0 0 0 0 0 0 1 13150.8 13150.8 13150.8 13150.8
-1 -1 1 -1 -1 1 0 0 0 0 0 -2.87497e-09 -0 0 0 -0 0 0 0 0 0 0 0 0 0 0 0 0 0 1 13150.8 13150.8 13150.8 13150.8
-1 -1 1 -1 -1 1 0 0 0 0 0 2.23269e-09 -0 0 0 -0 0 0 0 0 0 0 0 0 0 0 0 0 0 1 13150.8 13150.8 13150.8 13150.8
-1 -1 1 -1 -1 1 0 0 0 0 0 4.90139e-11 -0 0 0 -0 0 0 0 0 0 0 0 0 0 0 0 0 0 1 13150.8 13150.8 13150.8 13150.8
-1 -1 1 -1 -1 1 0 0 0 0 0 -2.14402e-09 -0 0 0 -0 0 0 0 0 0 0 0 0 0 0 0 0 0 1 13150.8 13150.8 13150.8 13150.8
-1 -1 1 -1 -1 1 0 0 0 0 0 2.94407e-09 -0 0 0 -0 0 0 0 0 0 0 0 0 0 0 0 0 0 1 13150.8 13150.8 13150.8 13150.8
-1 -1 1 -1 -1 1 0 0 0 0 0 7.49523e-10 -0 0 0 -0 0 0 0 0 0 0 0 0 0 0 0 0 0 1 13150.8 13150.8 13150.8 13150.8
-1 -1 1 -1 -1 1 0 0 0 0 0 -1.43568e-09 -0 0 0 -0 0 0 0 0 0 0 0 0 0 0 0 0 0 1 13150.8 13150.8 13150.8 13150.8
-1 -1 1 -1 -1 1 0 0 0 0 0 -3.63147e-09 -0 0 0 -0 0 0 0 0 0 0 0 0 0 0 0 0 0 1 13150.8 13150.8 13150.8 13150.8
-1 -1 1 -1 -1 1 0 0 0 0 0 1.48555e-09 -0 0 0 -0 0 0 0 0 0 0 0 0 0 0 0 0 0 1 13150.8 13150.8 13150.8 13150.8
-1 -1 1 -1 -1 1 0 0 0 0 0 -6.87596e-10 -0 0 0 -0 0 0 0 0 0 0 0 0 0 0 0 0 0 1 13150.8 13150.8 13150.8 13150.8
-1 -1 1 -1 -1 1 0 0 0 0 0 -2.87915e-09 -0 0 0 -0 0 0 0 0 0 0 0 0 0 0 0 0 0 1 13150.8 13150.8 13150.8 13150.8
-1 -1 1 -1 -1 1 0 0 0 0 0 2.22025e-09 -0 0 0 -0 0 0 0 0 0 0 0 0 0 0 0 0 0 1 13150.8 13150.8 13150.8 13150.8
-1 -1 1 -1 -1 1 0 0 0 0 0 1.58323e-11 -0 0 0 -0 0 0 0 0 0 0 0 0 0 0 0 0 0 1 13150.8 13150.8 13150.8 13150.8
-1 -1 1 -1 -1 1 0 0 0 0 0 -2.16791e-09 -0 0 0 -0 0 0 0 0 0 0 0 0 0 0 0 0 0 1 13150.8 13150.8 13150.8 13150.8
-1 -1 1 -1 -1 1 0 0 0 0 0 2.90805e-09 -0 0 0 -0 0 0 0 0 0 0 0 0 0 0 0 0 0 1 13150.8 13150.8 13150.8 13150.8
-1 -1 1 -1 -1 1 0 0 0 0 0 7.21676e-10 -0 0 0 -0 0 0 0 0 0 0 0 0 0 0 0 0 0 1 13150.8 13150.8 13150.8 13150.8
-1 -1 1 -1 -1 1 0 0 0 0 0 -1.47017e-09 -0 0 0 -0 0 0 0 0 0 0 0 0 0 0 0 0 0 1 13150.8 13150.8 13150.8 13150.8
-1 -1 1 -1 -1 1 0 0 0 0 0 3.63617e-09 -0 0 0 -0 0 0 0 0 0 0 0 0 0 0 0 0 0 1 13150.8 13150.8 13150.8 13150.8
-1 -1 1 -1 -1 1 0 0 0 0 0 1.45125e-09 -0 0 0 -0 0 0 0 0 0 0 0 0 0 0 0 0 0 1 13150.8 13150.8 13150.8 13150.8
-1 -1 1 -1 -1 1 0 0 0 0 0 -7.39508e-10 -0 0 0 -0 0 0 0 0 0 0 0 0 0 0 0 0 0 1 13150.8 13150.8 13150.8 13150.8
-1 -1 1 -1 -1 1 0 0 0 0 0 -2.92591e-09 -0 0 0 -0 0 0 0 0 0 0 0 0 0 0 0 0 0 1 13150.8 13150.8 13150.8 13150.8
-1 -1 1 -1 -1 1 0 0 0 0 0 2.18336e-09 -0 0 0 -0 0 0 0 0 0 0 0 0 0 0 0 0 0 1 13150.8 13150.8 13150.8 13150.8
-1 -1 1 -1 -1 1 0 0 0 0 0 3.85742e-12 -0 0 0 -0 0 0 0 0 0 0 0 0 0 0 0 0 0 1 13150.8 13150.8 13150.8 13150.8
-1 -1 1 -1 -1 1 0 0 0 0 0 -2.18945e-09 -0 0 0 -0 0 0 0 0 0 0 0 0 0 0 0 0 0 1 13150.8 13150.8 13150.8 13150.8
-1 -1 1 -1 -1 1 0 0 0 0 0 2.91163e-09 -0 0 0 -0 0 0 0 0 0 0 0 0 0 0 0 0 0 1 13150.8 13150.8 13150.8 13150.8
-1 -1 1 -1 -1 1 0 0 0 0 0 7.23788e-10 -0 0 0 -0 0 0 0 0 0 0 0 0 0 0 0 0 0 1 13150.8 13150.8 13150.8 13150.8
-1 -1 1 -1 -1 1 0 0 0 0 0 -1.46604e-09 -0 0 0 -0 0 0 0 0 0 0 0 0 0 0 0 0 0 1 13150.8 13150.8 13150.8 13150.8
-1 -1 1 -1 -1 1 0 0 0 0 0 -3.65938e-09 -0 0 0 -0 0 0 0 0 0 0 0 0 0 0 0 0 0 1 13150.8 13150.8 13150.8 13150.8
-1 -1 1 -1 -1 1 0 0 0 0 0 1.44264e-09 -0 0 0 -0 0 0 0 0 0 0 0 0 0 0 0 0 0 1 13150.8 13150.8 13150.8 13150.8
-1 -1 1 -1 -1 1 0 0 0 0 0 -7.44931e-10 -0 0 0 -0 0 0 0 0 0 0 0 0 0 0 0 0 0 1 13150.8 13150.8 13150.8 13150.8
-1 -1 1 -1 -1 1 0 0 0 0 0 -2.92892e-09 -0 0 0 -0 0 0 0 0 0 0 0 0 0 0 0 0 0 1 13150.8 13150.8 13150.8 13150.8
-1 -1 1 -1 -1 1 0 0 0 0 0 2.17254e-09 -0 0 0 -0 0 0 0 0 0 0 0 0 0 0 0 0 0 1 13150.8 13150.8 13150.8 13150.8
-1 -1 1 -1 -1 1 0 0 0 0 0 -1.70516e-11 -0 0 0 -0 0 0 0 0 0 0 0 0 0 0 0 0 0 1 13150.8 13150.8 13150.8 13150.8
-1 -1 1 -1 -1 1 0 0 0 0 0 -2.20691e-09 -0 0 0 -0 0 0 0 0 0 0 0 0 0 0 0 0 0 1 13150.8 13150.8 13150.8 13150.8
-1 -1 1 -1 -1 1 0 0 0 0 0 2.9101e-09 -0 0 0 -0 0 0 0 0 0 0 0 0 0 0 0 0 0 1 13150.8 13150.8 13150.8 13150.8
-1 -1 1 -1 -1 1 0 0 0 0 0 7.29527e-10 -0 0 0 -0 0 0 0 0 0 0 0 0 0 0 0 0 0 1 13150.8 13150.8 13150.8 13150.8
-1 -1 1 -1 -1 1 0 0 0 0 0 -1.46588e-09 -0 0 0 -0 0 0 0 0 0 0 0 0 0 0 0 0 0 1 13150.8 13150.8 13150.8 13150.8
-1 -1 1 -1 -1 1 0 0 0 0 0 3.61957e-09 -0 0 0 -0 0 0 0 0 0 0 0 0 0 0 0 0 0 1 13150.8 13150.8 13150.8 13150.8
-1 -1 1 -1 -1 1 0 0 0 0 0 1.42153e-09 -0 0 0 -0 0 0 0 0 0 0 0 0 0 0 0 0 0 1 13150.8 13150.8 13150.8 13150.8
-1 -1 1 -1 -1 1 0 0 0 0 0 -7.67536e-10 -0 0 0 -0 0 0 0 0 0 0 0 0 0 0 0 0 0 1 13150.8 13150.8 13150.8 13150.8
-1 -1 1 -1 -1 1 0 0 0 0 0 -2.9485e-09 -0 0 0 -0 0 0 0 0 0 0 0 0 0 0 0 0 0 1 13150.8 13150.8 13150.8 13150.8
-1 -1 1 -1 -1 1 0 0 0 0 0 2.15416e-09 -0 0 0 -0 0 0 0 0 0 0 0 0 0 0 0 0 0 1 13150.8 13150.8 13150.8 13150.8
-1 -1 1 -1 -1 1 0 0 0 0 0 -3.49117e-11 -0 0 0 -0 0 0 0 0 0 0 0 0 0 0 0 0 0 1 13150.8 13150.8 13150.8 13150.8
-1 -1 1 -1 -1 1 0 0 0 0 0 -2.20991e-09 -0 0 0 -0 0 0 0 0 0 0 0 0 0 0 0 0 0 1 13150.8 13150.8 13150.8 13150.8
-1 -1 1 -1 -1 1 0 0 0 0 0 2.9006e-09 -0 0 0 -0 0 0 0 0 0 0 0 0 0 0 0 0 0 1 13150.8 13150.8 13150.8 13150.8
-1 -1 1 -1 -1 1 0 0 0 0 0 7.09606e-10 -0 0 0 -0 0 0 0 0 0 0 0 0 0 0 0 0 0 1 13150.8 13150.8 13150.8 13150.8
-1 -1 1 -1 -1 1 0 0 0 0 0 -1.48471e-09 -0 0 0 -0 0 0 0 0 0 0 0 0 0 0 0 0 0 1 13150.8 13150.8 13150.8 13150.8
-1 -1 1 -1 -1 1 0 0 0 0 0 3.6185e-09 -0 0 0 -0 0 0 0 0 0 0 0 0 0 0 0 0 0 1 13150.8 13150.8 13150.8 13150.8
-1 -1 1 -1 -1 1 0 0 0 0 0 1.42582e-09 -0 0 0 -0 0 0 0 0 0 0 0 0 0 0 0 0 0 1 13150.8 13150.8 13150.8 13150.8
-1 -1 1 -1 -1 1 0 0 0 0 0 -7.54249e-10 -0 0 0 -0 0 0 0 0 0 0 0 0 0 0 0 0 0 1 13150.8 13150.8 13150.8 13150.8
-1 -1 1 -1 -1 1 0 0 0 0 0 -2.94121e-09 -0 0 0 -0 0 0 0 0 0 0 0 0 0 0 0 0 0 1 13150.8 13150.8 13150.8 13150.8
-1 -1 1 -1 -1 1 0 0 0 0 0 2.15951e-09 -0 0 0 -0 0 0 0 0 0 0 0 0 0 0 0 0 0 1 13150.8 13150.8 13150.8 13150.8
-1 -1 1 -1 -1 1 0 0 0 0 0 -3.5482e-11 -0 0 0 -0 0 0 0 0 0 0 0 0 0 0 0 0 0 1 13150.8 13150.8 13150.8 13150.8
-1 -1 1 -1 -1 1 0 0 0 0 0 -2.22961e-09 -0 0 0 -0 0 0 0 0 0 0 0 0 0 0 0 0 0 1 13150.8 13150.8 13150.8 13150.8
-1 -1 1 -1 -1 1 0 0 0 0 0 2.84142e-09 -0 0 0 -0 0 0 0 0 0 0 0 0 0 0 0 0 0 1 13150.8 13150.8 13150.8 13150.8
-1 -1 1 -1 -1 1 0 0 0 0 0 6.45039e-10 -0 0 0 -0 0 0 0 0 0 0 0 0 0 0 0 0 0 1 13150.8 13150.8 13150.8 13150.8
-1 -1 1 -1 -1 1 0 0 0 0 0 -1.53887e-09 -0 0 0 -0 0 0 0 0 0 0 0 0 0 0 0 0 0 1 13150.8 13150.8 13150.8 13150.8
-1 -1 1 -1 -1 1 0 0 0 0 0 3.55401e-09 -0 0 0 -0 0 0 0 0 0 0 0 0 0 0 0 0 0 1 13150.8 13150.8 13150.8 13150.8
-1 -1 1 -1 -1 1 0 0 0 0 0 1.3556e-09 -0 0 0 -0 0 0 0 0 0 0 0 0 0 0 0 0 0 1 13150.8 13150.8 13150.8 13150.8
-1 -1 1 -1 -1 1 0 0 0 0 0 -8.37932e-10 -0 0 0 -0 0 0 0 0 0 0 0 0 0 0 0 0 0 1 13150.8 13150.8 13150.8 13150.8
-1 -1 1 -1 -1 1 0 0 0 0 0 -3.01359e-09 -0 0 0 -0 0 0 0 0 0 0 0 0 0 0 0 0 0 1 13150.8 13150.8 13150.8 13150.8
-1 -1 1 -1 -1 1 0 0 0 0 0 2.09974e-09 -0 0 0 -0 0 0 0 0 0 0 0 0 0 0 0 0 0 1 13150.8 13150.8 13150.8 13150.8
-1 -1 1 -1 -1 1 0 0 0 0 0 -8.08241e-11 -0 0 0 -0 0 0 0 0 0 0 0 0 0 0 0 0 0 1 13150.8 13150.8 13150.8 13150.8
-1 -1 1 -1 -1 1 0 0 0 0 0 -2.28301e-09 -0 0 0 -0 0 0 0 0 0 0 0 0 0 0 0 0 0 1 13150.8 13150.8 13150.8 13150.8
-1 -1 1 -1 -1 1 0 0 0 0 0 2.79032e-09 -0 0 0 -0 0 0 0 0 0 0 0 0 0 0 0 0 0 1 13150.8 13150.8 13150.8 13150.8
-1 -1 1 -1 -1 1 0 0 0 0 0 5.92427e-10 -0 0 0 -0 0 0 0 0 0 0 0 0 0 0 0 0 0 1 13150.8 13150.8 13150.8 13150.8
-1 -1 1 -1 -1 1 0 0 0 0 0 -1.59056e-09 -0 0 0 -0 0 0 0 0 0 0 0 0 0 0 0 0 0 1 13150.8 13150.8 13150.8 13150.8
-1 -1 1 -1 -1 1 0 0 0 0 0 3.49858e-09 -0 0 0 -0 0 0 0 0 0 0 0 0 0 0 0 0 0 1 13150.8 13150.8 13150.8 13150.8
-1 -1 1 -1 -1 1 0 0 0 0 0 1.31047e-09 -0 0 0 -0 0 0 0 0 0 0 0 0 0 0 0 0 0 1 13150.8 13150.8 13150.8 13150.8
-1 -1 1 -1 -1 1 0 0 0 0 0 -8.79665e-10 -0 0 0 -0 0 0 0 0 0 0 0 0 0 0 0 0 0 1 13150.8 13150.8 13150.8 13150.8
-1 -1 1 -1 -1 1 0 0 0 0 0 -3.06753e-09 -0 0 0 -0 0 0 0 0 0 0 0 0 0 0 0 0 0 1 13150.8 13150.8 13150.8 13150.8
-1 -1 1 -1 -1 1 0 0 0 0 0 2.05628e-09 -0 0 0 -0 0 0 0 0 0 0 0 0 0 0 0 0 0 1 13150.8 13150.8 13150.8 13150.8
-1 -1 1 -1 -1 1 0 0 0 0 0 -1.30206e-10 -0 0 0 -0 0 0 0 0 0 0 0 0 0 0 0 0 0 1 13150.8 13150.8 13150.8 13150.8
-1 -1 1 -1 -1 1 0 0 0 0 0 -2.31937e-09 -0 0 0 -0 0 0 0 0 0 0 0 0 0 0 0 0 0 1 13150.8 13150.8 13150.8 13150.8
-1 -1 1 -1 -1 1 0 0 0 0 0 2.76666e-09 -0 0 0 -0 0 0 0 0 0 0 0 0 0 0 0 0 0 1 13150.8 13150.8 13150.8 13150.8
-1 -1 1 -1 -1 1 0 0 0 0 0 5.7722e-10 -0 0 0 -0 0 0 0 0 0 0 0 0 0 0 0 0 0 1 13150.8 13150.8 13150.8 13150.8
-1 -1 1 -1 -1 1 0 0 0 0 0 -1.61233e-09 -0 0 0 -0 0 0 0 0 0 0 0 0 0 0 0 0 0 1 13150.8 13150.8 13150.8 13150.8
-1 -1 1 -1 -1 1 0 0 0 0 0 3.4816e-09 -0 0 0 -0 0 0 0 0 0 0 0 0 0 0 0 0 0 1 13150.8 13150.8 13150.8 13150.8
-1 -1 1 -1 -1 1 0 0 0 0 0 1.28786e-09 -0 0 0 -0 0 0 0 0 0 0 0 0 0 0 0 0 0 1 13150.8 13150.8 13150.8 13150.8
-1 -1 1 -1 -1 1 0 0 0 0 0 -8.98867e-10 -0 0 0 -0 0 0 0 0 0 0 0 0 0 0 0 0 0 1 13150.8 13150.8 13150.8 13150.8
-1 -1 1 -1 -1 1 0 0 0 0 0 -3.0851e-09 -0 0 0 -0 0 0 0 0 0 0 0 0 0 0 0 0 0 1 13150.8 13150.8 13150.8 13150.8
-1 -1 1 -1 -1 1 0 0 0 0 0 2.00569e-09 -0 0 0 -0 0 0 0 0 0 0 0 0 0 0 0 0 0 1 13150.8 13150.8 13150.8 13150.8
-1 -1 1 -1 -1 1 0 0 0 0 0 -1.84053e-10 -0 0 0 -0 0 0 0 0 0 0 0 0 0 0 0 0 0 1 13150.8 13150.8 13150.8 13150.8
-1 -1 1 -1 -1 1 0 0 0 0 0 -2.37944e-09 -0 0 0 -0 0 0 0 0 0 0 0 0 0 0 0 0 0 1 13150.8 13150.8 13150.8 13150.8
-1 -1 1 -1 -1 1 0 0 0 0 0 2.71825e-09 -0 0 0 -0 0 0 0 0 0 0 0 0 0 0 0 0 0 1 13150.8 13150.8 13150.8 13150.8
-1 -1 1 -1 -1 1 0 0 0 0 0 5.31286e-10 -0 0 0 -0 0 0 0 0 0 0 0 0 0 0 0 0 0 1 13150.8 13150.8 13150.8 13150.8
-1 -1 1 -1 -1 1 0 0 0 0 0 -1.66057e-09 -0 0 0 -0 0 0 0 0 0 0 0 0 0 0 0 0 0 1 13150.8 13150.8 13150.8 13150.8
-1 -1 1 -1 -1 1 0 0 0 0 0 3.42762e-09 -0 0 0 -0 0 0 0 0 0 0 0 0 0 0 0 0 0 1 13150.8 13150.8 13150.8 13150.8
-1 -1 1 -1 -1 1 0 0 0 0 0 1.22854e-09 -0 0 0 -0 0 0 0 0 0 0 0 0 0 0 0 0 0 1 13150.8 13150.8 13150.8 13150.8
-1 -1 1 -1 -1 1 0 0 0 0 0 -9.55738e-10 -0 0 0 -0 0 0 0 0 0 0 0 0 0 0 0 0 0 1 13150.8 13150.8 13150.8 13150.8
-1 -1 1 -1 -1 1 0 0 0 0 0 -3.14018e-09 -0 0 0 -0 0 0 0 0 0 0 0 0 0 0 0 0 0 1 13150.8 13150.8 13150.8 13150.8
-1 -1 1 -1 -1 1 0 0 0 0 0 1.98728e-09 -0 0 0 -0 0 0 0 0 0 0 0 0 0 0 0 0 0 1 13150.8 13150.8 13150.8 13150.8
-1 -1 1 -1 -1 1 0 0 0 0 0 -2.01052e-10 -0 0 0 -0 0 0 0 0 0 0 0 0 0 0 0 0 0 1 13150.8 13150.8 13150.8 13150.8
-1 -1 1 -1 -1 1 0 0 0 0 0 -2.38568e-09 -0 0 0 -0 0 0 0 0 0 0 0 0 0 0 0 0 0 1 13150.8 13150.8 13150.8 13150.8
-1 -1 1 -1 -1 1 0 0 0 0 0 2.70861e-09 -0 0 0 -0 0 0 0 0 0 0 0 0 0 0 0 0 0 1 13150.8 13150.8 13150.8 13150.8
-1 -1 1 -1 -1 1 0 0 0 0 0 5.1909e-10 -0 0 0 -0 0 0 0 0 0 0 0 0 0 0 0 0 0 1 13150.8 13150.8 13150.8 13150.8
-1 -1 1 -1 -1 1 0 0 0 0 0 -1.67068e-09 -0 0 0 -0 0 0 0 0 0 0 0 0 0 0 0 0 0 1 13150.8 13150.8 13150.8 13150.8
-1 -1 1 -1 -1 1 0 0 0 0 0 3.43169e-09 -0 0 0 -0 0 0 0 0 0 0 0 0 0 0 0 0 0 1 13150.8 13150.8 13150.8 13150.8
-1 -1 1 -1 -1 1 0 0 0 0 0 1.23994e-09 -0 0 0 -0 0 0 0 0 0 0 0 0 0 0 0 0 0 1 13150.8 13150.8 13150.8 13150.8
-1 -1 1 -1 -1 1 0 0 0 0 0 -9.43329e-10 -0 0 0 -0 0 0 0 0 0 0 0 0 0 0 0 0 0 1 13150.8 13150.8 13150.8 13150.8
-1 -1 1 -1 -1 1 0 0 0 0 0 -3.12838e-09 -0 0 0 -0 0 0 0 0 0 0 0 0 0 0 0 0 0 1 13150.8 13150.8 13150.8 13150.8
-1 -1 1 -1 -1 1 0 0 0 0 0 1.9623e-09 -0 0 0 -0 0 0 0 0 0 0 0 0 0 0 0 0 0 1 13150.8 13150.8 13150.8 13150.8
-1 -1 1 -1 -1 1 0 0 0 0 0 -2.26256e-10 -0 0 0 -0 0 0 0 0 0 0 0 0 0 0 0 0 0 1 13150.8 13150.8 13150.8 13150.8
-1 -1 1 -1 -1 1 0 0 0 0 0 -2.41996e-09 -0 0 0 -0 0 0 0 0 0 0 0 0 0 0 0 0 0 1 13150.8 13150.8 13150.8 13150.8
-1 -1 1 -1 -1 1 0 0 0 0 0 2.68552e-09 -0 0 0 -0 0 0 0 0 0 0 0 0 0 0 0 0 0 1 13150.8 13150.8 13150.8 13150.8
-1 -1 1 -1 -1 1 0 0 0 0 0 4.93924e-10 -0 0 0 -0 0 0 0 0 0 0 0 0 0 0 0 0 0 1 13150.8 13150.8 13150.8 13150.8
-1 -1 1 -1 -1 1 0 0 0 0 0 -1.69743e-09 -0 0 0 -0 0 0 0 0 0 0 0 0 0 0 0 0 0 1 13150.8 13150.8 13150.8 13150.8
-1 -1 1 -1 -1 1 0 0 0 0 0 3.39137e-09 -0 0 0 -0 0 0 0 0 0 0 0 0 0 0 0 0 0 1 13150.8 13150.8 13150.8 13150.8
-1 -1 1 -1 -1 1 0 0 0 0 0 1.19357e-09 -0 0 0 -0 0 0 0 0 0 0 0 0 0 0 0 0 0 1 13150.8 13150.8 13150.8 13150.8
-1 -1 1 -1 -1 1 0 0 0 0 0 -9.83877e-10 -0 0 0 -0 0 0 0 0 0 0 0 0 0 0 0 0 0 1 13150.8 13150.8 13150.8 13150.8
-1 -1 1 -1 -1 1 0 0 0 0 0 -3.1698e-09 -0 0 0 -0 0 0 0 0 0 0 0 0 0 0 0 0 0 1 13150.8 13150.8 13150.8 13150.8
-1 -1 1 -1 -1 1 0 0 0 0 0 1.94317e-09 -0 0 0 -0 0 0 0 0 0 0 0 0 0 0 0 0 0 1 13150.8 13150.8 13150.8 13150.8
-1 -1 1 -1 -1 1 0 0 0 0 0 -2.42191e-10 -0 0 0 -0 0 0 0 0 0 0 0 0 0 0 0 0 0 1 13150.8 13150.8 13150.8 13150.8
-1 -1 1 -1 -1 1 0 0 0 0 0 -2.43849e-09 -0 0 0 -0 0 0 0 0 0 0 0 0 0 0 0 0 0 1 13150.8 13150.8 13150.8 13150.8
-1 -1 1 -1 -1 1 0 0 0 0 0 2.65143e-09 -0 0 0 -0 0 0 0 0 0 0 0 0 0 0 0 0 0 1 13150.8 13150.8 13150.8 13150.8
-1 -1 1 -1 -1 1 0 0 0 0 0 4.57137e-10 -0 0 0 -0 0 0 0 0 0 0 0 0 0 0 0 0 0 1 13150.8 13150.8 13150.8 13150.8
-1 -1 1 -1 -1 1 0 0 0 0 0 -1.72511e-09 -0 0 0 -0 0 0 0 0 0 0 0 0 0 0 0 0 0 1 13150.8 13150.8 13150.8 13150.8
-1 -1 1 -1 -1 1 0 0 0 0 0 3.36568e-09 -0 0 0 -0 0 0 0 0 0 0 0 0 0 0 0 0 0 1 13150.8 13150.8 13150.8 13150.8
-1 -1 1 -1 -1 1 0 0 0 0 0 1.17647e-09 -0 0 0 -0 0 0 0 0 0 0 0 0 0 0 0 0 0 1 13150.8 13150.8 13150.8 13150.8
-1 -1 1 -1 -1 1 0 0 0 0 0 -1.01538e-09 -0 0 0 -0 0 0 0 0 0 0 0 0 0 0 0 0 0 1 13150.8 13150.8 13150.8 13150.8
-1 -1 1 -1 -1 1 0 0 0 0 0 -3.20226e-09 -0 0 0 -0 0 0 0 0 0 0 0 0 0 0 0 0 0 1 13150.8 13150.8 13150.8 13150.8
-1 -1 1 -1 -1 1 0 0 0 0 0 1.8838e-09 -0 0 0 -0 0 0 0 0 0 0 0 0 0 0 0 0 0 1 13150.8 13150.8 13150.8 13150.8
-1 -1 1 -1 -1 1 0 0 0 0 0 -3.06216e-10 -0 0 0 -0 0 0 0 0 0 0 0 0 0 0 0 0 0 1 13150.8 13150.8 13150.8 13150.8
-1 -1 1 -1 -1 1 0 0 0 0 0 -2.49998e-09 -0 0 0 -0 0 0 0 0 0 0 0 0 0 0 0 0 0 1 13150.8 13150.8 13150.8 13150.8
-1 -1 1 -1 -1 1 0 0 0 0 0 2.58992e-09 -0 0 0 -0 0 0 0 0 0 0 0 0 0 0 0 0 0 1 13150.8 13150.8 13150.8 13150.8
-1 -1 1 -1 -1 1 0 0 0 0 0 3.99704e-10 -0 0 0 -0 0 0 0 0 0 0 0 0 0 0 0 0 0 1 13150.8 13150.8 13150.8 13150.8
-1 -1 1 -1 -1 1 0 0 0 0 0 -1.79295e-09 -0 0 0 -0 0 0 0 0 0 0 0 0 0 0 0 0 0 1 13150.8 13150.8 13150.8 13150.8
-1 -1 1 -1 -1 1 0 0 0 0 0 3.32818e-09 -0 0 0 -0 0 0 0 0 0 0 0 0 0 0 0 0 0 1 13150.8 13150.8 13150.8 13150.8
-1 -1 1 -1 -1 1 0 0 0 0 0 1.15347e-09 -0 0 0 -0 0 0 0 0 0 0 0 0 0 0 0 0 0 1 13150.8 13150.8 13150.8 13150.8
-1 -1 1 -1 -1 1 0 0 0 0 0 -1.0396e-09 -0 0 0 -0 0 0 0 0 0 0 0 0 0 0 0 0 0 1 13150.8 13150.8 13150.8 13150.8
-1 -1 1 -1 -1 1 0 0 0 0 0 -3.23404e-09 -0 0 0 -0 0 0 0 0 0 0 0 0 0 0 0 0 0 1 13150.8 13150.8 13150.8 13150.8
-1 -1 1 -1 -1 1 0 0 0 0 0 1.84998e-09 -0 0 0 -0 0 0 0 0 0 0 0 0 0 0 0 0 0 1 13150.8 13150.8 13150.8 13150.8
-1 -1 1 -1 -1 1 0 0 0 0 0 -3.40675e-10 -0 0 0 -0 0 0 0 0 0 0 0 0 0 0 0 0 0 1 13150.8 13150.8 13150.8 13150.8
-1 -1 1 -1 -1 1 0 0 0 0 0 -2.53062e-09 -0 0 0 -0 0 0 0 0 0 0 0 0 0 0 0 0 0 1 13150.8 13150.8 13150.8 13150.8
-1 -1 1 -1 -1 1 0 0 0 0 0 2.57398e-09 -0 0 0 -0 0 0 0 0 0 0 0 0 0 0 0 0 0 1 13150.8 13150.8 13150.8 13150.8
-1 -1 1 -1 -1 1 0 0 0 0 0 3.89034e-10 -0 0 0 -0 0 0 0 0 0 0 0 0 0 0 0 0 0 1 13150.8 13150.8 13150.8 13150.8
-1 -1 1 -1 -1 1 0 0 0 0 0 -1.80771e-09 -0 0 0 -0 0 0 0 0 0 0 0 0 0 0 0 0 0 1 13150.8 13150.8 13150.8 13150.8
-1 -1 1 -1 -1 1 0 0 0 0 0 3.26338e-09 -0 0 0 -0 0 0 0 0 0 0 0 0 0 0 0 0 0 1 13150.8 13150.8 13150.8 13150.8
-1 -1 1 -1 -1 1 0 0 0 0 0 1.07233e-09 -0 0 0 -0 0 0 0 0 0 0 0 0 0 0 0 0 0 1 13150.8 13150.8 13150.8 13150.8
-1 -1 1 -1 -1 1 0 0 0 0 0 -1.11801e-09 -0 0 0 -0 0 0 0 0 0 0 0 0 0 0 0 0 0 1 13150.8 13150.8 13150.8 13150.8
-1 -1 1 -1 -1 1 0 0 0 0 0 -3.30642e-09 -0 0 0 -0 0 0 0 0 0 0 0 0 0 0 0 0 0 1 13150.8 13150.8 13150.8 13150.8
-1 -1 1 -1 -1 1 0 0 0 0 0 1.78446e-09 -0 0 0 -0 0 0 0 0 0 0 0 0 0 0 0 0 0 1 13150.8 13150.8 13150.8 13150.8
-1 -1 1 -1 -1 1 0 0 0 0 0 -4.04861e-10 -0 0 0 -0 0 0 0 0 0 0 0 0 0 0 0 0 0 1 13150.8 13150.8 13150.8 13150.8
-1 -1 1 -1 -1 1 0 0 0 0 0 -2.5986e-09 -0 0 0 -0 0 0 0 0 0 0 0 0 0 0 0 0 0 1 13150.8 13150.8 13150.8 13150.8
-1 -1 1 -1 -1 1 0 0 0 0 0 2.48917e-09 -0 0 0 -0 0 0 0 0 0 0 0 0 0 0 0 0 0 1 13150.8 13150.8 13150.8 13150.8
-1 -1 1 -1 -1 1 0 0 0 0 0 2.9676e-10 -0 0 0 -0 0 0 0 0 0 0 0 0 0 0 0 0 0 1 13150.8 13150.8 13150.8 13150.8
-1 -1 1 -1 -1 1 0 0 0 0 0 -1.9028e-09 -0 0 0 -0 0 0 0 0 0 0 0 0 0 0 0 0 0 1 13150.8 13150.8 13150.8 13150.8
-1 -1 1 -1 -1 1 0 0 0 0 0 3.19082e-09 -0 0 0 -0 0 0 0 0 0 0 0 0 0 0 0 0 0 1 13150.8 13150.8 13150.8 13150.8
-1 -1 1 -1 -1 1 0 0 0 0 0 1.0099e-09 -0 0 0 -0 0 0 0 0 0 0 0 0 0 0 0 0 0 1 13150.8 13150.8 13150.8 13150.8
-1 -1 1 -1 -1 1 0 0 0 0 0 -1.17945e-09 -0 0 0 -0 0 0 0 0 0 0 0 0 0 0 0 0 0 1 13150.8 13150.8 13150.8 13150.8
-1 -1 1 -1 -1 1 0 0 0 0 0 -3.3713e-09 -0 0 0 -0 0 0 0 0 0 0 0 0 0 0 0 0 0 1 13150.8 13150.8 13150.8 13150.8
-1 -1 1 -1 -1 1 0 0 0 0 0 1.71259e-09 -0 0 0 -0 0 0 0 0 0 0 0 0 0 0 0 0 0 1 13150.8 13150.8 13150.8 13150.8
-1 -1 1 -1 -1 1 0 0 0 0 0 -4.79282e-10 -0 0 0 -0 0 0 0 0 0 0 0 0 0 0 0 0 0 1 13150.8 13150.8 13150.8 13150.8
-1 -1 1 -1 -1 1 0 0 0 0 0 -2.66917e-09 -0 0 0 -0 0 0 0 0 0 0 0 0 0 0 0 0 0 1 13150.8 13150.8 13150.8 13150.8
-1 -1 1 -1 -1 1 0 0 0 0 0 2.41875e-09 -0 0 0 -0 0 0 0 0 0 0 0 0 0 0 0 0 0 1 13150.8 13150.8 13150.8 13150.8
-1 -1 1 -1 -1 1 0 0 0 0 0 2.2499e-10 -0 0 0 -0 0 0 0 0 0 0 0 0 0 0 0 0 0 1 13150.8 13150.8 13150.8 13150.8
-1 -1 1 -1 -1 1 0 0 0 0 0 -1.97805e-09 -0 0 0 -0 0 0 0 0 0 0 0 0 0 0 0 0 0 1 13150.8 13150.8 13150.8 13150.8
-1 -1 1 -1 -1 1 0 0 0 0 0 3.08961e-09 -0 0 0 -0 0 0 0 0 0 0 0 0 0 0 0 0 0 1 13150.8 13150.8 13150.8 13150.8
-1 -1 1 -1 -1 1 0 0 0 0 0 8.9766e-10 -0 0 0 -0 0 0 0 0 0 0 0 0 0 0 0 0 0 1 13150.8 13150.8 13150.8 13150.8
-1 -1 1 -1 -1 1 0 0 0 0 0 -1.28784e-09 -0 0 0 -0 0 0 0 0 0 0 0 0 0 0 0 0 0 1 13150.8 13150.8 13150.8 13150.8
-1 -1 1 -1 -1 1 0 0 0 0 0 -3.47294e-09 -0 0 0 -0 0 0 0 0 0 0 0 0 0 0 0 0 0 1 13150.8 13150.8 13150.8 13150.8
-1 -1 1 -1 -1 1 0 0 0 0 0 1.65042e-09 -0 0 0 -0 0 0 0 0 0 0 0 0 0 0 0 0 0 1 13150.8 13150.8 13150.8 13150.8
-1 -1 1 -1 -1 1 0 0 0 0 0 -5.26987e-10 -0 0 0 -0 0 0 0 0 0 0 0 0 0 0 0 0 0 1 13150.8 13150.8 13150.8 13150.8
-1 -1 1 -1 -1 1 0 0 0 0 0 -2.72698e-09 -0 0 0 -0 0 0 0 0 0 0 0 0 0 0 0 0 0 1 13150.8 13150.8 13150.8 13150.8
-1 -1 1 -1 -1 1 0 0 0 0 0 2.38393e-09 -0 0 0 -0 0 0 0 0 0 0 0 0 0 0 0 0 0 1 13150.8 13150.8 13150.8 13150.8
-1 -1 1 -1 -1 1 0 0 0 0 0 2.0186e-10 -0 0 0 -0 0 0 0 0 0 0 0 0 0 0 0 0 0 1 13150.8 13150.8 13150.8 13150.8
-1 -1 1 -1 -1 1 0 0 0 0 0 -1.98667e-09 -0 0 0 -0 0 0 0 0 0 0 0 0 0 0 0 0 0 1 13150.8 13150.8 13150.8 13150.8
-1 -1 1 -1 -1 1 0 0 0 0 0 3.0945e-09 -0 0 0 -0 0 0 0 0 0 0 0 0 0 0 0 0 0 1 13150.8 13150.8 13150.8 13150.8
-1 -1 1 -1 -1 1 0 0 0 0 0 9.01604e-10 -0 0 0 -0 0 0 0 0 0 0 0 0 0 0 0 0 0 1 13150.8 13150.8 13150.8 13150.8
-1 -1 1 -1 -1 1 0 0 0 0 0 -1.29005e-09 -0 0 0 -0 0 0 0 0 0 0 0 0 0 0 0 0 0 1 13150.8 13150.8 13150.8 13150.8
-1 -1 1 -1 -1 1 0 0 0 0 0 -3.47425e-09 -0 0 0 -0 0 0 0 0 0 0 0 0 0 0 0 0 0 1 13150.8 13150.8 13150.8 13150.8
-1 -1 1 -1 -1 1 0 0 0 0 0 1.63981e-09 -0 0 0 -0 0 0 0 0 0 0 0 0 0 0 0 0 0 1 13150.8 13150.8 13150.8 13150.8
-1 -1 1 -1 -1 1 0 0 0 0 0 -5.52886e-10 -0 0 0 -0 0 0 0 0 0 0 0 0 0 0 0 0 0 1 13150.8 13150.8 13150.8 13150.8
-1 -1 1 -1 -1 1 0 0 0 0 0 -2.73396e-09 -0 0 0 -0 0 0 0 0 0 0 0 0 0 0 0 0 0 1 13150.8 13150.8 13150.8 13150.8
-1 -1 1 -1 -1 1 0 0 0 0 0 2.37385e-09 -0 0 0 -0 0 0 0 0 0 0 0 0 0 0 0 0 0 1 13150.8 13150.8 13150.8 13150.8
-1 -1 1 -1 -1 1 0 0 0 0 0 1.93672e-10 -0 0 0 -0 0 0 0 0 0 0 0 0 0 0 0 0 0 1 13150.8 13150.8 13150.8 13150.8
-1 -1 1 -1 -1 1 0 0 0 0 0 -1.99831e-09 -0 0 0 -0 0 0 0 0 0 0 0 0 0 0 0 0 0 1 13150.8 13150.8 13150.8 13150.8
-1 -1 1 -1 -1 1 0 0 0 0 0 3.09649e-09 -0 0 0 -0 0 0 0 0 0 0 0 0 0 0 0 0 0 1 13150.8 13150.8 13150.8 13150.8
-1 -1 1 -1 -1 1 0 0 0 0 0 8.97851e-10 -0 0 0 -0 0 0 0 0 0 0 0 0 0 0 0 0 0 1 13150.8 13150.8 13150.8 13150.8
-1 -1 1 -1 -1 1 0 0 0 0 0 -1.28167e-09 -0 0 0 -0 0 0 0 0 0 0 0 0 0 0 0 0 0 1 13150.8 13150.8 13150.8 13150.8
-1 -1 1 -1 -1 1 0 0 0 0 0 -3.47034e-09 -0 0 0 -0 0 0 0 0 0 0 0 0 0 0 0 0 0 1 13150.8 13150.8 13150.8 13150.8
-1 -1 1 -1 -1 1 0 0 0 0 0 1.62182e-09 -0 0 0 -0 0 0 0 0 0 0 0 0 0 0 0 0 0 1 13150.8 13150.8 13150.8 13150.8
-1 -1 1 -1 -1 1 0 0 0 0 0 -5.68352e-10 -0 0 0 -0 0 0 0 0 0 0 0 0 0 0 0 0 0 1 13150.8 13150.8 13150.8 13150.8
-1 -1 1 -1 -1 1 0 0 0 0 0 -2.76129e-09 -0 0 0 -0 0 0 0 0 0 0 0 0 0 0 0 0 0 1 13150.8 13150.8 13150.8 13150.8
-1 -1 1 -1 -1 1 0 0 0 0 0 2.33222e-09 -0 0 0 -0 0 0 0 0 0 0 0 0 0 0 0 0 0 1 13150.8 13150.8 13150.8 13150.8
-1 -1 1 -1 -1 1 0 0 0 0 0 1.43505e-10 -0 0 0 -0 0 0 0 0 0 0 0 0 0 0 0 0 0 1 13150.8 13150.8 13150.8 13150.8
-1 -1 1 -1 -1 1 0 0 0 0 0 -2.04571e-09 -0 0 0 -0 0 0 0 0 0 0 0 0 0 0 0 0 0 1 13150.8 13150.8 13150.8 13150.8
-1 -1 1 -1 -1 1 0 0 0 0 0 3.04908e-09 -0 0 0 -0 0 0 0 0 0 0 0 0 0 0 0 0 0 1 13150.8 13150.8 13150.8 13150.8
-1 -1 1 -1 -1 1 0 0 0 0 0 8.59761e-10 -0 0 0 -0 0 0 0 0 0 0 0 0 0 0 0 0 0 1 13150.8 13150.8 13150.8 13150.8
-1 -1 1 -1 -1 1 0 0 0 0 0 -1.33487e-09 -0 0 0 -0 0 0 0 0 0 0 0 0 0 0 0 0 0 1 13150.8 13150.8 13150.8 13150.8
-1 -1 1 -1 -1 1 0 0 0 0 0 -3.52823e-09 -0 0 0 -0 0 0 0 0 0 0 0 0 0 0 0 0 0 1 13150.8 13150.8 13150.8 13150.8
-1 -1 1 -1 -1 1 0 0 0 0 0 1.5646e-09 -0 0 0 -0 0 0 0 0 0 0 0 0 0 0 0 0 0 1 13150.8 13150.8 13150.8 13150.8
-1 -1 1 -1 -1 1 0 0 0 0 0 -6.31242e-10 -0 0 0 -0 0 0 0 0 0 0 0 0 0 0 0 0 0 1 13150.8 13150.8 13150.8 13150.8
-1 -1 1 -1 -1 1 0 0 0 0 0 -2.81798e-09 -0 0 0 -0 0 0 0 0 0 0 0 0 0 0 0 0 0 1 13150.8 13150.8 13150.8 13150.8
-1 -1 1 -1 -1 1 0 0 0 0 0 2.27346e-09 -0 0 0 -0 0 0 0 0 0 0 0 0 0 0 0 0 0 1 13150.8 13150.8 13150.8 13150.8
-1 -1 1 -1 -1 1 0 0 0 0 0 8.49839e-11 -0 0 0 -0 0 0 0 0 0 0 0 0 0 0 0 0 0 1 13150.8 13150.8 13150.8 13150.8
-1 -1 1 -1 -1 1 0 0 0 0 0 -2.10404e-09 -0 0 0 -0 0 0 0 0 0 0 0 0 0 0 0 0 0 1 13150.8 13150.8 13150.8 13150.8
-1 -1 1 -1 -1 1 0 0 0 0 0 2.99929e-09 -0 0 0 -0 0 0 0 0 0 0 0 0 0 0 0 0 0 1 13150.8 13150.8 13150.8 13150.8
-1 -1 1 -1 -1 1 0 0 0 0 0 8.04062e-10 -0 0 0 -0 0 0 0 0 0 0 0 0 0 0 0 0 0 1 13150.8 13150.8 13150.8 13150.8
-1 -1 1 -1 -1 1 0 0 0 0 0 -1.38786e-09 -0 0 0 -0 0 0 0 0 0 0 0 0 0 0 0 0 0 1 13150.8 13150.8 13150.8 13150.8
-1 -1 1 -1 -1 1 0 0 0 0 0 -3.56003e-09 -0 0 0 -0 0 0 0 0 0 0 0 0 0 0 0 0 0 1 13150.8 13150.8 13150.8 13150.8
-1 -1 1 -1 -1 1 0 0 0 0 0 1.55086e-09 -0 0 0 -0 0 0 0 0 0 0 0 0 0 0 0 0 0 1 13150.8 13150.8 13150.8 13150.8
-1 -1 1 -1 -1 1 0 0 0 0 0 -6.29084e-10 -0 0 0 -0 0 0 0 0 0 0 0 0 0 0 0 0 0 1 13150.8 13150.8 13150.8 13150.8
-1 -1 1 -1 -1 1 0 0 0 0 0 -2.82328e-09 -0 0 0 -0 0 0 0 0 0 0 0 0 0 0 0 0 0 1 13150.8 13150.8 13150.8 13150.8
-1 -1 1 -1 -1 1 0 0 0 0 0 2.2763e-09 -0 0 0 -0 0 0 0 0 0 0 0 0 0 0 0 0 0 1 13150.8 13150.8 13150.8 13150.8
-1 -1 1 -1 -1 1 0 0 0 0 0 8.90089e-11 -0 0 0 -0 0 0 0 0 0 0 0 0 0 0 0 0 0 1 13150.8 13150.8 13150.8 13150.8
-1 -1 1 -1 -1 1 0 0 0 0 0 -2.10154e-09 -0 0 0 -0 0 0 0 0 0 0 0 0 0 0 0 0 0 1 13150.8 13150.8 13150.8 13150.8
-1 -1 1 -1 -1 1 0 0 0 0 0 2.9864e-09 -0 0 0 -0 0 0 0 0 0 0 0 0 0 0 0 0 0 1 13150.8 13150.8 13150.8 13150.8
-1 -1 1 -1 -1 1 0 0 0 0 0 7.97189e-10 -0 0 0 -0 0 0 0 0 0 0 0 0 0 0 0 0 0 1 13150.8 13150.8 13150.8 13150.8
-1 -1 1 -1 -1 1 0 0 0 0 0 -1.3949e-09 -0 0 0 -0 0 0 0 0 0 0 0 0 0 0 0 0 0 1 13150.8 13150.8 13150.8 13150.8
-1 -1 1 -1 -1 1 0 0 0 0 0 -3.58259e-09 -0 0 0 -0 0 0 0 0 0 0 0 0 0 0 0 0 0 1 13150.8 13150.8 13150.8 13150.8
-1 -1 1 -1 -1 1 0 0 0 0 0 1.52709e-09 -0 0 0 -0 0 0 0 0 0 0 0 0 0 0 0 0 0 1 13150.8 13150.8 13150.8 13150.8
-1 -1 1 -1 -1 1 0 0 0 0 0 -6.62405e-10 -0 0 0 -0 0 0 0 0 0 0 0 0 0 0 0 0 0 1 13150.8 13150.8 13150.8 13150.8
-1 -1 1 -1 -1 1 0 0 0 0 0 -2.85064e-09 -0 0 0 -0 0 0 0 0 0 0 0 0 0 0 0 0 0 1 13150.8 13150.8 13150.8 13150.8
-1 -1 1 -1 -1 1 0 0 0 0 0 2.25901e-09 -0 0 0 -0 0 0 0 0 0 0 0 0 0 0 0 0 0 1 13150.8 13150.8 13150.8 13150.8
-1 -1 1 -1 -1 1 0 0 0 0 0 7.73563e-11 -0 0 0 -0 0 0 0 0 0 0 0 0 0 0 0 0 0 1 13150.8 13150.8 13150.8 13150.8
-1 -1 1 -1 -1 1 0 0 0 0 0 -2.11616e-09 -0 0 0 -0 0 0 0 0 0 0 0 0 0 0 0 0 0 1 13150.8 13150.8 13150.8 13150.8
-1 -1 1 -1 -1 1 0 0 0 0 0 2.98094e-09 -0 0 0 -0 0 0 0 0 0 0 0 0 0 0 0 0 0 1 13150.8 13150.8 13150.8 13150.8
-1 -1 1 -1 -1 1 0 0 0 0 0 7.90917e-10 -0 0 0 -0 0 0 0 0 0 0 0 0 0 0 0 0 0 1 13150.8 13150.8 13150.8 13150.8
-1 -1 1 -1 -1 1 0 0 0 0 0 -1.39745e-09 -0 0 0 -0 0 0 0 0 0 0 0 0 0 0 0 0 0 1 13150.8 13150.8 13150.8 13150.8
-1 -1 1 -1 -1 1 0 0 0 0 0 -3.58371e-09 -0 0 0 -0 0 0 0 0 0 0 0 0 0 0 0 0 0 1 13150.8 13150.8 13150.8 13150.8
-1 -1 1 -1 -1 1 0 0 0 0 0 1.50629e-09 -0 0 0 -0 0 0 0 0 0 0 0 0 0 0 0 0 0 1 13150.8 13150.8 13150.8 13150.8
-1 -1 1 -1 -1 1 0 0 0 0 0 -6.90062e-10 -0 0 0 -0 0 0 0 0 0 0 0 0 0 0 0 0 0 1 13150.8 13150.8 13150.8 13150.8
-1 -1 1 -1 -1 1 0 0 0 0 0 -2.87576e-09 -0 0 0 -0 0 0 0 0 0 0 0 0 0 0 0 0 0 1 13150.8 13150.8 13150.8 13150.8
-1 -1 1 -1 -1 1 0 0 0 0 0 2.21538e-09 -0 0 0 -0 0 0 0 0 0 0 0 0 0 0 0 0 0 1 13150.8 13150.8 13150.8 13150.8
-1 -1 1 -1 -1 1 0 0 0 0 0 1.81507e-11 -0 0 0 -0 0 0 0 0 0 0 0 0 0 0 0 0 0 1 13150.8 13150.8 13150.8 13150.8
-1 -1 1 -1 -1 1 0 0 0 0 0 -2.17244e-09 -0 0 0 -0 0 0 0 0 0 0 0 0 0 0 0 0 0 1 13150.8 13150.8 13150.8 13150.8
-1 -1 1 -1 -1 1 0 0 0 0 0 2.92276e-09 -0 0 0 -0 0 0 0 0 0 0 0 0 0 0 0 0 0 1 13150.8 13150.8 13150.8 13150.8
-1 -1 1 -1 -1 1 0 0 0 0 0 7.36623e-10 -0 0 0 -0 0 0 0 0 0 0 0 0 0 0 0 0 0 1 13150.8 13150.8 13150.8 13150.8
-1 -1 1 -1 -1 1 0 0 0 0 0 -1.44905e-09 -0 0 0 -0 0 0 0 0 0 0 0 0 0 0 0 0 0 1 13150.8 13150.8 13150.8 13150.8
-1 -1 1 -1 -1 1 0 0 0 0 0 -3.64057e-09 -0 0 0 -0 0 0 0 0 0 0 0 0 0 0 0 0 0 1 13150.8 13150.8 13150.8 13150.8
-1 -1 1 -1 -1 1 0 0 0 0 0 1.46463e-09 -0 0 0 -0 0 0 0 0 0 0 0 0 0 0 0 0 0 1 13150.8 13150.8 13150.8 13150.8
-1 -1 1 -1 -1 1 0 0 0 0 0 -7.28819e-10 -0 0 0 -0 0 0 0 0 0 0 0 0 0 0 0 0 0 1 13150.8 13150.8 13150.8 13150.8
-1 -1 1 -1 -1 1 0 0 0 0 0 -2.92023e-09 -0 0 0 -0 0 0 0 0 0 0 0 0 0 0 0 0 0 1 13150.8 13150.8 13150.8 13150.8
-1 -1 1 -1 -1 1 0 0 0 0 0 2.14902e-09 -0 0 0 -0 0 0 0 0 0 0 0 0 0 0 0 0 0 1 13150.8 13150.8 13150.8 13150.8
-1 -1 1 -1 -1 1 0 0 0 0 0 -4.46786e-11 -0 0 0 -0 0 0 0 0 0 0 0 0 0 0 0 0 0 1 13150.8 13150.8 13150.8 13150.8
-1 -1 1 -1 -1 1 0 0 0 0 0 -2.22933e-09 -0 0 0 -0 0 0 0 0 0 0 0 0 0 0 0 0 0 1 13150.8 13150.8 13150.8 13150.8
-1 -1 1 -1 -1 1 0 0 0 0 0 2.86429e-09 -0 0 0 -0 0 0 0 0 0 0 0 0 0 0 0 0 0 1 13150.8 13150.8 13150.8 13150.8
-1 -1 1 -1 -1 1 0 0 0 0 0 6.67718e-10 -0 0 0 -0 0 0 0 0 0 0 0 0 0 0 0 0 0 1 13150.8 13150.8 13150.8 13150.8
-1 -1 1 -1 -1 1 0 0 0 0 0 -1.51556e-09 -0 0 0 -0 0 0 0 0 0 0 0 0 0 0 0 0 0 1 13150.8 13150.8 13150.8 13150.8
-1 -1 1 -1 -1 1 0 0 0 0 0 3.57977e-09 -0 0 0 -0 0 0 0 0 0 0 0 0 0 0 0 0 0 1 13150.8 13150.8 13150.8 13150.8
-1 -1 1 -1 -1 1 0 0 0 0 0 1.38705e-09 -0 0 0 -0 0 0 0 0 0 0 0 0 0 0 0 0 0 1 13150.8 13150.8 13150.8 13150.8
-1 -1 1 -1 -1 1 0 0 0 0 0 -8.06335e-10 -0 0 0 -0 0 0 0 0 0 0 0 0 0 0 0 0 0 1 13150.8 13150.8 13150.8 13150.8
-1 -1 1 -1 -1 1 0 0 0 0 0 -2.9974e-09 -0 0 0 -0 0 0 0 0 0 0 0 0 0 0 0 0 0 1 13150.8 13150.8 13150.8 13150.8
-1 -1 1 -1 -1 1 0 0 0 0 0 2.09164e-09 -0 0 0 -0 0 0 0 0 0 0 0 0 0 0 0 0 0 1 13150.8 13150.8 13150.8 13150.8
-1 -1 1 -1 -1 1 0 0 0 0 0 -9.35546e-11 -0 0 0 -0 0 0 0 0 0 0 0 0 0 0 0 0 0 1 13150.8 13150.8 13150.8 13150.8
-1 -1 1 -1 -1 1 0 0 0 0 0 -2.28462e-09 -0 0 0 -0 0 0 0 0 0 0 0 0 0 0 0 0 0 1 13150.8 13150.8 13150.8 13150.8
-1 -1 1 -1 -1 1 0 0 0 0 0 2.82386e-09 -0 0 0 -0 0 0 0 0 0 0 0 0 0 0 0 0 0 1 13150.8 13150.8 13150.8 13150.8
-1 -1 1 -1 -1 1 0 0 0 0 0 6.40415e-10 -0 0 0 -0 0 0 0 0 0 0 0 0 0 0 0 0 0 1 13150.8 13150.8 13150.8 13150.8
-1 -1 1 -1 -1 1 0 0 0 0 0 -1.54746e-09 -0 0 0 -0 0 0 0 0 0 0 0 0 0 0 0 0 0 1 13150.8 13150.8 13150.8 13150.8
-1 -1 1 -1 -1 1 0 0 0 0 0 3.54043e-09 -0 0 0 -0 0 0 0 0 0 0 0 0 0 0 0 0 0 1 13150.8 13150.8 13150.8 13150.8
-1 -1 1 -1 -1 1 0 0 0 0 0 1.34575e-09 -0 0 0 -0 0 0 0 0 0 0 0 0 0 0 0 0 0 1 13150.8 13150.8 13150.8 13150.8
-1 -1 1 -1 -1 1 0 0 0 0 0 -8.42749e-10 -0 0 0 -0 0 0 0 0 0 0 0 0 0 0 0 0 0 1 13150.8 13150.8 13150.8 13150.8
-1 -1 1 -1 -1 1 0 0 0 0 0 -3.03435e-09 -0 0 0 -0 0 0 0 0 0 0 0 0 0 0 0 0 0 1 13150.8 13150.8 13150.8 13150.8
-1 -1 1 -1 -1 1 0 0 0 0 0 2.07672e-09 -0 0 0 -0 0 0 0 0 0 0 0 0 0 0 0 0 0 1 13150.8 13150.8 13150.8 13150.8
-1 -1 1 -1 -1 1 0 0 0 0 0 -1.12776e-10 -0 0 0 -0 0 0 0 0 0 0 0 0 0 0 0 0 0 1 13150.8 13150.8 13150.8 13150.8
-1 -1 1 -1 -1 1 0 0 0 0 0 -2.29305e-09 -0 0 0 -0 0 0 0 0 0 0 0 0 0 0 0 0 0 1 13150.8 13150.8 13150.8 13150.8
-1 -1 1 -1 -1 1 0 0 0 0 0 2.82432e-09 -0 0 0 -0 0 0 0 0 0 0 0 0 0 0 0 0 0 1 13150.8 13150.8 13150.8 13150.8
-1 -1 1 -1 -1 1 0 0 0 0 0 6.3473e-10 -0 0 0 -0 0 0 0 0 0 0 0 0 0 0 0 0 0 1 13150.8 13150.8 13150.8 13150.8
-1 -1 1 -1 -1 1 0 0 0 0 0 -1.56042e-09 -0 0 0 -0 0 0 0 0 0 0 0 0 0 0 0 0 0 1 13150.8 13150.8 13150.8 13150.8
-1 -1 1 -1 -1 1 0 0 0 0 0 3.52631e-09 -0 0 0 -0 0 0 0 0 0 0 0 0 0 0 0 0 0 1 13150.8 13150.8 13150.8 13150.8
-1 -1 1 -1 -1 1 0 0 0 0 0 1.35157e-09 -0 0 0 -0 0 0 0 0 0 0 0 0 0 0 0 0 0 1 13150.8 13150.8 13150.8 13150.8
-1 -1 1 -1 -1 1 0 0 0 0 0 -8.51491e-10 -0 0 0 -0 0 0 0 0 0 0 0 0 0 0 0 0 0 1 13150.8 13150.8 13150.8 13150.8
-1 -1 1 -1 -1 1 0 0 0 0 0 -3.04164e-09 -0 0 0 -0 0 0 0 0 0 0 0 0 0 0 0 0 0 1 13150.8 13150.8 13150.8 13150.8
-1 -1 1 -1 -1 1 0 0 0 0 0 2.04716e-09 -0 0 0 -0 0 0 0 0 0 0 0 0 0 0 0 0 0 1 13150.8 13150.8 13150.8 13150.8
-1 -1 1 -1 -1 1 0 0 0 0 0 -1.42726e-10 -0 0 0 -0 0 0 0 0 0 0 0 0 0 0 0 0 0 1 13150.8 13150.8 13150.8 13150.8
-1 -1 1 -1 -1 1 0 0 0 0 0 -2.3259e-09 -0 0 0 -0 0 0 0 0 0 0 0 0 0 0 0 0 0 1 13150.8 13150.8 13150.8 13150.8
-1 -1 1 -1 -1 1 0 0 0 0 0 2.76194e-09 -0 0 0 -0 0 0 0 0 0 0 0 0 0 0 0 0 0 1 13150.8 13150.8 13150.8 13150.8
-1 -1 1 -1 -1 1 0 0 0 0 0 5.65643e-10 -0 0 0 -0 0 0 0 0 0 0 0 0 0 0 0 0 0 1 13150.8 13150.8 13150.8 13150.8
-1 -1 1 -1 -1 1 0 0 0 0 0 -1.62994e-09 -0 0 0 -0 0 0 0 0 0 0 0 0 0 0 0 0 0 1 13150.8 13150.8 13150.8 13150.8
-1 -1 1 -1 -1 1 0 0 0 0 0 3.43279e-09 -0 0 0 -0 0 0 0 0 0 0 0 0 0 0 0 0 0 1 13150.8 13150.8 13150.8 13150.8
-1 -1 1 -1 -1 1 0 0 0 0 0 1.2385e-09 -0 0 0 -0 0 0 0 0 0 0 0 0 0 0 0 0 0 1 13150.8 13150.8 13150.8 13150.8
-1 -1 1 -1 -1 1 0 0 0 0 0 -9.53915e-10 -0 0 0 -0 0 0 0 0 0 0 0 0 0 0 0 0 0 1 13150.8 13150.8 13150.8 13150.8
-1 -1 1 -1 -1 1 0 0 0 0 0 -3.14269e-09 -0 0 0 -0 0 0 0 0 0 0 0 0 0 0 0 0 0 1 13150.8 13150.8 13150.8 13150.8
-1 -1 1 -1 -1 1 0 0 0 0 0 1.95387e-09 -0 0 0 -0 0 0 0 0 0 0 0 0 0 0 0 0 0 1 13150.8 13150.8 13150.8 13150.8
-1 -1 1 -1 -1 1 0 0 0 0 0 -2.4354e-10 -0 0 0 -0 0 0 0 0 0 0 0 0 0 0 0 0 0 1 13150.8 13150.8 13150.8 13150.8
-1 -1 1 -1 -1 1 0 0 0 0 0 -2.42332e-09 -0 0 0 -0 0 0 0 0 0 0 0 0 0 0 0 0 0 1 13150.8 13150.8 13150.8 13150.8
-1 -1 1 -1 -1 1 0 0 0 0 0 2.64728e-09 -0 0 0 -0 0 0 0 0 0 0 0 0 0 0 0 0 0 1 13150.8 13150.8 13150.8 13150.8
-1 -1 1 -1 -1 1 0 0 0 0 0 4.35738e-10 -0 0 0 -0 0 0 0 0 0 0 0 0 0 0 0 0 0 1 13150.8 13150.8 13150.8 13150.8
-1 -1 1 -1 -1 1 0 0 0 0 0 -1.74339e-09 -0 0 0 -0 0 0 0 0 0 0 0 0 0 0 0 0 0 1 13150.8 13150.8 13150.8 13150.8
-1 -1 1 -1 -1 1 0 0 0 0 0 3.3751e-09 -0 0 0 -0 0 0 0 0 0 0 0 0 0 0 0 0 0 1 13150.8 13150.8 13150.8 13150.8
-1 -1 1 -1 -1 1 0 0 0 0 0 1.19414e-09 -0 0 0 -0 0 0 0 0 0 0 0 0 0 0 0 0 0 1 13150.8 13150.8 13150.8 13150.8
-1 -1 1 -1 -1 1 0 0 0 0 0 -9.9481e-10 -0 0 0 -0 0 0 0 0 0 0 0 0 0 0 0 0 0 1 13150.8 13150.8 13150.8 13150.8
-1 -1 1 -1 -1 1 0 0 0 0 0 -3.1799e-09 -0 0 0 -0 0 0 0 0 0 0 0 0 0 0 0 0 0 1 13150.8 13150.8 13150.8 13150.8
-1 -1 1 -1 -1 1 0 0 0 0 0 1.91261e-09 -0 0 0 -0 0 0 0 0 0 0 0 0 0 0 0 0 0 1 13150.8 13150.8 13150.8 13150.8
-1 -1 1 -1 -1 1 0 0 0 0 0 -2.77576e-10 -0 0 0 -0 0 0 0 0 0 0 0 0 0 0 0 0 0 1 13150.8 13150.8 13150.8 13150.8
-1 -1 1 -1 -1 1 0 0 0 0 0 -2.46933e-09 -0 0 0 -0 0 0 0 0 0 0 0 0 0 0 0 0 0 1 13150.8 13150.8 13150.8 13150.8
-1 -1 1 -1 -1 1 0 0 0 0 0 2.63259e-09 -0 0 0 -0 0 0 0 0 0 0 0 0 0 0 0 0 0 1 13150.8 13150.8 13150.8 13150.8
-1 -1 1 -1 -1 1 0 0 0 0 0 4.47493e-10 -0 0 0 -0 0 0 0 0 0 0 0 0 0 0 0 0 0 1 13150.8 13150.8 13150.8 13150.8
-1 -1 1 -1 -1 1 0 0 0 0 0 -1.74135e-09 -0 0 0 -0 0 0 0 0 0 0 0 0 0 0 0 0 0 1 13150.8 13150.8 13150.8 13150.8
-1 -1 1 -1 -1 1 0 0 0 0 0 3.35261e-09 -0 0 0 -0 0 0 0 0 0 0 0 0 0 0 0 0 0 1 13150.8 13150.8 13150.8 13150.8
-1 -1 1 -1 -1 1 0 0 0 0 0 1.16515e-09 -0 0 0 -0 0 0 0 0 0 0 0 0 0 0 0 0 0 1 13150.8 13150.8 13150.8 13150.8
-1 -1 1 -1 -1 1 0 0 0 0 0 -1.029e-09 -0 0 0 -0 0 0 0 0 0 0 0 0 0 0 0 0 0 1 13150.8 13150.8 13150.8 13150.8
-1 -1 1 -1 -1 1 0 0 0 0 0 -3.225e-09 -0 0 0 -0 0 0 0 0 0 0 0 0 0 0 0 0 0 1 13150.8 13150.8 13150.8 13150.8
-1 -1 1 -1 -1 1 0 0 0 0 0 1.87526e-09 -0 0 0 -0 0 0 0 0 0 0 0 0 0 0 0 0 0 1 13150.8 13150.8 13150.8 13150.8
-1 -1 1 -1 -1 1 0 0 0 0 0 -3.14507e-10 -0 0 0 -0 0 0 0 0 0 0 0 0 0 0 0 0 0 1 13150.8 13150.8 13150.8 13150.8
-1 -1 1 -1 -1 1 0 0 0 0 0 -2.49751e-09 -0 0 0 -0 0 0 0 0 0 0 0 0 0 0 0 0 0 1 13150.8 13150.8 13150.8 13150.8
-1 -1 1 -1 -1 1 0 0 0 0 0 2.59343e-09 -0 0 0 -0 0 0 0 0 0 0 0 0 0 0 0 0 0 1 13150.8 13150.8 13150.8 13150.8
-1 -1 1 -1 -1 1 0 0 0 0 0 4.0063e-10 -0 0 0 -0 0 0 0 0 0 0 0 0 0 0 0 0 0 1 13150.8 13150.8 13150.8 13150.8
-1 -1 1 -1 -1 1 0 0 0 0 0 -1.78733e-09 -0 0 0 -0 0 0 0 0 0 0 0 0 0 0 0 0 0 1 13150.8 13150.8 13150.8 13150.8
-1 -1 1 -1 -1 1 0 0 0 0 0 3.29704e-09 -0 0 0 -0 0 0 0 0 0 0 0 0 0 0 0 0 0 1 13150.8 13150.8 13150.8 13150.8
-1 -1 1 -1 -1 1 0 0 0 0 0 1.10404e-09 -0 0 0 -0 0 0 0 0 0 0 0 0 0 0 0 0 0 1 13150.8 13150.8 13150.8 13150.8
-1 -1 1 -1 -1 1 0 0 0 0 0 -1.08275e-09 -0 0 0 -0 0 0 0 0 0 0 0 0 0 0 0 0 0 1 13150.8 13150.8 13150.8 13150.8
-1 -1 1 -1 -1 1 0 0 0 0 0 -3.28425e-09 -0 0 0 -0 0 0 0 0 0 0 0 0 0 0 0 0 0 1 13150.8 13150.8 13150.8 13150.8
-1 -1 1 -1 -1 1 0 0 0 0 0 1.7891e-09 -0 0 0 -0 0 0 0 0 0 0 0 0 0 0 0 0 0 1 13150.8 13150.8 13150.8 13150.8
-1 -1 1 -1 -1 1 0 0 0 0 0 -4.08324e-10 -0 0 0 -0 0 0 0 0 0 0 0 0 0 0 0 0 0 1 13150.8 13150.8 13150.8 13150.8
-1 -1 1 -1 -1 1 0 0 0 0 0 -2.59141e-09 -0 0 0 -0 0 0 0 0 0 0 0 0 0 0 0 0 0 1 13150.8 13150.8 13150.8 13150.8
-1 -1 1 -1 -1 1 0 0 0 0 0 2.49982e-09 -0 0 0 -0 0 0 0 0 0 0 0 0 0 0 0 0 0 1 13150.8 13150.8 13150.8 13150.8
-1 -1 1 -1 -1 1 0 0 0 0 0 3.09743e-10 -0 0 0 -0 0 0 0 0 0 0 0 0 0 0 0 0 0 1 13150.8 13150.8 13150.8 13150.8
-1 -1 1 -1 -1 1 0 0 0 0 0 -1.88022e-09 -0 0 0 -0 0 0 0 0 0 0 0 0 0 0 0 0 0 1 13150.8 13150.8 13150.8 13150.8
-1 -1 1 -1 -1 1 0 0 0 0 0 3.20913e-09 -0 0 0 -0 0 0 0 0 0 0 0 0 0 0 0 0 0 1 13150.8 13150.8 13150.8 13150.8
-1 -1 1 -1 -1 1 0 0 0 0 0 1.01571e-09 -0 0 0 -0 0 0 0 0 0 0 0 0 0 0 0 0 0 1 13150.8 13150.8 13150.8 13150.8
-1 -1 1 -1 -1 1 0 0 0 0 0 -1.17684e-09 -0 0 0 -0 0 0 0 0 0 0 0 0 0 0 0 0 0 1 13150.8 13150.8 13150.8 13150.8
-1 -1 1 -1 -1 1 0 0 0 0 0 -3.37354e-09 -0 0 0 -0 0 0 0 0 0 0 0 0 0 0 0 0 0 1 13150.8 13150.8 13150.8 13150.8
-1 -1 1 -1 -1 1 0 0 0 0 0 1.71804e-09 -0 0 0 -0 0 0 0 0 0 0 0 0 0 0 0 0 0 1 13150.8 13150.8 13150.8 13150.8
-1 -1 1 -1 -1 1 0 0 0 0 0 -4.71719e-10 -0 0 0 -0 0 0 0 0 0 0 0 0 0 0 0 0 0 1 13150.8 13150.8 13150.8 13150.8
-1 -1 1 -1 -1 1 0 0 0 0 0 -2.65456e-09 -0 0 0 -0 0 0 0 0 0 0 0 0 0 0 0 0 0 1 13150.8 13150.8 13150.8 13150.8
-1 -1 1 -1 -1 1 0 0 0 0 0 2.44186e-09 -0 0 0 -0 0 0 0 0 0 0 0 0 0 0 0 0 0 1 13150.8 13150.8 13150.8 13150.8
-1 -1 1 -1 -1 1 0 0 0 0 0 2.50249e-10 -0 0 0 -0 0 0 0 0 0 0 0 0 0 0 0 0 0 1 13150.8 13150.8 13150.8 13150.8
-1 -1 1 -1 -1 1 0 0 0 0 0 -1.94526e-09 -0 0 0 -0 0 0 0 0 0 0 0 0 0 0 0 0 0 1 13150.8 13150.8 13150.8 13150.8
-1 -1 1 -1 -1 1 0 0 0 0 0 3.13492e-09 -0 0 0 -0 0 0 0 0 0 0 0 0 0 0 0 0 0 1 13150.8 13150.8 13150.8 13150.8
-1 -1 1 -1 -1 1 0 0 0 0 0 9.43044e-10 -0 0 0 -0 0 0 0 0 0 0 0 0 0 0 0 0 0 1 13150.8 13150.8 13150.8 13150.8
-1 -1 1 -1 -1 1 0 0 0 0 0 -1.23591e-09 -0 0 0 -0 0 0 0 0 0 0 0 0 0 0 0 0 0 1 13150.8 13150.8 13150.8 13150.8
-1 -1 1 -1 -1 1 0 0 0 0 0 -3.43012e-09 -0 0 0 -0 0 0 0 0 0 0 0 0 0 0 0 0 0 1 13150.8 13150.8 13150.8 13150.8
-1 -1 1 -1 -1 1 0 0 0 0 0 1.66514e-09 -0 0 0 -0 0 0 0 0 0 0 0 0 0 0 0 0 0 1 13150.8 13150.8 13150.8 13150.8
-1 -1 1 -1 -1 1 0 0 0 0 0 -5.25111e-10 -0 0 0 -0 0 0 0 0 0 0 0 0 0 0 0 0 0 1 13150.8 13150.8 13150.8 13150.8
-1 -1 1 -1 -1 1 0 0 0 0 0 -2.71918e-09 -0 0 0 -0 0 0 0 0 0 0 0 0 0 0 0 0 0 1 13150.8 13150.8 13150.8 13150.8
-1 -1 1 -1 -1 1 0 0 0 0 0 2.37481e-09 -0 0 0 -0 0 0 0 0 0 0 0 0 0 0 0 0 0 1 13150.8 13150.8 13150.8 13150.8
-1 -1 1 -1 -1 1 0 0 0 0 0 1.93699e-10 -0 0 0 -0 0 0 0 0 0 0 0 0 0 0 0 0 0 1 13150.8 13150.8 13150.8 13150.8
-1 -1 1 -1 -1 1 0 0 0 0 0 -1.99921e-09 -0 0 0 -0 0 0 0 0 0 0 0 0 0 0 0 0 0 1 13150.8 13150.8 13150.8 13150.8
-1 -1 1 -1 -1 1 0 0 0 0 0 3.11607e-09 -0 0 0 -0 0 0 0 0 0 0 0 0 0 0 0 0 0 1 13150.8 13150.8 13150.8 13150.8
-1 -1 1 -1 -1 1 0 0 0 0 0 9.28541e-10 -0 0 0 -0 0 0 0 0 0 0 0 0 0 0 0 0 0 1 13150.8 13150.8 13150.8 13150.8
-1 -1 1 -1 -1 1 0 0 0 0 0 -1.26542e-09 -0 0 0 -0 0 0 0 0 0 0 0 0 0 0 0 0 0 1 13150.8 13150.8 13150.8 13150.8
-1 -1 1 -1 -1 1 0 0 0 0 0 -3.45104e-09 -0 0 0 -0 0 0 0 0 0 0 0 0 0 0 0 0 0 1 13150.8 13150.8 13150.8 13150.8
-1 -1 1 -1 -1 1 0 0 0 0 0 1.63919e-09 -0 0 0 -0 0 0 0 0 0 0 0 0 0 0 0 0 0 1 13150.8 13150.8 13150.8 13150.8
-1 -1 1 -1 -1 1 0 0 0 0 0 -5.57228e-10 -0 0 0 -0 0 0 0 0 0 0 0 0 0 0 0 0 0 1 13150.8 13150.8 13150.8 13150.8
-1 -1 1 -1 -1 1 0 0 0 0 0 -2.73985e-09 -0 0 0 -0 0 0 0 0 0 0 0 0 0 0 0 0 0 1 13150.8 13150.8 13150.8 13150.8
-1 -1 1 -1 -1 1 0 0 0 0 0 2.37405e-09 -0 0 0 -0 0 0 0 0 0 0 0 0 0 0 0 0 0 1 13150.8 13150.8 13150.8 13150.8
-1 -1 1 -1 -1 1 0 0 0 0 0 1.93141e-10 -0 0 0 -0 0 0 0 0 0 0 0 0 0 0 0 0 0 1 13150.8 13150.8 13150.8 13150.8
-1 -1 1 -1 -1 1 0 0 0 0 0 -2.00477e-09 -0 0 0 -0 0 0 0 0 0 0 0 0 0 0 0 0 0 1 13150.8 13150.8 13150.8 13150.8
-1 -1 1 -1 -1 1 0 0 0 0 0 3.06541e-09 -0 0 0 -0 0 0 0 0 0 0 0 0 0 0 0 0 0 1 13150.8 13150.8 13150.8 13150.8
-1 -1 1 -1 -1 1 0 0 0 0 0 8.74463e-10 -0 0 0 -0 0 0 0 0 0 0 0 0 0 0 0 0 0 1 13150.8 13150.8 13150.8 13150.8
-1 -1 1 -1 -1 1 0 0 0 0 0 -1.31423e-09 -0 0 0 -0 0 0 0 0 0 0 0 0 0 0 0 0 0 1 13150.8 13150.8 13150.8 13150.8
-1 -1 1 -1 -1 1 0 0 0 0 0 -3.513e-09 -0 0 0 -0 0 0 0 0 0 0 0 0 0 0 0 0 0 1 13150.8 13150.8 13150.8 13150.8
-1 -1 1 -1 -1 1 0 0 0 0 0 1.55268e-09 -0 0 0 -0 0 0 0 0 0 0 0 0 0 0 0 0 0 1 13150.8 13150.8 13150.8 13150.8
-1 -1 1 -1 -1 1 0 0 0 0 0 -6.49076e-10 -0 0 0 -0 0 0 0 0 0 0 0 0 0 0 0 0 0 1 13150.8 13150.8 13150.8 13150.8
-1 -1 1 -1 -1 1 0 0 0 0 0 -2.83084e-09 -0 0 0 -0 0 0 0 0 0 0 0 0 0 0 0 0 0 1 13150.8 13150.8 13150.8 13150.8
-1 -1 1 -1 -1 1 0 0 0 0 0 2.27834e-09 -0 0 0 -0 0 0 0 0 0 0 0 0 0 0 0 0 0 1 13150.8 13150.8 13150.8 13150.8
-1 -1 1 -1 -1 1 0 0 0 0 0 9.47631e-11 -0 0 0 -0 0 0 0 0 0 0 0 0 0 0 0 0 0 1 13150.8 13150.8 13150.8 13150.8
-1 -1 1 -1 -1 1 0 0 0 0 0 -2.09465e-09 -0 0 0 -0 0 0 0 0 0 0 0 0 0 0 0 0 0 1 13150.8 13150.8 13150.8 13150.8
-1 -1 1 -1 -1 1 0 0 0 0 0 2.99603e-09 -0 0 0 -0 0 0 0 0 0 0 0 0 0 0 0 0 0 1 13150.8 13150.8 13150.8 13150.8
-1 -1 1 -1 -1 1 0 0 0 0 0 7.96524e-10 -0 0 0 -0 0 0 0 0 0 0 0 0 0 0 0 0 0 1 13150.8 13150.8 13150.8 13150.8
-1 -1 1 -1 -1 1 0 0 0 0 0 -1.38764e-09 -0 0 0 -0 0 0 0 0 0 0 0 0 0 0 0 0 0 1 13150.8 13150.8 13150.8 13150.8
-1 -1 1 -1 -1 1 0 0 0 0 0 -3.57544e-09 -0 0 0 -0 0 0 0 0 0 0 0 0 0 0 0 0 0 1 13150.8 13150.8 13150.8 13150.8
-1 -1 1 -1 -1 1 0 0 0 0 0 1.52178e-09 -0 0 0 -0 0 0 0 0 0 0 0 0 0 0 0 0 0 1 13150.8 13150.8 13150.8 13150.8
-1 -1 1 -1 -1 1 0 0 0 0 0 -6.66251e-10 -0 0 0 -0 0 0 0 0 0 0 0 0 0 0 0 0 0 1 13150.8 13150.8 13150.8 13150.8
-1 -1 1 -1 -1 1 0 0 0 0 0 -2.85934e-09 -0 0 0 -0 0 0 0 0 0 0 0 0 0 0 0 0 0 1 13150.8 13150.8 13150.8 13150.8
-1 -1 1 -1 -1 1 0 0 0 0 0 2.25116e-09 -0 0 0 -0 0 0 0 0 0 0 0 0 0 0 0 0 0 1 13150.8 13150.8 13150.8 13150.8
-1 -1 1 -1 -1 1 0 0 0 0 0 6.61074e-11 -0 0 0 -0 0 0 0 0 0 0 0 0 0 0 0 0 0 1 13150.8 13150.8 13150.8 13150.8
-1 -1 1 -1 -1 1 0 0 0 0 0 -2.11916e-09 -0 0 0 -0 0 0 0 0 0 0 0 0 0 0 0 0 0 1 13150.8 13150.8 13150.8 13150.8
-1 -1 1 -1 -1 1 0 0 0 0 0 2.98581e-09 -0 0 0 -0 0 0 0 0 0 0 0 0 0 0 0 0 0 1 13150.8 13150.8 13150.8 13150.8
-1 -1 1 -1 -1 1 0 0 0 0 0 8.03719e-10 -0 0 0 -0 0 0 0 0 0 0 0 0 0 0 0 0 0 1 13150.8 13150.8 13150.8 13150.8
-1 -1 1 -1 -1 1 0 0 0 0 0 -1.38415e-09 -0 0 0 -0 0 0 0 0 0 0 0 0 0 0 0 0 0 1 13150.8 13150.8 13150.8 13150.8
-1 -1 1 -1 -1 1 0 0 0 0 0 -3.57834e-09 -0 0 0 -0 0 0 0 0 0 0 0 0 0 0 0 0 0 1 13150.8 13150.8 13150.8 13150.8
-1 -1 1 -1 -1 1 0 0 0 0 0 1.54275e-09 -0 0 0 -0 0 0 0 0 0 0 0 0 0 0 0 0 0 1 13150.8 13150.8 13150.8 13150.8
-1 -1 1 -1 -1 1 0 0 0 0 0 -6.47153e-10 -0 0 0 -0 0 0 0 0 0 0 0 0 0 0 0 0 0 1 13150.8 13150.8 13150.8 13150.8
-1 -1 1 -1 -1 1 0 0 0 0 0 -2.82953e-09 -0 0 0 -0 0 0 0 0 0 0 0 0 0 0 0 0 0 1 13150.8 13150.8 13150.8 13150.8
-1 -1 1 -1 -1 1 0 0 0 0 0 2.26782e-09 -0 0 0 -0 0 0 0 0 0 0 0 0 0 0 0 0 0 1 13150.8 13150.8 13150.8 13150.8
-1 -1 1 -1 -1 1 0 0 0 0 0 8.71485e-11 -0 0 0 -0 0 0 0 0 0 0 0 0 0 0 0 0 0 1 13150.8 13150.8 13150.8 13150.8
-1 -1 1 -1 -1 1 0 0 0 0 0 -2.10671e-09 -0 0 0 -0 0 0 0 0 0 0 0 0 0 0 0 0 0 1 13150.8 13150.8 13150.8 13150.8
-1 -1 1 -1 -1 1 0 0 0 0 0 2.979e-09 -0 0 0 -0 0 0 0 0 0 0 0 0 0 0 0 0 0 1 13150.8 13150.8 13150.8 13150.8
-1 -1 1 -1 -1 1 0 0 0 0 0 7.78067e-10 -0 0 0 -0 0 0 0 0 0 0 0 0 0 0 0 0 0 1 13150.8 13150.8 13150.8 13150.8
-1 -1 1 -1 -1 1 0 0 0 0 0 -1.40646e-09 -0 0 0 -0 0 0 0 0 0 0 0 0 0 0 0 0 0 1 13150.8 13150.8 13150.8 13150.8
-1 -1 1 -1 -1 1 0 0 0 0 0 -3.596e-09 -0 0 0 -0 0 0 0 0 0 0 0 0 0 0 0 0 0 1 13150.8 13150.8 13150.8 13150.8
-1 -1 1 -1 -1 1 0 0 0 0 0 1.49036e-09 -0 0 0 -0 0 0 0 0 0 0 0 0 0 0 0 0 0 1 13150.8 13150.8 13150.8 13150.8
-1 -1 1 -1 -1 1 0 0 0 0 0 -7.02906e-10 -0 0 0 -0 0 0 0 0 0 0 0 0 0 0 0 0 0 1 13150.8 13150.8 13150.8 13150.8
-1 -1 1 -1 -1 1 0 0 0 0 0 -2.8908e-09 -0 0 0 -0 0 0 0 0 0 0 0 0 0 0 0 0 0 1 13150.8 13150.8 13150.8 13150.8
-1 -1 1 -1 -1 1 0 0 0 0 0 2.21959e-09 -0 0 0 -0 0 0 0 0 0 0 0 0 0 0 0 0 0 1 13150.8 13150.8 13150.8 13150.8
-1 -1 1 -1 -1 1 0 0 0 0 0 1.64028e-11 -0 0 0 -0 0 0 0 0 0 0 0 0 0 0 0 0 0 1 13150.8 13150.8 13150.8 13150.8
-1 -1 1 -1 -1 1 0 0 0 0 0 -2.1567e-09 -0 0 0 -0 0 0 0 0 0 0 0 0 0 0 0 0 0 1 13150.8 13150.8 13150.8 13150.8
-1 -1 1 -1 -1 1 0 0 0 0 0 2.92397e-09 -0 0 0 -0 0 0 0 0 0 0 0 0 0 0 0 0 0 1 13150.8 13150.8 13150.8 13150.8
-1 -1 1 -1 -1 1 0 0 0 0 0 7.36053e-10 -0 0 0 -0 0 0 0 0 0 0 0 0 0 0 0 0 0 1 13150.8 13150.8 13150.8 13150.8
-1 -1 1 -1 -1 1 0 0 0 0 0 -1.46121e-09 -0 0 0 -0 0 0 0 0 0 0 0 0 0 0 0 0 0 1 13150.8 13150.8 13150.8 13150.8
-1 -1 1 -1 -1 1 0 0 0 0 0 3.64419e-09 -0 0 0 -0 0 0 0 0 0 0 0 0 0 0 0 0 0 1 13150.8 13150.8 13150.8 13150.8
-1 -1 1 -1 -1 1 0 0 0 0 0 1.4633e-09 -0 0 0 -0 0 0 0 0 0 0 0 0 0 0 0 0 0 1 13150.8 13150.8 13150.8 13150.8
-1 -1 1 -1 -1 1 0 0 0 0 0 -7.26239e-10 -0 0 0 -0 0 0 0 0 0 0 0 0 0 0 0 0 0 1 13150.8 13150.8 13150.8 13150.8
-1 -1 1 -1 -1 1 0 0 0 0 0 -2.91462e-09 -0 0 0 -0 0 0 0 0 0 0 0 0 0 0 0 0 0 1 13150.8 13150.8 13150.8 13150.8
-1 -1 1 -1 -1 1 0 0 0 0 0 2.17399e-09 -0 0 0 -0 0 0 0 0 0 0 0 0 0 0 0 0 0 1 13150.8 13150.8 13150.8 13150.8
-1 -1 1 -1 -1 1 0 0 0 0 0 -2.64048e-11 -0 0 0 -0 0 0 0 0 0 0 0 0 0 0 0 0 0 1 13150.8 13150.8 13150.8 13150.8
-1 -1 1 -1 -1 1 0 0 0 0 0 -2.21108e-09 -0 0 0 -0 0 0 0 0 0 0 0 0 0 0 0 0 0 1 13150.8 13150.8 13150.8 13150.8
-1 -1 1 -1 -1 1 0 0 0 0 0 2.87671e-09 -0 0 0 -0 0 0 0 0 0 0 0 0 0 0 0 0 0 1 13150.8 13150.8 13150.8 13150.8
-1 -1 1 -1 -1 1 0 0 0 0 0 6.78071e-10 -0 0 0 -0 0 0 0 0 0 0 0 0 0 0 0 0 0 1 13150.8 13150.8 13150.8 13150.8
-1 -1 1 -1 -1 1 0 0 0 0 0 -1.50787e-09 -0 0 0 -0 0 0 0 0 0 0 0 0 0 0 0 0 0 1 13150.8 13150.8 13150.8 13150.8
-1 -1 1 -1 -1 1 0 0 0 0 0 3.58441e-09 -0 0 0 -0 0 0 0 0 0 0 0 0 0 0 0 0 0 1 13150.8 13150.8 13150.8 13150.8
-1 -1 1 -1 -1 1 0 0 0 0 0 1.39036e-09 -0 0 0 -0 0 0 0 0 0 0 0 0 0 0 0 0 0 1 13150.8 13150.8 13150.8 13150.8
-1 -1 1 -1 -1 1 0 0 0 0 0 -7.97633e-10 -0 0 0 -0 0 0 0 0 0 0 0 0 0 0 0 0 0 1 13150.8 13150.8 13150.8 13150.8
-1 -1 1 -1 -1 1 0 0 0 0 0 -2.9865e-09 -0 0 0 -0 0 0 0 0 0 0 0 0 0 0 0 0 0 1 13150.8 13150.8 13150.8 13150.8
-1 -1 1 -1 -1 1 0 0 0 0 0 2.10959e-09 -0 0 0 -0 0 0 0 0 0 0 0 0 0 0 0 0 0 1 13150.8 13150.8 13150.8 13150.8
-1 -1 1 -1 -1 1 0 0 0 0 0 -8.06804e-11 -0 0 0 -0 0 0 0 0 0 0 0 0 0 0 0 0 0 1 13150.8 13150.8 13150.8 13150.8
-1 -1 1 -1 -1 1 0 0 0 0 0 -2.26446e-09 -0 0 0 -0 0 0 0 0 0 0 0 0 0 0 0 0 0 1 13150.8 13150.8 13150.8 13150.8
-1 -1 1 -1 -1 1 0 0 0 0 0 2.82527e-09 -0 0 0 -0 0 0 0 0 0 0 0 0 0 0 0 0 0 1 13150.8 13150.8 13150.8 13150.8
-1 -1 1 -1 -1 1 0 0 0 0 0 6.35961e-10 -0 0 0 -0 0 0 0 0 0 0 0 0 0 0 0 0 0 1 13150.8 13150.8 13150.8 13150.8
-1 -1 1 -1 -1 1 0 0 0 0 0 -1.56028e-09 -0 0 0 -0 0 0 0 0 0 0 0 0 0 0 0 0 0 1 13150.8 13150.8 13150.8 13150.8
-1 -1 1 -1 -1 1 0 0 0 0 0 3.53035e-09 -0 0 0 -0 0 0 0 0 0 0 0 0 0 0 0 0 0 1 13150.8 13150.8 13150.8 13150.8
-1 -1 1 -1 -1 1 0 0 0 0 0 1.33293e-09 -0 0 0 -0 0 0 0 0 0 0 0 0 0 0 0 0 0 1 13150.8 13150.8 13150.8 13150.8
-1 -1 1 -1 -1 1 0 0 0 0 0 -8.54387e-10 -0 0 0 -0 0 0 0 0 0 0 0 0 0 0 0 0 0 1 13150.8 13150.8 13150.8 13150.8
-1 -1 1 -1 -1 1 0 0 0 0 0 -3.03929e-09 -0 0 0 -0 0 0 0 0 0 0 0 0 0 0 0 0 0 1 13150.8 13150.8 13150.8 13150.8
-1 -1 1 -1 -1 1 0 0 0 0 0 2.04887e-09 -0 0 0 -0 0 0 0 0 0 0 0 0 0 0 0 0 0 1 13150.8 13150.8 13150.8 13150.8
-1 -1 1 -1 -1 1 0 0 0 0 0 -1.4281e-10 -0 0 0 -0 0 0 0 0 0 0 0 0 0 0 0 0 0 1 13150.8 13150.8 13150.8 13150.8
-1 -1 1 -1 -1 1 0 0 0 0 0 -2.33054e-09 -0 0 0 -0 0 0 0 0 0 0 0 0 0 0 0 0 0 1 13150.8 13150.8 13150.8 13150.8
-1 -1 1 -1 -1 1 0 0 0 0 0 2.76222e-09 -0 0 0 -0 0 0 0 0 0 0 0 0 0 0 0 0 0 1 13150.8 13150.8 13150.8 13150.8
-1 -1 1 -1 -1 1 0 0 0 0 0 5.61016e-10 -0 0 0 -0 0 0 0 0 0 0 0 0 0 0 0 0 0 1 13150.8 13150.8 13150.8 13150.8
-1 -1 1 -1 -1 1 0 0 0 0 0 -1.62273e-09 -0 0 0 -0 0 0 0 0 0 0 0 0 0 0 0 0 0 1 13150.8 13150.8 13150.8 13150.8
-1 -1 1 -1 -1 1 0 0 0 0 0 3.47306e-09 -0 0 0 -0 0 0 0 0 0 0 0 0 0 0 0 0 0 1 13150.8 13150.8 13150.8 13150.8
-1 -1 1 -1 -1 1 0 0 0 0 0 1.28625e-09 -0 0 0 -0 0 0 0 0 0 0 0 0 0 0 0 0 0 1 13150.8 13150.8 13150.8 13150.8
-1 -1 1 -1 -1 1 0 0 0 0 0 -9.06741e-10 -0 0 0 -0 0 0 0 0 0 0 0 0 0 0 0 0 0 1 13150.8 13150.8 13150.8 13150.8
-1 -1 1 -1 -1 1 0 0 0 0 0 -3.09799e-09 -0 0 0 -0 0 0 0 0 0 0 0 0 0 0 0 0 0 1 13150.8 13150.8 13150.8 13150.8
-1 -1 1 -1 -1 1 0 0 0 0 0 1.98501e-09 -0 0 0 -0 0 0 0 0 0 0 0 0 0 0 0 0 0 1 13150.8 13150.8 13150.8 13150.8
-1 -1 1 -1 -1 1 0 0 0 0 0 -2.20557e-10 -0 0 0 -0 0 0 0 0 0 0 0 0 0 0 0 0 0 1 13150.8 13150.8 13150.8 13150.8
-1 -1 1 -1 -1 1 0 0 0 0 0 -2.39569e-09 -0 0 0 -0 0 0 0 0 0 0 0 0 0 0 0 0 0 1 13150.8 13150.8 13150.8 13150.8
-1 -1 1 -1 -1 1 0 0 0 0 0 2.69623e-09 -0 0 0 -0 0 0 0 0 0 0 0 0 0 0 0 0 0 1 13150.8 13150.8 13150.8 13150.8
-1 -1 1 -1 -1 1 0 0 0 0 0 4.9764e-10 -0 0 0 -0 0 0 0 0 0 0 0 0 0 0 0 0 0 1 13150.8 13150.8 13150.8 13150.8
-1 -1 1 -1 -1 1 0 0 0 0 0 -1.67922e-09 -0 0 0 -0 0 0 0 0 0 0 0 0 0 0 0 0 0 1 13150.8 13150.8 13150.8 13150.8
-1 -1 1 -1 -1 1 0 0 0 0 0 3.44363e-09 -0 0 0 -0 0 0 0 0 0 0 0 0 0 0 0 0 0 1 13150.8 13150.8 13150.8 13150.8
-1 -1 1 -1 -1 1 0 0 0 0 0 1.2556e-09 -0 0 0 -0 0 0 0 0 0 0 0 0 0 0 0 0 0 1 13150.8 13150.8 13150.8 13150.8
-1 -1 1 -1 -1 1 0 0 0 0 0 -9.33999e-10 -0 0 0 -0 0 0 0 0 0 0 0 0 0 0 0 0 0 1 13150.8 13150.8 13150.8 13150.8
-1 -1 1 -1 -1 1 0 0 0 0 0 -3.12635e-09 -0 0 0 -0 0 0 0 0 0 0 0 0 0 0 0 0 0 1 13150.8 13150.8 13150.8 13150.8
-1 -1 1 -1 -1 1 0 0 0 0 0 1.95434e-09 -0 0 0 -0 0 0 0 0 0 0 0 0 0 0 0 0 0 1 13150.8 13150.8 13150.8 13150.8
-1 -1 1 -1 -1 1 0 0 0 0 0 -2.34922e-10 -0 0 0 -0 0 0 0 0 0 0 0 0 0 0 0 0 0 1 13150.8 13150.8 13150.8 13150.8
-1 -1 1 -1 -1 1 0 0 0 0 0 -2.4208e-09 -0 0 0 -0 0 0 0 0 0 0 0 0 0 0 0 0 0 1 13150.8 13150.8 13150.8 13150.8
-1 -1 1 -1 -1 1 0 0 0 0 0 2.67019e-09 -0 0 0 -0 0 0 0 0 0 0 0 0 0 0 0 0 0 1 13150.8 13150.8 13150.8 13150.8
-1 -1 1 -1 -1 1 0 0 0 0 0 4.80965e-10 -0 0 0 -0 0 0 0 0 0 0 0 0 0 0 0 0 0 1 13150.8 13150.8 13150.8 13150.8
-1 -1 1 -1 -1 1 0 0 0 0 0 -1.71951e-09 -0 0 0 -0 0 0 0 0 0 0 0 0 0 0 0 0 0 1 13150.8 13150.8 13150.8 13150.8
-1 -1 1 -1 -1 1 0 0 0 0 0 3.37783e-09 -0 0 0 -0 0 0 0 0 0 0 0 0 0 0 0 0 0 1 13150.8 13150.8 13150.8 13150.8
-1 -1 1 -1 -1 1 0 0 0 0 0 1.18344e-09 -0 0 0 -0 0 0 0 0 0 0 0 0 0 0 0 0 0 1 13150.8 13150.8 13150.8 13150.8
-1 -1 1 -1 -1 1 0 0 0 0 0 -1.0046e-09 -0 0 0 -0 0 0 0 0 0 0 0 0 0 0 0 0 0 1 13150.8 13150.8 13150.8 13150.8
-1 -1 1 -1 -1 1 0 0 0 0 0 -3.18218e-09 -0 0 0 -0 0 0 0 0 0 0 0 0 0 0 0 0 0 1 13150.8 13150.8 13150.8 13150.8
-1 -1 1 -1 -1 1 0 0 0 0 0 1.91474e-09 -0 0 0 -0 0 0 0 0 0 0 0 0 0 0 0 0 0 1 13150.8 13150.8 13150.8 13150.8
-1 -1 1 -1 -1 1 0 0 0 0 0 -2.77055e-10 -0 0 0 -0 0 0 0 0 0 0 0 0 0 0 0 0 0 1 13150.8 13150.8 13150.8 13150.8
-1 -1 1 -1 -1 1 0 0 0 0 0 -2.47471e-09 -0 0 0 -0 0 0 0 0 0 0 0 0 0 0 0 0 0 1 13150.8 13150.8 13150.8 13150.8
-1 -1 1 -1 -1 1 0 0 0 0 0 2.60126e-09 -0 0 0 -0 0 0 0 0 0 0 0 0 0 0 0 0 0 1 13150.8 13150.8 13150.8 13150.8
-1 -1 1 -1 -1 1 0 0 0 0 0 4.15927e-10 -0 0 0 -0 0 0 0 0 0 0 0 0 0 0 0 0 0 1 13150.8 13150.8 13150.8 13150.8
-1 -1 1 -1 -1 1 0 0 0 0 0 -1.77188e-09 -0 0 0 -0 0 0 0 0 0 0 0 0 0 0 0 0 0 1 13150.8 13150.8 13150.8 13150.8
-1 -1 1 -1 -1 1 0 0 0 0 0 3.32928e-09 -0 0 0 -0 0 0 0 0 0 0 0 0 0 0 0 0 0 1 13150.8 13150.8 13150.8 13150.8
-1 -1 1 -1 -1 1 0 0 0 0 0 1.12691e-09 -0 0 0 -0 0 0 0 0 0 0 0 0 0 0 0 0 0 1 13150.8 13150.8 13150.8 13150.8
-1 -1 1 -1 -1 1 0 0 0 0 0 -1.05142e-09 -0 0 0 -0 0 0 0 0 0 0 0 0 0 0 0 0 0 1 13150.8 13150.8 13150.8 13150.8
-1 -1 1 -1 -1 1 0 0 0 0 0 -3.24221e-09 -0 0 0 -0 0 0 0 0 0 0 0 0 0 0 0 0 0 1 13150.8 13150.8 13150.8 13150.8
-1 -1 1 -1 -1 1 0 0 0 0 0 1.84281e-09 -0 0 0 -0 0 0 0 0 0 0 0 0 0 0 0 0 0 1 13150.8 13150.8 13150.8 13150.8
-1 -1 1 -1 -1 1 0 0 0 0 0 -3.54845e-10 -0 0 0 -0 0 0 0 0 0 0 0 0 0 0 0 0 0 1 13150.8 13150.8 13150.8 13150.8
-1 -1 1 -1 -1 1 0 0 0 0 0 -2.53881e-09 -0 0 0 -0 0 0 0 0 0 0 0 0 0 0 0 0 0 1 13150.8 13150.8 13150.8 13150.8
-1 -1 1 -1 -1 1 0 0 0 0 0 2.5554e-09 -0 0 0 -0 0 0 0 0 0 0 0 0 0 0 0 0 0 1 13150.8 13150.8 13150.8 13150.8
-1 -1 1 -1 -1 1 0 0 0 0 0 3.67336e-10 -0 0 0 -0 0 0 0 0 0 0 0 0 0 0 0 0 0 1 13150.8 13150.8 13150.8 13150.8
-1 -1 1 -1 -1 1 0 0 0 0 0 -1.83041e-09 -0 0 0 -0 0 0 0 0 0 0 0 0 0 0 0 0 0 1 13150.8 13150.8 13150.8 13150.8
-1 -1 1 -1 -1 1 0 0 0 0 0 3.2614e-09 -0 0 0 -0 0 0 0 0 0 0 0 0 0 0 0 0 0 1 13150.8 13150.8 13150.8 13150.8
-1 -1 1 -1 -1 1 0 0 0 0 0 1.07434e-09 -0 0 0 -0 0 0 0 0 0 0 0 0 0 0 0 0 0 1 13150.8 13150.8 13150.8 13150.8
-1 -1 1 -1 -1 1 0 0 0 0 0 -1.11393e-09 -0 0 0 -0 0 0 0 0 0 0 0 0 0 0 0 0 0 1 13150.8 13150.8 13150.8 13150.8
-1 -1 1 -1 -1 1 0 0 0 0 0 -3.3077e-09 -0 0 0 -0 0 0 0 0 0 0 0 0 0 0 0 0 0 1 13150.8 13150.8 13150.8 13150.8
-1 -1 1 -1 -1 1 0 0 0 0 0 1.77792e-09 -0 0 0 -0 0 0 0 0 0 0 0 0 0 0 0 0 0 1 13150.8 13150.8 13150.8 13150.8
-1 -1 1 -1 -1 1 0 0 0 0 0 -4.13274e-10 -0 0 0 -0 0 0 0 0 0 0 0 0 0 0 0 0 0 1 13150.8 13150.8 13150.8 13150.8
-1 -1 1 -1 -1 1 0 0 0 0 0 -2.60321e-09 -0 0 0 -0 0 0 0 0 0 0 0 0 0 0 0 0 0 1 13150.8 13150.8 13150.8 13150.8
-1 -1 1 -1 -1 1 0 0 0 0 0 2.44696e-09 -0 0 0 -0 0 0 0 0 0 0 0 0 0 0 0 0 0 1 13150.8 13150.8 13150.8 13150.8
-1 -1 1 -1 -1 1 0 0 0 0 0 2.43392e-10 -0 0 0 -0 0 0 0 0 0 0 0 0 0 0 0 0 0 1 13150.8 13150.8 13150.8 13150.8
-1 -1 1 -1 -1 1 0 0 0 0 0 -1.9521e-09 -0 0 0 -0 0 0 0 0 0 0 0 0 0 0 0 0 0 1 13150.8 13150.8 13150.8 13150.8
-1 -1 1 -1 -1 1 0 0 0 0 0 3.14673e-09 -0 0 0 -0 0 0 0 0 0 0 0 0 0 0 0 0 0 1 13150.8 13150.8 13150.8 13150.8
-1 -1 1 -1 -1 1 0 0 0 0 0 9.60733e-10 -0 0 0 -0 0 0 0 0 0 0 0 0 0 0 0 0 0 1 13150.8 13150.8 13150.8 13150.8
-1 -1 1 -1 -1 1 0 0 0 0 0 -1.23568e-09 -0 0 0 -0 0 0 0 0 0 0 0 0 0 0 0 0 0 1 13150.8 13150.8 13150.8 13150.8
-1 -1 1 -1 -1 1 0 0 0 0 0 -3.41648e-09 -0 0 0 -0 0 0 0 0 0 0 0 0 0 0 0 0 0 1 13150.8 13150.8 13150.8 13150.8
-1 -1 1 -1 -1 1 0 0 0 0 0 1.67539e-09 -0 0 0 -0 0 0 0 0 0 0 0 0 0 0 0 0 0 1 13150.8 13150.8 13150.8 13150.8
-1 -1 1 -1 -1 1 0 0 0 0 0 -5.34036e-10 -0 0 0 -0 0 0 0 0 0 0 0 0 0 0 0 0 0 1 13150.8 13150.8 13150.8 13150.8
-1 -1 1 -1 -1 1 0 0 0 0 0 -2.71144e-09 -0 0 0 -0 0 0 0 0 0 0 0 0 0 0 0 0 0 1 13150.8 13150.8 13150.8 13150.8
-1 -1 1 -1 -1 1 0 0 0 0 0 2.37385e-09 -0 0 0 -0 0 0 0 0 0 0 0 0 0 0 0 0 0 1 13150.8 13150.8 13150.8 13150.8
-1 -1 1 -1 -1 1 0 0 0 0 0 1.79564e-10 -0 0 0 -0 0 0 0 0 0 0 0 0 0 0 0 0 0 1 13150.8 13150.8 13150.8 13150.8
-1 -1 1 -1 -1 1 0 0 0 0 0 -2.01626e-09 -0 0 0 -0 0 0 0 0 0 0 0 0 0 0 0 0 0 1 13150.8 13150.8 13150.8 13150.8
-1 -1 1 -1 -1 1 0 0 0 0 0 3.05855e-09 -0 0 0 -0 0 0 0 0 0 0 0 0 0 0 0 0 0 1 13150.8 13150.8 13150.8 13150.8
-1 -1 1 -1 -1 1 0 0 0 0 0 8.61906e-10 -0 0 0 -0 0 0 0 0 0 0 0 0 0 0 0 0 0 1 13150.8 13150.8 13150.8 13150.8
-1 -1 1 -1 -1 1 0 0 0 0 0 -1.32166e-09 -0 0 0 -0 0 0 0 0 0 0 0 0 0 0 0 0 0 1 13150.8 13150.8 13150.8 13150.8
-1 -1 1 -1 -1 1 0 0 0 0 0 -3.50845e-09 -0 0 0 -0 0 0 0 0 0 0 0 0 0 0 0 0 0 1 13150.8 13150.8 13150.8 13150.8
-1 -1 1 -1 -1 1 0 0 0 0 0 1.58779e-09 -0 0 0 -0 0 0 0 0 0 0 0 0 0 0 0 0 0 1 13150.8 13150.8 13150.8 13150.8
-1 -1 1 -1 -1 1 0 0 0 0 0 -6.10082e-10 -0 0 0 -0 0 0 0 0 0 0 0 0 0 0 0 0 0 1 13150.8 13150.8 13150.8 13150.8
-1 -1 1 -1 -1 1 0 0 0 0 0 -2.7919e-09 -0 0 0 -0 0 0 0 0 0 0 0 0 0 0 0 0 0 1 13150.8 13150.8 13150.8 13150.8
-1 -1 1 -1 -1 1 0 0 0 0 0 2.29493e-09 -0 0 0 -0 0 0 0 0 0 0 0 0 0 0 0 0 0 1 13150.8 13150.8 13150.8 13150.8
-1 -1 1 -1 -1 1 0 0 0 0 0 1.05938e-10 -0 0 0 -0 0 0 0 0 0 0 0 0 0 0 0 0 0 1 13150.8 13150.8 13150.8 13150.8
-1 -1 1 -1 -1 1 0 0 0 0 0 -2.08479e-09 -0 0 0 -0 0 0 0 0 0 0 0 0 0 0 0 0 0 1 13150.8 13150.8 13150.8 13150.8
-1 -1 1 -1 -1 1 0 0 0 0 0 3.01995e-09 -0 0 0 -0 0 0 0 0 0 0 0 0 0 0 0 0 0 1 13150.8 13150.8 13150.8 13150.8
-1 -1 1 -1 -1 1 0 0 0 0 0 8.34802e-10 -0 0 0 -0 0 0 0 0 0 0 0 0 0 0 0 0 0 1 13150.8 13150.8 13150.8 13150.8
-1 -1 1 -1 -1 1 0 0 0 0 0 -1.3564e-09 -0 0 0 -0 0 0 0 0 0 0 0 0 0 0 0 0 0 1 13150.8 13150.8 13150.8 13150.8
-1 -1 1 -1 -1 1 0 0 0 0 0 -3.54546e-09 -0 0 0 -0 0 0 0 0 0 0 0 0 0 0 0 0 0 1 13150.8 13150.8 13150.8 13150.8
-1 -1 1 -1 -1 1 0 0 0 0 0 1.56372e-09 -0 0 0 -0 0 0 0 0 0 0 0 0 0 0 0 0 0 1 13150.8 13150.8 13150.8 13150.8
-1 -1 1 -1 -1 1 0 0 0 0 0 -6.18644e-10 -0 0 0 -0 0 0 0 0 0 0 0 0 0 0 0 0 0 1 13150.8 13150.8 13150.8 13150.8
-1 -1 1 -1 -1 1 0 0 0 0 0 -2.80796e-09 -0 0 0 -0 0 0 0 0 0 0 0 0 0 0 0 0 0 1 13150.8 13150.8 13150.8 13150.8
-1 -1 1 -1 -1 1 0 0 0 0 0 2.28716e-09 -0 0 0 -0 0 0 0 0 0 0 0 0 0 0 0 0 0 1 13150.8 13150.8 13150.8 13150.8
-1 -1 1 -1 -1 1 0 0 0 0 0 9.11677e-11 -0 0 0 -0 0 0 0 0 0 0 0 0 0 0 0 0 0 1 13150.8 13150.8 13150.8 13150.8
-1 -1 1 -1 -1 1 0 0 0 0 0 -2.09745e-09 -0 0 0 -0 0 0 0 0 0 0 0 0 0 0 0 0 0 1 13150.8 13150.8 13150.8 13150.8
-1 -1 1 -1 -1 1 0 0 0 0 0 3.01012e-09 -0 0 0 -0 0 0 0 0 0 0 0 0 0 0 0 0 0 1 13150.8 13150.8 13150.8 13150.8
-1 -1 1 -1 -1 1 0 0 0 0 0 8.18663e-10 -0 0 0 -0 0 0 0 0 0 0 0 0 0 0 0 0 0 1 13150.8 13150.8 13150.8 13150.8
-1 -1 1 -1 -1 1 0 0 0 0 0 -1.37036e-09 -0 0 0 -0 0 0 0 0 0 0 0 0 0 0 0 0 0 1 13150.8 13150.8 13150.8 13150.8
-1 -1 1 -1 -1 1 0 0 0 0 0 -3.56138e-09 -0 0 0 -0 0 0 0 0 0 0 0 0 0 0 0 0 0 1 13150.8 13150.8 13150.8 13150.8
-1 -1 1 -1 -1 1 0 0 0 0 0 1.5202e-09 -0 0 0 -0 0 0 0 0 0 0 0 0 0 0 0 0 0 1 13150.8 13150.8 13150.8 13150.8
-1 -1 1 -1 -1 1 0 0 0 0 0 -6.7487e-10 -0 0 0 -0 0 0 0 0 0 0 0 0 0 0 0 0 0 1 13150.8 13150.8 13150.8 13150.8
-1 -1 1 -1 -1 1 0 0 0 0 0 -2.86672e-09 -0 0 0 -0 0 0 0 0 0 0 0 0 0 0 0 0 0 1 13150.8 13150.8 13150.8 13150.8
-1 -1 1 -1 -1 1 0 0 0 0 0 2.22787e-09 -0 0 0 -0 0 0 0 0 0 0 0 0 0 0 0 0 0 1 13150.8 13150.8 13150.8 13150.8
-1 -1 1 -1 -1 1 0 0 0 0 0 4.37012e-11 -0 0 0 -0 0 0 0 0 0 0 0 0 0 0 0 0 0 1 13150.8 13150.8 13150.8 13150.8
-1 -1 1 -1 -1 1 0 0 0 0 0 -2.13626e-09 -0 0 0 -0 0 0 0 0 0 0 0 0 0 0 0 0 0 1 13150.8 13150.8 13150.8 13150.8
-1 -1 1 -1 -1 1 0 0 0 0 0 2.9664e-09 -0 0 0 -0 0 0 0 0 0 0 0 0 0 0 0 0 0 1 13150.8 13150.8 13150.8 13150.8
-1 -1 1 -1 -1 1 0 0 0 0 0 7.62235e-10 -0 0 0 -0 0 0 0 0 0 0 0 0 0 0 0 0 0 1 13150.8 13150.8 13150.8 13150.8
-1 -1 1 -1 -1 1 0 0 0 0 0 -1.41856e-09 -0 0 0 -0 0 0 0 0 0 0 0 0 0 0 0 0 0 1 13150.8 13150.8 13150.8 13150.8
-1 -1 1 -1 -1 1 0 0 0 0 0 -3.60995e-09 -0 0 0 -0 0 0 0 0 0 0 0 0 0 0 0 0 0 1 13150.8 13150.8 13150.8 13150.8
-1 -1 1 -1 -1 1 0 0 0 0 0 1.49309e-09 -0 0 0 -0 0 0 0 0 0 0 0 0 0 0 0 0 0 1 13150.8 13150.8 13150.8 13150.8
-1 -1 1 -1 -1 1 0 0 0 0 0 -6.98976e-10 -0 0 0 -0 0 0 0 0 0 0 0 0 0 0 0 0 0 1 13150.8 13150.8 13150.8 13150.8
-1 -1 1 -1 -1 1 0 0 0 0 0 -2.88819e-09 -0 0 0 -0 0 0 0 0 0 0 0 0 0 0 0 0 0 1 13150.8 13150.8 13150.8 13150.8
-1 -1 1 -1 -1 1 0 0 0 0 0 2.18931e-09 -0 0 0 -0 0 0 0 0 0 0 0 0 0 0 0 0 0 1 13150.8 13150.8 13150.8 13150.8
-1 -1 1 -1 -1 1 0 0 0 0 0 1.7093e-12 -0 0 0 -0 0 0 0 0 0 0 0 0 0 0 0 0 0 1 13150.8 13150.8 13150.8 13150.8
-1 -1 1 -1 -1 1 0 0 0 0 0 -2.18668e-09 -0 0 0 -0 0 0 0 0 0 0 0 0 0 0 0 0 0 1 13150.8 13150.8 13150.8 13150.8
-1 -1 1 -1 -1 1 0 0 0 0 0 2.92429e-09 -0 0 0 -0 0 0 0 0 0 0 0 0 0 0 0 0 0 1 13150.8 13150.8 13150.8 13150.8
-1 -1 1 -1 -1 1 0 0 0 0 0 7.36491e-10 -0 0 0 -0 0 0 0 0 0 0 0 0 0 0 0 0 0 1 13150.8 13150.8 13150.8 13150.8
-1 -1 1 -1 -1 1 0 0 0 0 0 -1.45365e-09 -0 0 0 -0 0 0 0 0 0 0 0 0 0 0 0 0 0 1 13150.8 13150.8 13150.8 13150.8
-1 -1 1 -1 -1 1 0 0 0 0 0 3.64915e-09 -0 0 0 -0 0 0 0 0 0 0 0 0 0 0 0 0 0 1 13150.8 13150.8 13150.8 13150.8
-1 -1 1 -1 -1 1 0 0 0 0 0 1.45393e-09 -0 0 0 -0 0 0 0 0 0 0 0 0 0 0 0 0 0 1 13150.8 13150.8 13150.8 13150.8
-1 -1 1 -1 -1 1 0 0 0 0 0 -7.26167e-10 -0 0 0 -0 0 0 0 0 0 0 0 0 0 0 0 0 0 1 13150.8 13150.8 13150.8 13150.8
-1 -1 1 -1 -1 1 0 0 0 0 0 -2.91892e-09 -0 0 0 -0 0 0 0 0 0 0 0 0 0 0 0 0 0 1 13150.8 13150.8 13150.8 13150.8
-1 -1 1 -1 -1 1 0 0 0 0 0 2.15745e-09 -0 0 0 -0 0 0 0 0 0 0 0 0 0 0 0 0 0 1 13150.8 13150.8 13150.8 13150.8
-1 -1 1 -1 -1 1 0 0 0 0 0 -3.62783e-11 -0 0 0 -0 0 0 0 0 0 0 0 0 0 0 0 0 0 1 13150.8 13150.8 13150.8 13150.8
-1 -1 1 -1 -1 1 0 0 0 0 0 -2.22588e-09 -0 0 0 -0 0 0 0 0 0 0 0 0 0 0 0 0 0 1 13150.8 13150.8 13150.8 13150.8
-1 -1 1 -1 -1 1 0 0 0 0 0 2.86659e-09 -0 0 0 -0 0 0 0 0 0 0 0 0 0 0 0 0 0 1 13150.8 13150.8 13150.8 13150.8
-1 -1 1 -1 -1 1 0 0 0 0 0 6.72683e-10 -0 0 0 -0 0 0 0 0 0 0 0 0 0 0 0 0 0 1 13150.8 13150.8 13150.8 13150.8
-1 -1 1 -1 -1 1 0 0 0 0 0 -1.50948e-09 -0 0 0 -0 0 0 0 0 0 0 0 0 0 0 0 0 0 1 13150.8 13150.8 13150.8 13150.8
-1 -1 1 -1 -1 1 0 0 0 0 0 3.58553e-09 -0 0 0 -0 0 0 0 0 0 0 0 0 0 0 0 0 0 1 13150.8 13150.8 13150.8 13150.8
-1 -1 1 -1 -1 1 0 0 0 0 0 1.3987e-09 -0 0 0 -0 0 0 0 0 0 0 0 0 0 0 0 0 0 1 13150.8 13150.8 13150.8 13150.8
-1 -1 1 -1 -1 1 0 0 0 0 0 -7.8956e-10 -0 0 0 -0 0 0 0 0 0 0 0 0 0 0 0 0 0 1 13150.8 13150.8 13150.8 13150.8
-1 -1 1 -1 -1 1 0 0 0 0 0 -2.9853e-09 -0 0 0 -0 0 0 0 0 0 0 0 0 0 0 0 0 0 1 13150.8 13150.8 13150.8 13150.8
-1 -1 1 -1 -1 1 0 0 0 0 0 2.10112e-09 -0 0 0 -0 0 0 0 0 0 0 0 0 0 0 0 0 0 1 13150.8 13150.8 13150.8 13150.8
-1 -1 1 -1 -1 1 0 0 0 0 0 -8.74248e-11 -0 0 0 -0 0 0 0 0 0 0 0 0 0 0 0 0 0 1 13150.8 13150.8 13150.8 13150.8
-1 -1 1 -1 -1 1 0 0 0 0 0 -2.27967e-09 -0 0 0 -0 0 0 0 0 0 0 0 0 0 0 0 0 0 1 13150.8 13150.8 13150.8 13150.8
-1 -1 1 -1 -1 1 0 0 0 0 0 2.8282e-09 -0 0 0 -0 0 0 0 0 0 0 0 0 0 0 0 0 0 1 13150.8 13150.8 13150.8 13150.8
-1 -1 1 -1 -1 1 0 0 0 0 0 6.37264e-10 -0 0 0 -0 0 0 0 0 0 0 0 0 0 0 0 0 0 1 13150.8 13150.8 13150.8 13150.8
-1 -1 1 -1 -1 1 0 0 0 0 0 -1.55405e-09 -0 0 0 -0 0 0 0 0 0 0 0 0 0 0 0 0 0 1 13150.8 13150.8 13150.8 13150.8
-1 -1 1 -1 -1 1 0 0 0 0 0 3.52977e-09 -0 0 0 -0 0 0 0 0 0 0 0 0 0 0 0 0 0 1 13150.8 13150.8 13150.8 13150.8
-1 -1 1 -1 -1 1 0 0 0 0 0 1.32615e-09 -0 0 0 -0 0 0 0 0 0 0 0 0 0 0 0 0 0 1 13150.8 13150.8 13150.8 13150.8
-1 -1 1 -1 -1 1 0 0 0 0 0 -8.49764e-10 -0 0 0 -0 0 0 0 0 0 0 0 0 0 0 0 0 0 1 13150.8 13150.8 13150.8 13150.8
-1 -1 1 -1 -1 1 0 0 0 0 0 -3.0443e-09 -0 0 0 -0 0 0 0 0 0 0 0 0 0 0 0 0 0 1 13150.8 13150.8 13150.8 13150.8
-1 -1 1 -1 -1 1 0 0 0 0 0 2.03425e-09 -0 0 0 -0 0 0 0 0 0 0 0 0 0 0 0 0 0 1 13150.8 13150.8 13150.8 13150.8
-1 -1 1 -1 -1 1 0 0 0 0 0 -1.60722e-10 -0 0 0 -0 0 0 0 0 0 0 0 0 0 0 0 0 0 1 13150.8 13150.8 13150.8 13150.8
-1 -1 1 -1 -1 1 0 0 0 0 0 -2.34401e-09 -0 0 0 -0 0 0 0 0 0 0 0 0 0 0 0 0 0 1 13150.8 13150.8 13150.8 13150.8
-1 -1 1 -1 -1 1 0 0 0 0 0 2.78768e-09 -0 0 0 -0 0 0 0 0 0 0 0 0 0 0 0 0 0 1 13150.8 13150.8 13150.8 13150.8
-1 -1 1 -1 -1 1 0 0 0 0 0 6.02933e-10 -0 0 0 -0 0 0 0 0 0 0 0 0 0 0 0 0 0 1 13150.8 13150.8 13150.8 13150.8
-1 -1 1 -1 -1 1 0 0 0 0 0 -1.58047e-09 -0 0 0 -0 0 0 0 0 0 0 0 0 0 0 0 0 0 1 13150.8 13150.8 13150.8 13150.8
-1 -1 1 -1 -1 1 0 0 0 0 0 3.5119e-09 -0 0 0 -0 0 0 0 0 0 0 0 0 0 0 0 0 0 1 13150.8 13150.8 13150.8 13150.8
-1 -1 1 -1 -1 1 0 0 0 0 0 1.31771e-09 -0 0 0 -0 0 0 0 0 0 0 0 0 0 0 0 0 0 1 13150.8 13150.8 13150.8 13150.8
-1 -1 1 -1 -1 1 0 0 0 0 0 -8.65528e-10 -0 0 0 -0 0 0 0 0 0 0 0 0 0 0 0 0 0 1 13150.8 13150.8 13150.8 13150.8
-1 -1 1 -1 -1 1 0 0 0 0 0 -3.05225e-09 -0 0 0 -0 0 0 0 0 0 0 0 0 0 0 0 0 0 1 13150.8 13150.8 13150.8 13150.8
-1 -1 1 -1 -1 1 0 0 0 0 0 2.03963e-09 -0 0 0 -0 0 0 0 0 0 0 0 0 0 0 0 0 0 1 13150.8 13150.8 13150.8 13150.8
-1 -1 1 -1 -1 1 0 0 0 0 0 -1.62536e-10 -0 0 0 -0 0 0 0 0 0 0 0 0 0 0 0 0 0 1 13150.8 13150.8 13150.8 13150.8
-1 -1 1 -1 -1 1 0 0 0 0 0 -2.34803e-09 -0 0 0 -0 0 0 0 0 0 0 0 0 0 0 0 0 0 1 13150.8 13150.8 13150.8 13150.8
-1 -1 1 -1 -1 1 0 0 0 0 0 2.73892e-09 -0 0 0 -0 0 0 0 0 0 0 0 0 0 0 0 0 0 1 13150.8 13150.8 13150.8 13150.8
-1 -1 1 -1 -1 1 0 0 0 0 0 5.50851e-10 -0 0 0 -0 0 0 0 0 0 0 0 0 0 0 0 0 0 1 13150.8 13150.8 13150.8 13150.8
-1 -1 1 -1 -1 1 0 0 0 0 0 -1.64083e-09 -0 0 0 -0 0 0 0 0 0 0 0 0 0 0 0 0 0 1 13150.8 13150.8 13150.8 13150.8
-1 -1 1 -1 -1 1 0 0 0 0 0 3.45681e-09 -0 0 0 -0 0 0 0 0 0 0 0 0 0 0 0 0 0 1 13150.8 13150.8 13150.8 13150.8
-1 -1 1 -1 -1 1 0 0 0 0 0 1.26403e-09 -0 0 0 -0 0 0 0 0 0 0 0 0 0 0 0 0 0 1 13150.8 13150.8 13150.8 13150.8
-1 -1 1 -1 -1 1 0 0 0 0 0 -9.33741e-10 -0 0 0 -0 0 0 0 0 0 0 0 0 0 0 0 0 0 1 13150.8 13150.8 13150.8 13150.8
-1 -1 1 -1 -1 1 0 0 0 0 0 -3.11108e-09 -0 0 0 -0 0 0 0 0 0 0 0 0 0 0 0 0 0 1 13150.8 13150.8 13150.8 13150.8
-1 -1 1 -1 -1 1 0 0 0 0 0 1.98023e-09 -0 0 0 -0 0 0 0 0 0 0 0 0 0 0 0 0 0 1 13150.8 13150.8 13150.8 13150.8
-1 -1 1 -1 -1 1 0 0 0 0 0 -2.12903e-10 -0 0 0 -0 0 0 0 0 0 0 0 0 0 0 0 0 0 1 13150.8 13150.8 13150.8 13150.8
-1 -1 1 -1 -1 1 0 0 0 0 0 -2.40436e-09 -0 0 0 -0 0 0 0 0 0 0 0 0 0 0 0 0 0 1 13150.8 13150.8 13150.8 13150.8
-1 -1 1 -1 -1 1 0 0 0 0 0 2.67436e-09 -0 0 0 -0 0 0 0 0 0 0 0 0 0 0 0 0 0 1 13150.8 13150.8 13150.8 13150.8
-1 -1 1 -1 -1 1 0 0 0 0 0 4.86134e-10 -0 0 0 -0 0 0 0 0 0 0 0 0 0 0 0 0 0 1 13150.8 13150.8 13150.8 13150.8
-1 -1 1 -1 -1 1 0 0 0 0 0 -1.71056e-09 -0 0 0 -0 0 0 0 0 0 0 0 0 0 0 0 0 0 1 13150.8 13150.8 13150.8 13150.8
-1 -1 1 -1 -1 1 0 0 0 0 0 3.38517e-09 -0 0 0 -0 0 0 0 0 0 0 0 0 0 0 0 0 0 1 13150.8 13150.8 13150.8 13150.8
-1 -1 1 -1 -1 1 0 0 0 0 0 1.20128e-09 -0 0 0 -0 0 0 0 0 0 0 0 0 0 0 0 0 0 1 13150.8 13150.8 13150.8 13150.8
-1 -1 1 -1 -1 1 0 0 0 0 0 -9.86169e-10 -0 0 0 -0 0 0 0 0 0 0 0 0 0 0 0 0 0 1 13150.8 13150.8 13150.8 13150.8
-1 -1 1 -1 -1 1 0 0 0 0 0 -3.1786e-09 -0 0 0 -0 0 0 0 0 0 0 0 0 0 0 0 0 0 1 13150.8 13150.8 13150.8 13150.8
-1 -1 1 -1 -1 1 0 0 0 0 0 1.91037e-09 -0 0 0 -0 0 0 0 0 0 0 0 0 0 0 0 0 0 1 13150.8 13150.8 13150.8 13150.8
-1 -1 1 -1 -1 1 0 0 0 0 0 -2.96037e-10 -0 0 0 -0 0 0 0 0 0 0 0 0 0 0 0 0 0 1 13150.8 13150.8 13150.8 13150.8
-1 -1 1 -1 -1 1 0 0 0 0 0 -2.4764e-09 -0 0 0 -0 0 0 0 0 0 0 0 0 0 0 0 0 0 1 13150.8 13150.8 13150.8 13150.8
-1 -1 1 -1 -1 1 0 0 0 0 0 2.61713e-09 -0 0 0 -0 0 0 0 0 0 0 0 0 0 0 0 0 0 1 13150.8 13150.8 13150.8 13150.8
-1 -1 1 -1 -1 1 0 0 0 0 0 4.2764e-10 -0 0 0 -0 0 0 0 0 0 0 0 0 0 0 0 0 0 1 13150.8 13150.8 13150.8 13150.8
-1 -1 1 -1 -1 1 0 0 0 0 0 -1.75878e-09 -0 0 0 -0 0 0 0 0 0 0 0 0 0 0 0 0 0 1 13150.8 13150.8 13150.8 13150.8
-1 -1 1 -1 -1 1 0 0 0 0 0 3.36677e-09 -0 0 0 -0 0 0 0 0 0 0 0 0 0 0 0 0 0 1 13150.8 13150.8 13150.8 13150.8
-1 -1 1 -1 -1 1 0 0 0 0 0 1.18689e-09 -0 0 0 -0 0 0 0 0 0 0 0 0 0 0 0 0 0 1 13150.8 13150.8 13150.8 13150.8
-1 -1 1 -1 -1 1 0 0 0 0 0 -1.00849e-09 -0 0 0 -0 0 0 0 0 0 0 0 0 0 0 0 0 0 1 13150.8 13150.8 13150.8 13150.8
-1 -1 1 -1 -1 1 0 0 0 0 0 -3.19195e-09 -0 0 0 -0 0 0 0 0 0 0 0 0 0 0 0 0 0 1 13150.8 13150.8 13150.8 13150.8
-1 -1 1 -1 -1 1 0 0 0 0 0 1.89666e-09 -0 0 0 -0 0 0 0 0 0 0 0 0 0 0 0 0 0 1 13150.8 13150.8 13150.8 13150.8
-1 -1 1 -1 -1 1 0 0 0 0 0 -2.99468e-10 -0 0 0 -0 0 0 0 0 0 0 0 0 0 0 0 0 0 1 13150.8 13150.8 13150.8 13150.8
-1 -1 1 -1 -1 1 0 0 0 0 0 -2.48508e-09 -0 0 0 -0 0 0 0 0 0 0 0 0 0 0 0 0 0 1 13150.8 13150.8 13150.8 13150.8
-1 -1 1 -1 -1 1 0 0 0 0 0 2.61286e-09 -0 0 0 -0 0 0 0 0 0 0 0 0 0 0 0 0 0 1 13150.8 13150.8 13150.8 13150.8
-1 -1 1 -1 -1 1 0 0 0 0 0 4.13848e-10 -0 0 0 -0 0 0 0 0 0 0 0 0 0 0 0 0 0 1 13150.8 13150.8 13150.8 13150.8
-1 -1 1 -1 -1 1 0 0 0 0 0 -1.77032e-09 -0 0 0 -0 0 0 0 0 0 0 0 0 0 0 0 0 0 1 13150.8 13150.8 13150.8 13150.8
-1 -1 1 -1 -1 1 0 0 0 0 0 3.30341e-09 -0 0 0 -0 0 0 0 0 0 0 0 0 0 0 0 0 0 1 13150.8 13150.8 13150.8 13150.8
-1 -1 1 -1 -1 1 0 0 0 0 0 1.11614e-09 -0 0 0 -0 0 0 0 0 0 0 0 0 0 0 0 0 0 1 13150.8 13150.8 13150.8 13150.8
-1 -1 1 -1 -1 1 0 0 0 0 0 -1.07349e-09 -0 0 0 -0 0 0 0 0 0 0 0 0 0 0 0 0 0 1 13150.8 13150.8 13150.8 13150.8
-1 -1 1 -1 -1 1 0 0 0 0 0 -3.28025e-09 -0 0 0 -0 0 0 0 0 0 0 0 0 0 0 0 0 0 1 13150.8 13150.8 13150.8 13150.8
-1 -1 1 -1 -1 1 0 0 0 0 0 1.77714e-09 -0 0 0 -0 0 0 0 0 0 0 0 0 0 0 0 0 0 1 13150.8 13150.8 13150.8 13150.8
-1 -1 1 -1 -1 1 0 0 0 0 0 -4.12843e-10 -0 0 0 -0 0 0 0 0 0 0 0 0 0 0 0 0 0 1 13150.8 13150.8 13150.8 13150.8
-1 -1 1 -1 -1 1 0 0 0 0 0 -2.61589e-09 -0 0 0 -0 0 0 0 0 0 0 0 0 0 0 0 0 0 1 13150.8 13150.8 13150.8 13150.8
-1 -1 1 -1 -1 1 0 0 0 0 0 2.46559e-09 -0 0 0 -0 0 0 0 0 0 0 0 0 0 0 0 0 0 1 13150.8 13150.8 13150.8 13150.8
-1 -1 1 -1 -1 1 0 0 0 0 0 2.78271e-10 -0 0 0 -0 0 0 0 0 0 0 0 0 0 0 0 0 0 1 13150.8 13150.8 13150.8 13150.8
-1 -1 1 -1 -1 1 0 0 0 0 0 -1.91165e-09 -0 0 0 -0 0 0 0 0 0 0 0 0 0 0 0 0 0 1 13150.8 13150.8 13150.8 13150.8
-1 -1 1 -1 -1 1 0 0 0 0 0 3.18753e-09 -0 0 0 -0 0 0 0 0 0 0 0 0 0 0 0 0 0 1 13150.8 13150.8 13150.8 13150.8
-1 -1 1 -1 -1 1 0 0 0 0 0 9.98666e-10 -0 0 0 -0 0 0 0 0 0 0 0 0 0 0 0 0 0 1 13150.8 13150.8 13150.8 13150.8
-1 -1 1 -1 -1 1 0 0 0 0 0 -1.19666e-09 -0 0 0 -0 0 0 0 0 0 0 0 0 0 0 0 0 0 1 13150.8 13150.8 13150.8 13150.8
-1 -1 1 -1 -1 1 0 0 0 0 0 -3.38026e-09 -0 0 0 -0 0 0 0 0 0 0 0 0 0 0 0 0 0 1 13150.8 13150.8 13150.8 13150.8
-1 -1 1 -1 -1 1 0 0 0 0 0 1.70561e-09 -0 0 0 -0 0 0 0 0 0 0 0 0 0 0 0 0 0 1 13150.8 13150.8 13150.8 13150.8
-1 -1 1 -1 -1 1 0 0 0 0 0 -4.9448e-10 -0 0 0 -0 0 0 0 0 0 0 0 0 0 0 0 0 0 1 13150.8 13150.8 13150.8 13150.8
-1 -1 1 -1 -1 1 0 0 0 0 0 -2.68257e-09 -0 0 0 -0 0 0 0 0 0 0 0 0 0 0 0 0 0 1 13150.8 13150.8 13150.8 13150.8
-1 -1 1 -1 -1 1 0 0 0 0 0 2.41814e-09 -0 0 0 -0 0 0 0 0 0 0 0 0 0 0 0 0 0 1 13150.8 13150.8 13150.8 13150.8
-1 -1 1 -1 -1 1 0 0 0 0 0 2.31972e-10 -0 0 0 -0 0 0 0 0 0 0 0 0 0 0 0 0 0 1 13150.8 13150.8 13150.8 13150.8
-1 -1 1 -1 -1 1 0 0 0 0 0 -1.95136e-09 -0 0 0 -0 0 0 0 0 0 0 0 0 0 0 0 0 0 1 13150.8 13150.8 13150.8 13150.8
-1 -1 1 -1 -1 1 0 0 0 0 0 3.16965e-09 -0 0 0 -0 0 0 0 0 0 0 0 0 0 0 0 0 0 1 13150.8 13150.8 13150.8 13150.8
-1 -1 1 -1 -1 1 0 0 0 0 0 9.94073e-10 -0 0 0 -0 0 0 0 0 0 0 0 0 0 0 0 0 0 1 13150.8 13150.8 13150.8 13150.8
-1 -1 1 -1 -1 1 0 0 0 0 0 -1.2017e-09 -0 0 0 -0 0 0 0 0 0 0 0 0 0 0 0 0 0 1 13150.8 13150.8 13150.8 13150.8
-1 -1 1 -1 -1 1 0 0 0 0 0 -3.38965e-09 -0 0 0 -0 0 0 0 0 0 0 0 0 0 0 0 0 0 1 13150.8 13150.8 13150.8 13150.8
-1 -1 1 -1 -1 1 0 0 0 0 0 1.69796e-09 -0 0 0 -0 0 0 0 0 0 0 0 0 0 0 0 0 0 1 13150.8 13150.8 13150.8 13150.8
-1 -1 1 -1 -1 1 0 0 0 0 0 -5.03641e-10 -0 0 0 -0 0 0 0 0 0 0 0 0 0 0 0 0 0 1 13150.8 13150.8 13150.8 13150.8
-1 -1 1 -1 -1 1 0 0 0 0 0 -2.68861e-09 -0 0 0 -0 0 0 0 0 0 0 0 0 0 0 0 0 0 1 13150.8 13150.8 13150.8 13150.8
-1 -1 1 -1 -1 1 0 0 0 0 0 2.40161e-09 -0 0 0 -0 0 0 0 0 0 0 0 0 0 0 0 0 0 1 13150.8 13150.8 13150.8 13150.8
-1 -1 1 -1 -1 1 0 0 0 0 0 2.06149e-10 -0 0 0 -0 0 0 0 0 0 0 0 0 0 0 0 0 0 1 13150.8 13150.8 13150.8 13150.8
-1 -1 1 -1 -1 1 0 0 0 0 0 -1.97771e-09 -0 0 0 -0 0 0 0 0 0 0 0 0 0 0 0 0 0 1 13150.8 13150.8 13150.8 13150.8
-1 -1 1 -1 -1 1 0 0 0 0 0 3.14445e-09 -0 0 0 -0 0 0 0 0 0 0 0 0 0 0 0 0 0 1 13150.8 13150.8 13150.8 13150.8
-1 -1 1 -1 -1 1 0 0 0 0 0 9.6344e-10 -0 0 0 -0 0 0 0 0 0 0 0 0 0 0 0 0 0 1 13150.8 13150.8 13150.8 13150.8
-1 -1 1 -1 -1 1 0 0 0 0 0 -1.22941e-09 -0 0 0 -0 0 0 0 0 0 0 0 0 0 0 0 0 0 1 13150.8 13150.8 13150.8 13150.8
-1 -1 1 -1 -1 1 0 0 0 0 0 -3.42083e-09 -0 0 0 -0 0 0 0 0 0 0 0 0 0 0 0 0 0 1 13150.8 13150.8 13150.8 13150.8
-1 -1 1 -1 -1 1 0 0 0 0 0 1.66501e-09 -0 0 0 -0 0 0 0 0 0 0 0 0 0 0 0 0 0 1 13150.8 13150.8 13150.8 13150.8
-1 -1 1 -1 -1 1 0 0 0 0 0 -5.15278e-10 -0 0 0 -0 0 0 0 0 0 0 0 0 0 0 0 0 0 1 13150.8 13150.8 13150.8 13150.8
-1 -1 1 -1 -1 1 0 0 0 0 0 -2.7185e-09 -0 0 0 -0 0 0 0 0 0 0 0 0 0 0 0 0 0 1 13150.8 13150.8 13150.8 13150.8
-1 -1 1 -1 -1 1 0 0 0 0 0 2.3706e-09 -0 0 0 -0 0 0 0 0 0 0 0 0 0 0 0 0 0 1 13150.8 13150.8 13150.8 13150.8
-1 -1 1 -1 -1 1 0 0 0 0 0 1.78685e-10 -0 0 0 -0 0 0 0 0 0 0 0 0 0 0 0 0 0 1 13150.8 13150.8 13150.8 13150.8
-1 -1 1 -1 -1 1 0 0 0 0 0 -2.00263e-09 -0 0 0 -0 0 0 0 0 0 0 0 0 0 0 0 0 0 1 13150.8 13150.8 13150.8 13150.8
-1 -1 1 -1 -1 1 0 0 0 0 0 3.0873e-09 -0 0 0 -0 0 0 0 0 0 0 0 0 0 0 0 0 0 1 13150.8 13150.8 13150.8 13150.8
-1 -1 1 -1 -1 1 0 0 0 0 0 8.96004e-10 -0 0 0 -0 0 0 0 0 0 0 0 0 0 0 0 0 0 1 13150.8 13150.8 13150.8 13150.8
-1 -1 1 -1 -1 1 0 0 0 0 0 -1.28739e-09 -0 0 0 -0 0 0 0 0 0 0 0 0 0 0 0 0 0 1 13150.8 13150.8 13150.8 13150.8
-1 -1 1 -1 -1 1 0 0 0 0 0 -3.47989e-09 -0 0 0 -0 0 0 0 0 0 0 0 0 0 0 0 0 0 1 13150.8 13150.8 13150.8 13150.8
-1 -1 1 -1 -1 1 0 0 0 0 0 1.62385e-09 -0 0 0 -0 0 0 0 0 0 0 0 0 0 0 0 0 0 1 13150.8 13150.8 13150.8 13150.8
-1 -1 1 -1 -1 1 0 0 0 0 0 -5.74133e-10 -0 0 0 -0 0 0 0 0 0 0 0 0 0 0 0 0 0 1 13150.8 13150.8 13150.8 13150.8
-1 -1 1 -1 -1 1 0 0 0 0 0 -2.76209e-09 -0 0 0 -0 0 0 0 0 0 0 0 0 0 0 0 0 0 1 13150.8 13150.8 13150.8 13150.8
-1 -1 1 -1 -1 1 0 0 0 0 0 2.32209e-09 -0 0 0 -0 0 0 0 0 0 0 0 0 0 0 0 0 0 1 13150.8 13150.8 13150.8 13150.8
-1 -1 1 -1 -1 1 0 0 0 0 0 1.27403e-10 -0 0 0 -0 0 0 0 0 0 0 0 0 0 0 0 0 0 1 13150.8 13150.8 13150.8 13150.8
-1 -1 1 -1 -1 1 0 0 0 0 0 -2.06299e-09 -0 0 0 -0 0 0 0 0 0 0 0 0 0 0 0 0 0 1 13150.8 13150.8 13150.8 13150.8
-1 -1 1 -1 -1 1 0 0 0 0 0 3.02052e-09 -0 0 0 -0 0 0 0 0 0 0 0 0 0 0 0 0 0 1 13150.8 13150.8 13150.8 13150.8
-1 -1 1 -1 -1 1 0 0 0 0 0 8.35648e-10 -0 0 0 -0 0 0 0 0 0 0 0 0 0 0 0 0 0 1 13150.8 13150.8 13150.8 13150.8
-1 -1 1 -1 -1 1 0 0 0 0 0 -1.35568e-09 -0 0 0 -0 0 0 0 0 0 0 0 0 0 0 0 0 0 1 13150.8 13150.8 13150.8 13150.8
-1 -1 1 -1 -1 1 0 0 0 0 0 -3.54389e-09 -0 0 0 -0 0 0 0 0 0 0 0 0 0 0 0 0 0 1 13150.8 13150.8 13150.8 13150.8
-1 -1 1 -1 -1 1 0 0 0 0 0 1.55771e-09 -0 0 0 -0 0 0 0 0 0 0 0 0 0 0 0 0 0 1 13150.8 13150.8 13150.8 13150.8
-1 -1 1 -1 -1 1 0 0 0 0 0 -6.29394e-10 -0 0 0 -0 0 0 0 0 0 0 0 0 0 0 0 0 0 1 13150.8 13150.8 13150.8 13150.8
-1 -1 1 -1 -1 1 0 0 0 0 0 -2.81924e-09 -0 0 0 -0 0 0 0 0 0 0 0 0 0 0 0 0 0 1 13150.8 13150.8 13150.8 13150.8
-1 -1 1 -1 -1 1 0 0 0 0 0 2.30065e-09 -0 0 0 -0 0 0 0 0 0 0 0 0 0 0 0 0 0 1 13150.8 13150.8 13150.8 13150.8
-1 -1 1 -1 -1 1 0 0 0 0 0 1.23509e-10 -0 0 0 -0 0 0 0 0 0 0 0 0 0 0 0 0 0 1 13150.8 13150.8 13150.8 13150.8
-1 -1 1 -1 -1 1 0 0 0 0 0 -2.07633e-09 -0 0 0 -0 0 0 0 0 0 0 0 0 0 0 0 0 0 1 13150.8 13150.8 13150.8 13150.8
-1 -1 1 -1 -1 1 0 0 0 0 0 3.00152e-09 -0 0 0 -0 0 0 0 0 0 0 0 0 0 0 0 0 0 1 13150.8 13150.8 13150.8 13150.8
-1 -1 1 -1 -1 1 0 0 0 0 0 8.06793e-10 -0 0 0 -0 0 0 0 0 0 0 0 0 0 0 0 0 0 1 13150.8 13150.8 13150.8 13150.8
-1 -1 1 -1 -1 1 0 0 0 0 0 -1.37349e-09 -0 0 0 -0 0 0 0 0 0 0 0 0 0 0 0 0 0 1 13150.8 13150.8 13150.8 13150.8
-1 -1 1 -1 -1 1 0 0 0 0 0 -3.56209e-09 -0 0 0 -0 0 0 0 0 0 0 0 0 0 0 0 0 0 1 13150.8 13150.8 13150.8 13150.8
-1 -1 1 -1 -1 1 0 0 0 0 0 1.53295e-09 -0 0 0 -0 0 0 0 0 0 0 0 0 0 0 0 0 0 1 13150.8 13150.8 13150.8 13150.8
-1 -1 1 -1 -1 1 0 0 0 0 0 -6.64295e-10 -0 0 0 -0 0 0 0 0 0 0 0 0 0 0 0 0 0 1 13150.8 13150.8 13150.8 13150.8
-1 -1 1 -1 -1 1 0 0 0 0 0 -2.85761e-09 -0 0 0 -0 0 0 0 0 0 0 0 0 0 0 0 0 0 1 13150.8 13150.8 13150.8 13150.8
-1 -1 1 -1 -1 1 0 0 0 0 0 2.22799e-09 -0 0 0 -0 0 0 0 0 0 0 0 0 0 0 0 0 0 1 13150.8 13150.8 13150.8 13150.8
-1 -1 1 -1 -1 1 0 0 0 0 0 4.11372e-11 -0 0 0 -0 0 0 0 0 0 0 0 0 0 0 0 0 0 1 13150.8 13150.8 13150.8 13150.8
-1 -1 1 -1 -1 1 0 0 0 0 0 -2.15461e-09 -0 0 0 -0 0 0 0 0 0 0 0 0 0 0 0 0 0 1 13150.8 13150.8 13150.8 13150.8
-1 -1 1 -1 -1 1 0 0 0 0 0 2.93554e-09 -0 0 0 -0 0 0 0 0 0 0 0 0 0 0 0 0 0 1 13150.8 13150.8 13150.8 13150.8
-1 -1 1 -1 -1 1 0 0 0 0 0 7.47339e-10 -0 0 0 -0 0 0 0 0 0 0 0 0 0 0 0 0 0 1 13150.8 13150.8 13150.8 13150.8
-1 -1 1 -1 -1 1 0 0 0 0 0 -1.44956e-09 -0 0 0 -0 0 0 0 0 0 0 0 0 0 0 0 0 0 1 13150.8 13150.8 13150.8 13150.8
-1 -1 1 -1 -1 1 0 0 0 0 0 3.62663e-09 -0 0 0 -0 0 0 0 0 0 0 0 0 0 0 0 0 0 1 13150.8 13150.8 13150.8 13150.8
-1 -1 1 -1 -1 1 0 0 0 0 0 1.4398e-09 -0 0 0 -0 0 0 0 0 0 0 0 0 0 0 0 0 0 1 13150.8 13150.8 13150.8 13150.8
-1 -1 1 -1 -1 1 0 0 0 0 0 -7.55126e-10 -0 0 0 -0 0 0 0 0 0 0 0 0 0 0 0 0 0 1 13150.8 13150.8 13150.8 13150.8
-1 -1 1 -1 -1 1 0 0 0 0 0 -2.93661e-09 -0 0 0 -0 0 0 0 0 0 0 0 0 0 0 0 0 0 1 13150.8 13150.8 13150.8 13150.8
-1 -1 1 -1 -1 1 0 0 0 0 0 2.16836e-09 -0 0 0 -0 0 0 0 0 0 0 0 0 0 0 0 0 0 1 13150.8 13150.8 13150.8 13150.8
-1 -1 1 -1 -1 1 0 0 0 0 0 -1.87113e-11 -0 0 0 -0 0 0 0 0 0 0 0 0 0 0 0 0 0 1 13150.8 13150.8 13150.8 13150.8
-1 -1 1 -1 -1 1 0 0 0 0 0 -2.20893e-09 -0 0 0 -0 0 0 0 0 0 0 0 0 0 0 0 0 0 1 13150.8 13150.8 13150.8 13150.8
-1 -1 1 -1 -1 1 0 0 0 0 0 2.88782e-09 -0 0 0 -0 0 0 0 0 0 0 0 0 0 0 0 0 0 1 13150.8 13150.8 13150.8 13150.8
-1 -1 1 -1 -1 1 0 0 0 0 0 6.98708e-10 -0 0 0 -0 0 0 0 0 0 0 0 0 0 0 0 0 0 1 13150.8 13150.8 13150.8 13150.8
-1 -1 1 -1 -1 1 0 0 0 0 0 -1.4896e-09 -0 0 0 -0 0 0 0 0 0 0 0 0 0 0 0 0 0 1 13150.8 13150.8 13150.8 13150.8
-1 -1 1 -1 -1 1 0 0 0 0 0 3.60627e-09 -0 0 0 -0 0 0 0 0 0 0 0 0 0 0 0 0 0 1 13150.8 13150.8 13150.8 13150.8
-1 -1 1 -1 -1 1 0 0 0 0 0 1.41746e-09 -0 0 0 -0 0 0 0 0 0 0 0 0 0 0 0 0 0 1 13150.8 13150.8 13150.8 13150.8
-1 -1 1 -1 -1 1 0 0 0 0 0 -7.81988e-10 -0 0 0 -0 0 0 0 0 0 0 0 0 0 0 0 0 0 1 13150.8 13150.8 13150.8 13150.8
-1 -1 1 -1 -1 1 0 0 0 0 0 -2.97507e-09 -0 0 0 -0 0 0 0 0 0 0 0 0 0 0 0 0 0 1 13150.8 13150.8 13150.8 13150.8
-1 -1 1 -1 -1 1 0 0 0 0 0 2.12503e-09 -0 0 0 -0 0 0 0 0 0 0 0 0 0 0 0 0 0 1 13150.8 13150.8 13150.8 13150.8
-1 -1 1 -1 -1 1 0 0 0 0 0 -5.20523e-11 -0 0 0 -0 0 0 0 0 0 0 0 0 0 0 0 0 0 1 13150.8 13150.8 13150.8 13150.8
-1 -1 1 -1 -1 1 0 0 0 0 0 -2.2403e-09 -0 0 0 -0 0 0 0 0 0 0 0 0 0 0 0 0 0 1 13150.8 13150.8 13150.8 13150.8
-1 -1 1 -1 -1 1 0 0 0 0 0 2.86023e-09 -0 0 0 -0 0 0 0 0 0 0 0 0 0 0 0 0 0 1 13150.8 13150.8 13150.8 13150.8
-1 -1 1 -1 -1 1 0 0 0 0 0 6.69154e-10 -0 0 0 -0 0 0 0 0 0 0 0 0 0 0 0 0 0 1 13150.8 13150.8 13150.8 13150.8
-1 -1 1 -1 -1 1 0 0 0 0 0 -1.52796e-09 -0 0 0 -0 0 0 0 0 0 0 0 0 0 0 0 0 0 1 13150.8 13150.8 13150.8 13150.8
-1 -1 1 -1 -1 1 0 0 0 0 0 3.56513e-09 -0 0 0 -0 0 0 0 0 0 0 0 0 0 0 0 0 0 1 13150.8 13150.8 13150.8 13150.8
-1 -1 1 -1 -1 1 0 0 0 0 0 1.38328e-09 -0 0 0 -0 0 0 0 0 0 0 0 0 0 0 0 0 0 1 13150.8 13150.8 13150.8 13150.8
-1 -1 1 -1 -1 1 0 0 0 0 0 -8.03571e-10 -0 0 0 -0 0 0 0 0 0 0 0 0 0 0 0 0 0 1 13150.8 13150.8 13150.8 13150.8
-1 -1 1 -1 -1 1 0 0 0 0 0 -2.99205e-09 -0 0 0 -0 0 0 0 0 0 0 0 0 0 0 0 0 0 1 13150.8 13150.8 13150.8 13150.8
-1 -1 1 -1 -1 1 0 0 0 0 0 2.1091e-09 -0 0 0 -0 0 0 0 0 0 0 0 0 0 0 0 0 0 1 13150.8 13150.8 13150.8 13150.8
-1 -1 1 -1 -1 1 0 0 0 0 0 -7.93447e-11 -0 0 0 -0 0 0 0 0 0 0 0 0 0 0 0 0 0 1 13150.8 13150.8 13150.8 13150.8
-1 -1 1 -1 -1 1 0 0 0 0 0 -2.26888e-09 -0 0 0 -0 0 0 0 0 0 0 0 0 0 0 0 0 0 1 13150.8 13150.8 13150.8 13150.8
-1 -1 1 -1 -1 1 0 0 0 0 0 2.83829e-09 -0 0 0 -0 0 0 0 0 0 0 0 0 0 0 0 0 0 1 13150.8 13150.8 13150.8 13150.8
-1 -1 1 -1 -1 1 0 0 0 0 0 6.54196e-10 -0 0 0 -0 0 0 0 0 0 0 0 0 0 0 0 0 0 1 13150.8 13150.8 13150.8 13150.8
-1 -1 1 -1 -1 1 0 0 0 0 0 -1.53322e-09 -0 0 0 -0 0 0 0 0 0 0 0 0 0 0 0 0 0 1 13150.8 13150.8 13150.8 13150.8
-1 -1 1 -1 -1 1 0 0 0 0 0 3.57356e-09 -0 0 0 -0 0 0 0 0 0 0 0 0 0 0 0 0 0 1 13150.8 13150.8 13150.8 13150.8
-1 -1 1 -1 -1 1 0 0 0 0 0 1.38795e-09 -0 0 0 -0 0 0 0 0 0 0 0 0 0 0 0 0 0 1 13150.8 13150.8 13150.8 13150.8
-1 -1 1 -1 -1 1 0 0 0 0 0 -8.12835e-10 -0 0 0 -0 0 0 0 0 0 0 0 0 0 0 0 0 0 1 13150.8 13150.8 13150.8 13150.8
-1 -1 1 -1 -1 1 0 0 0 0 0 -2.99905e-09 -0 0 0 -0 0 0 0 0 0 0 0 0 0 0 0 0 0 1 13150.8 13150.8 13150.8 13150.8
-1 -1 1 -1 -1 1 0 0 0 0 0 2.11109e-09 -0 0 0 -0 0 0 0 0 0 0 0 0 0 0 0 0 0 1 13150.8 13150.8 13150.8 13150.8
-1 -1 1 -1 -1 1 0 0 0 0 0 -6.86041e-11 -0 0 0 -0 0 0 0 0 0 0 0 0 0 0 0 0 0 1 13150.8 13150.8 13150.8 13150.8
-1 -1 1 -1 -1 1 0 0 0 0 0 -2.2764e-09 -0 0 0 -0 0 0 0 0 0 0 0 0 0 0 0 0 0 1 13150.8 13150.8 13150.8 13150.8
-1 -1 1 -1 -1 1 0 0 0 0 0 2.78103e-09 -0 0 0 -0 0 0 0 0 0 0 0 0 0 0 0 0 0 1 13150.8 13150.8 13150.8 13150.8
-1 -1 1 -1 -1 1 0 0 0 0 0 5.89584e-10 -0 0 0 -0 0 0 0 0 0 0 0 0 0 0 0 0 0 1 13150.8 13150.8 13150.8 13150.8
-1 -1 1 -1 -1 1 0 0 0 0 0 -1.60066e-09 -0 0 0 -0 0 0 0 0 0 0 0 0 0 0 0 0 0 1 13150.8 13150.8 13150.8 13150.8
-1 -1 1 -1 -1 1 0 0 0 0 0 3.50398e-09 -0 0 0 -0 0 0 0 0 0 0 0 0 0 0 0 0 0 1 13150.8 13150.8 13150.8 13150.8
-1 -1 1 -1 -1 1 0 0 0 0 0 1.32672e-09 -0 0 0 -0 0 0 0 0 0 0 0 0 0 0 0 0 0 1 13150.8 13150.8 13150.8 13150.8
-1 -1 1 -1 -1 1 0 0 0 0 0 -9.07851e-10 -0 0 0 -0 0 0 0 0 0 0 0 0 0 0 0 0 0 1 13150.8 13150.8 13150.8 13150.8
-1 -1 1 -1 -1 1 0 0 0 0 0 -3.05912e-09 -0 0 0 -0 0 0 0 0 0 0 0 0 0 0 0 0 0 1 13150.8 13150.8 13150.8 13150.8
-1 -1 1 -1 -1 1 0 0 0 0 0 2.03173e-09 -0 0 0 -0 0 0 0 0 0 0 0 0 0 0 0 0 0 1 13150.8 13150.8 13150.8 13150.8
-1 -1 1 -1 -1 1 0 0 0 0 0 -1.55344e-10 -0 0 0 -0 0 0 0 0 0 0 0 0 0 0 0 0 0 1 13150.8 13150.8 13150.8 13150.8
-1 -1 1 -1 -1 1 0 0 0 0 0 -2.34426e-09 -0 0 0 -0 0 0 0 0 0 0 0 0 0 0 0 0 0 1 13150.8 13150.8 13150.8 13150.8
-1 -1 1 -1 -1 1 0 0 0 0 0 2.76635e-09 -0 0 0 -0 0 0 0 0 0 0 0 0 0 0 0 0 0 1 13150.8 13150.8 13150.8 13150.8
-1 -1 1 -1 -1 1 0 0 0 0 0 5.80542e-10 -0 0 0 -0 0 0 0 0 0 0 0 0 0 0 0 0 0 1 13150.8 13150.8 13150.8 13150.8
-1 -1 1 -1 -1 1 0 0 0 0 0 -1.6059e-09 -0 0 0 -0 0 0 0 0 0 0 0 0 0 0 0 0 0 1 13150.8 13150.8 13150.8 13150.8
-1 -1 1 -1 -1 1 0 0 0 0 0 3.49338e-09 -0 0 0 -0 0 0 0 0 0 0 0 0 0 0 0 0 0 1 13150.8 13150.8 13150.8 13150.8
-1 -1 1 -1 -1 1 0 0 0 0 0 1.30653e-09 -0 0 0 -0 0 0 0 0 0 0 0 0 0 0 0 0 0 1 13150.8 13150.8 13150.8 13150.8
-1 -1 1 -1 -1 1 0 0 0 0 0 -8.90112e-10 -0 0 0 -0 0 0 0 0 0 0 0 0 0 0 0 0 0 1 13150.8 13150.8 13150.8 13150.8
-1 -1 1 -1 -1 1 0 0 0 0 0 -3.07965e-09 -0 0 0 -0 0 0 0 0 0 0 0 0 0 0 0 0 0 1 13150.8 13150.8 13150.8 13150.8
-1 -1 1 -1 -1 1 0 0 0 0 0 2.01384e-09 -0 0 0 -0 0 0 0 0 0 0 0 0 0 0 0 0 0 1 13150.8 13150.8 13150.8 13150.8
-1 -1 1 -1 -1 1 0 0 0 0 0 -1.74974e-10 -0 0 0 -0 0 0 0 0 0 0 0 0 0 0 0 0 0 1 13150.8 13150.8 13150.8 13150.8
-1 -1 1 -1 -1 1 0 0 0 0 0 -2.36986e-09 -0 0 0 -0 0 0 0 0 0 0 0 0 0 0 0 0 0 1 13150.8 13150.8 13150.8 13150.8
-1 -1 1 -1 -1 1 0 0 0 0 0 2.71805e-09 -0 0 0 -0 0 0 0 0 0 0 0 0 0 0 0 0 0 1 13150.8 13150.8 13150.8 13150.8
-1 -1 1 -1 -1 1 0 0 0 0 0 5.23444e-10 -0 0 0 -0 0 0 0 0 0 0 0 0 0 0 0 0 0 1 13150.8 13150.8 13150.8 13150.8
-1 -1 1 -1 -1 1 0 0 0 0 0 -1.66537e-09 -0 0 0 -0 0 0 0 0 0 0 0 0 0 0 0 0 0 1 13150.8 13150.8 13150.8 13150.8
-1 -1 1 -1 -1 1 0 0 0 0 0 3.41874e-09 -0 0 0 -0 0 0 0 0 0 0 0 0 0 0 0 0 0 1 13150.8 13150.8 13150.8 13150.8
-1 -1 1 -1 -1 1 0 0 0 0 0 1.2163e-09 -0 0 0 -0 0 0 0 0 0 0 0 0 0 0 0 0 0 1 13150.8 13150.8 13150.8 13150.8
-1 -1 1 -1 -1 1 0 0 0 0 0 -9.64418e-10 -0 0 0 -0 0 0 0 0 0 0 0 0 0 0 0 0 0 1 13150.8 13150.8 13150.8 13150.8
-1 -1 1 -1 -1 1 0 0 0 0 0 -3.14458e-09 -0 0 0 -0 0 0 0 0 0 0 0 0 0 0 0 0 0 1 13150.8 13150.8 13150.8 13150.8
-1 -1 1 -1 -1 1 0 0 0 0 0 1.95787e-09 -0 0 0 -0 0 0 0 0 0 0 0 0 0 0 0 0 0 1 13150.8 13150.8 13150.8 13150.8
-1 -1 1 -1 -1 1 0 0 0 0 0 -2.33476e-10 -0 0 0 -0 0 0 0 0 0 0 0 0 0 0 0 0 0 1 13150.8 13150.8 13150.8 13150.8
-1 -1 1 -1 -1 1 0 0 0 0 0 -2.42346e-09 -0 0 0 -0 0 0 0 0 0 0 0 0 0 0 0 0 0 1 13150.8 13150.8 13150.8 13150.8
-1 -1 1 -1 -1 1 0 0 0 0 0 2.67029e-09 -0 0 0 -0 0 0 0 0 0 0 0 0 0 0 0 0 0 1 13150.8 13150.8 13150.8 13150.8
-1 -1 1 -1 -1 1 0 0 0 0 0 4.78598e-10 -0 0 0 -0 0 0 0 0 0 0 0 0 0 0 0 0 0 1 13150.8 13150.8 13150.8 13150.8
-1 -1 1 -1 -1 1 0 0 0 0 0 -1.70407e-09 -0 0 0 -0 0 0 0 0 0 0 0 0 0 0 0 0 0 1 13150.8 13150.8 13150.8 13150.8
-1 -1 1 -1 -1 1 0 0 0 0 0 3.39433e-09 -0 0 0 -0 0 0 0 0 0 0 0 0 0 0 0 0 0 1 13150.8 13150.8 13150.8 13150.8
-1 -1 1 -1 -1 1 0 0 0 0 0 1.19405e-09 -0 0 0 -0 0 0 0 0 0 0 0 0 0 0 0 0 0 1 13150.8 13150.8 13150.8 13150.8
-1 -1 1 -1 -1 1 0 0 0 0 0 -9.93024e-10 -0 0 0 -0 0 0 0 0 0 0 0 0 0 0 0 0 0 1 13150.8 13150.8 13150.8 13150.8
-1 -1 1 -1 -1 1 0 0 0 0 0 -3.17788e-09 -0 0 0 -0 0 0 0 0 0 0 0 0 0 0 0 0 0 1 13150.8 13150.8 13150.8 13150.8
-1 -1 1 -1 -1 1 0 0 0 0 0 1.9268e-09 -0 0 0 -0 0 0 0 0 0 0 0 0 0 0 0 0 0 1 13150.8 13150.8 13150.8 13150.8
-1 -1 1 -1 -1 1 0 0 0 0 0 -2.58382e-10 -0 0 0 -0 0 0 0 0 0 0 0 0 0 0 0 0 0 1 13150.8 13150.8 13150.8 13150.8
-1 -1 1 -1 -1 1 0 0 0 0 0 -2.45119e-09 -0 0 0 -0 0 0 0 0 0 0 0 0 0 0 0 0 0 1 13150.8 13150.8 13150.8 13150.8
-1 -1 1 -1 -1 1 0 0 0 0 0 2.64441e-09 -0 0 0 -0 0 0 0 0 0 0 0 0 0 0 0 0 0 1 13150.8 13150.8 13150.8 13150.8
-1 -1 1 -1 -1 1 0 0 0 0 0 4.548e-10 -0 0 0 -0 0 0 0 0 0 0 0 0 0 0 0 0 0 1 13150.8 13150.8 13150.8 13150.8
-1 -1 1 -1 -1 1 0 0 0 0 0 -1.7394e-09 -0 0 0 -0 0 0 0 0 0 0 0 0 0 0 0 0 0 1 13150.8 13150.8 13150.8 13150.8
-1 -1 1 -1 -1 1 0 0 0 0 0 3.33865e-09 -0 0 0 -0 0 0 0 0 0 0 0 0 0 0 0 0 0 1 13150.8 13150.8 13150.8 13150.8
-1 -1 1 -1 -1 1 0 0 0 0 0 1.15133e-09 -0 0 0 -0 0 0 0 0 0 0 0 0 0 0 0 0 0 1 13150.8 13150.8 13150.8 13150.8
-1 -1 1 -1 -1 1 0 0 0 0 0 -1.03609e-09 -0 0 0 -0 0 0 0 0 0 0 0 0 0 0 0 0 0 1 13150.8 13150.8 13150.8 13150.8
-1 -1 1 -1 -1 1 0 0 0 0 0 -3.22692e-09 -0 0 0 -0 0 0 0 0 0 0 0 0 0 0 0 0 0 1 13150.8 13150.8 13150.8 13150.8
-1 -1 1 -1 -1 1 0 0 0 0 0 1.86718e-09 -0 0 0 -0 0 0 0 0 0 0 0 0 0 0 0 0 0 1 13150.8 13150.8 13150.8 13150.8
-1 -1 1 -1 -1 1 0 0 0 0 0 -3.21138e-10 -0 0 0 -0 0 0 0 0 0 0 0 0 0 0 0 0 0 1 13150.8 13150.8 13150.8 13150.8
-1 -1 1 -1 -1 1 0 0 0 0 0 -2.51435e-09 -0 0 0 -0 0 0 0 0 0 0 0 0 0 0 0 0 0 1 13150.8 13150.8 13150.8 13150.8
-1 -1 1 -1 -1 1 0 0 0 0 0 2.58439e-09 -0 0 0 -0 0 0 0 0 0 0 0 0 0 0 0 0 0 1 13150.8 13150.8 13150.8 13150.8
-1 -1 1 -1 -1 1 0 0 0 0 0 3.9434e-10 -0 0 0 -0 0 0 0 0 0 0 0 0 0 0 0 0 0 1 13150.8 13150.8 13150.8 13150.8
-1 -1 1 -1 -1 1 0 0 0 0 0 -1.79097e-09 -0 0 0 -0 0 0 0 0 0 0 0 0 0 0 0 0 0 1 13150.8 13150.8 13150.8 13150.8
-1 -1 1 -1 -1 1 0 0 0 0 0 3.30412e-09 -0 0 0 -0 0 0 0 0 0 0 0 0 0 0 0 0 0 1 13150.8 13150.8 13150.8 13150.8
-1 -1 1 -1 -1 1 0 0 0 0 0 1.1147e-09 -0 0 0 -0 0 0 0 0 0 0 0 0 0 0 0 0 0 1 13150.8 13150.8 13150.8 13150.8
-1 -1 1 -1 -1 1 0 0 0 0 0 -1.07734e-09 -0 0 0 -0 0 0 0 0 0 0 0 0 0 0 0 0 0 1 13150.8 13150.8 13150.8 13150.8
-1 -1 1 -1 -1 1 0 0 0 0 0 -3.27163e-09 -0 0 0 -0 0 0 0 0 0 0 0 0 0 0 0 0 0 1 13150.8 13150.8 13150.8 13150.8
-1 -1 1 -1 -1 1 0 0 0 0 0 1.82261e-09 -0 0 0 -0 0 0 0 0 0 0 0 0 0 0 0 0 0 1 13150.8 13150.8 13150.8 13150.8
-1 -1 1 -1 -1 1 0 0 0 0 0 -3.63498e-10 -0 0 0 -0 0 0 0 0 0 0 0 0 0 0 0 0 0 1 13150.8 13150.8 13150.8 13150.8
-1 -1 1 -1 -1 1 0 0 0 0 0 -2.55402e-09 -0 0 0 -0 0 0 0 0 0 0 0 0 0 0 0 0 0 1 13150.8 13150.8 13150.8 13150.8
-1 -1 1 -1 -1 1 0 0 0 0 0 2.5442e-09 -0 0 0 -0 0 0 0 0 0 0 0 0 0 0 0 0 0 1 13150.8 13150.8 13150.8 13150.8
-1 -1 1 -1 -1 1 0 0 0 0 0 3.52367e-10 -0 0 0 -0 0 0 0 0 0 0 0 0 0 0 0 0 0 1 13150.8 13150.8 13150.8 13150.8
-1 -1 1 -1 -1 1 0 0 0 0 0 -1.8344e-09 -0 0 0 -0 0 0 0 0 0 0 0 0 0 0 0 0 0 1 13150.8 13150.8 13150.8 13150.8
-1 -1 1 -1 -1 1 0 0 0 0 0 3.26293e-09 -0 0 0 -0 0 0 0 0 0 0 0 0 0 0 0 0 0 1 13150.8 13150.8 13150.8 13150.8
-1 -1 1 -1 -1 1 0 0 0 0 0 1.07449e-09 -0 0 0 -0 0 0 0 0 0 0 0 0 0 0 0 0 0 1 13150.8 13150.8 13150.8 13150.8
-1 -1 1 -1 -1 1 0 0 0 0 0 -1.11429e-09 -0 0 0 -0 0 0 0 0 0 0 0 0 0 0 0 0 0 1 13150.8 13150.8 13150.8 13150.8
-1 -1 1 -1 -1 1 0 0 0 0 0 -3.30238e-09 -0 0 0 -0 0 0 0 0 0 0 0 0 0 0 0 0 0 1 13150.8 13150.8 13150.8 13150.8
-1 -1 1 -1 -1 1 0 0 0 0 0 1.81404e-09 -0 0 0 -0 0 0 0 0 0 0 0 0 0 0 0 0 0 1 13150.8 13150.8 13150.8 13150.8
-1 -1 1 -1 -1 1 0 0 0 0 0 -3.68271e-10 -0 0 0 -0 0 0 0 0 0 0 0 0 0 0 0 0 0 1 13150.8 13150.8 13150.8 13150.8
-1 -1 1 -1 -1 1 0 0 0 0 0 -2.55831e-09 -0 0 0 -0 0 0 0 0 0 0 0 0 0 0 0 0 0 1 13150.8 13150.8 13150.8 13150.8
-1 -1 1 -1 -1 1 0 0 0 0 0 2.54573e-09 -0 0 0 -0 0 0 0 0 0 0 0 0 0 0 0 0 0 1 13150.8 13150.8 13150.8 13150.8
-1 -1 1 -1 -1 1 0 0 0 0 0 3.519e-10 -0 0 0 -0 0 0 0 0 0 0 0 0 0 0 0 0 0 1 13150.8 13150.8 13150.8 13150.8
-1 -1 1 -1 -1 1 0 0 0 0 0 -1.8337e-09 -0 0 0 -0 0 0 0 0 0 0 0 0 0 0 0 0 0 1 13150.8 13150.8 13150.8 13150.8
-1 -1 1 -1 -1 1 0 0 0 0 0 3.24477e-09 -0 0 0 -0 0 0 0 0 0 0 0 0 0 0 0 0 0 1 13150.8 13150.8 13150.8 13150.8
-1 -1 1 -1 -1 1 0 0 0 0 0 1.04645e-09 -0 0 0 -0 0 0 0 0 0 0 0 0 0 0 0 0 0 1 13150.8 13150.8 13150.8 13150.8
-1 -1 1 -1 -1 1 0 0 0 0 0 -1.14725e-09 -0 0 0 -0 0 0 0 0 0 0 0 0 0 0 0 0 0 1 13150.8 13150.8 13150.8 13150.8
-1 -1 1 -1 -1 1 0 0 0 0 0 -3.32956e-09 -0 0 0 -0 0 0 0 0 0 0 0 0 0 0 0 0 0 1 13150.8 13150.8 13150.8 13150.8
-1 -1 1 -1 -1 1 0 0 0 0 0 1.76287e-09 -0 0 0 -0 0 0 0 0 0 0 0 0 0 0 0 0 0 1 13150.8 13150.8 13150.8 13150.8
-1 -1 1 -1 -1 1 0 0 0 0 0 -4.27027e-10 -0 0 0 -0 0 0 0 0 0 0 0 0 0 0 0 0 0 1 13150.8 13150.8 13150.8 13150.8
-1 -1 1 -1 -1 1 0 0 0 0 0 -2.6222e-09 -0 0 0 -0 0 0 0 0 0 0 0 0 0 0 0 0 0 1 13150.8 13150.8 13150.8 13150.8
-1 -1 1 -1 -1 1 0 0 0 0 0 2.4698e-09 -0 0 0 -0 0 0 0 0 0 0 0 0 0 0 0 0 0 1 13150.8 13150.8 13150.8 13150.8
-1 -1 1 -1 -1 1 0 0 0 0 0 2.81795e-10 -0 0 0 -0 0 0 0 0 0 0 0 0 0 0 0 0 0 1 13150.8 13150.8 13150.8 13150.8
-1 -1 1 -1 -1 1 0 0 0 0 0 -1.91269e-09 -0 0 0 -0 0 0 0 0 0 0 0 0 0 0 0 0 0 1 13150.8 13150.8 13150.8 13150.8
-1 -1 1 -1 -1 1 0 0 0 0 0 3.1853e-09 -0 0 0 -0 0 0 0 0 0 0 0 0 0 0 0 0 0 1 13150.8 13150.8 13150.8 13150.8
-1 -1 1 -1 -1 1 0 0 0 0 0 9.88429e-10 -0 0 0 -0 0 0 0 0 0 0 0 0 0 0 0 0 0 1 13150.8 13150.8 13150.8 13150.8
-1 -1 1 -1 -1 1 0 0 0 0 0 -1.18811e-09 -0 0 0 -0 0 0 0 0 0 0 0 0 0 0 0 0 0 1 13150.8 13150.8 13150.8 13150.8
-1 -1 1 -1 -1 1 0 0 0 0 0 -3.37169e-09 -0 0 0 -0 0 0 0 0 0 0 0 0 0 0 0 0 0 1 13150.8 13150.8 13150.8 13150.8
-1 -1 1 -1 -1 1 0 0 0 0 0 1.73136e-09 -0 0 0 -0 0 0 0 0 0 0 0 0 0 0 0 0 0 1 13150.8 13150.8 13150.8 13150.8
-1 -1 1 -1 -1 1 0 0 0 0 0 -4.66126e-10 -0 0 0 -0 0 0 0 0 0 0 0 0 0 0 0 0 0 1 13150.8 13150.8 13150.8 13150.8
-1 -1 1 -1 -1 1 0 0 0 0 0 -2.64573e-09 -0 0 0 -0 0 0 0 0 0 0 0 0 0 0 0 0 0 1 13150.8 13150.8 13150.8 13150.8
-1 -1 1 -1 -1 1 0 0 0 0 0 2.44886e-09 -0 0 0 -0 0 0 0 0 0 0 0 0 0 0 0 0 0 1 13150.8 13150.8 13150.8 13150.8
-1 -1 1 -1 -1 1 0 0 0 0 0 2.60997e-10 -0 0 0 -0 0 0 0 0 0 0 0 0 0 0 0 0 0 1 13150.8 13150.8 13150.8 13150.8
-1 -1 1 -1 -1 1 0 0 0 0 0 -1.94347e-09 -0 0 0 -0 0 0 0 0 0 0 0 0 0 0 0 0 0 1 13150.8 13150.8 13150.8 13150.8
-1 -1 1 -1 -1 1 0 0 0 0 0 3.12137e-09 -0 0 0 -0 0 0 0 0 0 0 0 0 0 0 0 0 0 1 13150.8 13150.8 13150.8 13150.8
-1 -1 1 -1 -1 1 0 0 0 0 0 9.33778e-10 -0 0 0 -0 0 0 0 0 0 0 0 0 0 0 0 0 0 1 13150.8 13150.8 13150.8 13150.8
-1 -1 1 -1 -1 1 0 0 0 0 0 -1.26543e-09 -0 0 0 -0 0 0 0 0 0 0 0 0 0 0 0 0 0 1 13150.8 13150.8 13150.8 13150.8
-1 -1 1 -1 -1 1 0 0 0 0 0 -3.45245e-09 -0 0 0 -0 0 0 0 0 0 0 0 0 0 0 0 0 0 1 13150.8 13150.8 13150.8 13150.8
-1 -1 1 -1 -1 1 0 0 0 0 0 1.64899e-09 -0 0 0 -0 0 0 0 0 0 0 0 0 0 0 0 0 0 1 13150.8 13150.8 13150.8 13150.8
-1 -1 1 -1 -1 1 0 0 0 0 0 -5.41266e-10 -0 0 0 -0 0 0 0 0 0 0 0 0 0 0 0 0 0 1 13150.8 13150.8 13150.8 13150.8
-1 -1 1 -1 -1 1 0 0 0 0 0 -2.72435e-09 -0 0 0 -0 0 0 0 0 0 0 0 0 0 0 0 0 0 1 13150.8 13150.8 13150.8 13150.8
-1 -1 1 -1 -1 1 0 0 0 0 0 2.38155e-09 -0 0 0 -0 0 0 0 0 0 0 0 0 0 0 0 0 0 1 13150.8 13150.8 13150.8 13150.8
-1 -1 1 -1 -1 1 0 0 0 0 0 1.94526e-10 -0 0 0 -0 0 0 0 0 0 0 0 0 0 0 0 0 0 1 13150.8 13150.8 13150.8 13150.8
-1 -1 1 -1 -1 1 0 0 0 0 0 -1.9993e-09 -0 0 0 -0 0 0 0 0 0 0 0 0 0 0 0 0 0 1 13150.8 13150.8 13150.8 13150.8
-1 -1 1 -1 -1 1 0 0 0 0 0 3.08065e-09 -0 0 0 -0 0 0 0 0 0 0 0 0 0 0 0 0 0 1 13150.8 13150.8 13150.8 13150.8
-1 -1 1 -1 -1 1 0 0 0 0 0 8.93322e-10 -0 0 0 -0 0 0 0 0 0 0 0 0 0 0 0 0 0 1 13150.8 13150.8 13150.8 13150.8
-1 -1 1 -1 -1 1 0 0 0 0 0 -1.29435e-09 -0 0 0 -0 0 0 0 0 0 0 0 0 0 0 0 0 0 1 13150.8 13150.8 13150.8 13150.8
-1 -1 1 -1 -1 1 0 0 0 0 0 -3.48424e-09 -0 0 0 -0 0 0 0 0 0 0 0 0 0 0 0 0 0 1 13150.8 13150.8 13150.8 13150.8
-1 -1 1 -1 -1 1 0 0 0 0 0 1.62019e-09 -0 0 0 -0 0 0 0 0 0 0 0 0 0 0 0 0 0 1 13150.8 13150.8 13150.8 13150.8
-1 -1 1 -1 -1 1 0 0 0 0 0 -5.6799e-10 -0 0 0 -0 0 0 0 0 0 0 0 0 0 0 0 0 0 1 13150.8 13150.8 13150.8 13150.8
-1 -1 1 -1 -1 1 0 0 0 0 0 -2.75927e-09 -0 0 0 -0 0 0 0 0 0 0 0 0 0 0 0 0 0 1 13150.8 13150.8 13150.8 13150.8
-1 -1 1 -1 -1 1 0 0 0 0 0 2.33579e-09 -0 0 0 -0 0 0 0 0 0 0 0 0 0 0 0 0 0 1 13150.8 13150.8 13150.8 13150.8
-1 -1 1 -1 -1 1 0 0 0 0 0 1.48452e-10 -0 0 0 -0 0 0 0 0 0 0 0 0 0 0 0 0 0 1 13150.8 13150.8 13150.8 13150.8
-1 -1 1 -1 -1 1 0 0 0 0 0 -2.05153e-09 -0 0 0 -0 0 0 0 0 0 0 0 0 0 0 0 0 0 1 13150.8 13150.8 13150.8 13150.8
-1 -1 1 -1 -1 1 0 0 0 0 0 3.03055e-09 -0 0 0 -0 0 0 0 0 0 0 0 0 0 0 0 0 0 1 13150.8 13150.8 13150.8 13150.8
-1 -1 1 -1 -1 1 0 0 0 0 0 8.44414e-10 -0 0 0 -0 0 0 0 0 0 0 0 0 0 0 0 0 0 1 13150.8 13150.8 13150.8 13150.8
-1 -1 1 -1 -1 1 0 0 0 0 0 -1.35509e-09 -0 0 0 -0 0 0 0 0 0 0 0 0 0 0 0 0 0 1 13150.8 13150.8 13150.8 13150.8
-1 -1 1 -1 -1 1 0 0 0 0 0 -3.53932e-09 -0 0 0 -0 0 0 0 0 0 0 0 0 0 0 0 0 0 1 13150.8 13150.8 13150.8 13150.8
-1 -1 1 -1 -1 1 0 0 0 0 0 1.55001e-09 -0 0 0 -0 0 0 0 0 0 0 0 0 0 0 0 0 0 1 13150.8 13150.8 13150.8 13150.8
-1 -1 1 -1 -1 1 0 0 0 0 0 -6.41429e-10 -0 0 0 -0 0 0 0 0 0 0 0 0 0 0 0 0 0 1 13150.8 13150.8 13150.8 13150.8
-1 -1 1 -1 -1 1 0 0 0 0 0 -2.82949e-09 -0 0 0 -0 0 0 0 0 0 0 0 0 0 0 0 0 0 1 13150.8 13150.8 13150.8 13150.8
-1 -1 1 -1 -1 1 0 0 0 0 0 2.26947e-09 -0 0 0 -0 0 0 0 0 0 0 0 0 0 0 0 0 0 1 13150.8 13150.8 13150.8 13150.8
-1 -1 1 -1 -1 1 0 0 0 0 0 7.76404e-11 -0 0 0 -0 0 0 0 0 0 0 0 0 0 0 0 0 0 1 13150.8 13150.8 13150.8 13150.8
-1 -1 1 -1 -1 1 0 0 0 0 0 -2.11243e-09 -0 0 0 -0 0 0 0 0 0 0 0 0 0 0 0 0 0 1 13150.8 13150.8 13150.8 13150.8
-1 -1 1 -1 -1 1 0 0 0 0 0 2.97352e-09 -0 0 0 -0 0 0 0 0 0 0 0 0 0 0 0 0 0 1 13150.8 13150.8 13150.8 13150.8
-1 -1 1 -1 -1 1 0 0 0 0 0 7.78798e-10 -0 0 0 -0 0 0 0 0 0 0 0 0 0 0 0 0 0 1 13150.8 13150.8 13150.8 13150.8
-1 -1 1 -1 -1 1 0 0 0 0 0 -1.40165e-09 -0 0 0 -0 0 0 0 0 0 0 0 0 0 0 0 0 0 1 13150.8 13150.8 13150.8 13150.8
-1 -1 1 -1 -1 1 0 0 0 0 0 -3.59581e-09 -0 0 0 -0 0 0 0 0 0 0 0 0 0 0 0 0 0 1 13150.8 13150.8 13150.8 13150.8
-1 -1 1 -1 -1 1 0 0 0 0 0 1.52916e-09 -0 0 0 -0 0 0 0 0 0 0 0 0 0 0 0 0 0 1 13150.8 13150.8 13150.8 13150.8
-1 -1 1 -1 -1 1 0 0 0 0 0 -6.44093e-10 -0 0 0 -0 0 0 0 0 0 0 0 0 0 0 0 0 0 1 13150.8 13150.8 13150.8 13150.8
-1 -1 1 -1 -1 1 0 0 0 0 0 -2.83642e-09 -0 0 0 -0 0 0 0 0 0 0 0 0 0 0 0 0 0 1 13150.8 13150.8 13150.8 13150.8
-1 -1 1 -1 -1 1 0 0 0 0 0 2.27334e-09 -0 0 0 -0 0 0 0 0 0 0 0 0 0 0 0 0 0 1 13150.8 13150.8 13150.8 13150.8
-1 -1 1 -1 -1 1 0 0 0 0 0 9.35092e-11 -0 0 0 -0 0 0 0 0 0 0 0 0 0 0 0 0 0 1 13150.8 13150.8 13150.8 13150.8
-1 -1 1 -1 -1 1 0 0 0 0 0 -2.10699e-09 -0 0 0 -0 0 0 0 0 0 0 0 0 0 0 0 0 0 1 13150.8 13150.8 13150.8 13150.8
-1 -1 1 -1 -1 1 0 0 0 0 0 2.96535e-09 -0 0 0 -0 0 0 0 0 0 0 0 0 0 0 0 0 0 1 13150.8 13150.8 13150.8 13150.8
-1 -1 1 -1 -1 1 0 0 0 0 0 7.73375e-10 -0 0 0 -0 0 0 0 0 0 0 0 0 0 0 0 0 0 1 13150.8 13150.8 13150.8 13150.8
-1 -1 1 -1 -1 1 0 0 0 0 0 -1.42453e-09 -0 0 0 -0 0 0 0 0 0 0 0 0 0 0 0 0 0 1 13150.8 13150.8 13150.8 13150.8
-1 -1 1 -1 -1 1 0 0 0 0 0 -3.61062e-09 -0 0 0 -0 0 0 0 0 0 0 0 0 0 0 0 0 0 1 13150.8 13150.8 13150.8 13150.8
-1 -1 1 -1 -1 1 0 0 0 0 0 1.49382e-09 -0 0 0 -0 0 0 0 0 0 0 0 0 0 0 0 0 0 1 13150.8 13150.8 13150.8 13150.8
-1 -1 1 -1 -1 1 0 0 0 0 0 -6.92037e-10 -0 0 0 -0 0 0 0 0 0 0 0 0 0 0 0 0 0 1 13150.8 13150.8 13150.8 13150.8
-1 -1 1 -1 -1 1 0 0 0 0 0 -2.88373e-09 -0 0 0 -0 0 0 0 0 0 0 0 0 0 0 0 0 0 1 13150.8 13150.8 13150.8 13150.8
-1 -1 1 -1 -1 1 0 0 0 0 0 2.20058e-09 -0 0 0 -0 0 0 0 0 0 0 0 0 0 0 0 0 0 1 13150.8 13150.8 13150.8 13150.8
-1 -1 1 -1 -1 1 0 0 0 0 0 1.35814e-11 -0 0 0 -0 0 0 0 0 0 0 0 0 0 0 0 0 0 1 13150.8 13150.8 13150.8 13150.8
-1 -1 1 -1 -1 1 0 0 0 0 0 -2.1778e-09 -0 0 0 -0 0 0 0 0 0 0 0 0 0 0 0 0 0 1 13150.8 13150.8 13150.8 13150.8
-1 -1 1 -1 -1 1 0 0 0 0 0 2.93633e-09 -0 0 0 -0 0 0 0 0 0 0 0 0 0 0 0 0 0 1 13150.8 13150.8 13150.8 13150.8
-1 -1 1 -1 -1 1 0 0 0 0 0 7.55397e-10 -0 0 0 -0 0 0 0 0 0 0 0 0 0 0 0 0 0 1 13150.8 13150.8 13150.8 13150.8
-1 -1 1 -1 -1 1 0 0 0 0 0 -1.43106e-09 -0 0 0 -0 0 0 0 0 0 0 0 0 0 0 0 0 0 1 13150.8 13150.8 13150.8 13150.8
-1 -1 1 -1 -1 1 0 0 0 0 0 -3.62215e-09 -0 0 0 -0 0 0 0 0 0 0 0 0 0 0 0 0 0 1 13150.8 13150.8 13150.8 13150.8
-1 -1 1 -1 -1 1 0 0 0 0 0 1.47431e-09 -0 0 0 -0 0 0 0 0 0 0 0 0 0 0 0 0 0 1 13150.8 13150.8 13150.8 13150.8
-1 -1 1 -1 -1 1 0 0 0 0 0 -7.13579e-10 -0 0 0 -0 0 0 0 0 0 0 0 0 0 0 0 0 0 1 13150.8 13150.8 13150.8 13150.8
-1 -1 1 -1 -1 1 0 0 0 0 0 -2.90845e-09 -0 0 0 -0 0 0 0 0 0 0 0 0 0 0 0 0 0 1 13150.8 13150.8 13150.8 13150.8
-1 -1 1 -1 -1 1 0 0 0 0 0 2.18994e-09 -0 0 0 -0 0 0 0 0 0 0 0 0 0 0 0 0 0 1 13150.8 13150.8 13150.8 13150.8
-1 -1 1 -1 -1 1 0 0 0 0 0 3.8818e-12 -0 0 0 -0 0 0 0 0 0 0 0 0 0 0 0 0 0 1 13150.8 13150.8 13150.8 13150.8
-1 -1 1 -1 -1 1 0 0 0 0 0 -2.18902e-09 -0 0 0 -0 0 0 0 0 0 0 0 0 0 0 0 0 0 1 13150.8 13150.8 13150.8 13150.8
-1 -1 1 -1 -1 1 0 0 0 0 0 2.89616e-09 -0 0 0 -0 0 0 0 0 0 0 0 0 0 0 0 0 0 1 13150.8 13150.8 13150.8 13150.8
-1 -1 1 -1 -1 1 0 0 0 0 0 7.11606e-10 -0 0 0 -0 0 0 0 0 0 0 0 0 0 0 0 0 0 1 13150.8 13150.8 13150.8 13150.8
-1 -1 1 -1 -1 1 0 0 0 0 0 -1.49277e-09 -0 0 0 -0 0 0 0 0 0 0 0 0 0 0 0 0 0 1 13150.8 13150.8 13150.8 13150.8
-1 -1 1 -1 -1 1 0 0 0 0 0 3.60985e-09 -0 0 0 -0 0 0 0 0 0 0 0 0 0 0 0 0 0 1 13150.8 13150.8 13150.8 13150.8
-1 -1 1 -1 -1 1 0 0 0 0 0 1.42725e-09 -0 0 0 -0 0 0 0 0 0 0 0 0 0 0 0 0 0 1 13150.8 13150.8 13150.8 13150.8
-1 -1 1 -1 -1 1 0 0 0 0 0 -7.60619e-10 -0 0 0 -0 0 0 0 0 0 0 0 0 0 0 0 0 0 1 13150.8 13150.8 13150.8 13150.8
-1 -1 1 -1 -1 1 0 0 0 0 0 -2.95227e-09 -0 0 0 -0 0 0 0 0 0 0 0 0 0 0 0 0 0 1 13150.8 13150.8 13150.8 13150.8
-1 -1 1 -1 -1 1 0 0 0 0 0 2.13468e-09 -0 0 0 -0 0 0 0 0 0 0 0 0 0 0 0 0 0 1 13150.8 13150.8 13150.8 13150.8
-1 -1 1 -1 -1 1 0 0 0 0 0 -5.25911e-11 -0 0 0 -0 0 0 0 0 0 0 0 0 0 0 0 0 0 1 13150.8 13150.8 13150.8 13150.8
-1 -1 1 -1 -1 1 0 0 0 0 0 -2.24436e-09 -0 0 0 -0 0 0 0 0 0 0 0 0 0 0 0 0 0 1 13150.8 13150.8 13150.8 13150.8
-1 -1 1 -1 -1 1 0 0 0 0 0 2.84453e-09 -0 0 0 -0 0 0 0 0 0 0 0 0 0 0 0 0 0 1 13150.8 13150.8 13150.8 13150.8
-1 -1 1 -1 -1 1 0 0 0 0 0 6.5743e-10 -0 0 0 -0 0 0 0 0 0 0 0 0 0 0 0 0 0 1 13150.8 13150.8 13150.8 13150.8
-1 -1 1 -1 -1 1 0 0 0 0 0 -1.53171e-09 -0 0 0 -0 0 0 0 0 0 0 0 0 0 0 0 0 0 1 13150.8 13150.8 13150.8 13150.8
-1 -1 1 -1 -1 1 0 0 0 0 0 3.5647e-09 -0 0 0 -0 0 0 0 0 0 0 0 0 0 0 0 0 0 1 13150.8 13150.8 13150.8 13150.8
-1 -1 1 -1 -1 1 0 0 0 0 0 1.36714e-09 -0 0 0 -0 0 0 0 0 0 0 0 0 0 0 0 0 0 1 13150.8 13150.8 13150.8 13150.8
-1 -1 1 -1 -1 1 0 0 0 0 0 -8.16748e-10 -0 0 0 -0 0 0 0 0 0 0 0 0 0 0 0 0 0 1 13150.8 13150.8 13150.8 13150.8
-1 -1 1 -1 -1 1 0 0 0 0 0 -3.00452e-09 -0 0 0 -0 0 0 0 0 0 0 0 0 0 0 0 0 0 1 13150.8 13150.8 13150.8 13150.8
-1 -1 1 -1 -1 1 0 0 0 0 0 2.09433e-09 -0 0 0 -0 0 0 0 0 0 0 0 0 0 0 0 0 0 1 13150.8 13150.8 13150.8 13150.8
-1 -1 1 -1 -1 1 0 0 0 0 0 -9.32996e-11 -0 0 0 -0 0 0 0 0 0 0 0 0 0 0 0 0 0 1 13150.8 13150.8 13150.8 13150.8
-1 -1 1 -1 -1 1 0 0 0 0 0 -2.28268e-09 -0 0 0 -0 0 0 0 0 0 0 0 0 0 0 0 0 0 1 13150.8 13150.8 13150.8 13150.8
-1 -1 1 -1 -1 1 0 0 0 0 0 2.82705e-09 -0 0 0 -0 0 0 0 0 0 0 0 0 0 0 0 0 0 1 13150.8 13150.8 13150.8 13150.8
-1 -1 1 -1 -1 1 0 0 0 0 0 6.43312e-10 -0 0 0 -0 0 0 0 0 0 0 0 0 0 0 0 0 0 1 13150.8 13150.8 13150.8 13150.8
-1 -1 1 -1 -1 1 0 0 0 0 0 -1.55167e-09 -0 0 0 -0 0 0 0 0 0 0 0 0 0 0 0 0 0 1 13150.8 13150.8 13150.8 13150.8
-1 -1 1 -1 -1 1 0 0 0 0 0 3.5491e-09 -0 0 0 -0 0 0 0 0 0 0 0 0 0 0 0 0 0 1 13150.8 13150.8 13150.8 13150.8
-1 -1 1 -1 -1 1 0 0 0 0 0 1.35444e-09 -0 0 0 -0 0 0 0 0 0 0 0 0 0 0 0 0 0 1 13150.8 13150.8 13150.8 13150.8
-1 -1 1 -1 -1 1 0 0 0 0 0 -8.36372e-10 -0 0 0 -0 0 0 0 0 0 0 0 0 0 0 0 0 0 1 13150.8 13150.8 13150.8 13150.8
-1 -1 1 -1 -1 1 0 0 0 0 0 -3.01464e-09 -0 0 0 -0 0 0 0 0 0 0 0 0 0 0 0 0 0 1 13150.8 13150.8 13150.8 13150.8
-1 -1 1 -1 -1 1 0 0 0 0 0 2.09176e-09 -0 0 0 -0 0 0 0 0 0 0 0 0 0 0 0 0 0 1 13150.8 13150.8 13150.8 13150.8
-1 -1 1 -1 -1 1 0 0 0 0 0 -8.24542e-11 -0 0 0 -0 0 0 0 0 0 0 0 0 0 0 0 0 0 1 13150.8 13150.8 13150.8 13150.8
-1 -1 1 -1 -1 1 0 0 0 0 0 -2.28981e-09 -0 0 0 -0 0 0 0 0 0 0 0 0 0 0 0 0 0 1 13150.8 13150.8 13150.8 13150.8
-1 -1 1 -1 -1 1 0 0 0 0 0 2.7912e-09 -0 0 0 -0 0 0 0 0 0 0 0 0 0 0 0 0 0 1 13150.8 13150.8 13150.8 13150.8
-1 -1 1 -1 -1 1 0 0 0 0 0 6.03505e-10 -0 0 0 -0 0 0 0 0 0 0 0 0 0 0 0 0 0 1 13150.8 13150.8 13150.8 13150.8
-1 -1 1 -1 -1 1 0 0 0 0 0 -1.59217e-09 -0 0 0 -0 0 0 0 0 0 0 0 0 0 0 0 0 0 1 13150.8 13150.8 13150.8 13150.8
-1 -1 1 -1 -1 1 0 0 0 0 0 3.48482e-09 -0 0 0 -0 0 0 0 0 0 0 0 0 0 0 0 0 0 1 13150.8 13150.8 13150.8 13150.8
-1 -1 1 -1 -1 1 0 0 0 0 0 1.28993e-09 -0 0 0 -0 0 0 0 0 0 0 0 0 0 0 0 0 0 1 13150.8 13150.8 13150.8 13150.8
-1 -1 1 -1 -1 1 0 0 0 0 0 -8.96332e-10 -0 0 0 -0 0 0 0 0 0 0 0 0 0 0 0 0 0 1 13150.8 13150.8 13150.8 13150.8
-1 -1 1 -1 -1 1 0 0 0 0 0 -3.08724e-09 -0 0 0 -0 0 0 0 0 0 0 0 0 0 0 0 0 0 1 13150.8 13150.8 13150.8 13150.8
-1 -1 1 -1 -1 1 0 0 0 0 0 -5.25991e-09 -0 0 0 -0 0 0 0 0 0 0 0 0 0 0 0 0 0 1 13150.8 13150.8 13150.8 13150.8
-1 -1 1 -1 -1 1 0 0 0 0 0 -1.19916e-10 -0 0 0 -0 0 0 0 0 0 0 0 0 0 0 0 0 0 1 13150.8 13150.8 13150.8 13150.8
-1 -1 1 -1 -1 1 0 0 0 0 0 -2.30577e-09 -0 0 0 -0 0 0 0 0 0 0 0 0 0 0 0 0 0 1 13150.8 13150.8 13150.8 13150.8
-1 -1 1 -1 -1 1 0 0 0 0 0 2.79112e-09 -0 0 0 -0 0 0 0 0 0 0 0 0 0 0 0 0 0 1 13150.8 13150.8 13150.8 13150.8
-1 -1 1 -1 -1 1 0 0 0 0 0 5.99881e-10 -0 0 0 -0 0 0 0 0 0 0 0 0 0 0 0 0 0 1 13150.8 13150.8 13150.8 13150.8
-1 -1 1 -1 -1 1 0 0 0 0 0 -1.61133e-09 -0 0 0 -0 0 0 0 0 0 0 0 0 0 0 0 0 0 1 13150.8 13150.8 13150.8 13150.8
-1 -1 1 -1 -1 1 0 0 0 0 0 3.44025e-09 -0 0 0 -0 0 0 0 0 0 0 0 0 0 0 0 0 0 1 13150.8 13150.8 13150.8 13150.8
-1 -1 1 -1 -1 1 0 0 0 0 0 1.25204e-09 -0 0 0 -0 0 0 0 0 0 0 0 0 0 0 0 0 0 1 13150.8 13150.8 13150.8 13150.8
-1 -1 1 -1 -1 1 0 0 0 0 0 -9.34574e-10 -0 0 0 -0 0 0 0 0 0 0 0 0 0 0 0 0 0 1 13150.8 13150.8 13150.8 13150.8
-1 -1 1 -1 -1 1 0 0 0 0 0 -3.12394e-09 -0 0 0 -0 0 0 0 0 0 0 0 0 0 0 0 0 0 1 13150.8 13150.8 13150.8 13150.8
-1 -1 1 -1 -1 1 0 0 0 0 0 1.97547e-09 -0 0 0 -0 0 0 0 0 0 0 0 0 0 0 0 0 0 1 13150.8 13150.8 13150.8 13150.8
-1 -1 1 -1 -1 1 0 0 0 0 0 -2.15179e-10 -0 0 0 -0 0 0 0 0 0 0 0 0 0 0 0 0 0 1 13150.8 13150.8 13150.8 13150.8
-1 -1 1 -1 -1 1 0 0 0 0 0 -2.41398e-09 -0 0 0 -0 0 0 0 0 0 0 0 0 0 0 0 0 0 1 13150.8 13150.8 13150.8 13150.8
-1 -1 1 -1 -1 1 0 0 0 0 0 2.66316e-09 -0 0 0 -0 0 0 0 0 0 0 0 0 0 0 0 0 0 1 13150.8 13150.8 13150.8 13150.8
-1 -1 1 -1 -1 1 0 0 0 0 0 4.70838e-10 -0 0 0 -0 0 0 0 0 0 0 0 0 0 0 0 0 0 1 13150.8 13150.8 13150.8 13150.8
-1 -1 1 -1 -1 1 0 0 0 0 0 -1.71988e-09 -0 0 0 -0 0 0 0 0 0 0 0 0 0 0 0 0 0 1 13150.8 13150.8 13150.8 13150.8
-1 -1 1 -1 -1 1 0 0 0 0 0 3.37601e-09 -0 0 0 -0 0 0 0 0 0 0 0 0 0 0 0 0 0 1 13150.8 13150.8 13150.8 13150.8
-1 -1 1 -1 -1 1 0 0 0 0 0 1.19159e-09 -0 0 0 -0 0 0 0 0 0 0 0 0 0 0 0 0 0 1 13150.8 13150.8 13150.8 13150.8
-1 -1 1 -1 -1 1 0 0 0 0 0 -1.00637e-09 -0 0 0 -0 0 0 0 0 0 0 0 0 0 0 0 0 0 1 13150.8 13150.8 13150.8 13150.8
-1 -1 1 -1 -1 1 0 0 0 0 0 -3.18661e-09 -0 0 0 -0 0 0 0 0 0 0 0 0 0 0 0 0 0 1 13150.8 13150.8 13150.8 13150.8
-1 -1 1 -1 -1 1 0 0 0 0 0 1.90532e-09 -0 0 0 -0 0 0 0 0 0 0 0 0 0 0 0 0 0 1 13150.8 13150.8 13150.8 13150.8
-1 -1 1 -1 -1 1 0 0 0 0 0 -2.8229e-10 -0 0 0 -0 0 0 0 0 0 0 0 0 0 0 0 0 0 1 13150.8 13150.8 13150.8 13150.8
-1 -1 1 -1 -1 1 0 0 0 0 0 -2.47518e-09 -0 0 0 -0 0 0 0 0 0 0 0 0 0 0 0 0 0 1 13150.8 13150.8 13150.8 13150.8
-1 -1 1 -1 -1 1 0 0 0 0 0 2.61727e-09 -0 0 0 -0 0 0 0 0 0 0 0 0 0 0 0 0 0 1 13150.8 13150.8 13150.8 13150.8
-1 -1 1 -1 -1 1 0 0 0 0 0 4.2778e-10 -0 0 0 -0 0 0 0 0 0 0 0 0 0 0 0 0 0 1 13150.8 13150.8 13150.8 13150.8
-1 -1 1 -1 -1 1 0 0 0 0 0 -1.76041e-09 -0 0 0 -0 0 0 0 0 0 0 0 0 0 0 0 0 0 1 13150.8 13150.8 13150.8 13150.8
-1 -1 1 -1 -1 1 0 0 0 0 0 3.3459e-09 -0 0 0 -0 0 0 0 0 0 0 0 0 0 0 0 0 0 1 13150.8 13150.8 13150.8 13150.8
-1 -1 1 -1 -1 1 0 0 0 0 0 1.15042e-09 -0 0 0 -0 0 0 0 0 0 0 0 0 0 0 0 0 0 1 13150.8 13150.8 13150.8 13150.8
-1 -1 1 -1 -1 1 0 0 0 0 0 -1.03203e-09 -0 0 0 -0 0 0 0 0 0 0 0 0 0 0 0 0 0 1 13150.8 13150.8 13150.8 13150.8
-1 -1 1 -1 -1 1 0 0 0 0 0 -3.22169e-09 -0 0 0 -0 0 0 0 0 0 0 0 0 0 0 0 0 0 1 13150.8 13150.8 13150.8 13150.8
-1 -1 1 -1 -1 1 0 0 0 0 0 1.88608e-09 -0 0 0 -0 0 0 0 0 0 0 0 0 0 0 0 0 0 1 13150.8 13150.8 13150.8 13150.8
-1 -1 1 -1 -1 1 0 0 0 0 0 -2.97448e-10 -0 0 0 -0 0 0 0 0 0 0 0 0 0 0 0 0 0 1 13150.8 13150.8 13150.8 13150.8
-1 -1 1 -1 -1 1 0 0 0 0 0 -2.48536e-09 -0 0 0 -0 0 0 0 0 0 0 0 0 0 0 0 0 0 1 13150.8 13150.8 13150.8 13150.8
-1 -1 1 -1 -1 1 0 0 0 0 0 2.61343e-09 -0 0 0 -0 0 0 0 0 0 0 0 0 0 0 0 0 0 1 13150.8 13150.8 13150.8 13150.8
-1 -1 1 -1 -1 1 0 0 0 0 0 4.26096e-10 -0 0 0 -0 0 0 0 0 0 0 0 0 0 0 0 0 0 1 13150.8 13150.8 13150.8 13150.8
-1 -1 1 -1 -1 1 0 0 0 0 0 -1.76518e-09 -0 0 0 -0 0 0 0 0 0 0 0 0 0 0 0 0 0 1 13150.8 13150.8 13150.8 13150.8
-1 -1 1 -1 -1 1 0 0 0 0 0 3.32381e-09 -0 0 0 -0 0 0 0 0 0 0 0 0 0 0 0 0 0 1 13150.8 13150.8 13150.8 13150.8
-1 -1 1 -1 -1 1 0 0 0 0 0 1.13107e-09 -0 0 0 -0 0 0 0 0 0 0 0 0 0 0 0 0 0 1 13150.8 13150.8 13150.8 13150.8
-1 -1 1 -1 -1 1 0 0 0 0 0 -1.05969e-09 -0 0 0 -0 0 0 0 0 0 0 0 0 0 0 0 0 0 1 13150.8 13150.8 13150.8 13150.8
-1 -1 1 -1 -1 1 0 0 0 0 0 -3.25478e-09 -0 0 0 -0 0 0 0 0 0 0 0 0 0 0 0 0 0 1 13150.8 13150.8 13150.8 13150.8
-1 -1 1 -1 -1 1 0 0 0 0 0 1.83272e-09 -0 0 0 -0 0 0 0 0 0 0 0 0 0 0 0 0 0 1 13150.8 13150.8 13150.8 13150.8
-1 -1 1 -1 -1 1 0 0 0 0 0 -3.51832e-10 -0 0 0 -0 0 0 0 0 0 0 0 0 0 0 0 0 0 1 13150.8 13150.8 13150.8 13150.8
-1 -1 1 -1 -1 1 0 0 0 0 0 -2.55227e-09 -0 0 0 -0 0 0 0 0 0 0 0 0 0 0 0 0 0 1 13150.8 13150.8 13150.8 13150.8
-1 -1 1 -1 -1 1 0 0 0 0 0 2.52299e-09 -0 0 0 -0 0 0 0 0 0 0 0 0 0 0 0 0 0 1 13150.8 13150.8 13150.8 13150.8
-1 -1 1 -1 -1 1 0 0 0 0 0 3.32326e-10 -0 0 0 -0 0 0 0 0 0 0 0 0 0 0 0 0 0 1 13150.8 13150.8 13150.8 13150.8
-1 -1 1 -1 -1 1 0 0 0 0 0 -1.86866e-09 -0 0 0 -0 0 0 0 0 0 0 0 0 0 0 0 0 0 1 13150.8 13150.8 13150.8 13150.8
-1 -1 1 -1 -1 1 0 0 0 0 0 3.22241e-09 -0 0 0 -0 0 0 0 0 0 0 0 0 0 0 0 0 0 1 13150.8 13150.8 13150.8 13150.8
-1 -1 1 -1 -1 1 0 0 0 0 0 1.03527e-09 -0 0 0 -0 0 0 0 0 0 0 0 0 0 0 0 0 0 1 13150.8 13150.8 13150.8 13150.8
-1 -1 1 -1 -1 1 0 0 0 0 0 -1.1497e-09 -0 0 0 -0 0 0 0 0 0 0 0 0 0 0 0 0 0 1 13150.8 13150.8 13150.8 13150.8
-1 -1 1 -1 -1 1 0 0 0 0 0 -3.34941e-09 -0 0 0 -0 0 0 0 0 0 0 0 0 0 0 0 0 0 1 13150.8 13150.8 13150.8 13150.8
-1 -1 1 -1 -1 1 0 0 0 0 0 1.7384e-09 -0 0 0 -0 0 0 0 0 0 0 0 0 0 0 0 0 0 1 13150.8 13150.8 13150.8 13150.8
-1 -1 1 -1 -1 1 0 0 0 0 0 -4.40595e-10 -0 0 0 -0 0 0 0 0 0 0 0 0 0 0 0 0 0 1 13150.8 13150.8 13150.8 13150.8
-1 -1 1 -1 -1 1 0 0 0 0 0 -2.63831e-09 -0 0 0 -0 0 0 0 0 0 0 0 0 0 0 0 0 0 1 13150.8 13150.8 13150.8 13150.8
-1 -1 1 -1 -1 1 0 0 0 0 0 2.46918e-09 -0 0 0 -0 0 0 0 0 0 0 0 0 0 0 0 0 0 1 13150.8 13150.8 13150.8 13150.8
-1 -1 1 -1 -1 1 0 0 0 0 0 2.90726e-10 -0 0 0 -0 0 0 0 0 0 0 0 0 0 0 0 0 0 1 13150.8 13150.8 13150.8 13150.8
-1 -1 1 -1 -1 1 0 0 0 0 0 -1.89631e-09 -0 0 0 -0 0 0 0 0 0 0 0 0 0 0 0 0 0 1 13150.8 13150.8 13150.8 13150.8
-1 -1 1 -1 -1 1 0 0 0 0 0 3.19902e-09 -0 0 0 -0 0 0 0 0 0 0 0 0 0 0 0 0 0 1 13150.8 13150.8 13150.8 13150.8
-1 -1 1 -1 -1 1 0 0 0 0 0 9.96618e-10 -0 0 0 -0 0 0 0 0 0 0 0 0 0 0 0 0 0 1 13150.8 13150.8 13150.8 13150.8
-1 -1 1 -1 -1 1 0 0 0 0 0 -1.18765e-09 -0 0 0 -0 0 0 0 0 0 0 0 0 0 0 0 0 0 1 13150.8 13150.8 13150.8 13150.8
-1 -1 1 -1 -1 1 0 0 0 0 0 -3.38309e-09 -0 0 0 -0 0 0 0 0 0 0 0 0 0 0 0 0 0 1 13150.8 13150.8 13150.8 13150.8
-1 -1 1 -1 -1 1 0 0 0 0 0 1.71359e-09 -0 0 0 -0 0 0 0 0 0 0 0 0 0 0 0 0 0 1 13150.8 13150.8 13150.8 13150.8
-1 -1 1 -1 -1 1 0 0 0 0 0 -4.63226e-10 -0 0 0 -0 0 0 0 0 0 0 0 0 0 0 0 0 0 1 13150.8 13150.8 13150.8 13150.8
-1 -1 1 -1 -1 1 0 0 0 0 0 -2.66973e-09 -0 0 0 -0 0 0 0 0 0 0 0 0 0 0 0 0 0 1 13150.8 13150.8 13150.8 13150.8
-1 -1 1 -1 -1 1 0 0 0 0 0 2.38115e-09 -0 0 0 -0 0 0 0 0 0 0 0 0 0 0 0 0 0 1 13150.8 13150.8 13150.8 13150.8
-1 -1 1 -1 -1 1 0 0 0 0 0 1.91838e-10 -0 0 0 -0 0 0 0 0 0 0 0 0 0 0 0 0 0 1 13150.8 13150.8 13150.8 13150.8
-1 -1 1 -1 -1 1 0 0 0 0 0 -2.03592e-09 -0 0 0 -0 0 0 0 0 0 0 0 0 0 0 0 0 0 1 13150.8 13150.8 13150.8 13150.8
-1 -1 1 -1 -1 1 0 0 0 0 0 2.9867e-09 -0 0 0 -0 0 0 0 0 0 0 0 0 0 0 0 0 0 1 13150.8 13150.8 13150.8 13150.8
-1 -1 1 -1 -1 1 0 0 0 0 0 7.99293e-10 -0 0 0 -0 0 0 0 0 0 0 0 0 0 0 0 0 0 1 13150.8 13150.8 13150.8 13150.8
-1 -1 1 -1 -1 1 0 0 0 0 0 -1.39206e-09 -0 0 0 -0 0 0 0 0 0 0 0 0 0 0 0 0 0 1 13150.8 13150.8 13150.8 13150.8
-1 -1 1 -1 -1 1 0 0 0 0 0 -3.59103e-09 -0 0 0 -0 0 0 0 0 0 0 0 0 0 0 0 0 0 1 13150.8 13150.8 13150.8 13150.8
-1 -1 1 -1 -1 1 0 0 0 0 0 1.4815e-09 -0 0 0 -0 0 0 0 0 0 0 0 0 0 0 0 0 0 1 13150.8 13150.8 13150.8 13150.8
-1 -1 1 -1 -1 1 0 0 0 0 0 -7.09468e-10 -0 0 0 -0 0 0 0 0 0 0 0 0 0 0 0 0 0 1 13150.8 13150.8 13150.8 13150.8
-1 -1 1 -1 -1 1 0 0 0 0 0 -2.90231e-09 -0 0 0 -0 0 0 0 0 0 0 0 0 0 0 0 0 0 1 13150.8 13150.8 13150.8 13150.8
-1 -1 1 -1 -1 1 0 0 0 0 0 2.18484e-09 -0 0 0 -0 0 0 0 0 0 0 0 0 0 0 0 0 0 1 13150.8 13150.8 13150.8 13150.8
-1 -1 1 -1 -1 1 0 0 0 0 0 2.78501e-13 -0 0 0 -0 0 0 0 0 0 0 0 0 0 0 0 0 0 1 13150.8 13150.8 13150.8 13150.8
-1 -1 1 -1 -1 1 0 0 0 0 0 -2.18728e-09 -0 0 0 -0 0 0 0 0 0 0 0 0 0 0 0 0 0 1 13150.8 13150.8 13150.8 13150.8
-1 -1 1 -1 -1 1 0 0 0 0 0 2.90707e-09 -0 0 0 -0 0 0 0 0 0 0 0 0 0 0 0 0 0 1 13150.8 13150.8 13150.8 13150.8
-1 -1 1 -1 -1 1 0 0 0 0 0 7.128e-10 -0 0 0 -0 0 0 0 0 0 0 0 0 0 0 0 0 0 1 13150.8 13150.8 13150.8 13150.8
-1 -1 1 -1 -1 1 0 0 0 0 0 -1.47574e-09 -0 0 0 -0 0 0 0 0 0 0 0 0 0 0 0 0 0 1 13150.8 13150.8 13150.8 13150.8
-1 -1 1 -1 -1 1 0 0 0 0 0 -3.66504e-09 -0 0 0 -0 0 0 0 0 0 0 0 0 0 0 0 0 0 1 13150.8 13150.8 13150.8 13150.8
-1 -1 1 -1 -1 1 0 0 0 0 0 1.43224e-09 -0 0 0 -0 0 0 0 0 0 0 0 0 0 0 0 0 0 1 13150.8 13150.8 13150.8 13150.8
-1 -1 1 -1 -1 1 0 0 0 0 0 -7.54913e-10 -0 0 0 -0 0 0 0 0 0 0 0 0 0 0 0 0 0 1 13150.8 13150.8 13150.8 13150.8
-1 -1 1 -1 -1 1 0 0 0 0 0 -2.94206e-09 -0 0 0 -0 0 0 0 0 0 0 0 0 0 0 0 0 0 1 13150.8 13150.8 13150.8 13150.8
-1 -1 1 -1 -1 1 0 0 0 0 0 2.15798e-09 -0 0 0 -0 0 0 0 0 0 0 0 0 0 0 0 0 0 1 13150.8 13150.8 13150.8 13150.8
-1 -1 1 -1 -1 1 0 0 0 0 0 -3.00202e-11 -0 0 0 -0 0 0 0 0 0 0 0 0 0 0 0 0 0 1 13150.8 13150.8 13150.8 13150.8
-1 -1 1 -1 -1 1 0 0 0 0 0 -2.22439e-09 -0 0 0 -0 0 0 0 0 0 0 0 0 0 0 0 0 0 1 13150.8 13150.8 13150.8 13150.8
-1 -1 1 -1 -1 1 0 0 0 0 0 2.88306e-09 -0 0 0 -0 0 0 0 0 0 0 0 0 0 0 0 0 0 1 13150.8 13150.8 13150.8 13150.8
-1 -1 1 -1 -1 1 0 0 0 0 0 6.90636e-10 -0 0 0 -0 0 0 0 0 0 0 0 0 0 0 0 0 0 1 13150.8 13150.8 13150.8 13150.8
-1 -1 1 -1 -1 1 0 0 0 0 0 -1.4909e-09 -0 0 0 -0 0 0 0 0 0 0 0 0 0 0 0 0 0 1 13150.8 13150.8 13150.8 13150.8
-1 -1 1 -1 -1 1 0 0 0 0 0 3.6261e-09 -0 0 0 -0 0 0 0 0 0 0 0 0 0 0 0 0 0 1 13150.8 13150.8 13150.8 13150.8
-1 -1 1 -1 -1 1 0 0 0 0 0 1.43839e-09 -0 0 0 -0 0 0 0 0 0 0 0 0 0 0 0 0 0 1 13150.8 13150.8 13150.8 13150.8
-1 -1 1 -1 -1 1 0 0 0 0 0 -7.53842e-10 -0 0 0 -0 0 0 0 0 0 0 0 0 0 0 0 0 0 1 13150.8 13150.8 13150.8 13150.8
-1 -1 1 -1 -1 1 0 0 0 0 0 -2.93899e-09 -0 0 0 -0 0 0 0 0 0 0 0 0 0 0 0 0 0 1 13150.8 13150.8 13150.8 13150.8
-1 -1 1 -1 -1 1 0 0 0 0 0 2.1388e-09 -0 0 0 -0 0 0 0 0 0 0 0 0 0 0 0 0 0 1 13150.8 13150.8 13150.8 13150.8
-1 -1 1 -1 -1 1 0 0 0 0 0 -4.79808e-11 -0 0 0 -0 0 0 0 0 0 0 0 0 0 0 0 0 0 1 13150.8 13150.8 13150.8 13150.8
-1 -1 1 -1 -1 1 0 0 0 0 0 -2.23827e-09 -0 0 0 -0 0 0 0 0 0 0 0 0 0 0 0 0 0 1 13150.8 13150.8 13150.8 13150.8
-1 -1 1 -1 -1 1 0 0 0 0 0 2.86598e-09 -0 0 0 -0 0 0 0 0 0 0 0 0 0 0 0 0 0 1 13150.8 13150.8 13150.8 13150.8
-1 -1 1 -1 -1 1 0 0 0 0 0 6.68935e-10 -0 0 0 -0 0 0 0 0 0 0 0 0 0 0 0 0 0 1 13150.8 13150.8 13150.8 13150.8
-1 -1 1 -1 -1 1 0 0 0 0 0 -1.51129e-09 -0 0 0 -0 0 0 0 0 0 0 0 0 0 0 0 0 0 1 13150.8 13150.8 13150.8 13150.8
-1 -1 1 -1 -1 1 0 0 0 0 0 3.59549e-09 -0 0 0 -0 0 0 0 0 0 0 0 0 0 0 0 0 0 1 13150.8 13150.8 13150.8 13150.8
-1 -1 1 -1 -1 1 0 0 0 0 0 1.40409e-09 -0 0 0 -0 0 0 0 0 0 0 0 0 0 0 0 0 0 1 13150.8 13150.8 13150.8 13150.8
-1 -1 1 -1 -1 1 0 0 0 0 0 -7.9357e-10 -0 0 0 -0 0 0 0 0 0 0 0 0 0 0 0 0 0 1 13150.8 13150.8 13150.8 13150.8
-1 -1 1 -1 -1 1 0 0 0 0 0 -2.97301e-09 -0 0 0 -0 0 0 0 0 0 0 0 0 0 0 0 0 0 1 13150.8 13150.8 13150.8 13150.8
-1 -1 1 -1 -1 1 0 0 0 0 0 2.1131e-09 -0 0 0 -0 0 0 0 0 0 0 0 0 0 0 0 0 0 1 13150.8 13150.8 13150.8 13150.8
-1 -1 1 -1 -1 1 0 0 0 0 0 -7.35911e-11 -0 0 0 -0 0 0 0 0 0 0 0 0 0 0 0 0 0 1 13150.8 13150.8 13150.8 13150.8
-1 -1 1 -1 -1 1 0 0 0 0 0 -2.2799e-09 -0 0 0 -0 0 0 0 0 0 0 0 0 0 0 0 0 0 1 13150.8 13150.8 13150.8 13150.8
-1 -1 1 -1 -1 1 0 0 0 0 0 2.79065e-09 -0 0 0 -0 0 0 0 0 0 0 0 0 0 0 0 0 0 1 13150.8 13150.8 13150.8 13150.8
-1 -1 1 -1 -1 1 0 0 0 0 0 6.01738e-10 -0 0 0 -0 0 0 0 0 0 0 0 0 0 0 0 0 0 1 13150.8 13150.8 13150.8 13150.8
-1 -1 1 -1 -1 1 0 0 0 0 0 -1.58693e-09 -0 0 0 -0 0 0 0 0 0 0 0 0 0 0 0 0 0 1 13150.8 13150.8 13150.8 13150.8
-1 -1 1 -1 -1 1 0 0 0 0 0 3.50087e-09 -0 0 0 -0 0 0 0 0 0 0 0 0 0 0 0 0 0 1 13150.8 13150.8 13150.8 13150.8
-1 -1 1 -1 -1 1 0 0 0 0 0 1.30097e-09 -0 0 0 -0 0 0 0 0 0 0 0 0 0 0 0 0 0 1 13150.8 13150.8 13150.8 13150.8
-1 -1 1 -1 -1 1 0 0 0 0 0 -8.80838e-10 -0 0 0 -0 0 0 0 0 0 0 0 0 0 0 0 0 0 1 13150.8 13150.8 13150.8 13150.8
-1 -1 1 -1 -1 1 0 0 0 0 0 -3.07407e-09 -0 0 0 -0 0 0 0 0 0 0 0 0 0 0 0 0 0 1 13150.8 13150.8 13150.8 13150.8
-1 -1 1 -1 -1 1 0 0 0 0 0 2.01753e-09 -0 0 0 -0 0 0 0 0 0 0 0 0 0 0 0 0 0 1 13150.8 13150.8 13150.8 13150.8
-1 -1 1 -1 -1 1 0 0 0 0 0 -1.691e-10 -0 0 0 -0 0 0 0 0 0 0 0 0 0 0 0 0 0 1 13150.8 13150.8 13150.8 13150.8
-1 -1 1 -1 -1 1 0 0 0 0 0 -2.35792e-09 -0 0 0 -0 0 0 0 0 0 0 0 0 0 0 0 0 0 1 13150.8 13150.8 13150.8 13150.8
-1 -1 1 -1 -1 1 0 0 0 0 0 2.73435e-09 -0 0 0 -0 0 0 0 0 0 0 0 0 0 0 0 0 0 1 13150.8 13150.8 13150.8 13150.8
-1 -1 1 -1 -1 1 0 0 0 0 0 5.40991e-10 -0 0 0 -0 0 0 0 0 0 0 0 0 0 0 0 0 0 1 13150.8 13150.8 13150.8 13150.8
-1 -1 1 -1 -1 1 0 0 0 0 0 -1.6478e-09 -0 0 0 -0 0 0 0 0 0 0 0 0 0 0 0 0 0 1 13150.8 13150.8 13150.8 13150.8
-1 -1 1 -1 -1 1 0 0 0 0 0 3.47267e-09 -0 0 0 -0 0 0 0 0 0 0 0 0 0 0 0 0 0 1 13150.8 13150.8 13150.8 13150.8
-1 -1 1 -1 -1 1 0 0 0 0 0 1.29377e-09 -0 0 0 -0 0 0 0 0 0 0 0 0 0 0 0 0 0 1 13150.8 13150.8 13150.8 13150.8
-1 -1 1 -1 -1 1 0 0 0 0 0 -9.06336e-10 -0 0 0 -0 0 0 0 0 0 0 0 0 0 0 0 0 0 1 13150.8 13150.8 13150.8 13150.8
-1 -1 1 -1 -1 1 0 0 0 0 0 -3.08197e-09 -0 0 0 -0 0 0 0 0 0 0 0 0 0 0 0 0 0 1 13150.8 13150.8 13150.8 13150.8
-1 -1 1 -1 -1 1 0 0 0 0 0 2.0183e-09 -0 0 0 -0 0 0 0 0 0 0 0 0 0 0 0 0 0 1 13150.8 13150.8 13150.8 13150.8
-1 -1 1 -1 -1 1 0 0 0 0 0 -1.70078e-10 -0 0 0 -0 0 0 0 0 0 0 0 0 0 0 0 0 0 1 13150.8 13150.8 13150.8 13150.8
-1 -1 1 -1 -1 1 0 0 0 0 0 -2.37017e-09 -0 0 0 -0 0 0 0 0 0 0 0 0 0 0 0 0 0 1 13150.8 13150.8 13150.8 13150.8
-1 -1 1 -1 -1 1 0 0 0 0 0 2.72189e-09 -0 0 0 -0 0 0 0 0 0 0 0 0 0 0 0 0 0 1 13150.8 13150.8 13150.8 13150.8
-1 -1 1 -1 -1 1 0 0 0 0 0 5.34289e-10 -0 0 0 -0 0 0 0 0 0 0 0 0 0 0 0 0 0 1 13150.8 13150.8 13150.8 13150.8
-1 -1 1 -1 -1 1 0 0 0 0 0 -1.65031e-09 -0 0 0 -0 0 0 0 0 0 0 0 0 0 0 0 0 0 1 13150.8 13150.8 13150.8 13150.8
-1 -1 1 -1 -1 1 0 0 0 0 0 3.4496e-09 -0 0 0 -0 0 0 0 0 0 0 0 0 0 0 0 0 0 1 13150.8 13150.8 13150.8 13150.8
-1 -1 1 -1 -1 1 0 0 0 0 0 1.25835e-09 -0 0 0 -0 0 0 0 0 0 0 0 0 0 0 0 0 0 1 13150.8 13150.8 13150.8 13150.8
-1 -1 1 -1 -1 1 0 0 0 0 0 -9.30103e-10 -0 0 0 -0 0 0 0 0 0 0 0 0 0 0 0 0 0 1 13150.8 13150.8 13150.8 13150.8
-1 -1 1 -1 -1 1 0 0 0 0 0 -3.12424e-09 -0 0 0 -0 0 0 0 0 0 0 0 0 0 0 0 0 0 1 13150.8 13150.8 13150.8 13150.8
-1 -1 1 -1 -1 1 0 0 0 0 0 1.95984e-09 -0 0 0 -0 0 0 0 0 0 0 0 0 0 0 0 0 0 1 13150.8 13150.8 13150.8 13150.8
-1 -1 1 -1 -1 1 0 0 0 0 0 -2.27355e-10 -0 0 0 -0 0 0 0 0 0 0 0 0 0 0 0 0 0 1 13150.8 13150.8 13150.8 13150.8
-1 -1 1 -1 -1 1 0 0 0 0 0 -2.42253e-09 -0 0 0 -0 0 0 0 0 0 0 0 0 0 0 0 0 0 1 13150.8 13150.8 13150.8 13150.8
-1 -1 1 -1 -1 1 0 0 0 0 0 2.6677e-09 -0 0 0 -0 0 0 0 0 0 0 0 0 0 0 0 0 0 1 13150.8 13150.8 13150.8 13150.8
-1 -1 1 -1 -1 1 0 0 0 0 0 4.75677e-10 -0 0 0 -0 0 0 0 0 0 0 0 0 0 0 0 0 0 1 13150.8 13150.8 13150.8 13150.8
-1 -1 1 -1 -1 1 0 0 0 0 0 -1.71586e-09 -0 0 0 -0 0 0 0 0 0 0 0 0 0 0 0 0 0 1 13150.8 13150.8 13150.8 13150.8
-1 -1 1 -1 -1 1 0 0 0 0 0 3.36982e-09 -0 0 0 -0 0 0 0 0 0 0 0 0 0 0 0 0 0 1 13150.8 13150.8 13150.8 13150.8
-1 -1 1 -1 -1 1 0 0 0 0 0 1.17996e-09 -0 0 0 -0 0 0 0 0 0 0 0 0 0 0 0 0 0 1 13150.8 13150.8 13150.8 13150.8
-1 -1 1 -1 -1 1 0 0 0 0 0 -1.00652e-09 -0 0 0 -0 0 0 0 0 0 0 0 0 0 0 0 0 0 1 13150.8 13150.8 13150.8 13150.8
-1 -1 1 -1 -1 1 0 0 0 0 0 -3.2007e-09 -0 0 0 -0 0 0 0 0 0 0 0 0 0 0 0 0 0 1 13150.8 13150.8 13150.8 13150.8
-1 -1 1 -1 -1 1 0 0 0 0 0 1.88159e-09 -0 0 0 -0 0 0 0 0 0 0 0 0 0 0 0 0 0 1 13150.8 13150.8 13150.8 13150.8
-1 -1 1 -1 -1 1 0 0 0 0 0 -3.07791e-10 -0 0 0 -0 0 0 0 0 0 0 0 0 0 0 0 0 0 1 13150.8 13150.8 13150.8 13150.8
-1 -1 1 -1 -1 1 0 0 0 0 0 -2.4996e-09 -0 0 0 -0 0 0 0 0 0 0 0 0 0 0 0 0 0 1 13150.8 13150.8 13150.8 13150.8
-1 -1 1 -1 -1 1 0 0 0 0 0 2.58863e-09 -0 0 0 -0 0 0 0 0 0 0 0 0 0 0 0 0 0 1 13150.8 13150.8 13150.8 13150.8
-1 -1 1 -1 -1 1 0 0 0 0 0 3.97301e-10 -0 0 0 -0 0 0 0 0 0 0 0 0 0 0 0 0 0 1 13150.8 13150.8 13150.8 13150.8
-1 -1 1 -1 -1 1 0 0 0 0 0 -1.79559e-09 -0 0 0 -0 0 0 0 0 0 0 0 0 0 0 0 0 0 1 13150.8 13150.8 13150.8 13150.8
-1 -1 1 -1 -1 1 0 0 0 0 0 3.32621e-09 -0 0 0 -0 0 0 0 0 0 0 0 0 0 0 0 0 0 1 13150.8 13150.8 13150.8 13150.8
-1 -1 1 -1 -1 1 0 0 0 0 0 1.13708e-09 -0 0 0 -0 0 0 0 0 0 0 0 0 0 0 0 0 0 1 13150.8 13150.8 13150.8 13150.8
-1 -1 1 -1 -1 1 0 0 0 0 0 -1.04367e-09 -0 0 0 -0 0 0 0 0 0 0 0 0 0 0 0 0 0 1 13150.8 13150.8 13150.8 13150.8
-1 -1 1 -1 -1 1 0 0 0 0 0 -3.23387e-09 -0 0 0 -0 0 0 0 0 0 0 0 0 0 0 0 0 0 1 13150.8 13150.8 13150.8 13150.8
-1 -1 1 -1 -1 1 0 0 0 0 0 1.85593e-09 -0 0 0 -0 0 0 0 0 0 0 0 0 0 0 0 0 0 1 13150.8 13150.8 13150.8 13150.8
-1 -1 1 -1 -1 1 0 0 0 0 0 -3.35151e-10 -0 0 0 -0 0 0 0 0 0 0 0 0 0 0 0 0 0 1 13150.8 13150.8 13150.8 13150.8
-1 -1 1 -1 -1 1 0 0 0 0 0 -2.52439e-09 -0 0 0 -0 0 0 0 0 0 0 0 0 0 0 0 0 0 1 13150.8 13150.8 13150.8 13150.8
-1 -1 1 -1 -1 1 0 0 0 0 0 2.57253e-09 -0 0 0 -0 0 0 0 0 0 0 0 0 0 0 0 0 0 1 13150.8 13150.8 13150.8 13150.8
-1 -1 1 -1 -1 1 0 0 0 0 0 3.78515e-10 -0 0 0 -0 0 0 0 0 0 0 0 0 0 0 0 0 0 1 13150.8 13150.8 13150.8 13150.8
-1 -1 1 -1 -1 1 0 0 0 0 0 -1.81764e-09 -0 0 0 -0 0 0 0 0 0 0 0 0 0 0 0 0 0 1 13150.8 13150.8 13150.8 13150.8
-1 -1 1 -1 -1 1 0 0 0 0 0 3.2525e-09 -0 0 0 -0 0 0 0 0 0 0 0 0 0 0 0 0 0 1 13150.8 13150.8 13150.8 13150.8
-1 -1 1 -1 -1 1 0 0 0 0 0 1.05228e-09 -0 0 0 -0 0 0 0 0 0 0 0 0 0 0 0 0 0 1 13150.8 13150.8 13150.8 13150.8
-1 -1 1 -1 -1 1 0 0 0 0 0 -1.13375e-09 -0 0 0 -0 0 0 0 0 0 0 0 0 0 0 0 0 0 1 13150.8 13150.8 13150.8 13150.8
-1 -1 1 -1 -1 1 0 0 0 0 0 -3.32302e-09 -0 0 0 -0 0 0 0 0 0 0 0 0 0 0 0 0 0 1 13150.8 13150.8 13150.8 13150.8
-1 -1 1 -1 -1 1 0 0 0 0 0 1.76773e-09 -0 0 0 -0 0 0 0 0 0 0 0 0 0 0 0 0 0 1 13150.8 13150.8 13150.8 13150.8
-1 -1 1 -1 -1 1 0 0 0 0 0 -4.12422e-10 -0 0 0 -0 0 0 0 0 0 0 0 0 0 0 0 0 0 1 13150.8 13150.8 13150.8 13150.8
-1 -1 1 -1 -1 1 0 0 0 0 0 -2.61484e-09 -0 0 0 -0 0 0 0 0 0 0 0 0 0 0 0 0 0 1 13150.8 13150.8 13150.8 13150.8
-1 -1 1 -1 -1 1 0 0 0 0 0 2.47124e-09 -0 0 0 -0 0 0 0 0 0 0 0 0 0 0 0 0 0 1 13150.8 13150.8 13150.8 13150.8
-1 -1 1 -1 -1 1 0 0 0 0 0 2.83458e-10 -0 0 0 -0 0 0 0 0 0 0 0 0 0 0 0 0 0 1 13150.8 13150.8 13150.8 13150.8
-1 -1 1 -1 -1 1 0 0 0 0 0 -1.89971e-09 -0 0 0 -0 0 0 0 0 0 0 0 0 0 0 0 0 0 1 13150.8 13150.8 13150.8 13150.8
-1 -1 1 -1 -1 1 0 0 0 0 0 3.20188e-09 -0 0 0 -0 0 0 0 0 0 0 0 0 0 0 0 0 0 1 13150.8 13150.8 13150.8 13150.8
-1 -1 1 -1 -1 1 0 0 0 0 0 1.01128e-09 -0 0 0 -0 0 0 0 0 0 0 0 0 0 0 0 0 0 1 13150.8 13150.8 13150.8 13150.8
-1 -1 1 -1 -1 1 0 0 0 0 0 -1.17721e-09 -0 0 0 -0 0 0 0 0 0 0 0 0 0 0 0 0 0 1 13150.8 13150.8 13150.8 13150.8
-1 -1 1 -1 -1 1 0 0 0 0 0 -3.38038e-09 -0 0 0 -0 0 0 0 0 0 0 0 0 0 0 0 0 0 1 13150.8 13150.8 13150.8 13150.8
-1 -1 1 -1 -1 1 0 0 0 0 0 1.69323e-09 -0 0 0 -0 0 0 0 0 0 0 0 0 0 0 0 0 0 1 13150.8 13150.8 13150.8 13150.8
-1 -1 1 -1 -1 1 0 0 0 0 0 -4.94747e-10 -0 0 0 -0 0 0 0 0 0 0 0 0 0 0 0 0 0 1 13150.8 13150.8 13150.8 13150.8
-1 -1 1 -1 -1 1 0 0 0 0 0 -2.67684e-09 -0 0 0 -0 0 0 0 0 0 0 0 0 0 0 0 0 0 1 13150.8 13150.8 13150.8 13150.8
-1 -1 1 -1 -1 1 0 0 0 0 0 2.42392e-09 -0 0 0 -0 0 0 0 0 0 0 0 0 0 0 0 0 0 1 13150.8 13150.8 13150.8 13150.8
-1 -1 1 -1 -1 1 0 0 0 0 0 2.28608e-10 -0 0 0 -0 0 0 0 0 0 0 0 0 0 0 0 0 0 1 13150.8 13150.8 13150.8 13150.8
-1 -1 1 -1 -1 1 0 0 0 0 0 -1.96556e-09 -0 0 0 -0 0 0 0 0 0 0 0 0 0 0 0 0 0 1 13150.8 13150.8 13150.8 13150.8
-1 -1 1 -1 -1 1 0 0 0 0 0 3.14089e-09 -0 0 0 -0 0 0 0 0 0 0 0 0 0 0 0 0 0 1 13150.8 13150.8 13150.8 13150.8
-1 -1 1 -1 -1 1 0 0 0 0 0 9.66147e-10 -0 0 0 -0 0 0 0 0 0 0 0 0 0 0 0 0 0 1 13150.8 13150.8 13150.8 13150.8
-1 -1 1 -1 -1 1 0 0 0 0 0 -1.22884e-09 -0 0 0 -0 0 0 0 0 0 0 0 0 0 0 0 0 0 1 13150.8 13150.8 13150.8 13150.8
-1 -1 1 -1 -1 1 0 0 0 0 0 -3.41341e-09 -0 0 0 -0 0 0 0 0 0 0 0 0 0 0 0 0 0 1 13150.8 13150.8 13150.8 13150.8
-1 -1 1 -1 -1 1 0 0 0 0 0 1.68895e-09 -0 0 0 -0 0 0 0 0 0 0 0 0 0 0 0 0 0 1 13150.8 13150.8 13150.8 13150.8
-1 -1 1 -1 -1 1 0 0 0 0 0 -4.96173e-10 -0 0 0 -0 0 0 0 0 0 0 0 0 0 0 0 0 0 1 13150.8 13150.8 13150.8 13150.8
-1 -1 1 -1 -1 1 0 0 0 0 0 -2.68618e-09 -0 0 0 -0 0 0 0 0 0 0 0 0 0 0 0 0 0 1 13150.8 13150.8 13150.8 13150.8
-1 -1 1 -1 -1 1 0 0 0 0 0 2.41066e-09 -0 0 0 -0 0 0 0 0 0 0 0 0 0 0 0 0 0 1 13150.8 13150.8 13150.8 13150.8
-1 -1 1 -1 -1 1 0 0 0 0 0 2.13405e-10 -0 0 0 -0 0 0 0 0 0 0 0 0 0 0 0 0 0 1 13150.8 13150.8 13150.8 13150.8
-1 -1 1 -1 -1 1 0 0 0 0 0 -1.96777e-09 -0 0 0 -0 0 0 0 0 0 0 0 0 0 0 0 0 0 1 13150.8 13150.8 13150.8 13150.8
-1 -1 1 -1 -1 1 0 0 0 0 0 3.12874e-09 -0 0 0 -0 0 0 0 0 0 0 0 0 0 0 0 0 0 1 13150.8 13150.8 13150.8 13150.8
-1 -1 1 -1 -1 1 0 0 0 0 0 9.32134e-10 -0 0 0 -0 0 0 0 0 0 0 0 0 0 0 0 0 0 1 13150.8 13150.8 13150.8 13150.8
-1 -1 1 -1 -1 1 0 0 0 0 0 -1.26076e-09 -0 0 0 -0 0 0 0 0 0 0 0 0 0 0 0 0 0 1 13150.8 13150.8 13150.8 13150.8
-1 -1 1 -1 -1 1 0 0 0 0 0 -3.44351e-09 -0 0 0 -0 0 0 0 0 0 0 0 0 0 0 0 0 0 1 13150.8 13150.8 13150.8 13150.8
-1 -1 1 -1 -1 1 0 0 0 0 0 1.65815e-09 -0 0 0 -0 0 0 0 0 0 0 0 0 0 0 0 0 0 1 13150.8 13150.8 13150.8 13150.8
-1 -1 1 -1 -1 1 0 0 0 0 0 -5.28644e-10 -0 0 0 -0 0 0 0 0 0 0 0 0 0 0 0 0 0 1 13150.8 13150.8 13150.8 13150.8
-1 -1 1 -1 -1 1 0 0 0 0 0 -2.71613e-09 -0 0 0 -0 0 0 0 0 0 0 0 0 0 0 0 0 0 1 13150.8 13150.8 13150.8 13150.8
-1 -1 1 -1 -1 1 0 0 0 0 0 2.37441e-09 -0 0 0 -0 0 0 0 0 0 0 0 0 0 0 0 0 0 1 13150.8 13150.8 13150.8 13150.8
-1 -1 1 -1 -1 1 0 0 0 0 0 1.81633e-10 -0 0 0 -0 0 0 0 0 0 0 0 0 0 0 0 0 0 1 13150.8 13150.8 13150.8 13150.8
-1 -1 1 -1 -1 1 0 0 0 0 0 -2.00629e-09 -0 0 0 -0 0 0 0 0 0 0 0 0 0 0 0 0 0 1 13150.8 13150.8 13150.8 13150.8
-1 -1 1 -1 -1 1 0 0 0 0 0 3.08981e-09 -0 0 0 -0 0 0 0 0 0 0 0 0 0 0 0 0 0 1 13150.8 13150.8 13150.8 13150.8
-1 -1 1 -1 -1 1 0 0 0 0 0 9.00936e-10 -0 0 0 -0 0 0 0 0 0 0 0 0 0 0 0 0 0 1 13150.8 13150.8 13150.8 13150.8
-1 -1 1 -1 -1 1 0 0 0 0 0 -1.28745e-09 -0 0 0 -0 0 0 0 0 0 0 0 0 0 0 0 0 0 1 13150.8 13150.8 13150.8 13150.8
-1 -1 1 -1 -1 1 0 0 0 0 0 -3.47588e-09 -0 0 0 -0 0 0 0 0 0 0 0 0 0 0 0 0 0 1 13150.8 13150.8 13150.8 13150.8
-1 -1 1 -1 -1 1 0 0 0 0 0 1.63524e-09 -0 0 0 -0 0 0 0 0 0 0 0 0 0 0 0 0 0 1 13150.8 13150.8 13150.8 13150.8
-1 -1 1 -1 -1 1 0 0 0 0 0 -5.46468e-10 -0 0 0 -0 0 0 0 0 0 0 0 0 0 0 0 0 0 1 13150.8 13150.8 13150.8 13150.8
-1 -1 1 -1 -1 1 0 0 0 0 0 -2.73987e-09 -0 0 0 -0 0 0 0 0 0 0 0 0 0 0 0 0 0 1 13150.8 13150.8 13150.8 13150.8
-1 -1 1 -1 -1 1 0 0 0 0 0 2.37604e-09 -0 0 0 -0 0 0 0 0 0 0 0 0 0 0 0 0 0 1 13150.8 13150.8 13150.8 13150.8
-1 -1 1 -1 -1 1 0 0 0 0 0 1.90046e-10 -0 0 0 -0 0 0 0 0 0 0 0 0 0 0 0 0 0 1 13150.8 13150.8 13150.8 13150.8
-1 -1 1 -1 -1 1 0 0 0 0 0 -1.99574e-09 -0 0 0 -0 0 0 0 0 0 0 0 0 0 0 0 0 0 1 13150.8 13150.8 13150.8 13150.8
-1 -1 1 -1 -1 1 0 0 0 0 0 3.09538e-09 -0 0 0 -0 0 0 0 0 0 0 0 0 0 0 0 0 0 1 13150.8 13150.8 13150.8 13150.8
-1 -1 1 -1 -1 1 0 0 0 0 0 9.01276e-10 -0 0 0 -0 0 0 0 0 0 0 0 0 0 0 0 0 0 1 13150.8 13150.8 13150.8 13150.8
-1 -1 1 -1 -1 1 0 0 0 0 0 -1.28384e-09 -0 0 0 -0 0 0 0 0 0 0 0 0 0 0 0 0 0 1 13150.8 13150.8 13150.8 13150.8
-1 -1 1 -1 -1 1 0 0 0 0 0 -3.48389e-09 -0 0 0 -0 0 0 0 0 0 0 0 0 0 0 0 0 0 1 13150.8 13150.8 13150.8 13150.8
-1 -1 1 -1 -1 1 0 0 0 0 0 1.59439e-09 -0 0 0 -0 0 0 0 0 0 0 0 0 0 0 0 0 0 1 13150.8 13150.8 13150.8 13150.8
-1 -1 1 -1 -1 1 0 0 0 0 0 -5.94259e-10 -0 0 0 -0 0 0 0 0 0 0 0 0 0 0 0 0 0 1 13150.8 13150.8 13150.8 13150.8
-1 -1 1 -1 -1 1 0 0 0 0 0 -2.78016e-09 -0 0 0 -0 0 0 0 0 0 0 0 0 0 0 0 0 0 1 13150.8 13150.8 13150.8 13150.8
-1 -1 1 -1 -1 1 0 0 0 0 0 2.31212e-09 -0 0 0 -0 0 0 0 0 0 0 0 0 0 0 0 0 0 1 13150.8 13150.8 13150.8 13150.8
-1 -1 1 -1 -1 1 0 0 0 0 0 1.17032e-10 -0 0 0 -0 0 0 0 0 0 0 0 0 0 0 0 0 0 1 13150.8 13150.8 13150.8 13150.8
-1 -1 1 -1 -1 1 0 0 0 0 0 -2.07067e-09 -0 0 0 -0 0 0 0 0 0 0 0 0 0 0 0 0 0 1 13150.8 13150.8 13150.8 13150.8
-1 -1 1 -1 -1 1 0 0 0 0 0 3.0655e-09 -0 0 0 -0 0 0 0 0 0 0 0 0 0 0 0 0 0 1 13150.8 13150.8 13150.8 13150.8
-1 -1 1 -1 -1 1 0 0 0 0 0 8.9161e-10 -0 0 0 -0 0 0 0 0 0 0 0 0 0 0 0 0 0 1 13150.8 13150.8 13150.8 13150.8
-1 -1 1 -1 -1 1 0 0 0 0 0 -1.31084e-09 -0 0 0 -0 0 0 0 0 0 0 0 0 0 0 0 0 0 1 13150.8 13150.8 13150.8 13150.8
-1 -1 1 -1 -1 1 0 0 0 0 0 -3.48521e-09 -0 0 0 -0 0 0 0 0 0 0 0 0 0 0 0 0 0 1 13150.8 13150.8 13150.8 13150.8
-1 -1 1 -1 -1 1 0 0 0 0 0 1.61142e-09 -0 0 0 -0 0 0 0 0 0 0 0 0 0 0 0 0 0 1 13150.8 13150.8 13150.8 13150.8
-1 -1 1 -1 -1 1 0 0 0 0 0 -5.76174e-10 -0 0 0 -0 0 0 0 0 0 0 0 0 0 0 0 0 0 1 13150.8 13150.8 13150.8 13150.8
-1 -1 1 -1 -1 1 0 0 0 0 0 -2.77326e-09 -0 0 0 -0 0 0 0 0 0 0 0 0 0 0 0 0 0 1 13150.8 13150.8 13150.8 13150.8
-1 -1 1 -1 -1 1 0 0 0 0 0 2.31827e-09 -0 0 0 -0 0 0 0 0 0 0 0 0 0 0 0 0 0 1 13150.8 13150.8 13150.8 13150.8
-1 -1 1 -1 -1 1 0 0 0 0 0 1.29832e-10 -0 0 0 -0 0 0 0 0 0 0 0 0 0 0 0 0 0 1 13150.8 13150.8 13150.8 13150.8
-1 -1 1 -1 -1 1 0 0 0 0 0 -2.06177e-09 -0 0 0 -0 0 0 0 0 0 0 0 0 0 0 0 0 0 1 13150.8 13150.8 13150.8 13150.8
-1 -1 1 -1 -1 1 0 0 0 0 0 3.05812e-09 -0 0 0 -0 0 0 0 0 0 0 0 0 0 0 0 0 0 1 13150.8 13150.8 13150.8 13150.8
-1 -1 1 -1 -1 1 0 0 0 0 0 8.80487e-10 -0 0 0 -0 0 0 0 0 0 0 0 0 0 0 0 0 0 1 13150.8 13150.8 13150.8 13150.8
-1 -1 1 -1 -1 1 0 0 0 0 0 -1.3128e-09 -0 0 0 -0 0 0 0 0 0 0 0 0 0 0 0 0 0 1 13150.8 13150.8 13150.8 13150.8
-1 -1 1 -1 -1 1 0 0 0 0 0 -3.49818e-09 -0 0 0 -0 0 0 0 0 0 0 0 0 0 0 0 0 0 1 13150.8 13150.8 13150.8 13150.8
-1 -1 1 -1 -1 1 0 0 0 0 0 1.59439e-09 -0 0 0 -0 0 0 0 0 0 0 0 0 0 0 0 0 0 1 13150.8 13150.8 13150.8 13150.8
-1 -1 1 -1 -1 1 0 0 0 0 0 -5.94256e-10 -0 0 0 -0 0 0 0 0 0 0 0 0 0 0 0 0 0 1 13150.8 13150.8 13150.8 13150.8
-1 -1 1 -1 -1 1 0 0 0 0 0 -2.79181e-09 -0 0 0 -0 0 0 0 0 0 0 0 0 0 0 0 0 0 1 13150.8 13150.8 13150.8 13150.8
-1 -1 1 -1 -1 1 0 0 0 0 0 2.28544e-09 -0 0 0 -0 0 0 0 0 0 0 0 0 0 0 0 0 0 1 13150.8 13150.8 13150.8 13150.8
-1 -1 1 -1 -1 1 0 0 0 0 0 9.56277e-11 -0 0 0 -0 0 0 0 0 0 0 0 0 0 0 0 0 0 1 13150.8 13150.8 13150.8 13150.8
-1 -1 1 -1 -1 1 0 0 0 0 0 -2.09426e-09 -0 0 0 -0 0 0 0 0 0 0 0 0 0 0 0 0 0 1 13150.8 13150.8 13150.8 13150.8
-1 -1 1 -1 -1 1 0 0 0 0 0 3.00321e-09 -0 0 0 -0 0 0 0 0 0 0 0 0 0 0 0 0 0 1 13150.8 13150.8 13150.8 13150.8
-1 -1 1 -1 -1 1 0 0 0 0 0 8.13855e-10 -0 0 0 -0 0 0 0 0 0 0 0 0 0 0 0 0 0 1 13150.8 13150.8 13150.8 13150.8
-1 -1 1 -1 -1 1 0 0 0 0 0 -1.38742e-09 -0 0 0 -0 0 0 0 0 0 0 0 0 0 0 0 0 0 1 13150.8 13150.8 13150.8 13150.8
-1 -1 1 -1 -1 1 0 0 0 0 0 -3.56356e-09 -0 0 0 -0 0 0 0 0 0 0 0 0 0 0 0 0 0 1 13150.8 13150.8 13150.8 13150.8
-1 -1 1 -1 -1 1 0 0 0 0 0 1.54235e-09 -0 0 0 -0 0 0 0 0 0 0 0 0 0 0 0 0 0 1 13150.8 13150.8 13150.8 13150.8
-1 -1 1 -1 -1 1 0 0 0 0 0 -6.42433e-10 -0 0 0 -0 0 0 0 0 0 0 0 0 0 0 0 0 0 1 13150.8 13150.8 13150.8 13150.8
-1 -1 1 -1 -1 1 0 0 0 0 0 -2.84135e-09 -0 0 0 -0 0 0 0 0 0 0 0 0 0 0 0 0 0 1 13150.8 13150.8 13150.8 13150.8
-1 -1 1 -1 -1 1 0 0 0 0 0 2.24191e-09 -0 0 0 -0 0 0 0 0 0 0 0 0 0 0 0 0 0 1 13150.8 13150.8 13150.8 13150.8
-1 -1 1 -1 -1 1 0 0 0 0 0 5.25729e-11 -0 0 0 -0 0 0 0 0 0 0 0 0 0 0 0 0 0 1 13150.8 13150.8 13150.8 13150.8
-1 -1 1 -1 -1 1 0 0 0 0 0 -2.13789e-09 -0 0 0 -0 0 0 0 0 0 0 0 0 0 0 0 0 0 1 13150.8 13150.8 13150.8 13150.8
-1 -1 1 -1 -1 1 0 0 0 0 0 2.96299e-09 -0 0 0 -0 0 0 0 0 0 0 0 0 0 0 0 0 0 1 13150.8 13150.8 13150.8 13150.8
-1 -1 1 -1 -1 1 0 0 0 0 0 7.77286e-10 -0 0 0 -0 0 0 0 0 0 0 0 0 0 0 0 0 0 1 13150.8 13150.8 13150.8 13150.8
-1 -1 1 -1 -1 1 0 0 0 0 0 -1.41098e-09 -0 0 0 -0 0 0 0 0 0 0 0 0 0 0 0 0 0 1 13150.8 13150.8 13150.8 13150.8
-1 -1 1 -1 -1 1 0 0 0 0 0 -3.60118e-09 -0 0 0 -0 0 0 0 0 0 0 0 0 0 0 0 0 0 1 13150.8 13150.8 13150.8 13150.8
-1 -1 1 -1 -1 1 0 0 0 0 0 1.50019e-09 -0 0 0 -0 0 0 0 0 0 0 0 0 0 0 0 0 0 1 13150.8 13150.8 13150.8 13150.8
-1 -1 1 -1 -1 1 0 0 0 0 0 -6.8726e-10 -0 0 0 -0 0 0 0 0 0 0 0 0 0 0 0 0 0 1 13150.8 13150.8 13150.8 13150.8
-1 -1 1 -1 -1 1 0 0 0 0 0 -2.87873e-09 -0 0 0 -0 0 0 0 0 0 0 0 0 0 0 0 0 0 1 13150.8 13150.8 13150.8 13150.8
-1 -1 1 -1 -1 1 0 0 0 0 0 2.2081e-09 -0 0 0 -0 0 0 0 0 0 0 0 0 0 0 0 0 0 1 13150.8 13150.8 13150.8 13150.8
-1 -1 1 -1 -1 1 0 0 0 0 0 1.80502e-11 -0 0 0 -0 0 0 0 0 0 0 0 0 0 0 0 0 0 1 13150.8 13150.8 13150.8 13150.8
-1 -1 1 -1 -1 1 0 0 0 0 0 -2.17161e-09 -0 0 0 -0 0 0 0 0 0 0 0 0 0 0 0 0 0 1 13150.8 13150.8 13150.8 13150.8
-1 -1 1 -1 -1 1 0 0 0 0 0 2.92179e-09 -0 0 0 -0 0 0 0 0 0 0 0 0 0 0 0 0 0 1 13150.8 13150.8 13150.8 13150.8
-1 -1 1 -1 -1 1 0 0 0 0 0 7.28626e-10 -0 0 0 -0 0 0 0 0 0 0 0 0 0 0 0 0 0 1 13150.8 13150.8 13150.8 13150.8
-1 -1 1 -1 -1 1 0 0 0 0 0 -1.45887e-09 -0 0 0 -0 0 0 0 0 0 0 0 0 0 0 0 0 0 1 13150.8 13150.8 13150.8 13150.8
-1 -1 1 -1 -1 1 0 0 0 0 0 3.63246e-09 -0 0 0 -0 0 0 0 0 0 0 0 0 0 0 0 0 0 1 13150.8 13150.8 13150.8 13150.8
-1 -1 1 -1 -1 1 0 0 0 0 0 1.43788e-09 -0 0 0 -0 0 0 0 0 0 0 0 0 0 0 0 0 0 1 13150.8 13150.8 13150.8 13150.8
-1 -1 1 -1 -1 1 0 0 0 0 0 -7.44654e-10 -0 0 0 -0 0 0 0 0 0 0 0 0 0 0 0 0 0 1 13150.8 13150.8 13150.8 13150.8
-1 -1 1 -1 -1 1 0 0 0 0 0 -2.95248e-09 -0 0 0 -0 0 0 0 0 0 0 0 0 0 0 0 0 0 1 13150.8 13150.8 13150.8 13150.8
-1 -1 1 -1 -1 1 0 0 0 0 0 2.14322e-09 -0 0 0 -0 0 0 0 0 0 0 0 0 0 0 0 0 0 1 13150.8 13150.8 13150.8 13150.8
-1 -1 1 -1 -1 1 0 0 0 0 0 -3.64433e-11 -0 0 0 -0 0 0 0 0 0 0 0 0 0 0 0 0 0 1 13150.8 13150.8 13150.8 13150.8
-1 -1 1 -1 -1 1 0 0 0 0 0 -2.22353e-09 -0 0 0 -0 0 0 0 0 0 0 0 0 0 0 0 0 0 1 13150.8 13150.8 13150.8 13150.8
-1 -1 1 -1 -1 1 0 0 0 0 0 2.86664e-09 -0 0 0 -0 0 0 0 0 0 0 0 0 0 0 0 0 0 1 13150.8 13150.8 13150.8 13150.8
-1 -1 1 -1 -1 1 0 0 0 0 0 6.7393e-10 -0 0 0 -0 0 0 0 0 0 0 0 0 0 0 0 0 0 1 13150.8 13150.8 13150.8 13150.8
-1 -1 1 -1 -1 1 0 0 0 0 0 -1.51543e-09 -0 0 0 -0 0 0 0 0 0 0 0 0 0 0 0 0 0 1 13150.8 13150.8 13150.8 13150.8
-1 -1 1 -1 -1 1 0 0 0 0 0 3.58732e-09 -0 0 0 -0 0 0 0 0 0 0 0 0 0 0 0 0 0 1 13150.8 13150.8 13150.8 13150.8
-1 -1 1 -1 -1 1 0 0 0 0 0 1.40114e-09 -0 0 0 -0 0 0 0 0 0 0 0 0 0 0 0 0 0 1 13150.8 13150.8 13150.8 13150.8
-1 -1 1 -1 -1 1 0 0 0 0 0 -7.84271e-10 -0 0 0 -0 0 0 0 0 0 0 0 0 0 0 0 0 0 1 13150.8 13150.8 13150.8 13150.8
-1 -1 1 -1 -1 1 0 0 0 0 0 -2.97235e-09 -0 0 0 -0 0 0 0 0 0 0 0 0 0 0 0 0 0 1 13150.8 13150.8 13150.8 13150.8
-1 -1 1 -1 -1 1 0 0 0 0 0 2.124e-09 -0 0 0 -0 0 0 0 0 0 0 0 0 0 0 0 0 0 1 13150.8 13150.8 13150.8 13150.8
-1 -1 1 -1 -1 1 0 0 0 0 0 -6.80187e-11 -0 0 0 -0 0 0 0 0 0 0 0 0 0 0 0 0 0 1 13150.8 13150.8 13150.8 13150.8
-1 -1 1 -1 -1 1 0 0 0 0 0 -2.26289e-09 -0 0 0 -0 0 0 0 0 0 0 0 0 0 0 0 0 0 1 13150.8 13150.8 13150.8 13150.8
-1 -1 1 -1 -1 1 0 0 0 0 0 2.81697e-09 -0 0 0 -0 0 0 0 0 0 0 0 0 0 0 0 0 0 1 13150.8 13150.8 13150.8 13150.8
-1 -1 1 -1 -1 1 0 0 0 0 0 6.15123e-10 -0 0 0 -0 0 0 0 0 0 0 0 0 0 0 0 0 0 1 13150.8 13150.8 13150.8 13150.8
-1 -1 1 -1 -1 1 0 0 0 0 0 -1.5609e-09 -0 0 0 -0 0 0 0 0 0 0 0 0 0 0 0 0 0 1 13150.8 13150.8 13150.8 13150.8
-1 -1 1 -1 -1 1 0 0 0 0 0 3.53201e-09 -0 0 0 -0 0 0 0 0 0 0 0 0 0 0 0 0 0 1 13150.8 13150.8 13150.8 13150.8
-1 -1 1 -1 -1 1 0 0 0 0 0 1.33919e-09 -0 0 0 -0 0 0 0 0 0 0 0 0 0 0 0 0 0 1 13150.8 13150.8 13150.8 13150.8
-1 -1 1 -1 -1 1 0 0 0 0 0 -8.48288e-10 -0 0 0 -0 0 0 0 0 0 0 0 0 0 0 0 0 0 1 13150.8 13150.8 13150.8 13150.8
-1 -1 1 -1 -1 1 0 0 0 0 0 -3.04565e-09 -0 0 0 -0 0 0 0 0 0 0 0 0 0 0 0 0 0 1 13150.8 13150.8 13150.8 13150.8
-1 -1 1 -1 -1 1 0 0 0 0 0 2.05944e-09 -0 0 0 -0 0 0 0 0 0 0 0 0 0 0 0 0 0 1 13150.8 13150.8 13150.8 13150.8
-1 -1 1 -1 -1 1 0 0 0 0 0 -1.24342e-10 -0 0 0 -0 0 0 0 0 0 0 0 0 0 0 0 0 0 1 13150.8 13150.8 13150.8 13150.8
-1 -1 1 -1 -1 1 0 0 0 0 0 -2.31224e-09 -0 0 0 -0 0 0 0 0 0 0 0 0 0 0 0 0 0 1 13150.8 13150.8 13150.8 13150.8
-1 -1 1 -1 -1 1 0 0 0 0 0 2.81208e-09 -0 0 0 -0 0 0 0 0 0 0 0 0 0 0 0 0 0 1 13150.8 13150.8 13150.8 13150.8
-1 -1 1 -1 -1 1 0 0 0 0 0 6.32316e-10 -0 0 0 -0 0 0 0 0 0 0 0 0 0 0 0 0 0 1 13150.8 13150.8 13150.8 13150.8
-1 -1 1 -1 -1 1 0 0 0 0 0 -1.55484e-09 -0 0 0 -0 0 0 0 0 0 0 0 0 0 0 0 0 0 1 13150.8 13150.8 13150.8 13150.8
-1 -1 1 -1 -1 1 0 0 0 0 0 3.61921e-09 -0 0 0 -0 0 0 0 0 0 0 0 0 0 0 0 0 0 1 13150.8 13150.8 13150.8 13150.8
-1 -1 1 -1 -1 1 0 0 0 0 0 1.45858e-09 -0 0 0 -0 0 0 0 0 0 0 0 0 0 0 0 0 0 1 13150.8 13150.8 13150.8 13150.8
-1 -1 1 -1 -1 1 0 0 0 0 0 -7.3176e-10 -0 0 0 -0 0 0 0 0 0 0 0 0 0 0 0 0 0 1 13150.8 13150.8 13150.8 13150.8
-1 -1 1 -1 -1 1 0 0 0 0 0 -2.91201e-09 -0 0 0 -0 0 0 0 0 0 0 0 0 0 0 0 0 0 1 13150.8 13150.8 13150.8 13150.8
-1 -1 1 -1 -1 1 0 0 0 0 0 2.18032e-09 -0 0 0 -0 0 0 0 0 0 0 0 0 0 0 0 0 0 1 13150.8 13150.8 13150.8 13150.8
-1 -1 1 -1 -1 1 0 0 0 0 0 -1.44499e-11 -0 0 0 -0 0 0 0 0 0 0 0 0 0 0 0 0 0 1 13150.8 13150.8 13150.8 13150.8
-1 -1 1 -1 -1 1 0 0 0 0 0 -2.20142e-09 -0 0 0 -0 0 0 0 0 0 0 0 0 0 0 0 0 0 1 13150.8 13150.8 13150.8 13150.8
-1 -1 1 -1 -1 1 0 0 0 0 0 2.89431e-09 -0 0 0 -0 0 0 0 0 0 0 0 0 0 0 0 0 0 1 13150.8 13150.8 13150.8 13150.8
-1 -1 1 -1 -1 1 0 0 0 0 0 7.0003e-10 -0 0 0 -0 0 0 0 0 0 0 0 0 0 0 0 0 0 1 13150.8 13150.8 13150.8 13150.8
-1 -1 1 -1 -1 1 0 0 0 0 0 -1.4858e-09 -0 0 0 -0 0 0 0 0 0 0 0 0 0 0 0 0 0 1 13150.8 13150.8 13150.8 13150.8
-1 -1 1 -1 -1 1 0 0 0 0 0 -3.68178e-09 -0 0 0 -0 0 0 0 0 0 0 0 0 0 0 0 0 0 1 13150.8 13150.8 13150.8 13150.8
-1 -1 1 -1 -1 1 0 0 0 0 0 1.41431e-09 -0 0 0 -0 0 0 0 0 0 0 0 0 0 0 0 0 0 1 13150.8 13150.8 13150.8 13150.8
-1 -1 1 -1 -1 1 0 0 0 0 0 -7.74181e-10 -0 0 0 -0 0 0 0 0 0 0 0 0 0 0 0 0 0 1 13150.8 13150.8 13150.8 13150.8
-1 -1 1 -1 -1 1 0 0 0 0 0 -2.96518e-09 -0 0 0 -0 0 0 0 0 0 0 0 0 0 0 0 0 0 1 13150.8 13150.8 13150.8 13150.8
-1 -1 1 -1 -1 1 0 0 0 0 0 2.12436e-09 -0 0 0 -0 0 0 0 0 0 0 0 0 0 0 0 0 0 1 13150.8 13150.8 13150.8 13150.8
-1 -1 1 -1 -1 1 0 0 0 0 0 -6.31127e-11 -0 0 0 -0 0 0 0 0 0 0 0 0 0 0 0 0 0 1 13150.8 13150.8 13150.8 13150.8
-1 -1 1 -1 -1 1 0 0 0 0 0 -2.25037e-09 -0 0 0 -0 0 0 0 0 0 0 0 0 0 0 0 0 0 1 13150.8 13150.8 13150.8 13150.8
-1 -1 1 -1 -1 1 0 0 0 0 0 2.8573e-09 -0 0 0 -0 0 0 0 0 0 0 0 0 0 0 0 0 0 1 13150.8 13150.8 13150.8 13150.8
-1 -1 1 -1 -1 1 0 0 0 0 0 6.68869e-10 -0 0 0 -0 0 0 0 0 0 0 0 0 0 0 0 0 0 1 13150.8 13150.8 13150.8 13150.8
-1 -1 1 -1 -1 1 0 0 0 0 0 -1.51804e-09 -0 0 0 -0 0 0 0 0 0 0 0 0 0 0 0 0 0 1 13150.8 13150.8 13150.8 13150.8
-1 -1 1 -1 -1 1 0 0 0 0 0 3.58815e-09 -0 0 0 -0 0 0 0 0 0 0 0 0 0 0 0 0 0 1 13150.8 13150.8 13150.8 13150.8
-1 -1 1 -1 -1 1 0 0 0 0 0 1.40361e-09 -0 0 0 -0 0 0 0 0 0 0 0 0 0 0 0 0 0 1 13150.8 13150.8 13150.8 13150.8
-1 -1 1 -1 -1 1 0 0 0 0 0 -7.84222e-10 -0 0 0 -0 0 0 0 0 0 0 0 0 0 0 0 0 0 1 13150.8 13150.8 13150.8 13150.8
-1 -1 1 -1 -1 1 0 0 0 0 0 -2.97297e-09 -0 0 0 -0 0 0 0 0 0 0 0 0 0 0 0 0 0 1 13150.8 13150.8 13150.8 13150.8
-1 -1 1 -1 -1 1 0 0 0 0 0 2.12375e-09 -0 0 0 -0 0 0 0 0 0 0 0 0 0 0 0 0 0 1 13150.8 13150.8 13150.8 13150.8
-1 -1 1 -1 -1 1 0 0 0 0 0 -6.80151e-11 -0 0 0 -0 0 0 0 0 0 0 0 0 0 0 0 0 0 1 13150.8 13150.8 13150.8 13150.8
-1 -1 1 -1 -1 1 0 0 0 0 0 -2.25781e-09 -0 0 0 -0 0 0 0 0 0 0 0 0 0 0 0 0 0 1 13150.8 13150.8 13150.8 13150.8
-1 -1 1 -1 -1 1 0 0 0 0 0 2.83722e-09 -0 0 0 -0 0 0 0 0 0 0 0 0 0 0 0 0 0 1 13150.8 13150.8 13150.8 13150.8
-1 -1 1 -1 -1 1 0 0 0 0 0 6.49023e-10 -0 0 0 -0 0 0 0 0 0 0 0 0 0 0 0 0 0 1 13150.8 13150.8 13150.8 13150.8
-1 -1 1 -1 -1 1 0 0 0 0 0 -1.53829e-09 -0 0 0 -0 0 0 0 0 0 0 0 0 0 0 0 0 0 1 13150.8 13150.8 13150.8 13150.8
-1 -1 1 -1 -1 1 0 0 0 0 0 3.55868e-09 -0 0 0 -0 0 0 0 0 0 0 0 0 0 0 0 0 0 1 13150.8 13150.8 13150.8 13150.8
-1 -1 1 -1 -1 1 0 0 0 0 0 1.3664e-09 -0 0 0 -0 0 0 0 0 0 0 0 0 0 0 0 0 0 1 13150.8 13150.8 13150.8 13150.8
-1 -1 1 -1 -1 1 0 0 0 0 0 -8.20828e-10 -0 0 0 -0 0 0 0 0 0 0 0 0 0 0 0 0 0 1 13150.8 13150.8 13150.8 13150.8
-1 -1 1 -1 -1 1 0 0 0 0 0 -3.02644e-09 -0 0 0 -0 0 0 0 0 0 0 0 0 0 0 0 0 0 1 13150.8 13150.8 13150.8 13150.8
-1 -1 1 -1 -1 1 0 0 0 0 0 2.05043e-09 -0 0 0 -0 0 0 0 0 0 0 0 0 0 0 0 0 0 1 13150.8 13150.8 13150.8 13150.8
-1 -1 1 -1 -1 1 0 0 0 0 0 -1.37756e-10 -0 0 0 -0 0 0 0 0 0 0 0 0 0 0 0 0 0 1 13150.8 13150.8 13150.8 13150.8
-1 -1 1 -1 -1 1 0 0 0 0 0 -2.32506e-09 -0 0 0 -0 0 0 0 0 0 0 0 0 0 0 0 0 0 1 13150.8 13150.8 13150.8 13150.8
-1 -1 1 -1 -1 1 0 0 0 0 0 2.76551e-09 -0 0 0 -0 0 0 0 0 0 0 0 0 0 0 0 0 0 1 13150.8 13150.8 13150.8 13150.8
-1 -1 1 -1 -1 1 0 0 0 0 0 5.6862e-10 -0 0 0 -0 0 0 0 0 0 0 0 0 0 0 0 0 0 1 13150.8 13150.8 13150.8 13150.8
-1 -1 1 -1 -1 1 0 0 0 0 0 -1.61472e-09 -0 0 0 -0 0 0 0 0 0 0 0 0 0 0 0 0 0 1 13150.8 13150.8 13150.8 13150.8
-1 -1 1 -1 -1 1 0 0 0 0 0 3.49064e-09 -0 0 0 -0 0 0 0 0 0 0 0 0 0 0 0 0 0 1 13150.8 13150.8 13150.8 13150.8
-1 -1 1 -1 -1 1 0 0 0 0 0 1.30369e-09 -0 0 0 -0 0 0 0 0 0 0 0 0 0 0 0 0 0 1 13150.8 13150.8 13150.8 13150.8
-1 -1 1 -1 -1 1 0 0 0 0 0 -8.82303e-10 -0 0 0 -0 0 0 0 0 0 0 0 0 0 0 0 0 0 1 13150.8 13150.8 13150.8 13150.8
-1 -1 1 -1 -1 1 0 0 0 0 0 -3.07068e-09 -0 0 0 -0 0 0 0 0 0 0 0 0 0 0 0 0 0 1 13150.8 13150.8 13150.8 13150.8
-1 -1 1 -1 -1 1 0 0 0 0 0 2.03708e-09 -0 0 0 -0 0 0 0 0 0 0 0 0 0 0 0 0 0 1 13150.8 13150.8 13150.8 13150.8
-1 -1 1 -1 -1 1 0 0 0 0 0 -1.5697e-10 -0 0 0 -0 0 0 0 0 0 0 0 0 0 0 0 0 0 1 13150.8 13150.8 13150.8 13150.8
-1 -1 1 -1 -1 1 0 0 0 0 0 -2.33871e-09 -0 0 0 -0 0 0 0 0 0 0 0 0 0 0 0 0 0 1 13150.8 13150.8 13150.8 13150.8
-1 -1 1 -1 -1 1 0 0 0 0 0 2.76146e-09 -0 0 0 -0 0 0 0 0 0 0 0 0 0 0 0 0 0 1 13150.8 13150.8 13150.8 13150.8
-1 -1 1 -1 -1 1 0 0 0 0 0 5.72735e-10 -0 0 0 -0 0 0 0 0 0 0 0 0 0 0 0 0 0 1 13150.8 13150.8 13150.8 13150.8
-1 -1 1 -1 -1 1 0 0 0 0 0 -1.61351e-09 -0 0 0 -0 0 0 0 0 0 0 0 0 0 0 0 0 0 1 13150.8 13150.8 13150.8 13150.8
-1 -1 1 -1 -1 1 0 0 0 0 0 3.5096e-09 -0 0 0 -0 0 0 0 0 0 0 0 0 0 0 0 0 0 1 13150.8 13150.8 13150.8 13150.8
-1 -1 1 -1 -1 1 0 0 0 0 0 1.32668e-09 -0 0 0 -0 0 0 0 0 0 0 0 0 0 0 0 0 0 1 13150.8 13150.8 13150.8 13150.8
-1 -1 1 -1 -1 1 0 0 0 0 0 -8.90249e-10 -0 0 0 -0 0 0 0 0 0 0 0 0 0 0 0 0 0 1 13150.8 13150.8 13150.8 13150.8
-1 -1 1 -1 -1 1 0 0 0 0 0 -3.0487e-09 -0 0 0 -0 0 0 0 0 0 0 0 0 0 0 0 0 0 1 13150.8 13150.8 13150.8 13150.8
-1 -1 1 -1 -1 1 0 0 0 0 0 2.05679e-09 -0 0 0 -0 0 0 0 0 0 0 0 0 0 0 0 0 0 1 13150.8 13150.8 13150.8 13150.8
-1 -1 1 -1 -1 1 0 0 0 0 0 -1.37114e-10 -0 0 0 -0 0 0 0 0 0 0 0 0 0 0 0 0 0 1 13150.8 13150.8 13150.8 13150.8
-1 -1 1 -1 -1 1 0 0 0 0 0 -2.31999e-09 -0 0 0 -0 0 0 0 0 0 0 0 0 0 0 0 0 0 1 13150.8 13150.8 13150.8 13150.8
-1 -1 1 -1 -1 1 0 0 0 0 0 2.77725e-09 -0 0 0 -0 0 0 0 0 0 0 0 0 0 0 0 0 0 1 13150.8 13150.8 13150.8 13150.8
-1 -1 1 -1 -1 1 0 0 0 0 0 5.8586e-10 -0 0 0 -0 0 0 0 0 0 0 0 0 0 0 0 0 0 1 13150.8 13150.8 13150.8 13150.8
-1 -1 1 -1 -1 1 0 0 0 0 0 -1.60197e-09 -0 0 0 -0 0 0 0 0 0 0 0 0 0 0 0 0 0 1 13150.8 13150.8 13150.8 13150.8
-1 -1 1 -1 -1 1 0 0 0 0 0 3.48648e-09 -0 0 0 -0 0 0 0 0 0 0 0 0 0 0 0 0 0 1 13150.8 13150.8 13150.8 13150.8
-1 -1 1 -1 -1 1 0 0 0 0 0 1.2909e-09 -0 0 0 -0 0 0 0 0 0 0 0 0 0 0 0 0 0 1 13150.8 13150.8 13150.8 13150.8
-1 -1 1 -1 -1 1 0 0 0 0 0 -8.95015e-10 -0 0 0 -0 0 0 0 0 0 0 0 0 0 0 0 0 0 1 13150.8 13150.8 13150.8 13150.8
-1 -1 1 -1 -1 1 0 0 0 0 0 -3.08378e-09 -0 0 0 -0 0 0 0 0 0 0 0 0 0 0 0 0 0 1 13150.8 13150.8 13150.8 13150.8
-1 -1 1 -1 -1 1 0 0 0 0 0 2.01227e-09 -0 0 0 -0 0 0 0 0 0 0 0 0 0 0 0 0 0 1 13150.8 13150.8 13150.8 13150.8
-1 -1 1 -1 -1 1 0 0 0 0 0 -1.79406e-10 -0 0 0 -0 0 0 0 0 0 0 0 0 0 0 0 0 0 1 13150.8 13150.8 13150.8 13150.8
-1 -1 1 -1 -1 1 0 0 0 0 0 -2.36468e-09 -0 0 0 -0 0 0 0 0 0 0 0 0 0 0 0 0 0 1 13150.8 13150.8 13150.8 13150.8
-1 -1 1 -1 -1 1 0 0 0 0 0 2.75374e-09 -0 0 0 -0 0 0 0 0 0 0 0 0 0 0 0 0 0 1 13150.8 13150.8 13150.8 13150.8
-1 -1 1 -1 -1 1 0 0 0 0 0 5.66245e-10 -0 0 0 -0 0 0 0 0 0 0 0 0 0 0 0 0 0 1 13150.8 13150.8 13150.8 13150.8
-1 -1 1 -1 -1 1 0 0 0 0 0 -1.61756e-09 -0 0 0 -0 0 0 0 0 0 0 0 0 0 0 0 0 0 1 13150.8 13150.8 13150.8 13150.8
-1 -1 1 -1 -1 1 0 0 0 0 0 3.4716e-09 -0 0 0 -0 0 0 0 0 0 0 0 0 0 0 0 0 0 1 13150.8 13150.8 13150.8 13150.8
-1 -1 1 -1 -1 1 0 0 0 0 0 1.27984e-09 -0 0 0 -0 0 0 0 0 0 0 0 0 0 0 0 0 0 1 13150.8 13150.8 13150.8 13150.8
-1 -1 1 -1 -1 1 0 0 0 0 0 -9.0886e-10 -0 0 0 -0 0 0 0 0 0 0 0 0 0 0 0 0 0 1 13150.8 13150.8 13150.8 13150.8
-1 -1 1 -1 -1 1 0 0 0 0 0 -3.09941e-09 -0 0 0 -0 0 0 0 0 0 0 0 0 0 0 0 0 0 1 13150.8 13150.8 13150.8 13150.8
-1 -1 1 -1 -1 1 0 0 0 0 0 2.00152e-09 -0 0 0 -0 0 0 0 0 0 0 0 0 0 0 0 0 0 1 13150.8 13150.8 13150.8 13150.8
-1 -1 1 -1 -1 1 0 0 0 0 0 -1.90245e-10 -0 0 0 -0 0 0 0 0 0 0 0 0 0 0 0 0 0 1 13150.8 13150.8 13150.8 13150.8
-1 -1 1 -1 -1 1 0 0 0 0 0 -2.37714e-09 -0 0 0 -0 0 0 0 0 0 0 0 0 0 0 0 0 0 1 13150.8 13150.8 13150.8 13150.8
-1 -1 1 -1 -1 1 0 0 0 0 0 2.71414e-09 -0 0 0 -0 0 0 0 0 0 0 0 0 0 0 0 0 0 1 13150.8 13150.8 13150.8 13150.8
-1 -1 1 -1 -1 1 0 0 0 0 0 5.11754e-10 -0 0 0 -0 0 0 0 0 0 0 0 0 0 0 0 0 0 1 13150.8 13150.8 13150.8 13150.8
-1 -1 1 -1 -1 1 0 0 0 0 0 -1.66838e-09 -0 0 0 -0 0 0 0 0 0 0 0 0 0 0 0 0 0 1 13150.8 13150.8 13150.8 13150.8
-1 -1 1 -1 -1 1 0 0 0 0 0 3.43041e-09 -0 0 0 -0 0 0 0 0 0 0 0 0 0 0 0 0 0 1 13150.8 13150.8 13150.8 13150.8
-1 -1 1 -1 -1 1 0 0 0 0 0 1.24398e-09 -0 0 0 -0 0 0 0 0 0 0 0 0 0 0 0 0 0 1 13150.8 13150.8 13150.8 13150.8
-1 -1 1 -1 -1 1 0 0 0 0 0 -9.44398e-10 -0 0 0 -0 0 0 0 0 0 0 0 0 0 0 0 0 0 1 13150.8 13150.8 13150.8 13150.8
-1 -1 1 -1 -1 1 0 0 0 0 0 -3.13265e-09 -0 0 0 -0 0 0 0 0 0 0 0 0 0 0 0 0 0 1 13150.8 13150.8 13150.8 13150.8
-1 -1 1 -1 -1 1 0 0 0 0 0 1.96005e-09 -0 0 0 -0 0 0 0 0 0 0 0 0 0 0 0 0 0 1 13150.8 13150.8 13150.8 13150.8
-1 -1 1 -1 -1 1 0 0 0 0 0 -2.35462e-10 -0 0 0 -0 0 0 0 0 0 0 0 0 0 0 0 0 0 1 13150.8 13150.8 13150.8 13150.8
-1 -1 1 -1 -1 1 0 0 0 0 0 -2.42501e-09 -0 0 0 -0 0 0 0 0 0 0 0 0 0 0 0 0 0 1 13150.8 13150.8 13150.8 13150.8
-1 -1 1 -1 -1 1 0 0 0 0 0 2.66127e-09 -0 0 0 -0 0 0 0 0 0 0 0 0 0 0 0 0 0 1 13150.8 13150.8 13150.8 13150.8
-1 -1 1 -1 -1 1 0 0 0 0 0 4.63972e-10 -0 0 0 -0 0 0 0 0 0 0 0 0 0 0 0 0 0 1 13150.8 13150.8 13150.8 13150.8
-1 -1 1 -1 -1 1 0 0 0 0 0 -1.72567e-09 -0 0 0 -0 0 0 0 0 0 0 0 0 0 0 0 0 0 1 13150.8 13150.8 13150.8 13150.8
-1 -1 1 -1 -1 1 0 0 0 0 0 3.34997e-09 -0 0 0 -0 0 0 0 0 0 0 0 0 0 0 0 0 0 1 13150.8 13150.8 13150.8 13150.8
-1 -1 1 -1 -1 1 0 0 0 0 0 1.15183e-09 -0 0 0 -0 0 0 0 0 0 0 0 0 0 0 0 0 0 1 13150.8 13150.8 13150.8 13150.8
-1 -1 1 -1 -1 1 0 0 0 0 0 -1.02947e-09 -0 0 0 -0 0 0 0 0 0 0 0 0 0 0 0 0 0 1 13150.8 13150.8 13150.8 13150.8
-1 -1 1 -1 -1 1 0 0 0 0 0 -3.21917e-09 -0 0 0 -0 0 0 0 0 0 0 0 0 0 0 0 0 0 1 13150.8 13150.8 13150.8 13150.8
-1 -1 1 -1 -1 1 0 0 0 0 0 1.88601e-09 -0 0 0 -0 0 0 0 0 0 0 0 0 0 0 0 0 0 1 13150.8 13150.8 13150.8 13150.8
-1 -1 1 -1 -1 1 0 0 0 0 0 -3.05008e-10 -0 0 0 -0 0 0 0 0 0 0 0 0 0 0 0 0 0 1 13150.8 13150.8 13150.8 13150.8
-1 -1 1 -1 -1 1 0 0 0 0 0 -2.48922e-09 -0 0 0 -0 0 0 0 0 0 0 0 0 0 0 0 0 0 1 13150.8 13150.8 13150.8 13150.8
-1 -1 1 -1 -1 1 0 0 0 0 0 2.61059e-09 -0 0 0 -0 0 0 0 0 0 0 0 0 0 0 0 0 0 1 13150.8 13150.8 13150.8 13150.8
-1 -1 1 -1 -1 1 0 0 0 0 0 4.14777e-10 -0 0 0 -0 0 0 0 0 0 0 0 0 0 0 0 0 0 1 13150.8 13150.8 13150.8 13150.8
-1 -1 1 -1 -1 1 0 0 0 0 0 -1.77989e-09 -0 0 0 -0 0 0 0 0 0 0 0 0 0 0 0 0 0 1 13150.8 13150.8 13150.8 13150.8
-1 -1 1 -1 -1 1 0 0 0 0 0 3.30045e-09 -0 0 0 -0 0 0 0 0 0 0 0 0 0 0 0 0 0 1 13150.8 13150.8 13150.8 13150.8
-1 -1 1 -1 -1 1 0 0 0 0 0 1.09995e-09 -0 0 0 -0 0 0 0 0 0 0 0 0 0 0 0 0 0 1 13150.8 13150.8 13150.8 13150.8
-1 -1 1 -1 -1 1 0 0 0 0 0 -1.07437e-09 -0 0 0 -0 0 0 0 0 0 0 0 0 0 0 0 0 0 1 13150.8 13150.8 13150.8 13150.8
-1 -1 1 -1 -1 1 0 0 0 0 0 -3.26169e-09 -0 0 0 -0 0 0 0 0 0 0 0 0 0 0 0 0 0 1 13150.8 13150.8 13150.8 13150.8
-1 -1 1 -1 -1 1 0 0 0 0 0 1.83166e-09 -0 0 0 -0 0 0 0 0 0 0 0 0 0 0 0 0 0 1 13150.8 13150.8 13150.8 13150.8
-1 -1 1 -1 -1 1 0 0 0 0 0 -3.6195e-10 -0 0 0 -0 0 0 0 0 0 0 0 0 0 0 0 0 0 1 13150.8 13150.8 13150.8 13150.8
-1 -1 1 -1 -1 1 0 0 0 0 0 -2.56004e-09 -0 0 0 -0 0 0 0 0 0 0 0 0 0 0 0 0 0 1 13150.8 13150.8 13150.8 13150.8
-1 -1 1 -1 -1 1 0 0 0 0 0 2.50872e-09 -0 0 0 -0 0 0 0 0 0 0 0 0 0 0 0 0 0 1 13150.8 13150.8 13150.8 13150.8
-1 -1 1 -1 -1 1 0 0 0 0 0 3.15412e-10 -0 0 0 -0 0 0 0 0 0 0 0 0 0 0 0 0 0 1 13150.8 13150.8 13150.8 13150.8
-1 -1 1 -1 -1 1 0 0 0 0 0 -1.87992e-09 -0 0 0 -0 0 0 0 0 0 0 0 0 0 0 0 0 0 1 13150.8 13150.8 13150.8 13150.8
-1 -1 1 -1 -1 1 0 0 0 0 0 3.21021e-09 -0 0 0 -0 0 0 0 0 0 0 0 0 0 0 0 0 0 1 13150.8 13150.8 13150.8 13150.8
-1 -1 1 -1 -1 1 0 0 0 0 0 1.02713e-09 -0 0 0 -0 0 0 0 0 0 0 0 0 0 0 0 0 0 1 13150.8 13150.8 13150.8 13150.8
-1 -1 1 -1 -1 1 0 0 0 0 0 -1.16057e-09 -0 0 0 -0 0 0 0 0 0 0 0 0 0 0 0 0 0 1 13150.8 13150.8 13150.8 13150.8
-1 -1 1 -1 -1 1 0 0 0 0 0 -3.35768e-09 -0 0 0 -0 0 0 0 0 0 0 0 0 0 0 0 0 0 1 13150.8 13150.8 13150.8 13150.8
-1 -1 1 -1 -1 1 0 0 0 0 0 1.748e-09 -0 0 0 -0 0 0 0 0 0 0 0 0 0 0 0 0 0 1 13150.8 13150.8 13150.8 13150.8
-1 -1 1 -1 -1 1 0 0 0 0 0 -4.4456e-10 -0 0 0 -0 0 0 0 0 0 0 0 0 0 0 0 0 0 1 13150.8 13150.8 13150.8 13150.8
-1 -1 1 -1 -1 1 0 0 0 0 0 -2.631e-09 -0 0 0 -0 0 0 0 0 0 0 0 0 0 0 0 0 0 1 13150.8 13150.8 13150.8 13150.8
-1 -1 1 -1 -1 1 0 0 0 0 0 2.45204e-09 -0 0 0 -0 0 0 0 0 0 0 0 0 0 0 0 0 0 1 13150.8 13150.8 13150.8 13150.8
-1 -1 1 -1 -1 1 0 0 0 0 0 2.59681e-10 -0 0 0 -0 0 0 0 0 0 0 0 0 0 0 0 0 0 1 13150.8 13150.8 13150.8 13150.8
-1 -1 1 -1 -1 1 0 0 0 0 0 -1.93731e-09 -0 0 0 -0 0 0 0 0 0 0 0 0 0 0 0 0 0 1 13150.8 13150.8 13150.8 13150.8
-1 -1 1 -1 -1 1 0 0 0 0 0 3.14007e-09 -0 0 0 -0 0 0 0 0 0 0 0 0 0 0 0 0 0 1 13150.8 13150.8 13150.8 13150.8
-1 -1 1 -1 -1 1 0 0 0 0 0 9.5759e-10 -0 0 0 -0 0 0 0 0 0 0 0 0 0 0 0 0 0 1 13150.8 13150.8 13150.8 13150.8
-1 -1 1 -1 -1 1 0 0 0 0 0 -1.23151e-09 -0 0 0 -0 0 0 0 0 0 0 0 0 0 0 0 0 0 1 13150.8 13150.8 13150.8 13150.8
-1 -1 1 -1 -1 1 0 0 0 0 0 -3.4297e-09 -0 0 0 -0 0 0 0 0 0 0 0 0 0 0 0 0 0 1 13150.8 13150.8 13150.8 13150.8
-1 -1 1 -1 -1 1 0 0 0 0 0 1.6521e-09 -0 0 0 -0 0 0 0 0 0 0 0 0 0 0 0 0 0 1 13150.8 13150.8 13150.8 13150.8
-1 -1 1 -1 -1 1 0 0 0 0 0 -5.40096e-10 -0 0 0 -0 0 0 0 0 0 0 0 0 0 0 0 0 0 1 13150.8 13150.8 13150.8 13150.8
-1 -1 1 -1 -1 1 0 0 0 0 0 -2.73129e-09 -0 0 0 -0 0 0 0 0 0 0 0 0 0 0 0 0 0 1 13150.8 13150.8 13150.8 13150.8
-1 -1 1 -1 -1 1 0 0 0 0 0 2.35104e-09 -0 0 0 -0 0 0 0 0 0 0 0 0 0 0 0 0 0 1 13150.8 13150.8 13150.8 13150.8
-1 -1 1 -1 -1 1 0 0 0 0 0 1.58438e-10 -0 0 0 -0 0 0 0 0 0 0 0 0 0 0 0 0 0 1 13150.8 13150.8 13150.8 13150.8
-1 -1 1 -1 -1 1 0 0 0 0 0 -2.03538e-09 -0 0 0 -0 0 0 0 0 0 0 0 0 0 0 0 0 0 1 13150.8 13150.8 13150.8 13150.8
-1 -1 1 -1 -1 1 0 0 0 0 0 3.06153e-09 -0 0 0 -0 0 0 0 0 0 0 0 0 0 0 0 0 0 1 13150.8 13150.8 13150.8 13150.8
-1 -1 1 -1 -1 1 0 0 0 0 0 8.81846e-10 -0 0 0 -0 0 0 0 0 0 0 0 0 0 0 0 0 0 1 13150.8 13150.8 13150.8 13150.8
-1 -1 1 -1 -1 1 0 0 0 0 0 -1.30705e-09 -0 0 0 -0 0 0 0 0 0 0 0 0 0 0 0 0 0 1 13150.8 13150.8 13150.8 13150.8
-1 -1 1 -1 -1 1 0 0 0 0 0 -3.50395e-09 -0 0 0 -0 0 0 0 0 0 0 0 0 0 0 0 0 0 1 13150.8 13150.8 13150.8 13150.8
-1 -1 1 -1 -1 1 0 0 0 0 0 1.59033e-09 -0 0 0 -0 0 0 0 0 0 0 0 0 0 0 0 0 0 1 13150.8 13150.8 13150.8 13150.8
-1 -1 1 -1 -1 1 0 0 0 0 0 -5.97388e-10 -0 0 0 -0 0 0 0 0 0 0 0 0 0 0 0 0 0 1 13150.8 13150.8 13150.8 13150.8
-1 -1 1 -1 -1 1 0 0 0 0 0 -2.78555e-09 -0 0 0 -0 0 0 0 0 0 0 0 0 0 0 0 0 0 1 13150.8 13150.8 13150.8 13150.8
-1 -1 1 -1 -1 1 0 0 0 0 0 2.32415e-09 -0 0 0 -0 0 0 0 0 0 0 0 0 0 0 0 0 0 1 13150.8 13150.8 13150.8 13150.8
-1 -1 1 -1 -1 1 0 0 0 0 0 1.37039e-10 -0 0 0 -0 0 0 0 0 0 0 0 0 0 0 0 0 0 1 13150.8 13150.8 13150.8 13150.8
-1 -1 1 -1 -1 1 0 0 0 0 0 -2.04916e-09 -0 0 0 -0 0 0 0 0 0 0 0 0 0 0 0 0 0 1 13150.8 13150.8 13150.8 13150.8
-1 -1 1 -1 -1 1 0 0 0 0 0 3.05451e-09 -0 0 0 -0 0 0 0 0 0 0 0 0 0 0 0 0 0 1 13150.8 13150.8 13150.8 13150.8
-1 -1 1 -1 -1 1 0 0 0 0 0 8.55316e-10 -0 0 0 -0 0 0 0 0 0 0 0 0 0 0 0 0 0 1 13150.8 13150.8 13150.8 13150.8
-1 -1 1 -1 -1 1 0 0 0 0 0 -1.32138e-09 -0 0 0 -0 0 0 0 0 0 0 0 0 0 0 0 0 0 1 13150.8 13150.8 13150.8 13150.8
-1 -1 1 -1 -1 1 0 0 0 0 0 -3.50745e-09 -0 0 0 -0 0 0 0 0 0 0 0 0 0 0 0 0 0 1 13150.8 13150.8 13150.8 13150.8
-1 -1 1 -1 -1 1 0 0 0 0 0 1.58886e-09 -0 0 0 -0 0 0 0 0 0 0 0 0 0 0 0 0 0 1 13150.8 13150.8 13150.8 13150.8
-1 -1 1 -1 -1 1 0 0 0 0 0 -6.04255e-10 -0 0 0 -0 0 0 0 0 0 0 0 0 0 0 0 0 0 1 13150.8 13150.8 13150.8 13150.8
-1 -1 1 -1 -1 1 0 0 0 0 0 -2.79442e-09 -0 0 0 -0 0 0 0 0 0 0 0 0 0 0 0 0 0 1 13150.8 13150.8 13150.8 13150.8
-1 -1 1 -1 -1 1 0 0 0 0 0 2.31109e-09 -0 0 0 -0 0 0 0 0 0 0 0 0 0 0 0 0 0 1 13150.8 13150.8 13150.8 13150.8
-1 -1 1 -1 -1 1 0 0 0 0 0 1.24186e-10 -0 0 0 -0 0 0 0 0 0 0 0 0 0 0 0 0 0 1 13150.8 13150.8 13150.8 13150.8
-1 -1 1 -1 -1 1 0 0 0 0 0 -2.06841e-09 -0 0 0 -0 0 0 0 0 0 0 0 0 0 0 0 0 0 1 13150.8 13150.8 13150.8 13150.8
-1 -1 1 -1 -1 1 0 0 0 0 0 3.02421e-09 -0 0 0 -0 0 0 0 0 0 0 0 0 0 0 0 0 0 1 13150.8 13150.8 13150.8 13150.8
-1 -1 1 -1 -1 1 0 0 0 0 0 8.37364e-10 -0 0 0 -0 0 0 0 0 0 0 0 0 0 0 0 0 0 1 13150.8 13150.8 13150.8 13150.8
-1 -1 1 -1 -1 1 0 0 0 0 0 -1.35249e-09 -0 0 0 -0 0 0 0 0 0 0 0 0 0 0 0 0 0 1 13150.8 13150.8 13150.8 13150.8
-1 -1 1 -1 -1 1 0 0 0 0 0 -3.54717e-09 -0 0 0 -0 0 0 0 0 0 0 0 0 0 0 0 0 0 1 13150.8 13150.8 13150.8 13150.8
-1 -1 1 -1 -1 1 0 0 0 0 0 1.54112e-09 -0 0 0 -0 0 0 0 0 0 0 0 0 0 0 0 0 0 1 13150.8 13150.8 13150.8 13150.8
-1 -1 1 -1 -1 1 0 0 0 0 0 -6.55048e-10 -0 0 0 -0 0 0 0 0 0 0 0 0 0 0 0 0 0 1 13150.8 13150.8 13150.8 13150.8
-1 -1 1 -1 -1 1 0 0 0 0 0 -2.84085e-09 -0 0 0 -0 0 0 0 0 0 0 0 0 0 0 0 0 0 1 13150.8 13150.8 13150.8 13150.8
-1 -1 1 -1 -1 1 0 0 0 0 0 2.2665e-09 -0 0 0 -0 0 0 0 0 0 0 0 0 0 0 0 0 0 1 13150.8 13150.8 13150.8 13150.8
-1 -1 1 -1 -1 1 0 0 0 0 0 7.63299e-11 -0 0 0 -0 0 0 0 0 0 0 0 0 0 0 0 0 0 1 13150.8 13150.8 13150.8 13150.8
-1 -1 1 -1 -1 1 0 0 0 0 0 -2.10294e-09 -0 0 0 -0 0 0 0 0 0 0 0 0 0 0 0 0 0 1 13150.8 13150.8 13150.8 13150.8
-1 -1 1 -1 -1 1 0 0 0 0 0 3.00532e-09 -0 0 0 -0 0 0 0 0 0 0 0 0 0 0 0 0 0 1 13150.8 13150.8 13150.8 13150.8
-1 -1 1 -1 -1 1 0 0 0 0 0 8.21645e-10 -0 0 0 -0 0 0 0 0 0 0 0 0 0 0 0 0 0 1 13150.8 13150.8 13150.8 13150.8
-1 -1 1 -1 -1 1 0 0 0 0 0 -1.3656e-09 -0 0 0 -0 0 0 0 0 0 0 0 0 0 0 0 0 0 1 13150.8 13150.8 13150.8 13150.8
-1 -1 1 -1 -1 1 0 0 0 0 0 -3.56214e-09 -0 0 0 -0 0 0 0 0 0 0 0 0 0 0 0 0 0 1 13150.8 13150.8 13150.8 13150.8
-1 -1 1 -1 -1 1 0 0 0 0 0 1.51431e-09 -0 0 0 -0 0 0 0 0 0 0 0 0 0 0 0 0 0 1 13150.8 13150.8 13150.8 13150.8
-1 -1 1 -1 -1 1 0 0 0 0 0 -6.7628e-10 -0 0 0 -0 0 0 0 0 0 0 0 0 0 0 0 0 0 1 13150.8 13150.8 13150.8 13150.8
-1 -1 1 -1 -1 1 0 0 0 0 0 -2.87531e-09 -0 0 0 -0 0 0 0 0 0 0 0 0 0 0 0 0 0 1 13150.8 13150.8 13150.8 13150.8
-1 -1 1 -1 -1 1 0 0 0 0 0 2.20012e-09 -0 0 0 -0 0 0 0 0 0 0 0 0 0 0 0 0 0 1 13150.8 13150.8 13150.8 13150.8
-1 -1 1 -1 -1 1 0 0 0 0 0 5.67856e-12 -0 0 0 -0 0 0 0 0 0 0 0 0 0 0 0 0 0 1 13150.8 13150.8 13150.8 13150.8
-1 -1 1 -1 -1 1 0 0 0 0 0 -2.18031e-09 -0 0 0 -0 0 0 0 0 0 0 0 0 0 0 0 0 0 1 13150.8 13150.8 13150.8 13150.8
-1 -1 1 -1 -1 1 0 0 0 0 0 2.90565e-09 -0 0 0 -0 0 0 0 0 0 0 0 0 0 0 0 0 0 1 13150.8 13150.8 13150.8 13150.8
-1 -1 1 -1 -1 1 0 0 0 0 0 7.14839e-10 -0 0 0 -0 0 0 0 0 0 0 0 0 0 0 0 0 0 1 13150.8 13150.8 13150.8 13150.8
-1 -1 1 -1 -1 1 0 0 0 0 0 -1.47281e-09 -0 0 0 -0 0 0 0 0 0 0 0 0 0 0 0 0 0 1 13150.8 13150.8 13150.8 13150.8
-1 -1 1 -1 -1 1 0 0 0 0 0 -3.6783e-09 -0 0 0 -0 0 0 0 0 0 0 0 0 0 0 0 0 0 1 13150.8 13150.8 13150.8 13150.8
-1 -1 1 -1 -1 1 0 0 0 0 0 1.40772e-09 -0 0 0 -0 0 0 0 0 0 0 0 0 0 0 0 0 0 1 13150.8 13150.8 13150.8 13150.8
-1 -1 1 -1 -1 1 0 0 0 0 0 -7.76106e-10 -0 0 0 -0 0 0 0 0 0 0 0 0 0 0 0 0 0 1 13150.8 13150.8 13150.8 13150.8
-1 -1 1 -1 -1 1 0 0 0 0 0 -2.9656e-09 -0 0 0 -0 0 0 0 0 0 0 0 0 0 0 0 0 0 1 13150.8 13150.8 13150.8 13150.8
-1 -1 1 -1 -1 1 0 0 0 0 0 2.14489e-09 -0 0 0 -0 0 0 0 0 0 0 0 0 0 0 0 0 0 1 13150.8 13150.8 13150.8 13150.8
-1 -1 1 -1 -1 1 0 0 0 0 0 -4.1094e-11 -0 0 0 -0 0 0 0 0 0 0 0 0 0 0 0 0 0 1 13150.8 13150.8 13150.8 13150.8
-1 -1 1 -1 -1 1 0 0 0 0 0 -2.23001e-09 -0 0 0 -0 0 0 0 0 0 0 0 0 0 0 0 0 0 1 13150.8 13150.8 13150.8 13150.8
-1 -1 1 -1 -1 1 0 0 0 0 0 2.87874e-09 -0 0 0 -0 0 0 0 0 0 0 0 0 0 0 0 0 0 1 13150.8 13150.8 13150.8 13150.8
-1 -1 1 -1 -1 1 0 0 0 0 0 6.97186e-10 -0 0 0 -0 0 0 0 0 0 0 0 0 0 0 0 0 0 1 13150.8 13150.8 13150.8 13150.8
-1 -1 1 -1 -1 1 0 0 0 0 0 -1.49701e-09 -0 0 0 -0 0 0 0 0 0 0 0 0 0 0 0 0 0 1 13150.8 13150.8 13150.8 13150.8
-1 -1 1 -1 -1 1 0 0 0 0 0 3.57265e-09 -0 0 0 -0 0 0 0 0 0 0 0 0 0 0 0 0 0 1 13150.8 13150.8 13150.8 13150.8
-1 -1 1 -1 -1 1 0 0 0 0 0 1.38294e-09 -0 0 0 -0 0 0 0 0 0 0 0 0 0 0 0 0 0 1 13150.8 13150.8 13150.8 13150.8
-1 -1 1 -1 -1 1 0 0 0 0 0 -8.09675e-10 -0 0 0 -0 0 0 0 0 0 0 0 0 0 0 0 0 0 1 13150.8 13150.8 13150.8 13150.8
-1 -1 1 -1 -1 1 0 0 0 0 0 -3.00877e-09 -0 0 0 -0 0 0 0 0 0 0 0 0 0 0 0 0 0 1 13150.8 13150.8 13150.8 13150.8
-1 -1 1 -1 -1 1 0 0 0 0 0 2.07091e-09 -0 0 0 -0 0 0 0 0 0 0 0 0 0 0 0 0 0 1 13150.8 13150.8 13150.8 13150.8
-1 -1 1 -1 -1 1 0 0 0 0 0 -4.11226e-10 -0 0 0 -0 0 0 0 0 0 0 0 0 0 0 0 0 0 1 13150.8 13150.8 13150.8 13150.8
-1 -1 1 -1 -1 1 0 0 0 0 0 -2.31431e-09 -0 0 0 -0 0 0 0 0 0 0 0 0 0 0 0 0 0 1 13150.8 13150.8 13150.8 13150.8
-1 -1 1 -1 -1 1 0 0 0 0 0 2.77692e-09 -0 0 0 -0 0 0 0 0 0 0 0 0 0 0 0 0 0 1 13150.8 13150.8 13150.8 13150.8
-1 -1 1 -1 -1 1 0 0 0 0 0 5.88208e-10 -0 0 0 -0 0 0 0 0 0 0 0 0 0 0 0 0 0 1 13150.8 13150.8 13150.8 13150.8
-1 -1 1 -1 -1 1 0 0 0 0 0 -1.60211e-09 -0 0 0 -0 0 0 0 0 0 0 0 0 0 0 0 0 0 1 13150.8 13150.8 13150.8 13150.8
-1 -1 1 -1 -1 1 0 0 0 0 0 3.52419e-09 -0 0 0 -0 0 0 0 0 0 0 0 0 0 0 0 0 0 1 13150.8 13150.8 13150.8 13150.8
-1 -1 1 -1 -1 1 0 0 0 0 0 1.34715e-09 -0 0 0 -0 0 0 0 0 0 0 0 0 0 0 0 0 0 1 13150.8 13150.8 13150.8 13150.8
-1 -1 1 -1 -1 1 0 0 0 0 0 -8.45986e-10 -0 0 0 -0 0 0 0 0 0 0 0 0 0 0 0 0 0 1 13150.8 13150.8 13150.8 13150.8
-1 -1 1 -1 -1 1 0 0 0 0 0 -3.03462e-09 -0 0 0 -0 0 0 0 0 0 0 0 0 0 0 0 0 0 1 13150.8 13150.8 13150.8 13150.8
-1 -1 1 -1 -1 1 0 0 0 0 0 2.06659e-09 -0 0 0 -0 0 0 0 0 0 0 0 0 0 0 0 0 0 1 13150.8 13150.8 13150.8 13150.8
-1 -1 1 -1 -1 1 0 0 0 0 0 -1.29312e-10 -0 0 0 -0 0 0 0 0 0 0 0 0 0 0 0 0 0 1 13150.8 13150.8 13150.8 13150.8
-1 -1 1 -1 -1 1 0 0 0 0 0 -2.31209e-09 -0 0 0 -0 0 0 0 0 0 0 0 0 0 0 0 0 0 1 13150.8 13150.8 13150.8 13150.8
-1 -1 1 -1 -1 1 0 0 0 0 0 2.77013e-09 -0 0 0 -0 0 0 0 0 0 0 0 0 0 0 0 0 0 1 13150.8 13150.8 13150.8 13150.8
-1 -1 1 -1 -1 1 0 0 0 0 0 5.79601e-10 -0 0 0 -0 0 0 0 0 0 0 0 0 0 0 0 0 0 1 13150.8 13150.8 13150.8 13150.8
-1 -1 1 -1 -1 1 0 0 0 0 0 -1.60266e-09 -0 0 0 -0 0 0 0 0 0 0 0 0 0 0 0 0 0 1 13150.8 13150.8 13150.8 13150.8
-1 -1 1 -1 -1 1 0 0 0 0 0 3.50778e-09 -0 0 0 -0 0 0 0 0 0 0 0 0 0 0 0 0 0 1 13150.8 13150.8 13150.8 13150.8
-1 -1 1 -1 -1 1 0 0 0 0 0 1.32688e-09 -0 0 0 -0 0 0 0 0 0 0 0 0 0 0 0 0 0 1 13150.8 13150.8 13150.8 13150.8
-1 -1 1 -1 -1 1 0 0 0 0 0 -8.75715e-10 -0 0 0 -0 0 0 0 0 0 0 0 0 0 0 0 0 0 1 13150.8 13150.8 13150.8 13150.8
-1 -1 1 -1 -1 1 0 0 0 0 0 -3.05524e-09 -0 0 0 -0 0 0 0 0 0 0 0 0 0 0 0 0 0 1 13150.8 13150.8 13150.8 13150.8
-1 -1 1 -1 -1 1 0 0 0 0 0 2.06298e-09 -0 0 0 -0 0 0 0 0 0 0 0 0 0 0 0 0 0 1 13150.8 13150.8 13150.8 13150.8
-1 -1 1 -1 -1 1 0 0 0 0 0 -1.17127e-10 -0 0 0 -0 0 0 0 0 0 0 0 0 0 0 0 0 0 1 13150.8 13150.8 13150.8 13150.8
-1 -1 1 -1 -1 1 0 0 0 0 0 -2.31312e-09 -0 0 0 -0 0 0 0 0 0 0 0 0 0 0 0 0 0 1 13150.8 13150.8 13150.8 13150.8
-1 -1 1 -1 -1 1 0 0 0 0 0 2.77805e-09 -0 0 0 -0 0 0 0 0 0 0 0 0 0 0 0 0 0 1 13150.8 13150.8 13150.8 13150.8
-1 -1 1 -1 -1 1 0 0 0 0 0 5.91879e-10 -0 0 0 -0 0 0 0 0 0 0 0 0 0 0 0 0 0 1 13150.8 13150.8 13150.8 13150.8
-1 -1 1 -1 -1 1 0 0 0 0 0 -1.59515e-09 -0 0 0 -0 0 0 0 0 0 0 0 0 0 0 0 0 0 1 13150.8 13150.8 13150.8 13150.8
-1 -1 1 -1 -1 1 0 0 0 0 0 3.50021e-09 -0 0 0 -0 0 0 0 0 0 0 0 0 0 0 0 0 0 1 13150.8 13150.8 13150.8 13150.8
-1 -1 1 -1 -1 1 0 0 0 0 0 1.30298e-09 -0 0 0 -0 0 0 0 0 0 0 0 0 0 0 0 0 0 1 13150.8 13150.8 13150.8 13150.8
-1 -1 1 -1 -1 1 0 0 0 0 0 -8.85124e-10 -0 0 0 -0 0 0 0 0 0 0 0 0 0 0 0 0 0 1 13150.8 13150.8 13150.8 13150.8
-1 -1 1 -1 -1 1 0 0 0 0 0 -3.07118e-09 -0 0 0 -0 0 0 0 0 0 0 0 0 0 0 0 0 0 1 13150.8 13150.8 13150.8 13150.8
-1 -1 1 -1 -1 1 0 0 0 0 0 2.03841e-09 -0 0 0 -0 0 0 0 0 0 0 0 0 0 0 0 0 0 1 13150.8 13150.8 13150.8 13150.8
-1 -1 1 -1 -1 1 0 0 0 0 0 -1.47919e-10 -0 0 0 -0 0 0 0 0 0 0 0 0 0 0 0 0 0 1 13150.8 13150.8 13150.8 13150.8
-1 -1 1 -1 -1 1 0 0 0 0 0 -2.33912e-09 -0 0 0 -0 0 0 0 0 0 0 0 0 0 0 0 0 0 1 13150.8 13150.8 13150.8 13150.8
-1 -1 1 -1 -1 1 0 0 0 0 0 2.76287e-09 -0 0 0 -0 0 0 0 0 0 0 0 0 0 0 0 0 0 1 13150.8 13150.8 13150.8 13150.8
-1 -1 1 -1 -1 1 0 0 0 0 0 5.69351e-10 -0 0 0 -0 0 0 0 0 0 0 0 0 0 0 0 0 0 1 13150.8 13150.8 13150.8 13150.8
-1 -1 1 -1 -1 1 0 0 0 0 0 -1.6084e-09 -0 0 0 -0 0 0 0 0 0 0 0 0 0 0 0 0 0 1 13150.8 13150.8 13150.8 13150.8
-1 -1 1 -1 -1 1 0 0 0 0 0 3.49696e-09 -0 0 0 -0 0 0 0 0 0 0 0 0 0 0 0 0 0 1 13150.8 13150.8 13150.8 13150.8
-1 -1 1 -1 -1 1 0 0 0 0 0 1.31174e-09 -0 0 0 -0 0 0 0 0 0 0 0 0 0 0 0 0 0 1 13150.8 13150.8 13150.8 13150.8
-1 -1 1 -1 -1 1 0 0 0 0 0 -8.83219e-10 -0 0 0 -0 0 0 0 0 0 0 0 0 0 0 0 0 0 1 13150.8 13150.8 13150.8 13150.8
-1 -1 1 -1 -1 1 0 0 0 0 0 -3.0685e-09 -0 0 0 -0 0 0 0 0 0 0 0 0 0 0 0 0 0 1 13150.8 13150.8 13150.8 13150.8
-1 -1 1 -1 -1 1 0 0 0 0 0 2.04041e-09 -0 0 0 -0 0 0 0 0 0 0 0 0 0 0 0 0 0 1 13150.8 13150.8 13150.8 13150.8
-1 -1 1 -1 -1 1 0 0 0 0 0 -1.43409e-10 -0 0 0 -0 0 0 0 0 0 0 0 0 0 0 0 0 0 1 13150.8 13150.8 13150.8 13150.8
-1 -1 1 -1 -1 1 0 0 0 0 0 -2.33727e-09 -0 0 0 -0 0 0 0 0 0 0 0 0 0 0 0 0 0 1 13150.8 13150.8 13150.8 13150.8
-1 -1 1 -1 -1 1 0 0 0 0 0 2.75656e-09 -0 0 0 -0 0 0 0 0 0 0 0 0 0 0 0 0 0 1 13150.8 13150.8 13150.8 13150.8
-1 -1 1 -1 -1 1 0 0 0 0 0 5.73598e-10 -0 0 0 -0 0 0 0 0 0 0 0 0 0 0 0 0 0 1 13150.8 13150.8 13150.8 13150.8
-1 -1 1 -1 -1 1 0 0 0 0 0 -1.61569e-09 -0 0 0 -0 0 0 0 0 0 0 0 0 0 0 0 0 0 1 13150.8 13150.8 13150.8 13150.8
-1 -1 1 -1 -1 1 0 0 0 0 0 3.48809e-09 -0 0 0 -0 0 0 0 0 0 0 0 0 0 0 0 0 0 1 13150.8 13150.8 13150.8 13150.8
-1 -1 1 -1 -1 1 0 0 0 0 0 1.29489e-09 -0 0 0 -0 0 0 0 0 0 0 0 0 0 0 0 0 0 1 13150.8 13150.8 13150.8 13150.8
-1 -1 1 -1 -1 1 0 0 0 0 0 -8.93267e-10 -0 0 0 -0 0 0 0 0 0 0 0 0 0 0 0 0 0 1 13150.8 13150.8 13150.8 13150.8
-1 -1 1 -1 -1 1 0 0 0 0 0 -3.08252e-09 -0 0 0 -0 0 0 0 0 0 0 0 0 0 0 0 0 0 1 13150.8 13150.8 13150.8 13150.8
-1 -1 1 -1 -1 1 0 0 0 0 0 2.008e-09 -0 0 0 -0 0 0 0 0 0 0 0 0 0 0 0 0 0 1 13150.8 13150.8 13150.8 13150.8
-1 -1 1 -1 -1 1 0 0 0 0 0 -1.84605e-10 -0 0 0 -0 0 0 0 0 0 0 0 0 0 0 0 0 0 1 13150.8 13150.8 13150.8 13150.8
-1 -1 1 -1 -1 1 0 0 0 0 0 -2.37873e-09 -0 0 0 -0 0 0 0 0 0 0 0 0 0 0 0 0 0 1 13150.8 13150.8 13150.8 13150.8
-1 -1 1 -1 -1 1 0 0 0 0 0 2.70469e-09 -0 0 0 -0 0 0 0 0 0 0 0 0 0 0 0 0 0 1 13150.8 13150.8 13150.8 13150.8
-1 -1 1 -1 -1 1 0 0 0 0 0 5.11089e-10 -0 0 0 -0 0 0 0 0 0 0 0 0 0 0 0 0 0 1 13150.8 13150.8 13150.8 13150.8
-1 -1 1 -1 -1 1 0 0 0 0 0 -1.67095e-09 -0 0 0 -0 0 0 0 0 0 0 0 0 0 0 0 0 0 1 13150.8 13150.8 13150.8 13150.8
-1 -1 1 -1 -1 1 0 0 0 0 0 3.4295e-09 -0 0 0 -0 0 0 0 0 0 0 0 0 0 0 0 0 0 1 13150.8 13150.8 13150.8 13150.8
-1 -1 1 -1 -1 1 0 0 0 0 0 1.24127e-09 -0 0 0 -0 0 0 0 0 0 0 0 0 0 0 0 0 0 1 13150.8 13150.8 13150.8 13150.8
-1 -1 1 -1 -1 1 0 0 0 0 0 -9.50389e-10 -0 0 0 -0 0 0 0 0 0 0 0 0 0 0 0 0 0 1 13150.8 13150.8 13150.8 13150.8
-1 -1 1 -1 -1 1 0 0 0 0 0 -3.14129e-09 -0 0 0 -0 0 0 0 0 0 0 0 0 0 0 0 0 0 1 13150.8 13150.8 13150.8 13150.8
-1 -1 1 -1 -1 1 0 0 0 0 0 1.96811e-09 -0 0 0 -0 0 0 0 0 0 0 0 0 0 0 0 0 0 1 13150.8 13150.8 13150.8 13150.8
-1 -1 1 -1 -1 1 0 0 0 0 0 -2.12797e-10 -0 0 0 -0 0 0 0 0 0 0 0 0 0 0 0 0 0 1 13150.8 13150.8 13150.8 13150.8
-1 -1 1 -1 -1 1 0 0 0 0 0 -2.40956e-09 -0 0 0 -0 0 0 0 0 0 0 0 0 0 0 0 0 0 1 13150.8 13150.8 13150.8 13150.8
-1 -1 1 -1 -1 1 0 0 0 0 0 2.70653e-09 -0 0 0 -0 0 0 0 0 0 0 0 0 0 0 0 0 0 1 13150.8 13150.8 13150.8 13150.8
-1 -1 1 -1 -1 1 0 0 0 0 0 5.34455e-10 -0 0 0 -0 0 0 0 0 0 0 0 0 0 0 0 0 0 1 13150.8 13150.8 13150.8 13150.8
-1 -1 1 -1 -1 1 0 0 0 0 0 -1.65474e-09 -0 0 0 -0 0 0 0 0 0 0 0 0 0 0 0 0 0 1 13150.8 13150.8 13150.8 13150.8
-1 -1 1 -1 -1 1 0 0 0 0 0 3.45573e-09 -0 0 0 -0 0 0 0 0 0 0 0 0 0 0 0 0 0 1 13150.8 13150.8 13150.8 13150.8
-1 -1 1 -1 -1 1 0 0 0 0 0 1.26886e-09 -0 0 0 -0 0 0 0 0 0 0 0 0 0 0 0 0 0 1 13150.8 13150.8 13150.8 13150.8
-1 -1 1 -1 -1 1 0 0 0 0 0 -9.20866e-10 -0 0 0 -0 0 0 0 0 0 0 0 0 0 0 0 0 0 1 13150.8 13150.8 13150.8 13150.8
-1 -1 1 -1 -1 1 0 0 0 0 0 -3.10671e-09 -0 0 0 -0 0 0 0 0 0 0 0 0 0 0 0 0 0 1 13150.8 13150.8 13150.8 13150.8
-1 -1 1 -1 -1 1 0 0 0 0 0 2.01672e-09 -0 0 0 -0 0 0 0 0 0 0 0 0 0 0 0 0 0 1 13150.8 13150.8 13150.8 13150.8
-1 -1 1 -1 -1 1 0 0 0 0 0 -1.68067e-10 -0 0 0 -0 0 0 0 0 0 0 0 0 0 0 0 0 0 1 13150.8 13150.8 13150.8 13150.8
-1 -1 1 -1 -1 1 0 0 0 0 0 -2.35255e-09 -0 0 0 -0 0 0 0 0 0 0 0 0 0 0 0 0 0 1 13150.8 13150.8 13150.8 13150.8
-1 -1 1 -1 -1 1 0 0 0 0 0 2.76858e-09 -0 0 0 -0 0 0 0 0 0 0 0 0 0 0 0 0 0 1 13150.8 13150.8 13150.8 13150.8
-1 -1 1 -1 -1 1 0 0 0 0 0 5.88892e-10 -0 0 0 -0 0 0 0 0 0 0 0 0 0 0 0 0 0 1 13150.8 13150.8 13150.8 13150.8
-1 -1 1 -1 -1 1 0 0 0 0 0 -1.59948e-09 -0 0 0 -0 0 0 0 0 0 0 0 0 0 0 0 0 0 1 13150.8 13150.8 13150.8 13150.8
-1 -1 1 -1 -1 1 0 0 0 0 0 -3.78615e-09 -0 0 0 -0 0 0 0 0 0 0 0 0 0 0 0 0 0 1 13150.8 13150.8 13150.8 13150.8
-1 -1 1 -1 -1 1 0 0 0 0 0 1.31488e-09 -0 0 0 -0 0 0 0 0 0 0 0 0 0 0 0 0 0 1 13150.8 13150.8 13150.8 13150.8
-1 -1 1 -1 -1 1 0 0 0 0 0 -8.73116e-10 -0 0 0 -0 0 0 0 0 0 0 0 0 0 0 0 0 0 1 13150.8 13150.8 13150.8 13150.8
-1 -1 1 -1 -1 1 0 0 0 0 0 -3.06179e-09 -0 0 0 -0 0 0 0 0 0 0 0 0 0 0 0 0 0 1 13150.8 13150.8 13150.8 13150.8
-1 -1 1 -1 -1 1 0 0 0 0 0 2.05091e-09 -0 0 0 -0 0 0 0 0 0 0 0 0 0 0 0 0 0 1 13150.8 13150.8 13150.8 13150.8
-1 -1 1 -1 -1 1 0 0 0 0 0 -1.40462e-10 -0 0 0 -0 0 0 0 0 0 0 0 0 0 0 0 0 0 1 13150.8 13150.8 13150.8 13150.8
-1 -1 1 -1 -1 1 0 0 0 0 0 -2.33146e-09 -0 0 0 -0 0 0 0 0 0 0 0 0 0 0 0 0 0 1 13150.8 13150.8 13150.8 13150.8
-1 -1 1 -1 -1 1 0 0 0 0 0 2.73837e-09 -0 0 0 -0 0 0 0 0 0 0 0 0 0 0 0 0 0 1 13150.8 13150.8 13150.8 13150.8
-1 -1 1 -1 -1 1 0 0 0 0 0 5.40775e-10 -0 0 0 -0 0 0 0 0 0 0 0 0 0 0 0 0 0 1 13150.8 13150.8 13150.8 13150.8
-1 -1 1 -1 -1 1 0 0 0 0 0 -1.64015e-09 -0 0 0 -0 0 0 0 0 0 0 0 0 0 0 0 0 0 1 13150.8 13150.8 13150.8 13150.8
-1 -1 1 -1 -1 1 0 0 0 0 0 3.46246e-09 -0 0 0 -0 0 0 0 0 0 0 0 0 0 0 0 0 0 1 13150.8 13150.8 13150.8 13150.8
-1 -1 1 -1 -1 1 0 0 0 0 0 1.27315e-09 -0 0 0 -0 0 0 0 0 0 0 0 0 0 0 0 0 0 1 13150.8 13150.8 13150.8 13150.8
-1 -1 1 -1 -1 1 0 0 0 0 0 -9.20097e-10 -0 0 0 -0 0 0 0 0 0 0 0 0 0 0 0 0 0 1 13150.8 13150.8 13150.8 13150.8
-1 -1 1 -1 -1 1 0 0 0 0 0 -3.10722e-09 -0 0 0 -0 0 0 0 0 0 0 0 0 0 0 0 0 0 1 13150.8 13150.8 13150.8 13150.8
-1 -1 1 -1 -1 1 0 0 0 0 0 1.99013e-09 -0 0 0 -0 0 0 0 0 0 0 0 0 0 0 0 0 0 1 13150.8 13150.8 13150.8 13150.8
-1 -1 1 -1 -1 1 0 0 0 0 0 -2.01282e-10 -0 0 0 -0 0 0 0 0 0 0 0 0 0 0 0 0 0 1 13150.8 13150.8 13150.8 13150.8
-1 -1 1 -1 -1 1 0 0 0 0 0 -2.38941e-09 -0 0 0 -0 0 0 0 0 0 0 0 0 0 0 0 0 0 1 13150.8 13150.8 13150.8 13150.8
-1 -1 1 -1 -1 1 0 0 0 0 0 2.71464e-09 -0 0 0 -0 0 0 0 0 0 0 0 0 0 0 0 0 0 1 13150.8 13150.8 13150.8 13150.8
-1 -1 1 -1 -1 1 0 0 0 0 0 5.28825e-10 -0 0 0 -0 0 0 0 0 0 0 0 0 0 0 0 0 0 1 13150.8 13150.8 13150.8 13150.8
-1 -1 1 -1 -1 1 0 0 0 0 0 -1.65854e-09 -0 0 0 -0 0 0 0 0 0 0 0 0 0 0 0 0 0 1 13150.8 13150.8 13150.8 13150.8
-1 -1 1 -1 -1 1 0 0 0 0 0 3.43678e-09 -0 0 0 -0 0 0 0 0 0 0 0 0 0 0 0 0 0 1 13150.8 13150.8 13150.8 13150.8
-1 -1 1 -1 -1 1 0 0 0 0 0 1.24829e-09 -0 0 0 -0 0 0 0 0 0 0 0 0 0 0 0 0 0 1 13150.8 13150.8 13150.8 13150.8
-1 -1 1 -1 -1 1 0 0 0 0 0 -9.48703e-10 -0 0 0 -0 0 0 0 0 0 0 0 0 0 0 0 0 0 1 13150.8 13150.8 13150.8 13150.8
-1 -1 1 -1 -1 1 0 0 0 0 0 -3.13125e-09 -0 0 0 -0 0 0 0 0 0 0 0 0 0 0 0 0 0 1 13150.8 13150.8 13150.8 13150.8
-1 -1 1 -1 -1 1 0 0 0 0 0 1.96477e-09 -0 0 0 -0 0 0 0 0 0 0 0 0 0 0 0 0 0 1 13150.8 13150.8 13150.8 13150.8
-1 -1 1 -1 -1 1 0 0 0 0 0 -2.29395e-10 -0 0 0 -0 0 0 0 0 0 0 0 0 0 0 0 0 0 1 13150.8 13150.8 13150.8 13150.8
-1 -1 1 -1 -1 1 0 0 0 0 0 -2.41721e-09 -0 0 0 -0 0 0 0 0 0 0 0 0 0 0 0 0 0 1 13150.8 13150.8 13150.8 13150.8
-1 -1 1 -1 -1 1 0 0 0 0 0 2.66952e-09 -0 0 0 -0 0 0 0 0 0 0 0 0 0 0 0 0 0 1 13150.8 13150.8 13150.8 13150.8
-1 -1 1 -1 -1 1 0 0 0 0 0 4.63496e-10 -0 0 0 -0 0 0 0 0 0 0 0 0 0 0 0 0 0 1 13150.8 13150.8 13150.8 13150.8
-1 -1 1 -1 -1 1 0 0 0 0 0 -1.7088e-09 -0 0 0 -0 0 0 0 0 0 0 0 0 0 0 0 0 0 1 13150.8 13150.8 13150.8 13150.8
-1 -1 1 -1 -1 1 0 0 0 0 0 3.41208e-09 -0 0 0 -0 0 0 0 0 0 0 0 0 0 0 0 0 0 1 13150.8 13150.8 13150.8 13150.8
-1 -1 1 -1 -1 1 0 0 0 0 0 1.22609e-09 -0 0 0 -0 0 0 0 0 0 0 0 0 0 0 0 0 0 1 13150.8 13150.8 13150.8 13150.8
-1 -1 1 -1 -1 1 0 0 0 0 0 -9.61093e-10 -0 0 0 -0 0 0 0 0 0 0 0 0 0 0 0 0 0 1 13150.8 13150.8 13150.8 13150.8
-1 -1 1 -1 -1 1 0 0 0 0 0 -3.14909e-09 -0 0 0 -0 0 0 0 0 0 0 0 0 0 0 0 0 0 1 13150.8 13150.8 13150.8 13150.8
-1 -1 1 -1 -1 1 0 0 0 0 0 1.95972e-09 -0 0 0 -0 0 0 0 0 0 0 0 0 0 0 0 0 0 1 13150.8 13150.8 13150.8 13150.8
-1 -1 1 -1 -1 1 0 0 0 0 0 -2.3106e-10 -0 0 0 -0 0 0 0 0 0 0 0 0 0 0 0 0 0 1 13150.8 13150.8 13150.8 13150.8
-1 -1 1 -1 -1 1 0 0 0 0 0 -2.42225e-09 -0 0 0 -0 0 0 0 0 0 0 0 0 0 0 0 0 0 1 13150.8 13150.8 13150.8 13150.8
-1 -1 1 -1 -1 1 0 0 0 0 0 2.6824e-09 -0 0 0 -0 0 0 0 0 0 0 0 0 0 0 0 0 0 1 13150.8 13150.8 13150.8 13150.8
-1 -1 1 -1 -1 1 0 0 0 0 0 4.95335e-10 -0 0 0 -0 0 0 0 0 0 0 0 0 0 0 0 0 0 1 13150.8 13150.8 13150.8 13150.8
-1 -1 1 -1 -1 1 0 0 0 0 0 -1.68194e-09 -0 0 0 -0 0 0 0 0 0 0 0 0 0 0 0 0 0 1 13150.8 13150.8 13150.8 13150.8
-1 -1 1 -1 -1 1 0 0 0 0 0 3.44173e-09 -0 0 0 -0 0 0 0 0 0 0 0 0 0 0 0 0 0 1 13150.8 13150.8 13150.8 13150.8
-1 -1 1 -1 -1 1 0 0 0 0 0 1.26505e-09 -0 0 0 -0 0 0 0 0 0 0 0 0 0 0 0 0 0 1 13150.8 13150.8 13150.8 13150.8
-1 -1 1 -1 -1 1 0 0 0 0 0 -9.27891e-10 -0 0 0 -0 0 0 0 0 0 0 0 0 0 0 0 0 0 1 13150.8 13150.8 13150.8 13150.8
-1 -1 1 -1 -1 1 0 0 0 0 0 -3.11776e-09 -0 0 0 -0 0 0 0 0 0 0 0 0 0 0 0 0 0 1 13150.8 13150.8 13150.8 13150.8
-1 -1 1 -1 -1 1 0 0 0 0 0 1.99521e-09 -0 0 0 -0 0 0 0 0 0 0 0 0 0 0 0 0 0 1 13150.8 13150.8 13150.8 13150.8
-1 -1 1 -1 -1 1 0 0 0 0 0 -1.85431e-10 -0 0 0 -0 0 0 0 0 0 0 0 0 0 0 0 0 0 1 13150.8 13150.8 13150.8 13150.8
-1 -1 1 -1 -1 1 0 0 0 0 0 -2.37441e-09 -0 0 0 -0 0 0 0 0 0 0 0 0 0 0 0 0 0 1 13150.8 13150.8 13150.8 13150.8
-1 -1 1 -1 -1 1 0 0 0 0 0 2.71869e-09 -0 0 0 -0 0 0 0 0 0 0 0 0 0 0 0 0 0 1 13150.8 13150.8 13150.8 13150.8
-1 -1 1 -1 -1 1 0 0 0 0 0 5.28158e-10 -0 0 0 -0 0 0 0 0 0 0 0 0 0 0 0 0 0 1 13150.8 13150.8 13150.8 13150.8
-1 -1 1 -1 -1 1 0 0 0 0 0 -1.65951e-09 -0 0 0 -0 0 0 0 0 0 0 0 0 0 0 0 0 0 1 13150.8 13150.8 13150.8 13150.8
-1 -1 1 -1 -1 1 0 0 0 0 0 3.46917e-09 -0 0 0 -0 0 0 0 0 0 0 0 0 0 0 0 0 0 1 13150.8 13150.8 13150.8 13150.8
-1 -1 1 -1 -1 1 0 0 0 0 0 1.28376e-09 -0 0 0 -0 0 0 0 0 0 0 0 0 0 0 0 0 0 1 13150.8 13150.8 13150.8 13150.8
-1 -1 1 -1 -1 1 0 0 0 0 0 -9.07284e-10 -0 0 0 -0 0 0 0 0 0 0 0 0 0 0 0 0 0 1 13150.8 13150.8 13150.8 13150.8
-1 -1 1 -1 -1 1 0 0 0 0 0 -3.10425e-09 -0 0 0 -0 0 0 0 0 0 0 0 0 0 0 0 0 0 1 13150.8 13150.8 13150.8 13150.8
-1 -1 1 -1 -1 1 0 0 0 0 0 1.9748e-09 -0 0 0 -0 0 0 0 0 0 0 0 0 0 0 0 0 0 1 13150.8 13150.8 13150.8 13150.8
-1 -1 1 -1 -1 1 0 0 0 0 0 -2.08849e-10 -0 0 0 -0 0 0 0 0 0 0 0 0 0 0 0 0 0 1 13150.8 13150.8 13150.8 13150.8
-1 -1 1 -1 -1 1 0 0 0 0 0 -2.39764e-09 -0 0 0 -0 0 0 0 0 0 0 0 0 0 0 0 0 0 1 13150.8 13150.8 13150.8 13150.8
-1 -1 1 -1 -1 1 0 0 0 0 0 2.71272e-09 -0 0 0 -0 0 0 0 0 0 0 0 0 0 0 0 0 0 1 13150.8 13150.8 13150.8 13150.8
-1 -1 1 -1 -1 1 0 0 0 0 0 5.27876e-10 -0 0 0 -0 0 0 0 0 0 0 0 0 0 0 0 0 0 1 13150.8 13150.8 13150.8 13150.8
-1 -1 1 -1 -1 1 0 0 0 0 0 -1.65788e-09 -0 0 0 -0 0 0 0 0 0 0 0 0 0 0 0 0 0 1 13150.8 13150.8 13150.8 13150.8
-1 -1 1 -1 -1 1 0 0 0 0 0 3.44391e-09 -0 0 0 -0 0 0 0 0 0 0 0 0 0 0 0 0 0 1 13150.8 13150.8 13150.8 13150.8
-1 -1 1 -1 -1 1 0 0 0 0 0 1.25932e-09 -0 0 0 -0 0 0 0 0 0 0 0 0 0 0 0 0 0 1 13150.8 13150.8 13150.8 13150.8
-1 -1 1 -1 -1 1 0 0 0 0 0 -9.36023e-10 -0 0 0 -0 0 0 0 0 0 0 0 0 0 0 0 0 0 1 13150.8 13150.8 13150.8 13150.8
-1 -1 1 -1 -1 1 0 0 0 0 0 -3.12213e-09 -0 0 0 -0 0 0 0 0 0 0 0 0 0 0 0 0 0 1 13150.8 13150.8 13150.8 13150.8
-1 -1 1 -1 -1 1 0 0 0 0 0 1.99936e-09 -0 0 0 -0 0 0 0 0 0 0 0 0 0 0 0 0 0 1 13150.8 13150.8 13150.8 13150.8
-1 -1 1 -1 -1 1 0 0 0 0 0 -1.82591e-10 -0 0 0 -0 0 0 0 0 0 0 0 0 0 0 0 0 0 1 13150.8 13150.8 13150.8 13150.8
-1 -1 1 -1 -1 1 0 0 0 0 0 -2.3833e-09 -0 0 0 -0 0 0 0 0 0 0 0 0 0 0 0 0 0 1 13150.8 13150.8 13150.8 13150.8
-1 -1 1 -1 -1 1 0 0 0 0 0 2.67853e-09 -0 0 0 -0 0 0 0 0 0 0 0 0 0 0 0 0 0 1 13150.8 13150.8 13150.8 13150.8
-1 -1 1 -1 -1 1 0 0 0 0 0 4.89969e-10 -0 0 0 -0 0 0 0 0 0 0 0 0 0 0 0 0 0 1 13150.8 13150.8 13150.8 13150.8
-1 -1 1 -1 -1 1 0 0 0 0 0 -1.70014e-09 -0 0 0 -0 0 0 0 0 0 0 0 0 0 0 0 0 0 1 13150.8 13150.8 13150.8 13150.8
-1 -1 1 -1 -1 1 0 0 0 0 0 3.41069e-09 -0 0 0 -0 0 0 0 0 0 0 0 0 0 0 0 0 0 1 13150.8 13150.8 13150.8 13150.8
-1 -1 1 -1 -1 1 0 0 0 0 0 1.22256e-09 -0 0 0 -0 0 0 0 0 0 0 0 0 0 0 0 0 0 1 13150.8 13150.8 13150.8 13150.8
-1 -1 1 -1 -1 1 0 0 0 0 0 -9.6538e-10 -0 0 0 -0 0 0 0 0 0 0 0 0 0 0 0 0 0 1 13150.8 13150.8 13150.8 13150.8
-1 -1 1 -1 -1 1 0 0 0 0 0 -3.15318e-09 -0 0 0 -0 0 0 0 0 0 0 0 0 0 0 0 0 0 1 13150.8 13150.8 13150.8 13150.8
-1 -1 1 -1 -1 1 0 0 0 0 0 1.94306e-09 -0 0 0 -0 0 0 0 0 0 0 0 0 0 0 0 0 0 1 13150.8 13150.8 13150.8 13150.8
-1 -1 1 -1 -1 1 0 0 0 0 0 -2.49467e-10 -0 0 0 -0 0 0 0 0 0 0 0 0 0 0 0 0 0 1 13150.8 13150.8 13150.8 13150.8
-1 -1 1 -1 -1 1 0 0 0 0 0 -2.43458e-09 -0 0 0 -0 0 0 0 0 0 0 0 0 0 0 0 0 0 1 13150.8 13150.8 13150.8 13150.8
-1 -1 1 -1 -1 1 0 0 0 0 0 2.66429e-09 -0 0 0 -0 0 0 0 0 0 0 0 0 0 0 0 0 0 1 13150.8 13150.8 13150.8 13150.8
-1 -1 1 -1 -1 1 0 0 0 0 0 7.76434e-09 -0 0 0 -0 0 0 0 0 0 0 0 0 0 0 0 0 0 1 13150.8 13150.8 13150.8 13150.8
-1 -1 1 -1 -1 1 0 0 0 0 0 5.575e-09 -0 0 0 -0 0 0 0 0 0 0 0 0 0 0 0 0 0 1 13150.8 13150.8 13150.8 13150.8
-1 -1 1 -1 -1 1 0 0 0 0 0 3.38809e-09 -0 0 0 -0 0 0 0 0 0 0 0 0 0 0 0 0 0 1 13150.8 13150.8 13150.8 13150.8
-1 -1 1 -1 -1 1 0 0 0 0 0 1.19096e-09 -0 0 0 -0 0 0 0 0 0 0 0 0 0 0 0 0 0 1 13150.8 13150.8 13150.8 13150.8
-1 -1 1 -1 -1 1 0 0 0 0 0 -9.94197e-10 -0 0 0 -0 0 0 0 0 0 0 0 0 0 0 0 0 0 1 13150.8 13150.8 13150.8 13150.8
-1 -1 1 -1 -1 1 0 0 0 0 0 -3.19856e-09 -0 0 0 -0 0 0 0 0 0 0 0 0 0 0 0 0 0 1 13150.8 13150.8 13150.8 13150.8
-1 -1 1 -1 -1 1 0 0 0 0 0 1.87815e-09 -0 0 0 -0 0 0 0 0 0 0 0 0 0 0 0 0 0 1 13150.8 13150.8 13150.8 13150.8
-1 -1 1 -1 -1 1 0 0 0 0 0 -3.03848e-10 -0 0 0 -0 0 0 0 0 0 0 0 0 0 0 0 0 0 1 13150.8 13150.8 13150.8 13150.8
-1 -1 1 -1 -1 1 0 0 0 0 0 -2.4932e-09 -0 0 0 -0 0 0 0 0 0 0 0 0 0 0 0 0 0 1 13150.8 13150.8 13150.8 13150.8
-1 -1 1 -1 -1 1 0 0 0 0 0 2.63267e-09 -0 0 0 -0 0 0 0 0 0 0 0 0 0 0 0 0 0 1 13150.8 13150.8 13150.8 13150.8
-1 -1 1 -1 -1 1 0 0 0 0 0 4.52353e-10 -0 0 0 -0 0 0 0 0 0 0 0 0 0 0 0 0 0 1 13150.8 13150.8 13150.8 13150.8
-1 -1 1 -1 -1 1 0 0 0 0 0 -1.73581e-09 -0 0 0 -0 0 0 0 0 0 0 0 0 0 0 0 0 0 1 13150.8 13150.8 13150.8 13150.8
-1 -1 1 -1 -1 1 0 0 0 0 0 -3.93685e-09 -0 0 0 -0 0 0 0 0 0 0 0 0 0 0 0 0 0 1 13150.8 13150.8 13150.8 13150.8
-1 -1 1 -1 -1 1 0 0 0 0 0 1.13961e-09 -0 0 0 -0 0 0 0 0 0 0 0 0 0 0 0 0 0 1 13150.8 13150.8 13150.8 13150.8
-1 -1 1 -1 -1 1 0 0 0 0 0 -1.05458e-09 -0 0 0 -0 0 0 0 0 0 0 0 0 0 0 0 0 0 1 13150.8 13150.8 13150.8 13150.8
-1 -1 1 -1 -1 1 0 0 0 0 0 -3.23275e-09 -0 0 0 -0 0 0 0 0 0 0 0 0 0 0 0 0 0 1 13150.8 13150.8 13150.8 13150.8
-1 -1 1 -1 -1 1 0 0 0 0 0 1.87795e-09 -0 0 0 -0 0 0 0 0 0 0 0 0 0 0 0 0 0 1 13150.8 13150.8 13150.8 13150.8
-1 -1 1 -1 -1 1 0 0 0 0 0 -3.06517e-10 -0 0 0 -0 0 0 0 0 0 0 0 0 0 0 0 0 0 1 13150.8 13150.8 13150.8 13150.8
-1 -1 1 -1 -1 1 0 0 0 0 0 -2.49496e-09 -0 0 0 -0 0 0 0 0 0 0 0 0 0 0 0 0 0 1 13150.8 13150.8 13150.8 13150.8
-1 -1 1 -1 -1 1 0 0 0 0 0 2.61191e-09 -0 0 0 -0 0 0 0 0 0 0 0 0 0 0 0 0 0 1 13150.8 13150.8 13150.8 13150.8
-1 -1 1 -1 -1 1 0 0 0 0 0 4.25238e-10 -0 0 0 -0 0 0 0 0 0 0 0 0 0 0 0 0 0 1 13150.8 13150.8 13150.8 13150.8
-1 -1 1 -1 -1 1 0 0 0 0 0 -1.76845e-09 -0 0 0 -0 0 0 0 0 0 0 0 0 0 0 0 0 0 1 13150.8 13150.8 13150.8 13150.8
-1 -1 1 -1 -1 1 0 0 0 0 0 3.31787e-09 -0 0 0 -0 0 0 0 0 0 0 0 0 0 0 0 0 0 1 13150.8 13150.8 13150.8 13150.8
-1 -1 1 -1 -1 1 0 0 0 0 0 1.12174e-09 -0 0 0 -0 0 0 0 0 0 0 0 0 0 0 0 0 0 1 13150.8 13150.8 13150.8 13150.8
-1 -1 1 -1 -1 1 0 0 0 0 0 -1.06022e-09 -0 0 0 -0 0 0 0 0 0 0 0 0 0 0 0 0 0 1 13150.8 13150.8 13150.8 13150.8
-1 -1 1 -1 -1 1 0 0 0 0 0 -3.24652e-09 -0 0 0 -0 0 0 0 0 0 0 0 0 0 0 0 0 0 1 13150.8 13150.8 13150.8 13150.8
-1 -1 1 -1 -1 1 0 0 0 0 0 1.85674e-09 -0 0 0 -0 0 0 0 0 0 0 0 0 0 0 0 0 0 1 13150.8 13150.8 13150.8 13150.8
-1 -1 1 -1 -1 1 0 0 0 0 0 -3.34747e-10 -0 0 0 -0 0 0 0 0 0 0 0 0 0 0 0 0 0 1 13150.8 13150.8 13150.8 13150.8
-1 -1 1 -1 -1 1 0 0 0 0 0 -2.53111e-09 -0 0 0 -0 0 0 0 0 0 0 0 0 0 0 0 0 0 1 13150.8 13150.8 13150.8 13150.8
-1 -1 1 -1 -1 1 0 0 0 0 0 2.53813e-09 -0 0 0 -0 0 0 0 0 0 0 0 0 0 0 0 0 0 1 13150.8 13150.8 13150.8 13150.8
-1 -1 1 -1 -1 1 0 0 0 0 0 3.42936e-10 -0 0 0 -0 0 0 0 0 0 0 0 0 0 0 0 0 0 1 13150.8 13150.8 13150.8 13150.8
-1 -1 1 -1 -1 1 0 0 0 0 0 -1.84253e-09 -0 0 0 -0 0 0 0 0 0 0 0 0 0 0 0 0 0 1 13150.8 13150.8 13150.8 13150.8
-1 -1 1 -1 -1 1 0 0 0 0 0 3.2911e-09 -0 0 0 -0 0 0 0 0 0 0 0 0 0 0 0 0 0 1 13150.8 13150.8 13150.8 13150.8
-1 -1 1 -1 -1 1 0 0 0 0 0 1.11249e-09 -0 0 0 -0 0 0 0 0 0 0 0 0 0 0 0 0 0 1 13150.8 13150.8 13150.8 13150.8
-1 -1 1 -1 -1 1 0 0 0 0 0 -1.08418e-09 -0 0 0 -0 0 0 0 0 0 0 0 0 0 0 0 0 0 1 13150.8 13150.8 13150.8 13150.8
-1 -1 1 -1 -1 1 0 0 0 0 0 -3.26163e-09 -0 0 0 -0 0 0 0 0 0 0 0 0 0 0 0 0 0 1 13150.8 13150.8 13150.8 13150.8
-1 -1 1 -1 -1 1 0 0 0 0 0 1.83245e-09 -0 0 0 -0 0 0 0 0 0 0 0 0 0 0 0 0 0 1 13150.8 13150.8 13150.8 13150.8
-1 -1 1 -1 -1 1 0 0 0 0 0 -3.58883e-10 -0 0 0 -0 0 0 0 0 0 0 0 0 0 0 0 0 0 1 13150.8 13150.8 13150.8 13150.8
-1 -1 1 -1 -1 1 0 0 0 0 0 -2.55028e-09 -0 0 0 -0 0 0 0 0 0 0 0 0 0 0 0 0 0 1 13150.8 13150.8 13150.8 13150.8
-1 -1 1 -1 -1 1 0 0 0 0 0 2.54253e-09 -0 0 0 -0 0 0 0 0 0 0 0 0 0 0 0 0 0 1 13150.8 13150.8 13150.8 13150.8
-1 -1 1 -1 -1 1 0 0 0 0 0 3.47076e-10 -0 0 0 -0 0 0 0 0 0 0 0 0 0 0 0 0 0 1 13150.8 13150.8 13150.8 13150.8
-1 -1 1 -1 -1 1 0 0 0 0 0 -1.83614e-09 -0 0 0 -0 0 0 0 0 0 0 0 0 0 0 0 0 0 1 13150.8 13150.8 13150.8 13150.8
-1 -1 1 -1 -1 1 0 0 0 0 0 3.27177e-09 -0 0 0 -0 0 0 0 0 0 0 0 0 0 0 0 0 0 1 13150.8 13150.8 13150.8 13150.8
-1 -1 1 -1 -1 1 0 0 0 0 0 1.08459e-09 -0 0 0 -0 0 0 0 0 0 0 0 0 0 0 0 0 0 1 13150.8 13150.8 13150.8 13150.8
-1 -1 1 -1 -1 1 0 0 0 0 0 -1.10355e-09 -0 0 0 -0 0 0 0 0 0 0 0 0 0 0 0 0 0 1 13150.8 13150.8 13150.8 13150.8
-1 -1 1 -1 -1 1 0 0 0 0 0 -3.28818e-09 -0 0 0 -0 0 0 0 0 0 0 0 0 0 0 0 0 0 1 13150.8 13150.8 13150.8 13150.8
-1 -1 1 -1 -1 1 0 0 0 0 0 1.80937e-09 -0 0 0 -0 0 0 0 0 0 0 0 0 0 0 0 0 0 1 13150.8 13150.8 13150.8 13150.8
-1 -1 1 -1 -1 1 0 0 0 0 0 -3.85291e-10 -0 0 0 -0 0 0 0 0 0 0 0 0 0 0 0 0 0 1 13150.8 13150.8 13150.8 13150.8
-1 -1 1 -1 -1 1 0 0 0 0 0 -2.57021e-09 -0 0 0 -0 0 0 0 0 0 0 0 0 0 0 0 0 0 1 13150.8 13150.8 13150.8 13150.8
-1 -1 1 -1 -1 1 0 0 0 0 0 2.5203e-09 -0 0 0 -0 0 0 0 0 0 0 0 0 0 0 0 0 0 1 13150.8 13150.8 13150.8 13150.8
-1 -1 1 -1 -1 1 0 0 0 0 0 3.29332e-10 -0 0 0 -0 0 0 0 0 0 0 0 0 0 0 0 0 0 1 13150.8 13150.8 13150.8 13150.8
-1 -1 1 -1 -1 1 0 0 0 0 0 -1.86326e-09 -0 0 0 -0 0 0 0 0 0 0 0 0 0 0 0 0 0 1 13150.8 13150.8 13150.8 13150.8
-1 -1 1 -1 -1 1 0 0 0 0 0 3.24516e-09 -0 0 0 -0 0 0 0 0 0 0 0 0 0 0 0 0 0 1 13150.8 13150.8 13150.8 13150.8
-1 -1 1 -1 -1 1 0 0 0 0 0 1.04954e-09 -0 0 0 -0 0 0 0 0 0 0 0 0 0 0 0 0 0 1 13150.8 13150.8 13150.8 13150.8
-1 -1 1 -1 -1 1 0 0 0 0 0 -1.13208e-09 -0 0 0 -0 0 0 0 0 0 0 0 0 0 0 0 0 0 1 13150.8 13150.8 13150.8 13150.8
-1 -1 1 -1 -1 1 0 0 0 0 0 -3.31729e-09 -0 0 0 -0 0 0 0 0 0 0 0 0 0 0 0 0 0 1 13150.8 13150.8 13150.8 13150.8
-1 -1 1 -1 -1 1 0 0 0 0 0 1.77928e-09 -0 0 0 -0 0 0 0 0 0 0 0 0 0 0 0 0 0 1 13150.8 13150.8 13150.8 13150.8
-1 -1 1 -1 -1 1 0 0 0 0 0 -4.13415e-10 -0 0 0 -0 0 0 0 0 0 0 0 0 0 0 0 0 0 1 13150.8 13150.8 13150.8 13150.8
-1 -1 1 -1 -1 1 0 0 0 0 0 -2.60763e-09 -0 0 0 -0 0 0 0 0 0 0 0 0 0 0 0 0 0 1 13150.8 13150.8 13150.8 13150.8
-1 -1 1 -1 -1 1 0 0 0 0 0 2.47465e-09 -0 0 0 -0 0 0 0 0 0 0 0 0 0 0 0 0 0 1 13150.8 13150.8 13150.8 13150.8
-1 -1 1 -1 -1 1 0 0 0 0 0 2.87019e-10 -0 0 0 -0 0 0 0 0 0 0 0 0 0 0 0 0 0 1 13150.8 13150.8 13150.8 13150.8
-1 -1 1 -1 -1 1 0 0 0 0 0 -1.89975e-09 -0 0 0 -0 0 0 0 0 0 0 0 0 0 0 0 0 0 1 13150.8 13150.8 13150.8 13150.8
-1 -1 1 -1 -1 1 0 0 0 0 0 3.19371e-09 -0 0 0 -0 0 0 0 0 0 0 0 0 0 0 0 0 0 1 13150.8 13150.8 13150.8 13150.8
-1 -1 1 -1 -1 1 0 0 0 0 0 1.00517e-09 -0 0 0 -0 0 0 0 0 0 0 0 0 0 0 0 0 0 1 13150.8 13150.8 13150.8 13150.8
-1 -1 1 -1 -1 1 0 0 0 0 0 -1.19228e-09 -0 0 0 -0 0 0 0 0 0 0 0 0 0 0 0 0 0 1 13150.8 13150.8 13150.8 13150.8
-1 -1 1 -1 -1 1 0 0 0 0 0 -3.38499e-09 -0 0 0 -0 0 0 0 0 0 0 0 0 0 0 0 0 0 1 13150.8 13150.8 13150.8 13150.8
-1 -1 1 -1 -1 1 0 0 0 0 0 1.69231e-09 -0 0 0 -0 0 0 0 0 0 0 0 0 0 0 0 0 0 1 13150.8 13150.8 13150.8 13150.8
-1 -1 1 -1 -1 1 0 0 0 0 0 -5.00909e-10 -0 0 0 -0 0 0 0 0 0 0 0 0 0 0 0 0 0 1 13150.8 13150.8 13150.8 13150.8
-1 -1 1 -1 -1 1 0 0 0 0 0 -2.68799e-09 -0 0 0 -0 0 0 0 0 0 0 0 0 0 0 0 0 0 1 13150.8 13150.8 13150.8 13150.8
-1 -1 1 -1 -1 1 0 0 0 0 0 2.42752e-09 -0 0 0 -0 0 0 0 0 0 0 0 0 0 0 0 0 0 1 13150.8 13150.8 13150.8 13150.8
-1 -1 1 -1 -1 1 0 0 0 0 0 2.44606e-10 -0 0 0 -0 0 0 0 0 0 0 0 0 0 0 0 0 0 1 13150.8 13150.8 13150.8 13150.8
-1 -1 1 -1 -1 1 0 0 0 0 0 -1.94025e-09 -0 0 0 -0 0 0 0 0 0 0 0 0 0 0 0 0 0 1 13150.8 13150.8 13150.8 13150.8
-1 -1 1 -1 -1 1 0 0 0 0 0 3.20282e-09 -0 0 0 -0 0 0 0 0 0 0 0 0 0 0 0 0 0 1 13150.8 13150.8 13150.8 13150.8
-1 -1 1 -1 -1 1 0 0 0 0 0 1.02591e-09 -0 0 0 -0 0 0 0 0 0 0 0 0 0 0 0 0 0 1 13150.8 13150.8 13150.8 13150.8
-1 -1 1 -1 -1 1 0 0 0 0 0 -1.16116e-09 -0 0 0 -0 0 0 0 0 0 0 0 0 0 0 0 0 0 1 13150.8 13150.8 13150.8 13150.8
-1 -1 1 -1 -1 1 0 0 0 0 0 -3.34766e-09 -0 0 0 -0 0 0 0 0 0 0 0 0 0 0 0 0 0 1 13150.8 13150.8 13150.8 13150.8
-1 -1 1 -1 -1 1 0 0 0 0 0 1.74839e-09 -0 0 0 -0 0 0 0 0 0 0 0 0 0 0 0 0 0 1 13150.8 13150.8 13150.8 13150.8
-1 -1 1 -1 -1 1 0 0 0 0 0 -4.44282e-10 -0 0 0 -0 0 0 0 0 0 0 0 0 0 0 0 0 0 1 13150.8 13150.8 13150.8 13150.8
-1 -1 1 -1 -1 1 0 0 0 0 0 -2.6315e-09 -0 0 0 -0 0 0 0 0 0 0 0 0 0 0 0 0 0 1 13150.8 13150.8 13150.8 13150.8
-1 -1 1 -1 -1 1 0 0 0 0 0 2.4744e-09 -0 0 0 -0 0 0 0 0 0 0 0 0 0 0 0 0 0 1 13150.8 13150.8 13150.8 13150.8
-1 -1 1 -1 -1 1 0 0 0 0 0 2.86429e-10 -0 0 0 -0 0 0 0 0 0 0 0 0 0 0 0 0 0 1 13150.8 13150.8 13150.8 13150.8
-1 -1 1 -1 -1 1 0 0 0 0 0 -1.89875e-09 -0 0 0 -0 0 0 0 0 0 0 0 0 0 0 0 0 0 1 13150.8 13150.8 13150.8 13150.8
-1 -1 1 -1 -1 1 0 0 0 0 0 3.19352e-09 -0 0 0 -0 0 0 0 0 0 0 0 0 0 0 0 0 0 1 13150.8 13150.8 13150.8 13150.8
-1 -1 1 -1 -1 1 0 0 0 0 0 9.96156e-10 -0 0 0 -0 0 0 0 0 0 0 0 0 0 0 0 0 0 1 13150.8 13150.8 13150.8 13150.8
-1 -1 1 -1 -1 1 0 0 0 0 0 -1.20028e-09 -0 0 0 -0 0 0 0 0 0 0 0 0 0 0 0 0 0 1 13150.8 13150.8 13150.8 13150.8
-1 -1 1 -1 -1 1 0 0 0 0 0 -3.38681e-09 -0 0 0 -0 0 0 0 0 0 0 0 0 0 0 0 0 0 1 13150.8 13150.8 13150.8 13150.8
-1 -1 1 -1 -1 1 0 0 0 0 0 1.68185e-09 -0 0 0 -0 0 0 0 0 0 0 0 0 0 0 0 0 0 1 13150.8 13150.8 13150.8 13150.8
-1 -1 1 -1 -1 1 0 0 0 0 0 -5.09341e-10 -0 0 0 -0 0 0 0 0 0 0 0 0 0 0 0 0 0 1 13150.8 13150.8 13150.8 13150.8
-1 -1 1 -1 -1 1 0 0 0 0 0 -2.69715e-09 -0 0 0 -0 0 0 0 0 0 0 0 0 0 0 0 0 0 1 13150.8 13150.8 13150.8 13150.8
-1 -1 1 -1 -1 1 0 0 0 0 0 2.39608e-09 -0 0 0 -0 0 0 0 0 0 0 0 0 0 0 0 0 0 1 13150.8 13150.8 13150.8 13150.8
-1 -1 1 -1 -1 1 0 0 0 0 0 1.97319e-10 -0 0 0 -0 0 0 0 0 0 0 0 0 0 0 0 0 0 1 13150.8 13150.8 13150.8 13150.8
-1 -1 1 -1 -1 1 0 0 0 0 0 -1.98374e-09 -0 0 0 -0 0 0 0 0 0 0 0 0 0 0 0 0 0 1 13150.8 13150.8 13150.8 13150.8
-1 -1 1 -1 -1 1 0 0 0 0 0 3.13284e-09 -0 0 0 -0 0 0 0 0 0 0 0 0 0 0 0 0 0 1 13150.8 13150.8 13150.8 13150.8
-1 -1 1 -1 -1 1 0 0 0 0 0 9.41209e-10 -0 0 0 -0 0 0 0 0 0 0 0 0 0 0 0 0 0 1 13150.8 13150.8 13150.8 13150.8
-1 -1 1 -1 -1 1 0 0 0 0 0 -1.24926e-09 -0 0 0 -0 0 0 0 0 0 0 0 0 0 0 0 0 0 1 13150.8 13150.8 13150.8 13150.8
-1 -1 1 -1 -1 1 0 0 0 0 0 -3.43111e-09 -0 0 0 -0 0 0 0 0 0 0 0 0 0 0 0 0 0 1 13150.8 13150.8 13150.8 13150.8
-1 -1 1 -1 -1 1 0 0 0 0 0 1.66892e-09 -0 0 0 -0 0 0 0 0 0 0 0 0 0 0 0 0 0 1 13150.8 13150.8 13150.8 13150.8
-1 -1 1 -1 -1 1 0 0 0 0 0 -5.29586e-10 -0 0 0 -0 0 0 0 0 0 0 0 0 0 0 0 0 0 1 13150.8 13150.8 13150.8 13150.8
-1 -1 1 -1 -1 1 0 0 0 0 0 -2.70748e-09 -0 0 0 -0 0 0 0 0 0 0 0 0 0 0 0 0 0 1 13150.8 13150.8 13150.8 13150.8
-1 -1 1 -1 -1 1 0 0 0 0 0 2.3873e-09 -0 0 0 -0 0 0 0 0 0 0 0 0 0 0 0 0 0 1 13150.8 13150.8 13150.8 13150.8
-1 -1 1 -1 -1 1 0 0 0 0 0 1.98946e-10 -0 0 0 -0 0 0 0 0 0 0 0 0 0 0 0 0 0 1 13150.8 13150.8 13150.8 13150.8
-1 -1 1 -1 -1 1 0 0 0 0 0 -1.9925e-09 -0 0 0 -0 0 0 0 0 0 0 0 0 0 0 0 0 0 1 13150.8 13150.8 13150.8 13150.8
-1 -1 1 -1 -1 1 0 0 0 0 0 3.09452e-09 -0 0 0 -0 0 0 0 0 0 0 0 0 0 0 0 0 0 1 13150.8 13150.8 13150.8 13150.8
-1 -1 1 -1 -1 1 0 0 0 0 0 9.04627e-10 -0 0 0 -0 0 0 0 0 0 0 0 0 0 0 0 0 0 1 13150.8 13150.8 13150.8 13150.8
-1 -1 1 -1 -1 1 0 0 0 0 0 -1.28878e-09 -0 0 0 -0 0 0 0 0 0 0 0 0 0 0 0 0 0 1 13150.8 13150.8 13150.8 13150.8
-1 -1 1 -1 -1 1 0 0 0 0 0 -3.47869e-09 -0 0 0 -0 0 0 0 0 0 0 0 0 0 0 0 0 0 1 13150.8 13150.8 13150.8 13150.8
-1 -1 1 -1 -1 1 0 0 0 0 0 1.61547e-09 -0 0 0 -0 0 0 0 0 0 0 0 0 0 0 0 0 0 1 13150.8 13150.8 13150.8 13150.8
-1 -1 1 -1 -1 1 0 0 0 0 0 -5.7455e-10 -0 0 0 -0 0 0 0 0 0 0 0 0 0 0 0 0 0 1 13150.8 13150.8 13150.8 13150.8
-1 -1 1 -1 -1 1 0 0 0 0 0 -2.77592e-09 -0 0 0 -0 0 0 0 0 0 0 0 0 0 0 0 0 0 1 13150.8 13150.8 13150.8 13150.8
-1 -1 1 -1 -1 1 0 0 0 0 0 2.30102e-09 -0 0 0 -0 0 0 0 0 0 0 0 0 0 0 0 0 0 1 13150.8 13150.8 13150.8 13150.8
-1 -1 1 -1 -1 1 0 0 0 0 0 1.15382e-10 -0 0 0 -0 0 0 0 0 0 0 0 0 0 0 0 0 0 1 13150.8 13150.8 13150.8 13150.8
-1 -1 1 -1 -1 1 0 0 0 0 0 -2.07255e-09 -0 0 0 -0 0 0 0 0 0 0 0 0 0 0 0 0 0 1 13150.8 13150.8 13150.8 13150.8
-1 -1 1 -1 -1 1 0 0 0 0 0 3.04065e-09 -0 0 0 -0 0 0 0 0 0 0 0 0 0 0 0 0 0 1 13150.8 13150.8 13150.8 13150.8
-1 -1 1 -1 -1 1 0 0 0 0 0 8.55499e-10 -0 0 0 -0 0 0 0 0 0 0 0 0 0 0 0 0 0 1 13150.8 13150.8 13150.8 13150.8
-1 -1 1 -1 -1 1 0 0 0 0 0 -1.34481e-09 -0 0 0 -0 0 0 0 0 0 0 0 0 0 0 0 0 0 1 13150.8 13150.8 13150.8 13150.8
-1 -1 1 -1 -1 1 0 0 0 0 0 -3.5254e-09 -0 0 0 -0 0 0 0 0 0 0 0 0 0 0 0 0 0 1 13150.8 13150.8 13150.8 13150.8
-1 -1 1 -1 -1 1 0 0 0 0 0 1.56787e-09 -0 0 0 -0 0 0 0 0 0 0 0 0 0 0 0 0 0 1 13150.8 13150.8 13150.8 13150.8
-1 -1 1 -1 -1 1 0 0 0 0 0 -6.26458e-10 -0 0 0 -0 0 0 0 0 0 0 0 0 0 0 0 0 0 1 13150.8 13150.8 13150.8 13150.8
-1 -1 1 -1 -1 1 0 0 0 0 0 -2.8197e-09 -0 0 0 -0 0 0 0 0 0 0 0 0 0 0 0 0 0 1 13150.8 13150.8 13150.8 13150.8
-1 -1 1 -1 -1 1 0 0 0 0 0 2.26587e-09 -0 0 0 -0 0 0 0 0 0 0 0 0 0 0 0 0 0 1 13150.8 13150.8 13150.8 13150.8
-1 -1 1 -1 -1 1 0 0 0 0 0 8.00549e-11 -0 0 0 -0 0 0 0 0 0 0 0 0 0 0 0 0 0 1 13150.8 13150.8 13150.8 13150.8
-1 -1 1 -1 -1 1 0 0 0 0 0 -2.10706e-09 -0 0 0 -0 0 0 0 0 0 0 0 0 0 0 0 0 0 1 13150.8 13150.8 13150.8 13150.8
-1 -1 1 -1 -1 1 0 0 0 0 0 2.9892e-09 -0 0 0 -0 0 0 0 0 0 0 0 0 0 0 0 0 0 1 13150.8 13150.8 13150.8 13150.8
-1 -1 1 -1 -1 1 0 0 0 0 0 8.01517e-10 -0 0 0 -0 0 0 0 0 0 0 0 0 0 0 0 0 0 1 13150.8 13150.8 13150.8 13150.8
-1 -1 1 -1 -1 1 0 0 0 0 0 -1.39438e-09 -0 0 0 -0 0 0 0 0 0 0 0 0 0 0 0 0 0 1 13150.8 13150.8 13150.8 13150.8
-1 -1 1 -1 -1 1 0 0 0 0 0 -3.58024e-09 -0 0 0 -0 0 0 0 0 0 0 0 0 0 0 0 0 0 1 13150.8 13150.8 13150.8 13150.8
-1 -1 1 -1 -1 1 0 0 0 0 0 1.51293e-09 -0 0 0 -0 0 0 0 0 0 0 0 0 0 0 0 0 0 1 13150.8 13150.8 13150.8 13150.8
-1 -1 1 -1 -1 1 0 0 0 0 0 -6.77034e-10 -0 0 0 -0 0 0 0 0 0 0 0 0 0 0 0 0 0 1 13150.8 13150.8 13150.8 13150.8
-1 -1 1 -1 -1 1 0 0 0 0 0 -2.87365e-09 -0 0 0 -0 0 0 0 0 0 0 0 0 0 0 0 0 0 1 13150.8 13150.8 13150.8 13150.8
-1 -1 1 -1 -1 1 0 0 0 0 0 2.21501e-09 -0 0 0 -0 0 0 0 0 0 0 0 0 0 0 0 0 0 1 13150.8 13150.8 13150.8 13150.8
-1 -1 1 -1 -1 1 0 0 0 0 0 3.31329e-11 -0 0 0 -0 0 0 0 0 0 0 0 0 0 0 0 0 0 1 13150.8 13150.8 13150.8 13150.8
-1 -1 1 -1 -1 1 0 0 0 0 0 -2.15543e-09 -0 0 0 -0 0 0 0 0 0 0 0 0 0 0 0 0 0 1 13150.8 13150.8 13150.8 13150.8
-1 -1 1 -1 -1 1 0 0 0 0 0 2.98695e-09 -0 0 0 -0 0 0 0 0 0 0 0 0 0 0 0 0 0 1 13150.8 13150.8 13150.8 13150.8
-1 -1 1 -1 -1 1 0 0 0 0 0 8.11459e-10 -0 0 0 -0 0 0 0 0 0 0 0 0 0 0 0 0 0 1 13150.8 13150.8 13150.8 13150.8
-1 -1 1 -1 -1 1 0 0 0 0 0 -1.38957e-09 -0 0 0 -0 0 0 0 0 0 0 0 0 0 0 0 0 0 1 13150.8 13150.8 13150.8 13150.8
-1 -1 1 -1 -1 1 0 0 0 0 0 -3.5731e-09 -0 0 0 -0 0 0 0 0 0 0 0 0 0 0 0 0 0 1 13150.8 13150.8 13150.8 13150.8
-1 -1 1 -1 -1 1 0 0 0 0 0 1.52318e-09 -0 0 0 -0 0 0 0 0 0 0 0 0 0 0 0 0 0 1 13150.8 13150.8 13150.8 13150.8
-1 -1 1 -1 -1 1 0 0 0 0 0 -6.65665e-10 -0 0 0 -0 0 0 0 0 0 0 0 0 0 0 0 0 0 1 13150.8 13150.8 13150.8 13150.8
-1 -1 1 -1 -1 1 0 0 0 0 0 -2.85286e-09 -0 0 0 -0 0 0 0 0 0 0 0 0 0 0 0 0 0 1 13150.8 13150.8 13150.8 13150.8
-1 -1 1 -1 -1 1 0 0 0 0 0 2.24035e-09 -0 0 0 -0 0 0 0 0 0 0 0 0 0 0 0 0 0 1 13150.8 13150.8 13150.8 13150.8
-1 -1 1 -1 -1 1 0 0 0 0 0 4.70433e-11 -0 0 0 -0 0 0 0 0 0 0 0 0 0 0 0 0 0 1 13150.8 13150.8 13150.8 13150.8
-1 -1 1 -1 -1 1 0 0 0 0 0 -2.14194e-09 -0 0 0 -0 0 0 0 0 0 0 0 0 0 0 0 0 0 1 13150.8 13150.8 13150.8 13150.8
-1 -1 1 -1 -1 1 0 0 0 0 0 2.93676e-09 -0 0 0 -0 0 0 0 0 0 0 0 0 0 0 0 0 0 1 13150.8 13150.8 13150.8 13150.8
-1 -1 1 -1 -1 1 0 0 0 0 0 7.50068e-10 -0 0 0 -0 0 0 0 0 0 0 0 0 0 0 0 0 0 1 13150.8 13150.8 13150.8 13150.8
-1 -1 1 -1 -1 1 0 0 0 0 0 -1.45172e-09 -0 0 0 -0 0 0 0 0 0 0 0 0 0 0 0 0 0 1 13150.8 13150.8 13150.8 13150.8
-1 -1 1 -1 -1 1 0 0 0 0 0 -3.64311e-09 -0 0 0 -0 0 0 0 0 0 0 0 0 0 0 0 0 0 1 13150.8 13150.8 13150.8 13150.8
-1 -1 1 -1 -1 1 0 0 0 0 0 1.44091e-09 -0 0 0 -0 0 0 0 0 0 0 0 0 0 0 0 0 0 1 13150.8 13150.8 13150.8 13150.8
-1 -1 1 -1 -1 1 0 0 0 0 0 -7.48132e-10 -0 0 0 -0 0 0 0 0 0 0 0 0 0 0 0 0 0 1 13150.8 13150.8 13150.8 13150.8
-1 -1 1 -1 -1 1 0 0 0 0 0 -2.93962e-09 -0 0 0 -0 0 0 0 0 0 0 0 0 0 0 0 0 0 1 13150.8 13150.8 13150.8 13150.8
-1 -1 1 -1 -1 1 0 0 0 0 0 2.16364e-09 -0 0 0 -0 0 0 0 0 0 0 0 0 0 0 0 0 0 1 13150.8 13150.8 13150.8 13150.8
-1 -1 1 -1 -1 1 0 0 0 0 0 -1.28646e-11 -0 0 0 -0 0 0 0 0 0 0 0 0 0 0 0 0 0 1 13150.8 13150.8 13150.8 13150.8
-1 -1 1 -1 -1 1 0 0 0 0 0 -2.20158e-09 -0 0 0 -0 0 0 0 0 0 0 0 0 0 0 0 0 0 1 13150.8 13150.8 13150.8 13150.8
-1 -1 1 -1 -1 1 0 0 0 0 0 2.91566e-09 -0 0 0 -0 0 0 0 0 0 0 0 0 0 0 0 0 0 1 13150.8 13150.8 13150.8 13150.8
-1 -1 1 -1 -1 1 0 0 0 0 0 7.18437e-10 -0 0 0 -0 0 0 0 0 0 0 0 0 0 0 0 0 0 1 13150.8 13150.8 13150.8 13150.8
-1 -1 1 -1 -1 1 0 0 0 0 0 -1.46554e-09 -0 0 0 -0 0 0 0 0 0 0 0 0 0 0 0 0 0 1 13150.8 13150.8 13150.8 13150.8
-1 -1 1 -1 -1 1 0 0 0 0 0 -3.64719e-09 -0 0 0 -0 0 0 0 0 0 0 0 0 0 0 0 0 0 1 13150.8 13150.8 13150.8 13150.8
-1 -1 1 -1 -1 1 0 0 0 0 0 1.44672e-09 -0 0 0 -0 0 0 0 0 0 0 0 0 0 0 0 0 0 1 13150.8 13150.8 13150.8 13150.8
-1 -1 1 -1 -1 1 0 0 0 0 0 -7.46195e-10 -0 0 0 -0 0 0 0 0 0 0 0 0 0 0 0 0 0 1 13150.8 13150.8 13150.8 13150.8
-1 -1 1 -1 -1 1 0 0 0 0 0 -2.93389e-09 -0 0 0 -0 0 0 0 0 0 0 0 0 0 0 0 0 0 1 13150.8 13150.8 13150.8 13150.8
-1 -1 1 -1 -1 1 0 0 0 0 0 2.16975e-09 -0 0 0 -0 0 0 0 0 0 0 0 0 0 0 0 0 0 1 13150.8 13150.8 13150.8 13150.8
-1 -1 1 -1 -1 1 0 0 0 0 0 -1.84977e-11 -0 0 0 -0 0 0 0 0 0 0 0 0 0 0 0 0 0 1 13150.8 13150.8 13150.8 13150.8
-1 -1 1 -1 -1 1 0 0 0 0 0 -2.20407e-09 -0 0 0 -0 0 0 0 0 0 0 0 0 0 0 0 0 0 1 13150.8 13150.8 13150.8 13150.8
-1 -1 1 -1 -1 1 0 0 0 0 0 2.88856e-09 -0 0 0 -0 0 0 0 0 0 0 0 0 0 0 0 0 0 1 13150.8 13150.8 13150.8 13150.8
-1 -1 1 -1 -1 1 0 0 0 0 0 6.96315e-10 -0 0 0 -0 0 0 0 0 0 0 0 0 0 0 0 0 0 1 13150.8 13150.8 13150.8 13150.8
-1 -1 1 -1 -1 1 0 0 0 0 0 -1.49469e-09 -0 0 0 -0 0 0 0 0 0 0 0 0 0 0 0 0 0 1 13150.8 13150.8 13150.8 13150.8
-1 -1 1 -1 -1 1 0 0 0 0 0 -3.68161e-09 -0 0 0 -0 0 0 0 0 0 0 0 0 0 0 0 0 0 1 13150.8 13150.8 13150.8 13150.8
-1 -1 1 -1 -1 1 0 0 0 0 0 1.43067e-09 -0 0 0 -0 0 0 0 0 0 0 0 0 0 0 0 0 0 1 13150.8 13150.8 13150.8 13150.8
-1 -1 1 -1 -1 1 0 0 0 0 0 -7.5141e-10 -0 0 0 -0 0 0 0 0 0 0 0 0 0 0 0 0 0 1 13150.8 13150.8 13150.8 13150.8
-1 -1 1 -1 -1 1 0 0 0 0 0 -2.93872e-09 -0 0 0 -0 0 0 0 0 0 0 0 0 0 0 0 0 0 1 13150.8 13150.8 13150.8 13150.8
-1 -1 1 -1 -1 1 0 0 0 0 0 2.15495e-09 -0 0 0 -0 0 0 0 0 0 0 0 0 0 0 0 0 0 1 13150.8 13150.8 13150.8 13150.8
-1 -1 1 -1 -1 1 0 0 0 0 0 -3.82489e-11 -0 0 0 -0 0 0 0 0 0 0 0 0 0 0 0 0 0 1 13150.8 13150.8 13150.8 13150.8
-1 -1 1 -1 -1 1 0 0 0 0 0 -2.22502e-09 -0 0 0 -0 0 0 0 0 0 0 0 0 0 0 0 0 0 1 13150.8 13150.8 13150.8 13150.8
-1 -1 1 -1 -1 1 0 0 0 0 0 2.89195e-09 -0 0 0 -0 0 0 0 0 0 0 0 0 0 0 0 0 0 1 13150.8 13150.8 13150.8 13150.8
-1 -1 1 -1 -1 1 0 0 0 0 0 7.05548e-10 -0 0 0 -0 0 0 0 0 0 0 0 0 0 0 0 0 0 1 13150.8 13150.8 13150.8 13150.8
-1 -1 1 -1 -1 1 0 0 0 0 0 -1.48358e-09 -0 0 0 -0 0 0 0 0 0 0 0 0 0 0 0 0 0 1 13150.8 13150.8 13150.8 13150.8
-1 -1 1 -1 -1 1 0 0 0 0 0 -3.67035e-09 -0 0 0 -0 0 0 0 0 0 0 0 0 0 0 0 0 0 1 13150.8 13150.8 13150.8 13150.8
-1 -1 1 -1 -1 1 0 0 0 0 0 1.42633e-09 -0 0 0 -0 0 0 0 0 0 0 0 0 0 0 0 0 0 1 13150.8 13150.8 13150.8 13150.8
-1 -1 1 -1 -1 1 0 0 0 0 0 -7.64616e-10 -0 0 0 -0 0 0 0 0 0 0 0 0 0 0 0 0 0 1 13150.8 13150.8 13150.8 13150.8
-1 -1 1 -1 -1 1 0 0 0 0 0 -2.95223e-09 -0 0 0 -0 0 0 0 0 0 0 0 0 0 0 0 0 0 1 13150.8 13150.8 13150.8 13150.8
-1 -1 1 -1 -1 1 0 0 0 0 0 2.14957e-09 -0 0 0 -0 0 0 0 0 0 0 0 0 0 0 0 0 0 1 13150.8 13150.8 13150.8 13150.8
-1 -1 1 -1 -1 1 0 0 0 0 0 -4.58109e-11 -0 0 0 -0 0 0 0 0 0 0 0 0 0 0 0 0 0 1 13150.8 13150.8 13150.8 13150.8
-1 -1 1 -1 -1 1 0 0 0 0 0 -2.2362e-09 -0 0 0 -0 0 0 0 0 0 0 0 0 0 0 0 0 0 1 13150.8 13150.8 13150.8 13150.8
-1 -1 1 -1 -1 1 0 0 0 0 0 2.87221e-09 -0 0 0 -0 0 0 0 0 0 0 0 0 0 0 0 0 0 1 13150.8 13150.8 13150.8 13150.8
-1 -1 1 -1 -1 1 0 0 0 0 0 6.84593e-10 -0 0 0 -0 0 0 0 0 0 0 0 0 0 0 0 0 0 1 13150.8 13150.8 13150.8 13150.8
-1 -1 1 -1 -1 1 0 0 0 0 0 -1.49218e-09 -0 0 0 -0 0 0 0 0 0 0 0 0 0 0 0 0 0 1 13150.8 13150.8 13150.8 13150.8
-1 -1 1 -1 -1 1 0 0 0 0 0 3.60192e-09 -0 0 0 -0 0 0 0 0 0 0 0 0 0 0 0 0 0 1 13150.8 13150.8 13150.8 13150.8
-1 -1 1 -1 -1 1 0 0 0 0 0 1.40207e-09 -0 0 0 -0 0 0 0 0 0 0 0 0 0 0 0 0 0 1 13150.8 13150.8 13150.8 13150.8
-1 -1 1 -1 -1 1 0 0 0 0 0 -7.79223e-10 -0 0 0 -0 0 0 0 0 0 0 0 0 0 0 0 0 0 1 13150.8 13150.8 13150.8 13150.8
-1 -1 1 -1 -1 1 0 0 0 0 0 -2.9667e-09 -0 0 0 -0 0 0 0 0 0 0 0 0 0 0 0 0 0 1 13150.8 13150.8 13150.8 13150.8
-1 -1 1 -1 -1 1 0 0 0 0 0 2.12455e-09 -0 0 0 -0 0 0 0 0 0 0 0 0 0 0 0 0 0 1 13150.8 13150.8 13150.8 13150.8
-1 -1 1 -1 -1 1 0 0 0 0 0 -6.9109e-11 -0 0 0 -0 0 0 0 0 0 0 0 0 0 0 0 0 0 1 13150.8 13150.8 13150.8 13150.8
-1 -1 1 -1 -1 1 0 0 0 0 0 -2.25377e-09 -0 0 0 -0 0 0 0 0 0 0 0 0 0 0 0 0 0 1 13150.8 13150.8 13150.8 13150.8
-1 -1 1 -1 -1 1 0 0 0 0 0 2.86141e-09 -0 0 0 -0 0 0 0 0 0 0 0 0 0 0 0 0 0 1 13150.8 13150.8 13150.8 13150.8
-1 -1 1 -1 -1 1 0 0 0 0 0 6.64908e-10 -0 0 0 -0 0 0 0 0 0 0 0 0 0 0 0 0 0 1 13150.8 13150.8 13150.8 13150.8
-1 -1 1 -1 -1 1 0 0 0 0 0 -1.51913e-09 -0 0 0 -0 0 0 0 0 0 0 0 0 0 0 0 0 0 1 13150.8 13150.8 13150.8 13150.8
-1 -1 1 -1 -1 1 0 0 0 0 0 3.5839e-09 -0 0 0 -0 0 0 0 0 0 0 0 0 0 0 0 0 0 1 13150.8 13150.8 13150.8 13150.8
-1 -1 1 -1 -1 1 0 0 0 0 0 1.39477e-09 -0 0 0 -0 0 0 0 0 0 0 0 0 0 0 0 0 0 1 13150.8 13150.8 13150.8 13150.8
-1 -1 1 -1 -1 1 0 0 0 0 0 -7.90609e-10 -0 0 0 -0 0 0 0 0 0 0 0 0 0 0 0 0 0 1 13150.8 13150.8 13150.8 13150.8
-1 -1 1 -1 -1 1 0 0 0 0 0 -2.97626e-09 -0 0 0 -0 0 0 0 0 0 0 0 0 0 0 0 0 0 1 13150.8 13150.8 13150.8 13150.8
-1 -1 1 -1 -1 1 0 0 0 0 0 2.1296e-09 -0 0 0 -0 0 0 0 0 0 0 0 0 0 0 0 0 0 1 13150.8 13150.8 13150.8 13150.8
-1 -1 1 -1 -1 1 0 0 0 0 0 -5.80779e-11 -0 0 0 -0 0 0 0 0 0 0 0 0 0 0 0 0 0 1 13150.8 13150.8 13150.8 13150.8
-1 -1 1 -1 -1 1 0 0 0 0 0 -2.25229e-09 -0 0 0 -0 0 0 0 0 0 0 0 0 0 0 0 0 0 1 13150.8 13150.8 13150.8 13150.8
-1 -1 1 -1 -1 1 0 0 0 0 0 2.83735e-09 -0 0 0 -0 0 0 0 0 0 0 0 0 0 0 0 0 0 1 13150.8 13150.8 13150.8 13150.8
-1 -1 1 -1 -1 1 0 0 0 0 0 6.45968e-10 -0 0 0 -0 0 0 0 0 0 0 0 0 0 0 0 0 0 1 13150.8 13150.8 13150.8 13150.8
-1 -1 1 -1 -1 1 0 0 0 0 0 -1.54892e-09 -0 0 0 -0 0 0 0 0 0 0 0 0 0 0 0 0 0 1 13150.8 13150.8 13150.8 13150.8
-1 -1 1 -1 -1 1 0 0 0 0 0 3.53633e-09 -0 0 0 -0 0 0 0 0 0 0 0 0 0 0 0 0 0 1 13150.8 13150.8 13150.8 13150.8
-1 -1 1 -1 -1 1 0 0 0 0 0 1.3504e-09 -0 0 0 -0 0 0 0 0 0 0 0 0 0 0 0 0 0 1 13150.8 13150.8 13150.8 13150.8
-1 -1 1 -1 -1 1 0 0 0 0 0 -8.45123e-10 -0 0 0 -0 0 0 0 0 0 0 0 0 0 0 0 0 0 1 13150.8 13150.8 13150.8 13150.8
-1 -1 1 -1 -1 1 0 0 0 0 0 -3.03653e-09 -0 0 0 -0 0 0 0 0 0 0 0 0 0 0 0 0 0 1 13150.8 13150.8 13150.8 13150.8
-1 -1 1 -1 -1 1 0 0 0 0 0 2.03155e-09 -0 0 0 -0 0 0 0 0 0 0 0 0 0 0 0 0 0 1 13150.8 13150.8 13150.8 13150.8
-1 -1 1 -1 -1 1 0 0 0 0 0 -1.61704e-10 -0 0 0 -0 0 0 0 0 0 0 0 0 0 0 0 0 0 1 13150.8 13150.8 13150.8 13150.8
-1 -1 1 -1 -1 1 0 0 0 0 0 -2.34922e-09 -0 0 0 -0 0 0 0 0 0 0 0 0 0 0 0 0 0 1 13150.8 13150.8 13150.8 13150.8
-1 -1 1 -1 -1 1 0 0 0 0 0 2.7319e-09 -0 0 0 -0 0 0 0 0 0 0 0 0 0 0 0 0 0 1 13150.8 13150.8 13150.8 13150.8
-1 -1 1 -1 -1 1 0 0 0 0 0 5.39973e-10 -0 0 0 -0 0 0 0 0 0 0 0 0 0 0 0 0 0 1 13150.8 13150.8 13150.8 13150.8
-1 -1 1 -1 -1 1 0 0 0 0 0 -1.6508e-09 -0 0 0 -0 0 0 0 0 0 0 0 0 0 0 0 0 0 1 13150.8 13150.8 13150.8 13150.8
-1 -1 1 -1 -1 1 0 0 0 0 0 3.44991e-09 -0 0 0 -0 0 0 0 0 0 0 0 0 0 0 0 0 0 1 13150.8 13150.8 13150.8 13150.8
-1 -1 1 -1 -1 1 0 0 0 0 0 1.257e-09 -0 0 0 -0 0 0 0 0 0 0 0 0 0 0 0 0 0 1 13150.8 13150.8 13150.8 13150.8
-1 -1 1 -1 -1 1 0 0 0 0 0 -9.30938e-10 -0 0 0 -0 0 0 0 0 0 0 0 0 0 0 0 0 0 1 13150.8 13150.8 13150.8 13150.8
-1 -1 1 -1 -1 1 0 0 0 0 0 -3.11849e-09 -0 0 0 -0 0 0 0 0 0 0 0 0 0 0 0 0 0 1 13150.8 13150.8 13150.8 13150.8
-1 -1 1 -1 -1 1 0 0 0 0 0 1.98252e-09 -0 0 0 -0 0 0 0 0 0 0 0 0 0 0 0 0 0 1 13150.8 13150.8 13150.8 13150.8
-1 -1 1 -1 -1 1 0 0 0 0 0 -2.1456e-10 -0 0 0 -0 0 0 0 0 0 0 0 0 0 0 0 0 0 1 13150.8 13150.8 13150.8 13150.8
-1 -1 1 -1 -1 1 0 0 0 0 0 -2.39529e-09 -0 0 0 -0 0 0 0 0 0 0 0 0 0 0 0 0 0 1 13150.8 13150.8 13150.8 13150.8
-1 -1 1 -1 -1 1 0 0 0 0 0 2.69618e-09 -0 0 0 -0 0 0 0 0 0 0 0 0 0 0 0 0 0 1 13150.8 13150.8 13150.8 13150.8
-1 -1 1 -1 -1 1 0 0 0 0 0 5.06588e-10 -0 0 0 -0 0 0 0 0 0 0 0 0 0 0 0 0 0 1 13150.8 13150.8 13150.8 13150.8
-1 -1 1 -1 -1 1 0 0 0 0 0 -1.68384e-09 -0 0 0 -0 0 0 0 0 0 0 0 0 0 0 0 0 0 1 13150.8 13150.8 13150.8 13150.8
-1 -1 1 -1 -1 1 0 0 0 0 0 3.40188e-09 -0 0 0 -0 0 0 0 0 0 0 0 0 0 0 0 0 0 1 13150.8 13150.8 13150.8 13150.8
-1 -1 1 -1 -1 1 0 0 0 0 0 1.20754e-09 -0 0 0 -0 0 0 0 0 0 0 0 0 0 0 0 0 0 1 13150.8 13150.8 13150.8 13150.8
-1 -1 1 -1 -1 1 0 0 0 0 0 -9.87827e-10 -0 0 0 -0 0 0 0 0 0 0 0 0 0 0 0 0 0 1 13150.8 13150.8 13150.8 13150.8
-1 -1 1 -1 -1 1 0 0 0 0 0 -3.17339e-09 -0 0 0 -0 0 0 0 0 0 0 0 0 0 0 0 0 0 1 13150.8 13150.8 13150.8 13150.8
-1 -1 1 -1 -1 1 0 0 0 0 0 1.93435e-09 -0 0 0 -0 0 0 0 0 0 0 0 0 0 0 0 0 0 1 13150.8 13150.8 13150.8 13150.8
-1 -1 1 -1 -1 1 0 0 0 0 0 -2.50635e-10 -0 0 0 -0 0 0 0 0 0 0 0 0 0 0 0 0 0 1 13150.8 13150.8 13150.8 13150.8
-1 -1 1 -1 -1 1 0 0 0 0 0 -2.44668e-09 -0 0 0 -0 0 0 0 0 0 0 0 0 0 0 0 0 0 1 13150.8 13150.8 13150.8 13150.8
-1 -1 1 -1 -1 1 0 0 0 0 0 2.63701e-09 -0 0 0 -0 0 0 0 0 0 0 0 0 0 0 0 0 0 1 13150.8 13150.8 13150.8 13150.8
-1 -1 1 -1 -1 1 0 0 0 0 0 4.39379e-10 -0 0 0 -0 0 0 0 0 0 0 0 0 0 0 0 0 0 1 13150.8 13150.8 13150.8 13150.8
-1 -1 1 -1 -1 1 0 0 0 0 0 -1.7367e-09 -0 0 0 -0 0 0 0 0 0 0 0 0 0 0 0 0 0 1 13150.8 13150.8 13150.8 13150.8
-1 -1 1 -1 -1 1 0 0 0 0 0 3.35693e-09 -0 0 0 -0 0 0 0 0 0 0 0 0 0 0 0 0 0 1 13150.8 13150.8 13150.8 13150.8
-1 -1 1 -1 -1 1 0 0 0 0 0 1.16682e-09 -0 0 0 -0 0 0 0 0 0 0 0 0 0 0 0 0 0 1 13150.8 13150.8 13150.8 13150.8
-1 -1 1 -1 -1 1 0 0 0 0 0 -1.03189e-09 -0 0 0 -0 0 0 0 0 0 0 0 0 0 0 0 0 0 1 13150.8 13150.8 13150.8 13150.8
-1 -1 1 -1 -1 1 0 0 0 0 0 -3.21842e-09 -0 0 0 -0 0 0 0 0 0 0 0 0 0 0 0 0 0 1 13150.8 13150.8 13150.8 13150.8
-1 -1 1 -1 -1 1 0 0 0 0 0 1.87817e-09 -0 0 0 -0 0 0 0 0 0 0 0 0 0 0 0 0 0 1 13150.8 13150.8 13150.8 13150.8
-1 -1 1 -1 -1 1 0 0 0 0 0 -3.17651e-10 -0 0 0 -0 0 0 0 0 0 0 0 0 0 0 0 0 0 1 13150.8 13150.8 13150.8 13150.8
-1 -1 1 -1 -1 1 0 0 0 0 0 -2.49729e-09 -0 0 0 -0 0 0 0 0 0 0 0 0 0 0 0 0 0 1 13150.8 13150.8 13150.8 13150.8
-1 -1 1 -1 -1 1 0 0 0 0 0 2.61708e-09 -0 0 0 -0 0 0 0 0 0 0 0 0 0 0 0 0 0 1 13150.8 13150.8 13150.8 13150.8
-1 -1 1 -1 -1 1 0 0 0 0 0 4.37807e-10 -0 0 0 -0 0 0 0 0 0 0 0 0 0 0 0 0 0 1 13150.8 13150.8 13150.8 13150.8
-1 -1 1 -1 -1 1 0 0 0 0 0 -1.75383e-09 -0 0 0 -0 0 0 0 0 0 0 0 0 0 0 0 0 0 1 13150.8 13150.8 13150.8 13150.8
-1 -1 1 -1 -1 1 0 0 0 0 0 3.34928e-09 -0 0 0 -0 0 0 0 0 0 0 0 0 0 0 0 0 0 1 13150.8 13150.8 13150.8 13150.8
-1 -1 1 -1 -1 1 0 0 0 0 0 1.16328e-09 -0 0 0 -0 0 0 0 0 0 0 0 0 0 0 0 0 0 1 13150.8 13150.8 13150.8 13150.8
-1 -1 1 -1 -1 1 0 0 0 0 0 -1.03366e-09 -0 0 0 -0 0 0 0 0 0 0 0 0 0 0 0 0 0 1 13150.8 13150.8 13150.8 13150.8
-1 -1 1 -1 -1 1 0 0 0 0 0 -3.21495e-09 -0 0 0 -0 0 0 0 0 0 0 0 0 0 0 0 0 0 1 13150.8 13150.8 13150.8 13150.8
-1 -1 1 -1 -1 1 0 0 0 0 0 1.88936e-09 -0 0 0 -0 0 0 0 0 0 0 0 0 0 0 0 0 0 1 13150.8 13150.8 13150.8 13150.8
-1 -1 1 -1 -1 1 0 0 0 0 0 -2.99403e-10 -0 0 0 -0 0 0 0 0 0 0 0 0 0 0 0 0 0 1 13150.8 13150.8 13150.8 13150.8
-1 -1 1 -1 -1 1 0 0 0 0 0 -2.48532e-09 -0 0 0 -0 0 0 0 0 0 0 0 0 0 0 0 0 0 1 13150.8 13150.8 13150.8 13150.8
-1 -1 1 -1 -1 1 0 0 0 0 0 2.62103e-09 -0 0 0 -0 0 0 0 0 0 0 0 0 0 0 0 0 0 1 13150.8 13150.8 13150.8 13150.8
-1 -1 1 -1 -1 1 0 0 0 0 0 4.30984e-10 -0 0 0 -0 0 0 0 0 0 0 0 0 0 0 0 0 0 1 13150.8 13150.8 13150.8 13150.8
-1 -1 1 -1 -1 1 0 0 0 0 0 -1.75227e-09 -0 0 0 -0 0 0 0 0 0 0 0 0 0 0 0 0 0 1 13150.8 13150.8 13150.8 13150.8
-1 -1 1 -1 -1 1 0 0 0 0 0 3.36216e-09 -0 0 0 -0 0 0 0 0 0 0 0 0 0 0 0 0 0 1 13150.8 13150.8 13150.8 13150.8
-1 -1 1 -1 -1 1 0 0 0 0 0 1.17998e-09 -0 0 0 -0 0 0 0 0 0 0 0 0 0 0 0 0 0 1 13150.8 13150.8 13150.8 13150.8
-1 -1 1 -1 -1 1 0 0 0 0 0 -1.01927e-09 -0 0 0 -0 0 0 0 0 0 0 0 0 0 0 0 0 0 1 13150.8 13150.8 13150.8 13150.8
-1 -1 1 -1 -1 1 0 0 0 0 0 -3.21222e-09 -0 0 0 -0 0 0 0 0 0 0 0 0 0 0 0 0 0 1 13150.8 13150.8 13150.8 13150.8
-1 -1 1 -1 -1 1 0 0 0 0 0 1.86919e-09 -0 0 0 -0 0 0 0 0 0 0 0 0 0 0 0 0 0 1 13150.8 13150.8 13150.8 13150.8
-1 -1 1 -1 -1 1 0 0 0 0 0 -3.19964e-10 -0 0 0 -0 0 0 0 0 0 0 0 0 0 0 0 0 0 1 13150.8 13150.8 13150.8 13150.8
-1 -1 1 -1 -1 1 0 0 0 0 0 -2.50165e-09 -0 0 0 -0 0 0 0 0 0 0 0 0 0 0 0 0 0 1 13150.8 13150.8 13150.8 13150.8
-1 -1 1 -1 -1 1 0 0 0 0 0 2.59228e-09 -0 0 0 -0 0 0 0 0 0 0 0 0 0 0 0 0 0 1 13150.8 13150.8 13150.8 13150.8
-1 -1 1 -1 -1 1 0 0 0 0 0 4.03432e-10 -0 0 0 -0 0 0 0 0 0 0 0 0 0 0 0 0 0 1 13150.8 13150.8 13150.8 13150.8
-1 -1 1 -1 -1 1 0 0 0 0 0 -1.78783e-09 -0 0 0 -0 0 0 0 0 0 0 0 0 0 0 0 0 0 1 13150.8 13150.8 13150.8 13150.8
-1 -1 1 -1 -1 1 0 0 0 0 0 3.30478e-09 -0 0 0 -0 0 0 0 0 0 0 0 0 0 0 0 0 0 1 13150.8 13150.8 13150.8 13150.8
-1 -1 1 -1 -1 1 0 0 0 0 0 1.10585e-09 -0 0 0 -0 0 0 0 0 0 0 0 0 0 0 0 0 0 1 13150.8 13150.8 13150.8 13150.8
-1 -1 1 -1 -1 1 0 0 0 0 0 -1.07674e-09 -0 0 0 -0 0 0 0 0 0 0 0 0 0 0 0 0 0 1 13150.8 13150.8 13150.8 13150.8
-1 -1 1 -1 -1 1 0 0 0 0 0 -3.27273e-09 -0 0 0 -0 0 0 0 0 0 0 0 0 0 0 0 0 0 1 13150.8 13150.8 13150.8 13150.8
-1 -1 1 -1 -1 1 0 0 0 0 0 1.80546e-09 -0 0 0 -0 0 0 0 0 0 0 0 0 0 0 0 0 0 1 13150.8 13150.8 13150.8 13150.8
-1 -1 1 -1 -1 1 0 0 0 0 0 -3.94339e-10 -0 0 0 -0 0 0 0 0 0 0 0 0 0 0 0 0 0 1 13150.8 13150.8 13150.8 13150.8
-1 -1 1 -1 -1 1 0 0 0 0 0 -2.57797e-09 -0 0 0 -0 0 0 0 0 0 0 0 0 0 0 0 0 0 1 13150.8 13150.8 13150.8 13150.8
-1 -1 1 -1 -1 1 0 0 0 0 0 2.5493e-09 -0 0 0 -0 0 0 0 0 0 0 0 0 0 0 0 0 0 1 13150.8 13150.8 13150.8 13150.8
-1 -1 1 -1 -1 1 0 0 0 0 0 3.73772e-10 -0 0 0 -0 0 0 0 0 0 0 0 0 0 0 0 0 0 1 13150.8 13150.8 13150.8 13150.8
-1 -1 1 -1 -1 1 0 0 0 0 0 -1.81741e-09 -0 0 0 -0 0 0 0 0 0 0 0 0 0 0 0 0 0 1 13150.8 13150.8 13150.8 13150.8
-1 -1 1 -1 -1 1 0 0 0 0 0 3.26929e-09 -0 0 0 -0 0 0 0 0 0 0 0 0 0 0 0 0 0 1 13150.8 13150.8 13150.8 13150.8
-1 -1 1 -1 -1 1 0 0 0 0 0 1.08099e-09 -0 0 0 -0 0 0 0 0 0 0 0 0 0 0 0 0 0 1 13150.8 13150.8 13150.8 13150.8
-1 -1 1 -1 -1 1 0 0 0 0 0 -1.12344e-09 -0 0 0 -0 0 0 0 0 0 0 0 0 0 0 0 0 0 1 13150.8 13150.8 13150.8 13150.8
-1 -1 1 -1 -1 1 0 0 0 0 0 -3.31238e-09 -0 0 0 -0 0 0 0 0 0 0 0 0 0 0 0 0 0 1 13150.8 13150.8 13150.8 13150.8
-1 -1 1 -1 -1 1 0 0 0 0 0 1.79465e-09 -0 0 0 -0 0 0 0 0 0 0 0 0 0 0 0 0 0 1 13150.8 13150.8 13150.8 13150.8
-1 -1 1 -1 -1 1 0 0 0 0 0 -3.81114e-10 -0 0 0 -0 0 0 0 0 0 0 0 0 0 0 0 0 0 1 13150.8 13150.8 13150.8 13150.8
-1 -1 1 -1 -1 1 0 0 0 0 0 -2.5663e-09 -0 0 0 -0 0 0 0 0 0 0 0 0 0 0 0 0 0 1 13150.8 13150.8 13150.8 13150.8
-1 -1 1 -1 -1 1 0 0 0 0 0 2.52321e-09 -0 0 0 -0 0 0 0 0 0 0 0 0 0 0 0 0 0 1 13150.8 13150.8 13150.8 13150.8
-1 -1 1 -1 -1 1 0 0 0 0 0 3.32868e-10 -0 0 0 -0 0 0 0 0 0 0 0 0 0 0 0 0 0 1 13150.8 13150.8 13150.8 13150.8
-1 -1 1 -1 -1 1 0 0 0 0 0 -1.85946e-09 -0 0 0 -0 0 0 0 0 0 0 0 0 0 0 0 0 0 1 13150.8 13150.8 13150.8 13150.8
-1 -1 1 -1 -1 1 0 0 0 0 0 3.23025e-09 -0 0 0 -0 0 0 0 0 0 0 0 0 0 0 0 0 0 1 13150.8 13150.8 13150.8 13150.8
-1 -1 1 -1 -1 1 0 0 0 0 0 1.04031e-09 -0 0 0 -0 0 0 0 0 0 0 0 0 0 0 0 0 0 1 13150.8 13150.8 13150.8 13150.8
-1 -1 1 -1 -1 1 0 0 0 0 0 -1.14865e-09 -0 0 0 -0 0 0 0 0 0 0 0 0 0 0 0 0 0 1 13150.8 13150.8 13150.8 13150.8
-1 -1 1 -1 -1 1 0 0 0 0 0 -3.34163e-09 -0 0 0 -0 0 0 0 0 0 0 0 0 0 0 0 0 0 1 13150.8 13150.8 13150.8 13150.8
-1 -1 1 -1 -1 1 0 0 0 0 0 1.74666e-09 -0 0 0 -0 0 0 0 0 0 0 0 0 0 0 0 0 0 1 13150.8 13150.8 13150.8 13150.8
-1 -1 1 -1 -1 1 0 0 0 0 0 -4.51188e-10 -0 0 0 -0 0 0 0 0 0 0 0 0 0 0 0 0 0 1 13150.8 13150.8 13150.8 13150.8
-1 -1 1 -1 -1 1 0 0 0 0 0 -2.64527e-09 -0 0 0 -0 0 0 0 0 0 0 0 0 0 0 0 0 0 1 13150.8 13150.8 13150.8 13150.8
-1 -1 1 -1 -1 1 0 0 0 0 0 2.44007e-09 -0 0 0 -0 0 0 0 0 0 0 0 0 0 0 0 0 0 1 13150.8 13150.8 13150.8 13150.8
-1 -1 1 -1 -1 1 0 0 0 0 0 2.45837e-10 -0 0 0 -0 0 0 0 0 0 0 0 0 0 0 0 0 0 1 13150.8 13150.8 13150.8 13150.8
-1 -1 1 -1 -1 1 0 0 0 0 0 -1.93919e-09 -0 0 0 -0 0 0 0 0 0 0 0 0 0 0 0 0 0 1 13150.8 13150.8 13150.8 13150.8
-1 -1 1 -1 -1 1 0 0 0 0 0 3.16906e-09 -0 0 0 -0 0 0 0 0 0 0 0 0 0 0 0 0 0 1 13150.8 13150.8 13150.8 13150.8
-1 -1 1 -1 -1 1 0 0 0 0 0 9.88806e-10 -0 0 0 -0 0 0 0 0 0 0 0 0 0 0 0 0 0 1 13150.8 13150.8 13150.8 13150.8
-1 -1 1 -1 -1 1 0 0 0 0 0 -1.39519e-09 -0 0 0 -0 0 0 0 0 0 0 0 0 0 0 0 0 0 1 13150.8 13150.8 13150.8 13150.8
-1 -1 1 -1 -1 1 0 0 0 0 0 -3.39164e-09 -0 0 0 -0 0 0 0 0 0 0 0 0 0 0 0 0 0 1 13150.8 13150.8 13150.8 13150.8
-1 -1 1 -1 -1 1 0 0 0 0 0 1.70783e-09 -0 0 0 -0 0 0 0 0 0 0 0 0 0 0 0 0 0 1 13150.8 13150.8 13150.8 13150.8
-1 -1 1 -1 -1 1 0 0 0 0 0 -4.92111e-10 -0 0 0 -0 0 0 0 0 0 0 0 0 0 0 0 0 0 1 13150.8 13150.8 13150.8 13150.8
-1 -1 1 -1 -1 1 0 0 0 0 0 -2.66722e-09 -0 0 0 -0 0 0 0 0 0 0 0 0 0 0 0 0 0 1 13150.8 13150.8 13150.8 13150.8
-1 -1 1 -1 -1 1 0 0 0 0 0 2.42518e-09 -0 0 0 -0 0 0 0 0 0 0 0 0 0 0 0 0 0 1 13150.8 13150.8 13150.8 13150.8
-1 -1 1 -1 -1 1 0 0 0 0 0 2.33754e-10 -0 0 0 -0 0 0 0 0 0 0 0 0 0 0 0 0 0 1 13150.8 13150.8 13150.8 13150.8
-1 -1 1 -1 -1 1 0 0 0 0 0 -1.95821e-09 -0 0 0 -0 0 0 0 0 0 0 0 0 0 0 0 0 0 1 13150.8 13150.8 13150.8 13150.8
-1 -1 1 -1 -1 1 0 0 0 0 0 3.1268e-09 -0 0 0 -0 0 0 0 0 0 0 0 0 0 0 0 0 0 1 13150.8 13150.8 13150.8 13150.8
-1 -1 1 -1 -1 1 0 0 0 0 0 9.35798e-10 -0 0 0 -0 0 0 0 0 0 0 0 0 0 0 0 0 0 1 13150.8 13150.8 13150.8 13150.8
-1 -1 1 -1 -1 1 0 0 0 0 0 -1.2554e-09 -0 0 0 -0 0 0 0 0 0 0 0 0 0 0 0 0 0 1 13150.8 13150.8 13150.8 13150.8
-1 -1 1 -1 -1 1 0 0 0 0 0 -3.44626e-09 -0 0 0 -0 0 0 0 0 0 0 0 0 0 0 0 0 0 1 13150.8 13150.8 13150.8 13150.8
-1 -1 1 -1 -1 1 0 0 0 0 0 1.6349e-09 -0 0 0 -0 0 0 0 0 0 0 0 0 0 0 0 0 0 1 13150.8 13150.8 13150.8 13150.8
-1 -1 1 -1 -1 1 0 0 0 0 0 -5.57799e-10 -0 0 0 -0 0 0 0 0 0 0 0 0 0 0 0 0 0 1 13150.8 13150.8 13150.8 13150.8
-1 -1 1 -1 -1 1 0 0 0 0 0 -2.7464e-09 -0 0 0 -0 0 0 0 0 0 0 0 0 0 0 0 0 0 1 13150.8 13150.8 13150.8 13150.8
-1 -1 1 -1 -1 1 0 0 0 0 0 2.35199e-09 -0 0 0 -0 0 0 0 0 0 0 0 0 0 0 0 0 0 1 13150.8 13150.8 13150.8 13150.8
-1 -1 1 -1 -1 1 0 0 0 0 0 1.59927e-10 -0 0 0 -0 0 0 0 0 0 0 0 0 0 0 0 0 0 1 13150.8 13150.8 13150.8 13150.8
-1 -1 1 -1 -1 1 0 0 0 0 0 -2.03143e-09 -0 0 0 -0 0 0 0 0 0 0 0 0 0 0 0 0 0 1 13150.8 13150.8 13150.8 13150.8
-1 -1 1 -1 -1 1 0 0 0 0 0 3.05092e-09 -0 0 0 -0 0 0 0 0 0 0 0 0 0 0 0 0 0 1 13150.8 13150.8 13150.8 13150.8
-1 -1 1 -1 -1 1 0 0 0 0 0 8.56793e-10 -0 0 0 -0 0 0 0 0 0 0 0 0 0 0 0 0 0 1 13150.8 13150.8 13150.8 13150.8
-1 -1 1 -1 -1 1 0 0 0 0 0 -1.33003e-09 -0 0 0 -0 0 0 0 0 0 0 0 0 0 0 0 0 0 1 13150.8 13150.8 13150.8 13150.8
-1 -1 1 -1 -1 1 0 0 0 0 0 -3.5168e-09 -0 0 0 -0 0 0 0 0 0 0 0 0 0 0 0 0 0 1 13150.8 13150.8 13150.8 13150.8
-1 -1 1 -1 -1 1 0 0 0 0 0 1.61248e-09 -0 0 0 -0 0 0 0 0 0 0 0 0 0 0 0 0 0 1 13150.8 13150.8 13150.8 13150.8
-1 -1 1 -1 -1 1 0 0 0 0 0 -5.71727e-10 -0 0 0 -0 0 0 0 0 0 0 0 0 0 0 0 0 0 1 13150.8 13150.8 13150.8 13150.8
-1 -1 1 -1 -1 1 0 0 0 0 0 -2.7591e-09 -0 0 0 -0 0 0 0 0 0 0 0 0 0 0 0 0 0 1 13150.8 13150.8 13150.8 13150.8
-1 -1 1 -1 -1 1 0 0 0 0 0 2.33107e-09 -0 0 0 -0 0 0 0 0 0 0 0 0 0 0 0 0 0 1 13150.8 13150.8 13150.8 13150.8
-1 -1 1 -1 -1 1 0 0 0 0 0 1.38339e-10 -0 0 0 -0 0 0 0 0 0 0 0 0 0 0 0 0 0 1 13150.8 13150.8 13150.8 13150.8
-1 -1 1 -1 -1 1 0 0 0 0 0 -2.05445e-09 -0 0 0 -0 0 0 0 0 0 0 0 0 0 0 0 0 0 1 13150.8 13150.8 13150.8 13150.8
-1 -1 1 -1 -1 1 0 0 0 0 0 3.01738e-09 -0 0 0 -0 0 0 0 0 0 0 0 0 0 0 0 0 0 1 13150.8 13150.8 13150.8 13150.8
-1 -1 1 -1 -1 1 0 0 0 0 0 8.19173e-10 -0 0 0 -0 0 0 0 0 0 0 0 0 0 0 0 0 0 1 13150.8 13150.8 13150.8 13150.8
-1 -1 1 -1 -1 1 0 0 0 0 0 -1.37556e-09 -0 0 0 -0 0 0 0 0 0 0 0 0 0 0 0 0 0 1 13150.8 13150.8 13150.8 13150.8
-1 -1 1 -1 -1 1 0 0 0 0 0 -3.55269e-09 -0 0 0 -0 0 0 0 0 0 0 0 0 0 0 0 0 0 1 13150.8 13150.8 13150.8 13150.8
-1 -1 1 -1 -1 1 0 0 0 0 0 1.53599e-09 -0 0 0 -0 0 0 0 0 0 0 0 0 0 0 0 0 0 1 13150.8 13150.8 13150.8 13150.8
-1 -1 1 -1 -1 1 0 0 0 0 0 -6.54494e-10 -0 0 0 -0 0 0 0 0 0 0 0 0 0 0 0 0 0 1 13150.8 13150.8 13150.8 13150.8
-1 -1 1 -1 -1 1 0 0 0 0 0 -2.84192e-09 -0 0 0 -0 0 0 0 0 0 0 0 0 0 0 0 0 0 1 13150.8 13150.8 13150.8 13150.8
-1 -1 1 -1 -1 1 0 0 0 0 0 2.26803e-09 -0 0 0 -0 0 0 0 0 0 0 0 0 0 0 0 0 0 1 13150.8 13150.8 13150.8 13150.8
-1 -1 1 -1 -1 1 0 0 0 0 0 6.91669e-11 -0 0 0 -0 0 0 0 0 0 0 0 0 0 0 0 0 0 1 13150.8 13150.8 13150.8 13150.8
-1 -1 1 -1 -1 1 0 0 0 0 0 -2.11894e-09 -0 0 0 -0 0 0 0 0 0 0 0 0 0 0 0 0 0 1 13150.8 13150.8 13150.8 13150.8
-1 -1 1 -1 -1 1 0 0 0 0 0 2.97147e-09 -0 0 0 -0 0 0 0 0 0 0 0 0 0 0 0 0 0 1 13150.8 13150.8 13150.8 13150.8
-1 -1 1 -1 -1 1 0 0 0 0 0 7.83705e-10 -0 0 0 -0 0 0 0 0 0 0 0 0 0 0 0 0 0 1 13150.8 13150.8 13150.8 13150.8
-1 -1 1 -1 -1 1 0 0 0 0 0 -1.40643e-09 -0 0 0 -0 0 0 0 0 0 0 0 0 0 0 0 0 0 1 13150.8 13150.8 13150.8 13150.8
-1 -1 1 -1 -1 1 0 0 0 0 0 -3.58806e-09 -0 0 0 -0 0 0 0 0 0 0 0 0 0 0 0 0 0 1 13150.8 13150.8 13150.8 13150.8
-1 -1 1 -1 -1 1 0 0 0 0 0 1.5397e-09 -0 0 0 -0 0 0 0 0 0 0 0 0 0 0 0 0 0 1 13150.8 13150.8 13150.8 13150.8
-1 -1 1 -1 -1 1 0 0 0 0 0 -6.41011e-10 -0 0 0 -0 0 0 0 0 0 0 0 0 0 0 0 0 0 1 13150.8 13150.8 13150.8 13150.8
-1 -1 1 -1 -1 1 0 0 0 0 0 -2.84221e-09 -0 0 0 -0 0 0 0 0 0 0 0 0 0 0 0 0 0 1 13150.8 13150.8 13150.8 13150.8
-1 -1 1 -1 -1 1 0 0 0 0 0 2.2342e-09 -0 0 0 -0 0 0 0 0 0 0 0 0 0 0 0 0 0 1 13150.8 13150.8 13150.8 13150.8
-1 -1 1 -1 -1 1 0 0 0 0 0 5.48706e-11 -0 0 0 -0 0 0 0 0 0 0 0 0 0 0 0 0 0 1 13150.8 13150.8 13150.8 13150.8
-1 -1 1 -1 -1 1 0 0 0 0 0 -2.15191e-09 -0 0 0 -0 0 0 0 0 0 0 0 0 0 0 0 0 0 1 13150.8 13150.8 13150.8 13150.8
-1 -1 1 -1 -1 1 0 0 0 0 0 2.91558e-09 -0 0 0 -0 0 0 0 0 0 0 0 0 0 0 0 0 0 1 13150.8 13150.8 13150.8 13150.8
-1 -1 1 -1 -1 1 0 0 0 0 0 7.27335e-10 -0 0 0 -0 0 0 0 0 0 0 0 0 0 0 0 0 0 1 13150.8 13150.8 13150.8 13150.8
-1 -1 1 -1 -1 1 0 0 0 0 0 -1.46227e-09 -0 0 0 -0 0 0 0 0 0 0 0 0 0 0 0 0 0 1 13150.8 13150.8 13150.8 13150.8
-1 -1 1 -1 -1 1 0 0 0 0 0 -3.64966e-09 -0 0 0 -0 0 0 0 0 0 0 0 0 0 0 0 0 0 1 13150.8 13150.8 13150.8 13150.8
-1 -1 1 -1 -1 1 0 0 0 0 0 1.45756e-09 -0 0 0 -0 0 0 0 0 0 0 0 0 0 0 0 0 0 1 13150.8 13150.8 13150.8 13150.8
-1 -1 1 -1 -1 1 0 0 0 0 0 -7.25949e-10 -0 0 0 -0 0 0 0 0 0 0 0 0 0 0 0 0 0 1 13150.8 13150.8 13150.8 13150.8
-1 -1 1 -1 -1 1 0 0 0 0 0 -2.91519e-09 -0 0 0 -0 0 0 0 0 0 0 0 0 0 0 0 0 0 1 13150.8 13150.8 13150.8 13150.8
-1 -1 1 -1 -1 1 0 0 0 0 0 2.18095e-09 -0 0 0 -0 0 0 0 0 0 0 0 0 0 0 0 0 0 1 13150.8 13150.8 13150.8 13150.8
-1 -1 1 -1 -1 1 0 0 0 0 0 -1.59882e-11 -0 0 0 -0 0 0 0 0 0 0 0 0 0 0 0 0 0 1 13150.8 13150.8 13150.8 13150.8
-1 -1 1 -1 -1 1 0 0 0 0 0 -2.20733e-09 -0 0 0 -0 0 0 0 0 0 0 0 0 0 0 0 0 0 1 13150.8 13150.8 13150.8 13150.8
-1 -1 1 -1 -1 1 0 0 0 0 0 2.89325e-09 -0 0 0 -0 0 0 0 0 0 0 0 0 0 0 0 0 0 1 13150.8 13150.8 13150.8 13150.8
-1 -1 1 -1 -1 1 0 0 0 0 0 7.09848e-10 -0 0 0 -0 0 0 0 0 0 0 0 0 0 0 0 0 0 1 13150.8 13150.8 13150.8 13150.8
-1 -1 1 -1 -1 1 0 0 0 0 0 -1.48597e-09 -0 0 0 -0 0 0 0 0 0 0 0 0 0 0 0 0 0 1 13150.8 13150.8 13150.8 13150.8
-1 -1 1 -1 -1 1 0 0 0 0 0 3.61183e-09 -0 0 0 -0 0 0 0 0 0 0 0 0 0 0 0 0 0 1 13150.8 13150.8 13150.8 13150.8
-1 -1 1 -1 -1 1 0 0 0 0 0 1.4324e-09 -0 0 0 -0 0 0 0 0 0 0 0 0 0 0 0 0 0 1 13150.8 13150.8 13150.8 13150.8
-1 -1 1 -1 -1 1 0 0 0 0 0 -7.60792e-10 -0 0 0 -0 0 0 0 0 0 0 0 0 0 0 0 0 0 1 13150.8 13150.8 13150.8 13150.8
-1 -1 1 -1 -1 1 0 0 0 0 0 -2.95741e-09 -0 0 0 -0 0 0 0 0 0 0 0 0 0 0 0 0 0 1 13150.8 13150.8 13150.8 13150.8
-1 -1 1 -1 -1 1 0 0 0 0 0 2.10926e-09 -0 0 0 -0 0 0 0 0 0 0 0 0 0 0 0 0 0 1 13150.8 13150.8 13150.8 13150.8
-1 -1 1 -1 -1 1 0 0 0 0 0 -7.9658e-11 -0 0 0 -0 0 0 0 0 0 0 0 0 0 0 0 0 0 1 13150.8 13150.8 13150.8 13150.8
-1 -1 1 -1 -1 1 0 0 0 0 0 -2.27367e-09 -0 0 0 -0 0 0 0 0 0 0 0 0 0 0 0 0 0 1 13150.8 13150.8 13150.8 13150.8
-1 -1 1 -1 -1 1 0 0 0 0 0 2.81819e-09 -0 0 0 -0 0 0 0 0 0 0 0 0 0 0 0 0 0 1 13150.8 13150.8 13150.8 13150.8
-1 -1 1 -1 -1 1 0 0 0 0 0 6.2944e-10 -0 0 0 -0 0 0 0 0 0 0 0 0 0 0 0 0 0 1 13150.8 13150.8 13150.8 13150.8
-1 -1 1 -1 -1 1 0 0 0 0 0 -1.56286e-09 -0 0 0 -0 0 0 0 0 0 0 0 0 0 0 0 0 0 1 13150.8 13150.8 13150.8 13150.8
-1 -1 1 -1 -1 1 0 0 0 0 0 3.55327e-09 -0 0 0 -0 0 0 0 0 0 0 0 0 0 0 0 0 0 1 13150.8 13150.8 13150.8 13150.8
-1 -1 1 -1 -1 1 0 0 0 0 0 1.36931e-09 -0 0 0 -0 0 0 0 0 0 0 0 0 0 0 0 0 0 1 13150.8 13150.8 13150.8 13150.8
-1 -1 1 -1 -1 1 0 0 0 0 0 -8.13091e-10 -0 0 0 -0 0 0 0 0 0 0 0 0 0 0 0 0 0 1 13150.8 13150.8 13150.8 13150.8
-1 -1 1 -1 -1 1 0 0 0 0 0 -2.99721e-09 -0 0 0 -0 0 0 0 0 0 0 0 0 0 0 0 0 0 1 13150.8 13150.8 13150.8 13150.8
-1 -1 1 -1 -1 1 0 0 0 0 0 2.11829e-09 -0 0 0 -0 0 0 0 0 0 0 0 0 0 0 0 0 0 1 13150.8 13150.8 13150.8 13150.8
-1 -1 1 -1 -1 1 0 0 0 0 0 -8.76141e-11 -0 0 0 -0 0 0 0 0 0 0 0 0 0 0 0 0 0 1 13150.8 13150.8 13150.8 13150.8
-1 -1 1 -1 -1 1 0 0 0 0 0 -2.26267e-09 -0 0 0 -0 0 0 0 0 0 0 0 0 0 0 0 0 0 1 13150.8 13150.8 13150.8 13150.8
-1 -1 1 -1 -1 1 0 0 0 0 0 2.82915e-09 -0 0 0 -0 0 0 0 0 0 0 0 0 0 0 0 0 0 1 13150.8 13150.8 13150.8 13150.8
-1 -1 1 -1 -1 1 0 0 0 0 0 6.38817e-10 -0 0 0 -0 0 0 0 0 0 0 0 0 0 0 0 0 0 1 13150.8 13150.8 13150.8 13150.8
-1 -1 1 -1 -1 1 0 0 0 0 0 -1.55199e-09 -0 0 0 -0 0 0 0 0 0 0 0 0 0 0 0 0 0 1 13150.8 13150.8 13150.8 13150.8
-1 -1 1 -1 -1 1 0 0 0 0 0 3.5362e-09 -0 0 0 -0 0 0 0 0 0 0 0 0 0 0 0 0 0 1 13150.8 13150.8 13150.8 13150.8
-1 -1 1 -1 -1 1 0 0 0 0 0 1.34303e-09 -0 0 0 -0 0 0 0 0 0 0 0 0 0 0 0 0 0 1 13150.8 13150.8 13150.8 13150.8
-1 -1 1 -1 -1 1 0 0 0 0 0 -8.47163e-10 -0 0 0 -0 0 0 0 0 0 0 0 0 0 0 0 0 0 1 13150.8 13150.8 13150.8 13150.8
-1 -1 1 -1 -1 1 0 0 0 0 0 -3.04356e-09 -0 0 0 -0 0 0 0 0 0 0 0 0 0 0 0 0 0 1 13150.8 13150.8 13150.8 13150.8
-1 -1 1 -1 -1 1 0 0 0 0 0 2.02202e-09 -0 0 0 -0 0 0 0 0 0 0 0 0 0 0 0 0 0 1 13150.8 13150.8 13150.8 13150.8
-1 -1 1 -1 -1 1 0 0 0 0 0 -1.66375e-10 -0 0 0 -0 0 0 0 0 0 0 0 0 0 0 0 0 0 1 13150.8 13150.8 13150.8 13150.8
-1 -1 1 -1 -1 1 0 0 0 0 0 -2.36191e-09 -0 0 0 -0 0 0 0 0 0 0 0 0 0 0 0 0 0 1 13150.8 13150.8 13150.8 13150.8
-1 -1 1 -1 -1 1 0 0 0 0 0 2.72281e-09 -0 0 0 -0 0 0 0 0 0 0 0 0 0 0 0 0 0 1 13150.8 13150.8 13150.8 13150.8
-1 -1 1 -1 -1 1 0 0 0 0 0 5.31484e-10 -0 0 0 -0 0 0 0 0 0 0 0 0 0 0 0 0 0 1 13150.8 13150.8 13150.8 13150.8
-1 -1 1 -1 -1 1 0 0 0 0 0 -1.65804e-09 -0 0 0 -0 0 0 0 0 0 0 0 0 0 0 0 0 0 1 13150.8 13150.8 13150.8 13150.8
-1 -1 1 -1 -1 1 0 0 0 0 0 3.4339e-09 -0 0 0 -0 0 0 0 0 0 0 0 0 0 0 0 0 0 1 13150.8 13150.8 13150.8 13150.8
-1 -1 1 -1 -1 1 0 0 0 0 0 1.24383e-09 -0 0 0 -0 0 0 0 0 0 0 0 0 0 0 0 0 0 1 13150.8 13150.8 13150.8 13150.8
-1 -1 1 -1 -1 1 0 0 0 0 0 -9.47715e-10 -0 0 0 -0 0 0 0 0 0 0 0 0 0 0 0 0 0 1 13150.8 13150.8 13150.8 13150.8
-1 -1 1 -1 -1 1 0 0 0 0 0 -3.13452e-09 -0 0 0 -0 0 0 0 0 0 0 0 0 0 0 0 0 0 1 13150.8 13150.8 13150.8 13150.8
-1 -1 1 -1 -1 1 0 0 0 0 0 1.97806e-09 -0 0 0 -0 0 0 0 0 0 0 0 0 0 0 0 0 0 1 13150.8 13150.8 13150.8 13150.8
-1 -1 1 -1 -1 1 0 0 0 0 0 -2.08955e-10 -0 0 0 -0 0 0 0 0 0 0 0 0 0 0 0 0 0 1 13150.8 13150.8 13150.8 13150.8
-1 -1 1 -1 -1 1 0 0 0 0 0 -2.40678e-09 -0 0 0 -0 0 0 0 0 0 0 0 0 0 0 0 0 0 1 13150.8 13150.8 13150.8 13150.8
-1 -1 1 -1 -1 1 0 0 0 0 0 2.66262e-09 -0 0 0 -0 0 0 0 0 0 0 0 0 0 0 0 0 0 1 13150.8 13150.8 13150.8 13150.8
-1 -1 1 -1 -1 1 0 0 0 0 0 4.66857e-10 -0 0 0 -0 0 0 0 0 0 0 0 0 0 0 0 0 0 1 13150.8 13150.8 13150.8 13150.8
-1 -1 1 -1 -1 1 0 0 0 0 0 -1.72394e-09 -0 0 0 -0 0 0 0 0 0 0 0 0 0 0 0 0 0 1 13150.8 13150.8 13150.8 13150.8
-1 -1 1 -1 -1 1 0 0 0 0 0 3.36853e-09 -0 0 0 -0 0 0 0 0 0 0 0 0 0 0 0 0 0 1 13150.8 13150.8 13150.8 13150.8
-1 -1 1 -1 -1 1 0 0 0 0 0 1.17455e-09 -0 0 0 -0 0 0 0 0 0 0 0 0 0 0 0 0 0 1 13150.8 13150.8 13150.8 13150.8
-1 -1 1 -1 -1 1 0 0 0 0 0 -1.00611e-09 -0 0 0 -0 0 0 0 0 0 0 0 0 0 0 0 0 0 1 13150.8 13150.8 13150.8 13150.8
-1 -1 1 -1 -1 1 0 0 0 0 0 -3.19377e-09 -0 0 0 -0 0 0 0 0 0 0 0 0 0 0 0 0 0 1 13150.8 13150.8 13150.8 13150.8
-1 -1 1 -1 -1 1 0 0 0 0 0 1.89985e-09 -0 0 0 -0 0 0 0 0 0 0 0 0 0 0 0 0 0 1 13150.8 13150.8 13150.8 13150.8
-1 -1 1 -1 -1 1 0 0 0 0 0 -2.89319e-10 -0 0 0 -0 0 0 0 0 0 0 0 0 0 0 0 0 0 1 13150.8 13150.8 13150.8 13150.8
-1 -1 1 -1 -1 1 0 0 0 0 0 -2.48407e-09 -0 0 0 -0 0 0 0 0 0 0 0 0 0 0 0 0 0 1 13150.8 13150.8 13150.8 13150.8
-1 -1 1 -1 -1 1 0 0 0 0 0 2.62799e-09 -0 0 0 -0 0 0 0 0 0 0 0 0 0 0 0 0 0 1 13150.8 13150.8 13150.8 13150.8
-1 -1 1 -1 -1 1 0 0 0 0 0 4.4624e-10 -0 0 0 -0 0 0 0 0 0 0 0 0 0 0 0 0 0 1 13150.8 13150.8 13150.8 13150.8
-1 -1 1 -1 -1 1 0 0 0 0 0 -1.74439e-09 -0 0 0 -0 0 0 0 0 0 0 0 0 0 0 0 0 0 1 13150.8 13150.8 13150.8 13150.8
-1 -1 1 -1 -1 1 0 0 0 0 0 3.34277e-09 -0 0 0 -0 0 0 0 0 0 0 0 0 0 0 0 0 0 1 13150.8 13150.8 13150.8 13150.8
-1 -1 1 -1 -1 1 0 0 0 0 0 1.14239e-09 -0 0 0 -0 0 0 0 0 0 0 0 0 0 0 0 0 0 1 13150.8 13150.8 13150.8 13150.8
-1 -1 1 -1 -1 1 0 0 0 0 0 -1.04896e-09 -0 0 0 -0 0 0 0 0 0 0 0 0 0 0 0 0 0 1 13150.8 13150.8 13150.8 13150.8
-1 -1 1 -1 -1 1 0 0 0 0 0 -3.23124e-09 -0 0 0 -0 0 0 0 0 0 0 0 0 0 0 0 0 0 1 13150.8 13150.8 13150.8 13150.8
-1 -1 1 -1 -1 1 0 0 0 0 0 1.86134e-09 -0 0 0 -0 0 0 0 0 0 0 0 0 0 0 0 0 0 1 13150.8 13150.8 13150.8 13150.8
-1 -1 1 -1 -1 1 0 0 0 0 0 -3.26049e-10 -0 0 0 -0 0 0 0 0 0 0 0 0 0 0 0 0 0 1 13150.8 13150.8 13150.8 13150.8
-1 -1 1 -1 -1 1 0 0 0 0 0 -2.51819e-09 -0 0 0 -0 0 0 0 0 0 0 0 0 0 0 0 0 0 1 13150.8 13150.8 13150.8 13150.8
-1 -1 1 -1 -1 1 0 0 0 0 0 2.57269e-09 -0 0 0 -0 0 0 0 0 0 0 0 0 0 0 0 0 0 1 13150.8 13150.8 13150.8 13150.8
-1 -1 1 -1 -1 1 0 0 0 0 0 3.78692e-10 -0 0 0 -0 0 0 0 0 0 0 0 0 0 0 0 0 0 1 13150.8 13150.8 13150.8 13150.8
-1 -1 1 -1 -1 1 0 0 0 0 0 -1.81508e-09 -0 0 0 -0 0 0 0 0 0 0 0 0 0 0 0 0 0 1 13150.8 13150.8 13150.8 13150.8
-1 -1 1 -1 -1 1 0 0 0 0 0 3.29098e-09 -0 0 0 -0 0 0 0 0 0 0 0 0 0 0 0 0 0 1 13150.8 13150.8 13150.8 13150.8
-1 -1 1 -1 -1 1 0 0 0 0 0 1.10509e-09 -0 0 0 -0 0 0 0 0 0 0 0 0 0 0 0 0 0 1 13150.8 13150.8 13150.8 13150.8
-1 -1 1 -1 -1 1 0 0 0 0 0 -1.0778e-09 -0 0 0 -0 0 0 0 0 0 0 0 0 0 0 0 0 0 1 13150.8 13150.8 13150.8 13150.8
-1 -1 1 -1 -1 1 0 0 0 0 0 -3.26733e-09 -0 0 0 -0 0 0 0 0 0 0 0 0 0 0 0 0 0 1 13150.8 13150.8 13150.8 13150.8
-1 -1 1 -1 -1 1 0 0 0 0 0 1.84479e-09 -0 0 0 -0 0 0 0 0 0 0 0 0 0 0 0 0 0 1 13150.8 13150.8 13150.8 13150.8
-1 -1 1 -1 -1 1 0 0 0 0 0 -3.3662e-10 -0 0 0 -0 0 0 0 0 0 0 0 0 0 0 0 0 0 1 13150.8 13150.8 13150.8 13150.8
-1 -1 1 -1 -1 1 0 0 0 0 0 -2.53304e-09 -0 0 0 -0 0 0 0 0 0 0 0 0 0 0 0 0 0 1 13150.8 13150.8 13150.8 13150.8
-1 -1 1 -1 -1 1 0 0 0 0 0 2.56183e-09 -0 0 0 -0 0 0 0 0 0 0 0 0 0 0 0 0 0 1 13150.8 13150.8 13150.8 13150.8
-1 -1 1 -1 -1 1 0 0 0 0 0 3.82583e-10 -0 0 0 -0 0 0 0 0 0 0 0 0 0 0 0 0 0 1 13150.8 13150.8 13150.8 13150.8
-1 -1 1 -1 -1 1 0 0 0 0 0 -1.8209e-09 -0 0 0 -0 0 0 0 0 0 0 0 0 0 0 0 0 0 1 13150.8 13150.8 13150.8 13150.8
-1 -1 1 -1 -1 1 0 0 0 0 0 3.24055e-09 -0 0 0 -0 0 0 0 0 0 0 0 0 0 0 0 0 0 1 13150.8 13150.8 13150.8 13150.8
-1 -1 1 -1 -1 1 0 0 0 0 0 1.05227e-09 -0 0 0 -0 0 0 0 0 0 0 0 0 0 0 0 0 0 1 13150.8 13150.8 13150.8 13150.8
-1 -1 1 -1 -1 1 0 0 0 0 0 -1.13785e-09 -0 0 0 -0 0 0 0 0 0 0 0 0 0 0 0 0 0 1 13150.8 13150.8 13150.8 13150.8
-1 -1 1 -1 -1 1 0 0 0 0 0 -3.32667e-09 -0 0 0 -0 0 0 0 0 0 0 0 0 0 0 0 0 0 1 13150.8 13150.8 13150.8 13150.8
-1 -1 1 -1 -1 1 0 0 0 0 0 1.79173e-09 -0 0 0 -0 0 0 0 0 0 0 0 0 0 0 0 0 0 1 13150.8 13150.8 13150.8 13150.8
-1 -1 1 -1 -1 1 0 0 0 0 0 -4.01635e-10 -0 0 0 -0 0 0 0 0 0 0 0 0 0 0 0 0 0 1 13150.8 13150.8 13150.8 13150.8
-1 -1 1 -1 -1 1 0 0 0 0 0 -2.59151e-09 -0 0 0 -0 0 0 0 0 0 0 0 0 0 0 0 0 0 1 13150.8 13150.8 13150.8 13150.8
-1 -1 1 -1 -1 1 0 0 0 0 0 2.48886e-09 -0 0 0 -0 0 0 0 0 0 0 0 0 0 0 0 0 0 1 13150.8 13150.8 13150.8 13150.8
-1 -1 1 -1 -1 1 0 0 0 0 0 2.94932e-10 -0 0 0 -0 0 0 0 0 0 0 0 0 0 0 0 0 0 1 13150.8 13150.8 13150.8 13150.8
-1 -1 1 -1 -1 1 0 0 0 0 0 -1.89291e-09 -0 0 0 -0 0 0 0 0 0 0 0 0 0 0 0 0 0 1 13150.8 13150.8 13150.8 13150.8
-1 -1 1 -1 -1 1 0 0 0 0 0 3.20374e-09 -0 0 0 -0 0 0 0 0 0 0 0 0 0 0 0 0 0 1 13150.8 13150.8 13150.8 13150.8
-1 -1 1 -1 -1 1 0 0 0 0 0 1.01474e-09 -0 0 0 -0 0 0 0 0 0 0 0 0 0 0 0 0 0 1 13150.8 13150.8 13150.8 13150.8
-1 -1 1 -1 -1 1 0 0 0 0 0 -1.17116e-09 -0 0 0 -0 0 0 0 0 0 0 0 0 0 0 0 0 0 1 13150.8 13150.8 13150.8 13150.8
-1 -1 1 -1 -1 1 0 0 0 0 0 -3.35898e-09 -0 0 0 -0 0 0 0 0 0 0 0 0 0 0 0 0 0 1 13150.8 13150.8 13150.8 13150.8
-1 -1 1 -1 -1 1 0 0 0 0 0 1.72964e-09 -0 0 0 -0 0 0 0 0 0 0 0 0 0 0 0 0 0 1 13150.8 13150.8 13150.8 13150.8
-1 -1 1 -1 -1 1 0 0 0 0 0 -4.72808e-10 -0 0 0 -0 0 0 0 0 0 0 0 0 0 0 0 0 0 1 13150.8 13150.8 13150.8 13150.8
-1 -1 1 -1 -1 1 0 0 0 0 0 -2.65395e-09 -0 0 0 -0 0 0 0 0 0 0 0 0 0 0 0 0 0 1 13150.8 13150.8 13150.8 13150.8
-1 -1 1 -1 -1 1 0 0 0 0 0 2.43337e-09 -0 0 0 -0 0 0 0 0 0 0 0 0 0 0 0 0 0 1 13150.8 13150.8 13150.8 13150.8
-1 -1 1 -1 -1 1 0 0 0 0 0 2.43056e-10 -0 0 0 -0 0 0 0 0 0 0 0 0 0 0 0 0 0 1 13150.8 13150.8 13150.8 13150.8
-1 -1 1 -1 -1 1 0 0 0 0 0 -1.94773e-09 -0 0 0 -0 0 0 0 0 0 0 0 0 0 0 0 0 0 1 13150.8 13150.8 13150.8 13150.8
-1 -1 1 -1 -1 1 0 0 0 0 0 3.14089e-09 -0 0 0 -0 0 0 0 0 0 0 0 0 0 0 0 0 0 1 13150.8 13150.8 13150.8 13150.8
-1 -1 1 -1 -1 1 0 0 0 0 0 9.52807e-10 -0 0 0 -0 0 0 0 0 0 0 0 0 0 0 0 0 0 1 13150.8 13150.8 13150.8 13150.8
-1 -1 1 -1 -1 1 0 0 0 0 0 -1.23907e-09 -0 0 0 -0 0 0 0 0 0 0 0 0 0 0 0 0 0 1 13150.8 13150.8 13150.8 13150.8
-1 -1 1 -1 -1 1 0 0 0 0 0 -3.42992e-09 -0 0 0 -0 0 0 0 0 0 0 0 0 0 0 0 0 0 1 13150.8 13150.8 13150.8 13150.8
-1 -1 1 -1 -1 1 0 0 0 0 0 1.68482e-09 -0 0 0 -0 0 0 0 0 0 0 0 0 0 0 0 0 0 1 13150.8 13150.8 13150.8 13150.8
-1 -1 1 -1 -1 1 0 0 0 0 0 -5.01479e-10 -0 0 0 -0 0 0 0 0 0 0 0 0 0 0 0 0 0 1 13150.8 13150.8 13150.8 13150.8
-1 -1 1 -1 -1 1 0 0 0 0 0 -2.69066e-09 -0 0 0 -0 0 0 0 0 0 0 0 0 0 0 0 0 0 1 13150.8 13150.8 13150.8 13150.8
-1 -1 1 -1 -1 1 0 0 0 0 0 2.39336e-09 -0 0 0 -0 0 0 0 0 0 0 0 0 0 0 0 0 0 1 13150.8 13150.8 13150.8 13150.8
-1 -1 1 -1 -1 1 0 0 0 0 0 1.94054e-10 -0 0 0 -0 0 0 0 0 0 0 0 0 0 0 0 0 0 1 13150.8 13150.8 13150.8 13150.8
-1 -1 1 -1 -1 1 0 0 0 0 0 -1.99675e-09 -0 0 0 -0 0 0 0 0 0 0 0 0 0 0 0 0 0 1 13150.8 13150.8 13150.8 13150.8
-1 -1 1 -1 -1 1 0 0 0 0 0 3.08653e-09 -0 0 0 -0 0 0 0 0 0 0 0 0 0 0 0 0 0 1 13150.8 13150.8 13150.8 13150.8
-1 -1 1 -1 -1 1 0 0 0 0 0 8.89576e-10 -0 0 0 -0 0 0 0 0 0 0 0 0 0 0 0 0 0 1 13150.8 13150.8 13150.8 13150.8
-1 -1 1 -1 -1 1 0 0 0 0 0 -1.29395e-09 -0 0 0 -0 0 0 0 0 0 0 0 0 0 0 0 0 0 1 13150.8 13150.8 13150.8 13150.8
-1 -1 1 -1 -1 1 0 0 0 0 0 -3.47788e-09 -0 0 0 -0 0 0 0 0 0 0 0 0 0 0 0 0 0 1 13150.8 13150.8 13150.8 13150.8
-1 -1 1 -1 -1 1 0 0 0 0 0 1.61591e-09 -0 0 0 -0 0 0 0 0 0 0 0 0 0 0 0 0 0 1 13150.8 13150.8 13150.8 13150.8
-1 -1 1 -1 -1 1 0 0 0 0 0 -5.72133e-10 -0 0 0 -0 0 0 0 0 0 0 0 0 0 0 0 0 0 1 13150.8 13150.8 13150.8 13150.8
-1 -1 1 -1 -1 1 0 0 0 0 0 -2.76604e-09 -0 0 0 -0 0 0 0 0 0 0 0 0 0 0 0 0 0 1 13150.8 13150.8 13150.8 13150.8
-1 -1 1 -1 -1 1 0 0 0 0 0 2.34007e-09 -0 0 0 -0 0 0 0 0 0 0 0 0 0 0 0 0 0 1 13150.8 13150.8 13150.8 13150.8
-1 -1 1 -1 -1 1 0 0 0 0 0 1.50333e-10 -0 0 0 -0 0 0 0 0 0 0 0 0 0 0 0 0 0 1 13150.8 13150.8 13150.8 13150.8
-1 -1 1 -1 -1 1 0 0 0 0 0 -2.03271e-09 -0 0 0 -0 0 0 0 0 0 0 0 0 0 0 0 0 0 1 13150.8 13150.8 13150.8 13150.8
-1 -1 1 -1 -1 1 0 0 0 0 0 3.05429e-09 -0 0 0 -0 0 0 0 0 0 0 0 0 0 0 0 0 0 1 13150.8 13150.8 13150.8 13150.8
-1 -1 1 -1 -1 1 0 0 0 0 0 8.50436e-10 -0 0 0 -0 0 0 0 0 0 0 0 0 0 0 0 0 0 1 13150.8 13150.8 13150.8 13150.8
-1 -1 1 -1 -1 1 0 0 0 0 0 -1.327e-09 -0 0 0 -0 0 0 0 0 0 0 0 0 0 0 0 0 0 1 13150.8 13150.8 13150.8 13150.8
-1 -1 1 -1 -1 1 0 0 0 0 0 -3.51483e-09 -0 0 0 -0 0 0 0 0 0 0 0 0 0 0 0 0 0 1 13150.8 13150.8 13150.8 13150.8
-1 -1 1 -1 -1 1 0 0 0 0 0 1.59432e-09 -0 0 0 -0 0 0 0 0 0 0 0 0 0 0 0 0 0 1 13150.8 13150.8 13150.8 13150.8
-1 -1 1 -1 -1 1 0 0 0 0 0 -5.97479e-10 -0 0 0 -0 0 0 0 0 0 0 0 0 0 0 0 0 0 1 13150.8 13150.8 13150.8 13150.8
-1 -1 1 -1 -1 1 0 0 0 0 0 -2.78592e-09 -0 0 0 -0 0 0 0 0 0 0 0 0 0 0 0 0 0 1 13150.8 13150.8 13150.8 13150.8
-1 -1 1 -1 -1 1 0 0 0 0 0 2.29909e-09 -0 0 0 -0 0 0 0 0 0 0 0 0 0 0 0 0 0 1 13150.8 13150.8 13150.8 13150.8
-1 -1 1 -1 -1 1 0 0 0 0 0 1.03973e-10 -0 0 0 -0 0 0 0 0 0 0 0 0 0 0 0 0 0 1 13150.8 13150.8 13150.8 13150.8
-1 -1 1 -1 -1 1 0 0 0 0 0 -2.08184e-09 -0 0 0 -0 0 0 0 0 0 0 0 0 0 0 0 0 0 1 13150.8 13150.8 13150.8 13150.8
-1 -1 1 -1 -1 1 0 0 0 0 0 3.02215e-09 -0 0 0 -0 0 0 0 0 0 0 0 0 0 0 0 0 0 1 13150.8 13150.8 13150.8 13150.8
-1 -1 1 -1 -1 1 0 0 0 0 0 8.25663e-10 -0 0 0 -0 0 0 0 0 0 0 0 0 0 0 0 0 0 1 13150.8 13150.8 13150.8 13150.8
-1 -1 1 -1 -1 1 0 0 0 0 0 -1.35308e-09 -0 0 0 -0 0 0 0 0 0 0 0 0 0 0 0 0 0 1 13150.8 13150.8 13150.8 13150.8
-1 -1 1 -1 -1 1 0 0 0 0 0 -3.55043e-09 -0 0 0 -0 0 0 0 0 0 0 0 0 0 0 0 0 0 1 13150.8 13150.8 13150.8 13150.8
-1 -1 1 -1 -1 1 0 0 0 0 0 1.54624e-09 -0 0 0 -0 0 0 0 0 0 0 0 0 0 0 0 0 0 1 13150.8 13150.8 13150.8 13150.8
-1 -1 1 -1 -1 1 0 0 0 0 0 -6.34731e-10 -0 0 0 -0 0 0 0 0 0 0 0 0 0 0 0 0 0 1 13150.8 13150.8 13150.8 13150.8
-1 -1 1 -1 -1 1 0 0 0 0 0 -2.82603e-09 -0 0 0 -0 0 0 0 0 0 0 0 0 0 0 0 0 0 1 13150.8 13150.8 13150.8 13150.8
-1 -1 1 -1 -1 1 0 0 0 0 0 2.27999e-09 -0 0 0 -0 0 0 0 0 0 0 0 0 0 0 0 0 0 1 13150.8 13150.8 13150.8 13150.8
-1 -1 1 -1 -1 1 0 0 0 0 0 8.85785e-11 -0 0 0 -0 0 0 0 0 0 0 0 0 0 0 0 0 0 1 13150.8 13150.8 13150.8 13150.8
-1 -1 1 -1 -1 1 0 0 0 0 0 -2.09122e-09 -0 0 0 -0 0 0 0 0 0 0 0 0 0 0 0 0 0 1 13150.8 13150.8 13150.8 13150.8
-1 -1 1 -1 -1 1 0 0 0 0 0 3.00109e-09 -0 0 0 -0 0 0 0 0 0 0 0 0 0 0 0 0 0 1 13150.8 13150.8 13150.8 13150.8
-1 -1 1 -1 -1 1 0 0 0 0 0 8.13302e-10 -0 0 0 -0 0 0 0 0 0 0 0 0 0 0 0 0 0 1 13150.8 13150.8 13150.8 13150.8
-1 -1 1 -1 -1 1 0 0 0 0 0 -1.37665e-09 -0 0 0 -0 0 0 0 0 0 0 0 0 0 0 0 0 0 1 13150.8 13150.8 13150.8 13150.8
-1 -1 1 -1 -1 1 0 0 0 0 0 -3.5658e-09 -0 0 0 -0 0 0 0 0 0 0 0 0 0 0 0 0 0 1 13150.8 13150.8 13150.8 13150.8
-1 -1 1 -1 -1 1 0 0 0 0 0 1.5596e-09 -0 0 0 -0 0 0 0 0 0 0 0 0 0 0 0 0 0 1 13150.8 13150.8 13150.8 13150.8
-1 -1 1 -1 -1 1 0 0 0 0 0 -6.23292e-10 -0 0 0 -0 0 0 0 0 0 0 0 0 0 0 0 0 0 1 13150.8 13150.8 13150.8 13150.8
-1 -1 1 -1 -1 1 0 0 0 0 0 -2.81911e-09 -0 0 0 -0 0 0 0 0 0 0 0 0 0 0 0 0 0 1 13150.8 13150.8 13150.8 13150.8
-1 -1 1 -1 -1 1 0 0 0 0 0 2.25523e-09 -0 0 0 -0 0 0 0 0 0 0 0 0 0 0 0 0 0 1 13150.8 13150.8 13150.8 13150.8
-1 -1 1 -1 -1 1 0 0 0 0 0 6.28713e-11 -0 0 0 -0 0 0 0 0 0 0 0 0 0 0 0 0 0 1 13150.8 13150.8 13150.8 13150.8
-1 -1 1 -1 -1 1 0 0 0 0 0 -2.13143e-09 -0 0 0 -0 0 0 0 0 0 0 0 0 0 0 0 0 0 1 13150.8 13150.8 13150.8 13150.8
-1 -1 1 -1 -1 1 0 0 0 0 0 2.9519e-09 -0 0 0 -0 0 0 0 0 0 0 0 0 0 0 0 0 0 1 13150.8 13150.8 13150.8 13150.8
-1 -1 1 -1 -1 1 0 0 0 0 0 7.56539e-10 -0 0 0 -0 0 0 0 0 0 0 0 0 0 0 0 0 0 1 13150.8 13150.8 13150.8 13150.8
-1 -1 1 -1 -1 1 0 0 0 0 0 -1.42874e-09 -0 0 0 -0 0 0 0 0 0 0 0 0 0 0 0 0 0 1 13150.8 13150.8 13150.8 13150.8
-1 -1 1 -1 -1 1 0 0 0 0 0 -3.61633e-09 -0 0 0 -0 0 0 0 0 0 0 0 0 0 0 0 0 0 1 13150.8 13150.8 13150.8 13150.8
-1 -1 1 -1 -1 1 0 0 0 0 0 1.46951e-09 -0 0 0 -0 0 0 0 0 0 0 0 0 0 0 0 0 0 1 13150.8 13150.8 13150.8 13150.8
-1 -1 1 -1 -1 1 0 0 0 0 0 -7.19239e-10 -0 0 0 -0 0 0 0 0 0 0 0 0 0 0 0 0 0 1 13150.8 13150.8 13150.8 13150.8
-1 -1 1 -1 -1 1 0 0 0 0 0 -2.91386e-09 -0 0 0 -0 0 0 0 0 0 0 0 0 0 0 0 0 0 1 13150.8 13150.8 13150.8 13150.8
-1 -1 1 -1 -1 1 0 0 0 0 0 2.19616e-09 -0 0 0 -0 0 0 0 0 0 0 0 0 0 0 0 0 0 1 13150.8 13150.8 13150.8 13150.8
-1 -1 1 -1 -1 1 0 0 0 0 0 6.93042e-12 -0 0 0 -0 0 0 0 0 0 0 0 0 0 0 0 0 0 1 13150.8 13150.8 13150.8 13150.8
-1 -1 1 -1 -1 1 0 0 0 0 0 -2.1837e-09 -0 0 0 -0 0 0 0 0 0 0 0 0 0 0 0 0 0 1 13150.8 13150.8 13150.8 13150.8
-1 -1 1 -1 -1 1 0 0 0 0 0 2.9113e-09 -0 0 0 -0 0 0 0 0 0 0 0 0 0 0 0 0 0 1 13150.8 13150.8 13150.8 13150.8
-1 -1 1 -1 -1 1 0 0 0 0 0 7.17177e-10 -0 0 0 -0 0 0 0 0 0 0 0 0 0 0 0 0 0 1 13150.8 13150.8 13150.8 13150.8
-1 -1 1 -1 -1 1 0 0 0 0 0 -1.46253e-09 -0 0 0 -0 0 0 0 0 0 0 0 0 0 0 0 0 0 1 13150.8 13150.8 13150.8 13150.8
-1 -1 1 -1 -1 1 0 0 0 0 0 3.64385e-09 -0 0 0 -0 0 0 0 0 0 0 0 0 0 0 0 0 0 1 13150.8 13150.8 13150.8 13150.8
-1 -1 1 -1 -1 1 0 0 0 0 0 1.45665e-09 -0 0 0 -0 0 0 0 0 0 0 0 0 0 0 0 0 0 1 13150.8 13150.8 13150.8 13150.8
-1 -1 1 -1 -1 1 0 0 0 0 0 -7.33403e-10 -0 0 0 -0 0 0 0 0 0 0 0 0 0 0 0 0 0 1 13150.8 13150.8 13150.8 13150.8
-1 -1 1 -1 -1 1 0 0 0 0 0 -2.92051e-09 -0 0 0 -0 0 0 0 0 0 0 0 0 0 0 0 0 0 1 13150.8 13150.8 13150.8 13150.8
-1 -1 1 -1 -1 1 0 0 0 0 0 2.1721e-09 -0 0 0 -0 0 0 0 0 0 0 0 0 0 0 0 0 0 1 13150.8 13150.8 13150.8 13150.8
-1 -1 1 -1 -1 1 0 0 0 0 0 -2.66956e-11 -0 0 0 -0 0 0 0 0 0 0 0 0 0 0 0 0 0 1 13150.8 13150.8 13150.8 13150.8
-1 -1 1 -1 -1 1 0 0 0 0 0 -2.2109e-09 -0 0 0 -0 0 0 0 0 0 0 0 0 0 0 0 0 0 1 13150.8 13150.8 13150.8 13150.8
-1 -1 1 -1 -1 1 0 0 0 0 0 2.88515e-09 -0 0 0 -0 0 0 0 0 0 0 0 0 0 0 0 0 0 1 13150.8 13150.8 13150.8 13150.8
-1 -1 1 -1 -1 1 0 0 0 0 0 6.8772e-10 -0 0 0 -0 0 0 0 0 0 0 0 0 0 0 0 0 0 1 13150.8 13150.8 13150.8 13150.8
-1 -1 1 -1 -1 1 0 0 0 0 0 -1.50122e-09 -0 0 0 -0 0 0 0 0 0 0 0 0 0 0 0 0 0 1 13150.8 13150.8 13150.8 13150.8
-1 -1 1 -1 -1 1 0 0 0 0 0 3.57131e-09 -0 0 0 -0 0 0 0 0 0 0 0 0 0 0 0 0 0 1 13150.8 13150.8 13150.8 13150.8
-1 -1 1 -1 -1 1 0 0 0 0 0 1.3787e-09 -0 0 0 -0 0 0 0 0 0 0 0 0 0 0 0 0 0 1 13150.8 13150.8 13150.8 13150.8
-1 -1 1 -1 -1 1 0 0 0 0 0 -8.1116e-10 -0 0 0 -0 0 0 0 0 0 0 0 0 0 0 0 0 0 1 13150.8 13150.8 13150.8 13150.8
-1 -1 1 -1 -1 1 0 0 0 0 0 -2.99941e-09 -0 0 0 -0 0 0 0 0 0 0 0 0 0 0 0 0 0 1 13150.8 13150.8 13150.8 13150.8
-1 -1 1 -1 -1 1 0 0 0 0 0 2.08523e-09 -0 0 0 -0 0 0 0 0 0 0 0 0 0 0 0 0 0 1 13150.8 13150.8 13150.8 13150.8
-1 -1 1 -1 -1 1 0 0 0 0 0 -1.05061e-10 -0 0 0 -0 0 0 0 0 0 0 0 0 0 0 0 0 0 1 13150.8 13150.8 13150.8 13150.8
-1 -1 1 -1 -1 1 0 0 0 0 0 -2.29965e-09 -0 0 0 -0 0 0 0 0 0 0 0 0 0 0 0 0 0 1 13150.8 13150.8 13150.8 13150.8
-1 -1 1 -1 -1 1 0 0 0 0 0 2.79087e-09 -0 0 0 -0 0 0 0 0 0 0 0 0 0 0 0 0 0 1 13150.8 13150.8 13150.8 13150.8
-1 -1 1 -1 -1 1 0 0 0 0 0 6.078e-10 -0 0 0 -0 0 0 0 0 0 0 0 0 0 0 0 0 0 1 13150.8 13150.8 13150.8 13150.8
-1 -1 1 -1 -1 1 0 0 0 0 0 -1.58423e-09 -0 0 0 -0 0 0 0 0 0 0 0 0 0 0 0 0 0 1 13150.8 13150.8 13150.8 13150.8
-1 -1 1 -1 -1 1 0 0 0 0 0 3.50778e-09 -0 0 0 -0 0 0 0 0 0 0 0 0 0 0 0 0 0 1 13150.8 13150.8 13150.8 13150.8
-1 -1 1 -1 -1 1 0 0 0 0 0 1.30741e-09 -0 0 0 -0 0 0 0 0 0 0 0 0 0 0 0 0 0 1 13150.8 13150.8 13150.8 13150.8
-1 -1 1 -1 -1 1 0 0 0 0 0 -8.81907e-10 -0 0 0 -0 0 0 0 0 0 0 0 0 0 0 0 0 0 1 13150.8 13150.8 13150.8 13150.8
-1 -1 1 -1 -1 1 0 0 0 0 0 -3.07238e-09 -0 0 0 -0 0 0 0 0 0 0 0 0 0 0 0 0 0 1 13150.8 13150.8 13150.8 13150.8
-1 -1 1 -1 -1 1 0 0 0 0 0 2.02039e-09 -0 0 0 -0 0 0 0 0 0 0 0 0 0 0 0 0 0 1 13150.8 13150.8 13150.8 13150.8
-1 -1 1 -1 -1 1 0 0 0 0 0 -1.71135e-10 -0 0 0 -0 0 0 0 0 0 0 0 0 0 0 0 0 0 1 13150.8 13150.8 13150.8 13150.8
-1 -1 1 -1 -1 1 0 0 0 0 0 -2.35622e-09 -0 0 0 -0 0 0 0 0 0 0 0 0 0 0 0 0 0 1 13150.8 13150.8 13150.8 13150.8
-1 -1 1 -1 -1 1 0 0 0 0 0 2.72419e-09 -0 0 0 -0 0 0 0 0 0 0 0 0 0 0 0 0 0 1 13150.8 13150.8 13150.8 13150.8
-1 -1 1 -1 -1 1 0 0 0 0 0 5.2424e-10 -0 0 0 -0 0 0 0 0 0 0 0 0 0 0 0 0 0 1 13150.8 13150.8 13150.8 13150.8
-1 -1 1 -1 -1 1 0 0 0 0 0 -1.66506e-09 -0 0 0 -0 0 0 0 0 0 0 0 0 0 0 0 0 0 1 13150.8 13150.8 13150.8 13150.8
-1 -1 1 -1 -1 1 0 0 0 0 0 3.43823e-09 -0 0 0 -0 0 0 0 0 0 0 0 0 0 0 0 0 0 1 13150.8 13150.8 13150.8 13150.8
-1 -1 1 -1 -1 1 0 0 0 0 0 1.25625e-09 -0 0 0 -0 0 0 0 0 0 0 0 0 0 0 0 0 0 1 13150.8 13150.8 13150.8 13150.8
-1 -1 1 -1 -1 1 0 0 0 0 0 -9.35897e-10 -0 0 0 -0 0 0 0 0 0 0 0 0 0 0 0 0 0 1 13150.8 13150.8 13150.8 13150.8
-1 -1 1 -1 -1 1 0 0 0 0 0 -3.12056e-09 -0 0 0 -0 0 0 0 0 0 0 0 0 0 0 0 0 0 1 13150.8 13150.8 13150.8 13150.8
-1 -1 1 -1 -1 1 0 0 0 0 0 1.98909e-09 -0 0 0 -0 0 0 0 0 0 0 0 0 0 0 0 0 0 1 13150.8 13150.8 13150.8 13150.8
-1 -1 1 -1 -1 1 0 0 0 0 0 -1.99339e-10 -0 0 0 -0 0 0 0 0 0 0 0 0 0 0 0 0 0 1 13150.8 13150.8 13150.8 13150.8
-1 -1 1 -1 -1 1 0 0 0 0 0 -2.39113e-09 -0 0 0 -0 0 0 0 0 0 0 0 0 0 0 0 0 0 1 13150.8 13150.8 13150.8 13150.8
-1 -1 1 -1 -1 1 0 0 0 0 0 2.69092e-09 -0 0 0 -0 0 0 0 0 0 0 0 0 0 0 0 0 0 1 13150.8 13150.8 13150.8 13150.8
-1 -1 1 -1 -1 1 0 0 0 0 0 5.03248e-10 -0 0 0 -0 0 0 0 0 0 0 0 0 0 0 0 0 0 1 13150.8 13150.8 13150.8 13150.8
-1 -1 1 -1 -1 1 0 0 0 0 0 -1.68305e-09 -0 0 0 -0 0 0 0 0 0 0 0 0 0 0 0 0 0 1 13150.8 13150.8 13150.8 13150.8
-1 -1 1 -1 -1 1 0 0 0 0 0 3.41043e-09 -0 0 0 -0 0 0 0 0 0 0 0 0 0 0 0 0 0 1 13150.8 13150.8 13150.8 13150.8
-1 -1 1 -1 -1 1 0 0 0 0 0 1.19649e-09 -0 0 0 -0 0 0 0 0 0 0 0 0 0 0 0 0 0 1 13150.8 13150.8 13150.8 13150.8
-1 -1 1 -1 -1 1 0 0 0 0 0 -9.84663e-10 -0 0 0 -0 0 0 0 0 0 0 0 0 0 0 0 0 0 1 13150.8 13150.8 13150.8 13150.8
-1 -1 1 -1 -1 1 0 0 0 0 0 -3.16656e-09 -0 0 0 -0 0 0 0 0 0 0 0 0 0 0 0 0 0 1 13150.8 13150.8 13150.8 13150.8
-1 -1 1 -1 -1 1 0 0 0 0 0 1.91652e-09 -0 0 0 -0 0 0 0 0 0 0 0 0 0 0 0 0 0 1 13150.8 13150.8 13150.8 13150.8
-1 -1 1 -1 -1 1 0 0 0 0 0 -2.78733e-10 -0 0 0 -0 0 0 0 0 0 0 0 0 0 0 0 0 0 1 13150.8 13150.8 13150.8 13150.8
-1 -1 1 -1 -1 1 0 0 0 0 0 -2.46519e-09 -0 0 0 -0 0 0 0 0 0 0 0 0 0 0 0 0 0 1 13150.8 13150.8 13150.8 13150.8
-1 -1 1 -1 -1 1 0 0 0 0 0 2.6347e-09 -0 0 0 -0 0 0 0 0 0 0 0 0 0 0 0 0 0 1 13150.8 13150.8 13150.8 13150.8
-1 -1 1 -1 -1 1 0 0 0 0 0 4.41872e-10 -0 0 0 -0 0 0 0 0 0 0 0 0 0 0 0 0 0 1 13150.8 13150.8 13150.8 13150.8
-1 -1 1 -1 -1 1 0 0 0 0 0 -1.74445e-09 -0 0 0 -0 0 0 0 0 0 0 0 0 0 0 0 0 0 1 13150.8 13150.8 13150.8 13150.8
-1 -1 1 -1 -1 1 0 0 0 0 0 3.3371e-09 -0 0 0 -0 0 0 0 0 0 0 0 0 0 0 0 0 0 1 13150.8 13150.8 13150.8 13150.8
-1 -1 1 -1 -1 1 0 0 0 0 0 1.14768e-09 -0 0 0 -0 0 0 0 0 0 0 0 0 0 0 0 0 0 1 13150.8 13150.8 13150.8 13150.8
-1 -1 1 -1 -1 1 0 0 0 0 0 -1.04037e-09 -0 0 0 -0 0 0 0 0 0 0 0 0 0 0 0 0 0 1 13150.8 13150.8 13150.8 13150.8
-1 -1 1 -1 -1 1 0 0 0 0 0 -3.24618e-09 -0 0 0 -0 0 0 0 0 0 0 0 0 0 0 0 0 0 1 13150.8 13150.8 13150.8 13150.8
-1 -1 1 -1 -1 1 0 0 0 0 0 1.82661e-09 -0 0 0 -0 0 0 0 0 0 0 0 0 0 0 0 0 0 1 13150.8 13150.8 13150.8 13150.8
-1 -1 1 -1 -1 1 0 0 0 0 0 -3.59293e-10 -0 0 0 -0 0 0 0 0 0 0 0 0 0 0 0 0 0 1 13150.8 13150.8 13150.8 13150.8
-1 -1 1 -1 -1 1 0 0 0 0 0 -2.55012e-09 -0 0 0 -0 0 0 0 0 0 0 0 0 0 0 0 0 0 1 13150.8 13150.8 13150.8 13150.8
-1 -1 1 -1 -1 1 0 0 0 0 0 2.55888e-09 -0 0 0 -0 0 0 0 0 0 0 0 0 0 0 0 0 0 1 13150.8 13150.8 13150.8 13150.8
-1 -1 1 -1 -1 1 0 0 0 0 0 3.76695e-10 -0 0 0 -0 0 0 0 0 0 0 0 0 0 0 0 0 0 1 13150.8 13150.8 13150.8 13150.8
-1 -1 1 -1 -1 1 0 0 0 0 0 -1.81706e-09 -0 0 0 -0 0 0 0 0 0 0 0 0 0 0 0 0 0 1 13150.8 13150.8 13150.8 13150.8
-1 -1 1 -1 -1 1 0 0 0 0 0 3.26536e-09 -0 0 0 -0 0 0 0 0 0 0 0 0 0 0 0 0 0 1 13150.8 13150.8 13150.8 13150.8
-1 -1 1 -1 -1 1 0 0 0 0 0 1.05933e-09 -0 0 0 -0 0 0 0 0 0 0 0 0 0 0 0 0 0 1 13150.8 13150.8 13150.8 13150.8
-1 -1 1 -1 -1 1 0 0 0 0 0 -1.13247e-09 -0 0 0 -0 0 0 0 0 0 0 0 0 0 0 0 0 0 1 13150.8 13150.8 13150.8 13150.8
-1 -1 1 -1 -1 1 0 0 0 0 0 -3.30937e-09 -0 0 0 -0 0 0 0 0 0 0 0 0 0 0 0 0 0 1 13150.8 13150.8 13150.8 13150.8
-1 -1 1 -1 -1 1 0 0 0 0 0 1.77768e-09 -0 0 0 -0 0 0 0 0 0 0 0 0 0 0 0 0 0 1 13150.8 13150.8 13150.8 13150.8
-1 -1 1 -1 -1 1 0 0 0 0 0 -4.11923e-10 -0 0 0 -0 0 0 0 0 0 0 0 0 0 0 0 0 0 1 13150.8 13150.8 13150.8 13150.8
-1 -1 1 -1 -1 1 0 0 0 0 0 -2.60405e-09 -0 0 0 -0 0 0 0 0 0 0 0 0 0 0 0 0 0 1 13150.8 13150.8 13150.8 13150.8
-1 -1 1 -1 -1 1 0 0 0 0 0 2.48663e-09 -0 0 0 -0 0 0 0 0 0 0 0 0 0 0 0 0 0 1 13150.8 13150.8 13150.8 13150.8
-1 -1 1 -1 -1 1 0 0 0 0 0 2.91077e-10 -0 0 0 -0 0 0 0 0 0 0 0 0 0 0 0 0 0 1 13150.8 13150.8 13150.8 13150.8
-1 -1 1 -1 -1 1 0 0 0 0 0 -1.89362e-09 -0 0 0 -0 0 0 0 0 0 0 0 0 0 0 0 0 0 1 13150.8 13150.8 13150.8 13150.8
-1 -1 1 -1 -1 1 0 0 0 0 0 3.19697e-09 -0 0 0 -0 0 0 0 0 0 0 0 0 0 0 0 0 0 1 13150.8 13150.8 13150.8 13150.8
-1 -1 1 -1 -1 1 0 0 0 0 0 1.00925e-09 -0 0 0 -0 0 0 0 0 0 0 0 0 0 0 0 0 0 1 13150.8 13150.8 13150.8 13150.8
-1 -1 1 -1 -1 1 0 0 0 0 0 -1.18326e-09 -0 0 0 -0 0 0 0 0 0 0 0 0 0 0 0 0 0 1 13150.8 13150.8 13150.8 13150.8
-1 -1 1 -1 -1 1 0 0 0 0 0 -3.37388e-09 -0 0 0 -0 0 0 0 0 0 0 0 0 0 0 0 0 0 1 13150.8 13150.8 13150.8 13150.8
-1 -1 1 -1 -1 1 0 0 0 0 0 1.72713e-09 -0 0 0 -0 0 0 0 0 0 0 0 0 0 0 0 0 0 1 13150.8 13150.8 13150.8 13150.8
-1 -1 1 -1 -1 1 0 0 0 0 0 -4.57819e-10 -0 0 0 -0 0 0 0 0 0 0 0 0 0 0 0 0 0 1 13150.8 13150.8 13150.8 13150.8
-1 -1 1 -1 -1 1 0 0 0 0 0 -2.64634e-09 -0 0 0 -0 0 0 0 0 0 0 0 0 0 0 0 0 0 1 13150.8 13150.8 13150.8 13150.8
-1 -1 1 -1 -1 1 0 0 0 0 0 2.45011e-09 -0 0 0 -0 0 0 0 0 0 0 0 0 0 0 0 0 0 1 13150.8 13150.8 13150.8 13150.8
-1 -1 1 -1 -1 1 0 0 0 0 0 2.60302e-10 -0 0 0 -0 0 0 0 0 0 0 0 0 0 0 0 0 0 1 13150.8 13150.8 13150.8 13150.8
-1 -1 1 -1 -1 1 0 0 0 0 0 -1.9296e-09 -0 0 0 -0 0 0 0 0 0 0 0 0 0 0 0 0 0 1 13150.8 13150.8 13150.8 13150.8
-1 -1 1 -1 -1 1 0 0 0 0 0 3.16868e-09 -0 0 0 -0 0 0 0 0 0 0 0 0 0 0 0 0 0 1 13150.8 13150.8 13150.8 13150.8
-1 -1 1 -1 -1 1 0 0 0 0 0 9.84421e-10 -0 0 0 -0 0 0 0 0 0 0 0 0 0 0 0 0 0 1 13150.8 13150.8 13150.8 13150.8
-1 -1 1 -1 -1 1 0 0 0 0 0 -1.21007e-09 -0 0 0 -0 0 0 0 0 0 0 0 0 0 0 0 0 0 1 13150.8 13150.8 13150.8 13150.8
-1 -1 1 -1 -1 1 0 0 0 0 0 -3.4024e-09 -0 0 0 -0 0 0 0 0 0 0 0 0 0 0 0 0 0 1 13150.8 13150.8 13150.8 13150.8
-1 -1 1 -1 -1 1 0 0 0 0 0 1.68892e-09 -0 0 0 -0 0 0 0 0 0 0 0 0 0 0 0 0 0 1 13150.8 13150.8 13150.8 13150.8
-1 -1 1 -1 -1 1 0 0 0 0 0 -5.01502e-10 -0 0 0 -0 0 0 0 0 0 0 0 0 0 0 0 0 0 1 13150.8 13150.8 13150.8 13150.8
-1 -1 1 -1 -1 1 0 0 0 0 0 -2.69447e-09 -0 0 0 -0 0 0 0 0 0 0 0 0 0 0 0 0 0 1 13150.8 13150.8 13150.8 13150.8
-1 -1 1 -1 -1 1 0 0 0 0 0 2.39258e-09 -0 0 0 -0 0 0 0 0 0 0 0 0 0 0 0 0 0 1 13150.8 13150.8 13150.8 13150.8
-1 -1 1 -1 -1 1 0 0 0 0 0 1.98235e-10 -0 0 0 -0 0 0 0 0 0 0 0 0 0 0 0 0 0 1 13150.8 13150.8 13150.8 13150.8
-1 -1 1 -1 -1 1 0 0 0 0 0 -1.987e-09 -0 0 0 -0 0 0 0 0 0 0 0 0 0 0 0 0 0 1 13150.8 13150.8 13150.8 13150.8
-1 -1 1 -1 -1 1 0 0 0 0 0 3.10674e-09 -0 0 0 -0 0 0 0 0 0 0 0 0 0 0 0 0 0 1 13150.8 13150.8 13150.8 13150.8
-1 -1 1 -1 -1 1 0 0 0 0 0 9.17779e-10 -0 0 0 -0 0 0 0 0 0 0 0 0 0 0 0 0 0 1 13150.8 13150.8 13150.8 13150.8
-1 -1 1 -1 -1 1 0 0 0 0 0 -1.27232e-09 -0 0 0 -0 0 0 0 0 0 0 0 0 0 0 0 0 0 1 13150.8 13150.8 13150.8 13150.8
-1 -1 1 -1 -1 1 0 0 0 0 0 -3.46393e-09 -0 0 0 -0 0 0 0 0 0 0 0 0 0 0 0 0 0 1 13150.8 13150.8 13150.8 13150.8
-1 -1 1 -1 -1 1 0 0 0 0 0 1.63691e-09 -0 0 0 -0 0 0 0 0 0 0 0 0 0 0 0 0 0 1 13150.8 13150.8 13150.8 13150.8
-1 -1 1 -1 -1 1 0 0 0 0 0 -5.51059e-10 -0 0 0 -0 0 0 0 0 0 0 0 0 0 0 0 0 0 1 13150.8 13150.8 13150.8 13150.8
-1 -1 1 -1 -1 1 0 0 0 0 0 -2.73946e-09 -0 0 0 -0 0 0 0 0 0 0 0 0 0 0 0 0 0 1 13150.8 13150.8 13150.8 13150.8
-1 -1 1 -1 -1 1 0 0 0 0 0 2.34743e-09 -0 0 0 -0 0 0 0 0 0 0 0 0 0 0 0 0 0 1 13150.8 13150.8 13150.8 13150.8
-1 -1 1 -1 -1 1 0 0 0 0 0 1.59388e-10 -0 0 0 -0 0 0 0 0 0 0 0 0 0 0 0 0 0 1 13150.8 13150.8 13150.8 13150.8
-1 -1 1 -1 -1 1 0 0 0 0 0 -2.03262e-09 -0 0 0 -0 0 0 0 0 0 0 0 0 0 0 0 0 0 1 13150.8 13150.8 13150.8 13150.8
-1 -1 1 -1 -1 1 0 0 0 0 0 3.06345e-09 -0 0 0 -0 0 0 0 0 0 0 0 0 0 0 0 0 0 1 13150.8 13150.8 13150.8 13150.8
-1 -1 1 -1 -1 1 0 0 0 0 0 8.71262e-10 -0 0 0 -0 0 0 0 0 0 0 0 0 0 0 0 0 0 1 13150.8 13150.8 13150.8 13150.8
-1 -1 1 -1 -1 1 0 0 0 0 0 -1.31656e-09 -0 0 0 -0 0 0 0 0 0 0 0 0 0 0 0 0 0 1 13150.8 13150.8 13150.8 13150.8
-1 -1 1 -1 -1 1 0 0 0 0 0 -3.52362e-09 -0 0 0 -0 0 0 0 0 0 0 0 0 0 0 0 0 0 1 13150.8 13150.8 13150.8 13150.8
-1 -1 1 -1 -1 1 0 0 0 0 0 1.54742e-09 -0 0 0 -0 0 0 0 0 0 0 0 0 0 0 0 0 0 1 13150.8 13150.8 13150.8 13150.8
-1 -1 1 -1 -1 1 0 0 0 0 0 -6.487e-10 -0 0 0 -0 0 0 0 0 0 0 0 0 0 0 0 0 0 1 13150.8 13150.8 13150.8 13150.8
-1 -1 1 -1 -1 1 0 0 0 0 0 -2.82654e-09 -0 0 0 -0 0 0 0 0 0 0 0 0 0 0 0 0 0 1 13150.8 13150.8 13150.8 13150.8
-1 -1 1 -1 -1 1 0 0 0 0 0 2.28956e-09 -0 0 0 -0 0 0 0 0 0 0 0 0 0 0 0 0 0 1 13150.8 13150.8 13150.8 13150.8
-1 -1 1 -1 -1 1 0 0 0 0 0 1.09388e-10 -0 0 0 -0 0 0 0 0 0 0 0 0 0 0 0 0 0 1 13150.8 13150.8 13150.8 13150.8
-1 -1 1 -1 -1 1 0 0 0 0 0 -2.0793e-09 -0 0 0 -0 0 0 0 0 0 0 0 0 0 0 0 0 0 1 13150.8 13150.8 13150.8 13150.8
-1 -1 1 -1 -1 1 0 0 0 0 0 3.00956e-09 -0 0 0 -0 0 0 0 0 0 0 0 0 0 0 0 0 0 1 13150.8 13150.8 13150.8 13150.8
-1 -1 1 -1 -1 1 0 0 0 0 0 8.18585e-10 -0 0 0 -0 0 0 0 0 0 0 0 0 0 0 0 0 0 1 13150.8 13150.8 13150.8 13150.8
-1 -1 1 -1 -1 1 0 0 0 0 0 -1.37295e-09 -0 0 0 -0 0 0 0 0 0 0 0 0 0 0 0 0 0 1 13150.8 13150.8 13150.8 13150.8
-1 -1 1 -1 -1 1 0 0 0 0 0 -3.56298e-09 -0 0 0 -0 0 0 0 0 0 0 0 0 0 0 0 0 0 1 13150.8 13150.8 13150.8 13150.8
-1 -1 1 -1 -1 1 0 0 0 0 0 1.52499e-09 -0 0 0 -0 0 0 0 0 0 0 0 0 0 0 0 0 0 1 13150.8 13150.8 13150.8 13150.8
-1 -1 1 -1 -1 1 0 0 0 0 0 -6.6711e-10 -0 0 0 -0 0 0 0 0 0 0 0 0 0 0 0 0 0 1 13150.8 13150.8 13150.8 13150.8
-1 -1 1 -1 -1 1 0 0 0 0 0 -2.85937e-09 -0 0 0 -0 0 0 0 0 0 0 0 0 0 0 0 0 0 1 13150.8 13150.8 13150.8 13150.8
-1 -1 1 -1 -1 1 0 0 0 0 0 2.22337e-09 -0 0 0 -0 0 0 0 0 0 0 0 0 0 0 0 0 0 1 13150.8 13150.8 13150.8 13150.8
-1 -1 1 -1 -1 1 0 0 0 0 0 3.33192e-11 -0 0 0 -0 0 0 0 0 0 0 0 0 0 0 0 0 0 1 13150.8 13150.8 13150.8 13150.8
-1 -1 1 -1 -1 1 0 0 0 0 0 -2.15604e-09 -0 0 0 -0 0 0 0 0 0 0 0 0 0 0 0 0 0 1 13150.8 13150.8 13150.8 13150.8
-1 -1 1 -1 -1 1 0 0 0 0 0 2.94022e-09 -0 0 0 -0 0 0 0 0 0 0 0 0 0 0 0 0 0 1 13150.8 13150.8 13150.8 13150.8
-1 -1 1 -1 -1 1 0 0 0 0 0 7.40812e-10 -0 0 0 -0 0 0 0 0 0 0 0 0 0 0 0 0 0 1 13150.8 13150.8 13150.8 13150.8
-1 -1 1 -1 -1 1 0 0 0 0 0 -1.4452e-09 -0 0 0 -0 0 0 0 0 0 0 0 0 0 0 0 0 0 1 13150.8 13150.8 13150.8 13150.8
-1 -1 1 -1 -1 1 0 0 0 0 0 -3.63523e-09 -0 0 0 -0 0 0 0 0 0 0 0 0 0 0 0 0 0 1 13150.8 13150.8 13150.8 13150.8
-1 -1 1 -1 -1 1 0 0 0 0 0 1.44898e-09 -0 0 0 -0 0 0 0 0 0 0 0 0 0 0 0 0 0 1 13150.8 13150.8 13150.8 13150.8
-1 -1 1 -1 -1 1 0 0 0 0 0 -7.4047e-10 -0 0 0 -0 0 0 0 0 0 0 0 0 0 0 0 0 0 1 13150.8 13150.8 13150.8 13150.8
-1 -1 1 -1 -1 1 0 0 0 0 0 -2.9291e-09 -0 0 0 -0 0 0 0 0 0 0 0 0 0 0 0 0 0 1 13150.8 13150.8 13150.8 13150.8
-1 -1 1 -1 -1 1 0 0 0 0 0 2.16294e-09 -0 0 0 -0 0 0 0 0 0 0 0 0 0 0 0 0 0 1 13150.8 13150.8 13150.8 13150.8
-1 -1 1 -1 -1 1 0 0 0 0 0 -3.88451e-11 -0 0 0 -0 0 0 0 0 0 0 0 0 0 0 0 0 0 1 13150.8 13150.8 13150.8 13150.8
-1 -1 1 -1 -1 1 0 0 0 0 0 -2.22833e-09 -0 0 0 -0 0 0 0 0 0 0 0 0 0 0 0 0 0 1 13150.8 13150.8 13150.8 13150.8
-1 -1 1 -1 -1 1 0 0 0 0 0 2.84569e-09 -0 0 0 -0 0 0 0 0 0 0 0 0 0 0 0 0 0 1 13150.8 13150.8 13150.8 13150.8
-1 -1 1 -1 -1 1 0 0 0 0 0 6.50528e-10 -0 0 0 -0 0 0 0 0 0 0 0 0 0 0 0 0 0 1 13150.8 13150.8 13150.8 13150.8
-1 -1 1 -1 -1 1 0 0 0 0 0 -1.52962e-09 -0 0 0 -0 0 0 0 0 0 0 0 0 0 0 0 0 0 1 13150.8 13150.8 13150.8 13150.8
-1 -1 1 -1 -1 1 0 0 0 0 0 3.57699e-09 -0 0 0 -0 0 0 0 0 0 0 0 0 0 0 0 0 0 1 13150.8 13150.8 13150.8 13150.8
-1 -1 1 -1 -1 1 0 0 0 0 0 1.39033e-09 -0 0 0 -0 0 0 0 0 0 0 0 0 0 0 0 0 0 1 13150.8 13150.8 13150.8 13150.8
-1 -1 1 -1 -1 1 0 0 0 0 0 -8.00629e-10 -0 0 0 -0 0 0 0 0 0 0 0 0 0 0 0 0 0 1 13150.8 13150.8 13150.8 13150.8
-1 -1 1 -1 -1 1 0 0 0 0 0 -2.98856e-09 -0 0 0 -0 0 0 0 0 0 0 0 0 0 0 0 0 0 1 13150.8 13150.8 13150.8 13150.8
-1 -1 1 -1 -1 1 0 0 0 0 0 2.10797e-09 -0 0 0 -0 0 0 0 0 0 0 0 0 0 0 0 0 0 1 13150.8 13150.8 13150.8 13150.8
-1 -1 1 -1 -1 1 0 0 0 0 0 -8.22588e-11 -0 0 0 -0 0 0 0 0 0 0 0 0 0 0 0 0 0 1 13150.8 13150.8 13150.8 13150.8
-1 -1 1 -1 -1 1 0 0 0 0 0 -2.2781e-09 -0 0 0 -0 0 0 0 0 0 0 0 0 0 0 0 0 0 1 13150.8 13150.8 13150.8 13150.8
-1 -1 1 -1 -1 1 0 0 0 0 0 2.79605e-09 -0 0 0 -0 0 0 0 0 0 0 0 0 0 0 0 0 0 1 13150.8 13150.8 13150.8 13150.8
-1 -1 1 -1 -1 1 0 0 0 0 0 6.02738e-10 -0 0 0 -0 0 0 0 0 0 0 0 0 0 0 0 0 0 1 13150.8 13150.8 13150.8 13150.8
-1 -1 1 -1 -1 1 0 0 0 0 0 -1.59302e-09 -0 0 0 -0 0 0 0 0 0 0 0 0 0 0 0 0 0 1 13150.8 13150.8 13150.8 13150.8
-1 -1 1 -1 -1 1 0 0 0 0 0 3.50464e-09 -0 0 0 -0 0 0 0 0 0 0 0 0 0 0 0 0 0 1 13150.8 13150.8 13150.8 13150.8
-1 -1 1 -1 -1 1 0 0 0 0 0 1.3228e-09 -0 0 0 -0 0 0 0 0 0 0 0 0 0 0 0 0 0 1 13150.8 13150.8 13150.8 13150.8
-1 -1 1 -1 -1 1 0 0 0 0 0 -8.74534e-10 -0 0 0 -0 0 0 0 0 0 0 0 0 0 0 0 0 0 1 13150.8 13150.8 13150.8 13150.8
-1 -1 1 -1 -1 1 0 0 0 0 0 -3.06354e-09 -0 0 0 -0 0 0 0 0 0 0 0 0 0 0 0 0 0 1 13150.8 13150.8 13150.8 13150.8
-1 -1 1 -1 -1 1 0 0 0 0 0 2.0405e-09 -0 0 0 -0 0 0 0 0 0 0 0 0 0 0 0 0 0 1 13150.8 13150.8 13150.8 13150.8
-1 -1 1 -1 -1 1 0 0 0 0 0 -1.45673e-10 -0 0 0 -0 0 0 0 0 0 0 0 0 0 0 0 0 0 1 13150.8 13150.8 13150.8 13150.8
-1 -1 1 -1 -1 1 0 0 0 0 0 -2.32173e-09 -0 0 0 -0 0 0 0 0 0 0 0 0 0 0 0 0 0 1 13150.8 13150.8 13150.8 13150.8
-1 -1 1 -1 -1 1 0 0 0 0 0 2.78861e-09 -0 0 0 -0 0 0 0 0 0 0 0 0 0 0 0 0 0 1 13150.8 13150.8 13150.8 13150.8
-1 -1 1 -1 -1 1 0 0 0 0 0 5.90839e-10 -0 0 0 -0 0 0 0 0 0 0 0 0 0 0 0 0 0 1 13150.8 13150.8 13150.8 13150.8
-1 -1 1 -1 -1 1 0 0 0 0 0 -1.59302e-09 -0 0 0 -0 0 0 0 0 0 0 0 0 0 0 0 0 0 1 13150.8 13150.8 13150.8 13150.8
-1 -1 1 -1 -1 1 0 0 0 0 0 3.50991e-09 -0 0 0 -0 0 0 0 0 0 0 0 0 0 0 0 0 0 1 13150.8 13150.8 13150.8 13150.8
-1 -1 1 -1 -1 1 0 0 0 0 0 1.30744e-09 -0 0 0 -0 0 0 0 0 0 0 0 0 0 0 0 0 0 1 13150.8 13150.8 13150.8 13150.8
-1 -1 1 -1 -1 1 0 0 0 0 0 -8.64673e-10 -0 0 0 -0 0 0 0 0 0 0 0 0 0 0 0 0 0 1 13150.8 13150.8 13150.8 13150.8
-1 -1 1 -1 -1 1 0 0 0 0 0 -3.05527e-09 -0 0 0 -0 0 0 0 0 0 0 0 0 0 0 0 0 0 1 13150.8 13150.8 13150.8 13150.8
-1 -1 1 -1 -1 1 0 0 0 0 0 2.03221e-09 -0 0 0 -0 0 0 0 0 0 0 0 0 0 0 0 0 0 1 13150.8 13150.8 13150.8 13150.8
-1 -1 1 -1 -1 1 0 0 0 0 0 -1.61614e-10 -0 0 0 -0 0 0 0 0 0 0 0 0 0 0 0 0 0 1 13150.8 13150.8 13150.8 13150.8
-1 -1 1 -1 -1 1 0 0 0 0 0 -2.35159e-09 -0 0 0 -0 0 0 0 0 0 0 0 0 0 0 0 0 0 1 13150.8 13150.8 13150.8 13150.8
-1 -1 1 -1 -1 1 0 0 0 0 0 2.73446e-09 -0 0 0 -0 0 0 0 0 0 0 0 0 0 0 0 0 0 1 13150.8 13150.8 13150.8 13150.8
-1 -1 1 -1 -1 1 0 0 0 0 0 5.48826e-10 -0 0 0 -0 0 0 0 0 0 0 0 0 0 0 0 0 0 1 13150.8 13150.8 13150.8 13150.8
-1 -1 1 -1 -1 1 0 0 0 0 0 -1.65021e-09 -0 0 0 -0 0 0 0 0 0 0 0 0 0 0 0 0 0 1 13150.8 13150.8 13150.8 13150.8
-1 -1 1 -1 -1 1 0 0 0 0 0 3.45396e-09 -0 0 0 -0 0 0 0 0 0 0 0 0 0 0 0 0 0 1 13150.8 13150.8 13150.8 13150.8
-1 -1 1 -1 -1 1 0 0 0 0 0 1.26488e-09 -0 0 0 -0 0 0 0 0 0 0 0 0 0 0 0 0 0 1 13150.8 13150.8 13150.8 13150.8
-1 -1 1 -1 -1 1 0 0 0 0 0 -9.20123e-10 -0 0 0 -0 0 0 0 0 0 0 0 0 0 0 0 0 0 1 13150.8 13150.8 13150.8 13150.8
-1 -1 1 -1 -1 1 0 0 0 0 0 -3.11422e-09 -0 0 0 -0 0 0 0 0 0 0 0 0 0 0 0 0 0 1 13150.8 13150.8 13150.8 13150.8
-1 -1 1 -1 -1 1 0 0 0 0 0 1.97644e-09 -0 0 0 -0 0 0 0 0 0 0 0 0 0 0 0 0 0 1 13150.8 13150.8 13150.8 13150.8
-1 -1 1 -1 -1 1 0 0 0 0 0 -2.11949e-10 -0 0 0 -0 0 0 0 0 0 0 0 0 0 0 0 0 0 1 13150.8 13150.8 13150.8 13150.8
-1 -1 1 -1 -1 1 0 0 0 0 0 -2.40397e-09 -0 0 0 -0 0 0 0 0 0 0 0 0 0 0 0 0 0 1 13150.8 13150.8 13150.8 13150.8
-1 -1 1 -1 -1 1 0 0 0 0 0 2.68354e-09 -0 0 0 -0 0 0 0 0 0 0 0 0 0 0 0 0 0 1 13150.8 13150.8 13150.8 13150.8
-1 -1 1 -1 -1 1 0 0 0 0 0 4.98284e-10 -0 0 0 -0 0 0 0 0 0 0 0 0 0 0 0 0 0 1 13150.8 13150.8 13150.8 13150.8
-1 -1 1 -1 -1 1 0 0 0 0 0 -1.69021e-09 -0 0 0 -0 0 0 0 0 0 0 0 0 0 0 0 0 0 1 13150.8 13150.8 13150.8 13150.8
-1 -1 1 -1 -1 1 0 0 0 0 0 3.43116e-09 -0 0 0 -0 0 0 0 0 0 0 0 0 0 0 0 0 0 1 13150.8 13150.8 13150.8 13150.8
-1 -1 1 -1 -1 1 0 0 0 0 0 1.2479e-09 -0 0 0 -0 0 0 0 0 0 0 0 0 0 0 0 0 0 1 13150.8 13150.8 13150.8 13150.8
-1 -1 1 -1 -1 1 0 0 0 0 0 -9.39302e-10 -0 0 0 -0 0 0 0 0 0 0 0 0 0 0 0 0 0 1 13150.8 13150.8 13150.8 13150.8
-1 -1 1 -1 -1 1 0 0 0 0 0 -3.12952e-09 -0 0 0 -0 0 0 0 0 0 0 0 0 0 0 0 0 0 1 13150.8 13150.8 13150.8 13150.8
-1 -1 1 -1 -1 1 0 0 0 0 0 1.97302e-09 -0 0 0 -0 0 0 0 0 0 0 0 0 0 0 0 0 0 1 13150.8 13150.8 13150.8 13150.8
-1 -1 1 -1 -1 1 0 0 0 0 0 -2.13e-10 -0 0 0 -0 0 0 0 0 0 0 0 0 0 0 0 0 0 1 13150.8 13150.8 13150.8 13150.8
-1 -1 1 -1 -1 1 0 0 0 0 0 -2.40285e-09 -0 0 0 -0 0 0 0 0 0 0 0 0 0 0 0 0 0 1 13150.8 13150.8 13150.8 13150.8
-1 -1 1 -1 -1 1 0 0 0 0 0 2.69275e-09 -0 0 0 -0 0 0 0 0 0 0 0 0 0 0 0 0 0 1 13150.8 13150.8 13150.8 13150.8
-1 -1 1 -1 -1 1 0 0 0 0 0 5.04494e-10 -0 0 0 -0 0 0 0 0 0 0 0 0 0 0 0 0 0 1 13150.8 13150.8 13150.8 13150.8
-1 -1 1 -1 -1 1 0 0 0 0 0 -1.69241e-09 -0 0 0 -0 0 0 0 0 0 0 0 0 0 0 0 0 0 1 13150.8 13150.8 13150.8 13150.8
-1 -1 1 -1 -1 1 0 0 0 0 0 3.40189e-09 -0 0 0 -0 0 0 0 0 0 0 0 0 0 0 0 0 0 1 13150.8 13150.8 13150.8 13150.8
-1 -1 1 -1 -1 1 0 0 0 0 0 1.21591e-09 -0 0 0 -0 0 0 0 0 0 0 0 0 0 0 0 0 0 1 13150.8 13150.8 13150.8 13150.8
-1 -1 1 -1 -1 1 0 0 0 0 0 -9.73363e-10 -0 0 0 -0 0 0 0 0 0 0 0 0 0 0 0 0 0 1 13150.8 13150.8 13150.8 13150.8
-1 -1 1 -1 -1 1 0 0 0 0 0 -3.16278e-09 -0 0 0 -0 0 0 0 0 0 0 0 0 0 0 0 0 0 1 13150.8 13150.8 13150.8 13150.8
-1 -1 1 -1 -1 1 0 0 0 0 0 1.95452e-09 -0 0 0 -0 0 0 0 0 0 0 0 0 0 0 0 0 0 1 13150.8 13150.8 13150.8 13150.8
-1 -1 1 -1 -1 1 0 0 0 0 0 -2.27559e-10 -0 0 0 -0 0 0 0 0 0 0 0 0 0 0 0 0 0 1 13150.8 13150.8 13150.8 13150.8
-1 -1 1 -1 -1 1 0 0 0 0 0 -2.43042e-09 -0 0 0 -0 0 0 0 0 0 0 0 0 0 0 0 0 0 1 13150.8 13150.8 13150.8 13150.8
-1 -1 1 -1 -1 1 0 0 0 0 0 2.62626e-09 -0 0 0 -0 0 0 0 0 0 0 0 0 0 0 0 0 0 1 13150.8 13150.8 13150.8 13150.8
-1 -1 1 -1 -1 1 0 0 0 0 0 4.38223e-10 -0 0 0 -0 0 0 0 0 0 0 0 0 0 0 0 0 0 1 13150.8 13150.8 13150.8 13150.8
-1 -1 1 -1 -1 1 0 0 0 0 0 -1.75007e-09 -0 0 0 -0 0 0 0 0 0 0 0 0 0 0 0 0 0 1 13150.8 13150.8 13150.8 13150.8
-1 -1 1 -1 -1 1 0 0 0 0 0 3.358e-09 -0 0 0 -0 0 0 0 0 0 0 0 0 0 0 0 0 0 1 13150.8 13150.8 13150.8 13150.8
-1 -1 1 -1 -1 1 0 0 0 0 0 1.16381e-09 -0 0 0 -0 0 0 0 0 0 0 0 0 0 0 0 0 0 1 13150.8 13150.8 13150.8 13150.8
-1 -1 1 -1 -1 1 0 0 0 0 0 -1.02175e-09 -0 0 0 -0 0 0 0 0 0 0 0 0 0 0 0 0 0 1 13150.8 13150.8 13150.8 13150.8
-1 -1 1 -1 -1 1 0 0 0 0 0 -3.20865e-09 -0 0 0 -0 0 0 0 0 0 0 0 0 0 0 0 0 0 1 13150.8 13150.8 13150.8 13150.8
-1 -1 1 -1 -1 1 0 0 0 0 0 1.90131e-09 -0 0 0 -0 0 0 0 0 0 0 0 0 0 0 0 0 0 1 13150.8 13150.8 13150.8 13150.8
-1 -1 1 -1 -1 1 0 0 0 0 0 -2.8219e-10 -0 0 0 -0 0 0 0 0 0 0 0 0 0 0 0 0 0 1 13150.8 13150.8 13150.8 13150.8
-1 -1 1 -1 -1 1 0 0 0 0 0 -2.47225e-09 -0 0 0 -0 0 0 0 0 0 0 0 0 0 0 0 0 0 1 13150.8 13150.8 13150.8 13150.8
-1 -1 1 -1 -1 1 0 0 0 0 0 2.63602e-09 -0 0 0 -0 0 0 0 0 0 0 0 0 0 0 0 0 0 1 13150.8 13150.8 13150.8 13150.8
-1 -1 1 -1 -1 1 0 0 0 0 0 4.46143e-10 -0 0 0 -0 0 0 0 0 0 0 0 0 0 0 0 0 0 1 13150.8 13150.8 13150.8 13150.8
-1 -1 1 -1 -1 1 0 0 0 0 0 -1.74469e-09 -0 0 0 -0 0 0 0 0 0 0 0 0 0 0 0 0 0 1 13150.8 13150.8 13150.8 13150.8
-1 -1 1 -1 -1 1 0 0 0 0 0 3.33552e-09 -0 0 0 -0 0 0 0 0 0 0 0 0 0 0 0 0 0 1 13150.8 13150.8 13150.8 13150.8
-1 -1 1 -1 -1 1 0 0 0 0 0 1.13903e-09 -0 0 0 -0 0 0 0 0 0 0 0 0 0 0 0 0 0 1 13150.8 13150.8 13150.8 13150.8
-1 -1 1 -1 -1 1 0 0 0 0 0 -1.05482e-09 -0 0 0 -0 0 0 0 0 0 0 0 0 0 0 0 0 0 1 13150.8 13150.8 13150.8 13150.8
-1 -1 1 -1 -1 1 0 0 0 0 0 -3.23723e-09 -0 0 0 -0 0 0 0 0 0 0 0 0 0 0 0 0 0 1 13150.8 13150.8 13150.8 13150.8
-1 -1 1 -1 -1 1 0 0 0 0 0 1.85274e-09 -0 0 0 -0 0 0 0 0 0 0 0 0 0 0 0 0 0 1 13150.8 13150.8 13150.8 13150.8
-1 -1 1 -1 -1 1 0 0 0 0 0 -3.48123e-10 -0 0 0 -0 0 0 0 0 0 0 0 0 0 0 0 0 0 1 13150.8 13150.8 13150.8 13150.8
-1 -1 1 -1 -1 1 0 0 0 0 0 -2.53156e-09 -0 0 0 -0 0 0 0 0 0 0 0 0 0 0 0 0 0 1 13150.8 13150.8 13150.8 13150.8
-1 -1 1 -1 -1 1 0 0 0 0 0 2.55021e-09 -0 0 0 -0 0 0 0 0 0 0 0 0 0 0 0 0 0 1 13150.8 13150.8 13150.8 13150.8
-1 -1 1 -1 -1 1 0 0 0 0 0 3.54209e-10 -0 0 0 -0 0 0 0 0 0 0 0 0 0 0 0 0 0 1 13150.8 13150.8 13150.8 13150.8
-1 -1 1 -1 -1 1 0 0 0 0 0 -1.82883e-09 -0 0 0 -0 0 0 0 0 0 0 0 0 0 0 0 0 0 1 13150.8 13150.8 13150.8 13150.8
-1 -1 1 -1 -1 1 0 0 0 0 0 3.26583e-09 -0 0 0 -0 0 0 0 0 0 0 0 0 0 0 0 0 0 1 13150.8 13150.8 13150.8 13150.8
-1 -1 1 -1 -1 1 0 0 0 0 0 1.07861e-09 -0 0 0 -0 0 0 0 0 0 0 0 0 0 0 0 0 0 1 13150.8 13150.8 13150.8 13150.8
-1 -1 1 -1 -1 1 0 0 0 0 0 -1.11332e-09 -0 0 0 -0 0 0 0 0 0 0 0 0 0 0 0 0 0 1 13150.8 13150.8 13150.8 13150.8
-1 -1 1 -1 -1 1 0 0 0 0 0 -3.30885e-09 -0 0 0 -0 0 0 0 0 0 0 0 0 0 0 0 0 0 1 13150.8 13150.8 13150.8 13150.8
-1 -1 1 -1 -1 1 0 0 0 0 0 1.7801e-09 -0 0 0 -0 0 0 0 0 0 0 0 0 0 0 0 0 0 1 13150.8 13150.8 13150.8 13150.8
-1 -1 1 -1 -1 1 0 0 0 0 0 -4.02969e-10 -0 0 0 -0 0 0 0 0 0 0 0 0 0 0 0 0 0 1 13150.8 13150.8 13150.8 13150.8
-1 -1 1 -1 -1 1 0 0 0 0 0 -2.59654e-09 -0 0 0 -0 0 0 0 0 0 0 0 0 0 0 0 0 0 1 13150.8 13150.8 13150.8 13150.8
-1 -1 1 -1 -1 1 0 0 0 0 0 2.48972e-09 -0 0 0 -0 0 0 0 0 0 0 0 0 0 0 0 0 0 1 13150.8 13150.8 13150.8 13150.8
-1 -1 1 -1 -1 1 0 0 0 0 0 2.86275e-10 -0 0 0 -0 0 0 0 0 0 0 0 0 0 0 0 0 0 1 13150.8 13150.8 13150.8 13150.8
-1 -1 1 -1 -1 1 0 0 0 0 0 -1.90351e-09 -0 0 0 -0 0 0 0 0 0 0 0 0 0 0 0 0 0 1 13150.8 13150.8 13150.8 13150.8
-1 -1 1 -1 -1 1 0 0 0 0 0 3.17595e-09 -0 0 0 -0 0 0 0 0 0 0 0 0 0 0 0 0 0 1 13150.8 13150.8 13150.8 13150.8
-1 -1 1 -1 -1 1 0 0 0 0 0 9.78137e-10 -0 0 0 -0 0 0 0 0 0 0 0 0 0 0 0 0 0 1 13150.8 13150.8 13150.8 13150.8
-1 -1 1 -1 -1 1 0 0 0 0 0 -1.21016e-09 -0 0 0 -0 0 0 0 0 0 0 0 0 0 0 0 0 0 1 13150.8 13150.8 13150.8 13150.8
-1 -1 1 -1 -1 1 0 0 0 0 0 -3.39365e-09 -0 0 0 -0 0 0 0 0 0 0 0 0 0 0 0 0 0 1 13150.8 13150.8 13150.8 13150.8
-1 -1 1 -1 -1 1 0 0 0 0 0 1.68964e-09 -0 0 0 -0 0 0 0 0 0 0 0 0 0 0 0 0 0 1 13150.8 13150.8 13150.8 13150.8
-1 -1 1 -1 -1 1 0 0 0 0 0 -5.08495e-10 -0 0 0 -0 0 0 0 0 0 0 0 0 0 0 0 0 0 1 13150.8 13150.8 13150.8 13150.8
-1 -1 1 -1 -1 1 0 0 0 0 0 -2.68969e-09 -0 0 0 -0 0 0 0 0 0 0 0 0 0 0 0 0 0 1 13150.8 13150.8 13150.8 13150.8
-1 -1 1 -1 -1 1 0 0 0 0 0 2.43572e-09 -0 0 0 -0 0 0 0 0 0 0 0 0 0 0 0 0 0 1 13150.8 13150.8 13150.8 13150.8
-1 -1 1 -1 -1 1 0 0 0 0 0 2.50435e-10 -0 0 0 -0 0 0 0 0 0 0 0 0 0 0 0 0 0 1 13150.8 13150.8 13150.8 13150.8
-1 -1 1 -1 -1 1 0 0 0 0 0 -1.92673e-09 -0 0 0 -0 0 0 0 0 0 0 0 0 0 0 0 0 0 1 13150.8 13150.8 13150.8 13150.8
-1 -1 1 -1 -1 1 0 0 0 0 0 3.17779e-09 -0 0 0 -0 0 0 0 0 0 0 0 0 0 0 0 0 0 1 13150.8 13150.8 13150.8 13150.8
-1 -1 1 -1 -1 1 0 0 0 0 0 9.79368e-10 -0 0 0 -0 0 0 0 0 0 0 0 0 0 0 0 0 0 1 13150.8 13150.8 13150.8 13150.8
-1 -1 1 -1 -1 1 0 0 0 0 0 -1.20472e-09 -0 0 0 -0 0 0 0 0 0 0 0 0 0 0 0 0 0 1 13150.8 13150.8 13150.8 13150.8
-1 -1 1 -1 -1 1 0 0 0 0 0 -3.39338e-09 -0 0 0 -0 0 0 0 0 0 0 0 0 0 0 0 0 0 1 13150.8 13150.8 13150.8 13150.8
-1 -1 1 -1 -1 1 0 0 0 0 0 1.68983e-09 -0 0 0 -0 0 0 0 0 0 0 0 0 0 0 0 0 0 1 13150.8 13150.8 13150.8 13150.8
-1 -1 1 -1 -1 1 0 0 0 0 0 -5.0492e-10 -0 0 0 -0 0 0 0 0 0 0 0 0 0 0 0 0 0 1 13150.8 13150.8 13150.8 13150.8
-1 -1 1 -1 -1 1 0 0 0 0 0 -2.69162e-09 -0 0 0 -0 0 0 0 0 0 0 0 0 0 0 0 0 0 1 13150.8 13150.8 13150.8 13150.8
-1 -1 1 -1 -1 1 0 0 0 0 0 2.39986e-09 -0 0 0 -0 0 0 0 0 0 0 0 0 0 0 0 0 0 1 13150.8 13150.8 13150.8 13150.8
-1 -1 1 -1 -1 1 0 0 0 0 0 1.93594e-10 -0 0 0 -0 0 0 0 0 0 0 0 0 0 0 0 0 0 1 13150.8 13150.8 13150.8 13150.8
-1 -1 1 -1 -1 1 0 0 0 0 0 -1.98541e-09 -0 0 0 -0 0 0 0 0 0 0 0 0 0 0 0 0 0 1 13150.8 13150.8 13150.8 13150.8
-1 -1 1 -1 -1 1 0 0 0 0 0 3.1067e-09 -0 0 0 -0 0 0 0 0 0 0 0 0 0 0 0 0 0 1 13150.8 13150.8 13150.8 13150.8
-1 -1 1 -1 -1 1 0 0 0 0 0 9.20952e-10 -0 0 0 -0 0 0 0 0 0 0 0 0 0 0 0 0 0 1 13150.8 13150.8 13150.8 13150.8
-1 -1 1 -1 -1 1 0 0 0 0 0 -1.26861e-09 -0 0 0 -0 0 0 0 0 0 0 0 0 0 0 0 0 0 1 13150.8 13150.8 13150.8 13150.8
-1 -1 1 -1 -1 1 0 0 0 0 0 -3.46397e-09 -0 0 0 -0 0 0 0 0 0 0 0 0 0 0 0 0 0 1 13150.8 13150.8 13150.8 13150.8
-1 -1 1 -1 -1 1 0 0 0 0 0 1.62447e-09 -0 0 0 -0 0 0 0 0 0 0 0 0 0 0 0 0 0 1 13150.8 13150.8 13150.8 13150.8
-1 -1 1 -1 -1 1 0 0 0 0 0 -5.67351e-10 -0 0 0 -0 0 0 0 0 0 0 0 0 0 0 0 0 0 1 13150.8 13150.8 13150.8 13150.8
-1 -1 1 -1 -1 1 0 0 0 0 0 -2.75472e-09 -0 0 0 -0 0 0 0 0 0 0 0 0 0 0 0 0 0 1 13150.8 13150.8 13150.8 13150.8
-1 -1 1 -1 -1 1 0 0 0 0 0 2.33921e-09 -0 0 0 -0 0 0 0 0 0 0 0 0 0 0 0 0 0 1 13150.8 13150.8 13150.8 13150.8
-1 -1 1 -1 -1 1 0 0 0 0 0 1.52642e-10 -0 0 0 -0 0 0 0 0 0 0 0 0 0 0 0 0 0 1 13150.8 13150.8 13150.8 13150.8
-1 -1 1 -1 -1 1 0 0 0 0 0 -2.03665e-09 -0 0 0 -0 0 0 0 0 0 0 0 0 0 0 0 0 0 1 13150.8 13150.8 13150.8 13150.8
-1 -1 1 -1 -1 1 0 0 0 0 0 3.06345e-09 -0 0 0 -0 0 0 0 0 0 0 0 0 0 0 0 0 0 1 13150.8 13150.8 13150.8 13150.8
-1 -1 1 -1 -1 1 0 0 0 0 0 8.71409e-10 -0 0 0 -0 0 0 0 0 0 0 0 0 0 0 0 0 0 1 13150.8 13150.8 13150.8 13150.8
-1 -1 1 -1 -1 1 0 0 0 0 0 -1.31655e-09 -0 0 0 -0 0 0 0 0 0 0 0 0 0 0 0 0 0 1 13150.8 13150.8 13150.8 13150.8
-1 -1 1 -1 -1 1 0 0 0 0 0 -3.50633e-09 -0 0 0 -0 0 0 0 0 0 0 0 0 0 0 0 0 0 1 13150.8 13150.8 13150.8 13150.8
-1 -1 1 -1 -1 1 0 0 0 0 0 1.58548e-09 -0 0 0 -0 0 0 0 0 0 0 0 0 0 0 0 0 0 1 13150.8 13150.8 13150.8 13150.8
-1 -1 1 -1 -1 1 0 0 0 0 0 -6.14651e-10 -0 0 0 -0 0 0 0 0 0 0 0 0 0 0 0 0 0 1 13150.8 13150.8 13150.8 13150.8
-1 -1 1 -1 -1 1 0 0 0 0 0 -2.80072e-09 -0 0 0 -0 0 0 0 0 0 0 0 0 0 0 0 0 0 1 13150.8 13150.8 13150.8 13150.8
-1 -1 1 -1 -1 1 0 0 0 0 0 2.27361e-09 -0 0 0 -0 0 0 0 0 0 0 0 0 0 0 0 0 0 1 13150.8 13150.8 13150.8 13150.8
-1 -1 1 -1 -1 1 0 0 0 0 0 7.34287e-11 -0 0 0 -0 0 0 0 0 0 0 0 0 0 0 0 0 0 1 13150.8 13150.8 13150.8 13150.8
-1 -1 1 -1 -1 1 0 0 0 0 0 -2.11572e-09 -0 0 0 -0 0 0 0 0 0 0 0 0 0 0 0 0 0 1 13150.8 13150.8 13150.8 13150.8
-1 -1 1 -1 -1 1 0 0 0 0 0 2.98111e-09 -0 0 0 -0 0 0 0 0 0 0 0 0 0 0 0 0 0 1 13150.8 13150.8 13150.8 13150.8
-1 -1 1 -1 -1 1 0 0 0 0 0 8.0222e-10 -0 0 0 -0 0 0 0 0 0 0 0 0 0 0 0 0 0 1 13150.8 13150.8 13150.8 13150.8
-1 -1 1 -1 -1 1 0 0 0 0 0 -1.38948e-09 -0 0 0 -0 0 0 0 0 0 0 0 0 0 0 0 0 0 1 13150.8 13150.8 13150.8 13150.8
-1 -1 1 -1 -1 1 0 0 0 0 0 -3.58708e-09 -0 0 0 -0 0 0 0 0 0 0 0 0 0 0 0 0 0 1 13150.8 13150.8 13150.8 13150.8
-1 -1 1 -1 -1 1 0 0 0 0 0 1.49087e-09 -0 0 0 -0 0 0 0 0 0 0 0 0 0 0 0 0 0 1 13150.8 13150.8 13150.8 13150.8
-1 -1 1 -1 -1 1 0 0 0 0 0 -7.00956e-10 -0 0 0 -0 0 0 0 0 0 0 0 0 0 0 0 0 0 1 13150.8 13150.8 13150.8 13150.8
-1 -1 1 -1 -1 1 0 0 0 0 0 -2.89364e-09 -0 0 0 -0 0 0 0 0 0 0 0 0 0 0 0 0 0 1 13150.8 13150.8 13150.8 13150.8
-1 -1 1 -1 -1 1 0 0 0 0 0 2.18884e-09 -0 0 0 -0 0 0 0 0 0 0 0 0 0 0 0 0 0 1 13150.8 13150.8 13150.8 13150.8
-1 -1 1 -1 -1 1 0 0 0 0 0 -7.04133e-12 -0 0 0 -0 0 0 0 0 0 0 0 0 0 0 0 0 0 1 13150.8 13150.8 13150.8 13150.8
-1 -1 1 -1 -1 1 0 0 0 0 0 -2.18794e-09 -0 0 0 -0 0 0 0 0 0 0 0 0 0 0 0 0 0 1 13150.8 13150.8 13150.8 13150.8
-1 -1 1 -1 -1 1 0 0 0 0 0 2.93934e-09 -0 0 0 -0 0 0 0 0 0 0 0 0 0 0 0 0 0 1 13150.8 13150.8 13150.8 13150.8
-1 -1 1 -1 -1 1 0 0 0 0 0 7.55473e-10 -0 0 0 -0 0 0 0 0 0 0 0 0 0 0 0 0 0 1 13150.8 13150.8 13150.8 13150.8
-1 -1 1 -1 -1 1 0 0 0 0 0 -1.43474e-09 -0 0 0 -0 0 0 0 0 0 0 0 0 0 0 0 0 0 1 13150.8 13150.8 13150.8 13150.8
-1 -1 1 -1 -1 1 0 0 0 0 0 -3.62648e-09 -0 0 0 -0 0 0 0 0 0 0 0 0 0 0 0 0 0 1 13150.8 13150.8 13150.8 13150.8
-1 -1 1 -1 -1 1 0 0 0 0 0 1.45089e-09 -0 0 0 -0 0 0 0 0 0 0 0 0 0 0 0 0 0 1 13150.8 13150.8 13150.8 13150.8
-1 -1 1 -1 -1 1 0 0 0 0 0 -7.37751e-10 -0 0 0 -0 0 0 0 0 0 0 0 0 0 0 0 0 0 1 13150.8 13150.8 13150.8 13150.8
-1 -1 1 -1 -1 1 0 0 0 0 0 -2.93824e-09 -0 0 0 -0 0 0 0 0 0 0 0 0 0 0 0 0 0 1 13150.8 13150.8 13150.8 13150.8
-1 -1 1 -1 -1 1 0 0 0 0 0 2.12978e-09 -0 0 0 -0 0 0 0 0 0 0 0 0 0 0 0 0 0 1 13150.8 13150.8 13150.8 13150.8
-1 -1 1 -1 -1 1 0 0 0 0 0 -6.9186e-11 -0 0 0 -0 0 0 0 0 0 0 0 0 0 0 0 0 0 1 13150.8 13150.8 13150.8 13150.8
-1 -1 1 -1 -1 1 0 0 0 0 0 -2.25637e-09 -0 0 0 -0 0 0 0 0 0 0 0 0 0 0 0 0 0 1 13150.8 13150.8 13150.8 13150.8
-1 -1 1 -1 -1 1 0 0 0 0 0 2.83118e-09 -0 0 0 -0 0 0 0 0 0 0 0 0 0 0 0 0 0 1 13150.8 13150.8 13150.8 13150.8
-1 -1 1 -1 -1 1 0 0 0 0 0 6.42012e-10 -0 0 0 -0 0 0 0 0 0 0 0 0 0 0 0 0 0 1 13150.8 13150.8 13150.8 13150.8
-1 -1 1 -1 -1 1 0 0 0 0 0 -1.55452e-09 -0 0 0 -0 0 0 0 0 0 0 0 0 0 0 0 0 0 1 13150.8 13150.8 13150.8 13150.8
-1 -1 1 -1 -1 1 0 0 0 0 0 3.53382e-09 -0 0 0 -0 0 0 0 0 0 0 0 0 0 0 0 0 0 1 13150.8 13150.8 13150.8 13150.8
-1 -1 1 -1 -1 1 0 0 0 0 0 1.34313e-09 -0 0 0 -0 0 0 0 0 0 0 0 0 0 0 0 0 0 1 13150.8 13150.8 13150.8 13150.8
-1 -1 1 -1 -1 1 0 0 0 0 0 -8.4628e-10 -0 0 0 -0 0 0 0 0 0 0 0 0 0 0 0 0 0 1 13150.8 13150.8 13150.8 13150.8
-1 -1 1 -1 -1 1 0 0 0 0 0 -3.03471e-09 -0 0 0 -0 0 0 0 0 0 0 0 0 0 0 0 0 0 1 13150.8 13150.8 13150.8 13150.8
-1 -1 1 -1 -1 1 0 0 0 0 0 2.05362e-09 -0 0 0 -0 0 0 0 0 0 0 0 0 0 0 0 0 0 1 13150.8 13150.8 13150.8 13150.8
-1 -1 1 -1 -1 1 0 0 0 0 0 -1.34134e-10 -0 0 0 -0 0 0 0 0 0 0 0 0 0 0 0 0 0 1 13150.8 13150.8 13150.8 13150.8
-1 -1 1 -1 -1 1 0 0 0 0 0 -2.32169e-09 -0 0 0 -0 0 0 0 0 0 0 0 0 0 0 0 0 0 1 13150.8 13150.8 13150.8 13150.8
-1 -1 1 -1 -1 1 0 0 0 0 0 2.7817e-09 -0 0 0 -0 0 0 0 0 0 0 0 0 0 0 0 0 0 1 13150.8 13150.8 13150.8 13150.8
-1 -1 1 -1 -1 1 0 0 0 0 0 5.89608e-10 -0 0 0 -0 0 0 0 0 0 0 0 0 0 0 0 0 0 1 13150.8 13150.8 13150.8 13150.8
-1 -1 1 -1 -1 1 0 0 0 0 0 -1.60479e-09 -0 0 0 -0 0 0 0 0 0 0 0 0 0 0 0 0 0 1 13150.8 13150.8 13150.8 13150.8
-1 -1 1 -1 -1 1 0 0 0 0 0 3.47691e-09 -0 0 0 -0 0 0 0 0 0 0 0 0 0 0 0 0 0 1 13150.8 13150.8 13150.8 13150.8
-1 -1 1 -1 -1 1 0 0 0 0 0 1.27979e-09 -0 0 0 -0 0 0 0 0 0 0 0 0 0 0 0 0 0 1 13150.8 13150.8 13150.8 13150.8
-1 -1 1 -1 -1 1 0 0 0 0 0 -9.12748e-10 -0 0 0 -0 0 0 0 0 0 0 0 0 0 0 0 0 0 1 13150.8 13150.8 13150.8 13150.8
-1 -1 1 -1 -1 1 0 0 0 0 0 -3.0882e-09 -0 0 0 -0 0 0 0 0 0 0 0 0 0 0 0 0 0 1 13150.8 13150.8 13150.8 13150.8
-1 -1 1 -1 -1 1 0 0 0 0 0 2.00606e-09 -0 0 0 -0 0 0 0 0 0 0 0 0 0 0 0 0 0 1 13150.8 13150.8 13150.8 13150.8
-1 -1 1 -1 -1 1 0 0 0 0 0 -1.87542e-10 -0 0 0 -0 0 0 0 0 0 0 0 0 0 0 0 0 0 1 13150.8 13150.8 13150.8 13150.8
-1 -1 1 -1 -1 1 0 0 0 0 0 -2.37692e-09 -0 0 0 -0 0 0 0 0 0 0 0 0 0 0 0 0 0 1 13150.8 13150.8 13150.8 13150.8
-1 -1 1 -1 -1 1 0 0 0 0 0 2.71855e-09 -0 0 0 -0 0 0 0 0 0 0 0 0 0 0 0 0 0 1 13150.8 13150.8 13150.8 13150.8
-1 -1 1 -1 -1 1 0 0 0 0 0 5.29455e-10 -0 0 0 -0 0 0 0 0 0 0 0 0 0 0 0 0 0 1 13150.8 13150.8 13150.8 13150.8
-1 -1 1 -1 -1 1 0 0 0 0 0 -1.66219e-09 -0 0 0 -0 0 0 0 0 0 0 0 0 0 0 0 0 0 1 13150.8 13150.8 13150.8 13150.8
-1 -1 1 -1 -1 1 0 0 0 0 0 3.42672e-09 -0 0 0 -0 0 0 0 0 0 0 0 0 0 0 0 0 0 1 13150.8 13150.8 13150.8 13150.8
-1 -1 1 -1 -1 1 0 0 0 0 0 1.23809e-09 -0 0 0 -0 0 0 0 0 0 0 0 0 0 0 0 0 0 1 13150.8 13150.8 13150.8 13150.8
-1 -1 1 -1 -1 1 0 0 0 0 0 -9.58755e-10 -0 0 0 -0 0 0 0 0 0 0 0 0 0 0 0 0 0 1 13150.8 13150.8 13150.8 13150.8
-1 -1 1 -1 -1 1 0 0 0 0 0 -3.146e-09 -0 0 0 -0 0 0 0 0 0 0 0 0 0 0 0 0 0 1 13150.8 13150.8 13150.8 13150.8
-1 -1 1 -1 -1 1 0 0 0 0 0 1.93916e-09 -0 0 0 -0 0 0 0 0 0 0 0 0 0 0 0 0 0 1 13150.8 13150.8 13150.8 13150.8
-1 -1 1 -1 -1 1 0 0 0 0 0 -2.48432e-10 -0 0 0 -0 0 0 0 0 0 0 0 0 0 0 0 0 0 1 13150.8 13150.8 13150.8 13150.8
-1 -1 1 -1 -1 1 0 0 0 0 0 -2.43841e-09 -0 0 0 -0 0 0 0 0 0 0 0 0 0 0 0 0 0 1 13150.8 13150.8 13150.8 13150.8
-1 -1 1 -1 -1 1 0 0 0 0 0 2.6565e-09 -0 0 0 -0 0 0 0 0 0 0 0 0 0 0 0 0 0 1 13150.8 13150.8 13150.8 13150.8
-1 -1 1 -1 -1 1 0 0 0 0 0 4.68174e-10 -0 0 0 -0 0 0 0 0 0 0 0 0 0 0 0 0 0 1 13150.8 13150.8 13150.8 13150.8
-1 -1 1 -1 -1 1 0 0 0 0 0 -1.72728e-09 -0 0 0 -0 0 0 0 0 0 0 0 0 0 0 0 0 0 1 13150.8 13150.8 13150.8 13150.8
-1 -1 1 -1 -1 1 0 0 0 0 0 3.36717e-09 -0 0 0 -0 0 0 0 0 0 0 0 0 0 0 0 0 0 1 13150.8 13150.8 13150.8 13150.8
-1 -1 1 -1 -1 1 0 0 0 0 0 1.18158e-09 -0 0 0 -0 0 0 0 0 0 0 0 0 0 0 0 0 0 1 13150.8 13150.8 13150.8 13150.8
-1 -1 1 -1 -1 1 0 0 0 0 0 -1.01554e-09 -0 0 0 -0 0 0 0 0 0 0 0 0 0 0 0 0 0 1 13150.8 13150.8 13150.8 13150.8
-1 -1 1 -1 -1 1 0 0 0 0 0 -3.19814e-09 -0 0 0 -0 0 0 0 0 0 0 0 0 0 0 0 0 0 1 13150.8 13150.8 13150.8 13150.8
-1 -1 1 -1 -1 1 0 0 0 0 0 1.89564e-09 -0 0 0 -0 0 0 0 0 0 0 0 0 0 0 0 0 0 1 13150.8 13150.8 13150.8 13150.8
-1 -1 1 -1 -1 1 0 0 0 0 0 -2.96623e-10 -0 0 0 -0 0 0 0 0 0 0 0 0 0 0 0 0 0 1 13150.8 13150.8 13150.8 13150.8
-1 -1 1 -1 -1 1 0 0 0 0 0 -2.48758e-09 -0 0 0 -0 0 0 0 0 0 0 0 0 0 0 0 0 0 1 13150.8 13150.8 13150.8 13150.8
-1 -1 1 -1 -1 1 0 0 0 0 0 2.61206e-09 -0 0 0 -0 0 0 0 0 0 0 0 0 0 0 0 0 0 1 13150.8 13150.8 13150.8 13150.8
-1 -1 1 -1 -1 1 0 0 0 0 0 4.23932e-10 -0 0 0 -0 0 0 0 0 0 0 0 0 0 0 0 0 0 1 13150.8 13150.8 13150.8 13150.8
-1 -1 1 -1 -1 1 0 0 0 0 0 -1.77362e-09 -0 0 0 -0 0 0 0 0 0 0 0 0 0 0 0 0 0 1 13150.8 13150.8 13150.8 13150.8
-1 -1 1 -1 -1 1 0 0 0 0 0 3.32403e-09 -0 0 0 -0 0 0 0 0 0 0 0 0 0 0 0 0 0 1 13150.8 13150.8 13150.8 13150.8
-1 -1 1 -1 -1 1 0 0 0 0 0 1.12306e-09 -0 0 0 -0 0 0 0 0 0 0 0 0 0 0 0 0 0 1 13150.8 13150.8 13150.8 13150.8
-1 -1 1 -1 -1 1 0 0 0 0 0 -1.05408e-09 -0 0 0 -0 0 0 0 0 0 0 0 0 0 0 0 0 0 1 13150.8 13150.8 13150.8 13150.8
-1 -1 1 -1 -1 1 0 0 0 0 0 -3.2373e-09 -0 0 0 -0 0 0 0 0 0 0 0 0 0 0 0 0 0 1 13150.8 13150.8 13150.8 13150.8
-1 -1 1 -1 -1 1 0 0 0 0 0 1.86853e-09 -0 0 0 -0 0 0 0 0 0 0 0 0 0 0 0 0 0 1 13150.8 13150.8 13150.8 13150.8
-1 -1 1 -1 -1 1 0 0 0 0 0 -3.26302e-10 -0 0 0 -0 0 0 0 0 0 0 0 0 0 0 0 0 0 1 13150.8 13150.8 13150.8 13150.8
-1 -1 1 -1 -1 1 0 0 0 0 0 -2.50653e-09 -0 0 0 -0 0 0 0 0 0 0 0 0 0 0 0 0 0 1 13150.8 13150.8 13150.8 13150.8
-1 -1 1 -1 -1 1 0 0 0 0 0 2.60515e-09 -0 0 0 -0 0 0 0 0 0 0 0 0 0 0 0 0 0 1 13150.8 13150.8 13150.8 13150.8
-1 -1 1 -1 -1 1 0 0 0 0 0 4.08633e-10 -0 0 0 -0 0 0 0 0 0 0 0 0 0 0 0 0 0 1 13150.8 13150.8 13150.8 13150.8
-1 -1 1 -1 -1 1 0 0 0 0 0 -1.75313e-09 -0 0 0 -0 0 0 0 0 0 0 0 0 0 0 0 0 0 1 13150.8 13150.8 13150.8 13150.8
-1 -1 1 -1 -1 1 0 0 0 0 0 3.36496e-09 -0 0 0 -0 0 0 0 0 0 0 0 0 0 0 0 0 0 1 13150.8 13150.8 13150.8 13150.8
-1 -1 1 -1 -1 1 0 0 0 0 0 1.17242e-09 -0 0 0 -0 0 0 0 0 0 0 0 0 0 0 0 0 0 1 13150.8 13150.8 13150.8 13150.8
-1 -1 1 -1 -1 1 0 0 0 0 0 -1.0115e-09 -0 0 0 -0 0 0 0 0 0 0 0 0 0 0 0 0 0 1 13150.8 13150.8 13150.8 13150.8
-1 -1 1 -1 -1 1 0 0 0 0 0 -3.20048e-09 -0 0 0 -0 0 0 0 0 0 0 0 0 0 0 0 0 0 1 13150.8 13150.8 13150.8 13150.8
-1 -1 1 -1 -1 1 0 0 0 0 0 1.89907e-09 -0 0 0 -0 0 0 0 0 0 0 0 0 0 0 0 0 0 1 13150.8 13150.8 13150.8 13150.8
-1 -1 1 -1 -1 1 0 0 0 0 0 -2.94264e-10 -0 0 0 -0 0 0 0 0 0 0 0 0 0 0 0 0 0 1 13150.8 13150.8 13150.8 13150.8
-1 -1 1 -1 -1 1 0 0 0 0 0 -2.48922e-09 -0 0 0 -0 0 0 0 0 0 0 0 0 0 0 0 0 0 1 13150.8 13150.8 13150.8 13150.8
-1 -1 1 -1 -1 1 0 0 0 0 0 2.60498e-09 -0 0 0 -0 0 0 0 0 0 0 0 0 0 0 0 0 0 1 13150.8 13150.8 13150.8 13150.8
-1 -1 1 -1 -1 1 0 0 0 0 0 4.19557e-10 -0 0 0 -0 0 0 0 0 0 0 0 0 0 0 0 0 0 1 13150.8 13150.8 13150.8 13150.8
-1 -1 1 -1 -1 1 0 0 0 0 0 -1.77051e-09 -0 0 0 -0 0 0 0 0 0 0 0 0 0 0 0 0 0 1 13150.8 13150.8 13150.8 13150.8
-1 -1 1 -1 -1 1 0 0 0 0 0 3.34668e-09 -0 0 0 -0 0 0 0 0 0 0 0 0 0 0 0 0 0 1 13150.8 13150.8 13150.8 13150.8
-1 -1 1 -1 -1 1 0 0 0 0 0 1.1652e-09 -0 0 0 -0 0 0 0 0 0 0 0 0 0 0 0 0 0 1 13150.8 13150.8 13150.8 13150.8
-1 -1 1 -1 -1 1 0 0 0 0 0 -1.02341e-09 -0 0 0 -0 0 0 0 0 0 0 0 0 0 0 0 0 0 1 13150.8 13150.8 13150.8 13150.8
-1 -1 1 -1 -1 1 0 0 0 0 0 -3.21379e-09 -0 0 0 -0 0 0 0 0 0 0 0 0 0 0 0 0 0 1 13150.8 13150.8 13150.8 13150.8
-1 -1 1 -1 -1 1 0 0 0 0 0 1.87634e-09 -0 0 0 -0 0 0 0 0 0 0 0 0 0 0 0 0 0 1 13150.8 13150.8 13150.8 13150.8
-1 -1 1 -1 -1 1 0 0 0 0 0 -3.20062e-10 -0 0 0 -0 0 0 0 0 0 0 0 0 0 0 0 0 0 1 13150.8 13150.8 13150.8 13150.8
-1 -1 1 -1 -1 1 0 0 0 0 0 -2.50837e-09 -0 0 0 -0 0 0 0 0 0 0 0 0 0 0 0 0 0 1 13150.8 13150.8 13150.8 13150.8
-1 -1 1 -1 -1 1 0 0 0 0 0 2.59576e-09 -0 0 0 -0 0 0 0 0 0 0 0 0 0 0 0 0 0 1 13150.8 13150.8 13150.8 13150.8
-1 -1 1 -1 -1 1 0 0 0 0 0 4.03252e-10 -0 0 0 -0 0 0 0 0 0 0 0 0 0 0 0 0 0 1 13150.8 13150.8 13150.8 13150.8
-1 -1 1 -1 -1 1 0 0 0 0 0 -1.78403e-09 -0 0 0 -0 0 0 0 0 0 0 0 0 0 0 0 0 0 1 13150.8 13150.8 13150.8 13150.8
-1 -1 1 -1 -1 1 0 0 0 0 0 3.3183e-09 -0 0 0 -0 0 0 0 0 0 0 0 0 0 0 0 0 0 1 13150.8 13150.8 13150.8 13150.8
-1 -1 1 -1 -1 1 0 0 0 0 0 1.13642e-09 -0 0 0 -0 0 0 0 0 0 0 0 0 0 0 0 0 0 1 13150.8 13150.8 13150.8 13150.8
-1 -1 1 -1 -1 1 0 0 0 0 0 -1.04439e-09 -0 0 0 -0 0 0 0 0 0 0 0 0 0 0 0 0 0 1 13150.8 13150.8 13150.8 13150.8
-1 -1 1 -1 -1 1 0 0 0 0 0 -3.23711e-09 -0 0 0 -0 0 0 0 0 0 0 0 0 0 0 0 0 0 1 13150.8 13150.8 13150.8 13150.8
-1 -1 1 -1 -1 1 0 0 0 0 0 1.85261e-09 -0 0 0 -0 0 0 0 0 0 0 0 0 0 0 0 0 0 1 13150.8 13150.8 13150.8 13150.8
-1 -1 1 -1 -1 1 0 0 0 0 0 -3.44423e-10 -0 0 0 -0 0 0 0 0 0 0 0 0 0 0 0 0 0 1 13150.8 13150.8 13150.8 13150.8
-1 -1 1 -1 -1 1 0 0 0 0 0 -2.53903e-09 -0 0 0 -0 0 0 0 0 0 0 0 0 0 0 0 0 0 1 13150.8 13150.8 13150.8 13150.8
-1 -1 1 -1 -1 1 0 0 0 0 0 2.5496e-09 -0 0 0 -0 0 0 0 0 0 0 0 0 0 0 0 0 0 1 13150.8 13150.8 13150.8 13150.8
-1 -1 1 -1 -1 1 0 0 0 0 0 3.66757e-10 -0 0 0 -0 0 0 0 0 0 0 0 0 0 0 0 0 0 1 13150.8 13150.8 13150.8 13150.8
-1 -1 1 -1 -1 1 0 0 0 0 0 -1.83444e-09 -0 0 0 -0 0 0 0 0 0 0 0 0 0 0 0 0 0 1 13150.8 13150.8 13150.8 13150.8
-1 -1 1 -1 -1 1 0 0 0 0 0 3.25464e-09 -0 0 0 -0 0 0 0 0 0 0 0 0 0 0 0 0 0 1 13150.8 13150.8 13150.8 13150.8
-1 -1 1 -1 -1 1 0 0 0 0 0 1.06425e-09 -0 0 0 -0 0 0 0 0 0 0 0 0 0 0 0 0 0 1 13150.8 13150.8 13150.8 13150.8
-1 -1 1 -1 -1 1 0 0 0 0 0 -1.13308e-09 -0 0 0 -0 0 0 0 0 0 0 0 0 0 0 0 0 0 1 13150.8 13150.8 13150.8 13150.8
-1 -1 1 -1 -1 1 0 0 0 0 0 -3.31448e-09 -0 0 0 -0 0 0 0 0 0 0 0 0 0 0 0 0 0 1 13150.8 13150.8 13150.8 13150.8
-1 -1 1 -1 -1 1 0 0 0 0 0 1.75381e-09 -0 0 0 -0 0 0 0 0 0 0 0 0 0 0 0 0 0 1 13150.8 13150.8 13150.8 13150.8
-1 -1 1 -1 -1 1 0 0 0 0 0 -4.34509e-10 -0 0 0 -0 0 0 0 0 0 0 0 0 0 0 0 0 0 1 13150.8 13150.8 13150.8 13150.8
-1 -1 1 -1 -1 1 0 0 0 0 0 -2.62384e-09 -0 0 0 -0 0 0 0 0 0 0 0 0 0 0 0 0 0 1 13150.8 13150.8 13150.8 13150.8
-1 -1 1 -1 -1 1 0 0 0 0 0 2.48142e-09 -0 0 0 -0 0 0 0 0 0 0 0 0 0 0 0 0 0 1 13150.8 13150.8 13150.8 13150.8
-1 -1 1 -1 -1 1 0 0 0 0 0 2.86209e-10 -0 0 0 -0 0 0 0 0 0 0 0 0 0 0 0 0 0 1 13150.8 13150.8 13150.8 13150.8
-1 -1 1 -1 -1 1 0 0 0 0 0 -1.89912e-09 -0 0 0 -0 0 0 0 0 0 0 0 0 0 0 0 0 0 1 13150.8 13150.8 13150.8 13150.8
-1 -1 1 -1 -1 1 0 0 0 0 0 3.19972e-09 -0 0 0 -0 0 0 0 0 0 0 0 0 0 0 0 0 0 1 13150.8 13150.8 13150.8 13150.8
-1 -1 1 -1 -1 1 0 0 0 0 0 1.00803e-09 -0 0 0 -0 0 0 0 0 0 0 0 0 0 0 0 0 0 1 13150.8 13150.8 13150.8 13150.8
-1 -1 1 -1 -1 1 0 0 0 0 0 -1.17213e-09 -0 0 0 -0 0 0 0 0 0 0 0 0 0 0 0 0 0 1 13150.8 13150.8 13150.8 13150.8
-1 -1 1 -1 -1 1 0 0 0 0 0 -3.3634e-09 -0 0 0 -0 0 0 0 0 0 0 0 0 0 0 0 0 0 1 13150.8 13150.8 13150.8 13150.8
-1 -1 1 -1 -1 1 0 0 0 0 0 1.73021e-09 -0 0 0 -0 0 0 0 0 0 0 0 0 0 0 0 0 0 1 13150.8 13150.8 13150.8 13150.8
-1 -1 1 -1 -1 1 0 0 0 0 0 -4.76268e-10 -0 0 0 -0 0 0 0 0 0 0 0 0 0 0 0 0 0 1 13150.8 13150.8 13150.8 13150.8
-1 -1 1 -1 -1 1 0 0 0 0 0 -2.66124e-09 -0 0 0 -0 0 0 0 0 0 0 0 0 0 0 0 0 0 1 13150.8 13150.8 13150.8 13150.8
-1 -1 1 -1 -1 1 0 0 0 0 0 2.39984e-09 -0 0 0 -0 0 0 0 0 0 0 0 0 0 0 0 0 0 1 13150.8 13150.8 13150.8 13150.8
-1 -1 1 -1 -1 1 0 0 0 0 0 2.06273e-10 -0 0 0 -0 0 0 0 0 0 0 0 0 0 0 0 0 0 1 13150.8 13150.8 13150.8 13150.8
-1 -1 1 -1 -1 1 0 0 0 0 0 -1.98516e-09 -0 0 0 -0 0 0 0 0 0 0 0 0 0 0 0 0 0 1 13150.8 13150.8 13150.8 13150.8
-1 -1 1 -1 -1 1 0 0 0 0 0 3.1165e-09 -0 0 0 -0 0 0 0 0 0 0 0 0 0 0 0 0 0 1 13150.8 13150.8 13150.8 13150.8
-1 -1 1 -1 -1 1 0 0 0 0 0 9.28792e-10 -0 0 0 -0 0 0 0 0 0 0 0 0 0 0 0 0 0 1 13150.8 13150.8 13150.8 13150.8
-1 -1 1 -1 -1 1 0 0 0 0 0 -1.26791e-09 -0 0 0 -0 0 0 0 0 0 0 0 0 0 0 0 0 0 1 13150.8 13150.8 13150.8 13150.8
-1 -1 1 -1 -1 1 0 0 0 0 0 -3.45129e-09 -0 0 0 -0 0 0 0 0 0 0 0 0 0 0 0 0 0 1 13150.8 13150.8 13150.8 13150.8
-1 -1 1 -1 -1 1 0 0 0 0 0 1.66047e-09 -0 0 0 -0 0 0 0 0 0 0 0 0 0 0 0 0 0 1 13150.8 13150.8 13150.8 13150.8
-1 -1 1 -1 -1 1 0 0 0 0 0 -5.26224e-10 -0 0 0 -0 0 0 0 0 0 0 0 0 0 0 0 0 0 1 13150.8 13150.8 13150.8 13150.8
-1 -1 1 -1 -1 1 0 0 0 0 0 -2.72272e-09 -0 0 0 -0 0 0 0 0 0 0 0 0 0 0 0 0 0 1 13150.8 13150.8 13150.8 13150.8
-1 -1 1 -1 -1 1 0 0 0 0 0 2.34407e-09 -0 0 0 -0 0 0 0 0 0 0 0 0 0 0 0 0 0 1 13150.8 13150.8 13150.8 13150.8
-1 -1 1 -1 -1 1 0 0 0 0 0 1.54158e-10 -0 0 0 -0 0 0 0 0 0 0 0 0 0 0 0 0 0 1 13150.8 13150.8 13150.8 13150.8
-1 -1 1 -1 -1 1 0 0 0 0 0 -2.0434e-09 -0 0 0 -0 0 0 0 0 0 0 0 0 0 0 0 0 0 1 13150.8 13150.8 13150.8 13150.8
-1 -1 1 -1 -1 1 0 0 0 0 0 3.03317e-09 -0 0 0 -0 0 0 0 0 0 0 0 0 0 0 0 0 0 1 13150.8 13150.8 13150.8 13150.8
-1 -1 1 -1 -1 1 0 0 0 0 0 8.45752e-10 -0 0 0 -0 0 0 0 0 0 0 0 0 0 0 0 0 0 1 13150.8 13150.8 13150.8 13150.8
-1 -1 1 -1 -1 1 0 0 0 0 0 -1.34319e-09 -0 0 0 -0 0 0 0 0 0 0 0 0 0 0 0 0 0 1 13150.8 13150.8 13150.8 13150.8
-1 -1 1 -1 -1 1 0 0 0 0 0 -3.53426e-09 -0 0 0 -0 0 0 0 0 0 0 0 0 0 0 0 0 0 1 13150.8 13150.8 13150.8 13150.8
-1 -1 1 -1 -1 1 0 0 0 0 0 1.55734e-09 -0 0 0 -0 0 0 0 0 0 0 0 0 0 0 0 0 0 1 13150.8 13150.8 13150.8 13150.8
-1 -1 1 -1 -1 1 0 0 0 0 0 -6.38554e-10 -0 0 0 -0 0 0 0 0 0 0 0 0 0 0 0 0 0 1 13150.8 13150.8 13150.8 13150.8
-1 -1 1 -1 -1 1 0 0 0 0 0 -2.82674e-09 -0 0 0 -0 0 0 0 0 0 0 0 0 0 0 0 0 0 1 13150.8 13150.8 13150.8 13150.8
-1 -1 1 -1 -1 1 0 0 0 0 0 2.26604e-09 -0 0 0 -0 0 0 0 0 0 0 0 0 0 0 0 0 0 1 13150.8 13150.8 13150.8 13150.8
-1 -1 1 -1 -1 1 0 0 0 0 0 7.68709e-11 -0 0 0 -0 0 0 0 0 0 0 0 0 0 0 0 0 0 1 13150.8 13150.8 13150.8 13150.8
-1 -1 1 -1 -1 1 0 0 0 0 0 -2.1135e-09 -0 0 0 -0 0 0 0 0 0 0 0 0 0 0 0 0 0 1 13150.8 13150.8 13150.8 13150.8
-1 -1 1 -1 -1 1 0 0 0 0 0 2.98657e-09 -0 0 0 -0 0 0 0 0 0 0 0 0 0 0 0 0 0 1 13150.8 13150.8 13150.8 13150.8
-1 -1 1 -1 -1 1 0 0 0 0 0 8.00917e-10 -0 0 0 -0 0 0 0 0 0 0 0 0 0 0 0 0 0 1 13150.8 13150.8 13150.8 13150.8
-1 -1 1 -1 -1 1 0 0 0 0 0 -1.39177e-09 -0 0 0 -0 0 0 0 0 0 0 0 0 0 0 0 0 0 1 13150.8 13150.8 13150.8 13150.8
-1 -1 1 -1 -1 1 0 0 0 0 0 -3.58043e-09 -0 0 0 -0 0 0 0 0 0 0 0 0 0 0 0 0 0 1 13150.8 13150.8 13150.8 13150.8
-1 -1 1 -1 -1 1 0 0 0 0 0 1.53132e-09 -0 0 0 -0 0 0 0 0 0 0 0 0 0 0 0 0 0 1 13150.8 13150.8 13150.8 13150.8
-1 -1 1 -1 -1 1 0 0 0 0 0 -6.51375e-10 -0 0 0 -0 0 0 0 0 0 0 0 0 0 0 0 0 0 1 13150.8 13150.8 13150.8 13150.8
-1 -1 1 -1 -1 1 0 0 0 0 0 -2.83985e-09 -0 0 0 -0 0 0 0 0 0 0 0 0 0 0 0 0 0 1 13150.8 13150.8 13150.8 13150.8
-1 -1 1 -1 -1 1 0 0 0 0 0 2.25331e-09 -0 0 0 -0 0 0 0 0 0 0 0 0 0 0 0 0 0 1 13150.8 13150.8 13150.8 13150.8
-1 -1 1 -1 -1 1 0 0 0 0 0 6.55581e-11 -0 0 0 -0 0 0 0 0 0 0 0 0 0 0 0 0 0 1 13150.8 13150.8 13150.8 13150.8
-1 -1 1 -1 -1 1 0 0 0 0 0 -2.12629e-09 -0 0 0 -0 0 0 0 0 0 0 0 0 0 0 0 0 0 1 13150.8 13150.8 13150.8 13150.8
-1 -1 1 -1 -1 1 0 0 0 0 0 2.97526e-09 -0 0 0 -0 0 0 0 0 0 0 0 0 0 0 0 0 0 1 13150.8 13150.8 13150.8 13150.8
-1 -1 1 -1 -1 1 0 0 0 0 0 7.87424e-10 -0 0 0 -0 0 0 0 0 0 0 0 0 0 0 0 0 0 1 13150.8 13150.8 13150.8 13150.8
-1 -1 1 -1 -1 1 0 0 0 0 0 -1.3984e-09 -0 0 0 -0 0 0 0 0 0 0 0 0 0 0 0 0 0 1 13150.8 13150.8 13150.8 13150.8
-1 -1 1 -1 -1 1 0 0 0 0 0 -3.59027e-09 -0 0 0 -0 0 0 0 0 0 0 0 0 0 0 0 0 0 1 13150.8 13150.8 13150.8 13150.8
-1 -1 1 -1 -1 1 0 0 0 0 0 1.49871e-09 -0 0 0 -0 0 0 0 0 0 0 0 0 0 0 0 0 0 1 13150.8 13150.8 13150.8 13150.8
-1 -1 1 -1 -1 1 0 0 0 0 0 -6.99235e-10 -0 0 0 -0 0 0 0 0 0 0 0 0 0 0 0 0 0 1 13150.8 13150.8 13150.8 13150.8
-1 -1 1 -1 -1 1 0 0 0 0 0 -2.89646e-09 -0 0 0 -0 0 0 0 0 0 0 0 0 0 0 0 0 0 1 13150.8 13150.8 13150.8 13150.8
-1 -1 1 -1 -1 1 0 0 0 0 0 2.17654e-09 -0 0 0 -0 0 0 0 0 0 0 0 0 0 0 0 0 0 1 13150.8 13150.8 13150.8 13150.8
-1 -1 1 -1 -1 1 0 0 0 0 0 -1.15309e-11 -0 0 0 -0 0 0 0 0 0 0 0 0 0 0 0 0 0 1 13150.8 13150.8 13150.8 13150.8
-1 -1 1 -1 -1 1 0 0 0 0 0 -2.20103e-09 -0 0 0 -0 0 0 0 0 0 0 0 0 0 0 0 0 0 1 13150.8 13150.8 13150.8 13150.8
-1 -1 1 -1 -1 1 0 0 0 0 0 2.90039e-09 -0 0 0 -0 0 0 0 0 0 0 0 0 0 0 0 0 0 1 13150.8 13150.8 13150.8 13150.8
-1 -1 1 -1 -1 1 0 0 0 0 0 7.12948e-10 -0 0 0 -0 0 0 0 0 0 0 0 0 0 0 0 0 0 1 13150.8 13150.8 13150.8 13150.8
-1 -1 1 -1 -1 1 0 0 0 0 0 -1.47871e-09 -0 0 0 -0 0 0 0 0 0 0 0 0 0 0 0 0 0 1 13150.8 13150.8 13150.8 13150.8
-1 -1 1 -1 -1 1 0 0 0 0 0 3.62642e-09 -0 0 0 -0 0 0 0 0 0 0 0 0 0 0 0 0 0 1 13150.8 13150.8 13150.8 13150.8
-1 -1 1 -1 -1 1 0 0 0 0 0 1.44671e-09 -0 0 0 -0 0 0 0 0 0 0 0 0 0 0 0 0 0 1 13150.8 13150.8 13150.8 13150.8
-1 -1 1 -1 -1 1 0 0 0 0 0 -7.42746e-10 -0 0 0 -0 0 0 0 0 0 0 0 0 0 0 0 0 0 1 13150.8 13150.8 13150.8 13150.8
-1 -1 1 -1 -1 1 0 0 0 0 0 -2.93091e-09 -0 0 0 -0 0 0 0 0 0 0 0 0 0 0 0 0 0 1 13150.8 13150.8 13150.8 13150.8
-1 -1 1 -1 -1 1 0 0 0 0 0 2.17229e-09 -0 0 0 -0 0 0 0 0 0 0 0 0 0 0 0 0 0 1 13150.8 13150.8 13150.8 13150.8
-1 -1 1 -1 -1 1 0 0 0 0 0 -1.6203e-11 -0 0 0 -0 0 0 0 0 0 0 0 0 0 0 0 0 0 1 13150.8 13150.8 13150.8 13150.8
-1 -1 1 -1 -1 1 0 0 0 0 0 -2.2055e-09 -0 0 0 -0 0 0 0 0 0 0 0 0 0 0 0 0 0 1 13150.8 13150.8 13150.8 13150.8
-1 -1 1 -1 -1 1 0 0 0 0 0 2.89621e-09 -0 0 0 -0 0 0 0 0 0 0 0 0 0 0 0 0 0 1 13150.8 13150.8 13150.8 13150.8
-1 -1 1 -1 -1 1 0 0 0 0 0 7.09675e-10 -0 0 0 -0 0 0 0 0 0 0 0 0 0 0 0 0 0 1 13150.8 13150.8 13150.8 13150.8
-1 -1 1 -1 -1 1 0 0 0 0 0 -1.48388e-09 -0 0 0 -0 0 0 0 0 0 0 0 0 0 0 0 0 0 1 13150.8 13150.8 13150.8 13150.8
-1 -1 1 -1 -1 1 0 0 0 0 0 3.61327e-09 -0 0 0 -0 0 0 0 0 0 0 0 0 0 0 0 0 0 1 13150.8 13150.8 13150.8 13150.8
-1 -1 1 -1 -1 1 0 0 0 0 0 1.42834e-09 -0 0 0 -0 0 0 0 0 0 0 0 0 0 0 0 0 0 1 13150.8 13150.8 13150.8 13150.8
-1 -1 1 -1 -1 1 0 0 0 0 0 -7.77056e-10 -0 0 0 -0 0 0 0 0 0 0 0 0 0 0 0 0 0 1 13150.8 13150.8 13150.8 13150.8
-1 -1 1 -1 -1 1 0 0 0 0 0 -2.95954e-09 -0 0 0 -0 0 0 0 0 0 0 0 0 0 0 0 0 0 1 13150.8 13150.8 13150.8 13150.8
-1 -1 1 -1 -1 1 0 0 0 0 0 2.1458e-09 -0 0 0 -0 0 0 0 0 0 0 0 0 0 0 0 0 0 1 13150.8 13150.8 13150.8 13150.8
-1 -1 1 -1 -1 1 0 0 0 0 0 -3.39166e-11 -0 0 0 -0 0 0 0 0 0 0 0 0 0 0 0 0 0 1 13150.8 13150.8 13150.8 13150.8
-1 -1 1 -1 -1 1 0 0 0 0 0 -2.23083e-09 -0 0 0 -0 0 0 0 0 0 0 0 0 0 0 0 0 0 1 13150.8 13150.8 13150.8 13150.8
-1 -1 1 -1 -1 1 0 0 0 0 0 2.84741e-09 -0 0 0 -0 0 0 0 0 0 0 0 0 0 0 0 0 0 1 13150.8 13150.8 13150.8 13150.8
-1 -1 1 -1 -1 1 0 0 0 0 0 6.40787e-10 -0 0 0 -0 0 0 0 0 0 0 0 0 0 0 0 0 0 1 13150.8 13150.8 13150.8 13150.8
-1 -1 1 -1 -1 1 0 0 0 0 0 -1.53729e-09 -0 0 0 -0 0 0 0 0 0 0 0 0 0 0 0 0 0 1 13150.8 13150.8 13150.8 13150.8
-1 -1 1 -1 -1 1 0 0 0 0 0 3.54637e-09 -0 0 0 -0 0 0 0 0 0 0 0 0 0 0 0 0 0 1 13150.8 13150.8 13150.8 13150.8
-1 -1 1 -1 -1 1 0 0 0 0 0 1.35309e-09 -0 0 0 -0 0 0 0 0 0 0 0 0 0 0 0 0 0 1 13150.8 13150.8 13150.8 13150.8
-1 -1 1 -1 -1 1 0 0 0 0 0 -8.28066e-10 -0 0 0 -0 0 0 0 0 0 0 0 0 0 0 0 0 0 1 13150.8 13150.8 13150.8 13150.8
-1 -1 1 -1 -1 1 0 0 0 0 0 -3.01757e-09 -0 0 0 -0 0 0 0 0 0 0 0 0 0 0 0 0 0 1 13150.8 13150.8 13150.8 13150.8
-1 -1 1 -1 -1 1 0 0 0 0 0 2.08221e-09 -0 0 0 -0 0 0 0 0 0 0 0 0 0 0 0 0 0 1 13150.8 13150.8 13150.8 13150.8
-1 -1 1 -1 -1 1 0 0 0 0 0 -1.06504e-10 -0 0 0 -0 0 0 0 0 0 0 0 0 0 0 0 0 0 1 13150.8 13150.8 13150.8 13150.8
-1 -1 1 -1 -1 1 0 0 0 0 0 -2.30436e-09 -0 0 0 -0 0 0 0 0 0 0 0 0 0 0 0 0 0 1 13150.8 13150.8 13150.8 13150.8
-1 -1 1 -1 -1 1 0 0 0 0 0 2.77275e-09 -0 0 0 -0 0 0 0 0 0 0 0 0 0 0 0 0 0 1 13150.8 13150.8 13150.8 13150.8
-1 -1 1 -1 -1 1 0 0 0 0 0 5.83696e-10 -0 0 0 -0 0 0 0 0 0 0 0 0 0 0 0 0 0 1 13150.8 13150.8 13150.8 13150.8
-1 -1 1 -1 -1 1 0 0 0 0 0 -1.60851e-09 -0 0 0 -0 0 0 0 0 0 0 0 0 0 0 0 0 0 1 13150.8 13150.8 13150.8 13150.8
-1 -1 1 -1 -1 1 0 0 0 0 0 3.49043e-09 -0 0 0 -0 0 0 0 0 0 0 0 0 0 0 0 0 0 1 13150.8 13150.8 13150.8 13150.8
-1 -1 1 -1 -1 1 0 0 0 0 0 1.29726e-09 -0 0 0 -0 0 0 0 0 0 0 0 0 0 0 0 0 0 1 13150.8 13150.8 13150.8 13150.8
-1 -1 1 -1 -1 1 0 0 0 0 0 -8.92541e-10 -0 0 0 -0 0 0 0 0 0 0 0 0 0 0 0 0 0 1 13150.8 13150.8 13150.8 13150.8
-1 -1 1 -1 -1 1 0 0 0 0 0 -3.08264e-09 -0 0 0 -0 0 0 0 0 0 0 0 0 0 0 0 0 0 1 13150.8 13150.8 13150.8 13150.8
-1 -1 1 -1 -1 1 0 0 0 0 0 2.00717e-09 -0 0 0 -0 0 0 0 0 0 0 0 0 0 0 0 0 0 1 13150.8 13150.8 13150.8 13150.8
-1 -1 1 -1 -1 1 0 0 0 0 0 -1.81773e-10 -0 0 0 -0 0 0 0 0 0 0 0 0 0 0 0 0 0 1 13150.8 13150.8 13150.8 13150.8
-1 -1 1 -1 -1 1 0 0 0 0 0 -2.37682e-09 -0 0 0 -0 0 0 0 0 0 0 0 0 0 0 0 0 0 1 13150.8 13150.8 13150.8 13150.8
-1 -1 1 -1 -1 1 0 0 0 0 0 2.70983e-09 -0 0 0 -0 0 0 0 0 0 0 0 0 0 0 0 0 0 1 13150.8 13150.8 13150.8 13150.8
-1 -1 1 -1 -1 1 0 0 0 0 0 5.17029e-10 -0 0 0 -0 0 0 0 0 0 0 0 0 0 0 0 0 0 1 13150.8 13150.8 13150.8 13150.8
-1 -1 1 -1 -1 1 0 0 0 0 0 -1.67594e-09 -0 0 0 -0 0 0 0 0 0 0 0 0 0 0 0 0 0 1 13150.8 13150.8 13150.8 13150.8
-1 -1 1 -1 -1 1 0 0 0 0 0 3.39858e-09 -0 0 0 -0 0 0 0 0 0 0 0 0 0 0 0 0 0 1 13150.8 13150.8 13150.8 13150.8
-1 -1 1 -1 -1 1 0 0 0 0 0 1.19906e-09 -0 0 0 -0 0 0 0 0 0 0 0 0 0 0 0 0 0 1 13150.8 13150.8 13150.8 13150.8
-1 -1 1 -1 -1 1 0 0 0 0 0 -9.77134e-10 -0 0 0 -0 0 0 0 0 0 0 0 0 0 0 0 0 0 1 13150.8 13150.8 13150.8 13150.8
-1 -1 1 -1 -1 1 0 0 0 0 0 -3.16513e-09 -0 0 0 -0 0 0 0 0 0 0 0 0 0 0 0 0 0 1 13150.8 13150.8 13150.8 13150.8
-1 -1 1 -1 -1 1 0 0 0 0 0 1.93927e-09 -0 0 0 -0 0 0 0 0 0 0 0 0 0 0 0 0 0 1 13150.8 13150.8 13150.8 13150.8
-1 -1 1 -1 -1 1 0 0 0 0 0 -2.48938e-10 -0 0 0 -0 0 0 0 0 0 0 0 0 0 0 0 0 0 1 13150.8 13150.8 13150.8 13150.8
-1 -1 1 -1 -1 1 0 0 0 0 0 -2.43869e-09 -0 0 0 -0 0 0 0 0 0 0 0 0 0 0 0 0 0 1 13150.8 13150.8 13150.8 13150.8
-1 -1 1 -1 -1 1 0 0 0 0 0 2.65581e-09 -0 0 0 -0 0 0 0 0 0 0 0 0 0 0 0 0 0 1 13150.8 13150.8 13150.8 13150.8
-1 -1 1 -1 -1 1 0 0 0 0 0 4.68711e-10 -0 0 0 -0 0 0 0 0 0 0 0 0 0 0 0 0 0 1 13150.8 13150.8 13150.8 13150.8
-1 -1 1 -1 -1 1 0 0 0 0 0 -1.72097e-09 -0 0 0 -0 0 0 0 0 0 0 0 0 0 0 0 0 0 1 13150.8 13150.8 13150.8 13150.8
-1 -1 1 -1 -1 1 0 0 0 0 0 3.37771e-09 -0 0 0 -0 0 0 0 0 0 0 0 0 0 0 0 0 0 1 13150.8 13150.8 13150.8 13150.8
-1 -1 1 -1 -1 1 0 0 0 0 0 1.18941e-09 -0 0 0 -0 0 0 0 0 0 0 0 0 0 0 0 0 0 1 13150.8 13150.8 13150.8 13150.8
-1 -1 1 -1 -1 1 0 0 0 0 0 -1.00689e-09 -0 0 0 -0 0 0 0 0 0 0 0 0 0 0 0 0 0 1 13150.8 13150.8 13150.8 13150.8
-1 -1 1 -1 -1 1 0 0 0 0 0 -3.19725e-09 -0 0 0 -0 0 0 0 0 0 0 0 0 0 0 0 0 0 1 13150.8 13150.8 13150.8 13150.8
-1 -1 1 -1 -1 1 0 0 0 0 0 1.89762e-09 -0 0 0 -0 0 0 0 0 0 0 0 0 0 0 0 0 0 1 13150.8 13150.8 13150.8 13150.8
-1 -1 1 -1 -1 1 0 0 0 0 0 -2.88595e-10 -0 0 0 -0 0 0 0 0 0 0 0 0 0 0 0 0 0 1 13150.8 13150.8 13150.8 13150.8
-1 -1 1 -1 -1 1 0 0 0 0 0 -2.48929e-09 -0 0 0 -0 0 0 0 0 0 0 0 0 0 0 0 0 0 1 13150.8 13150.8 13150.8 13150.8
-1 -1 1 -1 -1 1 0 0 0 0 0 2.57998e-09 -0 0 0 -0 0 0 0 0 0 0 0 0 0 0 0 0 0 1 13150.8 13150.8 13150.8 13150.8
-1 -1 1 -1 -1 1 0 0 0 0 0 3.82827e-10 -0 0 0 -0 0 0 0 0 0 0 0 0 0 0 0 0 0 1 13150.8 13150.8 13150.8 13150.8
-1 -1 1 -1 -1 1 0 0 0 0 0 -1.8009e-09 -0 0 0 -0 0 0 0 0 0 0 0 0 0 0 0 0 0 1 13150.8 13150.8 13150.8 13150.8
-1 -1 1 -1 -1 1 0 0 0 0 0 3.2953e-09 -0 0 0 -0 0 0 0 0 0 0 0 0 0 0 0 0 0 1 13150.8 13150.8 13150.8 13150.8
-1 -1 1 -1 -1 1 0 0 0 0 0 1.10435e-09 -0 0 0 -0 0 0 0 0 0 0 0 0 0 0 0 0 0 1 13150.8 13150.8 13150.8 13150.8
-1 -1 1 -1 -1 1 0 0 0 0 0 -1.08379e-09 -0 0 0 -0 0 0 0 0 0 0 0 0 0 0 0 0 0 1 13150.8 13150.8 13150.8 13150.8
-1 -1 1 -1 -1 1 0 0 0 0 0 -3.26952e-09 -0 0 0 -0 0 0 0 0 0 0 0 0 0 0 0 0 0 1 13150.8 13150.8 13150.8 13150.8
-1 -1 1 -1 -1 1 0 0 0 0 0 1.82975e-09 -0 0 0 -0 0 0 0 0 0 0 0 0 0 0 0 0 0 1 13150.8 13150.8 13150.8 13150.8
-1 -1 1 -1 -1 1 0 0 0 0 0 -3.58724e-10 -0 0 0 -0 0 0 0 0 0 0 0 0 0 0 0 0 0 1 13150.8 13150.8 13150.8 13150.8
-1 -1 1 -1 -1 1 0 0 0 0 0 -2.55768e-09 -0 0 0 -0 0 0 0 0 0 0 0 0 0 0 0 0 0 1 13150.8 13150.8 13150.8 13150.8
-1 -1 1 -1 -1 1 0 0 0 0 0 2.52527e-09 -0 0 0 -0 0 0 0 0 0 0 0 0 0 0 0 0 0 1 13150.8 13150.8 13150.8 13150.8
-1 -1 1 -1 -1 1 0 0 0 0 0 3.40401e-10 -0 0 0 -0 0 0 0 0 0 0 0 0 0 0 0 0 0 1 13150.8 13150.8 13150.8 13150.8
-1 -1 1 -1 -1 1 0 0 0 0 0 -1.84786e-09 -0 0 0 -0 0 0 0 0 0 0 0 0 0 0 0 0 0 1 13150.8 13150.8 13150.8 13150.8
-1 -1 1 -1 -1 1 0 0 0 0 0 3.25153e-09 -0 0 0 -0 0 0 0 0 0 0 0 0 0 0 0 0 0 1 13150.8 13150.8 13150.8 13150.8
-1 -1 1 -1 -1 1 0 0 0 0 0 1.05881e-09 -0 0 0 -0 0 0 0 0 0 0 0 0 0 0 0 0 0 1 13150.8 13150.8 13150.8 13150.8
-1 -1 1 -1 -1 1 0 0 0 0 0 -1.13151e-09 -0 0 0 -0 0 0 0 0 0 0 0 0 0 0 0 0 0 1 13150.8 13150.8 13150.8 13150.8
-1 -1 1 -1 -1 1 0 0 0 0 0 -3.32842e-09 -0 0 0 -0 0 0 0 0 0 0 0 0 0 0 0 0 0 1 13150.8 13150.8 13150.8 13150.8
-1 -1 1 -1 -1 1 0 0 0 0 0 1.77103e-09 -0 0 0 -0 0 0 0 0 0 0 0 0 0 0 0 0 0 1 13150.8 13150.8 13150.8 13150.8
-1 -1 1 -1 -1 1 0 0 0 0 0 -4.18297e-10 -0 0 0 -0 0 0 0 0 0 0 0 0 0 0 0 0 0 1 13150.8 13150.8 13150.8 13150.8
-1 -1 1 -1 -1 1 0 0 0 0 0 -2.61137e-09 -0 0 0 -0 0 0 0 0 0 0 0 0 0 0 0 0 0 1 13150.8 13150.8 13150.8 13150.8
-1 -1 1 -1 -1 1 0 0 0 0 0 2.46092e-09 -0 0 0 -0 0 0 0 0 0 0 0 0 0 0 0 0 0 1 13150.8 13150.8 13150.8 13150.8
-1 -1 1 -1 -1 1 0 0 0 0 0 2.73028e-10 -0 0 0 -0 0 0 0 0 0 0 0 0 0 0 0 0 0 1 13150.8 13150.8 13150.8 13150.8
-1 -1 1 -1 -1 1 0 0 0 0 0 -1.91573e-09 -0 0 0 -0 0 0 0 0 0 0 0 0 0 0 0 0 0 1 13150.8 13150.8 13150.8 13150.8
-1 -1 1 -1 -1 1 0 0 0 0 0 3.1947e-09 -0 0 0 -0 0 0 0 0 0 0 0 0 0 0 0 0 0 1 13150.8 13150.8 13150.8 13150.8
-1 -1 1 -1 -1 1 0 0 0 0 0 1.00979e-09 -0 0 0 -0 0 0 0 0 0 0 0 0 0 0 0 0 0 1 13150.8 13150.8 13150.8 13150.8
-1 -1 1 -1 -1 1 0 0 0 0 0 -1.18026e-09 -0 0 0 -0 0 0 0 0 0 0 0 0 0 0 0 0 0 1 13150.8 13150.8 13150.8 13150.8
-1 -1 1 -1 -1 1 0 0 0 0 0 -3.36777e-09 -0 0 0 -0 0 0 0 0 0 0 0 0 0 0 0 0 0 1 13150.8 13150.8 13150.8 13150.8
-1 -1 1 -1 -1 1 0 0 0 0 0 1.74446e-09 -0 0 0 -0 0 0 0 0 0 0 0 0 0 0 0 0 0 1 13150.8 13150.8 13150.8 13150.8
-1 -1 1 -1 -1 1 0 0 0 0 0 -4.35862e-10 -0 0 0 -0 0 0 0 0 0 0 0 0 0 0 0 0 0 1 13150.8 13150.8 13150.8 13150.8
-1 -1 1 -1 -1 1 0 0 0 0 0 -2.63951e-09 -0 0 0 -0 0 0 0 0 0 0 0 0 0 0 0 0 0 1 13150.8 13150.8 13150.8 13150.8
-1 -1 1 -1 -1 1 0 0 0 0 0 2.42983e-09 -0 0 0 -0 0 0 0 0 0 0 0 0 0 0 0 0 0 1 13150.8 13150.8 13150.8 13150.8
-1 -1 1 -1 -1 1 0 0 0 0 0 2.40444e-10 -0 0 0 -0 0 0 0 0 0 0 0 0 0 0 0 0 0 1 13150.8 13150.8 13150.8 13150.8
-1 -1 1 -1 -1 1 0 0 0 0 0 -1.95972e-09 -0 0 0 -0 0 0 0 0 0 0 0 0 0 0 0 0 0 1 13150.8 13150.8 13150.8 13150.8
-1 -1 1 -1 -1 1 0 0 0 0 0 3.11349e-09 -0 0 0 -0 0 0 0 0 0 0 0 0 0 0 0 0 0 1 13150.8 13150.8 13150.8 13150.8
-1 -1 1 -1 -1 1 0 0 0 0 0 9.22479e-10 -0 0 0 -0 0 0 0 0 0 0 0 0 0 0 0 0 0 1 13150.8 13150.8 13150.8 13150.8
-1 -1 1 -1 -1 1 0 0 0 0 0 -1.27095e-09 -0 0 0 -0 0 0 0 0 0 0 0 0 0 0 0 0 0 1 13150.8 13150.8 13150.8 13150.8
-1 -1 1 -1 -1 1 0 0 0 0 0 -3.455e-09 -0 0 0 -0 0 0 0 0 0 0 0 0 0 0 0 0 0 1 13150.8 13150.8 13150.8 13150.8
-1 -1 1 -1 -1 1 0 0 0 0 0 1.66301e-09 -0 0 0 -0 0 0 0 0 0 0 0 0 0 0 0 0 0 1 13150.8 13150.8 13150.8 13150.8
-1 -1 1 -1 -1 1 0 0 0 0 0 -5.14397e-10 -0 0 0 -0 0 0 0 0 0 0 0 0 0 0 0 0 0 1 13150.8 13150.8 13150.8 13150.8
-1 -1 1 -1 -1 1 0 0 0 0 0 -2.71236e-09 -0 0 0 -0 0 0 0 0 0 0 0 0 0 0 0 0 0 1 13150.8 13150.8 13150.8 13150.8
-1 -1 1 -1 -1 1 0 0 0 0 0 2.38789e-09 -0 0 0 -0 0 0 0 0 0 0 0 0 0 0 0 0 0 1 13150.8 13150.8 13150.8 13150.8
-1 -1 1 -1 -1 1 0 0 0 0 0 2.02691e-10 -0 0 0 -0 0 0 0 0 0 0 0 0 0 0 0 0 0 1 13150.8 13150.8 13150.8 13150.8
-1 -1 1 -1 -1 1 0 0 0 0 0 -1.98489e-09 -0 0 0 -0 0 0 0 0 0 0 0 0 0 0 0 0 0 1 13150.8 13150.8 13150.8 13150.8
-1 -1 1 -1 -1 1 0 0 0 0 0 3.10491e-09 -0 0 0 -0 0 0 0 0 0 0 0 0 0 0 0 0 0 1 13150.8 13150.8 13150.8 13150.8
-1 -1 1 -1 -1 1 0 0 0 0 0 9.19108e-10 -0 0 0 -0 0 0 0 0 0 0 0 0 0 0 0 0 0 1 13150.8 13150.8 13150.8 13150.8
-1 -1 1 -1 -1 1 0 0 0 0 0 -1.26438e-09 -0 0 0 -0 0 0 0 0 0 0 0 0 0 0 0 0 0 1 13150.8 13150.8 13150.8 13150.8
-1 -1 1 -1 -1 1 0 0 0 0 0 -3.46642e-09 -0 0 0 -0 0 0 0 0 0 0 0 0 0 0 0 0 0 1 13150.8 13150.8 13150.8 13150.8
-1 -1 1 -1 -1 1 0 0 0 0 0 1.61751e-09 -0 0 0 -0 0 0 0 0 0 0 0 0 0 0 0 0 0 1 13150.8 13150.8 13150.8 13150.8
-1 -1 1 -1 -1 1 0 0 0 0 0 -5.91124e-10 -0 0 0 -0 0 0 0 0 0 0 0 0 0 0 0 0 0 1 13150.8 13150.8 13150.8 13150.8
-1 -1 1 -1 -1 1 0 0 0 0 0 -2.76914e-09 -0 0 0 -0 0 0 0 0 0 0 0 0 0 0 0 0 0 1 13150.8 13150.8 13150.8 13150.8
-1 -1 1 -1 -1 1 0 0 0 0 0 2.33357e-09 -0 0 0 -0 0 0 0 0 0 0 0 0 0 0 0 0 0 1 13150.8 13150.8 13150.8 13150.8
-1 -1 1 -1 -1 1 0 0 0 0 0 1.74243e-10 -0 0 0 -0 0 0 0 0 0 0 0 0 0 0 0 0 0 1 13150.8 13150.8 13150.8 13150.8
-1 -1 1 -1 -1 1 0 0 0 0 0 -2.03715e-09 -0 0 0 -0 0 0 0 0 0 0 0 0 0 0 0 0 0 1 13150.8 13150.8 13150.8 13150.8
-1 -1 1 -1 -1 1 0 0 0 0 0 3.05501e-09 -0 0 0 -0 0 0 0 0 0 0 0 0 0 0 0 0 0 1 13150.8 13150.8 13150.8 13150.8
-1 -1 1 -1 -1 1 0 0 0 0 0 8.60562e-10 -0 0 0 -0 0 0 0 0 0 0 0 0 0 0 0 0 0 1 13150.8 13150.8 13150.8 13150.8
-1 -1 1 -1 -1 1 0 0 0 0 0 -1.33703e-09 -0 0 0 -0 0 0 0 0 0 0 0 0 0 0 0 0 0 1 13150.8 13150.8 13150.8 13150.8
-1 -1 1 -1 -1 1 0 0 0 0 0 -3.51558e-09 -0 0 0 -0 0 0 0 0 0 0 0 0 0 0 0 0 0 1 13150.8 13150.8 13150.8 13150.8
-1 -1 1 -1 -1 1 0 0 0 0 0 1.58559e-09 -0 0 0 -0 0 0 0 0 0 0 0 0 0 0 0 0 0 1 13150.8 13150.8 13150.8 13150.8
-1 -1 1 -1 -1 1 0 0 0 0 0 -6.08495e-10 -0 0 0 -0 0 0 0 0 0 0 0 0 0 0 0 0 0 1 13150.8 13150.8 13150.8 13150.8
-1 -1 1 -1 -1 1 0 0 0 0 0 -2.79797e-09 -0 0 0 -0 0 0 0 0 0 0 0 0 0 0 0 0 0 1 13150.8 13150.8 13150.8 13150.8
-1 -1 1 -1 -1 1 0 0 0 0 0 2.2901e-09 -0 0 0 -0 0 0 0 0 0 0 0 0 0 0 0 0 0 1 13150.8 13150.8 13150.8 13150.8
-1 -1 1 -1 -1 1 0 0 0 0 0 1.01221e-10 -0 0 0 -0 0 0 0 0 0 0 0 0 0 0 0 0 0 1 13150.8 13150.8 13150.8 13150.8
-1 -1 1 -1 -1 1 0 0 0 0 0 -2.09554e-09 -0 0 0 -0 0 0 0 0 0 0 0 0 0 0 0 0 0 1 13150.8 13150.8 13150.8 13150.8
-1 -1 1 -1 -1 1 0 0 0 0 0 2.98217e-09 -0 0 0 -0 0 0 0 0 0 0 0 0 0 0 0 0 0 1 13150.8 13150.8 13150.8 13150.8
-1 -1 1 -1 -1 1 0 0 0 0 0 7.907e-10 -0 0 0 -0 0 0 0 0 0 0 0 0 0 0 0 0 0 1 13150.8 13150.8 13150.8 13150.8
-1 -1 1 -1 -1 1 0 0 0 0 0 -1.40043e-09 -0 0 0 -0 0 0 0 0 0 0 0 0 0 0 0 0 0 1 13150.8 13150.8 13150.8 13150.8
-1 -1 1 -1 -1 1 0 0 0 0 0 -3.57892e-09 -0 0 0 -0 0 0 0 0 0 0 0 0 0 0 0 0 0 1 13150.8 13150.8 13150.8 13150.8
-1 -1 1 -1 -1 1 0 0 0 0 0 1.52247e-09 -0 0 0 -0 0 0 0 0 0 0 0 0 0 0 0 0 0 1 13150.8 13150.8 13150.8 13150.8
-1 -1 1 -1 -1 1 0 0 0 0 0 -6.66118e-10 -0 0 0 -0 0 0 0 0 0 0 0 0 0 0 0 0 0 1 13150.8 13150.8 13150.8 13150.8
-1 -1 1 -1 -1 1 0 0 0 0 0 -2.85642e-09 -0 0 0 -0 0 0 0 0 0 0 0 0 0 0 0 0 0 1 13150.8 13150.8 13150.8 13150.8
-1 -1 1 -1 -1 1 0 0 0 0 0 2.24203e-09 -0 0 0 -0 0 0 0 0 0 0 0 0 0 0 0 0 0 1 13150.8 13150.8 13150.8 13150.8
-1 -1 1 -1 -1 1 0 0 0 0 0 5.38175e-11 -0 0 0 -0 0 0 0 0 0 0 0 0 0 0 0 0 0 1 13150.8 13150.8 13150.8 13150.8
-1 -1 1 -1 -1 1 0 0 0 0 0 -2.15021e-09 -0 0 0 -0 0 0 0 0 0 0 0 0 0 0 0 0 0 1 13150.8 13150.8 13150.8 13150.8
-1 -1 1 -1 -1 1 0 0 0 0 0 2.93012e-09 -0 0 0 -0 0 0 0 0 0 0 0 0 0 0 0 0 0 1 13150.8 13150.8 13150.8 13150.8
-1 -1 1 -1 -1 1 0 0 0 0 0 7.5055e-10 -0 0 0 -0 0 0 0 0 0 0 0 0 0 0 0 0 0 1 13150.8 13150.8 13150.8 13150.8
-1 -1 1 -1 -1 1 0 0 0 0 0 -1.44879e-09 -0 0 0 -0 0 0 0 0 0 0 0 0 0 0 0 0 0 1 13150.8 13150.8 13150.8 13150.8
-1 -1 1 -1 -1 1 0 0 0 0 0 -3.63531e-09 -0 0 0 -0 0 0 0 0 0 0 0 0 0 0 0 0 0 1 13150.8 13150.8 13150.8 13150.8
-1 -1 1 -1 -1 1 0 0 0 0 0 1.45435e-09 -0 0 0 -0 0 0 0 0 0 0 0 0 0 0 0 0 0 1 13150.8 13150.8 13150.8 13150.8
-1 -1 1 -1 -1 1 0 0 0 0 0 -7.34189e-10 -0 0 0 -0 0 0 0 0 0 0 0 0 0 0 0 0 0 1 13150.8 13150.8 13150.8 13150.8
-1 -1 1 -1 -1 1 0 0 0 0 0 -2.92769e-09 -0 0 0 -0 0 0 0 0 0 0 0 0 0 0 0 0 0 1 13150.8 13150.8 13150.8 13150.8
-1 -1 1 -1 -1 1 0 0 0 0 0 2.17381e-09 -0 0 0 -0 0 0 0 0 0 0 0 0 0 0 0 0 0 1 13150.8 13150.8 13150.8 13150.8
-1 -1 1 -1 -1 1 0 0 0 0 0 -1.41604e-11 -0 0 0 -0 0 0 0 0 0 0 0 0 0 0 0 0 0 1 13150.8 13150.8 13150.8 13150.8
-1 -1 1 -1 -1 1 0 0 0 0 0 -2.21178e-09 -0 0 0 -0 0 0 0 0 0 0 0 0 0 0 0 0 0 1 13150.8 13150.8 13150.8 13150.8
-1 -1 1 -1 -1 1 0 0 0 0 0 2.85542e-09 -0 0 0 -0 0 0 0 0 0 0 0 0 0 0 0 0 0 1 13150.8 13150.8 13150.8 13150.8
-1 -1 1 -1 -1 1 0 0 0 0 0 6.58315e-10 -0 0 0 -0 0 0 0 0 0 0 0 0 0 0 0 0 0 1 13150.8 13150.8 13150.8 13150.8
-1 -1 1 -1 -1 1 0 0 0 0 0 -1.53122e-09 -0 0 0 -0 0 0 0 0 0 0 0 0 0 0 0 0 0 1 13150.8 13150.8 13150.8 13150.8
-1 -1 1 -1 -1 1 0 0 0 0 0 3.53723e-09 -0 0 0 -0 0 0 0 0 0 0 0 0 0 0 0 0 0 1 13150.8 13150.8 13150.8 13150.8
-1 -1 1 -1 -1 1 0 0 0 0 0 1.34493e-09 -0 0 0 -0 0 0 0 0 0 0 0 0 0 0 0 0 0 1 13150.8 13150.8 13150.8 13150.8
-1 -1 1 -1 -1 1 0 0 0 0 0 -8.50819e-10 -0 0 0 -0 0 0 0 0 0 0 0 0 0 0 0 0 0 1 13150.8 13150.8 13150.8 13150.8
-1 -1 1 -1 -1 1 0 0 0 0 0 -3.04243e-09 -0 0 0 -0 0 0 0 0 0 0 0 0 0 0 0 0 0 1 13150.8 13150.8 13150.8 13150.8
-1 -1 1 -1 -1 1 0 0 0 0 0 2.03725e-09 -0 0 0 -0 0 0 0 0 0 0 0 0 0 0 0 0 0 1 13150.8 13150.8 13150.8 13150.8
-1 -1 1 -1 -1 1 0 0 0 0 0 -1.49983e-10 -0 0 0 -0 0 0 0 0 0 0 0 0 0 0 0 0 0 1 13150.8 13150.8 13150.8 13150.8
-1 -1 1 -1 -1 1 0 0 0 0 0 -2.33839e-09 -0 0 0 -0 0 0 0 0 0 0 0 0 0 0 0 0 0 1 13150.8 13150.8 13150.8 13150.8
-1 -1 1 -1 -1 1 0 0 0 0 0 2.76496e-09 -0 0 0 -0 0 0 0 0 0 0 0 0 0 0 0 0 0 1 13150.8 13150.8 13150.8 13150.8
-1 -1 1 -1 -1 1 0 0 0 0 0 5.77173e-10 -0 0 0 -0 0 0 0 0 0 0 0 0 0 0 0 0 0 1 13150.8 13150.8 13150.8 13150.8
-1 -1 1 -1 -1 1 0 0 0 0 0 -1.62659e-09 -0 0 0 -0 0 0 0 0 0 0 0 0 0 0 0 0 0 1 13150.8 13150.8 13150.8 13150.8
-1 -1 1 -1 -1 1 0 0 0 0 0 3.46661e-09 -0 0 0 -0 0 0 0 0 0 0 0 0 0 0 0 0 0 1 13150.8 13150.8 13150.8 13150.8
-1 -1 1 -1 -1 1 0 0 0 0 0 1.28423e-09 -0 0 0 -0 0 0 0 0 0 0 0 0 0 0 0 0 0 1 13150.8 13150.8 13150.8 13150.8
-1 -1 1 -1 -1 1 0 0 0 0 0 -9.00184e-10 -0 0 0 -0 0 0 0 0 0 0 0 0 0 0 0 0 0 1 13150.8 13150.8 13150.8 13150.8
-1 -1 1 -1 -1 1 0 0 0 0 0 -3.09685e-09 -0 0 0 -0 0 0 0 0 0 0 0 0 0 0 0 0 0 1 13150.8 13150.8 13150.8 13150.8
-1 -1 1 -1 -1 1 0 0 0 0 0 1.99873e-09 -0 0 0 -0 0 0 0 0 0 0 0 0 0 0 0 0 0 1 13150.8 13150.8 13150.8 13150.8
-1 -1 1 -1 -1 1 0 0 0 0 0 -1.8988e-10 -0 0 0 -0 0 0 0 0 0 0 0 0 0 0 0 0 0 1 13150.8 13150.8 13150.8 13150.8
-1 -1 1 -1 -1 1 0 0 0 0 0 -2.38355e-09 -0 0 0 -0 0 0 0 0 0 0 0 0 0 0 0 0 0 1 13150.8 13150.8 13150.8 13150.8
-1 -1 1 -1 -1 1 0 0 0 0 0 2.71263e-09 -0 0 0 -0 0 0 0 0 0 0 0 0 0 0 0 0 0 1 13150.8 13150.8 13150.8 13150.8
-1 -1 1 -1 -1 1 0 0 0 0 0 5.33657e-10 -0 0 0 -0 0 0 0 0 0 0 0 0 0 0 0 0 0 1 13150.8 13150.8 13150.8 13150.8
-1 -1 1 -1 -1 1 0 0 0 0 0 -1.66056e-09 -0 0 0 -0 0 0 0 0 0 0 0 0 0 0 0 0 0 1 13150.8 13150.8 13150.8 13150.8
-1 -1 1 -1 -1 1 0 0 0 0 0 3.43445e-09 -0 0 0 -0 0 0 0 0 0 0 0 0 0 0 0 0 0 1 13150.8 13150.8 13150.8 13150.8
-1 -1 1 -1 -1 1 0 0 0 0 0 1.24725e-09 -0 0 0 -0 0 0 0 0 0 0 0 0 0 0 0 0 0 1 13150.8 13150.8 13150.8 13150.8
-1 -1 1 -1 -1 1 0 0 0 0 0 -9.53882e-10 -0 0 0 -0 0 0 0 0 0 0 0 0 0 0 0 0 0 1 13150.8 13150.8 13150.8 13150.8
-1 -1 1 -1 -1 1 0 0 0 0 0 -3.13133e-09 -0 0 0 -0 0 0 0 0 0 0 0 0 0 0 0 0 0 1 13150.8 13150.8 13150.8 13150.8
-1 -1 1 -1 -1 1 0 0 0 0 0 1.96635e-09 -0 0 0 -0 0 0 0 0 0 0 0 0 0 0 0 0 0 1 13150.8 13150.8 13150.8 13150.8
-1 -1 1 -1 -1 1 0 0 0 0 0 -2.20517e-10 -0 0 0 -0 0 0 0 0 0 0 0 0 0 0 0 0 0 1 13150.8 13150.8 13150.8 13150.8
-1 -1 1 -1 -1 1 0 0 0 0 0 -2.41749e-09 -0 0 0 -0 0 0 0 0 0 0 0 0 0 0 0 0 0 1 13150.8 13150.8 13150.8 13150.8
-1 -1 1 -1 -1 1 0 0 0 0 0 2.66378e-09 -0 0 0 -0 0 0 0 0 0 0 0 0 0 0 0 0 0 1 13150.8 13150.8 13150.8 13150.8
-1 -1 1 -1 -1 1 0 0 0 0 0 4.74151e-10 -0 0 0 -0 0 0 0 0 0 0 0 0 0 0 0 0 0 1 13150.8 13150.8 13150.8 13150.8
-1 -1 1 -1 -1 1 0 0 0 0 0 -1.71708e-09 -0 0 0 -0 0 0 0 0 0 0 0 0 0 0 0 0 0 1 13150.8 13150.8 13150.8 13150.8
-1 -1 1 -1 -1 1 0 0 0 0 0 3.38198e-09 -0 0 0 -0 0 0 0 0 0 0 0 0 0 0 0 0 0 1 13150.8 13150.8 13150.8 13150.8
-1 -1 1 -1 -1 1 0 0 0 0 0 1.19778e-09 -0 0 0 -0 0 0 0 0 0 0 0 0 0 0 0 0 0 1 13150.8 13150.8 13150.8 13150.8
-1 -1 1 -1 -1 1 0 0 0 0 0 -9.96822e-10 -0 0 0 -0 0 0 0 0 0 0 0 0 0 0 0 0 0 1 13150.8 13150.8 13150.8 13150.8
-1 -1 1 -1 -1 1 0 0 0 0 0 -3.19776e-09 -0 0 0 -0 0 0 0 0 0 0 0 0 0 0 0 0 0 1 13150.8 13150.8 13150.8 13150.8
-1 -1 1 -1 -1 1 0 0 0 0 0 1.88158e-09 -0 0 0 -0 0 0 0 0 0 0 0 0 0 0 0 0 0 1 13150.8 13150.8 13150.8 13150.8
-1 -1 1 -1 -1 1 0 0 0 0 0 -3.10917e-10 -0 0 0 -0 0 0 0 0 0 0 0 0 0 0 0 0 0 1 13150.8 13150.8 13150.8 13150.8
-1 -1 1 -1 -1 1 0 0 0 0 0 -2.50899e-09 -0 0 0 -0 0 0 0 0 0 0 0 0 0 0 0 0 0 1 13150.8 13150.8 13150.8 13150.8
-1 -1 1 -1 -1 1 0 0 0 0 0 2.56157e-09 -0 0 0 -0 0 0 0 0 0 0 0 0 0 0 0 0 0 1 13150.8 13150.8 13150.8 13150.8
-1 -1 1 -1 -1 1 0 0 0 0 0 3.75847e-10 -0 0 0 -0 0 0 0 0 0 0 0 0 0 0 0 0 0 1 13150.8 13150.8 13150.8 13150.8
-1 -1 1 -1 -1 1 0 0 0 0 0 -1.81096e-09 -0 0 0 -0 0 0 0 0 0 0 0 0 0 0 0 0 0 1 13150.8 13150.8 13150.8 13150.8
-1 -1 1 -1 -1 1 0 0 0 0 0 3.28301e-09 -0 0 0 -0 0 0 0 0 0 0 0 0 0 0 0 0 0 1 13150.8 13150.8 13150.8 13150.8
-1 -1 1 -1 -1 1 0 0 0 0 0 1.09264e-09 -0 0 0 -0 0 0 0 0 0 0 0 0 0 0 0 0 0 1 13150.8 13150.8 13150.8 13150.8
-1 -1 1 -1 -1 1 0 0 0 0 0 -1.09533e-09 -0 0 0 -0 0 0 0 0 0 0 0 0 0 0 0 0 0 1 13150.8 13150.8 13150.8 13150.8
-1 -1 1 -1 -1 1 0 0 0 0 0 -3.29646e-09 -0 0 0 -0 0 0 0 0 0 0 0 0 0 0 0 0 0 1 13150.8 13150.8 13150.8 13150.8
-1 -1 1 -1 -1 1 0 0 0 0 0 1.79253e-09 -0 0 0 -0 0 0 0 0 0 0 0 0 0 0 0 0 0 1 13150.8 13150.8 13150.8 13150.8
-1 -1 1 -1 -1 1 0 0 0 0 0 -3.96571e-10 -0 0 0 -0 0 0 0 0 0 0 0 0 0 0 0 0 0 1 13150.8 13150.8 13150.8 13150.8
-1 -1 1 -1 -1 1 0 0 0 0 0 -2.57776e-09 -0 0 0 -0 0 0 0 0 0 0 0 0 0 0 0 0 0 1 13150.8 13150.8 13150.8 13150.8
-1 -1 1 -1 -1 1 0 0 0 0 0 2.53507e-09 -0 0 0 -0 0 0 0 0 0 0 0 0 0 0 0 0 0 1 13150.8 13150.8 13150.8 13150.8
-1 -1 1 -1 -1 1 0 0 0 0 0 3.55535e-10 -0 0 0 -0 0 0 0 0 0 0 0 0 0 0 0 0 0 1 13150.8 13150.8 13150.8 13150.8
-1 -1 1 -1 -1 1 0 0 0 0 0 -1.84397e-09 -0 0 0 -0 0 0 0 0 0 0 0 0 0 0 0 0 0 1 13150.8 13150.8 13150.8 13150.8
-1 -1 1 -1 -1 1 0 0 0 0 0 3.24509e-09 -0 0 0 -0 0 0 0 0 0 0 0 0 0 0 0 0 0 1 13150.8 13150.8 13150.8 13150.8
-1 -1 1 -1 -1 1 0 0 0 0 0 1.05539e-09 -0 0 0 -0 0 0 0 0 0 0 0 0 0 0 0 0 0 1 13150.8 13150.8 13150.8 13150.8
-1 -1 1 -1 -1 1 0 0 0 0 0 -1.13332e-09 -0 0 0 -0 0 0 0 0 0 0 0 0 0 0 0 0 0 1 13150.8 13150.8 13150.8 13150.8
-1 -1 1 -1 -1 1 0 0 0 0 0 -3.3249e-09 -0 0 0 -0 0 0 0 0 0 0 0 0 0 0 0 0 0 1 13150.8 13150.8 13150.8 13150.8
-1 -1 1 -1 -1 1 0 0 0 0 0 1.77285e-09 -0 0 0 -0 0 0 0 0 0 0 0 0 0 0 0 0 0 1 13150.8 13150.8 13150.8 13150.8
-1 -1 1 -1 -1 1 0 0 0 0 0 -4.20507e-10 -0 0 0 -0 0 0 0 0 0 0 0 0 0 0 0 0 0 1 13150.8 13150.8 13150.8 13150.8
-1 -1 1 -1 -1 1 0 0 0 0 0 -2.60406e-09 -0 0 0 -0 0 0 0 0 0 0 0 0 0 0 0 0 0 1 13150.8 13150.8 13150.8 13150.8
-1 -1 1 -1 -1 1 0 0 0 0 0 2.50247e-09 -0 0 0 -0 0 0 0 0 0 0 0 0 0 0 0 0 0 1 13150.8 13150.8 13150.8 13150.8
-1 -1 1 -1 -1 1 0 0 0 0 0 3.10917e-10 -0 0 0 -0 0 0 0 0 0 0 0 0 0 0 0 0 0 1 13150.8 13150.8 13150.8 13150.8
-1 -1 1 -1 -1 1 0 0 0 0 0 -1.87848e-09 -0 0 0 -0 0 0 0 0 0 0 0 0 0 0 0 0 0 1 13150.8 13150.8 13150.8 13150.8
-1 -1 1 -1 -1 1 0 0 0 0 0 3.20808e-09 -0 0 0 -0 0 0 0 0 0 0 0 0 0 0 0 0 0 1 13150.8 13150.8 13150.8 13150.8
-1 -1 1 -1 -1 1 0 0 0 0 0 1.01042e-09 -0 0 0 -0 0 0 0 0 0 0 0 0 0 0 0 0 0 1 13150.8 13150.8 13150.8 13150.8
-1 -1 1 -1 -1 1 0 0 0 0 0 -1.16726e-09 -0 0 0 -0 0 0 0 0 0 0 0 0 0 0 0 0 0 1 13150.8 13150.8 13150.8 13150.8
-1 -1 1 -1 -1 1 0 0 0 0 0 -3.356e-09 -0 0 0 -0 0 0 0 0 0 0 0 0 0 0 0 0 0 1 13150.8 13150.8 13150.8 13150.8
-1 -1 1 -1 -1 1 0 0 0 0 0 1.74593e-09 -0 0 0 -0 0 0 0 0 0 0 0 0 0 0 0 0 0 1 13150.8 13150.8 13150.8 13150.8
-1 -1 1 -1 -1 1 0 0 0 0 0 -4.39447e-10 -0 0 0 -0 0 0 0 0 0 0 0 0 0 0 0 0 0 1 13150.8 13150.8 13150.8 13150.8
-1 -1 1 -1 -1 1 0 0 0 0 0 -2.62664e-09 -0 0 0 -0 0 0 0 0 0 0 0 0 0 0 0 0 0 1 13150.8 13150.8 13150.8 13150.8
-1 -1 1 -1 -1 1 0 0 0 0 0 2.47831e-09 -0 0 0 -0 0 0 0 0 0 0 0 0 0 0 0 0 0 1 13150.8 13150.8 13150.8 13150.8
-1 -1 1 -1 -1 1 0 0 0 0 0 2.9131e-10 -0 0 0 -0 0 0 0 0 0 0 0 0 0 0 0 0 0 1 13150.8 13150.8 13150.8 13150.8
-1 -1 1 -1 -1 1 0 0 0 0 0 -1.89468e-09 -0 0 0 -0 0 0 0 0 0 0 0 0 0 0 0 0 0 1 13150.8 13150.8 13150.8 13150.8
-1 -1 1 -1 -1 1 0 0 0 0 0 3.24028e-09 -0 0 0 -0 0 0 0 0 0 0 0 0 0 0 0 0 0 1 13150.8 13150.8 13150.8 13150.8
-1 -1 1 -1 -1 1 0 0 0 0 0 1.0588e-09 -0 0 0 -0 0 0 0 0 0 0 0 0 0 0 0 0 0 1 13150.8 13150.8 13150.8 13150.8
-1 -1 1 -1 -1 1 0 0 0 0 0 -1.12748e-09 -0 0 0 -0 0 0 0 0 0 0 0 0 0 0 0 0 0 1 13150.8 13150.8 13150.8 13150.8
-1 -1 1 -1 -1 1 0 0 0 0 0 -3.31792e-09 -0 0 0 -0 0 0 0 0 0 0 0 0 0 0 0 0 0 1 13150.8 13150.8 13150.8 13150.8
-1 -1 1 -1 -1 1 0 0 0 0 0 1.78168e-09 -0 0 0 -0 0 0 0 0 0 0 0 0 0 0 0 0 0 1 13150.8 13150.8 13150.8 13150.8
-1 -1 1 -1 -1 1 0 0 0 0 0 -4.07568e-10 -0 0 0 -0 0 0 0 0 0 0 0 0 0 0 0 0 0 1 13150.8 13150.8 13150.8 13150.8
-1 -1 1 -1 -1 1 0 0 0 0 0 -2.59521e-09 -0 0 0 -0 0 0 0 0 0 0 0 0 0 0 0 0 0 1 13150.8 13150.8 13150.8 13150.8
-1 -1 1 -1 -1 1 0 0 0 0 0 2.50331e-09 -0 0 0 -0 0 0 0 0 0 0 0 0 0 0 0 0 0 1 13150.8 13150.8 13150.8 13150.8
-1 -1 1 -1 -1 1 0 0 0 0 0 3.17301e-10 -0 0 0 -0 0 0 0 0 0 0 0 0 0 0 0 0 0 1 13150.8 13150.8 13150.8 13150.8
-1 -1 1 -1 -1 1 0 0 0 0 0 -1.87091e-09 -0 0 0 -0 0 0 0 0 0 0 0 0 0 0 0 0 0 1 13150.8 13150.8 13150.8 13150.8
-1 -1 1 -1 -1 1 0 0 0 0 0 3.23212e-09 -0 0 0 -0 0 0 0 0 0 0 0 0 0 0 0 0 0 1 13150.8 13150.8 13150.8 13150.8
-1 -1 1 -1 -1 1 0 0 0 0 0 1.02995e-09 -0 0 0 -0 0 0 0 0 0 0 0 0 0 0 0 0 0 1 13150.8 13150.8 13150.8 13150.8
-1 -1 1 -1 -1 1 0 0 0 0 0 -1.14479e-09 -0 0 0 -0 0 0 0 0 0 0 0 0 0 0 0 0 0 1 13150.8 13150.8 13150.8 13150.8
-1 -1 1 -1 -1 1 0 0 0 0 0 -3.33475e-09 -0 0 0 -0 0 0 0 0 0 0 0 0 0 0 0 0 0 1 13150.8 13150.8 13150.8 13150.8
-1 -1 1 -1 -1 1 0 0 0 0 0 1.76392e-09 -0 0 0 -0 0 0 0 0 0 0 0 0 0 0 0 0 0 1 13150.8 13150.8 13150.8 13150.8
-1 -1 1 -1 -1 1 0 0 0 0 0 -4.2492e-10 -0 0 0 -0 0 0 0 0 0 0 0 0 0 0 0 0 0 1 13150.8 13150.8 13150.8 13150.8
-1 -1 1 -1 -1 1 0 0 0 0 0 -2.61286e-09 -0 0 0 -0 0 0 0 0 0 0 0 0 0 0 0 0 0 1 13150.8 13150.8 13150.8 13150.8
-1 -1 1 -1 -1 1 0 0 0 0 0 2.48657e-09 -0 0 0 -0 0 0 0 0 0 0 0 0 0 0 0 0 0 1 13150.8 13150.8 13150.8 13150.8
-1 -1 1 -1 -1 1 0 0 0 0 0 2.97044e-10 -0 0 0 -0 0 0 0 0 0 0 0 0 0 0 0 0 0 1 13150.8 13150.8 13150.8 13150.8
-1 -1 1 -1 -1 1 0 0 0 0 0 -1.89593e-09 -0 0 0 -0 0 0 0 0 0 0 0 0 0 0 0 0 0 1 13150.8 13150.8 13150.8 13150.8
-1 -1 1 -1 -1 1 0 0 0 0 0 3.21626e-09 -0 0 0 -0 0 0 0 0 0 0 0 0 0 0 0 0 0 1 13150.8 13150.8 13150.8 13150.8
-1 -1 1 -1 -1 1 0 0 0 0 0 1.03253e-09 -0 0 0 -0 0 0 0 0 0 0 0 0 0 0 0 0 0 1 13150.8 13150.8 13150.8 13150.8
-1 -1 1 -1 -1 1 0 0 0 0 0 -1.15424e-09 -0 0 0 -0 0 0 0 0 0 0 0 0 0 0 0 0 0 1 13150.8 13150.8 13150.8 13150.8
-1 -1 1 -1 -1 1 0 0 0 0 0 -3.34344e-09 -0 0 0 -0 0 0 0 0 0 0 0 0 0 0 0 0 0 1 13150.8 13150.8 13150.8 13150.8
-1 -1 1 -1 -1 1 0 0 0 0 0 1.75361e-09 -0 0 0 -0 0 0 0 0 0 0 0 0 0 0 0 0 0 1 13150.8 13150.8 13150.8 13150.8
-1 -1 1 -1 -1 1 0 0 0 0 0 -4.35602e-10 -0 0 0 -0 0 0 0 0 0 0 0 0 0 0 0 0 0 1 13150.8 13150.8 13150.8 13150.8
-1 -1 1 -1 -1 1 0 0 0 0 0 -2.63086e-09 -0 0 0 -0 0 0 0 0 0 0 0 0 0 0 0 0 0 1 13150.8 13150.8 13150.8 13150.8
-1 -1 1 -1 -1 1 0 0 0 0 0 2.44925e-09 -0 0 0 -0 0 0 0 0 0 0 0 0 0 0 0 0 0 1 13150.8 13150.8 13150.8 13150.8
-1 -1 1 -1 -1 1 0 0 0 0 0 2.5955e-10 -0 0 0 -0 0 0 0 0 0 0 0 0 0 0 0 0 0 1 13150.8 13150.8 13150.8 13150.8
-1 -1 1 -1 -1 1 0 0 0 0 0 -1.92802e-09 -0 0 0 -0 0 0 0 0 0 0 0 0 0 0 0 0 0 1 13150.8 13150.8 13150.8 13150.8
-1 -1 1 -1 -1 1 0 0 0 0 0 3.183e-09 -0 0 0 -0 0 0 0 0 0 0 0 0 0 0 0 0 0 1 13150.8 13150.8 13150.8 13150.8
-1 -1 1 -1 -1 1 0 0 0 0 0 9.97704e-10 -0 0 0 -0 0 0 0 0 0 0 0 0 0 0 0 0 0 1 13150.8 13150.8 13150.8 13150.8
-1 -1 1 -1 -1 1 0 0 0 0 0 -1.19053e-09 -0 0 0 -0 0 0 0 0 0 0 0 0 0 0 0 0 0 1 13150.8 13150.8 13150.8 13150.8
-1 -1 1 -1 -1 1 0 0 0 0 0 -3.38018e-09 -0 0 0 -0 0 0 0 0 0 0 0 0 0 0 0 0 0 1 13150.8 13150.8 13150.8 13150.8
-1 -1 1 -1 -1 1 0 0 0 0 0 1.72087e-09 -0 0 0 -0 0 0 0 0 0 0 0 0 0 0 0 0 0 1 13150.8 13150.8 13150.8 13150.8
-1 -1 1 -1 -1 1 0 0 0 0 0 -4.66399e-10 -0 0 0 -0 0 0 0 0 0 0 0 0 0 0 0 0 0 1 13150.8 13150.8 13150.8 13150.8
-1 -1 1 -1 -1 1 0 0 0 0 0 -2.66356e-09 -0 0 0 -0 0 0 0 0 0 0 0 0 0 0 0 0 0 1 13150.8 13150.8 13150.8 13150.8
-1 -1 1 -1 -1 1 0 0 0 0 0 2.43005e-09 -0 0 0 -0 0 0 0 0 0 0 0 0 0 0 0 0 0 1 13150.8 13150.8 13150.8 13150.8
-1 -1 1 -1 -1 1 0 0 0 0 0 2.46573e-10 -0 0 0 -0 0 0 0 0 0 0 0 0 0 0 0 0 0 1 13150.8 13150.8 13150.8 13150.8
-1 -1 1 -1 -1 1 0 0 0 0 0 -1.94328e-09 -0 0 0 -0 0 0 0 0 0 0 0 0 0 0 0 0 0 1 13150.8 13150.8 13150.8 13150.8
-1 -1 1 -1 -1 1 0 0 0 0 0 3.17312e-09 -0 0 0 -0 0 0 0 0 0 0 0 0 0 0 0 0 0 1 13150.8 13150.8 13150.8 13150.8
-1 -1 1 -1 -1 1 0 0 0 0 0 9.83145e-10 -0 0 0 -0 0 0 0 0 0 0 0 0 0 0 0 0 0 1 13150.8 13150.8 13150.8 13150.8
-1 -1 1 -1 -1 1 0 0 0 0 0 -1.20447e-09 -0 0 0 -0 0 0 0 0 0 0 0 0 0 0 0 0 0 1 13150.8 13150.8 13150.8 13150.8
-1 -1 1 -1 -1 1 0 0 0 0 0 -3.38982e-09 -0 0 0 -0 0 0 0 0 0 0 0 0 0 0 0 0 0 1 13150.8 13150.8 13150.8 13150.8
-1 -1 1 -1 -1 1 0 0 0 0 0 1.70725e-09 -0 0 0 -0 0 0 0 0 0 0 0 0 0 0 0 0 0 1 13150.8 13150.8 13150.8 13150.8
-1 -1 1 -1 -1 1 0 0 0 0 0 -4.93152e-10 -0 0 0 -0 0 0 0 0 0 0 0 0 0 0 0 0 0 1 13150.8 13150.8 13150.8 13150.8
-1 -1 1 -1 -1 1 0 0 0 0 0 -2.6887e-09 -0 0 0 -0 0 0 0 0 0 0 0 0 0 0 0 0 0 1 13150.8 13150.8 13150.8 13150.8
-1 -1 1 -1 -1 1 0 0 0 0 0 2.38294e-09 -0 0 0 -0 0 0 0 0 0 0 0 0 0 0 0 0 0 1 13150.8 13150.8 13150.8 13150.8
-1 -1 1 -1 -1 1 0 0 0 0 0 1.91991e-10 -0 0 0 -0 0 0 0 0 0 0 0 0 0 0 0 0 0 1 13150.8 13150.8 13150.8 13150.8
-1 -1 1 -1 -1 1 0 0 0 0 0 -1.99015e-09 -0 0 0 -0 0 0 0 0 0 0 0 0 0 0 0 0 0 1 13150.8 13150.8 13150.8 13150.8
-1 -1 1 -1 -1 1 0 0 0 0 0 3.09426e-09 -0 0 0 -0 0 0 0 0 0 0 0 0 0 0 0 0 0 1 13150.8 13150.8 13150.8 13150.8
-1 -1 1 -1 -1 1 0 0 0 0 0 8.97976e-10 -0 0 0 -0 0 0 0 0 0 0 0 0 0 0 0 0 0 1 13150.8 13150.8 13150.8 13150.8
-1 -1 1 -1 -1 1 0 0 0 0 0 -1.30312e-09 -0 0 0 -0 0 0 0 0 0 0 0 0 0 0 0 0 0 1 13150.8 13150.8 13150.8 13150.8
-1 -1 1 -1 -1 1 0 0 0 0 0 -3.48776e-09 -0 0 0 -0 0 0 0 0 0 0 0 0 0 0 0 0 0 1 13150.8 13150.8 13150.8 13150.8
-1 -1 1 -1 -1 1 0 0 0 0 0 1.59091e-09 -0 0 0 -0 0 0 0 0 0 0 0 0 0 0 0 0 0 1 13150.8 13150.8 13150.8 13150.8
-1 -1 1 -1 -1 1 0 0 0 0 0 -6.02967e-10 -0 0 0 -0 0 0 0 0 0 0 0 0 0 0 0 0 0 1 13150.8 13150.8 13150.8 13150.8
-1 -1 1 -1 -1 1 0 0 0 0 0 -2.78208e-09 -0 0 0 -0 0 0 0 0 0 0 0 0 0 0 0 0 0 1 13150.8 13150.8 13150.8 13150.8
-1 -1 1 -1 -1 1 0 0 0 0 0 2.32377e-09 -0 0 0 -0 0 0 0 0 0 0 0 0 0 0 0 0 0 1 13150.8 13150.8 13150.8 13150.8
-1 -1 1 -1 -1 1 0 0 0 0 0 1.38531e-10 -0 0 0 -0 0 0 0 0 0 0 0 0 0 0 0 0 0 1 13150.8 13150.8 13150.8 13150.8
-1 -1 1 -1 -1 1 0 0 0 0 0 -2.05511e-09 -0 0 0 -0 0 0 0 0 0 0 0 0 0 0 0 0 0 1 13150.8 13150.8 13150.8 13150.8
-1 -1 1 -1 -1 1 0 0 0 0 0 3.04084e-09 -0 0 0 -0 0 0 0 0 0 0 0 0 0 0 0 0 0 1 13150.8 13150.8 13150.8 13150.8
-1 -1 1 -1 -1 1 0 0 0 0 0 8.51214e-10 -0 0 0 -0 0 0 0 0 0 0 0 0 0 0 0 0 0 1 13150.8 13150.8 13150.8 13150.8
-1 -1 1 -1 -1 1 0 0 0 0 0 -1.3461e-09 -0 0 0 -0 0 0 0 0 0 0 0 0 0 0 0 0 0 1 13150.8 13150.8 13150.8 13150.8
-1 -1 1 -1 -1 1 0 0 0 0 0 -3.53147e-09 -0 0 0 -0 0 0 0 0 0 0 0 0 0 0 0 0 0 1 13150.8 13150.8 13150.8 13150.8
-1 -1 1 -1 -1 1 0 0 0 0 0 1.55309e-09 -0 0 0 -0 0 0 0 0 0 0 0 0 0 0 0 0 0 1 13150.8 13150.8 13150.8 13150.8
-1 -1 1 -1 -1 1 0 0 0 0 0 -6.36666e-10 -0 0 0 -0 0 0 0 0 0 0 0 0 0 0 0 0 0 1 13150.8 13150.8 13150.8 13150.8
-1 -1 1 -1 -1 1 0 0 0 0 0 -2.83793e-09 -0 0 0 -0 0 0 0 0 0 0 0 0 0 0 0 0 0 1 13150.8 13150.8 13150.8 13150.8
-1 -1 1 -1 -1 1 0 0 0 0 0 2.22801e-09 -0 0 0 -0 0 0 0 0 0 0 0 0 0 0 0 0 0 1 13150.8 13150.8 13150.8 13150.8
-1 -1 1 -1 -1 1 0 0 0 0 0 4.03474e-11 -0 0 0 -0 0 0 0 0 0 0 0 0 0 0 0 0 0 1 13150.8 13150.8 13150.8 13150.8
-1 -1 1 -1 -1 1 0 0 0 0 0 -2.14991e-09 -0 0 0 -0 0 0 0 0 0 0 0 0 0 0 0 0 0 1 13150.8 13150.8 13150.8 13150.8
-1 -1 1 -1 -1 1 0 0 0 0 0 2.94557e-09 -0 0 0 -0 0 0 0 0 0 0 0 0 0 0 0 0 0 1 13150.8 13150.8 13150.8 13150.8
-1 -1 1 -1 -1 1 0 0 0 0 0 7.56724e-10 -0 0 0 -0 0 0 0 0 0 0 0 0 0 0 0 0 0 1 13150.8 13150.8 13150.8 13150.8
-1 -1 1 -1 -1 1 0 0 0 0 0 -1.44364e-09 -0 0 0 -0 0 0 0 0 0 0 0 0 0 0 0 0 0 1 13150.8 13150.8 13150.8 13150.8
-1 -1 1 -1 -1 1 0 0 0 0 0 3.63768e-09 -0 0 0 -0 0 0 0 0 0 0 0 0 0 0 0 0 0 1 13150.8 13150.8 13150.8 13150.8
-1 -1 1 -1 -1 1 0 0 0 0 0 1.44616e-09 -0 0 0 -0 0 0 0 0 0 0 0 0 0 0 0 0 0 1 13150.8 13150.8 13150.8 13150.8
-1 -1 1 -1 -1 1 0 0 0 0 0 -7.36812e-10 -0 0 0 -0 0 0 0 0 0 0 0 0 0 0 0 0 0 1 13150.8 13150.8 13150.8 13150.8
-1 -1 1 -1 -1 1 0 0 0 0 0 -2.92546e-09 -0 0 0 -0 0 0 0 0 0 0 0 0 0 0 0 0 0 1 13150.8 13150.8 13150.8 13150.8
-1 -1 1 -1 -1 1 0 0 0 0 0 2.1682e-09 -0 0 0 -0 0 0 0 0 0 0 0 0 0 0 0 0 0 1 13150.8 13150.8 13150.8 13150.8
-1 -1 1 -1 -1 1 0 0 0 0 0 -2.11741e-11 -0 0 0 -0 0 0 0 0 0 0 0 0 0 0 0 0 0 1 13150.8 13150.8 13150.8 13150.8
-1 -1 1 -1 -1 1 0 0 0 0 0 -2.22824e-09 -0 0 0 -0 0 0 0 0 0 0 0 0 0 0 0 0 0 1 13150.8 13150.8 13150.8 13150.8
-1 -1 1 -1 -1 1 0 0 0 0 0 2.84274e-09 -0 0 0 -0 0 0 0 0 0 0 0 0 0 0 0 0 0 1 13150.8 13150.8 13150.8 13150.8
-1 -1 1 -1 -1 1 0 0 0 0 0 6.54824e-10 -0 0 0 -0 0 0 0 0 0 0 0 0 0 0 0 0 0 1 13150.8 13150.8 13150.8 13150.8
-1 -1 1 -1 -1 1 0 0 0 0 0 -1.53104e-09 -0 0 0 -0 0 0 0 0 0 0 0 0 0 0 0 0 0 1 13150.8 13150.8 13150.8 13150.8
-1 -1 1 -1 -1 1 0 0 0 0 0 3.57473e-09 -0 0 0 -0 0 0 0 0 0 0 0 0 0 0 0 0 0 1 13150.8 13150.8 13150.8 13150.8
-1 -1 1 -1 -1 1 0 0 0 0 0 1.38567e-09 -0 0 0 -0 0 0 0 0 0 0 0 0 0 0 0 0 0 1 13150.8 13150.8 13150.8 13150.8
-1 -1 1 -1 -1 1 0 0 0 0 0 -8.04456e-10 -0 0 0 -0 0 0 0 0 0 0 0 0 0 0 0 0 0 1 13150.8 13150.8 13150.8 13150.8
-1 -1 1 -1 -1 1 0 0 0 0 0 -2.99456e-09 -0 0 0 -0 0 0 0 0 0 0 0 0 0 0 0 0 0 1 13150.8 13150.8 13150.8 13150.8
-1 -1 1 -1 -1 1 0 0 0 0 0 2.09541e-09 -0 0 0 -0 0 0 0 0 0 0 0 0 0 0 0 0 0 1 13150.8 13150.8 13150.8 13150.8
-1 -1 1 -1 -1 1 0 0 0 0 0 -9.4045e-11 -0 0 0 -0 0 0 0 0 0 0 0 0 0 0 0 0 0 1 13150.8 13150.8 13150.8 13150.8
-1 -1 1 -1 -1 1 0 0 0 0 0 -2.28321e-09 -0 0 0 -0 0 0 0 0 0 0 0 0 0 0 0 0 0 1 13150.8 13150.8 13150.8 13150.8
-1 -1 1 -1 -1 1 0 0 0 0 0 2.81187e-09 -0 0 0 -0 0 0 0 0 0 0 0 0 0 0 0 0 0 1 13150.8 13150.8 13150.8 13150.8
-1 -1 1 -1 -1 1 0 0 0 0 0 6.22165e-10 -0 0 0 -0 0 0 0 0 0 0 0 0 0 0 0 0 0 1 13150.8 13150.8 13150.8 13150.8
-1 -1 1 -1 -1 1 0 0 0 0 0 -1.57779e-09 -0 0 0 -0 0 0 0 0 0 0 0 0 0 0 0 0 0 1 13150.8 13150.8 13150.8 13150.8
-1 -1 1 -1 -1 1 0 0 0 0 0 3.49625e-09 -0 0 0 -0 0 0 0 0 0 0 0 0 0 0 0 0 0 1 13150.8 13150.8 13150.8 13150.8
-1 -1 1 -1 -1 1 0 0 0 0 0 1.30929e-09 -0 0 0 -0 0 0 0 0 0 0 0 0 0 0 0 0 0 1 13150.8 13150.8 13150.8 13150.8
-1 -1 1 -1 -1 1 0 0 0 0 0 -8.78651e-10 -0 0 0 -0 0 0 0 0 0 0 0 0 0 0 0 0 0 1 13150.8 13150.8 13150.8 13150.8
-1 -1 1 -1 -1 1 0 0 0 0 0 -3.07291e-09 -0 0 0 -0 0 0 0 0 0 0 0 0 0 0 0 0 0 1 13150.8 13150.8 13150.8 13150.8
-1 -1 1 -1 -1 1 0 0 0 0 0 2.01657e-09 -0 0 0 -0 0 0 0 0 0 0 0 0 0 0 0 0 0 1 13150.8 13150.8 13150.8 13150.8
-1 -1 1 -1 -1 1 0 0 0 0 0 -1.7101e-10 -0 0 0 -0 0 0 0 0 0 0 0 0 0 0 0 0 0 1 13150.8 13150.8 13150.8 13150.8
-1 -1 1 -1 -1 1 0 0 0 0 0 -2.37137e-09 -0 0 0 -0 0 0 0 0 0 0 0 0 0 0 0 0 0 1 13150.8 13150.8 13150.8 13150.8
-1 -1 1 -1 -1 1 0 0 0 0 0 2.72158e-09 -0 0 0 -0 0 0 0 0 0 0 0 0 0 0 0 0 0 1 13150.8 13150.8 13150.8 13150.8
-1 -1 1 -1 -1 1 0 0 0 0 0 5.29178e-10 -0 0 0 -0 0 0 0 0 0 0 0 0 0 0 0 0 0 1 13150.8 13150.8 13150.8 13150.8
-1 -1 1 -1 -1 1 0 0 0 0 0 -1.65338e-09 -0 0 0 -0 0 0 0 0 0 0 0 0 0 0 0 0 0 1 13150.8 13150.8 13150.8 13150.8
-1 -1 1 -1 -1 1 0 0 0 0 0 3.44375e-09 -0 0 0 -0 0 0 0 0 0 0 0 0 0 0 0 0 0 1 13150.8 13150.8 13150.8 13150.8
-1 -1 1 -1 -1 1 0 0 0 0 0 1.25395e-09 -0 0 0 -0 0 0 0 0 0 0 0 0 0 0 0 0 0 1 13150.8 13150.8 13150.8 13150.8
-1 -1 1 -1 -1 1 0 0 0 0 0 -9.37831e-10 -0 0 0 -0 0 0 0 0 0 0 0 0 0 0 0 0 0 1 13150.8 13150.8 13150.8 13150.8
-1 -1 1 -1 -1 1 0 0 0 0 0 -3.12727e-09 -0 0 0 -0 0 0 0 0 0 0 0 0 0 0 0 0 0 1 13150.8 13150.8 13150.8 13150.8
-1 -1 1 -1 -1 1 0 0 0 0 0 1.96423e-09 -0 0 0 -0 0 0 0 0 0 0 0 0 0 0 0 0 0 1 13150.8 13150.8 13150.8 13150.8
-1 -1 1 -1 -1 1 0 0 0 0 0 -2.20727e-10 -0 0 0 -0 0 0 0 0 0 0 0 0 0 0 0 0 0 1 13150.8 13150.8 13150.8 13150.8
-1 -1 1 -1 -1 1 0 0 0 0 0 -2.40933e-09 -0 0 0 -0 0 0 0 0 0 0 0 0 0 0 0 0 0 1 13150.8 13150.8 13150.8 13150.8
-1 -1 1 -1 -1 1 0 0 0 0 0 2.69275e-09 -0 0 0 -0 0 0 0 0 0 0 0 0 0 0 0 0 0 1 13150.8 13150.8 13150.8 13150.8
-1 -1 1 -1 -1 1 0 0 0 0 0 5.03201e-10 -0 0 0 -0 0 0 0 0 0 0 0 0 0 0 0 0 0 1 13150.8 13150.8 13150.8 13150.8
-1 -1 1 -1 -1 1 0 0 0 0 0 -1.68654e-09 -0 0 0 -0 0 0 0 0 0 0 0 0 0 0 0 0 0 1 13150.8 13150.8 13150.8 13150.8
-1 -1 1 -1 -1 1 0 0 0 0 0 3.41106e-09 -0 0 0 -0 0 0 0 0 0 0 0 0 0 0 0 0 0 1 13150.8 13150.8 13150.8 13150.8
-1 -1 1 -1 -1 1 0 0 0 0 0 1.22421e-09 -0 0 0 -0 0 0 0 0 0 0 0 0 0 0 0 0 0 1 13150.8 13150.8 13150.8 13150.8
-1 -1 1 -1 -1 1 0 0 0 0 0 -9.65603e-10 -0 0 0 -0 0 0 0 0 0 0 0 0 0 0 0 0 0 1 13150.8 13150.8 13150.8 13150.8
-1 -1 1 -1 -1 1 0 0 0 0 0 -3.15544e-09 -0 0 0 -0 0 0 0 0 0 0 0 0 0 0 0 0 0 1 13150.8 13150.8 13150.8 13150.8
-1 -1 1 -1 -1 1 0 0 0 0 0 1.93904e-09 -0 0 0 -0 0 0 0 0 0 0 0 0 0 0 0 0 0 1 13150.8 13150.8 13150.8 13150.8
-1 -1 1 -1 -1 1 0 0 0 0 0 -2.49937e-10 -0 0 0 -0 0 0 0 0 0 0 0 0 0 0 0 0 0 1 13150.8 13150.8 13150.8 13150.8
-1 -1 1 -1 -1 1 0 0 0 0 0 -2.43848e-09 -0 0 0 -0 0 0 0 0 0 0 0 0 0 0 0 0 0 1 13150.8 13150.8 13150.8 13150.8
-1 -1 1 -1 -1 1 0 0 0 0 0 2.67229e-09 -0 0 0 -0 0 0 0 0 0 0 0 0 0 0 0 0 0 1 13150.8 13150.8 13150.8 13150.8
-1 -1 1 -1 -1 1 0 0 0 0 0 4.81085e-10 -0 0 0 -0 0 0 0 0 0 0 0 0 0 0 0 0 0 1 13150.8 13150.8 13150.8 13150.8
-1 -1 1 -1 -1 1 0 0 0 0 0 -1.70514e-09 -0 0 0 -0 0 0 0 0 0 0 0 0 0 0 0 0 0 1 13150.8 13150.8 13150.8 13150.8
-1 -1 1 -1 -1 1 0 0 0 0 0 3.40635e-09 -0 0 0 -0 0 0 0 0 0 0 0 0 0 0 0 0 0 1 13150.8 13150.8 13150.8 13150.8
-1 -1 1 -1 -1 1 0 0 0 0 0 1.22169e-09 -0 0 0 -0 0 0 0 0 0 0 0 0 0 0 0 0 0 1 13150.8 13150.8 13150.8 13150.8
-1 -1 1 -1 -1 1 0 0 0 0 0 -9.7316e-10 -0 0 0 -0 0 0 0 0 0 0 0 0 0 0 0 0 0 1 13150.8 13150.8 13150.8 13150.8
-1 -1 1 -1 -1 1 0 0 0 0 0 -3.16468e-09 -0 0 0 -0 0 0 0 0 0 0 0 0 0 0 0 0 0 1 13150.8 13150.8 13150.8 13150.8
-1 -1 1 -1 -1 1 0 0 0 0 0 1.92363e-09 -0 0 0 -0 0 0 0 0 0 0 0 0 0 0 0 0 0 1 13150.8 13150.8 13150.8 13150.8
-1 -1 1 -1 -1 1 0 0 0 0 0 -2.60575e-10 -0 0 0 -0 0 0 0 0 0 0 0 0 0 0 0 0 0 1 13150.8 13150.8 13150.8 13150.8
-1 -1 1 -1 -1 1 0 0 0 0 0 -2.45432e-09 -0 0 0 -0 0 0 0 0 0 0 0 0 0 0 0 0 0 1 13150.8 13150.8 13150.8 13150.8
-1 -1 1 -1 -1 1 0 0 0 0 0 2.63156e-09 -0 0 0 -0 0 0 0 0 0 0 0 0 0 0 0 0 0 1 13150.8 13150.8 13150.8 13150.8
-1 -1 1 -1 -1 1 0 0 0 0 0 4.38789e-10 -0 0 0 -0 0 0 0 0 0 0 0 0 0 0 0 0 0 1 13150.8 13150.8 13150.8 13150.8
-1 -1 1 -1 -1 1 0 0 0 0 0 -1.74642e-09 -0 0 0 -0 0 0 0 0 0 0 0 0 0 0 0 0 0 1 13150.8 13150.8 13150.8 13150.8
-1 -1 1 -1 -1 1 0 0 0 0 0 3.34393e-09 -0 0 0 -0 0 0 0 0 0 0 0 0 0 0 0 0 0 1 13150.8 13150.8 13150.8 13150.8
-1 -1 1 -1 -1 1 0 0 0 0 0 1.15218e-09 -0 0 0 -0 0 0 0 0 0 0 0 0 0 0 0 0 0 1 13150.8 13150.8 13150.8 13150.8
-1 -1 1 -1 -1 1 0 0 0 0 0 -1.04217e-09 -0 0 0 -0 0 0 0 0 0 0 0 0 0 0 0 0 0 1 13150.8 13150.8 13150.8 13150.8
-1 -1 1 -1 -1 1 0 0 0 0 0 -3.22179e-09 -0 0 0 -0 0 0 0 0 0 0 0 0 0 0 0 0 0 1 13150.8 13150.8 13150.8 13150.8
-1 -1 1 -1 -1 1 0 0 0 0 0 1.87586e-09 -0 0 0 -0 0 0 0 0 0 0 0 0 0 0 0 0 0 1 13150.8 13150.8 13150.8 13150.8
-1 -1 1 -1 -1 1 0 0 0 0 0 -3.14067e-10 -0 0 0 -0 0 0 0 0 0 0 0 0 0 0 0 0 0 1 13150.8 13150.8 13150.8 13150.8
-1 -1 1 -1 -1 1 0 0 0 0 0 -2.51015e-09 -0 0 0 -0 0 0 0 0 0 0 0 0 0 0 0 0 0 1 13150.8 13150.8 13150.8 13150.8
-1 -1 1 -1 -1 1 0 0 0 0 0 2.58621e-09 -0 0 0 -0 0 0 0 0 0 0 0 0 0 0 0 0 0 1 13150.8 13150.8 13150.8 13150.8
-1 -1 1 -1 -1 1 0 0 0 0 0 3.99467e-10 -0 0 0 -0 0 0 0 0 0 0 0 0 0 0 0 0 0 1 13150.8 13150.8 13150.8 13150.8
-1 -1 1 -1 -1 1 0 0 0 0 0 -1.79013e-09 -0 0 0 -0 0 0 0 0 0 0 0 0 0 0 0 0 0 1 13150.8 13150.8 13150.8 13150.8
-1 -1 1 -1 -1 1 0 0 0 0 0 3.30295e-09 -0 0 0 -0 0 0 0 0 0 0 0 0 0 0 0 0 0 1 13150.8 13150.8 13150.8 13150.8
-1 -1 1 -1 -1 1 0 0 0 0 0 1.11248e-09 -0 0 0 -0 0 0 0 0 0 0 0 0 0 0 0 0 0 1 13150.8 13150.8 13150.8 13150.8
-1 -1 1 -1 -1 1 0 0 0 0 0 -1.07646e-09 -0 0 0 -0 0 0 0 0 0 0 0 0 0 0 0 0 0 1 13150.8 13150.8 13150.8 13150.8
-1 -1 1 -1 -1 1 0 0 0 0 0 -3.27807e-09 -0 0 0 -0 0 0 0 0 0 0 0 0 0 0 0 0 0 1 13150.8 13150.8 13150.8 13150.8
-1 -1 1 -1 -1 1 0 0 0 0 0 1.816e-09 -0 0 0 -0 0 0 0 0 0 0 0 0 0 0 0 0 0 1 13150.8 13150.8 13150.8 13150.8
-1 -1 1 -1 -1 1 0 0 0 0 0 -3.63735e-10 -0 0 0 -0 0 0 0 0 0 0 0 0 0 0 0 0 0 1 13150.8 13150.8 13150.8 13150.8
-1 -1 1 -1 -1 1 0 0 0 0 0 -2.54906e-09 -0 0 0 -0 0 0 0 0 0 0 0 0 0 0 0 0 0 1 13150.8 13150.8 13150.8 13150.8
-1 -1 1 -1 -1 1 0 0 0 0 0 2.54911e-09 -0 0 0 -0 0 0 0 0 0 0 0 0 0 0 0 0 0 1 13150.8 13150.8 13150.8 13150.8
-1 -1 1 -1 -1 1 0 0 0 0 0 3.57511e-10 -0 0 0 -0 0 0 0 0 0 0 0 0 0 0 0 0 0 1 13150.8 13150.8 13150.8 13150.8
-1 -1 1 -1 -1 1 0 0 0 0 0 -1.84758e-09 -0 0 0 -0 0 0 0 0 0 0 0 0 0 0 0 0 0 1 13150.8 13150.8 13150.8 13150.8
-1 -1 1 -1 -1 1 0 0 0 0 0 3.21145e-09 -0 0 0 -0 0 0 0 0 0 0 0 0 0 0 0 0 0 1 13150.8 13150.8 13150.8 13150.8
-1 -1 1 -1 -1 1 0 0 0 0 0 1.02168e-09 -0 0 0 -0 0 0 0 0 0 0 0 0 0 0 0 0 0 1 13150.8 13150.8 13150.8 13150.8
-1 -1 1 -1 -1 1 0 0 0 0 0 -1.17258e-09 -0 0 0 -0 0 0 0 0 0 0 0 0 0 0 0 0 0 1 13150.8 13150.8 13150.8 13150.8
-1 -1 1 -1 -1 1 0 0 0 0 0 -3.34906e-09 -0 0 0 -0 0 0 0 0 0 0 0 0 0 0 0 0 0 1 13150.8 13150.8 13150.8 13150.8
-1 -1 1 -1 -1 1 0 0 0 0 0 1.76321e-09 -0 0 0 -0 0 0 0 0 0 0 0 0 0 0 0 0 0 1 13150.8 13150.8 13150.8 13150.8
-1 -1 1 -1 -1 1 0 0 0 0 0 -4.29895e-10 -0 0 0 -0 0 0 0 0 0 0 0 0 0 0 0 0 0 1 13150.8 13150.8 13150.8 13150.8
-1 -1 1 -1 -1 1 0 0 0 0 0 -2.62648e-09 -0 0 0 -0 0 0 0 0 0 0 0 0 0 0 0 0 0 1 13150.8 13150.8 13150.8 13150.8
-1 -1 1 -1 -1 1 0 0 0 0 0 2.45639e-09 -0 0 0 -0 0 0 0 0 0 0 0 0 0 0 0 0 0 1 13150.8 13150.8 13150.8 13150.8
-1 -1 1 -1 -1 1 0 0 0 0 0 2.69412e-10 -0 0 0 -0 0 0 0 0 0 0 0 0 0 0 0 0 0 1 13150.8 13150.8 13150.8 13150.8
-1 -1 1 -1 -1 1 0 0 0 0 0 -1.92912e-09 -0 0 0 -0 0 0 0 0 0 0 0 0 0 0 0 0 0 1 13150.8 13150.8 13150.8 13150.8
-1 -1 1 -1 -1 1 0 0 0 0 0 3.16311e-09 -0 0 0 -0 0 0 0 0 0 0 0 0 0 0 0 0 0 1 13150.8 13150.8 13150.8 13150.8
-1 -1 1 -1 -1 1 0 0 0 0 0 9.76668e-10 -0 0 0 -0 0 0 0 0 0 0 0 0 0 0 0 0 0 1 13150.8 13150.8 13150.8 13150.8
-1 -1 1 -1 -1 1 0 0 0 0 0 -1.20849e-09 -0 0 0 -0 0 0 0 0 0 0 0 0 0 0 0 0 0 1 13150.8 13150.8 13150.8 13150.8
-1 -1 1 -1 -1 1 0 0 0 0 0 -3.39827e-09 -0 0 0 -0 0 0 0 0 0 0 0 0 0 0 0 0 0 1 13150.8 13150.8 13150.8 13150.8
-1 -1 1 -1 -1 1 0 0 0 0 0 1.7018e-09 -0 0 0 -0 0 0 0 0 0 0 0 0 0 0 0 0 0 1 13150.8 13150.8 13150.8 13150.8
-1 -1 1 -1 -1 1 0 0 0 0 0 -4.84248e-10 -0 0 0 -0 0 0 0 0 0 0 0 0 0 0 0 0 0 1 13150.8 13150.8 13150.8 13150.8
-1 -1 1 -1 -1 1 0 0 0 0 0 -2.67473e-09 -0 0 0 -0 0 0 0 0 0 0 0 0 0 0 0 0 0 1 13150.8 13150.8 13150.8 13150.8
-1 -1 1 -1 -1 1 0 0 0 0 0 2.42062e-09 -0 0 0 -0 0 0 0 0 0 0 0 0 0 0 0 0 0 1 13150.8 13150.8 13150.8 13150.8
-1 -1 1 -1 -1 1 0 0 0 0 0 2.32177e-10 -0 0 0 -0 0 0 0 0 0 0 0 0 0 0 0 0 0 1 13150.8 13150.8 13150.8 13150.8
-1 -1 1 -1 -1 1 0 0 0 0 0 -1.96551e-09 -0 0 0 -0 0 0 0 0 0 0 0 0 0 0 0 0 0 1 13150.8 13150.8 13150.8 13150.8
-1 -1 1 -1 -1 1 0 0 0 0 0 3.11002e-09 -0 0 0 -0 0 0 0 0 0 0 0 0 0 0 0 0 0 1 13150.8 13150.8 13150.8 13150.8
-1 -1 1 -1 -1 1 0 0 0 0 0 8.23497e-09 -0 0 0 -0 0 0 0 0 0 0 0 0 0 0 0 0 0 1 13150.8 13150.8 13150.8 13150.8
-1 -1 1 -1 -1 1 0 0 0 0 0 6.05394e-09 -0 0 0 -0 0 0 0 0 0 0 0 0 0 0 0 0 0 1 13150.8 13150.8 13150.8 13150.8
-1 -1 1 -1 -1 1 0 0 0 0 0 3.8674e-09 -0 0 0 -0 0 0 0 0 0 0 0 0 0 0 0 0 0 1 13150.8 13150.8 13150.8 13150.8
-1 -1 1 -1 -1 1 0 0 0 0 0 1.67762e-09 -0 0 0 -0 0 0 0 0 0 0 0 0 0 0 0 0 0 1 13150.8 13150.8 13150.8 13150.8
-1 -1 1 -1 -1 1 0 0 0 0 0 -5.10816e-10 -0 0 0 -0 0 0 0 0 0 0 0 0 0 0 0 0 0 1 13150.8 13150.8 13150.8 13150.8
-1 -1 1 -1 -1 1 0 0 0 0 0 -2.6998e-09 -0 0 0 -0 0 0 0 0 0 0 0 0 0 0 0 0 0 1 13150.8 13150.8 13150.8 13150.8
-1 -1 1 -1 -1 1 0 0 0 0 0 2.40316e-09 -0 0 0 -0 0 0 0 0 0 0 0 0 0 0 0 0 0 1 13150.8 13150.8 13150.8 13150.8
-1 -1 1 -1 -1 1 0 0 0 0 0 2.12918e-10 -0 0 0 -0 0 0 0 0 0 0 0 0 0 0 0 0 0 1 13150.8 13150.8 13150.8 13150.8
-1 -1 1 -1 -1 1 0 0 0 0 0 -1.97818e-09 -0 0 0 -0 0 0 0 0 0 0 0 0 0 0 0 0 0 1 13150.8 13150.8 13150.8 13150.8
-1 -1 1 -1 -1 1 0 0 0 0 0 3.10702e-09 -0 0 0 -0 0 0 0 0 0 0 0 0 0 0 0 0 0 1 13150.8 13150.8 13150.8 13150.8
-1 -1 1 -1 -1 1 0 0 0 0 0 9.15888e-10 -0 0 0 -0 0 0 0 0 0 0 0 0 0 0 0 0 0 1 13150.8 13150.8 13150.8 13150.8
-1 -1 1 -1 -1 1 0 0 0 0 0 -1.27115e-09 -0 0 0 -0 0 0 0 0 0 0 0 0 0 0 0 0 0 1 13150.8 13150.8 13150.8 13150.8
-1 -1 1 -1 -1 1 0 0 0 0 0 -3.46326e-09 -0 0 0 -0 0 0 0 0 0 0 0 0 0 0 0 0 0 1 13150.8 13150.8 13150.8 13150.8
-1 -1 1 -1 -1 1 0 0 0 0 0 1.62409e-09 -0 0 0 -0 0 0 0 0 0 0 0 0 0 0 0 0 0 1 13150.8 13150.8 13150.8 13150.8
-1 -1 1 -1 -1 1 0 0 0 0 0 -5.63549e-10 -0 0 0 -0 0 0 0 0 0 0 0 0 0 0 0 0 0 1 13150.8 13150.8 13150.8 13150.8
-1 -1 1 -1 -1 1 0 0 0 0 0 -2.76036e-09 -0 0 0 -0 0 0 0 0 0 0 0 0 0 0 0 0 0 1 13150.8 13150.8 13150.8 13150.8
-1 -1 1 -1 -1 1 0 0 0 0 0 2.32184e-09 -0 0 0 -0 0 0 0 0 0 0 0 0 0 0 0 0 0 1 13150.8 13150.8 13150.8 13150.8
-1 -1 1 -1 -1 1 0 0 0 0 0 1.29823e-10 -0 0 0 -0 0 0 0 0 0 0 0 0 0 0 0 0 0 1 13150.8 13150.8 13150.8 13150.8
-1 -1 1 -1 -1 1 0 0 0 0 0 -2.05681e-09 -0 0 0 -0 0 0 0 0 0 0 0 0 0 0 0 0 0 1 13150.8 13150.8 13150.8 13150.8
-1 -1 1 -1 -1 1 0 0 0 0 0 3.04323e-09 -0 0 0 -0 0 0 0 0 0 0 0 0 0 0 0 0 0 1 13150.8 13150.8 13150.8 13150.8
-1 -1 1 -1 -1 1 0 0 0 0 0 8.55127e-10 -0 0 0 -0 0 0 0 0 0 0 0 0 0 0 0 0 0 1 13150.8 13150.8 13150.8 13150.8
-1 -1 1 -1 -1 1 0 0 0 0 0 -1.33326e-09 -0 0 0 -0 0 0 0 0 0 0 0 0 0 0 0 0 0 1 13150.8 13150.8 13150.8 13150.8
-1 -1 1 -1 -1 1 0 0 0 0 0 -3.52315e-09 -0 0 0 -0 0 0 0 0 0 0 0 0 0 0 0 0 0 1 13150.8 13150.8 13150.8 13150.8
-1 -1 1 -1 -1 1 0 0 0 0 0 1.57421e-09 -0 0 0 -0 0 0 0 0 0 0 0 0 0 0 0 0 0 1 13150.8 13150.8 13150.8 13150.8
-1 -1 1 -1 -1 1 0 0 0 0 0 -6.1441e-10 -0 0 0 -0 0 0 0 0 0 0 0 0 0 0 0 0 0 1 13150.8 13150.8 13150.8 13150.8
-1 -1 1 -1 -1 1 0 0 0 0 0 -2.81362e-09 -0 0 0 -0 0 0 0 0 0 0 0 0 0 0 0 0 0 1 13150.8 13150.8 13150.8 13150.8
-1 -1 1 -1 -1 1 0 0 0 0 0 2.28378e-09 -0 0 0 -0 0 0 0 0 0 0 0 0 0 0 0 0 0 1 13150.8 13150.8 13150.8 13150.8
-1 -1 1 -1 -1 1 0 0 0 0 0 9.82612e-11 -0 0 0 -0 0 0 0 0 0 0 0 0 0 0 0 0 0 1 13150.8 13150.8 13150.8 13150.8
-1 -1 1 -1 -1 1 0 0 0 0 0 -2.10025e-09 -0 0 0 -0 0 0 0 0 0 0 0 0 0 0 0 0 0 1 13150.8 13150.8 13150.8 13150.8
-1 -1 1 -1 -1 1 0 0 0 0 0 2.97642e-09 -0 0 0 -0 0 0 0 0 0 0 0 0 0 0 0 0 0 1 13150.8 13150.8 13150.8 13150.8
-1 -1 1 -1 -1 1 0 0 0 0 0 7.86753e-10 -0 0 0 -0 0 0 0 0 0 0 0 0 0 0 0 0 0 1 13150.8 13150.8 13150.8 13150.8
-1 -1 1 -1 -1 1 0 0 0 0 0 -1.40628e-09 -0 0 0 -0 0 0 0 0 0 0 0 0 0 0 0 0 0 1 13150.8 13150.8 13150.8 13150.8
-1 -1 1 -1 -1 1 0 0 0 0 0 -3.6033e-09 -0 0 0 -0 0 0 0 0 0 0 0 0 0 0 0 0 0 1 13150.8 13150.8 13150.8 13150.8
-1 -1 1 -1 -1 1 0 0 0 0 0 1.465e-09 -0 0 0 -0 0 0 0 0 0 0 0 0 0 0 0 0 0 1 13150.8 13150.8 13150.8 13150.8
-1 -1 1 -1 -1 1 0 0 0 0 0 -7.19753e-10 -0 0 0 -0 0 0 0 0 0 0 0 0 0 0 0 0 0 1 13150.8 13150.8 13150.8 13150.8
-1 -1 1 -1 -1 1 0 0 0 0 0 -2.90752e-09 -0 0 0 -0 0 0 0 0 0 0 0 0 0 0 0 0 0 1 13150.8 13150.8 13150.8 13150.8
-1 -1 1 -1 -1 1 0 0 0 0 0 2.18739e-09 -0 0 0 -0 0 0 0 0 0 0 0 0 0 0 0 0 0 1 13150.8 13150.8 13150.8 13150.8
-1 -1 1 -1 -1 1 0 0 0 0 0 -4.68294e-12 -0 0 0 -0 0 0 0 0 0 0 0 0 0 0 0 0 0 1 13150.8 13150.8 13150.8 13150.8
-1 -1 1 -1 -1 1 0 0 0 0 0 -2.19442e-09 -0 0 0 -0 0 0 0 0 0 0 0 0 0 0 0 0 0 1 13150.8 13150.8 13150.8 13150.8
-1 -1 1 -1 -1 1 0 0 0 0 0 2.89921e-09 -0 0 0 -0 0 0 0 0 0 0 0 0 0 0 0 0 0 1 13150.8 13150.8 13150.8 13150.8
-1 -1 1 -1 -1 1 0 0 0 0 0 7.07901e-10 -0 0 0 -0 0 0 0 0 0 0 0 0 0 0 0 0 0 1 13150.8 13150.8 13150.8 13150.8
-1 -1 1 -1 -1 1 0 0 0 0 0 -1.48946e-09 -0 0 0 -0 0 0 0 0 0 0 0 0 0 0 0 0 0 1 13150.8 13150.8 13150.8 13150.8
-1 -1 1 -1 -1 1 0 0 0 0 0 -3.66833e-09 -0 0 0 -0 0 0 0 0 0 0 0 0 0 0 0 0 0 1 13150.8 13150.8 13150.8 13150.8
-1 -1 1 -1 -1 1 0 0 0 0 0 1.42852e-09 -0 0 0 -0 0 0 0 0 0 0 0 0 0 0 0 0 0 1 13150.8 13150.8 13150.8 13150.8
-1 -1 1 -1 -1 1 0 0 0 0 0 -7.60388e-10 -0 0 0 -0 0 0 0 0 0 0 0 0 0 0 0 0 0 1 13150.8 13150.8 13150.8 13150.8
-1 -1 1 -1 -1 1 0 0 0 0 0 -2.95347e-09 -0 0 0 -0 0 0 0 0 0 0 0 0 0 0 0 0 0 1 13150.8 13150.8 13150.8 13150.8
-1 -1 1 -1 -1 1 0 0 0 0 0 2.15553e-09 -0 0 0 -0 0 0 0 0 0 0 0 0 0 0 0 0 0 1 13150.8 13150.8 13150.8 13150.8
-1 -1 1 -1 -1 1 0 0 0 0 0 -3.19512e-11 -0 0 0 -0 0 0 0 0 0 0 0 0 0 0 0 0 0 1 13150.8 13150.8 13150.8 13150.8
-1 -1 1 -1 -1 1 0 0 0 0 0 -2.21956e-09 -0 0 0 -0 0 0 0 0 0 0 0 0 0 0 0 0 0 1 13150.8 13150.8 13150.8 13150.8
-1 -1 1 -1 -1 1 0 0 0 0 0 2.88079e-09 -0 0 0 -0 0 0 0 0 0 0 0 0 0 0 0 0 0 1 13150.8 13150.8 13150.8 13150.8
-1 -1 1 -1 -1 1 0 0 0 0 0 6.9042e-10 -0 0 0 -0 0 0 0 0 0 0 0 0 0 0 0 0 0 1 13150.8 13150.8 13150.8 13150.8
-1 -1 1 -1 -1 1 0 0 0 0 0 -1.50177e-09 -0 0 0 -0 0 0 0 0 0 0 0 0 0 0 0 0 0 1 13150.8 13150.8 13150.8 13150.8
-1 -1 1 -1 -1 1 0 0 0 0 0 -3.6967e-09 -0 0 0 -0 0 0 0 0 0 0 0 0 0 0 0 0 0 1 13150.8 13150.8 13150.8 13150.8
-1 -1 1 -1 -1 1 0 0 0 0 0 1.37012e-09 -0 0 0 -0 0 0 0 0 0 0 0 0 0 0 0 0 0 1 13150.8 13150.8 13150.8 13150.8
-1 -1 1 -1 -1 1 0 0 0 0 0 -8.24017e-10 -0 0 0 -0 0 0 0 0 0 0 0 0 0 0 0 0 0 1 13150.8 13150.8 13150.8 13150.8
-1 -1 1 -1 -1 1 0 0 0 0 0 -3.00562e-09 -0 0 0 -0 0 0 0 0 0 0 0 0 0 0 0 0 0 1 13150.8 13150.8 13150.8 13150.8
-1 -1 1 -1 -1 1 0 0 0 0 0 2.09126e-09 -0 0 0 -0 0 0 0 0 0 0 0 0 0 0 0 0 0 1 13150.8 13150.8 13150.8 13150.8
-1 -1 1 -1 -1 1 0 0 0 0 0 -1.03697e-10 -0 0 0 -0 0 0 0 0 0 0 0 0 0 0 0 0 0 1 13150.8 13150.8 13150.8 13150.8
-1 -1 1 -1 -1 1 0 0 0 0 0 -2.30187e-09 -0 0 0 -0 0 0 0 0 0 0 0 0 0 0 0 0 0 1 13150.8 13150.8 13150.8 13150.8
-1 -1 1 -1 -1 1 0 0 0 0 0 2.76199e-09 -0 0 0 -0 0 0 0 0 0 0 0 0 0 0 0 0 0 1 13150.8 13150.8 13150.8 13150.8
-1 -1 1 -1 -1 1 0 0 0 0 0 5.70547e-10 -0 0 0 -0 0 0 0 0 0 0 0 0 0 0 0 0 0 1 13150.8 13150.8 13150.8 13150.8
-1 -1 1 -1 -1 1 0 0 0 0 0 -1.61704e-09 -0 0 0 -0 0 0 0 0 0 0 0 0 0 0 0 0 0 1 13150.8 13150.8 13150.8 13150.8
-1 -1 1 -1 -1 1 0 0 0 0 0 3.47815e-09 -0 0 0 -0 0 0 0 0 0 0 0 0 0 0 0 0 0 1 13150.8 13150.8 13150.8 13150.8
-1 -1 1 -1 -1 1 0 0 0 0 0 1.28685e-09 -0 0 0 -0 0 0 0 0 0 0 0 0 0 0 0 0 0 1 13150.8 13150.8 13150.8 13150.8
-1 -1 1 -1 -1 1 0 0 0 0 0 -9.11942e-10 -0 0 0 -0 0 0 0 0 0 0 0 0 0 0 0 0 0 1 13150.8 13150.8 13150.8 13150.8
-1 -1 1 -1 -1 1 0 0 0 0 0 -3.09675e-09 -0 0 0 -0 0 0 0 0 0 0 0 0 0 0 0 0 0 1 13150.8 13150.8 13150.8 13150.8
-1 -1 1 -1 -1 1 0 0 0 0 0 2.00375e-09 -0 0 0 -0 0 0 0 0 0 0 0 0 0 0 0 0 0 1 13150.8 13150.8 13150.8 13150.8
-1 -1 1 -1 -1 1 0 0 0 0 0 -1.83542e-10 -0 0 0 -0 0 0 0 0 0 0 0 0 0 0 0 0 0 1 13150.8 13150.8 13150.8 13150.8
-1 -1 1 -1 -1 1 0 0 0 0 0 -2.37074e-09 -0 0 0 -0 0 0 0 0 0 0 0 0 0 0 0 0 0 1 13150.8 13150.8 13150.8 13150.8
-1 -1 1 -1 -1 1 0 0 0 0 0 2.73852e-09 -0 0 0 -0 0 0 0 0 0 0 0 0 0 0 0 0 0 1 13150.8 13150.8 13150.8 13150.8
-1 -1 1 -1 -1 1 0 0 0 0 0 5.49865e-10 -0 0 0 -0 0 0 0 0 0 0 0 0 0 0 0 0 0 1 13150.8 13150.8 13150.8 13150.8
-1 -1 1 -1 -1 1 0 0 0 0 0 -1.63962e-09 -0 0 0 -0 0 0 0 0 0 0 0 0 0 0 0 0 0 1 13150.8 13150.8 13150.8 13150.8
-1 -1 1 -1 -1 1 0 0 0 0 0 3.46615e-09 -0 0 0 -0 0 0 0 0 0 0 0 0 0 0 0 0 0 1 13150.8 13150.8 13150.8 13150.8
-1 -1 1 -1 -1 1 0 0 0 0 0 1.28273e-09 -0 0 0 -0 0 0 0 0 0 0 0 0 0 0 0 0 0 1 13150.8 13150.8 13150.8 13150.8
-1 -1 1 -1 -1 1 0 0 0 0 0 -9.02297e-10 -0 0 0 -0 0 0 0 0 0 0 0 0 0 0 0 0 0 1 13150.8 13150.8 13150.8 13150.8
-1 -1 1 -1 -1 1 0 0 0 0 0 -3.08937e-09 -0 0 0 -0 0 0 0 0 0 0 0 0 0 0 0 0 0 1 13150.8 13150.8 13150.8 13150.8
-1 -1 1 -1 -1 1 0 0 0 0 0 2.00545e-09 -0 0 0 -0 0 0 0 0 0 0 0 0 0 0 0 0 0 1 13150.8 13150.8 13150.8 13150.8
-1 -1 1 -1 -1 1 0 0 0 0 0 -1.86738e-10 -0 0 0 -0 0 0 0 0 0 0 0 0 0 0 0 0 0 1 13150.8 13150.8 13150.8 13150.8
-1 -1 1 -1 -1 1 0 0 0 0 0 -2.37809e-09 -0 0 0 -0 0 0 0 0 0 0 0 0 0 0 0 0 0 1 13150.8 13150.8 13150.8 13150.8
-1 -1 1 -1 -1 1 0 0 0 0 0 2.73638e-09 -0 0 0 -0 0 0 0 0 0 0 0 0 0 0 0 0 0 1 13150.8 13150.8 13150.8 13150.8
-1 -1 1 -1 -1 1 0 0 0 0 0 5.53413e-10 -0 0 0 -0 0 0 0 0 0 0 0 0 0 0 0 0 0 1 13150.8 13150.8 13150.8 13150.8
-1 -1 1 -1 -1 1 0 0 0 0 0 -1.64143e-09 -0 0 0 -0 0 0 0 0 0 0 0 0 0 0 0 0 0 1 13150.8 13150.8 13150.8 13150.8
-1 -1 1 -1 -1 1 0 0 0 0 0 3.45897e-09 -0 0 0 -0 0 0 0 0 0 0 0 0 0 0 0 0 0 1 13150.8 13150.8 13150.8 13150.8
-1 -1 1 -1 -1 1 0 0 0 0 0 1.27642e-09 -0 0 0 -0 0 0 0 0 0 0 0 0 0 0 0 0 0 1 13150.8 13150.8 13150.8 13150.8
-1 -1 1 -1 -1 1 0 0 0 0 0 -9.18391e-10 -0 0 0 -0 0 0 0 0 0 0 0 0 0 0 0 0 0 1 13150.8 13150.8 13150.8 13150.8
-1 -1 1 -1 -1 1 0 0 0 0 0 -3.11537e-09 -0 0 0 -0 0 0 0 0 0 0 0 0 0 0 0 0 0 1 13150.8 13150.8 13150.8 13150.8
-1 -1 1 -1 -1 1 0 0 0 0 0 1.94935e-09 -0 0 0 -0 0 0 0 0 0 0 0 0 0 0 0 0 0 1 13150.8 13150.8 13150.8 13150.8
-1 -1 1 -1 -1 1 0 0 0 0 0 -2.4122e-10 -0 0 0 -0 0 0 0 0 0 0 0 0 0 0 0 0 0 1 13150.8 13150.8 13150.8 13150.8
-1 -1 1 -1 -1 1 0 0 0 0 0 -2.42827e-09 -0 0 0 -0 0 0 0 0 0 0 0 0 0 0 0 0 0 1 13150.8 13150.8 13150.8 13150.8
-1 -1 1 -1 -1 1 0 0 0 0 0 2.69476e-09 -0 0 0 -0 0 0 0 0 0 0 0 0 0 0 0 0 0 1 13150.8 13150.8 13150.8 13150.8
-1 -1 1 -1 -1 1 0 0 0 0 0 5.10513e-10 -0 0 0 -0 0 0 0 0 0 0 0 0 0 0 0 0 0 1 13150.8 13150.8 13150.8 13150.8
-1 -1 1 -1 -1 1 0 0 0 0 0 -1.67589e-09 -0 0 0 -0 0 0 0 0 0 0 0 0 0 0 0 0 0 1 13150.8 13150.8 13150.8 13150.8
-1 -1 1 -1 -1 1 0 0 0 0 0 3.44427e-09 -0 0 0 -0 0 0 0 0 0 0 0 0 0 0 0 0 0 1 13150.8 13150.8 13150.8 13150.8
-1 -1 1 -1 -1 1 0 0 0 0 0 1.26212e-09 -0 0 0 -0 0 0 0 0 0 0 0 0 0 0 0 0 0 1 13150.8 13150.8 13150.8 13150.8
-1 -1 1 -1 -1 1 0 0 0 0 0 -9.25352e-10 -0 0 0 -0 0 0 0 0 0 0 0 0 0 0 0 0 0 1 13150.8 13150.8 13150.8 13150.8
-1 -1 1 -1 -1 1 0 0 0 0 0 -3.11644e-09 -0 0 0 -0 0 0 0 0 0 0 0 0 0 0 0 0 0 1 13150.8 13150.8 13150.8 13150.8
-1 -1 1 -1 -1 1 0 0 0 0 0 1.99026e-09 -0 0 0 -0 0 0 0 0 0 0 0 0 0 0 0 0 0 1 13150.8 13150.8 13150.8 13150.8
-1 -1 1 -1 -1 1 0 0 0 0 0 -1.956e-10 -0 0 0 -0 0 0 0 0 0 0 0 0 0 0 0 0 0 1 13150.8 13150.8 13150.8 13150.8
-1 -1 1 -1 -1 1 0 0 0 0 0 -2.38383e-09 -0 0 0 -0 0 0 0 0 0 0 0 0 0 0 0 0 0 1 13150.8 13150.8 13150.8 13150.8
-1 -1 1 -1 -1 1 0 0 0 0 0 2.69358e-09 -0 0 0 -0 0 0 0 0 0 0 0 0 0 0 0 0 0 1 13150.8 13150.8 13150.8 13150.8
-1 -1 1 -1 -1 1 0 0 0 0 0 4.99516e-10 -0 0 0 -0 0 0 0 0 0 0 0 0 0 0 0 0 0 1 13150.8 13150.8 13150.8 13150.8
-1 -1 1 -1 -1 1 0 0 0 0 0 -1.69339e-09 -0 0 0 -0 0 0 0 0 0 0 0 0 0 0 0 0 0 1 13150.8 13150.8 13150.8 13150.8
-1 -1 1 -1 -1 1 0 0 0 0 0 3.40891e-09 -0 0 0 -0 0 0 0 0 0 0 0 0 0 0 0 0 0 1 13150.8 13150.8 13150.8 13150.8
-1 -1 1 -1 -1 1 0 0 0 0 0 1.22868e-09 -0 0 0 -0 0 0 0 0 0 0 0 0 0 0 0 0 0 1 13150.8 13150.8 13150.8 13150.8
-1 -1 1 -1 -1 1 0 0 0 0 0 -9.65713e-10 -0 0 0 -0 0 0 0 0 0 0 0 0 0 0 0 0 0 1 13150.8 13150.8 13150.8 13150.8
-1 -1 1 -1 -1 1 0 0 0 0 0 -3.15402e-09 -0 0 0 -0 0 0 0 0 0 0 0 0 0 0 0 0 0 1 13150.8 13150.8 13150.8 13150.8
-1 -1 1 -1 -1 1 0 0 0 0 0 1.95359e-09 -0 0 0 -0 0 0 0 0 0 0 0 0 0 0 0 0 0 1 13150.8 13150.8 13150.8 13150.8
-1 -1 1 -1 -1 1 0 0 0 0 0 -2.36029e-10 -0 0 0 -0 0 0 0 0 0 0 0 0 0 0 0 0 0 1 13150.8 13150.8 13150.8 13150.8
-1 -1 1 -1 -1 1 0 0 0 0 0 -2.42314e-09 -0 0 0 -0 0 0 0 0 0 0 0 0 0 0 0 0 0 1 13150.8 13150.8 13150.8 13150.8
-1 -1 1 -1 -1 1 0 0 0 0 0 2.66726e-09 -0 0 0 -0 0 0 0 0 0 0 0 0 0 0 0 0 0 1 13150.8 13150.8 13150.8 13150.8
-1 -1 1 -1 -1 1 0 0 0 0 0 4.77281e-10 -0 0 0 -0 0 0 0 0 0 0 0 0 0 0 0 0 0 1 13150.8 13150.8 13150.8 13150.8
-1 -1 1 -1 -1 1 0 0 0 0 0 -1.71419e-09 -0 0 0 -0 0 0 0 0 0 0 0 0 0 0 0 0 0 1 13150.8 13150.8 13150.8 13150.8
-1 -1 1 -1 -1 1 0 0 0 0 0 3.39819e-09 -0 0 0 -0 0 0 0 0 0 0 0 0 0 0 0 0 0 1 13150.8 13150.8 13150.8 13150.8
-1 -1 1 -1 -1 1 0 0 0 0 0 1.2112e-09 -0 0 0 -0 0 0 0 0 0 0 0 0 0 0 0 0 0 1 13150.8 13150.8 13150.8 13150.8
-1 -1 1 -1 -1 1 0 0 0 0 0 -9.65775e-10 -0 0 0 -0 0 0 0 0 0 0 0 0 0 0 0 0 0 1 13150.8 13150.8 13150.8 13150.8
-1 -1 1 -1 -1 1 0 0 0 0 0 -3.15452e-09 -0 0 0 -0 0 0 0 0 0 0 0 0 0 0 0 0 0 1 13150.8 13150.8 13150.8 13150.8
-1 -1 1 -1 -1 1 0 0 0 0 0 1.93997e-09 -0 0 0 -0 0 0 0 0 0 0 0 0 0 0 0 0 0 1 13150.8 13150.8 13150.8 13150.8
-1 -1 1 -1 -1 1 0 0 0 0 0 -2.52489e-10 -0 0 0 -0 0 0 0 0 0 0 0 0 0 0 0 0 0 1 13150.8 13150.8 13150.8 13150.8
-1 -1 1 -1 -1 1 0 0 0 0 0 -2.44138e-09 -0 0 0 -0 0 0 0 0 0 0 0 0 0 0 0 0 0 1 13150.8 13150.8 13150.8 13150.8
-1 -1 1 -1 -1 1 0 0 0 0 0 2.65975e-09 -0 0 0 -0 0 0 0 0 0 0 0 0 0 0 0 0 0 1 13150.8 13150.8 13150.8 13150.8
-1 -1 1 -1 -1 1 0 0 0 0 0 4.70694e-10 -0 0 0 -0 0 0 0 0 0 0 0 0 0 0 0 0 0 1 13150.8 13150.8 13150.8 13150.8
-1 -1 1 -1 -1 1 0 0 0 0 0 -1.7174e-09 -0 0 0 -0 0 0 0 0 0 0 0 0 0 0 0 0 0 1 13150.8 13150.8 13150.8 13150.8
-1 -1 1 -1 -1 1 0 0 0 0 0 3.37172e-09 -0 0 0 -0 0 0 0 0 0 0 0 0 0 0 0 0 0 1 13150.8 13150.8 13150.8 13150.8
-1 -1 1 -1 -1 1 0 0 0 0 0 1.18079e-09 -0 0 0 -0 0 0 0 0 0 0 0 0 0 0 0 0 0 1 13150.8 13150.8 13150.8 13150.8
-1 -1 1 -1 -1 1 0 0 0 0 0 -1.00736e-09 -0 0 0 -0 0 0 0 0 0 0 0 0 0 0 0 0 0 1 13150.8 13150.8 13150.8 13150.8
-1 -1 1 -1 -1 1 0 0 0 0 0 -3.20464e-09 -0 0 0 -0 0 0 0 0 0 0 0 0 0 0 0 0 0 1 13150.8 13150.8 13150.8 13150.8
-1 -1 1 -1 -1 1 0 0 0 0 0 1.88888e-09 -0 0 0 -0 0 0 0 0 0 0 0 0 0 0 0 0 0 1 13150.8 13150.8 13150.8 13150.8
-1 -1 1 -1 -1 1 0 0 0 0 0 -3.02809e-10 -0 0 0 -0 0 0 0 0 0 0 0 0 0 0 0 0 0 1 13150.8 13150.8 13150.8 13150.8
-1 -1 1 -1 -1 1 0 0 0 0 0 -2.49864e-09 -0 0 0 -0 0 0 0 0 0 0 0 0 0 0 0 0 0 1 13150.8 13150.8 13150.8 13150.8
-1 -1 1 -1 -1 1 0 0 0 0 0 2.58517e-09 -0 0 0 -0 0 0 0 0 0 0 0 0 0 0 0 0 0 1 13150.8 13150.8 13150.8 13150.8
-1 -1 1 -1 -1 1 0 0 0 0 0 3.92526e-10 -0 0 0 -0 0 0 0 0 0 0 0 0 0 0 0 0 0 1 13150.8 13150.8 13150.8 13150.8
-1 -1 1 -1 -1 1 0 0 0 0 0 -1.79191e-09 -0 0 0 -0 0 0 0 0 0 0 0 0 0 0 0 0 0 1 13150.8 13150.8 13150.8 13150.8
-1 -1 1 -1 -1 1 0 0 0 0 0 3.34286e-09 -0 0 0 -0 0 0 0 0 0 0 0 0 0 0 0 0 0 1 13150.8 13150.8 13150.8 13150.8
-1 -1 1 -1 -1 1 0 0 0 0 0 1.17216e-09 -0 0 0 -0 0 0 0 0 0 0 0 0 0 0 0 0 0 1 13150.8 13150.8 13150.8 13150.8
-1 -1 1 -1 -1 1 0 0 0 0 0 -1.01223e-09 -0 0 0 -0 0 0 0 0 0 0 0 0 0 0 0 0 0 1 13150.8 13150.8 13150.8 13150.8
-1 -1 1 -1 -1 1 0 0 0 0 0 -3.20156e-09 -0 0 0 -0 0 0 0 0 0 0 0 0 0 0 0 0 0 1 13150.8 13150.8 13150.8 13150.8
-1 -1 1 -1 -1 1 0 0 0 0 0 1.9101e-09 -0 0 0 -0 0 0 0 0 0 0 0 0 0 0 0 0 0 1 13150.8 13150.8 13150.8 13150.8
-1 -1 1 -1 -1 1 0 0 0 0 0 -2.73247e-10 -0 0 0 -0 0 0 0 0 0 0 0 0 0 0 0 0 0 1 13150.8 13150.8 13150.8 13150.8
-1 -1 1 -1 -1 1 0 0 0 0 0 -2.47203e-09 -0 0 0 -0 0 0 0 0 0 0 0 0 0 0 0 0 0 1 13150.8 13150.8 13150.8 13150.8
-1 -1 1 -1 -1 1 0 0 0 0 0 2.62574e-09 -0 0 0 -0 0 0 0 0 0 0 0 0 0 0 0 0 0 1 13150.8 13150.8 13150.8 13150.8
-1 -1 1 -1 -1 1 0 0 0 0 0 4.43178e-10 -0 0 0 -0 0 0 0 0 0 0 0 0 0 0 0 0 0 1 13150.8 13150.8 13150.8 13150.8
-1 -1 1 -1 -1 1 0 0 0 0 0 -1.75296e-09 -0 0 0 -0 0 0 0 0 0 0 0 0 0 0 0 0 0 1 13150.8 13150.8 13150.8 13150.8
-1 -1 1 -1 -1 1 0 0 0 0 0 3.344e-09 -0 0 0 -0 0 0 0 0 0 0 0 0 0 0 0 0 0 1 13150.8 13150.8 13150.8 13150.8
-1 -1 1 -1 -1 1 0 0 0 0 0 1.1628e-09 -0 0 0 -0 0 0 0 0 0 0 0 0 0 0 0 0 0 1 13150.8 13150.8 13150.8 13150.8
-1 -1 1 -1 -1 1 0 0 0 0 0 -1.02545e-09 -0 0 0 -0 0 0 0 0 0 0 0 0 0 0 0 0 0 1 13150.8 13150.8 13150.8 13150.8
-1 -1 1 -1 -1 1 0 0 0 0 0 -3.222e-09 -0 0 0 -0 0 0 0 0 0 0 0 0 0 0 0 0 0 1 13150.8 13150.8 13150.8 13150.8
-1 -1 1 -1 -1 1 0 0 0 0 0 1.86834e-09 -0 0 0 -0 0 0 0 0 0 0 0 0 0 0 0 0 0 1 13150.8 13150.8 13150.8 13150.8
-1 -1 1 -1 -1 1 0 0 0 0 0 -3.21878e-10 -0 0 0 -0 0 0 0 0 0 0 0 0 0 0 0 0 0 1 13150.8 13150.8 13150.8 13150.8
-1 -1 1 -1 -1 1 0 0 0 0 0 -2.51356e-09 -0 0 0 -0 0 0 0 0 0 0 0 0 0 0 0 0 0 1 13150.8 13150.8 13150.8 13150.8
-1 -1 1 -1 -1 1 0 0 0 0 0 2.58129e-09 -0 0 0 -0 0 0 0 0 0 0 0 0 0 0 0 0 0 1 13150.8 13150.8 13150.8 13150.8
-1 -1 1 -1 -1 1 0 0 0 0 0 3.91548e-10 -0 0 0 -0 0 0 0 0 0 0 0 0 0 0 0 0 0 1 13150.8 13150.8 13150.8 13150.8
-1 -1 1 -1 -1 1 0 0 0 0 0 -1.79639e-09 -0 0 0 -0 0 0 0 0 0 0 0 0 0 0 0 0 0 1 13150.8 13150.8 13150.8 13150.8
-1 -1 1 -1 -1 1 0 0 0 0 0 3.29153e-09 -0 0 0 -0 0 0 0 0 0 0 0 0 0 0 0 0 0 1 13150.8 13150.8 13150.8 13150.8
-1 -1 1 -1 -1 1 0 0 0 0 0 1.09244e-09 -0 0 0 -0 0 0 0 0 0 0 0 0 0 0 0 0 0 1 13150.8 13150.8 13150.8 13150.8
-1 -1 1 -1 -1 1 0 0 0 0 0 -1.08605e-09 -0 0 0 -0 0 0 0 0 0 0 0 0 0 0 0 0 0 1 13150.8 13150.8 13150.8 13150.8
-1 -1 1 -1 -1 1 0 0 0 0 0 -3.27451e-09 -0 0 0 -0 0 0 0 0 0 0 0 0 0 0 0 0 0 1 13150.8 13150.8 13150.8 13150.8
-1 -1 1 -1 -1 1 0 0 0 0 0 1.82265e-09 -0 0 0 -0 0 0 0 0 0 0 0 0 0 0 0 0 0 1 13150.8 13150.8 13150.8 13150.8
-1 -1 1 -1 -1 1 0 0 0 0 0 -3.71746e-10 -0 0 0 -0 0 0 0 0 0 0 0 0 0 0 0 0 0 1 13150.8 13150.8 13150.8 13150.8
-1 -1 1 -1 -1 1 0 0 0 0 0 -2.5639e-09 -0 0 0 -0 0 0 0 0 0 0 0 0 0 0 0 0 0 1 13150.8 13150.8 13150.8 13150.8
-1 -1 1 -1 -1 1 0 0 0 0 0 2.51417e-09 -0 0 0 -0 0 0 0 0 0 0 0 0 0 0 0 0 0 1 13150.8 13150.8 13150.8 13150.8
-1 -1 1 -1 -1 1 0 0 0 0 0 3.11034e-10 -0 0 0 -0 0 0 0 0 0 0 0 0 0 0 0 0 0 1 13150.8 13150.8 13150.8 13150.8
-1 -1 1 -1 -1 1 0 0 0 0 0 -1.87304e-09 -0 0 0 -0 0 0 0 0 0 0 0 0 0 0 0 0 0 1 13150.8 13150.8 13150.8 13150.8
-1 -1 1 -1 -1 1 0 0 0 0 0 3.21148e-09 -0 0 0 -0 0 0 0 0 0 0 0 0 0 0 0 0 0 1 13150.8 13150.8 13150.8 13150.8
-1 -1 1 -1 -1 1 0 0 0 0 0 1.01558e-09 -0 0 0 -0 0 0 0 0 0 0 0 0 0 0 0 0 0 1 13150.8 13150.8 13150.8 13150.8
-1 -1 1 -1 -1 1 0 0 0 0 0 -1.16695e-09 -0 0 0 -0 0 0 0 0 0 0 0 0 0 0 0 0 0 1 13150.8 13150.8 13150.8 13150.8
-1 -1 1 -1 -1 1 0 0 0 0 0 -3.36226e-09 -0 0 0 -0 0 0 0 0 0 0 0 0 0 0 0 0 0 1 13150.8 13150.8 13150.8 13150.8
-1 -1 1 -1 -1 1 0 0 0 0 0 1.72025e-09 -0 0 0 -0 0 0 0 0 0 0 0 0 0 0 0 0 0 1 13150.8 13150.8 13150.8 13150.8
-1 -1 1 -1 -1 1 0 0 0 0 0 -4.72884e-10 -0 0 0 -0 0 0 0 0 0 0 0 0 0 0 0 0 0 1 13150.8 13150.8 13150.8 13150.8
-1 -1 1 -1 -1 1 0 0 0 0 0 -2.6694e-09 -0 0 0 -0 0 0 0 0 0 0 0 0 0 0 0 0 0 1 13150.8 13150.8 13150.8 13150.8
-1 -1 1 -1 -1 1 0 0 0 0 0 2.41458e-09 -0 0 0 -0 0 0 0 0 0 0 0 0 0 0 0 0 0 1 13150.8 13150.8 13150.8 13150.8
-1 -1 1 -1 -1 1 0 0 0 0 0 2.27347e-10 -0 0 0 -0 0 0 0 0 0 0 0 0 0 0 0 0 0 1 13150.8 13150.8 13150.8 13150.8
-1 -1 1 -1 -1 1 0 0 0 0 0 -1.96328e-09 -0 0 0 -0 0 0 0 0 0 0 0 0 0 0 0 0 0 1 13150.8 13150.8 13150.8 13150.8
-1 -1 1 -1 -1 1 0 0 0 0 0 3.12662e-09 -0 0 0 -0 0 0 0 0 0 0 0 0 0 0 0 0 0 1 13150.8 13150.8 13150.8 13150.8
-1 -1 1 -1 -1 1 0 0 0 0 0 9.35964e-10 -0 0 0 -0 0 0 0 0 0 0 0 0 0 0 0 0 0 1 13150.8 13150.8 13150.8 13150.8
-1 -1 1 -1 -1 1 0 0 0 0 0 -1.25151e-09 -0 0 0 -0 0 0 0 0 0 0 0 0 0 0 0 0 0 1 13150.8 13150.8 13150.8 13150.8
-1 -1 1 -1 -1 1 0 0 0 0 0 -3.43807e-09 -0 0 0 -0 0 0 0 0 0 0 0 0 0 0 0 0 0 1 13150.8 13150.8 13150.8 13150.8
-1 -1 1 -1 -1 1 0 0 0 0 0 1.65411e-09 -0 0 0 -0 0 0 0 0 0 0 0 0 0 0 0 0 0 1 13150.8 13150.8 13150.8 13150.8
-1 -1 1 -1 -1 1 0 0 0 0 0 -5.40316e-10 -0 0 0 -0 0 0 0 0 0 0 0 0 0 0 0 0 0 1 13150.8 13150.8 13150.8 13150.8
-1 -1 1 -1 -1 1 0 0 0 0 0 -2.72732e-09 -0 0 0 -0 0 0 0 0 0 0 0 0 0 0 0 0 0 1 13150.8 13150.8 13150.8 13150.8
-1 -1 1 -1 -1 1 0 0 0 0 0 2.37557e-09 -0 0 0 -0 0 0 0 0 0 0 0 0 0 0 0 0 0 1 13150.8 13150.8 13150.8 13150.8
-1 -1 1 -1 -1 1 0 0 0 0 0 1.86346e-10 -0 0 0 -0 0 0 0 0 0 0 0 0 0 0 0 0 0 1 13150.8 13150.8 13150.8 13150.8
-1 -1 1 -1 -1 1 0 0 0 0 0 -2.00193e-09 -0 0 0 -0 0 0 0 0 0 0 0 0 0 0 0 0 0 1 13150.8 13150.8 13150.8 13150.8
-1 -1 1 -1 -1 1 0 0 0 0 0 3.08602e-09 -0 0 0 -0 0 0 0 0 0 0 0 0 0 0 0 0 0 1 13150.8 13150.8 13150.8 13150.8
-1 -1 1 -1 -1 1 0 0 0 0 0 8.9361e-10 -0 0 0 -0 0 0 0 0 0 0 0 0 0 0 0 0 0 1 13150.8 13150.8 13150.8 13150.8
-1 -1 1 -1 -1 1 0 0 0 0 0 -1.29601e-09 -0 0 0 -0 0 0 0 0 0 0 0 0 0 0 0 0 0 1 13150.8 13150.8 13150.8 13150.8
-1 -1 1 -1 -1 1 0 0 0 0 0 -3.48979e-09 -0 0 0 -0 0 0 0 0 0 0 0 0 0 0 0 0 0 1 13150.8 13150.8 13150.8 13150.8
-1 -1 1 -1 -1 1 0 0 0 0 0 1.60257e-09 -0 0 0 -0 0 0 0 0 0 0 0 0 0 0 0 0 0 1 13150.8 13150.8 13150.8 13150.8
-1 -1 1 -1 -1 1 0 0 0 0 0 -5.86605e-10 -0 0 0 -0 0 0 0 0 0 0 0 0 0 0 0 0 0 1 13150.8 13150.8 13150.8 13150.8
-1 -1 1 -1 -1 1 0 0 0 0 0 -2.7749e-09 -0 0 0 -0 0 0 0 0 0 0 0 0 0 0 0 0 0 1 13150.8 13150.8 13150.8 13150.8
-1 -1 1 -1 -1 1 0 0 0 0 0 2.32496e-09 -0 0 0 -0 0 0 0 0 0 0 0 0 0 0 0 0 0 1 13150.8 13150.8 13150.8 13150.8
-1 -1 1 -1 -1 1 0 0 0 0 0 1.32743e-10 -0 0 0 -0 0 0 0 0 0 0 0 0 0 0 0 0 0 1 13150.8 13150.8 13150.8 13150.8
-1 -1 1 -1 -1 1 0 0 0 0 0 -2.05201e-09 -0 0 0 -0 0 0 0 0 0 0 0 0 0 0 0 0 0 1 13150.8 13150.8 13150.8 13150.8
-1 -1 1 -1 -1 1 0 0 0 0 0 3.05258e-09 -0 0 0 -0 0 0 0 0 0 0 0 0 0 0 0 0 0 1 13150.8 13150.8 13150.8 13150.8
-1 -1 1 -1 -1 1 0 0 0 0 0 8.64471e-10 -0 0 0 -0 0 0 0 0 0 0 0 0 0 0 0 0 0 1 13150.8 13150.8 13150.8 13150.8
-1 -1 1 -1 -1 1 0 0 0 0 0 -1.32382e-09 -0 0 0 -0 0 0 0 0 0 0 0 0 0 0 0 0 0 1 13150.8 13150.8 13150.8 13150.8
-1 -1 1 -1 -1 1 0 0 0 0 0 -3.51259e-09 -0 0 0 -0 0 0 0 0 0 0 0 0 0 0 0 0 0 1 13150.8 13150.8 13150.8 13150.8
-1 -1 1 -1 -1 1 0 0 0 0 0 -5.73319e-09 -0 0 0 -0 0 0 0 0 0 0 0 0 0 0 0 0 0 1 13150.8 13150.8 13150.8 13150.8
-1 -1 1 -1 -1 1 0 0 0 0 0 -6.90463e-10 -0 0 0 -0 0 0 0 0 0 0 0 0 0 0 0 0 0 1 13150.8 13150.8 13150.8 13150.8
-1 -1 1 -1 -1 1 0 0 0 0 0 -2.88103e-09 -0 0 0 -0 0 0 0 0 0 0 0 0 0 0 0 0 0 1 13150.8 13150.8 13150.8 13150.8
-1 -1 1 -1 -1 1 0 0 0 0 0 2.20533e-09 -0 0 0 -0 0 0 0 0 0 0 0 0 0 0 0 0 0 1 13150.8 13150.8 13150.8 13150.8
-1 -1 1 -1 -1 1 0 0 0 0 0 1.46148e-11 -0 0 0 -0 0 0 0 0 0 0 0 0 0 0 0 0 0 1 13150.8 13150.8 13150.8 13150.8
-1 -1 1 -1 -1 1 0 0 0 0 0 -2.17342e-09 -0 0 0 -0 0 0 0 0 0 0 0 0 0 0 0 0 0 1 13150.8 13150.8 13150.8 13150.8
-1 -1 1 -1 -1 1 0 0 0 0 0 2.93711e-09 -0 0 0 -0 0 0 0 0 0 0 0 0 0 0 0 0 0 1 13150.8 13150.8 13150.8 13150.8
-1 -1 1 -1 -1 1 0 0 0 0 0 7.43118e-10 -0 0 0 -0 0 0 0 0 0 0 0 0 0 0 0 0 0 1 13150.8 13150.8 13150.8 13150.8
-1 -1 1 -1 -1 1 0 0 0 0 0 -1.43831e-09 -0 0 0 -0 0 0 0 0 0 0 0 0 0 0 0 0 0 1 13150.8 13150.8 13150.8 13150.8
-1 -1 1 -1 -1 1 0 0 0 0 0 -3.65337e-09 -0 0 0 -0 0 0 0 0 0 0 0 0 0 0 0 0 0 1 13150.8 13150.8 13150.8 13150.8
-1 -1 1 -1 -1 1 0 0 0 0 0 1.40494e-09 -0 0 0 -0 0 0 0 0 0 0 0 0 0 0 0 0 0 1 13150.8 13150.8 13150.8 13150.8
-1 -1 1 -1 -1 1 0 0 0 0 0 -7.72562e-10 -0 0 0 -0 0 0 0 0 0 0 0 0 0 0 0 0 0 1 13150.8 13150.8 13150.8 13150.8
-1 -1 1 -1 -1 1 0 0 0 0 0 -2.96584e-09 -0 0 0 -0 0 0 0 0 0 0 0 0 0 0 0 0 0 1 13150.8 13150.8 13150.8 13150.8
-1 -1 1 -1 -1 1 0 0 0 0 0 2.12907e-09 -0 0 0 -0 0 0 0 0 0 0 0 0 0 0 0 0 0 1 13150.8 13150.8 13150.8 13150.8
-1 -1 1 -1 -1 1 0 0 0 0 0 -5.65253e-11 -0 0 0 -0 0 0 0 0 0 0 0 0 0 0 0 0 0 1 13150.8 13150.8 13150.8 13150.8
-1 -1 1 -1 -1 1 0 0 0 0 0 -2.24844e-09 -0 0 0 -0 0 0 0 0 0 0 0 0 0 0 0 0 0 1 13150.8 13150.8 13150.8 13150.8
-1 -1 1 -1 -1 1 0 0 0 0 0 2.84817e-09 -0 0 0 -0 0 0 0 0 0 0 0 0 0 0 0 0 0 1 13150.8 13150.8 13150.8 13150.8
-1 -1 1 -1 -1 1 0 0 0 0 0 6.57625e-10 -0 0 0 -0 0 0 0 0 0 0 0 0 0 0 0 0 0 1 13150.8 13150.8 13150.8 13150.8
-1 -1 1 -1 -1 1 0 0 0 0 0 -1.5203e-09 -0 0 0 -0 0 0 0 0 0 0 0 0 0 0 0 0 0 1 13150.8 13150.8 13150.8 13150.8
-1 -1 1 -1 -1 1 0 0 0 0 0 3.5728e-09 -0 0 0 -0 0 0 0 0 0 0 0 0 0 0 0 0 0 1 13150.8 13150.8 13150.8 13150.8
-1 -1 1 -1 -1 1 0 0 0 0 0 1.37674e-09 -0 0 0 -0 0 0 0 0 0 0 0 0 0 0 0 0 0 1 13150.8 13150.8 13150.8 13150.8
-1 -1 1 -1 -1 1 0 0 0 0 0 -8.17567e-10 -0 0 0 -0 0 0 0 0 0 0 0 0 0 0 0 0 0 1 13150.8 13150.8 13150.8 13150.8
-1 -1 1 -1 -1 1 0 0 0 0 0 -2.99858e-09 -0 0 0 -0 0 0 0 0 0 0 0 0 0 0 0 0 0 1 13150.8 13150.8 13150.8 13150.8
-1 -1 1 -1 -1 1 0 0 0 0 0 2.12524e-09 -0 0 0 -0 0 0 0 0 0 0 0 0 0 0 0 0 0 1 13150.8 13150.8 13150.8 13150.8
-1 -1 1 -1 -1 1 0 0 0 0 0 -6.07623e-11 -0 0 0 -0 0 0 0 0 0 0 0 0 0 0 0 0 0 1 13150.8 13150.8 13150.8 13150.8
-1 -1 1 -1 -1 1 0 0 0 0 0 -2.24312e-09 -0 0 0 -0 0 0 0 0 0 0 0 0 0 0 0 0 0 1 13150.8 13150.8 13150.8 13150.8
-1 -1 1 -1 -1 1 0 0 0 0 0 2.84857e-09 -0 0 0 -0 0 0 0 0 0 0 0 0 0 0 0 0 0 1 13150.8 13150.8 13150.8 13150.8
-1 -1 1 -1 -1 1 0 0 0 0 0 6.50727e-10 -0 0 0 -0 0 0 0 0 0 0 0 0 0 0 0 0 0 1 13150.8 13150.8 13150.8 13150.8
-1 -1 1 -1 -1 1 0 0 0 0 0 -1.54233e-09 -0 0 0 -0 0 0 0 0 0 0 0 0 0 0 0 0 0 1 13150.8 13150.8 13150.8 13150.8
-1 -1 1 -1 -1 1 0 0 0 0 0 3.57024e-09 -0 0 0 -0 0 0 0 0 0 0 0 0 0 0 0 0 0 1 13150.8 13150.8 13150.8 13150.8
-1 -1 1 -1 -1 1 0 0 0 0 0 1.39261e-09 -0 0 0 -0 0 0 0 0 0 0 0 0 0 0 0 0 0 1 13150.8 13150.8 13150.8 13150.8
-1 -1 1 -1 -1 1 0 0 0 0 0 -7.9512e-10 -0 0 0 -0 0 0 0 0 0 0 0 0 0 0 0 0 0 1 13150.8 13150.8 13150.8 13150.8
-1 -1 1 -1 -1 1 0 0 0 0 0 -2.98259e-09 -0 0 0 -0 0 0 0 0 0 0 0 0 0 0 0 0 0 1 13150.8 13150.8 13150.8 13150.8
-1 -1 1 -1 -1 1 0 0 0 0 0 2.14386e-09 -0 0 0 -0 0 0 0 0 0 0 0 0 0 0 0 0 0 1 13150.8 13150.8 13150.8 13150.8
-1 -1 1 -1 -1 1 0 0 0 0 0 -3.58411e-11 -0 0 0 -0 0 0 0 0 0 0 0 0 0 0 0 0 0 1 13150.8 13150.8 13150.8 13150.8
-1 -1 1 -1 -1 1 0 0 0 0 0 -2.22997e-09 -0 0 0 -0 0 0 0 0 0 0 0 0 0 0 0 0 0 1 13150.8 13150.8 13150.8 13150.8
-1 -1 1 -1 -1 1 0 0 0 0 0 2.85744e-09 -0 0 0 -0 0 0 0 0 0 0 0 0 0 0 0 0 0 1 13150.8 13150.8 13150.8 13150.8
-1 -1 1 -1 -1 1 0 0 0 0 0 6.70106e-10 -0 0 0 -0 0 0 0 0 0 0 0 0 0 0 0 0 0 1 13150.8 13150.8 13150.8 13150.8
-1 -1 1 -1 -1 1 0 0 0 0 0 -1.51395e-09 -0 0 0 -0 0 0 0 0 0 0 0 0 0 0 0 0 0 1 13150.8 13150.8 13150.8 13150.8
-1 -1 1 -1 -1 1 0 0 0 0 0 -3.70257e-09 -0 0 0 -0 0 0 0 0 0 0 0 0 0 0 0 0 0 1 13150.8 13150.8 13150.8 13150.8
-1 -1 1 -1 -1 1 0 0 0 0 0 1.38958e-09 -0 0 0 -0 0 0 0 0 0 0 0 0 0 0 0 0 0 1 13150.8 13150.8 13150.8 13150.8
-1 -1 1 -1 -1 1 0 0 0 0 0 -8.04058e-10 -0 0 0 -0 0 0 0 0 0 0 0 0 0 0 0 0 0 1 13150.8 13150.8 13150.8 13150.8
-1 -1 1 -1 -1 1 0 0 0 0 0 -3.00232e-09 -0 0 0 -0 0 0 0 0 0 0 0 0 0 0 0 0 0 1 13150.8 13150.8 13150.8 13150.8
-1 -1 1 -1 -1 1 0 0 0 0 0 2.09223e-09 -0 0 0 -0 0 0 0 0 0 0 0 0 0 0 0 0 0 1 13150.8 13150.8 13150.8 13150.8
-1 -1 1 -1 -1 1 0 0 0 0 0 -9.56164e-11 -0 0 0 -0 0 0 0 0 0 0 0 0 0 0 0 0 0 1 13150.8 13150.8 13150.8 13150.8
-1 -1 1 -1 -1 1 0 0 0 0 0 -2.28457e-09 -0 0 0 -0 0 0 0 0 0 0 0 0 0 0 0 0 0 1 13150.8 13150.8 13150.8 13150.8
-1 -1 1 -1 -1 1 0 0 0 0 0 2.81568e-09 -0 0 0 -0 0 0 0 0 0 0 0 0 0 0 0 0 0 1 13150.8 13150.8 13150.8 13150.8
-1 -1 1 -1 -1 1 0 0 0 0 0 6.30381e-10 -0 0 0 -0 0 0 0 0 0 0 0 0 0 0 0 0 0 1 13150.8 13150.8 13150.8 13150.8
-1 -1 1 -1 -1 1 0 0 0 0 0 -1.56046e-09 -0 0 0 -0 0 0 0 0 0 0 0 0 0 0 0 0 0 1 13150.8 13150.8 13150.8 13150.8
-1 -1 1 -1 -1 1 0 0 0 0 0 3.53359e-09 -0 0 0 -0 0 0 0 0 0 0 0 0 0 0 0 0 0 1 13150.8 13150.8 13150.8 13150.8
-1 -1 1 -1 -1 1 0 0 0 0 0 1.34636e-09 -0 0 0 -0 0 0 0 0 0 0 0 0 0 0 0 0 0 1 13150.8 13150.8 13150.8 13150.8
-1 -1 1 -1 -1 1 0 0 0 0 0 -8.46081e-10 -0 0 0 -0 0 0 0 0 0 0 0 0 0 0 0 0 0 1 13150.8 13150.8 13150.8 13150.8
-1 -1 1 -1 -1 1 0 0 0 0 0 -3.03204e-09 -0 0 0 -0 0 0 0 0 0 0 0 0 0 0 0 0 0 1 13150.8 13150.8 13150.8 13150.8
-1 -1 1 -1 -1 1 0 0 0 0 0 2.06685e-09 -0 0 0 -0 0 0 0 0 0 0 0 0 0 0 0 0 0 1 13150.8 13150.8 13150.8 13150.8
-1 -1 1 -1 -1 1 0 0 0 0 0 -1.27749e-10 -0 0 0 -0 0 0 0 0 0 0 0 0 0 0 0 0 0 1 13150.8 13150.8 13150.8 13150.8
-1 -1 1 -1 -1 1 0 0 0 0 0 -2.32195e-09 -0 0 0 -0 0 0 0 0 0 0 0 0 0 0 0 0 0 1 13150.8 13150.8 13150.8 13150.8
-1 -1 1 -1 -1 1 0 0 0 0 0 2.7641e-09 -0 0 0 -0 0 0 0 0 0 0 0 0 0 0 0 0 0 1 13150.8 13150.8 13150.8 13150.8
-1 -1 1 -1 -1 1 0 0 0 0 0 5.8267e-10 -0 0 0 -0 0 0 0 0 0 0 0 0 0 0 0 0 0 1 13150.8 13150.8 13150.8 13150.8
-1 -1 1 -1 -1 1 0 0 0 0 0 -1.60584e-09 -0 0 0 -0 0 0 0 0 0 0 0 0 0 0 0 0 0 1 13150.8 13150.8 13150.8 13150.8
-1 -1 1 -1 -1 1 0 0 0 0 0 3.48667e-09 -0 0 0 -0 0 0 0 0 0 0 0 0 0 0 0 0 0 1 13150.8 13150.8 13150.8 13150.8
-1 -1 1 -1 -1 1 0 0 0 0 0 1.29757e-09 -0 0 0 -0 0 0 0 0 0 0 0 0 0 0 0 0 0 1 13150.8 13150.8 13150.8 13150.8
-1 -1 1 -1 -1 1 0 0 0 0 0 -8.93975e-10 -0 0 0 -0 0 0 0 0 0 0 0 0 0 0 0 0 0 1 13150.8 13150.8 13150.8 13150.8
-1 -1 1 -1 -1 1 0 0 0 0 0 -3.08373e-09 -0 0 0 -0 0 0 0 0 0 0 0 0 0 0 0 0 0 1 13150.8 13150.8 13150.8 13150.8
-1 -1 1 -1 -1 1 0 0 0 0 0 2.01073e-09 -0 0 0 -0 0 0 0 0 0 0 0 0 0 0 0 0 0 1 13150.8 13150.8 13150.8 13150.8
-1 -1 1 -1 -1 1 0 0 0 0 0 -1.80314e-10 -0 0 0 -0 0 0 0 0 0 0 0 0 0 0 0 0 0 1 13150.8 13150.8 13150.8 13150.8
-1 -1 1 -1 -1 1 0 0 0 0 0 -2.36757e-09 -0 0 0 -0 0 0 0 0 0 0 0 0 0 0 0 0 0 1 13150.8 13150.8 13150.8 13150.8
-1 -1 1 -1 -1 1 0 0 0 0 0 2.72635e-09 -0 0 0 -0 0 0 0 0 0 0 0 0 0 0 0 0 0 1 13150.8 13150.8 13150.8 13150.8
-1 -1 1 -1 -1 1 0 0 0 0 0 5.36546e-10 -0 0 0 -0 0 0 0 0 0 0 0 0 0 0 0 0 0 1 13150.8 13150.8 13150.8 13150.8
-1 -1 1 -1 -1 1 0 0 0 0 0 -1.65243e-09 -0 0 0 -0 0 0 0 0 0 0 0 0 0 0 0 0 0 1 13150.8 13150.8 13150.8 13150.8
-1 -1 1 -1 -1 1 0 0 0 0 0 3.46571e-09 -0 0 0 -0 0 0 0 0 0 0 0 0 0 0 0 0 0 1 13150.8 13150.8 13150.8 13150.8
-1 -1 1 -1 -1 1 0 0 0 0 0 1.27513e-09 -0 0 0 -0 0 0 0 0 0 0 0 0 0 0 0 0 0 1 13150.8 13150.8 13150.8 13150.8
-1 -1 1 -1 -1 1 0 0 0 0 0 -9.10176e-10 -0 0 0 -0 0 0 0 0 0 0 0 0 0 0 0 0 0 1 13150.8 13150.8 13150.8 13150.8
-1 -1 1 -1 -1 1 0 0 0 0 0 -3.09626e-09 -0 0 0 -0 0 0 0 0 0 0 0 0 0 0 0 0 0 1 13150.8 13150.8 13150.8 13150.8
-1 -1 1 -1 -1 1 0 0 0 0 0 2.01277e-09 -0 0 0 -0 0 0 0 0 0 0 0 0 0 0 0 0 0 1 13150.8 13150.8 13150.8 13150.8
-1 -1 1 -1 -1 1 0 0 0 0 0 -1.82644e-10 -0 0 0 -0 0 0 0 0 0 0 0 0 0 0 0 0 0 1 13150.8 13150.8 13150.8 13150.8
-1 -1 1 -1 -1 1 0 0 0 0 0 -2.37758e-09 -0 0 0 -0 0 0 0 0 0 0 0 0 0 0 0 0 0 1 13150.8 13150.8 13150.8 13150.8
-1 -1 1 -1 -1 1 0 0 0 0 0 2.69468e-09 -0 0 0 -0 0 0 0 0 0 0 0 0 0 0 0 0 0 1 13150.8 13150.8 13150.8 13150.8
-1 -1 1 -1 -1 1 0 0 0 0 0 5.03537e-10 -0 0 0 -0 0 0 0 0 0 0 0 0 0 0 0 0 0 1 13150.8 13150.8 13150.8 13150.8
-1 -1 1 -1 -1 1 0 0 0 0 0 -1.67859e-09 -0 0 0 -0 0 0 0 0 0 0 0 0 0 0 0 0 0 1 13150.8 13150.8 13150.8 13150.8
-1 -1 1 -1 -1 1 0 0 0 0 0 3.40828e-09 -0 0 0 -0 0 0 0 0 0 0 0 0 0 0 0 0 0 1 13150.8 13150.8 13150.8 13150.8
-1 -1 1 -1 -1 1 0 0 0 0 0 1.21306e-09 -0 0 0 -0 0 0 0 0 0 0 0 0 0 0 0 0 0 1 13150.8 13150.8 13150.8 13150.8
-1 -1 1 -1 -1 1 0 0 0 0 0 -9.74974e-10 -0 0 0 -0 0 0 0 0 0 0 0 0 0 0 0 0 0 1 13150.8 13150.8 13150.8 13150.8
-1 -1 1 -1 -1 1 0 0 0 0 0 -3.17144e-09 -0 0 0 -0 0 0 0 0 0 0 0 0 0 0 0 0 0 1 13150.8 13150.8 13150.8 13150.8
-1 -1 1 -1 -1 1 0 0 0 0 0 1.9412e-09 -0 0 0 -0 0 0 0 0 0 0 0 0 0 0 0 0 0 1 13150.8 13150.8 13150.8 13150.8
-1 -1 1 -1 -1 1 0 0 0 0 0 -2.36091e-10 -0 0 0 -0 0 0 0 0 0 0 0 0 0 0 0 0 0 1 13150.8 13150.8 13150.8 13150.8
-1 -1 1 -1 -1 1 0 0 0 0 0 -2.42309e-09 -0 0 0 -0 0 0 0 0 0 0 0 0 0 0 0 0 0 1 13150.8 13150.8 13150.8 13150.8
-1 -1 1 -1 -1 1 0 0 0 0 0 2.69895e-09 -0 0 0 -0 0 0 0 0 0 0 0 0 0 0 0 0 0 1 13150.8 13150.8 13150.8 13150.8
-1 -1 1 -1 -1 1 0 0 0 0 0 5.22752e-10 -0 0 0 -0 0 0 0 0 0 0 0 0 0 0 0 0 0 1 13150.8 13150.8 13150.8 13150.8
-1 -1 1 -1 -1 1 0 0 0 0 0 -1.66818e-09 -0 0 0 -0 0 0 0 0 0 0 0 0 0 0 0 0 0 1 13150.8 13150.8 13150.8 13150.8
-1 -1 1 -1 -1 1 0 0 0 0 0 3.43556e-09 -0 0 0 -0 0 0 0 0 0 0 0 0 0 0 0 0 0 1 13150.8 13150.8 13150.8 13150.8
-1 -1 1 -1 -1 1 0 0 0 0 0 1.24133e-09 -0 0 0 -0 0 0 0 0 0 0 0 0 0 0 0 0 0 1 13150.8 13150.8 13150.8 13150.8
-1 -1 1 -1 -1 1 0 0 0 0 0 -9.43923e-10 -0 0 0 -0 0 0 0 0 0 0 0 0 0 0 0 0 0 1 13150.8 13150.8 13150.8 13150.8
-1 -1 1 -1 -1 1 0 0 0 0 0 -3.13842e-09 -0 0 0 -0 0 0 0 0 0 0 0 0 0 0 0 0 0 1 13150.8 13150.8 13150.8 13150.8
-1 -1 1 -1 -1 1 0 0 0 0 0 1.96839e-09 -0 0 0 -0 0 0 0 0 0 0 0 0 0 0 0 0 0 1 13150.8 13150.8 13150.8 13150.8
-1 -1 1 -1 -1 1 0 0 0 0 0 -2.1467e-10 -0 0 0 -0 0 0 0 0 0 0 0 0 0 0 0 0 0 1 13150.8 13150.8 13150.8 13150.8
-1 -1 1 -1 -1 1 0 0 0 0 0 -2.40246e-09 -0 0 0 -0 0 0 0 0 0 0 0 0 0 0 0 0 0 1 13150.8 13150.8 13150.8 13150.8
-1 -1 1 -1 -1 1 0 0 0 0 0 2.69663e-09 -0 0 0 -0 0 0 0 0 0 0 0 0 0 0 0 0 0 1 13150.8 13150.8 13150.8 13150.8
-1 -1 1 -1 -1 1 0 0 0 0 0 5.11509e-10 -0 0 0 -0 0 0 0 0 0 0 0 0 0 0 0 0 0 1 13150.8 13150.8 13150.8 13150.8
-1 -1 1 -1 -1 1 0 0 0 0 0 -1.67582e-09 -0 0 0 -0 0 0 0 0 0 0 0 0 0 0 0 0 0 1 13150.8 13150.8 13150.8 13150.8
-1 -1 1 -1 -1 1 0 0 0 0 0 3.41714e-09 -0 0 0 -0 0 0 0 0 0 0 0 0 0 0 0 0 0 1 13150.8 13150.8 13150.8 13150.8
-1 -1 1 -1 -1 1 0 0 0 0 0 1.22761e-09 -0 0 0 -0 0 0 0 0 0 0 0 0 0 0 0 0 0 1 13150.8 13150.8 13150.8 13150.8
-1 -1 1 -1 -1 1 0 0 0 0 0 -9.60453e-10 -0 0 0 -0 0 0 0 0 0 0 0 0 0 0 0 0 0 1 13150.8 13150.8 13150.8 13150.8
-1 -1 1 -1 -1 1 0 0 0 0 0 -3.15216e-09 -0 0 0 -0 0 0 0 0 0 0 0 0 0 0 0 0 0 1 13150.8 13150.8 13150.8 13150.8
-1 -1 1 -1 -1 1 0 0 0 0 0 1.94776e-09 -0 0 0 -0 0 0 0 0 0 0 0 0 0 0 0 0 0 1 13150.8 13150.8 13150.8 13150.8
-1 -1 1 -1 -1 1 0 0 0 0 0 -2.4498e-10 -0 0 0 -0 0 0 0 0 0 0 0 0 0 0 0 0 0 1 13150.8 13150.8 13150.8 13150.8
-1 -1 1 -1 -1 1 0 0 0 0 0 -2.4301e-09 -0 0 0 -0 0 0 0 0 0 0 0 0 0 0 0 0 0 1 13150.8 13150.8 13150.8 13150.8
-1 -1 1 -1 -1 1 0 0 0 0 0 2.66134e-09 -0 0 0 -0 0 0 0 0 0 0 0 0 0 0 0 0 0 1 13150.8 13150.8 13150.8 13150.8
-1 -1 1 -1 -1 1 0 0 0 0 0 4.6283e-10 -0 0 0 -0 0 0 0 0 0 0 0 0 0 0 0 0 0 1 13150.8 13150.8 13150.8 13150.8
-1 -1 1 -1 -1 1 0 0 0 0 0 -1.71796e-09 -0 0 0 -0 0 0 0 0 0 0 0 0 0 0 0 0 0 1 13150.8 13150.8 13150.8 13150.8
-1 -1 1 -1 -1 1 0 0 0 0 0 3.38329e-09 -0 0 0 -0 0 0 0 0 0 0 0 0 0 0 0 0 0 1 13150.8 13150.8 13150.8 13150.8
-1 -1 1 -1 -1 1 0 0 0 0 0 1.18542e-09 -0 0 0 -0 0 0 0 0 0 0 0 0 0 0 0 0 0 1 13150.8 13150.8 13150.8 13150.8
-1 -1 1 -1 -1 1 0 0 0 0 0 -9.99949e-10 -0 0 0 -0 0 0 0 0 0 0 0 0 0 0 0 0 0 1 13150.8 13150.8 13150.8 13150.8
-1 -1 1 -1 -1 1 0 0 0 0 0 -3.19433e-09 -0 0 0 -0 0 0 0 0 0 0 0 0 0 0 0 0 0 1 13150.8 13150.8 13150.8 13150.8
-1 -1 1 -1 -1 1 0 0 0 0 0 1.88512e-09 -0 0 0 -0 0 0 0 0 0 0 0 0 0 0 0 0 0 1 13150.8 13150.8 13150.8 13150.8
-1 -1 1 -1 -1 1 0 0 0 0 0 -3.05051e-10 -0 0 0 -0 0 0 0 0 0 0 0 0 0 0 0 0 0 1 13150.8 13150.8 13150.8 13150.8
-1 -1 1 -1 -1 1 0 0 0 0 0 -2.50301e-09 -0 0 0 -0 0 0 0 0 0 0 0 0 0 0 0 0 0 1 13150.8 13150.8 13150.8 13150.8
-1 -1 1 -1 -1 1 0 0 0 0 0 2.58969e-09 -0 0 0 -0 0 0 0 0 0 0 0 0 0 0 0 0 0 1 13150.8 13150.8 13150.8 13150.8
-1 -1 1 -1 -1 1 0 0 0 0 0 3.9965e-10 -0 0 0 -0 0 0 0 0 0 0 0 0 0 0 0 0 0 1 13150.8 13150.8 13150.8 13150.8
-1 -1 1 -1 -1 1 0 0 0 0 0 -1.78957e-09 -0 0 0 -0 0 0 0 0 0 0 0 0 0 0 0 0 0 1 13150.8 13150.8 13150.8 13150.8
-1 -1 1 -1 -1 1 0 0 0 0 0 3.29499e-09 -0 0 0 -0 0 0 0 0 0 0 0 0 0 0 0 0 0 1 13150.8 13150.8 13150.8 13150.8
-1 -1 1 -1 -1 1 0 0 0 0 0 1.10552e-09 -0 0 0 -0 0 0 0 0 0 0 0 0 0 0 0 0 0 1 13150.8 13150.8 13150.8 13150.8
-1 -1 1 -1 -1 1 0 0 0 0 0 -1.08895e-09 -0 0 0 -0 0 0 0 0 0 0 0 0 0 0 0 0 0 1 13150.8 13150.8 13150.8 13150.8
-1 -1 1 -1 -1 1 0 0 0 0 0 -3.27851e-09 -0 0 0 -0 0 0 0 0 0 0 0 0 0 0 0 0 0 1 13150.8 13150.8 13150.8 13150.8
-1 -1 1 -1 -1 1 0 0 0 0 0 1.80966e-09 -0 0 0 -0 0 0 0 0 0 0 0 0 0 0 0 0 0 1 13150.8 13150.8 13150.8 13150.8
-1 -1 1 -1 -1 1 0 0 0 0 0 -3.73138e-10 -0 0 0 -0 0 0 0 0 0 0 0 0 0 0 0 0 0 1 13150.8 13150.8 13150.8 13150.8
-1 -1 1 -1 -1 1 0 0 0 0 0 -2.56692e-09 -0 0 0 -0 0 0 0 0 0 0 0 0 0 0 0 0 0 1 13150.8 13150.8 13150.8 13150.8
-1 -1 1 -1 -1 1 0 0 0 0 0 2.48621e-09 -0 0 0 -0 0 0 0 0 0 0 0 0 0 0 0 0 0 1 13150.8 13150.8 13150.8 13150.8
-1 -1 1 -1 -1 1 0 0 0 0 0 2.839e-10 -0 0 0 -0 0 0 0 0 0 0 0 0 0 0 0 0 0 1 13150.8 13150.8 13150.8 13150.8
-1 -1 1 -1 -1 1 0 0 0 0 0 -1.91194e-09 -0 0 0 -0 0 0 0 0 0 0 0 0 0 0 0 0 0 1 13150.8 13150.8 13150.8 13150.8
-1 -1 1 -1 -1 1 0 0 0 0 0 3.17154e-09 -0 0 0 -0 0 0 0 0 0 0 0 0 0 0 0 0 0 1 13150.8 13150.8 13150.8 13150.8
-1 -1 1 -1 -1 1 0 0 0 0 0 9.7542e-10 -0 0 0 -0 0 0 0 0 0 0 0 0 0 0 0 0 0 1 13150.8 13150.8 13150.8 13150.8
-1 -1 1 -1 -1 1 0 0 0 0 0 -1.21125e-09 -0 0 0 -0 0 0 0 0 0 0 0 0 0 0 0 0 0 1 13150.8 13150.8 13150.8 13150.8
-1 -1 1 -1 -1 1 0 0 0 0 0 -3.40591e-09 -0 0 0 -0 0 0 0 0 0 0 0 0 0 0 0 0 0 1 13150.8 13150.8 13150.8 13150.8
-1 -1 1 -1 -1 1 0 0 0 0 0 1.67177e-09 -0 0 0 -0 0 0 0 0 0 0 0 0 0 0 0 0 0 1 13150.8 13150.8 13150.8 13150.8
-1 -1 1 -1 -1 1 0 0 0 0 0 -5.6084e-10 -0 0 0 -0 0 0 0 0 0 0 0 0 0 0 0 0 0 1 13150.8 13150.8 13150.8 13150.8
-1 -1 1 -1 -1 1 0 0 0 0 0 -2.71757e-09 -0 0 0 -0 0 0 0 0 0 0 0 0 0 0 0 0 0 1 13150.8 13150.8 13150.8 13150.8
-1 -1 1 -1 -1 1 0 0 0 0 0 2.36746e-09 -0 0 0 -0 0 0 0 0 0 0 0 0 0 0 0 0 0 1 13150.8 13150.8 13150.8 13150.8
-1 -1 1 -1 -1 1 0 0 0 0 0 1.77955e-10 -0 0 0 -0 0 0 0 0 0 0 0 0 0 0 0 0 0 1 13150.8 13150.8 13150.8 13150.8
-1 -1 1 -1 -1 1 0 0 0 0 0 -2.00647e-09 -0 0 0 -0 0 0 0 0 0 0 0 0 0 0 0 0 0 1 13150.8 13150.8 13150.8 13150.8
-1 -1 1 -1 -1 1 0 0 0 0 0 3.08776e-09 -0 0 0 -0 0 0 0 0 0 0 0 0 0 0 0 0 0 1 13150.8 13150.8 13150.8 13150.8
-1 -1 1 -1 -1 1 0 0 0 0 0 8.98926e-10 -0 0 0 -0 0 0 0 0 0 0 0 0 0 0 0 0 0 1 13150.8 13150.8 13150.8 13150.8
-1 -1 1 -1 -1 1 0 0 0 0 0 -1.29468e-09 -0 0 0 -0 0 0 0 0 0 0 0 0 0 0 0 0 0 1 13150.8 13150.8 13150.8 13150.8
-1 -1 1 -1 -1 1 0 0 0 0 0 -3.4809e-09 -0 0 0 -0 0 0 0 0 0 0 0 0 0 0 0 0 0 1 13150.8 13150.8 13150.8 13150.8
-1 -1 1 -1 -1 1 0 0 0 0 0 1.63148e-09 -0 0 0 -0 0 0 0 0 0 0 0 0 0 0 0 0 0 1 13150.8 13150.8 13150.8 13150.8
-1 -1 1 -1 -1 1 0 0 0 0 0 -5.57858e-10 -0 0 0 -0 0 0 0 0 0 0 0 0 0 0 0 0 0 1 13150.8 13150.8 13150.8 13150.8
-1 -1 1 -1 -1 1 0 0 0 0 0 -2.7403e-09 -0 0 0 -0 0 0 0 0 0 0 0 0 0 0 0 0 0 1 13150.8 13150.8 13150.8 13150.8
-1 -1 1 -1 -1 1 0 0 0 0 0 2.35254e-09 -0 0 0 -0 0 0 0 0 0 0 0 0 0 0 0 0 0 1 13150.8 13150.8 13150.8 13150.8
-1 -1 1 -1 -1 1 0 0 0 0 0 1.63278e-10 -0 0 0 -0 0 0 0 0 0 0 0 0 0 0 0 0 0 1 13150.8 13150.8 13150.8 13150.8
-1 -1 1 -1 -1 1 0 0 0 0 0 -2.03305e-09 -0 0 0 -0 0 0 0 0 0 0 0 0 0 0 0 0 0 1 13150.8 13150.8 13150.8 13150.8
-1 -1 1 -1 -1 1 0 0 0 0 0 3.06942e-09 -0 0 0 -0 0 0 0 0 0 0 0 0 0 0 0 0 0 1 13150.8 13150.8 13150.8 13150.8
-1 -1 1 -1 -1 1 0 0 0 0 0 8.86419e-10 -0 0 0 -0 0 0 0 0 0 0 0 0 0 0 0 0 0 1 13150.8 13150.8 13150.8 13150.8
-1 -1 1 -1 -1 1 0 0 0 0 0 -1.31529e-09 -0 0 0 -0 0 0 0 0 0 0 0 0 0 0 0 0 0 1 13150.8 13150.8 13150.8 13150.8
-1 -1 1 -1 -1 1 0 0 0 0 0 -3.50024e-09 -0 0 0 -0 0 0 0 0 0 0 0 0 0 0 0 0 0 1 13150.8 13150.8 13150.8 13150.8
-1 -1 1 -1 -1 1 0 0 0 0 0 1.58477e-09 -0 0 0 -0 0 0 0 0 0 0 0 0 0 0 0 0 0 1 13150.8 13150.8 13150.8 13150.8
-1 -1 1 -1 -1 1 0 0 0 0 0 -6.1077e-10 -0 0 0 -0 0 0 0 0 0 0 0 0 0 0 0 0 0 1 13150.8 13150.8 13150.8 13150.8
-1 -1 1 -1 -1 1 0 0 0 0 0 -2.79185e-09 -0 0 0 -0 0 0 0 0 0 0 0 0 0 0 0 0 0 1 13150.8 13150.8 13150.8 13150.8
-1 -1 1 -1 -1 1 0 0 0 0 0 2.31736e-09 -0 0 0 -0 0 0 0 0 0 0 0 0 0 0 0 0 0 1 13150.8 13150.8 13150.8 13150.8
-1 -1 1 -1 -1 1 0 0 0 0 0 1.3379e-10 -0 0 0 -0 0 0 0 0 0 0 0 0 0 0 0 0 0 1 13150.8 13150.8 13150.8 13150.8
-1 -1 1 -1 -1 1 0 0 0 0 0 -2.05237e-09 -0 0 0 -0 0 0 0 0 0 0 0 0 0 0 0 0 0 1 13150.8 13150.8 13150.8 13150.8
-1 -1 1 -1 -1 1 0 0 0 0 0 3.03962e-09 -0 0 0 -0 0 0 0 0 0 0 0 0 0 0 0 0 0 1 13150.8 13150.8 13150.8 13150.8
-1 -1 1 -1 -1 1 0 0 0 0 0 8.49644e-10 -0 0 0 -0 0 0 0 0 0 0 0 0 0 0 0 0 0 1 13150.8 13150.8 13150.8 13150.8
-1 -1 1 -1 -1 1 0 0 0 0 0 -1.34244e-09 -0 0 0 -0 0 0 0 0 0 0 0 0 0 0 0 0 0 1 13150.8 13150.8 13150.8 13150.8
-1 -1 1 -1 -1 1 0 0 0 0 0 -3.53258e-09 -0 0 0 -0 0 0 0 0 0 0 0 0 0 0 0 0 0 1 13150.8 13150.8 13150.8 13150.8
-1 -1 1 -1 -1 1 0 0 0 0 0 1.57572e-09 -0 0 0 -0 0 0 0 0 0 0 0 0 0 0 0 0 0 1 13150.8 13150.8 13150.8 13150.8
-1 -1 1 -1 -1 1 0 0 0 0 0 -6.08227e-10 -0 0 0 -0 0 0 0 0 0 0 0 0 0 0 0 0 0 1 13150.8 13150.8 13150.8 13150.8
-1 -1 1 -1 -1 1 0 0 0 0 0 -2.80289e-09 -0 0 0 -0 0 0 0 0 0 0 0 0 0 0 0 0 0 1 13150.8 13150.8 13150.8 13150.8
-1 -1 1 -1 -1 1 0 0 0 0 0 2.27894e-09 -0 0 0 -0 0 0 0 0 0 0 0 0 0 0 0 0 0 1 13150.8 13150.8 13150.8 13150.8
-1 -1 1 -1 -1 1 0 0 0 0 0 8.99289e-11 -0 0 0 -0 0 0 0 0 0 0 0 0 0 0 0 0 0 1 13150.8 13150.8 13150.8 13150.8
-1 -1 1 -1 -1 1 0 0 0 0 0 -2.08506e-09 -0 0 0 -0 0 0 0 0 0 0 0 0 0 0 0 0 0 1 13150.8 13150.8 13150.8 13150.8
-1 -1 1 -1 -1 1 0 0 0 0 0 3.07841e-09 -0 0 0 -0 0 0 0 0 0 0 0 0 0 0 0 0 0 1 13150.8 13150.8 13150.8 13150.8
-1 -1 1 -1 -1 1 0 0 0 0 0 8.97584e-10 -0 0 0 -0 0 0 0 0 0 0 0 0 0 0 0 0 0 1 13150.8 13150.8 13150.8 13150.8
-1 -1 1 -1 -1 1 0 0 0 0 0 -1.29646e-09 -0 0 0 -0 0 0 0 0 0 0 0 0 0 0 0 0 0 1 13150.8 13150.8 13150.8 13150.8
-1 -1 1 -1 -1 1 0 0 0 0 0 -3.47745e-09 -0 0 0 -0 0 0 0 0 0 0 0 0 0 0 0 0 0 1 13150.8 13150.8 13150.8 13150.8
-1 -1 1 -1 -1 1 0 0 0 0 0 1.61977e-09 -0 0 0 -0 0 0 0 0 0 0 0 0 0 0 0 0 0 1 13150.8 13150.8 13150.8 13150.8
-1 -1 1 -1 -1 1 0 0 0 0 0 -5.72252e-10 -0 0 0 -0 0 0 0 0 0 0 0 0 0 0 0 0 0 1 13150.8 13150.8 13150.8 13150.8
-1 -1 1 -1 -1 1 0 0 0 0 0 -2.76077e-09 -0 0 0 -0 0 0 0 0 0 0 0 0 0 0 0 0 0 1 13150.8 13150.8 13150.8 13150.8
-1 -1 1 -1 -1 1 0 0 0 0 0 2.33705e-09 -0 0 0 -0 0 0 0 0 0 0 0 0 0 0 0 0 0 1 13150.8 13150.8 13150.8 13150.8
-1 -1 1 -1 -1 1 0 0 0 0 0 1.40781e-10 -0 0 0 -0 0 0 0 0 0 0 0 0 0 0 0 0 0 1 13150.8 13150.8 13150.8 13150.8
-1 -1 1 -1 -1 1 0 0 0 0 0 -2.03822e-09 -0 0 0 -0 0 0 0 0 0 0 0 0 0 0 0 0 0 1 13150.8 13150.8 13150.8 13150.8
-1 -1 1 -1 -1 1 0 0 0 0 0 3.05264e-09 -0 0 0 -0 0 0 0 0 0 0 0 0 0 0 0 0 0 1 13150.8 13150.8 13150.8 13150.8
-1 -1 1 -1 -1 1 0 0 0 0 0 8.63753e-10 -0 0 0 -0 0 0 0 0 0 0 0 0 0 0 0 0 0 1 13150.8 13150.8 13150.8 13150.8
-1 -1 1 -1 -1 1 0 0 0 0 0 -1.33012e-09 -0 0 0 -0 0 0 0 0 0 0 0 0 0 0 0 0 0 1 13150.8 13150.8 13150.8 13150.8
-1 -1 1 -1 -1 1 0 0 0 0 0 -3.51737e-09 -0 0 0 -0 0 0 0 0 0 0 0 0 0 0 0 0 0 1 13150.8 13150.8 13150.8 13150.8
-1 -1 1 -1 -1 1 0 0 0 0 0 1.59637e-09 -0 0 0 -0 0 0 0 0 0 0 0 0 0 0 0 0 0 1 13150.8 13150.8 13150.8 13150.8
-1 -1 1 -1 -1 1 0 0 0 0 0 -5.94563e-10 -0 0 0 -0 0 0 0 0 0 0 0 0 0 0 0 0 0 1 13150.8 13150.8 13150.8 13150.8
-1 -1 1 -1 -1 1 0 0 0 0 0 -2.78529e-09 -0 0 0 -0 0 0 0 0 0 0 0 0 0 0 0 0 0 1 13150.8 13150.8 13150.8 13150.8
-1 -1 1 -1 -1 1 0 0 0 0 0 2.32228e-09 -0 0 0 -0 0 0 0 0 0 0 0 0 0 0 0 0 0 1 13150.8 13150.8 13150.8 13150.8
-1 -1 1 -1 -1 1 0 0 0 0 0 1.43366e-10 -0 0 0 -0 0 0 0 0 0 0 0 0 0 0 0 0 0 1 13150.8 13150.8 13150.8 13150.8
-1 -1 1 -1 -1 1 0 0 0 0 0 -2.04916e-09 -0 0 0 -0 0 0 0 0 0 0 0 0 0 0 0 0 0 1 13150.8 13150.8 13150.8 13150.8
-1 -1 1 -1 -1 1 0 0 0 0 0 3.05455e-09 -0 0 0 -0 0 0 0 0 0 0 0 0 0 0 0 0 0 1 13150.8 13150.8 13150.8 13150.8
-1 -1 1 -1 -1 1 0 0 0 0 0 8.64451e-10 -0 0 0 -0 0 0 0 0 0 0 0 0 0 0 0 0 0 1 13150.8 13150.8 13150.8 13150.8
-1 -1 1 -1 -1 1 0 0 0 0 0 -1.31463e-09 -0 0 0 -0 0 0 0 0 0 0 0 0 0 0 0 0 0 1 13150.8 13150.8 13150.8 13150.8
-1 -1 1 -1 -1 1 0 0 0 0 0 -3.51023e-09 -0 0 0 -0 0 0 0 0 0 0 0 0 0 0 0 0 0 1 13150.8 13150.8 13150.8 13150.8
-1 -1 1 -1 -1 1 0 0 0 0 0 1.60022e-09 -0 0 0 -0 0 0 0 0 0 0 0 0 0 0 0 0 0 1 13150.8 13150.8 13150.8 13150.8
-1 -1 1 -1 -1 1 0 0 0 0 0 -5.87764e-10 -0 0 0 -0 0 0 0 0 0 0 0 0 0 0 0 0 0 1 13150.8 13150.8 13150.8 13150.8
-1 -1 1 -1 -1 1 0 0 0 0 0 -2.77908e-09 -0 0 0 -0 0 0 0 0 0 0 0 0 0 0 0 0 0 1 13150.8 13150.8 13150.8 13150.8
-1 -1 1 -1 -1 1 0 0 0 0 0 2.30083e-09 -0 0 0 -0 0 0 0 0 0 0 0 0 0 0 0 0 0 1 13150.8 13150.8 13150.8 13150.8
-1 -1 1 -1 -1 1 0 0 0 0 0 1.07851e-10 -0 0 0 -0 0 0 0 0 0 0 0 0 0 0 0 0 0 1 13150.8 13150.8 13150.8 13150.8
-1 -1 1 -1 -1 1 0 0 0 0 0 -2.06236e-09 -0 0 0 -0 0 0 0 0 0 0 0 0 0 0 0 0 0 1 13150.8 13150.8 13150.8 13150.8
-1 -1 1 -1 -1 1 0 0 0 0 0 3.08141e-09 -0 0 0 -0 0 0 0 0 0 0 0 0 0 0 0 0 0 1 13150.8 13150.8 13150.8 13150.8
-1 -1 1 -1 -1 1 0 0 0 0 0 8.94118e-10 -0 0 0 -0 0 0 0 0 0 0 0 0 0 0 0 0 0 1 13150.8 13150.8 13150.8 13150.8
-1 -1 1 -1 -1 1 0 0 0 0 0 -1.29453e-09 -0 0 0 -0 0 0 0 0 0 0 0 0 0 0 0 0 0 1 13150.8 13150.8 13150.8 13150.8
-1 -1 1 -1 -1 1 0 0 0 0 0 -3.47586e-09 -0 0 0 -0 0 0 0 0 0 0 0 0 0 0 0 0 0 1 13150.8 13150.8 13150.8 13150.8
-1 -1 1 -1 -1 1 0 0 0 0 0 1.63816e-09 -0 0 0 -0 0 0 0 0 0 0 0 0 0 0 0 0 0 1 13150.8 13150.8 13150.8 13150.8
-1 -1 1 -1 -1 1 0 0 0 0 0 -5.46173e-10 -0 0 0 -0 0 0 0 0 0 0 0 0 0 0 0 0 0 1 13150.8 13150.8 13150.8 13150.8
-1 -1 1 -1 -1 1 0 0 0 0 0 -2.73421e-09 -0 0 0 -0 0 0 0 0 0 0 0 0 0 0 0 0 0 1 13150.8 13150.8 13150.8 13150.8
-1 -1 1 -1 -1 1 0 0 0 0 0 2.35795e-09 -0 0 0 -0 0 0 0 0 0 0 0 0 0 0 0 0 0 1 13150.8 13150.8 13150.8 13150.8
-1 -1 1 -1 -1 1 0 0 0 0 0 1.67507e-10 -0 0 0 -0 0 0 0 0 0 0 0 0 0 0 0 0 0 1 13150.8 13150.8 13150.8 13150.8
-1 -1 1 -1 -1 1 0 0 0 0 0 -2.02671e-09 -0 0 0 -0 0 0 0 0 0 0 0 0 0 0 0 0 0 1 13150.8 13150.8 13150.8 13150.8
-1 -1 1 -1 -1 1 0 0 0 0 0 3.07124e-09 -0 0 0 -0 0 0 0 0 0 0 0 0 0 0 0 0 0 1 13150.8 13150.8 13150.8 13150.8
-1 -1 1 -1 -1 1 0 0 0 0 0 8.83964e-10 -0 0 0 -0 0 0 0 0 0 0 0 0 0 0 0 0 0 1 13150.8 13150.8 13150.8 13150.8
-1 -1 1 -1 -1 1 0 0 0 0 0 -1.31829e-09 -0 0 0 -0 0 0 0 0 0 0 0 0 0 0 0 0 0 1 13150.8 13150.8 13150.8 13150.8
-1 -1 1 -1 -1 1 0 0 0 0 0 -3.49504e-09 -0 0 0 -0 0 0 0 0 0 0 0 0 0 0 0 0 0 1 13150.8 13150.8 13150.8 13150.8
-1 -1 1 -1 -1 1 0 0 0 0 0 1.59659e-09 -0 0 0 -0 0 0 0 0 0 0 0 0 0 0 0 0 0 1 13150.8 13150.8 13150.8 13150.8
-1 -1 1 -1 -1 1 0 0 0 0 0 -5.93029e-10 -0 0 0 -0 0 0 0 0 0 0 0 0 0 0 0 0 0 1 13150.8 13150.8 13150.8 13150.8
-1 -1 1 -1 -1 1 0 0 0 0 0 -2.78348e-09 -0 0 0 -0 0 0 0 0 0 0 0 0 0 0 0 0 0 1 13150.8 13150.8 13150.8 13150.8
-1 -1 1 -1 -1 1 0 0 0 0 0 2.31498e-09 -0 0 0 -0 0 0 0 0 0 0 0 0 0 0 0 0 0 1 13150.8 13150.8 13150.8 13150.8
-1 -1 1 -1 -1 1 0 0 0 0 0 1.15719e-10 -0 0 0 -0 0 0 0 0 0 0 0 0 0 0 0 0 0 1 13150.8 13150.8 13150.8 13150.8
-1 -1 1 -1 -1 1 0 0 0 0 0 -2.06169e-09 -0 0 0 -0 0 0 0 0 0 0 0 0 0 0 0 0 0 1 13150.8 13150.8 13150.8 13150.8
-1 -1 1 -1 -1 1 0 0 0 0 0 3.05272e-09 -0 0 0 -0 0 0 0 0 0 0 0 0 0 0 0 0 0 1 13150.8 13150.8 13150.8 13150.8
-1 -1 1 -1 -1 1 0 0 0 0 0 8.74534e-10 -0 0 0 -0 0 0 0 0 0 0 0 0 0 0 0 0 0 1 13150.8 13150.8 13150.8 13150.8
-1 -1 1 -1 -1 1 0 0 0 0 0 -1.31633e-09 -0 0 0 -0 0 0 0 0 0 0 0 0 0 0 0 0 0 1 13150.8 13150.8 13150.8 13150.8
-1 -1 1 -1 -1 1 0 0 0 0 0 -3.52012e-09 -0 0 0 -0 0 0 0 0 0 0 0 0 0 0 0 0 0 1 13150.8 13150.8 13150.8 13150.8
-1 -1 1 -1 -1 1 0 0 0 0 0 1.53956e-09 -0 0 0 -0 0 0 0 0 0 0 0 0 0 0 0 0 0 1 13150.8 13150.8 13150.8 13150.8
-1 -1 1 -1 -1 1 0 0 0 0 0 -6.51406e-10 -0 0 0 -0 0 0 0 0 0 0 0 0 0 0 0 0 0 1 13150.8 13150.8 13150.8 13150.8
-1 -1 1 -1 -1 1 0 0 0 0 0 -2.8396e-09 -0 0 0 -0 0 0 0 0 0 0 0 0 0 0 0 0 0 1 13150.8 13150.8 13150.8 13150.8
-1 -1 1 -1 -1 1 0 0 0 0 0 2.28185e-09 -0 0 0 -0 0 0 0 0 0 0 0 0 0 0 0 0 0 1 13150.8 13150.8 13150.8 13150.8
-1 -1 1 -1 -1 1 0 0 0 0 0 9.90961e-11 -0 0 0 -0 0 0 0 0 0 0 0 0 0 0 0 0 0 1 13150.8 13150.8 13150.8 13150.8
-1 -1 1 -1 -1 1 0 0 0 0 0 -2.08619e-09 -0 0 0 -0 0 0 0 0 0 0 0 0 0 0 0 0 0 1 13150.8 13150.8 13150.8 13150.8
-1 -1 1 -1 -1 1 0 0 0 0 0 3.03718e-09 -0 0 0 -0 0 0 0 0 0 0 0 0 0 0 0 0 0 1 13150.8 13150.8 13150.8 13150.8
-1 -1 1 -1 -1 1 0 0 0 0 0 8.41985e-10 -0 0 0 -0 0 0 0 0 0 0 0 0 0 0 0 0 0 1 13150.8 13150.8 13150.8 13150.8
-1 -1 1 -1 -1 1 0 0 0 0 0 -1.33601e-09 -0 0 0 -0 0 0 0 0 0 0 0 0 0 0 0 0 0 1 13150.8 13150.8 13150.8 13150.8
-1 -1 1 -1 -1 1 0 0 0 0 0 -3.5324e-09 -0 0 0 -0 0 0 0 0 0 0 0 0 0 0 0 0 0 1 13150.8 13150.8 13150.8 13150.8
-1 -1 1 -1 -1 1 0 0 0 0 0 1.55575e-09 -0 0 0 -0 0 0 0 0 0 0 0 0 0 0 0 0 0 1 13150.8 13150.8 13150.8 13150.8
-1 -1 1 -1 -1 1 0 0 0 0 0 -6.299e-10 -0 0 0 -0 0 0 0 0 0 0 0 0 0 0 0 0 0 1 13150.8 13150.8 13150.8 13150.8
-1 -1 1 -1 -1 1 0 0 0 0 0 -2.82553e-09 -0 0 0 -0 0 0 0 0 0 0 0 0 0 0 0 0 0 1 13150.8 13150.8 13150.8 13150.8
-1 -1 1 -1 -1 1 0 0 0 0 0 2.26199e-09 -0 0 0 -0 0 0 0 0 0 0 0 0 0 0 0 0 0 1 13150.8 13150.8 13150.8 13150.8
-1 -1 1 -1 -1 1 0 0 0 0 0 7.11906e-11 -0 0 0 -0 0 0 0 0 0 0 0 0 0 0 0 0 0 1 13150.8 13150.8 13150.8 13150.8
-1 -1 1 -1 -1 1 0 0 0 0 0 -2.11383e-09 -0 0 0 -0 0 0 0 0 0 0 0 0 0 0 0 0 0 1 13150.8 13150.8 13150.8 13150.8
-1 -1 1 -1 -1 1 0 0 0 0 0 2.98734e-09 -0 0 0 -0 0 0 0 0 0 0 0 0 0 0 0 0 0 1 13150.8 13150.8 13150.8 13150.8
-1 -1 1 -1 -1 1 0 0 0 0 0 8.05573e-10 -0 0 0 -0 0 0 0 0 0 0 0 0 0 0 0 0 0 1 13150.8 13150.8 13150.8 13150.8
-1 -1 1 -1 -1 1 0 0 0 0 0 -1.40048e-09 -0 0 0 -0 0 0 0 0 0 0 0 0 0 0 0 0 0 1 13150.8 13150.8 13150.8 13150.8
-1 -1 1 -1 -1 1 0 0 0 0 0 3.66891e-09 -0 0 0 -0 0 0 0 0 0 0 0 0 0 0 0 0 0 1 13150.8 13150.8 13150.8 13150.8
-1 -1 1 -1 -1 1 0 0 0 0 0 1.47507e-09 -0 0 0 -0 0 0 0 0 0 0 0 0 0 0 0 0 0 1 13150.8 13150.8 13150.8 13150.8
-1 -1 1 -1 -1 1 0 0 0 0 0 -7.08554e-10 -0 0 0 -0 0 0 0 0 0 0 0 0 0 0 0 0 0 1 13150.8 13150.8 13150.8 13150.8
-1 -1 1 -1 -1 1 0 0 0 0 0 -2.89552e-09 -0 0 0 -0 0 0 0 0 0 0 0 0 0 0 0 0 0 1 13150.8 13150.8 13150.8 13150.8
-1 -1 1 -1 -1 1 0 0 0 0 0 2.1966e-09 -0 0 0 -0 0 0 0 0 0 0 0 0 0 0 0 0 0 1 13150.8 13150.8 13150.8 13150.8
-1 -1 1 -1 -1 1 0 0 0 0 0 -5.19916e-12 -0 0 0 -0 0 0 0 0 0 0 0 0 0 0 0 0 0 1 13150.8 13150.8 13150.8 13150.8
-1 -1 1 -1 -1 1 0 0 0 0 0 -2.1827e-09 -0 0 0 -0 0 0 0 0 0 0 0 0 0 0 0 0 0 1 13150.8 13150.8 13150.8 13150.8
-1 -1 1 -1 -1 1 0 0 0 0 0 2.9273e-09 -0 0 0 -0 0 0 0 0 0 0 0 0 0 0 0 0 0 1 13150.8 13150.8 13150.8 13150.8
-1 -1 1 -1 -1 1 0 0 0 0 0 7.37376e-10 -0 0 0 -0 0 0 0 0 0 0 0 0 0 0 0 0 0 1 13150.8 13150.8 13150.8 13150.8
-1 -1 1 -1 -1 1 0 0 0 0 0 -1.45028e-09 -0 0 0 -0 0 0 0 0 0 0 0 0 0 0 0 0 0 1 13150.8 13150.8 13150.8 13150.8
-1 -1 1 -1 -1 1 0 0 0 0 0 3.64196e-09 -0 0 0 -0 0 0 0 0 0 0 0 0 0 0 0 0 0 1 13150.8 13150.8 13150.8 13150.8
-1 -1 1 -1 -1 1 0 0 0 0 0 1.45133e-09 -0 0 0 -0 0 0 0 0 0 0 0 0 0 0 0 0 0 1 13150.8 13150.8 13150.8 13150.8
-1 -1 1 -1 -1 1 0 0 0 0 0 -7.39234e-10 -0 0 0 -0 0 0 0 0 0 0 0 0 0 0 0 0 0 1 13150.8 13150.8 13150.8 13150.8
-1 -1 1 -1 -1 1 0 0 0 0 0 -2.9286e-09 -0 0 0 -0 0 0 0 0 0 0 0 0 0 0 0 0 0 1 13150.8 13150.8 13150.8 13150.8
-1 -1 1 -1 -1 1 0 0 0 0 0 2.18397e-09 -0 0 0 -0 0 0 0 0 0 0 0 0 0 0 0 0 0 1 13150.8 13150.8 13150.8 13150.8
-1 -1 1 -1 -1 1 0 0 0 0 0 2.31803e-12 -0 0 0 -0 0 0 0 0 0 0 0 0 0 0 0 0 0 1 13150.8 13150.8 13150.8 13150.8
-1 -1 1 -1 -1 1 0 0 0 0 0 -2.18562e-09 -0 0 0 -0 0 0 0 0 0 0 0 0 0 0 0 0 0 1 13150.8 13150.8 13150.8 13150.8
-1 -1 1 -1 -1 1 0 0 0 0 0 2.90346e-09 -0 0 0 -0 0 0 0 0 0 0 0 0 0 0 0 0 0 1 13150.8 13150.8 13150.8 13150.8
-1 -1 1 -1 -1 1 0 0 0 0 0 7.12344e-10 -0 0 0 -0 0 0 0 0 0 0 0 0 0 0 0 0 0 1 13150.8 13150.8 13150.8 13150.8
-1 -1 1 -1 -1 1 0 0 0 0 0 -1.47917e-09 -0 0 0 -0 0 0 0 0 0 0 0 0 0 0 0 0 0 1 13150.8 13150.8 13150.8 13150.8
-1 -1 1 -1 -1 1 0 0 0 0 0 3.61738e-09 -0 0 0 -0 0 0 0 0 0 0 0 0 0 0 0 0 0 1 13150.8 13150.8 13150.8 13150.8
-1 -1 1 -1 -1 1 0 0 0 0 0 1.42875e-09 -0 0 0 -0 0 0 0 0 0 0 0 0 0 0 0 0 0 1 13150.8 13150.8 13150.8 13150.8
-1 -1 1 -1 -1 1 0 0 0 0 0 -7.62216e-10 -0 0 0 -0 0 0 0 0 0 0 0 0 0 0 0 0 0 1 13150.8 13150.8 13150.8 13150.8
-1 -1 1 -1 -1 1 0 0 0 0 0 -2.95237e-09 -0 0 0 -0 0 0 0 0 0 0 0 0 0 0 0 0 0 1 13150.8 13150.8 13150.8 13150.8
-1 -1 1 -1 -1 1 0 0 0 0 0 2.14902e-09 -0 0 0 -0 0 0 0 0 0 0 0 0 0 0 0 0 0 1 13150.8 13150.8 13150.8 13150.8
-1 -1 1 -1 -1 1 0 0 0 0 0 -3.5601e-11 -0 0 0 -0 0 0 0 0 0 0 0 0 0 0 0 0 0 1 13150.8 13150.8 13150.8 13150.8
-1 -1 1 -1 -1 1 0 0 0 0 0 -2.22351e-09 -0 0 0 -0 0 0 0 0 0 0 0 0 0 0 0 0 0 1 13150.8 13150.8 13150.8 13150.8
-1 -1 1 -1 -1 1 0 0 0 0 0 2.89468e-09 -0 0 0 -0 0 0 0 0 0 0 0 0 0 0 0 0 0 1 13150.8 13150.8 13150.8 13150.8
-1 -1 1 -1 -1 1 0 0 0 0 0 7.07714e-10 -0 0 0 -0 0 0 0 0 0 0 0 0 0 0 0 0 0 1 13150.8 13150.8 13150.8 13150.8
-1 -1 1 -1 -1 1 0 0 0 0 0 -1.48868e-09 -0 0 0 -0 0 0 0 0 0 0 0 0 0 0 0 0 0 1 13150.8 13150.8 13150.8 13150.8
-1 -1 1 -1 -1 1 0 0 0 0 0 3.58874e-09 -0 0 0 -0 0 0 0 0 0 0 0 0 0 0 0 0 0 1 13150.8 13150.8 13150.8 13150.8
-1 -1 1 -1 -1 1 0 0 0 0 0 1.38444e-09 -0 0 0 -0 0 0 0 0 0 0 0 0 0 0 0 0 0 1 13150.8 13150.8 13150.8 13150.8
-1 -1 1 -1 -1 1 0 0 0 0 0 -7.9663e-10 -0 0 0 -0 0 0 0 0 0 0 0 0 0 0 0 0 0 1 13150.8 13150.8 13150.8 13150.8
-1 -1 1 -1 -1 1 0 0 0 0 0 -2.98139e-09 -0 0 0 -0 0 0 0 0 0 0 0 0 0 0 0 0 0 1 13150.8 13150.8 13150.8 13150.8
-1 -1 1 -1 -1 1 0 0 0 0 0 2.10981e-09 -0 0 0 -0 0 0 0 0 0 0 0 0 0 0 0 0 0 1 13150.8 13150.8 13150.8 13150.8
-1 -1 1 -1 -1 1 0 0 0 0 0 -8.67221e-11 -0 0 0 -0 0 0 0 0 0 0 0 0 0 0 0 0 0 1 13150.8 13150.8 13150.8 13150.8
-1 -1 1 -1 -1 1 0 0 0 0 0 -2.26619e-09 -0 0 0 -0 0 0 0 0 0 0 0 0 0 0 0 0 0 1 13150.8 13150.8 13150.8 13150.8
-1 -1 1 -1 -1 1 0 0 0 0 0 2.82665e-09 -0 0 0 -0 0 0 0 0 0 0 0 0 0 0 0 0 0 1 13150.8 13150.8 13150.8 13150.8
-1 -1 1 -1 -1 1 0 0 0 0 0 6.37994e-10 -0 0 0 -0 0 0 0 0 0 0 0 0 0 0 0 0 0 1 13150.8 13150.8 13150.8 13150.8
-1 -1 1 -1 -1 1 0 0 0 0 0 -1.55379e-09 -0 0 0 -0 0 0 0 0 0 0 0 0 0 0 0 0 0 1 13150.8 13150.8 13150.8 13150.8
-1 -1 1 -1 -1 1 0 0 0 0 0 3.53598e-09 -0 0 0 -0 0 0 0 0 0 0 0 0 0 0 0 0 0 1 13150.8 13150.8 13150.8 13150.8
-1 -1 1 -1 -1 1 0 0 0 0 0 1.34498e-09 -0 0 0 -0 0 0 0 0 0 0 0 0 0 0 0 0 0 1 13150.8 13150.8 13150.8 13150.8
-1 -1 1 -1 -1 1 0 0 0 0 0 -8.4561e-10 -0 0 0 -0 0 0 0 0 0 0 0 0 0 0 0 0 0 1 13150.8 13150.8 13150.8 13150.8
-1 -1 1 -1 -1 1 0 0 0 0 0 -3.03357e-09 -0 0 0 -0 0 0 0 0 0 0 0 0 0 0 0 0 0 1 13150.8 13150.8 13150.8 13150.8
-1 -1 1 -1 -1 1 0 0 0 0 0 2.05786e-09 -0 0 0 -0 0 0 0 0 0 0 0 0 0 0 0 0 0 1 13150.8 13150.8 13150.8 13150.8
-1 -1 1 -1 -1 1 0 0 0 0 0 -1.33984e-10 -0 0 0 -0 0 0 0 0 0 0 0 0 0 0 0 0 0 1 13150.8 13150.8 13150.8 13150.8
-1 -1 1 -1 -1 1 0 0 0 0 0 -2.32374e-09 -0 0 0 -0 0 0 0 0 0 0 0 0 0 0 0 0 0 1 13150.8 13150.8 13150.8 13150.8
-1 -1 1 -1 -1 1 0 0 0 0 0 2.76851e-09 -0 0 0 -0 0 0 0 0 0 0 0 0 0 0 0 0 0 1 13150.8 13150.8 13150.8 13150.8
-1 -1 1 -1 -1 1 0 0 0 0 0 5.71543e-10 -0 0 0 -0 0 0 0 0 0 0 0 0 0 0 0 0 0 1 13150.8 13150.8 13150.8 13150.8
-1 -1 1 -1 -1 1 0 0 0 0 0 -1.61271e-09 -0 0 0 -0 0 0 0 0 0 0 0 0 0 0 0 0 0 1 13150.8 13150.8 13150.8 13150.8
-1 -1 1 -1 -1 1 0 0 0 0 0 3.49081e-09 -0 0 0 -0 0 0 0 0 0 0 0 0 0 0 0 0 0 1 13150.8 13150.8 13150.8 13150.8
-1 -1 1 -1 -1 1 0 0 0 0 0 1.29439e-09 -0 0 0 -0 0 0 0 0 0 0 0 0 0 0 0 0 0 1 13150.8 13150.8 13150.8 13150.8
-1 -1 1 -1 -1 1 0 0 0 0 0 -8.88829e-10 -0 0 0 -0 0 0 0 0 0 0 0 0 0 0 0 0 0 1 13150.8 13150.8 13150.8 13150.8
-1 -1 1 -1 -1 1 0 0 0 0 0 -3.07642e-09 -0 0 0 -0 0 0 0 0 0 0 0 0 0 0 0 0 0 1 13150.8 13150.8 13150.8 13150.8
-1 -1 1 -1 -1 1 0 0 0 0 0 2.03069e-09 -0 0 0 -0 0 0 0 0 0 0 0 0 0 0 0 0 0 1 13150.8 13150.8 13150.8 13150.8
-1 -1 1 -1 -1 1 0 0 0 0 0 -1.64135e-10 -0 0 0 -0 0 0 0 0 0 0 0 0 0 0 0 0 0 1 13150.8 13150.8 13150.8 13150.8
-1 -1 1 -1 -1 1 0 0 0 0 0 -2.34637e-09 -0 0 0 -0 0 0 0 0 0 0 0 0 0 0 0 0 0 1 13150.8 13150.8 13150.8 13150.8
-1 -1 1 -1 -1 1 0 0 0 0 0 2.77126e-09 -0 0 0 -0 0 0 0 0 0 0 0 0 0 0 0 0 0 1 13150.8 13150.8 13150.8 13150.8
-1 -1 1 -1 -1 1 0 0 0 0 0 5.9281e-10 -0 0 0 -0 0 0 0 0 0 0 0 0 0 0 0 0 0 1 13150.8 13150.8 13150.8 13150.8
-1 -1 1 -1 -1 1 0 0 0 0 0 -1.59438e-09 -0 0 0 -0 0 0 0 0 0 0 0 0 0 0 0 0 0 1 13150.8 13150.8 13150.8 13150.8
-1 -1 1 -1 -1 1 0 0 0 0 0 3.49565e-09 -0 0 0 -0 0 0 0 0 0 0 0 0 0 0 0 0 0 1 13150.8 13150.8 13150.8 13150.8
-1 -1 1 -1 -1 1 0 0 0 0 0 1.30373e-09 -0 0 0 -0 0 0 0 0 0 0 0 0 0 0 0 0 0 1 13150.8 13150.8 13150.8 13150.8
-1 -1 1 -1 -1 1 0 0 0 0 0 -8.87069e-10 -0 0 0 -0 0 0 0 0 0 0 0 0 0 0 0 0 0 1 13150.8 13150.8 13150.8 13150.8
-1 -1 1 -1 -1 1 0 0 0 0 0 -3.07403e-09 -0 0 0 -0 0 0 0 0 0 0 0 0 0 0 0 0 0 1 13150.8 13150.8 13150.8 13150.8
-1 -1 1 -1 -1 1 0 0 0 0 0 2.02335e-09 -0 0 0 -0 0 0 0 0 0 0 0 0 0 0 0 0 0 1 13150.8 13150.8 13150.8 13150.8
-1 -1 1 -1 -1 1 0 0 0 0 0 -1.66286e-10 -0 0 0 -0 0 0 0 0 0 0 0 0 0 0 0 0 0 1 13150.8 13150.8 13150.8 13150.8
-1 -1 1 -1 -1 1 0 0 0 0 0 -2.35451e-09 -0 0 0 -0 0 0 0 0 0 0 0 0 0 0 0 0 0 1 13150.8 13150.8 13150.8 13150.8
-1 -1 1 -1 -1 1 0 0 0 0 0 2.76324e-09 -0 0 0 -0 0 0 0 0 0 0 0 0 0 0 0 0 0 1 13150.8 13150.8 13150.8 13150.8
-1 -1 1 -1 -1 1 0 0 0 0 0 5.7216e-10 -0 0 0 -0 0 0 0 0 0 0 0 0 0 0 0 0 0 1 13150.8 13150.8 13150.8 13150.8
-1 -1 1 -1 -1 1 0 0 0 0 0 -1.61843e-09 -0 0 0 -0 0 0 0 0 0 0 0 0 0 0 0 0 0 1 13150.8 13150.8 13150.8 13150.8
-1 -1 1 -1 -1 1 0 0 0 0 0 3.49057e-09 -0 0 0 -0 0 0 0 0 0 0 0 0 0 0 0 0 0 1 13150.8 13150.8 13150.8 13150.8
-1 -1 1 -1 -1 1 0 0 0 0 0 1.31582e-09 -0 0 0 -0 0 0 0 0 0 0 0 0 0 0 0 0 0 1 13150.8 13150.8 13150.8 13150.8
-1 -1 1 -1 -1 1 0 0 0 0 0 -8.76017e-10 -0 0 0 -0 0 0 0 0 0 0 0 0 0 0 0 0 0 1 13150.8 13150.8 13150.8 13150.8
-1 -1 1 -1 -1 1 0 0 0 0 0 -3.07127e-09 -0 0 0 -0 0 0 0 0 0 0 0 0 0 0 0 0 0 1 13150.8 13150.8 13150.8 13150.8
-1 -1 1 -1 -1 1 0 0 0 0 0 2.01553e-09 -0 0 0 -0 0 0 0 0 0 0 0 0 0 0 0 0 0 1 13150.8 13150.8 13150.8 13150.8
-1 -1 1 -1 -1 1 0 0 0 0 0 -1.78862e-10 -0 0 0 -0 0 0 0 0 0 0 0 0 0 0 0 0 0 1 13150.8 13150.8 13150.8 13150.8
-1 -1 1 -1 -1 1 0 0 0 0 0 -2.35729e-09 -0 0 0 -0 0 0 0 0 0 0 0 0 0 0 0 0 0 1 13150.8 13150.8 13150.8 13150.8
-1 -1 1 -1 -1 1 0 0 0 0 0 2.77413e-09 -0 0 0 -0 0 0 0 0 0 0 0 0 0 0 0 0 0 1 13150.8 13150.8 13150.8 13150.8
-1 -1 1 -1 -1 1 0 0 0 0 0 5.99166e-10 -0 0 0 -0 0 0 0 0 0 0 0 0 0 0 0 0 0 1 13150.8 13150.8 13150.8 13150.8
-1 -1 1 -1 -1 1 0 0 0 0 0 -1.59749e-09 -0 0 0 -0 0 0 0 0 0 0 0 0 0 0 0 0 0 1 13150.8 13150.8 13150.8 13150.8
-1 -1 1 -1 -1 1 0 0 0 0 0 3.48101e-09 -0 0 0 -0 0 0 0 0 0 0 0 0 0 0 0 0 0 1 13150.8 13150.8 13150.8 13150.8
-1 -1 1 -1 -1 1 0 0 0 0 0 1.28984e-09 -0 0 0 -0 0 0 0 0 0 0 0 0 0 0 0 0 0 1 13150.8 13150.8 13150.8 13150.8
-1 -1 1 -1 -1 1 0 0 0 0 0 -9.08164e-10 -0 0 0 -0 0 0 0 0 0 0 0 0 0 0 0 0 0 1 13150.8 13150.8 13150.8 13150.8
-1 -1 1 -1 -1 1 0 0 0 0 0 -3.08587e-09 -0 0 0 -0 0 0 0 0 0 0 0 0 0 0 0 0 0 1 13150.8 13150.8 13150.8 13150.8
-1 -1 1 -1 -1 1 0 0 0 0 0 2.00733e-09 -0 0 0 -0 0 0 0 0 0 0 0 0 0 0 0 0 0 1 13150.8 13150.8 13150.8 13150.8
-1 -1 1 -1 -1 1 0 0 0 0 0 -1.84881e-10 -0 0 0 -0 0 0 0 0 0 0 0 0 0 0 0 0 0 1 13150.8 13150.8 13150.8 13150.8
-1 -1 1 -1 -1 1 0 0 0 0 0 -2.37215e-09 -0 0 0 -0 0 0 0 0 0 0 0 0 0 0 0 0 0 1 13150.8 13150.8 13150.8 13150.8
-1 -1 1 -1 -1 1 0 0 0 0 0 2.73779e-09 -0 0 0 -0 0 0 0 0 0 0 0 0 0 0 0 0 0 1 13150.8 13150.8 13150.8 13150.8
-1 -1 1 -1 -1 1 0 0 0 0 0 5.47481e-10 -0 0 0 -0 0 0 0 0 0 0 0 0 0 0 0 0 0 1 13150.8 13150.8 13150.8 13150.8
-1 -1 1 -1 -1 1 0 0 0 0 0 -1.64041e-09 -0 0 0 -0 0 0 0 0 0 0 0 0 0 0 0 0 0 1 13150.8 13150.8 13150.8 13150.8
-1 -1 1 -1 -1 1 0 0 0 0 0 3.45452e-09 -0 0 0 -0 0 0 0 0 0 0 0 0 0 0 0 0 0 1 13150.8 13150.8 13150.8 13150.8
-1 -1 1 -1 -1 1 0 0 0 0 0 1.26378e-09 -0 0 0 -0 0 0 0 0 0 0 0 0 0 0 0 0 0 1 13150.8 13150.8 13150.8 13150.8
-1 -1 1 -1 -1 1 0 0 0 0 0 -9.30846e-10 -0 0 0 -0 0 0 0 0 0 0 0 0 0 0 0 0 0 1 13150.8 13150.8 13150.8 13150.8
-1 -1 1 -1 -1 1 0 0 0 0 0 -3.11513e-09 -0 0 0 -0 0 0 0 0 0 0 0 0 0 0 0 0 0 1 13150.8 13150.8 13150.8 13150.8
-1 -1 1 -1 -1 1 0 0 0 0 0 1.98436e-09 -0 0 0 -0 0 0 0 0 0 0 0 0 0 0 0 0 0 1 13150.8 13150.8 13150.8 13150.8
-1 -1 1 -1 -1 1 0 0 0 0 0 -2.02056e-10 -0 0 0 -0 0 0 0 0 0 0 0 0 0 0 0 0 0 1 13150.8 13150.8 13150.8 13150.8
-1 -1 1 -1 -1 1 0 0 0 0 0 -2.38808e-09 -0 0 0 -0 0 0 0 0 0 0 0 0 0 0 0 0 0 1 13150.8 13150.8 13150.8 13150.8
-1 -1 1 -1 -1 1 0 0 0 0 0 2.70969e-09 -0 0 0 -0 0 0 0 0 0 0 0 0 0 0 0 0 0 1 13150.8 13150.8 13150.8 13150.8
-1 -1 1 -1 -1 1 0 0 0 0 0 5.20441e-10 -0 0 0 -0 0 0 0 0 0 0 0 0 0 0 0 0 0 1 13150.8 13150.8 13150.8 13150.8
-1 -1 1 -1 -1 1 0 0 0 0 0 -1.67925e-09 -0 0 0 -0 0 0 0 0 0 0 0 0 0 0 0 0 0 1 13150.8 13150.8 13150.8 13150.8
-1 -1 1 -1 -1 1 0 0 0 0 0 3.39671e-09 -0 0 0 -0 0 0 0 0 0 0 0 0 0 0 0 0 0 1 13150.8 13150.8 13150.8 13150.8
-1 -1 1 -1 -1 1 0 0 0 0 0 1.20048e-09 -0 0 0 -0 0 0 0 0 0 0 0 0 0 0 0 0 0 1 13150.8 13150.8 13150.8 13150.8
-1 -1 1 -1 -1 1 0 0 0 0 0 -9.83475e-10 -0 0 0 -0 0 0 0 0 0 0 0 0 0 0 0 0 0 1 13150.8 13150.8 13150.8 13150.8
-1 -1 1 -1 -1 1 0 0 0 0 0 -3.17111e-09 -0 0 0 -0 0 0 0 0 0 0 0 0 0 0 0 0 0 1 13150.8 13150.8 13150.8 13150.8
-1 -1 1 -1 -1 1 0 0 0 0 0 1.92366e-09 -0 0 0 -0 0 0 0 0 0 0 0 0 0 0 0 0 0 1 13150.8 13150.8 13150.8 13150.8
-1 -1 1 -1 -1 1 0 0 0 0 0 -2.72262e-10 -0 0 0 -0 0 0 0 0 0 0 0 0 0 0 0 0 0 1 13150.8 13150.8 13150.8 13150.8
-1 -1 1 -1 -1 1 0 0 0 0 0 -2.45473e-09 -0 0 0 -0 0 0 0 0 0 0 0 0 0 0 0 0 0 1 13150.8 13150.8 13150.8 13150.8
-1 -1 1 -1 -1 1 0 0 0 0 0 2.6568e-09 -0 0 0 -0 0 0 0 0 0 0 0 0 0 0 0 0 0 1 13150.8 13150.8 13150.8 13150.8
-1 -1 1 -1 -1 1 0 0 0 0 0 4.67391e-10 -0 0 0 -0 0 0 0 0 0 0 0 0 0 0 0 0 0 1 13150.8 13150.8 13150.8 13150.8
-1 -1 1 -1 -1 1 0 0 0 0 0 -1.72112e-09 -0 0 0 -0 0 0 0 0 0 0 0 0 0 0 0 0 0 1 13150.8 13150.8 13150.8 13150.8
-1 -1 1 -1 -1 1 0 0 0 0 0 3.36485e-09 -0 0 0 -0 0 0 0 0 0 0 0 0 0 0 0 0 0 1 13150.8 13150.8 13150.8 13150.8
-1 -1 1 -1 -1 1 0 0 0 0 0 1.17208e-09 -0 0 0 -0 0 0 0 0 0 0 0 0 0 0 0 0 0 1 13150.8 13150.8 13150.8 13150.8
-1 -1 1 -1 -1 1 0 0 0 0 0 -1.02056e-09 -0 0 0 -0 0 0 0 0 0 0 0 0 0 0 0 0 0 1 13150.8 13150.8 13150.8 13150.8
-1 -1 1 -1 -1 1 0 0 0 0 0 -3.20895e-09 -0 0 0 -0 0 0 0 0 0 0 0 0 0 0 0 0 0 1 13150.8 13150.8 13150.8 13150.8
-1 -1 1 -1 -1 1 0 0 0 0 0 1.89212e-09 -0 0 0 -0 0 0 0 0 0 0 0 0 0 0 0 0 0 1 13150.8 13150.8 13150.8 13150.8
-1 -1 1 -1 -1 1 0 0 0 0 0 -3.09241e-10 -0 0 0 -0 0 0 0 0 0 0 0 0 0 0 0 0 0 1 13150.8 13150.8 13150.8 13150.8
-1 -1 1 -1 -1 1 0 0 0 0 0 -2.47864e-09 -0 0 0 -0 0 0 0 0 0 0 0 0 0 0 0 0 0 1 13150.8 13150.8 13150.8 13150.8
-1 -1 1 -1 -1 1 0 0 0 0 0 2.63143e-09 -0 0 0 -0 0 0 0 0 0 0 0 0 0 0 0 0 0 1 13150.8 13150.8 13150.8 13150.8
-1 -1 1 -1 -1 1 0 0 0 0 0 4.49638e-10 -0 0 0 -0 0 0 0 0 0 0 0 0 0 0 0 0 0 1 13150.8 13150.8 13150.8 13150.8
-1 -1 1 -1 -1 1 0 0 0 0 0 -1.74217e-09 -0 0 0 -0 0 0 0 0 0 0 0 0 0 0 0 0 0 1 13150.8 13150.8 13150.8 13150.8
-1 -1 1 -1 -1 1 0 0 0 0 0 3.35797e-09 -0 0 0 -0 0 0 0 0 0 0 0 0 0 0 0 0 0 1 13150.8 13150.8 13150.8 13150.8
-1 -1 1 -1 -1 1 0 0 0 0 0 1.1598e-09 -0 0 0 -0 0 0 0 0 0 0 0 0 0 0 0 0 0 1 13150.8 13150.8 13150.8 13150.8
-1 -1 1 -1 -1 1 0 0 0 0 0 -1.01987e-09 -0 0 0 -0 0 0 0 0 0 0 0 0 0 0 0 0 0 1 13150.8 13150.8 13150.8 13150.8
-1 -1 1 -1 -1 1 0 0 0 0 0 -3.20684e-09 -0 0 0 -0 0 0 0 0 0 0 0 0 0 0 0 0 0 1 13150.8 13150.8 13150.8 13150.8
-1 -1 1 -1 -1 1 0 0 0 0 0 1.92023e-09 -0 0 0 -0 0 0 0 0 0 0 0 0 0 0 0 0 0 1 13150.8 13150.8 13150.8 13150.8
-1 -1 1 -1 -1 1 0 0 0 0 0 -2.58185e-10 -0 0 0 -0 0 0 0 0 0 0 0 0 0 0 0 0 0 1 13150.8 13150.8 13150.8 13150.8
-1 -1 1 -1 -1 1 0 0 0 0 0 -2.44603e-09 -0 0 0 -0 0 0 0 0 0 0 0 0 0 0 0 0 0 1 13150.8 13150.8 13150.8 13150.8
-1 -1 1 -1 -1 1 0 0 0 0 0 2.66456e-09 -0 0 0 -0 0 0 0 0 0 0 0 0 0 0 0 0 0 1 13150.8 13150.8 13150.8 13150.8
-1 -1 1 -1 -1 1 0 0 0 0 0 4.74564e-10 -0 0 0 -0 0 0 0 0 0 0 0 0 0 0 0 0 0 1 13150.8 13150.8 13150.8 13150.8
-1 -1 1 -1 -1 1 0 0 0 0 0 -1.71932e-09 -0 0 0 -0 0 0 0 0 0 0 0 0 0 0 0 0 0 1 13150.8 13150.8 13150.8 13150.8
-1 -1 1 -1 -1 1 0 0 0 0 0 3.36147e-09 -0 0 0 -0 0 0 0 0 0 0 0 0 0 0 0 0 0 1 13150.8 13150.8 13150.8 13150.8
-1 -1 1 -1 -1 1 0 0 0 0 0 1.17041e-09 -0 0 0 -0 0 0 0 0 0 0 0 0 0 0 0 0 0 1 13150.8 13150.8 13150.8 13150.8
-1 -1 1 -1 -1 1 0 0 0 0 0 -1.02727e-09 -0 0 0 -0 0 0 0 0 0 0 0 0 0 0 0 0 0 1 13150.8 13150.8 13150.8 13150.8
-1 -1 1 -1 -1 1 0 0 0 0 0 -3.20956e-09 -0 0 0 -0 0 0 0 0 0 0 0 0 0 0 0 0 0 1 13150.8 13150.8 13150.8 13150.8
-1 -1 1 -1 -1 1 0 0 0 0 0 1.88954e-09 -0 0 0 -0 0 0 0 0 0 0 0 0 0 0 0 0 0 1 13150.8 13150.8 13150.8 13150.8
-1 -1 1 -1 -1 1 0 0 0 0 0 -3.04785e-10 -0 0 0 -0 0 0 0 0 0 0 0 0 0 0 0 0 0 1 13150.8 13150.8 13150.8 13150.8
-1 -1 1 -1 -1 1 0 0 0 0 0 -2.48445e-09 -0 0 0 -0 0 0 0 0 0 0 0 0 0 0 0 0 0 1 13150.8 13150.8 13150.8 13150.8
-1 -1 1 -1 -1 1 0 0 0 0 0 2.62529e-09 -0 0 0 -0 0 0 0 0 0 0 0 0 0 0 0 0 0 1 13150.8 13150.8 13150.8 13150.8
-1 -1 1 -1 -1 1 0 0 0 0 0 4.41524e-10 -0 0 0 -0 0 0 0 0 0 0 0 0 0 0 0 0 0 1 13150.8 13150.8 13150.8 13150.8
-1 -1 1 -1 -1 1 0 0 0 0 0 -1.75561e-09 -0 0 0 -0 0 0 0 0 0 0 0 0 0 0 0 0 0 1 13150.8 13150.8 13150.8 13150.8
-1 -1 1 -1 -1 1 0 0 0 0 0 3.31847e-09 -0 0 0 -0 0 0 0 0 0 0 0 0 0 0 0 0 0 1 13150.8 13150.8 13150.8 13150.8
-1 -1 1 -1 -1 1 0 0 0 0 0 1.12055e-09 -0 0 0 -0 0 0 0 0 0 0 0 0 0 0 0 0 0 1 13150.8 13150.8 13150.8 13150.8
-1 -1 1 -1 -1 1 0 0 0 0 0 -1.06349e-09 -0 0 0 -0 0 0 0 0 0 0 0 0 0 0 0 0 0 1 13150.8 13150.8 13150.8 13150.8
-1 -1 1 -1 -1 1 0 0 0 0 0 -3.25818e-09 -0 0 0 -0 0 0 0 0 0 0 0 0 0 0 0 0 0 1 13150.8 13150.8 13150.8 13150.8
-1 -1 1 -1 -1 1 0 0 0 0 0 1.8341e-09 -0 0 0 -0 0 0 0 0 0 0 0 0 0 0 0 0 0 1 13150.8 13150.8 13150.8 13150.8
-1 -1 1 -1 -1 1 0 0 0 0 0 -3.50003e-10 -0 0 0 -0 0 0 0 0 0 0 0 0 0 0 0 0 0 1 13150.8 13150.8 13150.8 13150.8
-1 -1 1 -1 -1 1 0 0 0 0 0 -2.53857e-09 -0 0 0 -0 0 0 0 0 0 0 0 0 0 0 0 0 0 1 13150.8 13150.8 13150.8 13150.8
-1 -1 1 -1 -1 1 0 0 0 0 0 2.56622e-09 -0 0 0 -0 0 0 0 0 0 0 0 0 0 0 0 0 0 1 13150.8 13150.8 13150.8 13150.8
-1 -1 1 -1 -1 1 0 0 0 0 0 3.75506e-10 -0 0 0 -0 0 0 0 0 0 0 0 0 0 0 0 0 0 1 13150.8 13150.8 13150.8 13150.8
-1 -1 1 -1 -1 1 0 0 0 0 0 -1.81205e-09 -0 0 0 -0 0 0 0 0 0 0 0 0 0 0 0 0 0 1 13150.8 13150.8 13150.8 13150.8
-1 -1 1 -1 -1 1 0 0 0 0 0 3.28335e-09 -0 0 0 -0 0 0 0 0 0 0 0 0 0 0 0 0 0 1 13150.8 13150.8 13150.8 13150.8
-1 -1 1 -1 -1 1 0 0 0 0 0 1.08624e-09 -0 0 0 -0 0 0 0 0 0 0 0 0 0 0 0 0 0 1 13150.8 13150.8 13150.8 13150.8
-1 -1 1 -1 -1 1 0 0 0 0 0 -1.10025e-09 -0 0 0 -0 0 0 0 0 0 0 0 0 0 0 0 0 0 1 13150.8 13150.8 13150.8 13150.8
-1 -1 1 -1 -1 1 0 0 0 0 0 -3.28932e-09 -0 0 0 -0 0 0 0 0 0 0 0 0 0 0 0 0 0 1 13150.8 13150.8 13150.8 13150.8
-1 -1 1 -1 -1 1 0 0 0 0 0 1.81114e-09 -0 0 0 -0 0 0 0 0 0 0 0 0 0 0 0 0 0 1 13150.8 13150.8 13150.8 13150.8
-1 -1 1 -1 -1 1 0 0 0 0 0 -3.86099e-10 -0 0 0 -0 0 0 0 0 0 0 0 0 0 0 0 0 0 1 13150.8 13150.8 13150.8 13150.8
-1 -1 1 -1 -1 1 0 0 0 0 0 -2.56276e-09 -0 0 0 -0 0 0 0 0 0 0 0 0 0 0 0 0 0 1 13150.8 13150.8 13150.8 13150.8
-1 -1 1 -1 -1 1 0 0 0 0 0 2.53424e-09 -0 0 0 -0 0 0 0 0 0 0 0 0 0 0 0 0 0 1 13150.8 13150.8 13150.8 13150.8
-1 -1 1 -1 -1 1 0 0 0 0 0 3.45277e-10 -0 0 0 -0 0 0 0 0 0 0 0 0 0 0 0 0 0 1 13150.8 13150.8 13150.8 13150.8
-1 -1 1 -1 -1 1 0 0 0 0 0 -1.84167e-09 -0 0 0 -0 0 0 0 0 0 0 0 0 0 0 0 0 0 1 13150.8 13150.8 13150.8 13150.8
-1 -1 1 -1 -1 1 0 0 0 0 0 3.24923e-09 -0 0 0 -0 0 0 0 0 0 0 0 0 0 0 0 0 0 1 13150.8 13150.8 13150.8 13150.8
-1 -1 1 -1 -1 1 0 0 0 0 0 1.05683e-09 -0 0 0 -0 0 0 0 0 0 0 0 0 0 0 0 0 0 1 13150.8 13150.8 13150.8 13150.8
-1 -1 1 -1 -1 1 0 0 0 0 0 -1.13381e-09 -0 0 0 -0 0 0 0 0 0 0 0 0 0 0 0 0 0 1 13150.8 13150.8 13150.8 13150.8
-1 -1 1 -1 -1 1 0 0 0 0 0 -3.32119e-09 -0 0 0 -0 0 0 0 0 0 0 0 0 0 0 0 0 0 1 13150.8 13150.8 13150.8 13150.8
-1 -1 1 -1 -1 1 0 0 0 0 0 1.76878e-09 -0 0 0 -0 0 0 0 0 0 0 0 0 0 0 0 0 0 1 13150.8 13150.8 13150.8 13150.8
-1 -1 1 -1 -1 1 0 0 0 0 0 -4.21551e-10 -0 0 0 -0 0 0 0 0 0 0 0 0 0 0 0 0 0 1 13150.8 13150.8 13150.8 13150.8
-1 -1 1 -1 -1 1 0 0 0 0 0 -2.60989e-09 -0 0 0 -0 0 0 0 0 0 0 0 0 0 0 0 0 0 1 13150.8 13150.8 13150.8 13150.8
-1 -1 1 -1 -1 1 0 0 0 0 0 2.50964e-09 -0 0 0 -0 0 0 0 0 0 0 0 0 0 0 0 0 0 1 13150.8 13150.8 13150.8 13150.8
-1 -1 1 -1 -1 1 0 0 0 0 0 3.23484e-10 -0 0 0 -0 0 0 0 0 0 0 0 0 0 0 0 0 0 1 13150.8 13150.8 13150.8 13150.8
-1 -1 1 -1 -1 1 0 0 0 0 0 -1.86497e-09 -0 0 0 -0 0 0 0 0 0 0 0 0 0 0 0 0 0 1 13150.8 13150.8 13150.8 13150.8
-1 -1 1 -1 -1 1 0 0 0 0 0 3.22418e-09 -0 0 0 -0 0 0 0 0 0 0 0 0 0 0 0 0 0 1 13150.8 13150.8 13150.8 13150.8
-1 -1 1 -1 -1 1 0 0 0 0 0 1.03434e-09 -0 0 0 -0 0 0 0 0 0 0 0 0 0 0 0 0 0 1 13150.8 13150.8 13150.8 13150.8
-1 -1 1 -1 -1 1 0 0 0 0 0 -1.1584e-09 -0 0 0 -0 0 0 0 0 0 0 0 0 0 0 0 0 0 1 13150.8 13150.8 13150.8 13150.8
-1 -1 1 -1 -1 1 0 0 0 0 0 -3.35123e-09 -0 0 0 -0 0 0 0 0 0 0 0 0 0 0 0 0 0 1 13150.8 13150.8 13150.8 13150.8
-1 -1 1 -1 -1 1 0 0 0 0 0 1.75624e-09 -0 0 0 -0 0 0 0 0 0 0 0 0 0 0 0 0 0 1 13150.8 13150.8 13150.8 13150.8
-1 -1 1 -1 -1 1 0 0 0 0 0 -4.30208e-10 -0 0 0 -0 0 0 0 0 0 0 0 0 0 0 0 0 0 1 13150.8 13150.8 13150.8 13150.8
-1 -1 1 -1 -1 1 0 0 0 0 0 -2.6118e-09 -0 0 0 -0 0 0 0 0 0 0 0 0 0 0 0 0 0 1 13150.8 13150.8 13150.8 13150.8
-1 -1 1 -1 -1 1 0 0 0 0 0 2.50225e-09 -0 0 0 -0 0 0 0 0 0 0 0 0 0 0 0 0 0 1 13150.8 13150.8 13150.8 13150.8
-1 -1 1 -1 -1 1 0 0 0 0 0 3.22654e-10 -0 0 0 -0 0 0 0 0 0 0 0 0 0 0 0 0 0 1 13150.8 13150.8 13150.8 13150.8
-1 -1 1 -1 -1 1 0 0 0 0 0 -1.87171e-09 -0 0 0 -0 0 0 0 0 0 0 0 0 0 0 0 0 0 1 13150.8 13150.8 13150.8 13150.8
-1 -1 1 -1 -1 1 0 0 0 0 0 3.21919e-09 -0 0 0 -0 0 0 0 0 0 0 0 0 0 0 0 0 0 1 13150.8 13150.8 13150.8 13150.8
-1 -1 1 -1 -1 1 0 0 0 0 0 1.02287e-09 -0 0 0 -0 0 0 0 0 0 0 0 0 0 0 0 0 0 1 13150.8 13150.8 13150.8 13150.8
-1 -1 1 -1 -1 1 0 0 0 0 0 -1.15974e-09 -0 0 0 -0 0 0 0 0 0 0 0 0 0 0 0 0 0 1 13150.8 13150.8 13150.8 13150.8
-1 -1 1 -1 -1 1 0 0 0 0 0 -3.34579e-09 -0 0 0 -0 0 0 0 0 0 0 0 0 0 0 0 0 0 1 13150.8 13150.8 13150.8 13150.8
-1 -1 1 -1 -1 1 0 0 0 0 0 1.76172e-09 -0 0 0 -0 0 0 0 0 0 0 0 0 0 0 0 0 0 1 13150.8 13150.8 13150.8 13150.8
-1 -1 1 -1 -1 1 0 0 0 0 0 -4.2577e-10 -0 0 0 -0 0 0 0 0 0 0 0 0 0 0 0 0 0 1 13150.8 13150.8 13150.8 13150.8
-1 -1 1 -1 -1 1 0 0 0 0 0 -2.61321e-09 -0 0 0 -0 0 0 0 0 0 0 0 0 0 0 0 0 0 1 13150.8 13150.8 13150.8 13150.8
-1 -1 1 -1 -1 1 0 0 0 0 0 2.50251e-09 -0 0 0 -0 0 0 0 0 0 0 0 0 0 0 0 0 0 1 13150.8 13150.8 13150.8 13150.8
-1 -1 1 -1 -1 1 0 0 0 0 0 3.12476e-10 -0 0 0 -0 0 0 0 0 0 0 0 0 0 0 0 0 0 1 13150.8 13150.8 13150.8 13150.8
-1 -1 1 -1 -1 1 0 0 0 0 0 -1.87447e-09 -0 0 0 -0 0 0 0 0 0 0 0 0 0 0 0 0 0 1 13150.8 13150.8 13150.8 13150.8
-1 -1 1 -1 -1 1 0 0 0 0 0 3.22041e-09 -0 0 0 -0 0 0 0 0 0 0 0 0 0 0 0 0 0 1 13150.8 13150.8 13150.8 13150.8
-1 -1 1 -1 -1 1 0 0 0 0 0 1.03505e-09 -0 0 0 -0 0 0 0 0 0 0 0 0 0 0 0 0 0 1 13150.8 13150.8 13150.8 13150.8
-1 -1 1 -1 -1 1 0 0 0 0 0 -1.15627e-09 -0 0 0 -0 0 0 0 0 0 0 0 0 0 0 0 0 0 1 13150.8 13150.8 13150.8 13150.8
-1 -1 1 -1 -1 1 0 0 0 0 0 -3.34444e-09 -0 0 0 -0 0 0 0 0 0 0 0 0 0 0 0 0 0 1 13150.8 13150.8 13150.8 13150.8
-1 -1 1 -1 -1 1 0 0 0 0 0 1.75777e-09 -0 0 0 -0 0 0 0 0 0 0 0 0 0 0 0 0 0 1 13150.8 13150.8 13150.8 13150.8
-1 -1 1 -1 -1 1 0 0 0 0 0 -4.31934e-10 -0 0 0 -0 0 0 0 0 0 0 0 0 0 0 0 0 0 1 13150.8 13150.8 13150.8 13150.8
-1 -1 1 -1 -1 1 0 0 0 0 0 -2.6177e-09 -0 0 0 -0 0 0 0 0 0 0 0 0 0 0 0 0 0 1 13150.8 13150.8 13150.8 13150.8
-1 -1 1 -1 -1 1 0 0 0 0 0 2.49623e-09 -0 0 0 -0 0 0 0 0 0 0 0 0 0 0 0 0 0 1 13150.8 13150.8 13150.8 13150.8
-1 -1 1 -1 -1 1 0 0 0 0 0 3.08238e-10 -0 0 0 -0 0 0 0 0 0 0 0 0 0 0 0 0 0 1 13150.8 13150.8 13150.8 13150.8
-1 -1 1 -1 -1 1 0 0 0 0 0 -1.87387e-09 -0 0 0 -0 0 0 0 0 0 0 0 0 0 0 0 0 0 1 13150.8 13150.8 13150.8 13150.8
-1 -1 1 -1 -1 1 0 0 0 0 0 3.22037e-09 -0 0 0 -0 0 0 0 0 0 0 0 0 0 0 0 0 0 1 13150.8 13150.8 13150.8 13150.8
-1 -1 1 -1 -1 1 0 0 0 0 0 1.0144e-09 -0 0 0 -0 0 0 0 0 0 0 0 0 0 0 0 0 0 1 13150.8 13150.8 13150.8 13150.8
-1 -1 1 -1 -1 1 0 0 0 0 0 -1.16335e-09 -0 0 0 -0 0 0 0 0 0 0 0 0 0 0 0 0 0 1 13150.8 13150.8 13150.8 13150.8
-1 -1 1 -1 -1 1 0 0 0 0 0 -3.35591e-09 -0 0 0 -0 0 0 0 0 0 0 0 0 0 0 0 0 0 1 13150.8 13150.8 13150.8 13150.8
-1 -1 1 -1 -1 1 0 0 0 0 0 1.74899e-09 -0 0 0 -0 0 0 0 0 0 0 0 0 0 0 0 0 0 1 13150.8 13150.8 13150.8 13150.8
-1 -1 1 -1 -1 1 0 0 0 0 0 -4.32589e-10 -0 0 0 -0 0 0 0 0 0 0 0 0 0 0 0 0 0 1 13150.8 13150.8 13150.8 13150.8
-1 -1 1 -1 -1 1 0 0 0 0 0 -2.61854e-09 -0 0 0 -0 0 0 0 0 0 0 0 0 0 0 0 0 0 1 13150.8 13150.8 13150.8 13150.8
-1 -1 1 -1 -1 1 0 0 0 0 0 2.4929e-09 -0 0 0 -0 0 0 0 0 0 0 0 0 0 0 0 0 0 1 13150.8 13150.8 13150.8 13150.8
-1 -1 1 -1 -1 1 0 0 0 0 0 2.87676e-10 -0 0 0 -0 0 0 0 0 0 0 0 0 0 0 0 0 0 1 13150.8 13150.8 13150.8 13150.8
-1 -1 1 -1 -1 1 0 0 0 0 0 -1.88527e-09 -0 0 0 -0 0 0 0 0 0 0 0 0 0 0 0 0 0 1 13150.8 13150.8 13150.8 13150.8
-1 -1 1 -1 -1 1 0 0 0 0 0 3.21381e-09 -0 0 0 -0 0 0 0 0 0 0 0 0 0 0 0 0 0 1 13150.8 13150.8 13150.8 13150.8
-1 -1 1 -1 -1 1 0 0 0 0 0 1.02871e-09 -0 0 0 -0 0 0 0 0 0 0 0 0 0 0 0 0 0 1 13150.8 13150.8 13150.8 13150.8
-1 -1 1 -1 -1 1 0 0 0 0 0 -1.16362e-09 -0 0 0 -0 0 0 0 0 0 0 0 0 0 0 0 0 0 1 13150.8 13150.8 13150.8 13150.8
-1 -1 1 -1 -1 1 0 0 0 0 0 -3.35134e-09 -0 0 0 -0 0 0 0 0 0 0 0 0 0 0 0 0 0 1 13150.8 13150.8 13150.8 13150.8
-1 -1 1 -1 -1 1 0 0 0 0 0 1.75517e-09 -0 0 0 -0 0 0 0 0 0 0 0 0 0 0 0 0 0 1 13150.8 13150.8 13150.8 13150.8
-1 -1 1 -1 -1 1 0 0 0 0 0 -4.29003e-10 -0 0 0 -0 0 0 0 0 0 0 0 0 0 0 0 0 0 1 13150.8 13150.8 13150.8 13150.8
-1 -1 1 -1 -1 1 0 0 0 0 0 -2.62027e-09 -0 0 0 -0 0 0 0 0 0 0 0 0 0 0 0 0 0 1 13150.8 13150.8 13150.8 13150.8
-1 -1 1 -1 -1 1 0 0 0 0 0 2.46351e-09 -0 0 0 -0 0 0 0 0 0 0 0 0 0 0 0 0 0 1 13150.8 13150.8 13150.8 13150.8
-1 -1 1 -1 -1 1 0 0 0 0 0 2.74763e-10 -0 0 0 -0 0 0 0 0 0 0 0 0 0 0 0 0 0 1 13150.8 13150.8 13150.8 13150.8
-1 -1 1 -1 -1 1 0 0 0 0 0 -1.9198e-09 -0 0 0 -0 0 0 0 0 0 0 0 0 0 0 0 0 0 1 13150.8 13150.8 13150.8 13150.8
-1 -1 1 -1 -1 1 0 0 0 0 0 3.17162e-09 -0 0 0 -0 0 0 0 0 0 0 0 0 0 0 0 0 0 1 13150.8 13150.8 13150.8 13150.8
-1 -1 1 -1 -1 1 0 0 0 0 0 9.80925e-10 -0 0 0 -0 0 0 0 0 0 0 0 0 0 0 0 0 0 1 13150.8 13150.8 13150.8 13150.8
-1 -1 1 -1 -1 1 0 0 0 0 0 -1.20762e-09 -0 0 0 -0 0 0 0 0 0 0 0 0 0 0 0 0 0 1 13150.8 13150.8 13150.8 13150.8
-1 -1 1 -1 -1 1 0 0 0 0 0 -3.40859e-09 -0 0 0 -0 0 0 0 0 0 0 0 0 0 0 0 0 0 1 13150.8 13150.8 13150.8 13150.8
-1 -1 1 -1 -1 1 0 0 0 0 0 1.65534e-09 -0 0 0 -0 0 0 0 0 0 0 0 0 0 0 0 0 0 1 13150.8 13150.8 13150.8 13150.8
-1 -1 1 -1 -1 1 0 0 0 0 0 -5.46448e-10 -0 0 0 -0 0 0 0 0 0 0 0 0 0 0 0 0 0 1 13150.8 13150.8 13150.8 13150.8
-1 -1 1 -1 -1 1 0 0 0 0 0 -2.73293e-09 -0 0 0 -0 0 0 0 0 0 0 0 0 0 0 0 0 0 1 13150.8 13150.8 13150.8 13150.8
-1 -1 1 -1 -1 1 0 0 0 0 0 2.34777e-09 -0 0 0 -0 0 0 0 0 0 0 0 0 0 0 0 0 0 1 13150.8 13150.8 13150.8 13150.8
-1 -1 1 -1 -1 1 0 0 0 0 0 1.52984e-10 -0 0 0 -0 0 0 0 0 0 0 0 0 0 0 0 0 0 1 13150.8 13150.8 13150.8 13150.8
-1 -1 1 -1 -1 1 0 0 0 0 0 -2.04095e-09 -0 0 0 -0 0 0 0 0 0 0 0 0 0 0 0 0 0 1 13150.8 13150.8 13150.8 13150.8
-1 -1 1 -1 -1 1 0 0 0 0 0 3.05684e-09 -0 0 0 -0 0 0 0 0 0 0 0 0 0 0 0 0 0 1 13150.8 13150.8 13150.8 13150.8
-1 -1 1 -1 -1 1 0 0 0 0 0 8.69538e-10 -0 0 0 -0 0 0 0 0 0 0 0 0 0 0 0 0 0 1 13150.8 13150.8 13150.8 13150.8
-1 -1 1 -1 -1 1 0 0 0 0 0 -1.31476e-09 -0 0 0 -0 0 0 0 0 0 0 0 0 0 0 0 0 0 1 13150.8 13150.8 13150.8 13150.8
-1 -1 1 -1 -1 1 0 0 0 0 0 -3.51413e-09 -0 0 0 -0 0 0 0 0 0 0 0 0 0 0 0 0 0 1 13150.8 13150.8 13150.8 13150.8
-1 -1 1 -1 -1 1 0 0 0 0 0 1.57318e-09 -0 0 0 -0 0 0 0 0 0 0 0 0 0 0 0 0 0 1 13150.8 13150.8 13150.8 13150.8
-1 -1 1 -1 -1 1 0 0 0 0 0 -6.18092e-10 -0 0 0 -0 0 0 0 0 0 0 0 0 0 0 0 0 0 1 13150.8 13150.8 13150.8 13150.8
-1 -1 1 -1 -1 1 0 0 0 0 0 -2.80746e-09 -0 0 0 -0 0 0 0 0 0 0 0 0 0 0 0 0 0 1 13150.8 13150.8 13150.8 13150.8
-1 -1 1 -1 -1 1 0 0 0 0 0 2.27506e-09 -0 0 0 -0 0 0 0 0 0 0 0 0 0 0 0 0 0 1 13150.8 13150.8 13150.8 13150.8
-1 -1 1 -1 -1 1 0 0 0 0 0 8.53681e-11 -0 0 0 -0 0 0 0 0 0 0 0 0 0 0 0 0 0 1 13150.8 13150.8 13150.8 13150.8
-1 -1 1 -1 -1 1 0 0 0 0 0 -2.10683e-09 -0 0 0 -0 0 0 0 0 0 0 0 0 0 0 0 0 0 1 13150.8 13150.8 13150.8 13150.8
-1 -1 1 -1 -1 1 0 0 0 0 0 2.98411e-09 -0 0 0 -0 0 0 0 0 0 0 0 0 0 0 0 0 0 1 13150.8 13150.8 13150.8 13150.8
-1 -1 1 -1 -1 1 0 0 0 0 0 7.91991e-10 -0 0 0 -0 0 0 0 0 0 0 0 0 0 0 0 0 0 1 13150.8 13150.8 13150.8 13150.8
-1 -1 1 -1 -1 1 0 0 0 0 0 -1.39896e-09 -0 0 0 -0 0 0 0 0 0 0 0 0 0 0 0 0 0 1 13150.8 13150.8 13150.8 13150.8
-1 -1 1 -1 -1 1 0 0 0 0 0 -3.5793e-09 -0 0 0 -0 0 0 0 0 0 0 0 0 0 0 0 0 0 1 13150.8 13150.8 13150.8 13150.8
-1 -1 1 -1 -1 1 0 0 0 0 0 1.53162e-09 -0 0 0 -0 0 0 0 0 0 0 0 0 0 0 0 0 0 1 13150.8 13150.8 13150.8 13150.8
-1 -1 1 -1 -1 1 0 0 0 0 0 -6.5847e-10 -0 0 0 -0 0 0 0 0 0 0 0 0 0 0 0 0 0 1 13150.8 13150.8 13150.8 13150.8
-1 -1 1 -1 -1 1 0 0 0 0 0 -2.85154e-09 -0 0 0 -0 0 0 0 0 0 0 0 0 0 0 0 0 0 1 13150.8 13150.8 13150.8 13150.8
-1 -1 1 -1 -1 1 0 0 0 0 0 2.22508e-09 -0 0 0 -0 0 0 0 0 0 0 0 0 0 0 0 0 0 1 13150.8 13150.8 13150.8 13150.8
-1 -1 1 -1 -1 1 0 0 0 0 0 3.5247e-11 -0 0 0 -0 0 0 0 0 0 0 0 0 0 0 0 0 0 1 13150.8 13150.8 13150.8 13150.8
-1 -1 1 -1 -1 1 0 0 0 0 0 -2.16047e-09 -0 0 0 -0 0 0 0 0 0 0 0 0 0 0 0 0 0 1 13150.8 13150.8 13150.8 13150.8
-1 -1 1 -1 -1 1 0 0 0 0 0 2.93124e-09 -0 0 0 -0 0 0 0 0 0 0 0 0 0 0 0 0 0 1 13150.8 13150.8 13150.8 13150.8
-1 -1 1 -1 -1 1 0 0 0 0 0 7.46029e-10 -0 0 0 -0 0 0 0 0 0 0 0 0 0 0 0 0 0 1 13150.8 13150.8 13150.8 13150.8
-1 -1 1 -1 -1 1 0 0 0 0 0 -1.44945e-09 -0 0 0 -0 0 0 0 0 0 0 0 0 0 0 0 0 0 1 13150.8 13150.8 13150.8 13150.8
-1 -1 1 -1 -1 1 0 0 0 0 0 -3.63855e-09 -0 0 0 -0 0 0 0 0 0 0 0 0 0 0 0 0 0 1 13150.8 13150.8 13150.8 13150.8
-1 -1 1 -1 -1 1 0 0 0 0 0 1.45105e-09 -0 0 0 -0 0 0 0 0 0 0 0 0 0 0 0 0 0 1 13150.8 13150.8 13150.8 13150.8
-1 -1 1 -1 -1 1 0 0 0 0 0 -7.38565e-10 -0 0 0 -0 0 0 0 0 0 0 0 0 0 0 0 0 0 1 13150.8 13150.8 13150.8 13150.8
-1 -1 1 -1 -1 1 0 0 0 0 0 -2.92239e-09 -0 0 0 -0 0 0 0 0 0 0 0 0 0 0 0 0 0 1 13150.8 13150.8 13150.8 13150.8
-1 -1 1 -1 -1 1 0 0 0 0 0 2.17068e-09 -0 0 0 -0 0 0 0 0 0 0 0 0 0 0 0 0 0 1 13150.8 13150.8 13150.8 13150.8
-1 -1 1 -1 -1 1 0 0 0 0 0 -1.969e-11 -0 0 0 -0 0 0 0 0 0 0 0 0 0 0 0 0 0 1 13150.8 13150.8 13150.8 13150.8
-1 -1 1 -1 -1 1 0 0 0 0 0 -2.20779e-09 -0 0 0 -0 0 0 0 0 0 0 0 0 0 0 0 0 0 1 13150.8 13150.8 13150.8 13150.8
-1 -1 1 -1 -1 1 0 0 0 0 0 2.88528e-09 -0 0 0 -0 0 0 0 0 0 0 0 0 0 0 0 0 0 1 13150.8 13150.8 13150.8 13150.8
-1 -1 1 -1 -1 1 0 0 0 0 0 6.92792e-10 -0 0 0 -0 0 0 0 0 0 0 0 0 0 0 0 0 0 1 13150.8 13150.8 13150.8 13150.8
-1 -1 1 -1 -1 1 0 0 0 0 0 -1.4959e-09 -0 0 0 -0 0 0 0 0 0 0 0 0 0 0 0 0 0 1 13150.8 13150.8 13150.8 13150.8
-1 -1 1 -1 -1 1 0 0 0 0 0 -3.68443e-09 -0 0 0 -0 0 0 0 0 0 0 0 0 0 0 0 0 0 1 13150.8 13150.8 13150.8 13150.8
-1 -1 1 -1 -1 1 0 0 0 0 0 1.40861e-09 -0 0 0 -0 0 0 0 0 0 0 0 0 0 0 0 0 0 1 13150.8 13150.8 13150.8 13150.8
-1 -1 1 -1 -1 1 0 0 0 0 0 -7.94627e-10 -0 0 0 -0 0 0 0 0 0 0 0 0 0 0 0 0 0 1 13150.8 13150.8 13150.8 13150.8
-1 -1 1 -1 -1 1 0 0 0 0 0 -2.9711e-09 -0 0 0 -0 0 0 0 0 0 0 0 0 0 0 0 0 0 1 13150.8 13150.8 13150.8 13150.8
-1 -1 1 -1 -1 1 0 0 0 0 0 2.15366e-09 -0 0 0 -0 0 0 0 0 0 0 0 0 0 0 0 0 0 1 13150.8 13150.8 13150.8 13150.8
-1 -1 1 -1 -1 1 0 0 0 0 0 -4.18933e-11 -0 0 0 -0 0 0 0 0 0 0 0 0 0 0 0 0 0 1 13150.8 13150.8 13150.8 13150.8
-1 -1 1 -1 -1 1 0 0 0 0 0 -2.22513e-09 -0 0 0 -0 0 0 0 0 0 0 0 0 0 0 0 0 0 1 13150.8 13150.8 13150.8 13150.8
-1 -1 1 -1 -1 1 0 0 0 0 0 2.84657e-09 -0 0 0 -0 0 0 0 0 0 0 0 0 0 0 0 0 0 1 13150.8 13150.8 13150.8 13150.8
-1 -1 1 -1 -1 1 0 0 0 0 0 6.55519e-10 -0 0 0 -0 0 0 0 0 0 0 0 0 0 0 0 0 0 1 13150.8 13150.8 13150.8 13150.8
-1 -1 1 -1 -1 1 0 0 0 0 0 -1.54138e-09 -0 0 0 -0 0 0 0 0 0 0 0 0 0 0 0 0 0 1 13150.8 13150.8 13150.8 13150.8
-1 -1 1 -1 -1 1 0 0 0 0 0 3.53634e-09 -0 0 0 -0 0 0 0 0 0 0 0 0 0 0 0 0 0 1 13150.8 13150.8 13150.8 13150.8
-1 -1 1 -1 -1 1 0 0 0 0 0 1.3365e-09 -0 0 0 -0 0 0 0 0 0 0 0 0 0 0 0 0 0 1 13150.8 13150.8 13150.8 13150.8
-1 -1 1 -1 -1 1 0 0 0 0 0 -8.52665e-10 -0 0 0 -0 0 0 0 0 0 0 0 0 0 0 0 0 0 1 13150.8 13150.8 13150.8 13150.8
-1 -1 1 -1 -1 1 0 0 0 0 0 -3.03504e-09 -0 0 0 -0 0 0 0 0 0 0 0 0 0 0 0 0 0 1 13150.8 13150.8 13150.8 13150.8
-1 -1 1 -1 -1 1 0 0 0 0 0 2.06686e-09 -0 0 0 -0 0 0 0 0 0 0 0 0 0 0 0 0 0 1 13150.8 13150.8 13150.8 13150.8
-1 -1 1 -1 -1 1 0 0 0 0 0 -1.1681e-10 -0 0 0 -0 0 0 0 0 0 0 0 0 0 0 0 0 0 1 13150.8 13150.8 13150.8 13150.8
-1 -1 1 -1 -1 1 0 0 0 0 0 -2.30682e-09 -0 0 0 -0 0 0 0 0 0 0 0 0 0 0 0 0 0 1 13150.8 13150.8 13150.8 13150.8
-1 -1 1 -1 -1 1 0 0 0 0 0 2.78802e-09 -0 0 0 -0 0 0 0 0 0 0 0 0 0 0 0 0 0 1 13150.8 13150.8 13150.8 13150.8
-1 -1 1 -1 -1 1 0 0 0 0 0 5.99331e-10 -0 0 0 -0 0 0 0 0 0 0 0 0 0 0 0 0 0 1 13150.8 13150.8 13150.8 13150.8
-1 -1 1 -1 -1 1 0 0 0 0 0 -1.5913e-09 -0 0 0 -0 0 0 0 0 0 0 0 0 0 0 0 0 0 1 13150.8 13150.8 13150.8 13150.8
-1 -1 1 -1 -1 1 0 0 0 0 0 3.50229e-09 -0 0 0 -0 0 0 0 0 0 0 0 0 0 0 0 0 0 1 13150.8 13150.8 13150.8 13150.8
-1 -1 1 -1 -1 1 0 0 0 0 0 1.31402e-09 -0 0 0 -0 0 0 0 0 0 0 0 0 0 0 0 0 0 1 13150.8 13150.8 13150.8 13150.8
-1 -1 1 -1 -1 1 0 0 0 0 0 -8.8942e-10 -0 0 0 -0 0 0 0 0 0 0 0 0 0 0 0 0 0 1 13150.8 13150.8 13150.8 13150.8
-1 -1 1 -1 -1 1 0 0 0 0 0 -3.06541e-09 -0 0 0 -0 0 0 0 0 0 0 0 0 0 0 0 0 0 1 13150.8 13150.8 13150.8 13150.8
-1 -1 1 -1 -1 1 0 0 0 0 0 2.04371e-09 -0 0 0 -0 0 0 0 0 0 0 0 0 0 0 0 0 0 1 13150.8 13150.8 13150.8 13150.8
-1 -1 1 -1 -1 1 0 0 0 0 0 -1.52114e-10 -0 0 0 -0 0 0 0 0 0 0 0 0 0 0 0 0 0 1 13150.8 13150.8 13150.8 13150.8
-1 -1 1 -1 -1 1 0 0 0 0 0 -2.34433e-09 -0 0 0 -0 0 0 0 0 0 0 0 0 0 0 0 0 0 1 13150.8 13150.8 13150.8 13150.8
-1 -1 1 -1 -1 1 0 0 0 0 0 2.72557e-09 -0 0 0 -0 0 0 0 0 0 0 0 0 0 0 0 0 0 1 13150.8 13150.8 13150.8 13150.8
-1 -1 1 -1 -1 1 0 0 0 0 0 5.28029e-10 -0 0 0 -0 0 0 0 0 0 0 0 0 0 0 0 0 0 1 13150.8 13150.8 13150.8 13150.8
-1 -1 1 -1 -1 1 0 0 0 0 0 -1.65501e-09 -0 0 0 -0 0 0 0 0 0 0 0 0 0 0 0 0 0 1 13150.8 13150.8 13150.8 13150.8
-1 -1 1 -1 -1 1 0 0 0 0 0 3.43768e-09 -0 0 0 -0 0 0 0 0 0 0 0 0 0 0 0 0 0 1 13150.8 13150.8 13150.8 13150.8
-1 -1 1 -1 -1 1 0 0 0 0 0 1.23537e-09 -0 0 0 -0 0 0 0 0 0 0 0 0 0 0 0 0 0 1 13150.8 13150.8 13150.8 13150.8
-1 -1 1 -1 -1 1 0 0 0 0 0 -9.46905e-10 -0 0 0 -0 0 0 0 0 0 0 0 0 0 0 0 0 0 1 13150.8 13150.8 13150.8 13150.8
-1 -1 1 -1 -1 1 0 0 0 0 0 -3.14124e-09 -0 0 0 -0 0 0 0 0 0 0 0 0 0 0 0 0 0 1 13150.8 13150.8 13150.8 13150.8
-1 -1 1 -1 -1 1 0 0 0 0 0 1.9398e-09 -0 0 0 -0 0 0 0 0 0 0 0 0 0 0 0 0 0 1 13150.8 13150.8 13150.8 13150.8
-1 -1 1 -1 -1 1 0 0 0 0 0 -2.4215e-10 -0 0 0 -0 0 0 0 0 0 0 0 0 0 0 0 0 0 1 13150.8 13150.8 13150.8 13150.8
-1 -1 1 -1 -1 1 0 0 0 0 0 -2.4329e-09 -0 0 0 -0 0 0 0 0 0 0 0 0 0 0 0 0 0 1 13150.8 13150.8 13150.8 13150.8
-1 -1 1 -1 -1 1 0 0 0 0 0 2.65725e-09 -0 0 0 -0 0 0 0 0 0 0 0 0 0 0 0 0 0 1 13150.8 13150.8 13150.8 13150.8
-1 -1 1 -1 -1 1 0 0 0 0 0 4.6172e-10 -0 0 0 -0 0 0 0 0 0 0 0 0 0 0 0 0 0 1 13150.8 13150.8 13150.8 13150.8
-1 -1 1 -1 -1 1 0 0 0 0 0 -1.72974e-09 -0 0 0 -0 0 0 0 0 0 0 0 0 0 0 0 0 0 1 13150.8 13150.8 13150.8 13150.8
-1 -1 1 -1 -1 1 0 0 0 0 0 3.36745e-09 -0 0 0 -0 0 0 0 0 0 0 0 0 0 0 0 0 0 1 13150.8 13150.8 13150.8 13150.8
-1 -1 1 -1 -1 1 0 0 0 0 0 1.1862e-09 -0 0 0 -0 0 0 0 0 0 0 0 0 0 0 0 0 0 1 13150.8 13150.8 13150.8 13150.8
-1 -1 1 -1 -1 1 0 0 0 0 0 -1.00373e-09 -0 0 0 -0 0 0 0 0 0 0 0 0 0 0 0 0 0 1 13150.8 13150.8 13150.8 13150.8
-1 -1 1 -1 -1 1 0 0 0 0 0 -3.20022e-09 -0 0 0 -0 0 0 0 0 0 0 0 0 0 0 0 0 0 1 13150.8 13150.8 13150.8 13150.8
-1 -1 1 -1 -1 1 0 0 0 0 0 1.90687e-09 -0 0 0 -0 0 0 0 0 0 0 0 0 0 0 0 0 0 1 13150.8 13150.8 13150.8 13150.8
-1 -1 1 -1 -1 1 0 0 0 0 0 -2.78345e-10 -0 0 0 -0 0 0 0 0 0 0 0 0 0 0 0 0 0 1 13150.8 13150.8 13150.8 13150.8
-1 -1 1 -1 -1 1 0 0 0 0 0 -2.46575e-09 -0 0 0 -0 0 0 0 0 0 0 0 0 0 0 0 0 0 1 13150.8 13150.8 13150.8 13150.8
-1 -1 1 -1 -1 1 0 0 0 0 0 2.64704e-09 -0 0 0 -0 0 0 0 0 0 0 0 0 0 0 0 0 0 1 13150.8 13150.8 13150.8 13150.8
-1 -1 1 -1 -1 1 0 0 0 0 0 4.60596e-10 -0 0 0 -0 0 0 0 0 0 0 0 0 0 0 0 0 0 1 13150.8 13150.8 13150.8 13150.8
-1 -1 1 -1 -1 1 0 0 0 0 0 -1.73098e-09 -0 0 0 -0 0 0 0 0 0 0 0 0 0 0 0 0 0 1 13150.8 13150.8 13150.8 13150.8
-1 -1 1 -1 -1 1 0 0 0 0 0 3.36615e-09 -0 0 0 -0 0 0 0 0 0 0 0 0 0 0 0 0 0 1 13150.8 13150.8 13150.8 13150.8
-1 -1 1 -1 -1 1 0 0 0 0 0 1.1744e-09 -0 0 0 -0 0 0 0 0 0 0 0 0 0 0 0 0 0 1 13150.8 13150.8 13150.8 13150.8
-1 -1 1 -1 -1 1 0 0 0 0 0 -1.01304e-09 -0 0 0 -0 0 0 0 0 0 0 0 0 0 0 0 0 0 1 13150.8 13150.8 13150.8 13150.8
-1 -1 1 -1 -1 1 0 0 0 0 0 -3.19562e-09 -0 0 0 -0 0 0 0 0 0 0 0 0 0 0 0 0 0 1 13150.8 13150.8 13150.8 13150.8
-1 -1 1 -1 -1 1 0 0 0 0 0 1.88855e-09 -0 0 0 -0 0 0 0 0 0 0 0 0 0 0 0 0 0 1 13150.8 13150.8 13150.8 13150.8
-1 -1 1 -1 -1 1 0 0 0 0 0 -3.06244e-10 -0 0 0 -0 0 0 0 0 0 0 0 0 0 0 0 0 0 1 13150.8 13150.8 13150.8 13150.8
-1 -1 1 -1 -1 1 0 0 0 0 0 -2.49994e-09 -0 0 0 -0 0 0 0 0 0 0 0 0 0 0 0 0 0 1 13150.8 13150.8 13150.8 13150.8
-1 -1 1 -1 -1 1 0 0 0 0 0 2.58021e-09 -0 0 0 -0 0 0 0 0 0 0 0 0 0 0 0 0 0 1 13150.8 13150.8 13150.8 13150.8
-1 -1 1 -1 -1 1 0 0 0 0 0 3.82174e-10 -0 0 0 -0 0 0 0 0 0 0 0 0 0 0 0 0 0 1 13150.8 13150.8 13150.8 13150.8
-1 -1 1 -1 -1 1 0 0 0 0 0 -1.80046e-09 -0 0 0 -0 0 0 0 0 0 0 0 0 0 0 0 0 0 1 13150.8 13150.8 13150.8 13150.8
-1 -1 1 -1 -1 1 0 0 0 0 0 3.29069e-09 -0 0 0 -0 0 0 0 0 0 0 0 0 0 0 0 0 0 1 13150.8 13150.8 13150.8 13150.8
-1 -1 1 -1 -1 1 0 0 0 0 0 1.09988e-09 -0 0 0 -0 0 0 0 0 0 0 0 0 0 0 0 0 0 1 13150.8 13150.8 13150.8 13150.8
-1 -1 1 -1 -1 1 0 0 0 0 0 -1.08763e-09 -0 0 0 -0 0 0 0 0 0 0 0 0 0 0 0 0 0 1 13150.8 13150.8 13150.8 13150.8
-1 -1 1 -1 -1 1 0 0 0 0 0 -3.27542e-09 -0 0 0 -0 0 0 0 0 0 0 0 0 0 0 0 0 0 1 13150.8 13150.8 13150.8 13150.8
-1 -1 1 -1 -1 1 0 0 0 0 0 1.84787e-09 -0 0 0 -0 0 0 0 0 0 0 0 0 0 0 0 0 0 1 13150.8 13150.8 13150.8 13150.8
-1 -1 1 -1 -1 1 0 0 0 0 0 -3.37793e-10 -0 0 0 -0 0 0 0 0 0 0 0 0 0 0 0 0 0 1 13150.8 13150.8 13150.8 13150.8
-1 -1 1 -1 -1 1 0 0 0 0 0 -2.52251e-09 -0 0 0 -0 0 0 0 0 0 0 0 0 0 0 0 0 0 1 13150.8 13150.8 13150.8 13150.8
-1 -1 1 -1 -1 1 0 0 0 0 0 2.56791e-09 -0 0 0 -0 0 0 0 0 0 0 0 0 0 0 0 0 0 1 13150.8 13150.8 13150.8 13150.8
-1 -1 1 -1 -1 1 0 0 0 0 0 3.7108e-10 -0 0 0 -0 0 0 0 0 0 0 0 0 0 0 0 0 0 1 13150.8 13150.8 13150.8 13150.8
-1 -1 1 -1 -1 1 0 0 0 0 0 -1.8131e-09 -0 0 0 -0 0 0 0 0 0 0 0 0 0 0 0 0 0 1 13150.8 13150.8 13150.8 13150.8
-1 -1 1 -1 -1 1 0 0 0 0 0 3.30367e-09 -0 0 0 -0 0 0 0 0 0 0 0 0 0 0 0 0 0 1 13150.8 13150.8 13150.8 13150.8
-1 -1 1 -1 -1 1 0 0 0 0 0 1.11914e-09 -0 0 0 -0 0 0 0 0 0 0 0 0 0 0 0 0 0 1 13150.8 13150.8 13150.8 13150.8
-1 -1 1 -1 -1 1 0 0 0 0 0 -1.07482e-09 -0 0 0 -0 0 0 0 0 0 0 0 0 0 0 0 0 0 1 13150.8 13150.8 13150.8 13150.8
-1 -1 1 -1 -1 1 0 0 0 0 0 -3.25278e-09 -0 0 0 -0 0 0 0 0 0 0 0 0 0 0 0 0 0 1 13150.8 13150.8 13150.8 13150.8
-1 -1 1 -1 -1 1 0 0 0 0 0 1.86462e-09 -0 0 0 -0 0 0 0 0 0 0 0 0 0 0 0 0 0 1 13150.8 13150.8 13150.8 13150.8
-1 -1 1 -1 -1 1 0 0 0 0 0 -3.18709e-10 -0 0 0 -0 0 0 0 0 0 0 0 0 0 0 0 0 0 1 13150.8 13150.8 13150.8 13150.8
-1 -1 1 -1 -1 1 0 0 0 0 0 -2.51832e-09 -0 0 0 -0 0 0 0 0 0 0 0 0 0 0 0 0 0 1 13150.8 13150.8 13150.8 13150.8
-1 -1 1 -1 -1 1 0 0 0 0 0 2.5802e-09 -0 0 0 -0 0 0 0 0 0 0 0 0 0 0 0 0 0 1 13150.8 13150.8 13150.8 13150.8
-1 -1 1 -1 -1 1 0 0 0 0 0 3.93468e-10 -0 0 0 -0 0 0 0 0 0 0 0 0 0 0 0 0 0 1 13150.8 13150.8 13150.8 13150.8
-1 -1 1 -1 -1 1 0 0 0 0 0 -1.79021e-09 -0 0 0 -0 0 0 0 0 0 0 0 0 0 0 0 0 0 1 13150.8 13150.8 13150.8 13150.8
-1 -1 1 -1 -1 1 0 0 0 0 0 3.32457e-09 -0 0 0 -0 0 0 0 0 0 0 0 0 0 0 0 0 0 1 13150.8 13150.8 13150.8 13150.8
-1 -1 1 -1 -1 1 0 0 0 0 0 1.14807e-09 -0 0 0 -0 0 0 0 0 0 0 0 0 0 0 0 0 0 1 13150.8 13150.8 13150.8 13150.8
-1 -1 1 -1 -1 1 0 0 0 0 0 -1.04584e-09 -0 0 0 -0 0 0 0 0 0 0 0 0 0 0 0 0 0 1 13150.8 13150.8 13150.8 13150.8
-1 -1 1 -1 -1 1 0 0 0 0 0 -3.23291e-09 -0 0 0 -0 0 0 0 0 0 0 0 0 0 0 0 0 0 1 13150.8 13150.8 13150.8 13150.8
-1 -1 1 -1 -1 1 0 0 0 0 0 1.87992e-09 -0 0 0 -0 0 0 0 0 0 0 0 0 0 0 0 0 0 1 13150.8 13150.8 13150.8 13150.8
-1 -1 1 -1 -1 1 0 0 0 0 0 -3.0887e-10 -0 0 0 -0 0 0 0 0 0 0 0 0 0 0 0 0 0 1 13150.8 13150.8 13150.8 13150.8
-1 -1 1 -1 -1 1 0 0 0 0 0 -2.49582e-09 -0 0 0 -0 0 0 0 0 0 0 0 0 0 0 0 0 0 1 13150.8 13150.8 13150.8 13150.8
-1 -1 1 -1 -1 1 0 0 0 0 0 2.59856e-09 -0 0 0 -0 0 0 0 0 0 0 0 0 0 0 0 0 0 1 13150.8 13150.8 13150.8 13150.8
-1 -1 1 -1 -1 1 0 0 0 0 0 4.07812e-10 -0 0 0 -0 0 0 0 0 0 0 0 0 0 0 0 0 0 1 13150.8 13150.8 13150.8 13150.8
-1 -1 1 -1 -1 1 0 0 0 0 0 -1.78605e-09 -0 0 0 -0 0 0 0 0 0 0 0 0 0 0 0 0 0 1 13150.8 13150.8 13150.8 13150.8
-1 -1 1 -1 -1 1 0 0 0 0 0 3.30161e-09 -0 0 0 -0 0 0 0 0 0 0 0 0 0 0 0 0 0 1 13150.8 13150.8 13150.8 13150.8
-1 -1 1 -1 -1 1 0 0 0 0 0 1.10697e-09 -0 0 0 -0 0 0 0 0 0 0 0 0 0 0 0 0 0 1 13150.8 13150.8 13150.8 13150.8
-1 -1 1 -1 -1 1 0 0 0 0 0 -1.08523e-09 -0 0 0 -0 0 0 0 0 0 0 0 0 0 0 0 0 0 1 13150.8 13150.8 13150.8 13150.8
-1 -1 1 -1 -1 1 0 0 0 0 0 -3.26167e-09 -0 0 0 -0 0 0 0 0 0 0 0 0 0 0 0 0 0 1 13150.8 13150.8 13150.8 13150.8
-1 -1 1 -1 -1 1 0 0 0 0 0 1.84118e-09 -0 0 0 -0 0 0 0 0 0 0 0 0 0 0 0 0 0 1 13150.8 13150.8 13150.8 13150.8
-1 -1 1 -1 -1 1 0 0 0 0 0 -3.53078e-10 -0 0 0 -0 0 0 0 0 0 0 0 0 0 0 0 0 0 1 13150.8 13150.8 13150.8 13150.8
-1 -1 1 -1 -1 1 0 0 0 0 0 -2.53777e-09 -0 0 0 -0 0 0 0 0 0 0 0 0 0 0 0 0 0 1 13150.8 13150.8 13150.8 13150.8
-1 -1 1 -1 -1 1 0 0 0 0 0 2.56852e-09 -0 0 0 -0 0 0 0 0 0 0 0 0 0 0 0 0 0 1 13150.8 13150.8 13150.8 13150.8
-1 -1 1 -1 -1 1 0 0 0 0 0 3.78205e-10 -0 0 0 -0 0 0 0 0 0 0 0 0 0 0 0 0 0 1 13150.8 13150.8 13150.8 13150.8
-1 -1 1 -1 -1 1 0 0 0 0 0 -1.81888e-09 -0 0 0 -0 0 0 0 0 0 0 0 0 0 0 0 0 0 1 13150.8 13150.8 13150.8 13150.8
-1 -1 1 -1 -1 1 0 0 0 0 0 3.26367e-09 -0 0 0 -0 0 0 0 0 0 0 0 0 0 0 0 0 0 1 13150.8 13150.8 13150.8 13150.8
-1 -1 1 -1 -1 1 0 0 0 0 0 1.07194e-09 -0 0 0 -0 0 0 0 0 0 0 0 0 0 0 0 0 0 1 13150.8 13150.8 13150.8 13150.8
-1 -1 1 -1 -1 1 0 0 0 0 0 -1.10811e-09 -0 0 0 -0 0 0 0 0 0 0 0 0 0 0 0 0 0 1 13150.8 13150.8 13150.8 13150.8
-1 -1 1 -1 -1 1 0 0 0 0 0 -3.2936e-09 -0 0 0 -0 0 0 0 0 0 0 0 0 0 0 0 0 0 1 13150.8 13150.8 13150.8 13150.8
-1 -1 1 -1 -1 1 0 0 0 0 0 1.80824e-09 -0 0 0 -0 0 0 0 0 0 0 0 0 0 0 0 0 0 1 13150.8 13150.8 13150.8 13150.8
-1 -1 1 -1 -1 1 0 0 0 0 0 -3.9076e-10 -0 0 0 -0 0 0 0 0 0 0 0 0 0 0 0 0 0 1 13150.8 13150.8 13150.8 13150.8
-1 -1 1 -1 -1 1 0 0 0 0 0 -2.57503e-09 -0 0 0 -0 0 0 0 0 0 0 0 0 0 0 0 0 0 1 13150.8 13150.8 13150.8 13150.8
-1 -1 1 -1 -1 1 0 0 0 0 0 2.52483e-09 -0 0 0 -0 0 0 0 0 0 0 0 0 0 0 0 0 0 1 13150.8 13150.8 13150.8 13150.8
-1 -1 1 -1 -1 1 0 0 0 0 0 3.29229e-10 -0 0 0 -0 0 0 0 0 0 0 0 0 0 0 0 0 0 1 13150.8 13150.8 13150.8 13150.8
-1 -1 1 -1 -1 1 0 0 0 0 0 -1.85972e-09 -0 0 0 -0 0 0 0 0 0 0 0 0 0 0 0 0 0 1 13150.8 13150.8 13150.8 13150.8
-1 -1 1 -1 -1 1 0 0 0 0 0 3.22665e-09 -0 0 0 -0 0 0 0 0 0 0 0 0 0 0 0 0 0 1 13150.8 13150.8 13150.8 13150.8
-1 -1 1 -1 -1 1 0 0 0 0 0 1.04218e-09 -0 0 0 -0 0 0 0 0 0 0 0 0 0 0 0 0 0 1 13150.8 13150.8 13150.8 13150.8
-1 -1 1 -1 -1 1 0 0 0 0 0 -1.1456e-09 -0 0 0 -0 0 0 0 0 0 0 0 0 0 0 0 0 0 1 13150.8 13150.8 13150.8 13150.8
-1 -1 1 -1 -1 1 0 0 0 0 0 -3.33373e-09 -0 0 0 -0 0 0 0 0 0 0 0 0 0 0 0 0 0 1 13150.8 13150.8 13150.8 13150.8
-1 -1 1 -1 -1 1 0 0 0 0 0 1.77145e-09 -0 0 0 -0 0 0 0 0 0 0 0 0 0 0 0 0 0 1 13150.8 13150.8 13150.8 13150.8
-1 -1 1 -1 -1 1 0 0 0 0 0 -4.18721e-10 -0 0 0 -0 0 0 0 0 0 0 0 0 0 0 0 0 0 1 13150.8 13150.8 13150.8 13150.8
-1 -1 1 -1 -1 1 0 0 0 0 0 -2.6124e-09 -0 0 0 -0 0 0 0 0 0 0 0 0 0 0 0 0 0 1 13150.8 13150.8 13150.8 13150.8
-1 -1 1 -1 -1 1 0 0 0 0 0 2.45966e-09 -0 0 0 -0 0 0 0 0 0 0 0 0 0 0 0 0 0 1 13150.8 13150.8 13150.8 13150.8
-1 -1 1 -1 -1 1 0 0 0 0 0 2.68188e-10 -0 0 0 -0 0 0 0 0 0 0 0 0 0 0 0 0 0 1 13150.8 13150.8 13150.8 13150.8
-1 -1 1 -1 -1 1 0 0 0 0 0 -1.9245e-09 -0 0 0 -0 0 0 0 0 0 0 0 0 0 0 0 0 0 1 13150.8 13150.8 13150.8 13150.8
-1 -1 1 -1 -1 1 0 0 0 0 0 3.16329e-09 -0 0 0 -0 0 0 0 0 0 0 0 0 0 0 0 0 0 1 13150.8 13150.8 13150.8 13150.8
-1 -1 1 -1 -1 1 0 0 0 0 0 9.74379e-10 -0 0 0 -0 0 0 0 0 0 0 0 0 0 0 0 0 0 1 13150.8 13150.8 13150.8 13150.8
-1 -1 1 -1 -1 1 0 0 0 0 0 -1.22047e-09 -0 0 0 -0 0 0 0 0 0 0 0 0 0 0 0 0 0 1 13150.8 13150.8 13150.8 13150.8
-1 -1 1 -1 -1 1 0 0 0 0 0 -3.40472e-09 -0 0 0 -0 0 0 0 0 0 0 0 0 0 0 0 0 0 1 13150.8 13150.8 13150.8 13150.8
-1 -1 1 -1 -1 1 0 0 0 0 0 1.71144e-09 -0 0 0 -0 0 0 0 0 0 0 0 0 0 0 0 0 0 1 13150.8 13150.8 13150.8 13150.8
-1 -1 1 -1 -1 1 0 0 0 0 0 -4.74449e-10 -0 0 0 -0 0 0 0 0 0 0 0 0 0 0 0 0 0 1 13150.8 13150.8 13150.8 13150.8
-1 -1 1 -1 -1 1 0 0 0 0 0 -2.66885e-09 -0 0 0 -0 0 0 0 0 0 0 0 0 0 0 0 0 0 1 13150.8 13150.8 13150.8 13150.8
-1 -1 1 -1 -1 1 0 0 0 0 0 2.40273e-09 -0 0 0 -0 0 0 0 0 0 0 0 0 0 0 0 0 0 1 13150.8 13150.8 13150.8 13150.8
-1 -1 1 -1 -1 1 0 0 0 0 0 2.0439e-10 -0 0 0 -0 0 0 0 0 0 0 0 0 0 0 0 0 0 1 13150.8 13150.8 13150.8 13150.8
-1 -1 1 -1 -1 1 0 0 0 0 0 -1.98534e-09 -0 0 0 -0 0 0 0 0 0 0 0 0 0 0 0 0 0 1 13150.8 13150.8 13150.8 13150.8
-1 -1 1 -1 -1 1 0 0 0 0 0 3.09611e-09 -0 0 0 -0 0 0 0 0 0 0 0 0 0 0 0 0 0 1 13150.8 13150.8 13150.8 13150.8
-1 -1 1 -1 -1 1 0 0 0 0 0 9.03283e-10 -0 0 0 -0 0 0 0 0 0 0 0 0 0 0 0 0 0 1 13150.8 13150.8 13150.8 13150.8
-1 -1 1 -1 -1 1 0 0 0 0 0 -1.2913e-09 -0 0 0 -0 0 0 0 0 0 0 0 0 0 0 0 0 0 1 13150.8 13150.8 13150.8 13150.8
-1 -1 1 -1 -1 1 0 0 0 0 0 -3.48621e-09 -0 0 0 -0 0 0 0 0 0 0 0 0 0 0 0 0 0 1 13150.8 13150.8 13150.8 13150.8
-1 -1 1 -1 -1 1 0 0 0 0 0 1.58548e-09 -0 0 0 -0 0 0 0 0 0 0 0 0 0 0 0 0 0 1 13150.8 13150.8 13150.8 13150.8
-1 -1 1 -1 -1 1 0 0 0 0 0 -5.98093e-10 -0 0 0 -0 0 0 0 0 0 0 0 0 0 0 0 0 0 1 13150.8 13150.8 13150.8 13150.8
-1 -1 1 -1 -1 1 0 0 0 0 0 -2.79692e-09 -0 0 0 -0 0 0 0 0 0 0 0 0 0 0 0 0 0 1 13150.8 13150.8 13150.8 13150.8
-1 -1 1 -1 -1 1 0 0 0 0 0 2.27641e-09 -0 0 0 -0 0 0 0 0 0 0 0 0 0 0 0 0 0 1 13150.8 13150.8 13150.8 13150.8
-1 -1 1 -1 -1 1 0 0 0 0 0 8.51999e-11 -0 0 0 -0 0 0 0 0 0 0 0 0 0 0 0 0 0 1 13150.8 13150.8 13150.8 13150.8
-1 -1 1 -1 -1 1 0 0 0 0 0 -2.10916e-09 -0 0 0 -0 0 0 0 0 0 0 0 0 0 0 0 0 0 1 13150.8 13150.8 13150.8 13150.8
-1 -1 1 -1 -1 1 0 0 0 0 0 2.99873e-09 -0 0 0 -0 0 0 0 0 0 0 0 0 0 0 0 0 0 1 13150.8 13150.8 13150.8 13150.8
-1 -1 1 -1 -1 1 0 0 0 0 0 8.06824e-10 -0 0 0 -0 0 0 0 0 0 0 0 0 0 0 0 0 0 1 13150.8 13150.8 13150.8 13150.8
-1 -1 1 -1 -1 1 0 0 0 0 0 -1.36899e-09 -0 0 0 -0 0 0 0 0 0 0 0 0 0 0 0 0 0 1 13150.8 13150.8 13150.8 13150.8
-1 -1 1 -1 -1 1 0 0 0 0 0 -3.55735e-09 -0 0 0 -0 0 0 0 0 0 0 0 0 0 0 0 0 0 1 13150.8 13150.8 13150.8 13150.8
-1 -1 1 -1 -1 1 0 0 0 0 0 1.54133e-09 -0 0 0 -0 0 0 0 0 0 0 0 0 0 0 0 0 0 1 13150.8 13150.8 13150.8 13150.8
-1 -1 1 -1 -1 1 0 0 0 0 0 -6.53244e-10 -0 0 0 -0 0 0 0 0 0 0 0 0 0 0 0 0 0 1 13150.8 13150.8 13150.8 13150.8
-1 -1 1 -1 -1 1 0 0 0 0 0 -2.84228e-09 -0 0 0 -0 0 0 0 0 0 0 0 0 0 0 0 0 0 1 13150.8 13150.8 13150.8 13150.8
-1 -1 1 -1 -1 1 0 0 0 0 0 2.26766e-09 -0 0 0 -0 0 0 0 0 0 0 0 0 0 0 0 0 0 1 13150.8 13150.8 13150.8 13150.8
-1 -1 1 -1 -1 1 0 0 0 0 0 8.53275e-11 -0 0 0 -0 0 0 0 0 0 0 0 0 0 0 0 0 0 1 13150.8 13150.8 13150.8 13150.8
-1 -1 1 -1 -1 1 0 0 0 0 0 -2.10485e-09 -0 0 0 -0 0 0 0 0 0 0 0 0 0 0 0 0 0 1 13150.8 13150.8 13150.8 13150.8
-1 -1 1 -1 -1 1 0 0 0 0 0 2.98678e-09 -0 0 0 -0 0 0 0 0 0 0 0 0 0 0 0 0 0 1 13150.8 13150.8 13150.8 13150.8
-1 -1 1 -1 -1 1 0 0 0 0 0 7.95025e-10 -0 0 0 -0 0 0 0 0 0 0 0 0 0 0 0 0 0 1 13150.8 13150.8 13150.8 13150.8
-1 -1 1 -1 -1 1 0 0 0 0 0 -1.39327e-09 -0 0 0 -0 0 0 0 0 0 0 0 0 0 0 0 0 0 1 13150.8 13150.8 13150.8 13150.8
-1 -1 1 -1 -1 1 0 0 0 0 0 -3.59332e-09 -0 0 0 -0 0 0 0 0 0 0 0 0 0 0 0 0 0 1 13150.8 13150.8 13150.8 13150.8
-1 -1 1 -1 -1 1 0 0 0 0 0 1.46658e-09 -0 0 0 -0 0 0 0 0 0 0 0 0 0 0 0 0 0 1 13150.8 13150.8 13150.8 13150.8
-1 -1 1 -1 -1 1 0 0 0 0 0 -7.26211e-10 -0 0 0 -0 0 0 0 0 0 0 0 0 0 0 0 0 0 1 13150.8 13150.8 13150.8 13150.8
-1 -1 1 -1 -1 1 0 0 0 0 0 -2.9149e-09 -0 0 0 -0 0 0 0 0 0 0 0 0 0 0 0 0 0 1 13150.8 13150.8 13150.8 13150.8
-1 -1 1 -1 -1 1 0 0 0 0 0 2.17765e-09 -0 0 0 -0 0 0 0 0 0 0 0 0 0 0 0 0 0 1 13150.8 13150.8 13150.8 13150.8
-1 -1 1 -1 -1 1 0 0 0 0 0 -1.16367e-11 -0 0 0 -0 0 0 0 0 0 0 0 0 0 0 0 0 0 1 13150.8 13150.8 13150.8 13150.8
-1 -1 1 -1 -1 1 0 0 0 0 0 -2.20548e-09 -0 0 0 -0 0 0 0 0 0 0 0 0 0 0 0 0 0 1 13150.8 13150.8 13150.8 13150.8
-1 -1 1 -1 -1 1 0 0 0 0 0 2.87937e-09 -0 0 0 -0 0 0 0 0 0 0 0 0 0 0 0 0 0 1 13150.8 13150.8 13150.8 13150.8
-1 -1 1 -1 -1 1 0 0 0 0 0 6.82797e-10 -0 0 0 -0 0 0 0 0 0 0 0 0 0 0 0 0 0 1 13150.8 13150.8 13150.8 13150.8
-1 -1 1 -1 -1 1 0 0 0 0 0 -1.50031e-09 -0 0 0 -0 0 0 0 0 0 0 0 0 0 0 0 0 0 1 13150.8 13150.8 13150.8 13150.8
-1 -1 1 -1 -1 1 0 0 0 0 0 3.59528e-09 -0 0 0 -0 0 0 0 0 0 0 0 0 0 0 0 0 0 1 13150.8 13150.8 13150.8 13150.8
-1 -1 1 -1 -1 1 0 0 0 0 0 1.40445e-09 -0 0 0 -0 0 0 0 0 0 0 0 0 0 0 0 0 0 1 13150.8 13150.8 13150.8 13150.8
-1 -1 1 -1 -1 1 0 0 0 0 0 -7.87477e-10 -0 0 0 -0 0 0 0 0 0 0 0 0 0 0 0 0 0 1 13150.8 13150.8 13150.8 13150.8
-1 -1 1 -1 -1 1 0 0 0 0 0 -2.97883e-09 -0 0 0 -0 0 0 0 0 0 0 0 0 0 0 0 0 0 1 13150.8 13150.8 13150.8 13150.8
-1 -1 1 -1 -1 1 0 0 0 0 0 2.13317e-09 -0 0 0 -0 0 0 0 0 0 0 0 0 0 0 0 0 0 1 13150.8 13150.8 13150.8 13150.8
-1 -1 1 -1 -1 1 0 0 0 0 0 -5.77397e-11 -0 0 0 -0 0 0 0 0 0 0 0 0 0 0 0 0 0 1 13150.8 13150.8 13150.8 13150.8
-1 -1 1 -1 -1 1 0 0 0 0 0 -2.24281e-09 -0 0 0 -0 0 0 0 0 0 0 0 0 0 0 0 0 0 1 13150.8 13150.8 13150.8 13150.8
-1 -1 1 -1 -1 1 0 0 0 0 0 2.85818e-09 -0 0 0 -0 0 0 0 0 0 0 0 0 0 0 0 0 0 1 13150.8 13150.8 13150.8 13150.8
-1 -1 1 -1 -1 1 0 0 0 0 0 6.62977e-10 -0 0 0 -0 0 0 0 0 0 0 0 0 0 0 0 0 0 1 13150.8 13150.8 13150.8 13150.8
-1 -1 1 -1 -1 1 0 0 0 0 0 -1.51917e-09 -0 0 0 -0 0 0 0 0 0 0 0 0 0 0 0 0 0 1 13150.8 13150.8 13150.8 13150.8
-1 -1 1 -1 -1 1 0 0 0 0 0 -3.70437e-09 -0 0 0 -0 0 0 0 0 0 0 0 0 0 0 0 0 0 1 13150.8 13150.8 13150.8 13150.8
-1 -1 1 -1 -1 1 0 0 0 0 0 1.37945e-09 -0 0 0 -0 0 0 0 0 0 0 0 0 0 0 0 0 0 1 13150.8 13150.8 13150.8 13150.8
-1 -1 1 -1 -1 1 0 0 0 0 0 -7.93669e-10 -0 0 0 -0 0 0 0 0 0 0 0 0 0 0 0 0 0 1 13150.8 13150.8 13150.8 13150.8
-1 -1 1 -1 -1 1 0 0 0 0 0 -2.99422e-09 -0 0 0 -0 0 0 0 0 0 0 0 0 0 0 0 0 0 1 13150.8 13150.8 13150.8 13150.8
-1 -1 1 -1 -1 1 0 0 0 0 0 2.11583e-09 -0 0 0 -0 0 0 0 0 0 0 0 0 0 0 0 0 0 1 13150.8 13150.8 13150.8 13150.8
-1 -1 1 -1 -1 1 0 0 0 0 0 -7.45578e-11 -0 0 0 -0 0 0 0 0 0 0 0 0 0 0 0 0 0 1 13150.8 13150.8 13150.8 13150.8
-1 -1 1 -1 -1 1 0 0 0 0 0 -2.27411e-09 -0 0 0 -0 0 0 0 0 0 0 0 0 0 0 0 0 0 1 13150.8 13150.8 13150.8 13150.8
-1 -1 1 -1 -1 1 0 0 0 0 0 2.79902e-09 -0 0 0 -0 0 0 0 0 0 0 0 0 0 0 0 0 0 1 13150.8 13150.8 13150.8 13150.8
-1 -1 1 -1 -1 1 0 0 0 0 0 6.02589e-10 -0 0 0 -0 0 0 0 0 0 0 0 0 0 0 0 0 0 1 13150.8 13150.8 13150.8 13150.8
-1 -1 1 -1 -1 1 0 0 0 0 0 -1.57999e-09 -0 0 0 -0 0 0 0 0 0 0 0 0 0 0 0 0 0 1 13150.8 13150.8 13150.8 13150.8
-1 -1 1 -1 -1 1 0 0 0 0 0 3.4648e-09 -0 0 0 -0 0 0 0 0 0 0 0 0 0 0 0 0 0 1 13150.8 13150.8 13150.8 13150.8
-1 -1 1 -1 -1 1 0 0 0 0 0 1.24858e-09 -0 0 0 -0 0 0 0 0 0 0 0 0 0 0 0 0 0 1 13150.8 13150.8 13150.8 13150.8
-1 -1 1 -1 -1 1 0 0 0 0 0 -9.38016e-10 -0 0 0 -0 0 0 0 0 0 0 0 0 0 0 0 0 0 1 13150.8 13150.8 13150.8 13150.8
-1 -1 1 -1 -1 1 0 0 0 0 0 -3.12977e-09 -0 0 0 -0 0 0 0 0 0 0 0 0 0 0 0 0 0 1 13150.8 13150.8 13150.8 13150.8
-1 -1 1 -1 -1 1 0 0 0 0 0 1.95304e-09 -0 0 0 -0 0 0 0 0 0 0 0 0 0 0 0 0 0 1 13150.8 13150.8 13150.8 13150.8
-1 -1 1 -1 -1 1 0 0 0 0 0 -2.41542e-10 -0 0 0 -0 0 0 0 0 0 0 0 0 0 0 0 0 0 1 13150.8 13150.8 13150.8 13150.8
-1 -1 1 -1 -1 1 0 0 0 0 0 -2.43143e-09 -0 0 0 -0 0 0 0 0 0 0 0 0 0 0 0 0 0 1 13150.8 13150.8 13150.8 13150.8
-1 -1 1 -1 -1 1 0 0 0 0 0 2.65987e-09 -0 0 0 -0 0 0 0 0 0 0 0 0 0 0 0 0 0 1 13150.8 13150.8 13150.8 13150.8
-1 -1 1 -1 -1 1 0 0 0 0 0 4.70624e-10 -0 0 0 -0 0 0 0 0 0 0 0 0 0 0 0 0 0 1 13150.8 13150.8 13150.8 13150.8
-1 -1 1 -1 -1 1 0 0 0 0 0 -1.71817e-09 -0 0 0 -0 0 0 0 0 0 0 0 0 0 0 0 0 0 1 13150.8 13150.8 13150.8 13150.8
-1 -1 1 -1 -1 1 0 0 0 0 0 3.37435e-09 -0 0 0 -0 0 0 0 0 0 0 0 0 0 0 0 0 0 1 13150.8 13150.8 13150.8 13150.8
-1 -1 1 -1 -1 1 0 0 0 0 0 1.18438e-09 -0 0 0 -0 0 0 0 0 0 0 0 0 0 0 0 0 0 1 13150.8 13150.8 13150.8 13150.8
-1 -1 1 -1 -1 1 0 0 0 0 0 -1.00406e-09 -0 0 0 -0 0 0 0 0 0 0 0 0 0 0 0 0 0 1 13150.8 13150.8 13150.8 13150.8
-1 -1 1 -1 -1 1 0 0 0 0 0 -3.19281e-09 -0 0 0 -0 0 0 0 0 0 0 0 0 0 0 0 0 0 1 13150.8 13150.8 13150.8 13150.8
-1 -1 1 -1 -1 1 0 0 0 0 0 1.90026e-09 -0 0 0 -0 0 0 0 0 0 0 0 0 0 0 0 0 0 1 13150.8 13150.8 13150.8 13150.8
-1 -1 1 -1 -1 1 0 0 0 0 0 -3.05351e-10 -0 0 0 -0 0 0 0 0 0 0 0 0 0 0 0 0 0 1 13150.8 13150.8 13150.8 13150.8
-1 -1 1 -1 -1 1 0 0 0 0 0 -2.4889e-09 -0 0 0 -0 0 0 0 0 0 0 0 0 0 0 0 0 0 1 13150.8 13150.8 13150.8 13150.8
-1 -1 1 -1 -1 1 0 0 0 0 0 2.60713e-09 -0 0 0 -0 0 0 0 0 0 0 0 0 0 0 0 0 0 1 13150.8 13150.8 13150.8 13150.8
-1 -1 1 -1 -1 1 0 0 0 0 0 4.15887e-10 -0 0 0 -0 0 0 0 0 0 0 0 0 0 0 0 0 0 1 13150.8 13150.8 13150.8 13150.8
-1 -1 1 -1 -1 1 0 0 0 0 0 -1.76424e-09 -0 0 0 -0 0 0 0 0 0 0 0 0 0 0 0 0 0 1 13150.8 13150.8 13150.8 13150.8
-1 -1 1 -1 -1 1 0 0 0 0 0 3.32679e-09 -0 0 0 -0 0 0 0 0 0 0 0 0 0 0 0 0 0 1 13150.8 13150.8 13150.8 13150.8
-1 -1 1 -1 -1 1 0 0 0 0 0 1.1304e-09 -0 0 0 -0 0 0 0 0 0 0 0 0 0 0 0 0 0 1 13150.8 13150.8 13150.8 13150.8
-1 -1 1 -1 -1 1 0 0 0 0 0 -1.05976e-09 -0 0 0 -0 0 0 0 0 0 0 0 0 0 0 0 0 0 1 13150.8 13150.8 13150.8 13150.8
-1 -1 1 -1 -1 1 0 0 0 0 0 -3.24868e-09 -0 0 0 -0 0 0 0 0 0 0 0 0 0 0 0 0 0 1 13150.8 13150.8 13150.8 13150.8
-1 -1 1 -1 -1 1 0 0 0 0 0 1.84027e-09 -0 0 0 -0 0 0 0 0 0 0 0 0 0 0 0 0 0 1 13150.8 13150.8 13150.8 13150.8
-1 -1 1 -1 -1 1 0 0 0 0 0 -3.50839e-10 -0 0 0 -0 0 0 0 0 0 0 0 0 0 0 0 0 0 1 13150.8 13150.8 13150.8 13150.8
-1 -1 1 -1 -1 1 0 0 0 0 0 -2.53984e-09 -0 0 0 -0 0 0 0 0 0 0 0 0 0 0 0 0 0 1 13150.8 13150.8 13150.8 13150.8
-1 -1 1 -1 -1 1 0 0 0 0 0 2.55134e-09 -0 0 0 -0 0 0 0 0 0 0 0 0 0 0 0 0 0 1 13150.8 13150.8 13150.8 13150.8
-1 -1 1 -1 -1 1 0 0 0 0 0 3.53451e-10 -0 0 0 -0 0 0 0 0 0 0 0 0 0 0 0 0 0 1 13150.8 13150.8 13150.8 13150.8
-1 -1 1 -1 -1 1 0 0 0 0 0 -1.82975e-09 -0 0 0 -0 0 0 0 0 0 0 0 0 0 0 0 0 0 1 13150.8 13150.8 13150.8 13150.8
-1 -1 1 -1 -1 1 0 0 0 0 0 3.25625e-09 -0 0 0 -0 0 0 0 0 0 0 0 0 0 0 0 0 0 1 13150.8 13150.8 13150.8 13150.8
-1 -1 1 -1 -1 1 0 0 0 0 0 1.06778e-09 -0 0 0 -0 0 0 0 0 0 0 0 0 0 0 0 0 0 1 13150.8 13150.8 13150.8 13150.8
-1 -1 1 -1 -1 1 0 0 0 0 0 -1.13054e-09 -0 0 0 -0 0 0 0 0 0 0 0 0 0 0 0 0 0 1 13150.8 13150.8 13150.8 13150.8
-1 -1 1 -1 -1 1 0 0 0 0 0 -3.31949e-09 -0 0 0 -0 0 0 0 0 0 0 0 0 0 0 0 0 0 1 13150.8 13150.8 13150.8 13150.8
-1 -1 1 -1 -1 1 0 0 0 0 0 1.76319e-09 -0 0 0 -0 0 0 0 0 0 0 0 0 0 0 0 0 0 1 13150.8 13150.8 13150.8 13150.8
-1 -1 1 -1 -1 1 0 0 0 0 0 -4.27624e-10 -0 0 0 -0 0 0 0 0 0 0 0 0 0 0 0 0 0 1 13150.8 13150.8 13150.8 13150.8
-1 -1 1 -1 -1 1 0 0 0 0 0 -2.61595e-09 -0 0 0 -0 0 0 0 0 0 0 0 0 0 0 0 0 0 1 13150.8 13150.8 13150.8 13150.8
-1 -1 1 -1 -1 1 0 0 0 0 0 2.4754e-09 -0 0 0 -0 0 0 0 0 0 0 0 0 0 0 0 0 0 1 13150.8 13150.8 13150.8 13150.8
-1 -1 1 -1 -1 1 0 0 0 0 0 2.8683e-10 -0 0 0 -0 0 0 0 0 0 0 0 0 0 0 0 0 0 1 13150.8 13150.8 13150.8 13150.8
-1 -1 1 -1 -1 1 0 0 0 0 0 -1.90433e-09 -0 0 0 -0 0 0 0 0 0 0 0 0 0 0 0 0 0 1 13150.8 13150.8 13150.8 13150.8
-1 -1 1 -1 -1 1 0 0 0 0 0 3.18668e-09 -0 0 0 -0 0 0 0 0 0 0 0 0 0 0 0 0 0 1 13150.8 13150.8 13150.8 13150.8
-1 -1 1 -1 -1 1 0 0 0 0 0 9.85753e-10 -0 0 0 -0 0 0 0 0 0 0 0 0 0 0 0 0 0 1 13150.8 13150.8 13150.8 13150.8
-1 -1 1 -1 -1 1 0 0 0 0 0 -1.19994e-09 -0 0 0 -0 0 0 0 0 0 0 0 0 0 0 0 0 0 1 13150.8 13150.8 13150.8 13150.8
-1 -1 1 -1 -1 1 0 0 0 0 0 -3.38717e-09 -0 0 0 -0 0 0 0 0 0 0 0 0 0 0 0 0 0 1 13150.8 13150.8 13150.8 13150.8
-1 -1 1 -1 -1 1 0 0 0 0 0 1.70679e-09 -0 0 0 -0 0 0 0 0 0 0 0 0 0 0 0 0 0 1 13150.8 13150.8 13150.8 13150.8
-1 -1 1 -1 -1 1 0 0 0 0 0 -4.81223e-10 -0 0 0 -0 0 0 0 0 0 0 0 0 0 0 0 0 0 1 13150.8 13150.8 13150.8 13150.8
-1 -1 1 -1 -1 1 0 0 0 0 0 -2.67219e-09 -0 0 0 -0 0 0 0 0 0 0 0 0 0 0 0 0 0 1 13150.8 13150.8 13150.8 13150.8
-1 -1 1 -1 -1 1 0 0 0 0 0 2.42704e-09 -0 0 0 -0 0 0 0 0 0 0 0 0 0 0 0 0 0 1 13150.8 13150.8 13150.8 13150.8
-1 -1 1 -1 -1 1 0 0 0 0 0 2.33778e-10 -0 0 0 -0 0 0 0 0 0 0 0 0 0 0 0 0 0 1 13150.8 13150.8 13150.8 13150.8
-1 -1 1 -1 -1 1 0 0 0 0 0 -1.95186e-09 -0 0 0 -0 0 0 0 0 0 0 0 0 0 0 0 0 0 1 13150.8 13150.8 13150.8 13150.8
-1 -1 1 -1 -1 1 0 0 0 0 0 3.13616e-09 -0 0 0 -0 0 0 0 0 0 0 0 0 0 0 0 0 0 1 13150.8 13150.8 13150.8 13150.8
-1 -1 1 -1 -1 1 0 0 0 0 0 9.48928e-10 -0 0 0 -0 0 0 0 0 0 0 0 0 0 0 0 0 0 1 13150.8 13150.8 13150.8 13150.8
-1 -1 1 -1 -1 1 0 0 0 0 0 -1.2408e-09 -0 0 0 -0 0 0 0 0 0 0 0 0 0 0 0 0 0 1 13150.8 13150.8 13150.8 13150.8
-1 -1 1 -1 -1 1 0 0 0 0 0 -3.43856e-09 -0 0 0 -0 0 0 0 0 0 0 0 0 0 0 0 0 0 1 13150.8 13150.8 13150.8 13150.8
-1 -1 1 -1 -1 1 0 0 0 0 0 1.64807e-09 -0 0 0 -0 0 0 0 0 0 0 0 0 0 0 0 0 0 1 13150.8 13150.8 13150.8 13150.8
-1 -1 1 -1 -1 1 0 0 0 0 0 -5.46108e-10 -0 0 0 -0 0 0 0 0 0 0 0 0 0 0 0 0 0 1 13150.8 13150.8 13150.8 13150.8
-1 -1 1 -1 -1 1 0 0 0 0 0 -2.73245e-09 -0 0 0 -0 0 0 0 0 0 0 0 0 0 0 0 0 0 1 13150.8 13150.8 13150.8 13150.8
-1 -1 1 -1 -1 1 0 0 0 0 0 2.35471e-09 -0 0 0 -0 0 0 0 0 0 0 0 0 0 0 0 0 0 1 13150.8 13150.8 13150.8 13150.8
-1 -1 1 -1 -1 1 0 0 0 0 0 1.57638e-10 -0 0 0 -0 0 0 0 0 0 0 0 0 0 0 0 0 0 1 13150.8 13150.8 13150.8 13150.8
-1 -1 1 -1 -1 1 0 0 0 0 0 -2.02457e-09 -0 0 0 -0 0 0 0 0 0 0 0 0 0 0 0 0 0 1 13150.8 13150.8 13150.8 13150.8
-1 -1 1 -1 -1 1 0 0 0 0 0 3.07475e-09 -0 0 0 -0 0 0 0 0 0 0 0 0 0 0 0 0 0 1 13150.8 13150.8 13150.8 13150.8
-1 -1 1 -1 -1 1 0 0 0 0 0 8.83957e-10 -0 0 0 -0 0 0 0 0 0 0 0 0 0 0 0 0 0 1 13150.8 13150.8 13150.8 13150.8
-1 -1 1 -1 -1 1 0 0 0 0 0 -1.31166e-09 -0 0 0 -0 0 0 0 0 0 0 0 0 0 0 0 0 0 1 13150.8 13150.8 13150.8 13150.8
-1 -1 1 -1 -1 1 0 0 0 0 0 -3.49673e-09 -0 0 0 -0 0 0 0 0 0 0 0 0 0 0 0 0 0 1 13150.8 13150.8 13150.8 13150.8
-1 -1 1 -1 -1 1 0 0 0 0 0 1.61838e-09 -0 0 0 -0 0 0 0 0 0 0 0 0 0 0 0 0 0 1 13150.8 13150.8 13150.8 13150.8
-1 -1 1 -1 -1 1 0 0 0 0 0 -5.60583e-10 -0 0 0 -0 0 0 0 0 0 0 0 0 0 0 0 0 0 1 13150.8 13150.8 13150.8 13150.8
-1 -1 1 -1 -1 1 0 0 0 0 0 -2.75648e-09 -0 0 0 -0 0 0 0 0 0 0 0 0 0 0 0 0 0 1 13150.8 13150.8 13150.8 13150.8
-1 -1 1 -1 -1 1 0 0 0 0 0 2.33167e-09 -0 0 0 -0 0 0 0 0 0 0 0 0 0 0 0 0 0 1 13150.8 13150.8 13150.8 13150.8
-1 -1 1 -1 -1 1 0 0 0 0 0 1.36562e-10 -0 0 0 -0 0 0 0 0 0 0 0 0 0 0 0 0 0 1 13150.8 13150.8 13150.8 13150.8
-1 -1 1 -1 -1 1 0 0 0 0 0 -2.05312e-09 -0 0 0 -0 0 0 0 0 0 0 0 0 0 0 0 0 0 1 13150.8 13150.8 13150.8 13150.8
-1 -1 1 -1 -1 1 0 0 0 0 0 3.02155e-09 -0 0 0 -0 0 0 0 0 0 0 0 0 0 0 0 0 0 1 13150.8 13150.8 13150.8 13150.8
-1 -1 1 -1 -1 1 0 0 0 0 0 8.33594e-10 -0 0 0 -0 0 0 0 0 0 0 0 0 0 0 0 0 0 1 13150.8 13150.8 13150.8 13150.8
-1 -1 1 -1 -1 1 0 0 0 0 0 -1.3612e-09 -0 0 0 -0 0 0 0 0 0 0 0 0 0 0 0 0 0 1 13150.8 13150.8 13150.8 13150.8
-1 -1 1 -1 -1 1 0 0 0 0 0 -3.55162e-09 -0 0 0 -0 0 0 0 0 0 0 0 0 0 0 0 0 0 1 13150.8 13150.8 13150.8 13150.8
-1 -1 1 -1 -1 1 0 0 0 0 0 1.55003e-09 -0 0 0 -0 0 0 0 0 0 0 0 0 0 0 0 0 0 1 13150.8 13150.8 13150.8 13150.8
-1 -1 1 -1 -1 1 0 0 0 0 0 -6.37321e-10 -0 0 0 -0 0 0 0 0 0 0 0 0 0 0 0 0 0 1 13150.8 13150.8 13150.8 13150.8
-1 -1 1 -1 -1 1 0 0 0 0 0 -2.8229e-09 -0 0 0 -0 0 0 0 0 0 0 0 0 0 0 0 0 0 1 13150.8 13150.8 13150.8 13150.8
-1 -1 1 -1 -1 1 0 0 0 0 0 2.2652e-09 -0 0 0 -0 0 0 0 0 0 0 0 0 0 0 0 0 0 1 13150.8 13150.8 13150.8 13150.8
-1 -1 1 -1 -1 1 0 0 0 0 0 7.43357e-11 -0 0 0 -0 0 0 0 0 0 0 0 0 0 0 0 0 0 1 13150.8 13150.8 13150.8 13150.8
-1 -1 1 -1 -1 1 0 0 0 0 0 -2.11406e-09 -0 0 0 -0 0 0 0 0 0 0 0 0 0 0 0 0 0 1 13150.8 13150.8 13150.8 13150.8
-1 -1 1 -1 -1 1 0 0 0 0 0 2.97987e-09 -0 0 0 -0 0 0 0 0 0 0 0 0 0 0 0 0 0 1 13150.8 13150.8 13150.8 13150.8
-1 -1 1 -1 -1 1 0 0 0 0 0 7.76581e-10 -0 0 0 -0 0 0 0 0 0 0 0 0 0 0 0 0 0 1 13150.8 13150.8 13150.8 13150.8
-1 -1 1 -1 -1 1 0 0 0 0 0 -1.41283e-09 -0 0 0 -0 0 0 0 0 0 0 0 0 0 0 0 0 0 1 13150.8 13150.8 13150.8 13150.8
-1 -1 1 -1 -1 1 0 0 0 0 0 -3.59348e-09 -0 0 0 -0 0 0 0 0 0 0 0 0 0 0 0 0 0 1 13150.8 13150.8 13150.8 13150.8
-1 -1 1 -1 -1 1 0 0 0 0 0 1.49615e-09 -0 0 0 -0 0 0 0 0 0 0 0 0 0 0 0 0 0 1 13150.8 13150.8 13150.8 13150.8
-1 -1 1 -1 -1 1 0 0 0 0 0 -6.93475e-10 -0 0 0 -0 0 0 0 0 0 0 0 0 0 0 0 0 0 1 13150.8 13150.8 13150.8 13150.8
-1 -1 1 -1 -1 1 0 0 0 0 0 -2.88833e-09 -0 0 0 -0 0 0 0 0 0 0 0 0 0 0 0 0 0 1 13150.8 13150.8 13150.8 13150.8
-1 -1 1 -1 -1 1 0 0 0 0 0 2.21675e-09 -0 0 0 -0 0 0 0 0 0 0 0 0 0 0 0 0 0 1 13150.8 13150.8 13150.8 13150.8
-1 -1 1 -1 -1 1 0 0 0 0 0 3.08735e-11 -0 0 0 -0 0 0 0 0 0 0 0 0 0 0 0 0 0 1 13150.8 13150.8 13150.8 13150.8
-1 -1 1 -1 -1 1 0 0 0 0 0 -2.16157e-09 -0 0 0 -0 0 0 0 0 0 0 0 0 0 0 0 0 0 1 13150.8 13150.8 13150.8 13150.8
-1 -1 1 -1 -1 1 0 0 0 0 0 2.93559e-09 -0 0 0 -0 0 0 0 0 0 0 0 0 0 0 0 0 0 1 13150.8 13150.8 13150.8 13150.8
-1 -1 1 -1 -1 1 0 0 0 0 0 7.57351e-10 -0 0 0 -0 0 0 0 0 0 0 0 0 0 0 0 0 0 1 13150.8 13150.8 13150.8 13150.8
-1 -1 1 -1 -1 1 0 0 0 0 0 -1.47076e-09 -0 0 0 -0 0 0 0 0 0 0 0 0 0 0 0 0 0 1 13150.8 13150.8 13150.8 13150.8
-1 -1 1 -1 -1 1 0 0 0 0 0 3.54525e-09 -0 0 0 -0 0 0 0 0 0 0 0 0 0 0 0 0 0 1 13150.8 13150.8 13150.8 13150.8
-1 -1 1 -1 -1 1 0 0 0 0 0 1.34286e-09 -0 0 0 -0 0 0 0 0 0 0 0 0 0 0 0 0 0 1 13150.8 13150.8 13150.8 13150.8
-1 -1 1 -1 -1 1 0 0 0 0 0 -8.35472e-10 -0 0 0 -0 0 0 0 0 0 0 0 0 0 0 0 0 0 1 13150.8 13150.8 13150.8 13150.8
-1 -1 1 -1 -1 1 0 0 0 0 0 -3.02377e-09 -0 0 0 -0 0 0 0 0 0 0 0 0 0 0 0 0 0 1 13150.8 13150.8 13150.8 13150.8
-1 -1 1 -1 -1 1 0 0 0 0 0 2.06814e-09 -0 0 0 -0 0 0 0 0 0 0 0 0 0 0 0 0 0 1 13150.8 13150.8 13150.8 13150.8
-1 -1 1 -1 -1 1 0 0 0 0 0 -1.21112e-10 -0 0 0 -0 0 0 0 0 0 0 0 0 0 0 0 0 0 1 13150.8 13150.8 13150.8 13150.8
-1 -1 1 -1 -1 1 0 0 0 0 0 -2.312e-09 -0 0 0 -0 0 0 0 0 0 0 0 0 0 0 0 0 0 1 13150.8 13150.8 13150.8 13150.8
-1 -1 1 -1 -1 1 0 0 0 0 0 2.7789e-09 -0 0 0 -0 0 0 0 0 0 0 0 0 0 0 0 0 0 1 13150.8 13150.8 13150.8 13150.8
-1 -1 1 -1 -1 1 0 0 0 0 0 5.8225e-10 -0 0 0 -0 0 0 0 0 0 0 0 0 0 0 0 0 0 1 13150.8 13150.8 13150.8 13150.8
-1 -1 1 -1 -1 1 0 0 0 0 0 -1.61058e-09 -0 0 0 -0 0 0 0 0 0 0 0 0 0 0 0 0 0 1 13150.8 13150.8 13150.8 13150.8
-1 -1 1 -1 -1 1 0 0 0 0 0 3.48082e-09 -0 0 0 -0 0 0 0 0 0 0 0 0 0 0 0 0 0 1 13150.8 13150.8 13150.8 13150.8
-1 -1 1 -1 -1 1 0 0 0 0 0 1.28871e-09 -0 0 0 -0 0 0 0 0 0 0 0 0 0 0 0 0 0 1 13150.8 13150.8 13150.8 13150.8
-1 -1 1 -1 -1 1 0 0 0 0 0 -8.95909e-10 -0 0 0 -0 0 0 0 0 0 0 0 0 0 0 0 0 0 1 13150.8 13150.8 13150.8 13150.8
-1 -1 1 -1 -1 1 0 0 0 0 0 -3.08644e-09 -0 0 0 -0 0 0 0 0 0 0 0 0 0 0 0 0 0 1 13150.8 13150.8 13150.8 13150.8
-1 -1 1 -1 -1 1 0 0 0 0 0 1.99563e-09 -0 0 0 -0 0 0 0 0 0 0 0 0 0 0 0 0 0 1 13150.8 13150.8 13150.8 13150.8
-1 -1 1 -1 -1 1 0 0 0 0 0 -2.03233e-10 -0 0 0 -0 0 0 0 0 0 0 0 0 0 0 0 0 0 1 13150.8 13150.8 13150.8 13150.8
-1 -1 1 -1 -1 1 0 0 0 0 0 -2.39277e-09 -0 0 0 -0 0 0 0 0 0 0 0 0 0 0 0 0 0 1 13150.8 13150.8 13150.8 13150.8
-1 -1 1 -1 -1 1 0 0 0 0 0 2.69189e-09 -0 0 0 -0 0 0 0 0 0 0 0 0 0 0 0 0 0 1 13150.8 13150.8 13150.8 13150.8
-1 -1 1 -1 -1 1 0 0 0 0 0 4.97932e-10 -0 0 0 -0 0 0 0 0 0 0 0 0 0 0 0 0 0 1 13150.8 13150.8 13150.8 13150.8
-1 -1 1 -1 -1 1 0 0 0 0 0 -1.68399e-09 -0 0 0 -0 0 0 0 0 0 0 0 0 0 0 0 0 0 1 13150.8 13150.8 13150.8 13150.8
-1 -1 1 -1 -1 1 0 0 0 0 0 3.41185e-09 -0 0 0 -0 0 0 0 0 0 0 0 0 0 0 0 0 0 1 13150.8 13150.8 13150.8 13150.8
-1 -1 1 -1 -1 1 0 0 0 0 0 1.22311e-09 -0 0 0 -0 0 0 0 0 0 0 0 0 0 0 0 0 0 1 13150.8 13150.8 13150.8 13150.8
-1 -1 1 -1 -1 1 0 0 0 0 0 -9.75008e-10 -0 0 0 -0 0 0 0 0 0 0 0 0 0 0 0 0 0 1 13150.8 13150.8 13150.8 13150.8
-1 -1 1 -1 -1 1 0 0 0 0 0 -3.15946e-09 -0 0 0 -0 0 0 0 0 0 0 0 0 0 0 0 0 0 1 13150.8 13150.8 13150.8 13150.8
-1 -1 1 -1 -1 1 0 0 0 0 0 1.94597e-09 -0 0 0 -0 0 0 0 0 0 0 0 0 0 0 0 0 0 1 13150.8 13150.8 13150.8 13150.8
-1 -1 1 -1 -1 1 0 0 0 0 0 -2.40521e-10 -0 0 0 -0 0 0 0 0 0 0 0 0 0 0 0 0 0 1 13150.8 13150.8 13150.8 13150.8
-1 -1 1 -1 -1 1 0 0 0 0 0 -2.43004e-09 -0 0 0 -0 0 0 0 0 0 0 0 0 0 0 0 0 0 1 13150.8 13150.8 13150.8 13150.8
-1 -1 1 -1 -1 1 0 0 0 0 0 2.64501e-09 -0 0 0 -0 0 0 0 0 0 0 0 0 0 0 0 0 0 1 13150.8 13150.8 13150.8 13150.8
-1 -1 1 -1 -1 1 0 0 0 0 0 4.43717e-10 -0 0 0 -0 0 0 0 0 0 0 0 0 0 0 0 0 0 1 13150.8 13150.8 13150.8 13150.8
-1 -1 1 -1 -1 1 0 0 0 0 0 -1.74292e-09 -0 0 0 -0 0 0 0 0 0 0 0 0 0 0 0 0 0 1 13150.8 13150.8 13150.8 13150.8
-1 -1 1 -1 -1 1 0 0 0 0 0 3.34926e-09 -0 0 0 -0 0 0 0 0 0 0 0 0 0 0 0 0 0 1 13150.8 13150.8 13150.8 13150.8
-1 -1 1 -1 -1 1 0 0 0 0 0 1.1601e-09 -0 0 0 -0 0 0 0 0 0 0 0 0 0 0 0 0 0 1 13150.8 13150.8 13150.8 13150.8
-1 -1 1 -1 -1 1 0 0 0 0 0 -1.03037e-09 -0 0 0 -0 0 0 0 0 0 0 0 0 0 0 0 0 0 1 13150.8 13150.8 13150.8 13150.8
-1 -1 1 -1 -1 1 0 0 0 0 0 -3.21956e-09 -0 0 0 -0 0 0 0 0 0 0 0 0 0 0 0 0 0 1 13150.8 13150.8 13150.8 13150.8
-1 -1 1 -1 -1 1 0 0 0 0 0 1.8906e-09 -0 0 0 -0 0 0 0 0 0 0 0 0 0 0 0 0 0 1 13150.8 13150.8 13150.8 13150.8
-1 -1 1 -1 -1 1 0 0 0 0 0 -2.9196e-10 -0 0 0 -0 0 0 0 0 0 0 0 0 0 0 0 0 0 1 13150.8 13150.8 13150.8 13150.8
-1 -1 1 -1 -1 1 0 0 0 0 0 -2.47623e-09 -0 0 0 -0 0 0 0 0 0 0 0 0 0 0 0 0 0 1 13150.8 13150.8 13150.8 13150.8
-1 -1 1 -1 -1 1 0 0 0 0 0 2.61641e-09 -0 0 0 -0 0 0 0 0 0 0 0 0 0 0 0 0 0 1 13150.8 13150.8 13150.8 13150.8
-1 -1 1 -1 -1 1 0 0 0 0 0 4.17985e-10 -0 0 0 -0 0 0 0 0 0 0 0 0 0 0 0 0 0 1 13150.8 13150.8 13150.8 13150.8
-1 -1 1 -1 -1 1 0 0 0 0 0 -1.7704e-09 -0 0 0 -0 0 0 0 0 0 0 0 0 0 0 0 0 0 1 13150.8 13150.8 13150.8 13150.8
-1 -1 1 -1 -1 1 0 0 0 0 0 3.31239e-09 -0 0 0 -0 0 0 0 0 0 0 0 0 0 0 0 0 0 1 13150.8 13150.8 13150.8 13150.8
-1 -1 1 -1 -1 1 0 0 0 0 0 1.11261e-09 -0 0 0 -0 0 0 0 0 0 0 0 0 0 0 0 0 0 1 13150.8 13150.8 13150.8 13150.8
-1 -1 1 -1 -1 1 0 0 0 0 0 -1.07009e-09 -0 0 0 -0 0 0 0 0 0 0 0 0 0 0 0 0 0 1 13150.8 13150.8 13150.8 13150.8
-1 -1 1 -1 -1 1 0 0 0 0 0 -3.25602e-09 -0 0 0 -0 0 0 0 0 0 0 0 0 0 0 0 0 0 1 13150.8 13150.8 13150.8 13150.8
-1 -1 1 -1 -1 1 0 0 0 0 0 1.83749e-09 -0 0 0 -0 0 0 0 0 0 0 0 0 0 0 0 0 0 1 13150.8 13150.8 13150.8 13150.8
-1 -1 1 -1 -1 1 0 0 0 0 0 -3.68781e-10 -0 0 0 -0 0 0 0 0 0 0 0 0 0 0 0 0 0 1 13150.8 13150.8 13150.8 13150.8
-1 -1 1 -1 -1 1 0 0 0 0 0 -2.55209e-09 -0 0 0 -0 0 0 0 0 0 0 0 0 0 0 0 0 0 1 13150.8 13150.8 13150.8 13150.8
-1 -1 1 -1 -1 1 0 0 0 0 0 2.5523e-09 -0 0 0 -0 0 0 0 0 0 0 0 0 0 0 0 0 0 1 13150.8 13150.8 13150.8 13150.8
-1 -1 1 -1 -1 1 0 0 0 0 0 3.69769e-10 -0 0 0 -0 0 0 0 0 0 0 0 0 0 0 0 0 0 1 13150.8 13150.8 13150.8 13150.8
-1 -1 1 -1 -1 1 0 0 0 0 0 -1.81844e-09 -0 0 0 -0 0 0 0 0 0 0 0 0 0 0 0 0 0 1 13150.8 13150.8 13150.8 13150.8
-1 -1 1 -1 -1 1 0 0 0 0 0 3.2763e-09 -0 0 0 -0 0 0 0 0 0 0 0 0 0 0 0 0 0 1 13150.8 13150.8 13150.8 13150.8
-1 -1 1 -1 -1 1 0 0 0 0 0 1.08988e-09 -0 0 0 -0 0 0 0 0 0 0 0 0 0 0 0 0 0 1 13150.8 13150.8 13150.8 13150.8
-1 -1 1 -1 -1 1 0 0 0 0 0 -1.09887e-09 -0 0 0 -0 0 0 0 0 0 0 0 0 0 0 0 0 0 1 13150.8 13150.8 13150.8 13150.8
-1 -1 1 -1 -1 1 0 0 0 0 0 -3.29906e-09 -0 0 0 -0 0 0 0 0 0 0 0 0 0 0 0 0 0 1 13150.8 13150.8 13150.8 13150.8
-1 -1 1 -1 -1 1 0 0 0 0 0 1.79607e-09 -0 0 0 -0 0 0 0 0 0 0 0 0 0 0 0 0 0 1 13150.8 13150.8 13150.8 13150.8
-1 -1 1 -1 -1 1 0 0 0 0 0 -3.99183e-10 -0 0 0 -0 0 0 0 0 0 0 0 0 0 0 0 0 0 1 13150.8 13150.8 13150.8 13150.8
-1 -1 1 -1 -1 1 0 0 0 0 0 -2.57695e-09 -0 0 0 -0 0 0 0 0 0 0 0 0 0 0 0 0 0 1 13150.8 13150.8 13150.8 13150.8
-1 -1 1 -1 -1 1 0 0 0 0 0 2.51082e-09 -0 0 0 -0 0 0 0 0 0 0 0 0 0 0 0 0 0 1 13150.8 13150.8 13150.8 13150.8
-1 -1 1 -1 -1 1 0 0 0 0 0 3.22898e-10 -0 0 0 -0 0 0 0 0 0 0 0 0 0 0 0 0 0 1 13150.8 13150.8 13150.8 13150.8
-1 -1 1 -1 -1 1 0 0 0 0 0 -1.86464e-09 -0 0 0 -0 0 0 0 0 0 0 0 0 0 0 0 0 0 1 13150.8 13150.8 13150.8 13150.8
-1 -1 1 -1 -1 1 0 0 0 0 0 3.2558e-09 -0 0 0 -0 0 0 0 0 0 0 0 0 0 0 0 0 0 1 13150.8 13150.8 13150.8 13150.8
-1 -1 1 -1 -1 1 0 0 0 0 0 1.05904e-09 -0 0 0 -0 0 0 0 0 0 0 0 0 0 0 0 0 0 1 13150.8 13150.8 13150.8 13150.8
-1 -1 1 -1 -1 1 0 0 0 0 0 -1.13784e-09 -0 0 0 -0 0 0 0 0 0 0 0 0 0 0 0 0 0 1 13150.8 13150.8 13150.8 13150.8
-1 -1 1 -1 -1 1 0 0 0 0 0 -3.30791e-09 -0 0 0 -0 0 0 0 0 0 0 0 0 0 0 0 0 0 1 13150.8 13150.8 13150.8 13150.8
-1 -1 1 -1 -1 1 0 0 0 0 0 1.78425e-09 -0 0 0 -0 0 0 0 0 0 0 0 0 0 0 0 0 0 1 13150.8 13150.8 13150.8 13150.8
-1 -1 1 -1 -1 1 0 0 0 0 0 -4.03934e-10 -0 0 0 -0 0 0 0 0 0 0 0 0 0 0 0 0 0 1 13150.8 13150.8 13150.8 13150.8
-1 -1 1 -1 -1 1 0 0 0 0 0 -2.59373e-09 -0 0 0 -0 0 0 0 0 0 0 0 0 0 0 0 0 0 1 13150.8 13150.8 13150.8 13150.8
-1 -1 1 -1 -1 1 0 0 0 0 0 2.50612e-09 -0 0 0 -0 0 0 0 0 0 0 0 0 0 0 0 0 0 1 13150.8 13150.8 13150.8 13150.8
-1 -1 1 -1 -1 1 0 0 0 0 0 3.13997e-10 -0 0 0 -0 0 0 0 0 0 0 0 0 0 0 0 0 0 1 13150.8 13150.8 13150.8 13150.8
-1 -1 1 -1 -1 1 0 0 0 0 0 -1.87888e-09 -0 0 0 -0 0 0 0 0 0 0 0 0 0 0 0 0 0 1 13150.8 13150.8 13150.8 13150.8
-1 -1 1 -1 -1 1 0 0 0 0 0 3.21133e-09 -0 0 0 -0 0 0 0 0 0 0 0 0 0 0 0 0 0 1 13150.8 13150.8 13150.8 13150.8
-1 -1 1 -1 -1 1 0 0 0 0 0 1.02398e-09 -0 0 0 -0 0 0 0 0 0 0 0 0 0 0 0 0 0 1 13150.8 13150.8 13150.8 13150.8
-1 -1 1 -1 -1 1 0 0 0 0 0 -1.16342e-09 -0 0 0 -0 0 0 0 0 0 0 0 0 0 0 0 0 0 1 13150.8 13150.8 13150.8 13150.8
-1 -1 1 -1 -1 1 0 0 0 0 0 -3.35724e-09 -0 0 0 -0 0 0 0 0 0 0 0 0 0 0 0 0 0 1 13150.8 13150.8 13150.8 13150.8
-1 -1 1 -1 -1 1 0 0 0 0 0 1.77225e-09 -0 0 0 -0 0 0 0 0 0 0 0 0 0 0 0 0 0 1 13150.8 13150.8 13150.8 13150.8
-1 -1 1 -1 -1 1 0 0 0 0 0 -4.09492e-10 -0 0 0 -0 0 0 0 0 0 0 0 0 0 0 0 0 0 1 13150.8 13150.8 13150.8 13150.8
-1 -1 1 -1 -1 1 0 0 0 0 0 -2.59895e-09 -0 0 0 -0 0 0 0 0 0 0 0 0 0 0 0 0 0 1 13150.8 13150.8 13150.8 13150.8
-1 -1 1 -1 -1 1 0 0 0 0 0 2.47463e-09 -0 0 0 -0 0 0 0 0 0 0 0 0 0 0 0 0 0 1 13150.8 13150.8 13150.8 13150.8
-1 -1 1 -1 -1 1 0 0 0 0 0 2.81697e-10 -0 0 0 -0 0 0 0 0 0 0 0 0 0 0 0 0 0 1 13150.8 13150.8 13150.8 13150.8
-1 -1 1 -1 -1 1 0 0 0 0 0 -1.90443e-09 -0 0 0 -0 0 0 0 0 0 0 0 0 0 0 0 0 0 1 13150.8 13150.8 13150.8 13150.8
-1 -1 1 -1 -1 1 0 0 0 0 0 3.20519e-09 -0 0 0 -0 0 0 0 0 0 0 0 0 0 0 0 0 0 1 13150.8 13150.8 13150.8 13150.8
-1 -1 1 -1 -1 1 0 0 0 0 0 1.00798e-09 -0 0 0 -0 0 0 0 0 0 0 0 0 0 0 0 0 0 1 13150.8 13150.8 13150.8 13150.8
-1 -1 1 -1 -1 1 0 0 0 0 0 -1.16536e-09 -0 0 0 -0 0 0 0 0 0 0 0 0 0 0 0 0 0 1 13150.8 13150.8 13150.8 13150.8
-1 -1 1 -1 -1 1 0 0 0 0 0 -3.35693e-09 -0 0 0 -0 0 0 0 0 0 0 0 0 0 0 0 0 0 1 13150.8 13150.8 13150.8 13150.8
-1 -1 1 -1 -1 1 0 0 0 0 0 1.73355e-09 -0 0 0 -0 0 0 0 0 0 0 0 0 0 0 0 0 0 1 13150.8 13150.8 13150.8 13150.8
-1 -1 1 -1 -1 1 0 0 0 0 0 -4.56434e-10 -0 0 0 -0 0 0 0 0 0 0 0 0 0 0 0 0 0 1 13150.8 13150.8 13150.8 13150.8
-1 -1 1 -1 -1 1 0 0 0 0 0 -2.65357e-09 -0 0 0 -0 0 0 0 0 0 0 0 0 0 0 0 0 0 1 13150.8 13150.8 13150.8 13150.8
-1 -1 1 -1 -1 1 0 0 0 0 0 2.42149e-09 -0 0 0 -0 0 0 0 0 0 0 0 0 0 0 0 0 0 1 13150.8 13150.8 13150.8 13150.8
-1 -1 1 -1 -1 1 0 0 0 0 0 2.26388e-10 -0 0 0 -0 0 0 0 0 0 0 0 0 0 0 0 0 0 1 13150.8 13150.8 13150.8 13150.8
-1 -1 1 -1 -1 1 0 0 0 0 0 -1.96574e-09 -0 0 0 -0 0 0 0 0 0 0 0 0 0 0 0 0 0 1 13150.8 13150.8 13150.8 13150.8
-1 -1 1 -1 -1 1 0 0 0 0 0 3.12547e-09 -0 0 0 -0 0 0 0 0 0 0 0 0 0 0 0 0 0 1 13150.8 13150.8 13150.8 13150.8
-1 -1 1 -1 -1 1 0 0 0 0 0 9.25245e-10 -0 0 0 -0 0 0 0 0 0 0 0 0 0 0 0 0 0 1 13150.8 13150.8 13150.8 13150.8
-1 -1 1 -1 -1 1 0 0 0 0 0 -1.25108e-09 -0 0 0 -0 0 0 0 0 0 0 0 0 0 0 0 0 0 1 13150.8 13150.8 13150.8 13150.8
-1 -1 1 -1 -1 1 0 0 0 0 0 -3.44296e-09 -0 0 0 -0 0 0 0 0 0 0 0 0 0 0 0 0 0 1 13150.8 13150.8 13150.8 13150.8
-1 -1 1 -1 -1 1 0 0 0 0 0 1.65319e-09 -0 0 0 -0 0 0 0 0 0 0 0 0 0 0 0 0 0 1 13150.8 13150.8 13150.8 13150.8
-1 -1 1 -1 -1 1 0 0 0 0 0 -5.29153e-10 -0 0 0 -0 0 0 0 0 0 0 0 0 0 0 0 0 0 1 13150.8 13150.8 13150.8 13150.8
-1 -1 1 -1 -1 1 0 0 0 0 0 -2.73287e-09 -0 0 0 -0 0 0 0 0 0 0 0 0 0 0 0 0 0 1 13150.8 13150.8 13150.8 13150.8
-1 -1 1 -1 -1 1 0 0 0 0 0 2.337e-09 -0 0 0 -0 0 0 0 0 0 0 0 0 0 0 0 0 0 1 13150.8 13150.8 13150.8 13150.8
-1 -1 1 -1 -1 1 0 0 0 0 0 1.43194e-10 -0 0 0 -0 0 0 0 0 0 0 0 0 0 0 0 0 0 1 13150.8 13150.8 13150.8 13150.8
-1 -1 1 -1 -1 1 0 0 0 0 0 -2.04457e-09 -0 0 0 -0 0 0 0 0 0 0 0 0 0 0 0 0 0 1 13150.8 13150.8 13150.8 13150.8
-1 -1 1 -1 -1 1 0 0 0 0 0 3.04675e-09 -0 0 0 -0 0 0 0 0 0 0 0 0 0 0 0 0 0 1 13150.8 13150.8 13150.8 13150.8
-1 -1 1 -1 -1 1 0 0 0 0 0 8.54249e-10 -0 0 0 -0 0 0 0 0 0 0 0 0 0 0 0 0 0 1 13150.8 13150.8 13150.8 13150.8
-1 -1 1 -1 -1 1 0 0 0 0 0 -1.34222e-09 -0 0 0 -0 0 0 0 0 0 0 0 0 0 0 0 0 0 1 13150.8 13150.8 13150.8 13150.8
-1 -1 1 -1 -1 1 0 0 0 0 0 -3.52704e-09 -0 0 0 -0 0 0 0 0 0 0 0 0 0 0 0 0 0 1 13150.8 13150.8 13150.8 13150.8
-1 -1 1 -1 -1 1 0 0 0 0 0 1.57078e-09 -0 0 0 -0 0 0 0 0 0 0 0 0 0 0 0 0 0 1 13150.8 13150.8 13150.8 13150.8
-1 -1 1 -1 -1 1 0 0 0 0 0 -6.09687e-10 -0 0 0 -0 0 0 0 0 0 0 0 0 0 0 0 0 0 1 13150.8 13150.8 13150.8 13150.8
-1 -1 1 -1 -1 1 0 0 0 0 0 -2.80015e-09 -0 0 0 -0 0 0 0 0 0 0 0 0 0 0 0 0 0 1 13150.8 13150.8 13150.8 13150.8
-1 -1 1 -1 -1 1 0 0 0 0 0 2.29602e-09 -0 0 0 -0 0 0 0 0 0 0 0 0 0 0 0 0 0 1 13150.8 13150.8 13150.8 13150.8
-1 -1 1 -1 -1 1 0 0 0 0 0 9.61023e-11 -0 0 0 -0 0 0 0 0 0 0 0 0 0 0 0 0 0 1 13150.8 13150.8 13150.8 13150.8
-1 -1 1 -1 -1 1 0 0 0 0 0 -2.09755e-09 -0 0 0 -0 0 0 0 0 0 0 0 0 0 0 0 0 0 1 13150.8 13150.8 13150.8 13150.8
-1 -1 1 -1 -1 1 0 0 0 0 0 2.98361e-09 -0 0 0 -0 0 0 0 0 0 0 0 0 0 0 0 0 0 1 13150.8 13150.8 13150.8 13150.8
-1 -1 1 -1 -1 1 0 0 0 0 0 7.95183e-10 -0 0 0 -0 0 0 0 0 0 0 0 0 0 0 0 0 0 1 13150.8 13150.8 13150.8 13150.8
-1 -1 1 -1 -1 1 0 0 0 0 0 -1.39897e-09 -0 0 0 -0 0 0 0 0 0 0 0 0 0 0 0 0 0 1 13150.8 13150.8 13150.8 13150.8
-1 -1 1 -1 -1 1 0 0 0 0 0 -3.58096e-09 -0 0 0 -0 0 0 0 0 0 0 0 0 0 0 0 0 0 1 13150.8 13150.8 13150.8 13150.8
-1 -1 1 -1 -1 1 0 0 0 0 0 1.51357e-09 -0 0 0 -0 0 0 0 0 0 0 0 0 0 0 0 0 0 1 13150.8 13150.8 13150.8 13150.8
-1 -1 1 -1 -1 1 0 0 0 0 0 -6.88001e-10 -0 0 0 -0 0 0 0 0 0 0 0 0 0 0 0 0 0 1 13150.8 13150.8 13150.8 13150.8
-1 -1 1 -1 -1 1 0 0 0 0 0 -2.86759e-09 -0 0 0 -0 0 0 0 0 0 0 0 0 0 0 0 0 0 1 13150.8 13150.8 13150.8 13150.8
-1 -1 1 -1 -1 1 0 0 0 0 0 2.22054e-09 -0 0 0 -0 0 0 0 0 0 0 0 0 0 0 0 0 0 1 13150.8 13150.8 13150.8 13150.8
-1 -1 1 -1 -1 1 0 0 0 0 0 3.21217e-11 -0 0 0 -0 0 0 0 0 0 0 0 0 0 0 0 0 0 1 13150.8 13150.8 13150.8 13150.8
-1 -1 1 -1 -1 1 0 0 0 0 0 -2.16058e-09 -0 0 0 -0 0 0 0 0 0 0 0 0 0 0 0 0 0 1 13150.8 13150.8 13150.8 13150.8
-1 -1 1 -1 -1 1 0 0 0 0 0 2.9459e-09 -0 0 0 -0 0 0 0 0 0 0 0 0 0 0 0 0 0 1 13150.8 13150.8 13150.8 13150.8
-1 -1 1 -1 -1 1 0 0 0 0 0 7.6199e-10 -0 0 0 -0 0 0 0 0 0 0 0 0 0 0 0 0 0 1 13150.8 13150.8 13150.8 13150.8
-1 -1 1 -1 -1 1 0 0 0 0 0 -1.4273e-09 -0 0 0 -0 0 0 0 0 0 0 0 0 0 0 0 0 0 1 13150.8 13150.8 13150.8 13150.8
-1 -1 1 -1 -1 1 0 0 0 0 0 3.67469e-09 -0 0 0 -0 0 0 0 0 0 0 0 0 0 0 0 0 0 1 13150.8 13150.8 13150.8 13150.8
-1 -1 1 -1 -1 1 0 0 0 0 0 1.48191e-09 -0 0 0 -0 0 0 0 0 0 0 0 0 0 0 0 0 0 1 13150.8 13150.8 13150.8 13150.8
-1 -1 1 -1 -1 1 0 0 0 0 0 -6.98937e-10 -0 0 0 -0 0 0 0 0 0 0 0 0 0 0 0 0 0 1 13150.8 13150.8 13150.8 13150.8
-1 -1 1 -1 -1 1 0 0 0 0 0 -2.88995e-09 -0 0 0 -0 0 0 0 0 0 0 0 0 0 0 0 0 0 1 13150.8 13150.8 13150.8 13150.8
-1 -1 1 -1 -1 1 0 0 0 0 0 2.19986e-09 -0 0 0 -0 0 0 0 0 0 0 0 0 0 0 0 0 0 1 13150.8 13150.8 13150.8 13150.8
-1 -1 1 -1 -1 1 0 0 0 0 0 2.4179e-12 -0 0 0 -0 0 0 0 0 0 0 0 0 0 0 0 0 0 1 13150.8 13150.8 13150.8 13150.8
-1 -1 1 -1 -1 1 0 0 0 0 0 -2.19309e-09 -0 0 0 -0 0 0 0 0 0 0 0 0 0 0 0 0 0 1 13150.8 13150.8 13150.8 13150.8
-1 -1 1 -1 -1 1 0 0 0 0 0 2.90876e-09 -0 0 0 -0 0 0 0 0 0 0 0 0 0 0 0 0 0 1 13150.8 13150.8 13150.8 13150.8
-1 -1 1 -1 -1 1 0 0 0 0 0 7.22643e-10 -0 0 0 -0 0 0 0 0 0 0 0 0 0 0 0 0 0 1 13150.8 13150.8 13150.8 13150.8
-1 -1 1 -1 -1 1 0 0 0 0 0 -1.45727e-09 -0 0 0 -0 0 0 0 0 0 0 0 0 0 0 0 0 0 1 13150.8 13150.8 13150.8 13150.8
-1 -1 1 -1 -1 1 0 0 0 0 0 3.64146e-09 -0 0 0 -0 0 0 0 0 0 0 0 0 0 0 0 0 0 1 13150.8 13150.8 13150.8 13150.8
-1 -1 1 -1 -1 1 0 0 0 0 0 1.44538e-09 -0 0 0 -0 0 0 0 0 0 0 0 0 0 0 0 0 0 1 13150.8 13150.8 13150.8 13150.8
-1 -1 1 -1 -1 1 0 0 0 0 0 -7.39712e-10 -0 0 0 -0 0 0 0 0 0 0 0 0 0 0 0 0 0 1 13150.8 13150.8 13150.8 13150.8
-1 -1 1 -1 -1 1 0 0 0 0 0 -2.92986e-09 -0 0 0 -0 0 0 0 0 0 0 0 0 0 0 0 0 0 1 13150.8 13150.8 13150.8 13150.8
-1 -1 1 -1 -1 1 0 0 0 0 0 2.15527e-09 -0 0 0 -0 0 0 0 0 0 0 0 0 0 0 0 0 0 1 13150.8 13150.8 13150.8 13150.8
-1 -1 1 -1 -1 1 0 0 0 0 0 -3.35715e-11 -0 0 0 -0 0 0 0 0 0 0 0 0 0 0 0 0 0 1 13150.8 13150.8 13150.8 13150.8
-1 -1 1 -1 -1 1 0 0 0 0 0 -2.2217e-09 -0 0 0 -0 0 0 0 0 0 0 0 0 0 0 0 0 0 1 13150.8 13150.8 13150.8 13150.8
-1 -1 1 -1 -1 1 0 0 0 0 0 2.89363e-09 -0 0 0 -0 0 0 0 0 0 0 0 0 0 0 0 0 0 1 13150.8 13150.8 13150.8 13150.8
-1 -1 1 -1 -1 1 0 0 0 0 0 7.07142e-10 -0 0 0 -0 0 0 0 0 0 0 0 0 0 0 0 0 0 1 13150.8 13150.8 13150.8 13150.8
-1 -1 1 -1 -1 1 0 0 0 0 0 -1.47815e-09 -0 0 0 -0 0 0 0 0 0 0 0 0 0 0 0 0 0 1 13150.8 13150.8 13150.8 13150.8
-1 -1 1 -1 -1 1 0 0 0 0 0 3.62326e-09 -0 0 0 -0 0 0 0 0 0 0 0 0 0 0 0 0 0 1 13150.8 13150.8 13150.8 13150.8
-1 -1 1 -1 -1 1 0 0 0 0 0 1.43078e-09 -0 0 0 -0 0 0 0 0 0 0 0 0 0 0 0 0 0 1 13150.8 13150.8 13150.8 13150.8
-1 -1 1 -1 -1 1 0 0 0 0 0 -7.52986e-10 -0 0 0 -0 0 0 0 0 0 0 0 0 0 0 0 0 0 1 13150.8 13150.8 13150.8 13150.8
-1 -1 1 -1 -1 1 0 0 0 0 0 -2.94227e-09 -0 0 0 -0 0 0 0 0 0 0 0 0 0 0 0 0 0 1 13150.8 13150.8 13150.8 13150.8
-1 -1 1 -1 -1 1 0 0 0 0 0 2.15539e-09 -0 0 0 -0 0 0 0 0 0 0 0 0 0 0 0 0 0 1 13150.8 13150.8 13150.8 13150.8
-1 -1 1 -1 -1 1 0 0 0 0 0 -3.4347e-11 -0 0 0 -0 0 0 0 0 0 0 0 0 0 0 0 0 0 1 13150.8 13150.8 13150.8 13150.8
-1 -1 1 -1 -1 1 0 0 0 0 0 -2.23187e-09 -0 0 0 -0 0 0 0 0 0 0 0 0 0 0 0 0 0 1 13150.8 13150.8 13150.8 13150.8
-1 -1 1 -1 -1 1 0 0 0 0 0 2.8564e-09 -0 0 0 -0 0 0 0 0 0 0 0 0 0 0 0 0 0 1 13150.8 13150.8 13150.8 13150.8
-1 -1 1 -1 -1 1 0 0 0 0 0 6.68858e-10 -0 0 0 -0 0 0 0 0 0 0 0 0 0 0 0 0 0 1 13150.8 13150.8 13150.8 13150.8
-1 -1 1 -1 -1 1 0 0 0 0 0 -1.52954e-09 -0 0 0 -0 0 0 0 0 0 0 0 0 0 0 0 0 0 1 13150.8 13150.8 13150.8 13150.8
-1 -1 1 -1 -1 1 0 0 0 0 0 3.56195e-09 -0 0 0 -0 0 0 0 0 0 0 0 0 0 0 0 0 0 1 13150.8 13150.8 13150.8 13150.8
-1 -1 1 -1 -1 1 0 0 0 0 0 1.36247e-09 -0 0 0 -0 0 0 0 0 0 0 0 0 0 0 0 0 0 1 13150.8 13150.8 13150.8 13150.8
-1 -1 1 -1 -1 1 0 0 0 0 0 -8.13666e-10 -0 0 0 -0 0 0 0 0 0 0 0 0 0 0 0 0 0 1 13150.8 13150.8 13150.8 13150.8
-1 -1 1 -1 -1 1 0 0 0 0 0 -2.99918e-09 -0 0 0 -0 0 0 0 0 0 0 0 0 0 0 0 0 0 1 13150.8 13150.8 13150.8 13150.8
-1 -1 1 -1 -1 1 0 0 0 0 0 2.09364e-09 -0 0 0 -0 0 0 0 0 0 0 0 0 0 0 0 0 0 1 13150.8 13150.8 13150.8 13150.8
-1 -1 1 -1 -1 1 0 0 0 0 0 -1.02813e-10 -0 0 0 -0 0 0 0 0 0 0 0 0 0 0 0 0 0 1 13150.8 13150.8 13150.8 13150.8
-1 -1 1 -1 -1 1 0 0 0 0 0 -2.28892e-09 -0 0 0 -0 0 0 0 0 0 0 0 0 0 0 0 0 0 1 13150.8 13150.8 13150.8 13150.8
-1 -1 1 -1 -1 1 0 0 0 0 0 2.81643e-09 -0 0 0 -0 0 0 0 0 0 0 0 0 0 0 0 0 0 1 13150.8 13150.8 13150.8 13150.8
-1 -1 1 -1 -1 1 0 0 0 0 0 6.21289e-10 -0 0 0 -0 0 0 0 0 0 0 0 0 0 0 0 0 0 1 13150.8 13150.8 13150.8 13150.8
-1 -1 1 -1 -1 1 0 0 0 0 0 -1.55416e-09 -0 0 0 -0 0 0 0 0 0 0 0 0 0 0 0 0 0 1 13150.8 13150.8 13150.8 13150.8
-1 -1 1 -1 -1 1 0 0 0 0 0 3.5446e-09 -0 0 0 -0 0 0 0 0 0 0 0 0 0 0 0 0 0 1 13150.8 13150.8 13150.8 13150.8
-1 -1 1 -1 -1 1 0 0 0 0 0 1.35569e-09 -0 0 0 -0 0 0 0 0 0 0 0 0 0 0 0 0 0 1 13150.8 13150.8 13150.8 13150.8
-1 -1 1 -1 -1 1 0 0 0 0 0 -8.32302e-10 -0 0 0 -0 0 0 0 0 0 0 0 0 0 0 0 0 0 1 13150.8 13150.8 13150.8 13150.8
-1 -1 1 -1 -1 1 0 0 0 0 0 -3.0251e-09 -0 0 0 -0 0 0 0 0 0 0 0 0 0 0 0 0 0 1 13150.8 13150.8 13150.8 13150.8
-1 -1 1 -1 -1 1 0 0 0 0 0 2.06377e-09 -0 0 0 -0 0 0 0 0 0 0 0 0 0 0 0 0 0 1 13150.8 13150.8 13150.8 13150.8
-1 -1 1 -1 -1 1 0 0 0 0 0 -1.28266e-10 -0 0 0 -0 0 0 0 0 0 0 0 0 0 0 0 0 0 1 13150.8 13150.8 13150.8 13150.8
-1 -1 1 -1 -1 1 0 0 0 0 0 -2.36883e-09 -0 0 0 -0 0 0 0 0 0 0 0 0 0 0 0 0 0 1 13150.8 13150.8 13150.8 13150.8
-1 -1 1 -1 -1 1 0 0 0 0 0 2.62705e-09 -0 0 0 -0 0 0 0 0 0 0 0 0 0 0 0 0 0 1 13150.8 13150.8 13150.8 13150.8
-1 -1 1 -1 -1 1 0 0 0 0 0 4.47051e-10 -0 0 0 -0 0 0 0 0 0 0 0 0 0 0 0 0 0 1 13150.8 13150.8 13150.8 13150.8
-1 -1 1 -1 -1 1 0 0 0 0 0 -1.74873e-09 -0 0 0 -0 0 0 0 0 0 0 0 0 0 0 0 0 0 1 13150.8 13150.8 13150.8 13150.8
-1 -1 1 -1 -1 1 0 0 0 0 0 3.33896e-09 -0 0 0 -0 0 0 0 0 0 0 0 0 0 0 0 0 0 1 13150.8 13150.8 13150.8 13150.8
-1 -1 1 -1 -1 1 0 0 0 0 0 1.14878e-09 -0 0 0 -0 0 0 0 0 0 0 0 0 0 0 0 0 0 1 13150.8 13150.8 13150.8 13150.8
-1 -1 1 -1 -1 1 0 0 0 0 0 -1.04287e-09 -0 0 0 -0 0 0 0 0 0 0 0 0 0 0 0 0 0 1 13150.8 13150.8 13150.8 13150.8
-1 -1 1 -1 -1 1 0 0 0 0 0 -3.22855e-09 -0 0 0 -0 0 0 0 0 0 0 0 0 0 0 0 0 0 1 13150.8 13150.8 13150.8 13150.8
-1 -1 1 -1 -1 1 0 0 0 0 0 1.86116e-09 -0 0 0 -0 0 0 0 0 0 0 0 0 0 0 0 0 0 1 13150.8 13150.8 13150.8 13150.8
-1 -1 1 -1 -1 1 0 0 0 0 0 -3.28131e-10 -0 0 0 -0 0 0 0 0 0 0 0 0 0 0 0 0 0 1 13150.8 13150.8 13150.8 13150.8
-1 -1 1 -1 -1 1 0 0 0 0 0 -2.51728e-09 -0 0 0 -0 0 0 0 0 0 0 0 0 0 0 0 0 0 1 13150.8 13150.8 13150.8 13150.8
-1 -1 1 -1 -1 1 0 0 0 0 0 2.58437e-09 -0 0 0 -0 0 0 0 0 0 0 0 0 0 0 0 0 0 1 13150.8 13150.8 13150.8 13150.8
-1 -1 1 -1 -1 1 0 0 0 0 0 3.86048e-10 -0 0 0 -0 0 0 0 0 0 0 0 0 0 0 0 0 0 1 13150.8 13150.8 13150.8 13150.8
-1 -1 1 -1 -1 1 0 0 0 0 0 -1.79356e-09 -0 0 0 -0 0 0 0 0 0 0 0 0 0 0 0 0 0 1 13150.8 13150.8 13150.8 13150.8
-1 -1 1 -1 -1 1 0 0 0 0 0 3.30188e-09 -0 0 0 -0 0 0 0 0 0 0 0 0 0 0 0 0 0 1 13150.8 13150.8 13150.8 13150.8
-1 -1 1 -1 -1 1 0 0 0 0 0 1.11212e-09 -0 0 0 -0 0 0 0 0 0 0 0 0 0 0 0 0 0 1 13150.8 13150.8 13150.8 13150.8
-1 -1 1 -1 -1 1 0 0 0 0 0 -1.08093e-09 -0 0 0 -0 0 0 0 0 0 0 0 0 0 0 0 0 0 1 13150.8 13150.8 13150.8 13150.8
-1 -1 1 -1 -1 1 0 0 0 0 0 -3.267e-09 -0 0 0 -0 0 0 0 0 0 0 0 0 0 0 0 0 0 1 13150.8 13150.8 13150.8 13150.8
-1 -1 1 -1 -1 1 0 0 0 0 0 1.8257e-09 -0 0 0 -0 0 0 0 0 0 0 0 0 0 0 0 0 0 1 13150.8 13150.8 13150.8 13150.8
-1 -1 1 -1 -1 1 0 0 0 0 0 -3.74663e-10 -0 0 0 -0 0 0 0 0 0 0 0 0 0 0 0 0 0 1 13150.8 13150.8 13150.8 13150.8
-1 -1 1 -1 -1 1 0 0 0 0 0 -2.54613e-09 -0 0 0 -0 0 0 0 0 0 0 0 0 0 0 0 0 0 1 13150.8 13150.8 13150.8 13150.8
-1 -1 1 -1 -1 1 0 0 0 0 0 2.58132e-09 -0 0 0 -0 0 0 0 0 0 0 0 0 0 0 0 0 0 1 13150.8 13150.8 13150.8 13150.8
-1 -1 1 -1 -1 1 0 0 0 0 0 3.92506e-10 -0 0 0 -0 0 0 0 0 0 0 0 0 0 0 0 0 0 1 13150.8 13150.8 13150.8 13150.8
-1 -1 1 -1 -1 1 0 0 0 0 0 -1.80692e-09 -0 0 0 -0 0 0 0 0 0 0 0 0 0 0 0 0 0 1 13150.8 13150.8 13150.8 13150.8
-1 -1 1 -1 -1 1 0 0 0 0 0 3.27054e-09 -0 0 0 -0 0 0 0 0 0 0 0 0 0 0 0 0 0 1 13150.8 13150.8 13150.8 13150.8
-1 -1 1 -1 -1 1 0 0 0 0 0 1.07438e-09 -0 0 0 -0 0 0 0 0 0 0 0 0 0 0 0 0 0 1 13150.8 13150.8 13150.8 13150.8
-1 -1 1 -1 -1 1 0 0 0 0 0 -1.112e-09 -0 0 0 -0 0 0 0 0 0 0 0 0 0 0 0 0 0 1 13150.8 13150.8 13150.8 13150.8
-1 -1 1 -1 -1 1 0 0 0 0 0 -3.30523e-09 -0 0 0 -0 0 0 0 0 0 0 0 0 0 0 0 0 0 1 13150.8 13150.8 13150.8 13150.8
-1 -1 1 -1 -1 1 0 0 0 0 0 1.75979e-09 -0 0 0 -0 0 0 0 0 0 0 0 0 0 0 0 0 0 1 13150.8 13150.8 13150.8 13150.8
-1 -1 1 -1 -1 1 0 0 0 0 0 -4.2838e-10 -0 0 0 -0 0 0 0 0 0 0 0 0 0 0 0 0 0 1 13150.8 13150.8 13150.8 13150.8
-1 -1 1 -1 -1 1 0 0 0 0 0 -2.62429e-09 -0 0 0 -0 0 0 0 0 0 0 0 0 0 0 0 0 0 1 13150.8 13150.8 13150.8 13150.8
-1 -1 1 -1 -1 1 0 0 0 0 0 2.47627e-09 -0 0 0 -0 0 0 0 0 0 0 0 0 0 0 0 0 0 1 13150.8 13150.8 13150.8 13150.8
-1 -1 1 -1 -1 1 0 0 0 0 0 2.7924e-10 -0 0 0 -0 0 0 0 0 0 0 0 0 0 0 0 0 0 1 13150.8 13150.8 13150.8 13150.8
-1 -1 1 -1 -1 1 0 0 0 0 0 -1.90253e-09 -0 0 0 -0 0 0 0 0 0 0 0 0 0 0 0 0 0 1 13150.8 13150.8 13150.8 13150.8
-1 -1 1 -1 -1 1 0 0 0 0 0 3.18465e-09 -0 0 0 -0 0 0 0 0 0 0 0 0 0 0 0 0 0 1 13150.8 13150.8 13150.8 13150.8
-1 -1 1 -1 -1 1 0 0 0 0 0 1.00004e-09 -0 0 0 -0 0 0 0 0 0 0 0 0 0 0 0 0 0 1 13150.8 13150.8 13150.8 13150.8
-1 -1 1 -1 -1 1 0 0 0 0 0 -1.1914e-09 -0 0 0 -0 0 0 0 0 0 0 0 0 0 0 0 0 0 1 13150.8 13150.8 13150.8 13150.8
-1 -1 1 -1 -1 1 0 0 0 0 0 -3.38695e-09 -0 0 0 -0 0 0 0 0 0 0 0 0 0 0 0 0 0 1 13150.8 13150.8 13150.8 13150.8
-1 -1 1 -1 -1 1 0 0 0 0 0 1.69134e-09 -0 0 0 -0 0 0 0 0 0 0 0 0 0 0 0 0 0 1 13150.8 13150.8 13150.8 13150.8
-1 -1 1 -1 -1 1 0 0 0 0 0 -5.12722e-10 -0 0 0 -0 0 0 0 0 0 0 0 0 0 0 0 0 0 1 13150.8 13150.8 13150.8 13150.8
-1 -1 1 -1 -1 1 0 0 0 0 0 -2.69789e-09 -0 0 0 -0 0 0 0 0 0 0 0 0 0 0 0 0 0 1 13150.8 13150.8 13150.8 13150.8
-1 -1 1 -1 -1 1 0 0 0 0 0 2.39561e-09 -0 0 0 -0 0 0 0 0 0 0 0 0 0 0 0 0 0 1 13150.8 13150.8 13150.8 13150.8
-1 -1 1 -1 -1 1 0 0 0 0 0 2.067e-10 -0 0 0 -0 0 0 0 0 0 0 0 0 0 0 0 0 0 1 13150.8 13150.8 13150.8 13150.8
-1 -1 1 -1 -1 1 0 0 0 0 0 -1.98666e-09 -0 0 0 -0 0 0 0 0 0 0 0 0 0 0 0 0 0 1 13150.8 13150.8 13150.8 13150.8
-1 -1 1 -1 -1 1 0 0 0 0 0 3.10822e-09 -0 0 0 -0 0 0 0 0 0 0 0 0 0 0 0 0 0 1 13150.8 13150.8 13150.8 13150.8
-1 -1 1 -1 -1 1 0 0 0 0 0 9.25511e-10 -0 0 0 -0 0 0 0 0 0 0 0 0 0 0 0 0 0 1 13150.8 13150.8 13150.8 13150.8
-1 -1 1 -1 -1 1 0 0 0 0 0 -1.26839e-09 -0 0 0 -0 0 0 0 0 0 0 0 0 0 0 0 0 0 1 13150.8 13150.8 13150.8 13150.8
-1 -1 1 -1 -1 1 0 0 0 0 0 -3.45396e-09 -0 0 0 -0 0 0 0 0 0 0 0 0 0 0 0 0 0 1 13150.8 13150.8 13150.8 13150.8
-1 -1 1 -1 -1 1 0 0 0 0 0 1.63273e-09 -0 0 0 -0 0 0 0 0 0 0 0 0 0 0 0 0 0 1 13150.8 13150.8 13150.8 13150.8
-1 -1 1 -1 -1 1 0 0 0 0 0 -5.56632e-10 -0 0 0 -0 0 0 0 0 0 0 0 0 0 0 0 0 0 1 13150.8 13150.8 13150.8 13150.8
-1 -1 1 -1 -1 1 0 0 0 0 0 -2.74866e-09 -0 0 0 -0 0 0 0 0 0 0 0 0 0 0 0 0 0 1 13150.8 13150.8 13150.8 13150.8
-1 -1 1 -1 -1 1 0 0 0 0 0 2.36176e-09 -0 0 0 -0 0 0 0 0 0 0 0 0 0 0 0 0 0 1 13150.8 13150.8 13150.8 13150.8
-1 -1 1 -1 -1 1 0 0 0 0 0 1.81704e-10 -0 0 0 -0 0 0 0 0 0 0 0 0 0 0 0 0 0 1 13150.8 13150.8 13150.8 13150.8
-1 -1 1 -1 -1 1 0 0 0 0 0 -2.01284e-09 -0 0 0 -0 0 0 0 0 0 0 0 0 0 0 0 0 0 1 13150.8 13150.8 13150.8 13150.8
-1 -1 1 -1 -1 1 0 0 0 0 0 3.09434e-09 -0 0 0 -0 0 0 0 0 0 0 0 0 0 0 0 0 0 1 13150.8 13150.8 13150.8 13150.8
-1 -1 1 -1 -1 1 0 0 0 0 0 9.03466e-10 -0 0 0 -0 0 0 0 0 0 0 0 0 0 0 0 0 0 1 13150.8 13150.8 13150.8 13150.8
-1 -1 1 -1 -1 1 0 0 0 0 0 -1.27455e-09 -0 0 0 -0 0 0 0 0 0 0 0 0 0 0 0 0 0 1 13150.8 13150.8 13150.8 13150.8
-1 -1 1 -1 -1 1 0 0 0 0 0 -3.46589e-09 -0 0 0 -0 0 0 0 0 0 0 0 0 0 0 0 0 0 1 13150.8 13150.8 13150.8 13150.8
-1 -1 1 -1 -1 1 0 0 0 0 0 1.62514e-09 -0 0 0 -0 0 0 0 0 0 0 0 0 0 0 0 0 0 1 13150.8 13150.8 13150.8 13150.8
-1 -1 1 -1 -1 1 0 0 0 0 0 -5.6971e-10 -0 0 0 -0 0 0 0 0 0 0 0 0 0 0 0 0 0 1 13150.8 13150.8 13150.8 13150.8
-1 -1 1 -1 -1 1 0 0 0 0 0 -2.75783e-09 -0 0 0 -0 0 0 0 0 0 0 0 0 0 0 0 0 0 1 13150.8 13150.8 13150.8 13150.8
-1 -1 1 -1 -1 1 0 0 0 0 0 2.34701e-09 -0 0 0 -0 0 0 0 0 0 0 0 0 0 0 0 0 0 1 13150.8 13150.8 13150.8 13150.8
-1 -1 1 -1 -1 1 0 0 0 0 0 1.61887e-10 -0 0 0 -0 0 0 0 0 0 0 0 0 0 0 0 0 0 1 13150.8 13150.8 13150.8 13150.8
-1 -1 1 -1 -1 1 0 0 0 0 0 -2.02722e-09 -0 0 0 -0 0 0 0 0 0 0 0 0 0 0 0 0 0 1 13150.8 13150.8 13150.8 13150.8
-1 -1 1 -1 -1 1 0 0 0 0 0 3.07649e-09 -0 0 0 -0 0 0 0 0 0 0 0 0 0 0 0 0 0 1 13150.8 13150.8 13150.8 13150.8
-1 -1 1 -1 -1 1 0 0 0 0 0 8.88366e-10 -0 0 0 -0 0 0 0 0 0 0 0 0 0 0 0 0 0 1 13150.8 13150.8 13150.8 13150.8
-1 -1 1 -1 -1 1 0 0 0 0 0 -1.31046e-09 -0 0 0 -0 0 0 0 0 0 0 0 0 0 0 0 0 0 1 13150.8 13150.8 13150.8 13150.8
-1 -1 1 -1 -1 1 0 0 0 0 0 -3.49353e-09 -0 0 0 -0 0 0 0 0 0 0 0 0 0 0 0 0 0 1 13150.8 13150.8 13150.8 13150.8
-1 -1 1 -1 -1 1 0 0 0 0 0 1.60514e-09 -0 0 0 -0 0 0 0 0 0 0 0 0 0 0 0 0 0 1 13150.8 13150.8 13150.8 13150.8
-1 -1 1 -1 -1 1 0 0 0 0 0 -5.84895e-10 -0 0 0 -0 0 0 0 0 0 0 0 0 0 0 0 0 0 1 13150.8 13150.8 13150.8 13150.8
-1 -1 1 -1 -1 1 0 0 0 0 0 -2.76477e-09 -0 0 0 -0 0 0 0 0 0 0 0 0 0 0 0 0 0 1 13150.8 13150.8 13150.8 13150.8
-1 -1 1 -1 -1 1 0 0 0 0 0 2.33662e-09 -0 0 0 -0 0 0 0 0 0 0 0 0 0 0 0 0 0 1 13150.8 13150.8 13150.8 13150.8
-1 -1 1 -1 -1 1 0 0 0 0 0 1.49493e-10 -0 0 0 -0 0 0 0 0 0 0 0 0 0 0 0 0 0 1 13150.8 13150.8 13150.8 13150.8
-1 -1 1 -1 -1 1 0 0 0 0 0 -2.04073e-09 -0 0 0 -0 0 0 0 0 0 0 0 0 0 0 0 0 0 1 13150.8 13150.8 13150.8 13150.8
-1 -1 1 -1 -1 1 0 0 0 0 0 3.05945e-09 -0 0 0 -0 0 0 0 0 0 0 0 0 0 0 0 0 0 1 13150.8 13150.8 13150.8 13150.8
-1 -1 1 -1 -1 1 0 0 0 0 0 8.71087e-10 -0 0 0 -0 0 0 0 0 0 0 0 0 0 0 0 0 0 1 13150.8 13150.8 13150.8 13150.8
-1 -1 1 -1 -1 1 0 0 0 0 0 -1.31785e-09 -0 0 0 -0 0 0 0 0 0 0 0 0 0 0 0 0 0 1 13150.8 13150.8 13150.8 13150.8
-1 -1 1 -1 -1 1 0 0 0 0 0 -3.51455e-09 -0 0 0 -0 0 0 0 0 0 0 0 0 0 0 0 0 0 1 13150.8 13150.8 13150.8 13150.8
-1 -1 1 -1 -1 1 0 0 0 0 0 1.5641e-09 -0 0 0 -0 0 0 0 0 0 0 0 0 0 0 0 0 0 1 13150.8 13150.8 13150.8 13150.8
-1 -1 1 -1 -1 1 0 0 0 0 0 -6.27722e-10 -0 0 0 -0 0 0 0 0 0 0 0 0 0 0 0 0 0 1 13150.8 13150.8 13150.8 13150.8
-1 -1 1 -1 -1 1 0 0 0 0 0 -2.83693e-09 -0 0 0 -0 0 0 0 0 0 0 0 0 0 0 0 0 0 1 13150.8 13150.8 13150.8 13150.8
-1 -1 1 -1 -1 1 0 0 0 0 0 2.24213e-09 -0 0 0 -0 0 0 0 0 0 0 0 0 0 0 0 0 0 1 13150.8 13150.8 13150.8 13150.8
-1 -1 1 -1 -1 1 0 0 0 0 0 4.79985e-11 -0 0 0 -0 0 0 0 0 0 0 0 0 0 0 0 0 0 1 13150.8 13150.8 13150.8 13150.8
-1 -1 1 -1 -1 1 0 0 0 0 0 -2.12708e-09 -0 0 0 -0 0 0 0 0 0 0 0 0 0 0 0 0 0 1 13150.8 13150.8 13150.8 13150.8
-1 -1 1 -1 -1 1 0 0 0 0 0 2.97187e-09 -0 0 0 -0 0 0 0 0 0 0 0 0 0 0 0 0 0 1 13150.8 13150.8 13150.8 13150.8
-1 -1 1 -1 -1 1 0 0 0 0 0 7.83992e-10 -0 0 0 -0 0 0 0 0 0 0 0 0 0 0 0 0 0 1 13150.8 13150.8 13150.8 13150.8
-1 -1 1 -1 -1 1 0 0 0 0 0 -1.41167e-09 -0 0 0 -0 0 0 0 0 0 0 0 0 0 0 0 0 0 1 13150.8 13150.8 13150.8 13150.8
-1 -1 1 -1 -1 1 0 0 0 0 0 -3.59302e-09 -0 0 0 -0 0 0 0 0 0 0 0 0 0 0 0 0 0 1 13150.8 13150.8 13150.8 13150.8
-1 -1 1 -1 -1 1 0 0 0 0 0 1.49719e-09 -0 0 0 -0 0 0 0 0 0 0 0 0 0 0 0 0 0 1 13150.8 13150.8 13150.8 13150.8
-1 -1 1 -1 -1 1 0 0 0 0 0 -6.90973e-10 -0 0 0 -0 0 0 0 0 0 0 0 0 0 0 0 0 0 1 13150.8 13150.8 13150.8 13150.8
-1 -1 1 -1 -1 1 0 0 0 0 0 -2.88238e-09 -0 0 0 -0 0 0 0 0 0 0 0 0 0 0 0 0 0 1 13150.8 13150.8 13150.8 13150.8
-1 -1 1 -1 -1 1 0 0 0 0 0 2.22149e-09 -0 0 0 -0 0 0 0 0 0 0 0 0 0 0 0 0 0 1 13150.8 13150.8 13150.8 13150.8
-1 -1 1 -1 -1 1 0 0 0 0 0 3.35069e-11 -0 0 0 -0 0 0 0 0 0 0 0 0 0 0 0 0 0 1 13150.8 13150.8 13150.8 13150.8
-1 -1 1 -1 -1 1 0 0 0 0 0 -2.15718e-09 -0 0 0 -0 0 0 0 0 0 0 0 0 0 0 0 0 0 1 13150.8 13150.8 13150.8 13150.8
-1 -1 1 -1 -1 1 0 0 0 0 0 2.93492e-09 -0 0 0 -0 0 0 0 0 0 0 0 0 0 0 0 0 0 1 13150.8 13150.8 13150.8 13150.8
-1 -1 1 -1 -1 1 0 0 0 0 0 7.47936e-10 -0 0 0 -0 0 0 0 0 0 0 0 0 0 0 0 0 0 1 13150.8 13150.8 13150.8 13150.8
-1 -1 1 -1 -1 1 0 0 0 0 0 -1.44323e-09 -0 0 0 -0 0 0 0 0 0 0 0 0 0 0 0 0 0 1 13150.8 13150.8 13150.8 13150.8
-1 -1 1 -1 -1 1 0 0 0 0 0 -3.636e-09 -0 0 0 -0 0 0 0 0 0 0 0 0 0 0 0 0 0 1 13150.8 13150.8 13150.8 13150.8
-1 -1 1 -1 -1 1 0 0 0 0 0 1.44717e-09 -0 0 0 -0 0 0 0 0 0 0 0 0 0 0 0 0 0 1 13150.8 13150.8 13150.8 13150.8
-1 -1 1 -1 -1 1 0 0 0 0 0 -7.46328e-10 -0 0 0 -0 0 0 0 0 0 0 0 0 0 0 0 0 0 1 13150.8 13150.8 13150.8 13150.8
-1 -1 1 -1 -1 1 0 0 0 0 0 -2.94139e-09 -0 0 0 -0 0 0 0 0 0 0 0 0 0 0 0 0 0 1 13150.8 13150.8 13150.8 13150.8
-1 -1 1 -1 -1 1 0 0 0 0 0 2.14743e-09 -0 0 0 -0 0 0 0 0 0 0 0 0 0 0 0 0 0 1 13150.8 13150.8 13150.8 13150.8
-1 -1 1 -1 -1 1 0 0 0 0 0 -3.87922e-11 -0 0 0 -0 0 0 0 0 0 0 0 0 0 0 0 0 0 1 13150.8 13150.8 13150.8 13150.8
-1 -1 1 -1 -1 1 0 0 0 0 0 -2.23617e-09 -0 0 0 -0 0 0 0 0 0 0 0 0 0 0 0 0 0 1 13150.8 13150.8 13150.8 13150.8
-1 -1 1 -1 -1 1 0 0 0 0 0 2.8581e-09 -0 0 0 -0 0 0 0 0 0 0 0 0 0 0 0 0 0 1 13150.8 13150.8 13150.8 13150.8
-1 -1 1 -1 -1 1 0 0 0 0 0 6.66147e-10 -0 0 0 -0 0 0 0 0 0 0 0 0 0 0 0 0 0 1 13150.8 13150.8 13150.8 13150.8
-1 -1 1 -1 -1 1 0 0 0 0 0 -1.53026e-09 -0 0 0 -0 0 0 0 0 0 0 0 0 0 0 0 0 0 1 13150.8 13150.8 13150.8 13150.8
-1 -1 1 -1 -1 1 0 0 0 0 0 3.5594e-09 -0 0 0 -0 0 0 0 0 0 0 0 0 0 0 0 0 0 1 13150.8 13150.8 13150.8 13150.8
-1 -1 1 -1 -1 1 0 0 0 0 0 1.36999e-09 -0 0 0 -0 0 0 0 0 0 0 0 0 0 0 0 0 0 1 13150.8 13150.8 13150.8 13150.8
-1 -1 1 -1 -1 1 0 0 0 0 0 -8.03419e-10 -0 0 0 -0 0 0 0 0 0 0 0 0 0 0 0 0 0 1 13150.8 13150.8 13150.8 13150.8
-1 -1 1 -1 -1 1 0 0 0 0 0 -2.99198e-09 -0 0 0 -0 0 0 0 0 0 0 0 0 0 0 0 0 0 1 13150.8 13150.8 13150.8 13150.8
-1 -1 1 -1 -1 1 0 0 0 0 0 2.13065e-09 -0 0 0 -0 0 0 0 0 0 0 0 0 0 0 0 0 0 1 13150.8 13150.8 13150.8 13150.8
-1 -1 1 -1 -1 1 0 0 0 0 0 -5.86524e-11 -0 0 0 -0 0 0 0 0 0 0 0 0 0 0 0 0 0 1 13150.8 13150.8 13150.8 13150.8
-1 -1 1 -1 -1 1 0 0 0 0 0 -2.24006e-09 -0 0 0 -0 0 0 0 0 0 0 0 0 0 0 0 0 0 1 13150.8 13150.8 13150.8 13150.8
-1 -1 1 -1 -1 1 0 0 0 0 0 2.8597e-09 -0 0 0 -0 0 0 0 0 0 0 0 0 0 0 0 0 0 1 13150.8 13150.8 13150.8 13150.8
-1 -1 1 -1 -1 1 0 0 0 0 0 6.66814e-10 -0 0 0 -0 0 0 0 0 0 0 0 0 0 0 0 0 0 1 13150.8 13150.8 13150.8 13150.8
-1 -1 1 -1 -1 1 0 0 0 0 0 -1.51505e-09 -0 0 0 -0 0 0 0 0 0 0 0 0 0 0 0 0 0 1 13150.8 13150.8 13150.8 13150.8
-1 -1 1 -1 -1 1 0 0 0 0 0 3.59061e-09 -0 0 0 -0 0 0 0 0 0 0 0 0 0 0 0 0 0 1 13150.8 13150.8 13150.8 13150.8
-1 -1 1 -1 -1 1 0 0 0 0 0 1.40377e-09 -0 0 0 -0 0 0 0 0 0 0 0 0 0 0 0 0 0 1 13150.8 13150.8 13150.8 13150.8
-1 -1 1 -1 -1 1 0 0 0 0 0 -8.0034e-10 -0 0 0 -0 0 0 0 0 0 0 0 0 0 0 0 0 0 1 13150.8 13150.8 13150.8 13150.8
-1 -1 1 -1 -1 1 0 0 0 0 0 -2.98558e-09 -0 0 0 -0 0 0 0 0 0 0 0 0 0 0 0 0 0 1 13150.8 13150.8 13150.8 13150.8
-1 -1 1 -1 -1 1 0 0 0 0 0 2.09815e-09 -0 0 0 -0 0 0 0 0 0 0 0 0 0 0 0 0 0 1 13150.8 13150.8 13150.8 13150.8
-1 -1 1 -1 -1 1 0 0 0 0 0 -9.1152e-11 -0 0 0 -0 0 0 0 0 0 0 0 0 0 0 0 0 0 1 13150.8 13150.8 13150.8 13150.8
-1 -1 1 -1 -1 1 0 0 0 0 0 -2.27797e-09 -0 0 0 -0 0 0 0 0 0 0 0 0 0 0 0 0 0 1 13150.8 13150.8 13150.8 13150.8
-1 -1 1 -1 -1 1 0 0 0 0 0 2.85918e-09 -0 0 0 -0 0 0 0 0 0 0 0 0 0 0 0 0 0 1 13150.8 13150.8 13150.8 13150.8
-1 -1 1 -1 -1 1 0 0 0 0 0 6.78264e-10 -0 0 0 -0 0 0 0 0 0 0 0 0 0 0 0 0 0 1 13150.8 13150.8 13150.8 13150.8
-1 -1 1 -1 -1 1 0 0 0 0 0 -1.5092e-09 -0 0 0 -0 0 0 0 0 0 0 0 0 0 0 0 0 0 1 13150.8 13150.8 13150.8 13150.8
-1 -1 1 -1 -1 1 0 0 0 0 0 3.59127e-09 -0 0 0 -0 0 0 0 0 0 0 0 0 0 0 0 0 0 1 13150.8 13150.8 13150.8 13150.8
-1 -1 1 -1 -1 1 0 0 0 0 0 1.40776e-09 -0 0 0 -0 0 0 0 0 0 0 0 0 0 0 0 0 0 1 13150.8 13150.8 13150.8 13150.8
-1 -1 1 -1 -1 1 0 0 0 0 0 -7.76661e-10 -0 0 0 -0 0 0 0 0 0 0 0 0 0 0 0 0 0 1 13150.8 13150.8 13150.8 13150.8
-1 -1 1 -1 -1 1 0 0 0 0 0 -2.96525e-09 -0 0 0 -0 0 0 0 0 0 0 0 0 0 0 0 0 0 1 13150.8 13150.8 13150.8 13150.8
-1 -1 1 -1 -1 1 0 0 0 0 0 2.13957e-09 -0 0 0 -0 0 0 0 0 0 0 0 0 0 0 0 0 0 1 13150.8 13150.8 13150.8 13150.8
-1 -1 1 -1 -1 1 0 0 0 0 0 -4.73454e-11 -0 0 0 -0 0 0 0 0 0 0 0 0 0 0 0 0 0 1 13150.8 13150.8 13150.8 13150.8
-1 -1 1 -1 -1 1 0 0 0 0 0 -2.23774e-09 -0 0 0 -0 0 0 0 0 0 0 0 0 0 0 0 0 0 1 13150.8 13150.8 13150.8 13150.8
-1 -1 1 -1 -1 1 0 0 0 0 0 2.86668e-09 -0 0 0 -0 0 0 0 0 0 0 0 0 0 0 0 0 0 1 13150.8 13150.8 13150.8 13150.8
-1 -1 1 -1 -1 1 0 0 0 0 0 6.83162e-10 -0 0 0 -0 0 0 0 0 0 0 0 0 0 0 0 0 0 1 13150.8 13150.8 13150.8 13150.8
-1 -1 1 -1 -1 1 0 0 0 0 0 -1.51118e-09 -0 0 0 -0 0 0 0 0 0 0 0 0 0 0 0 0 0 1 13150.8 13150.8 13150.8 13150.8
-1 -1 1 -1 -1 1 0 0 0 0 0 3.58743e-09 -0 0 0 -0 0 0 0 0 0 0 0 0 0 0 0 0 0 1 13150.8 13150.8 13150.8 13150.8
-1 -1 1 -1 -1 1 0 0 0 0 0 1.39698e-09 -0 0 0 -0 0 0 0 0 0 0 0 0 0 0 0 0 0 1 13150.8 13150.8 13150.8 13150.8
-1 -1 1 -1 -1 1 0 0 0 0 0 -7.94892e-10 -0 0 0 -0 0 0 0 0 0 0 0 0 0 0 0 0 0 1 13150.8 13150.8 13150.8 13150.8
-1 -1 1 -1 -1 1 0 0 0 0 0 -2.98958e-09 -0 0 0 -0 0 0 0 0 0 0 0 0 0 0 0 0 0 1 13150.8 13150.8 13150.8 13150.8
-1 -1 1 -1 -1 1 0 0 0 0 0 2.08385e-09 -0 0 0 -0 0 0 0 0 0 0 0 0 0 0 0 0 0 1 13150.8 13150.8 13150.8 13150.8
-1 -1 1 -1 -1 1 0 0 0 0 0 -1.13642e-10 -0 0 0 -0 0 0 0 0 0 0 0 0 0 0 0 0 0 1 13150.8 13150.8 13150.8 13150.8
-1 -1 1 -1 -1 1 0 0 0 0 0 -2.30192e-09 -0 0 0 -0 0 0 0 0 0 0 0 0 0 0 0 0 0 1 13150.8 13150.8 13150.8 13150.8
-1 -1 1 -1 -1 1 0 0 0 0 0 2.7915e-09 -0 0 0 -0 0 0 0 0 0 0 0 0 0 0 0 0 0 1 13150.8 13150.8 13150.8 13150.8
-1 -1 1 -1 -1 1 0 0 0 0 0 5.96498e-10 -0 0 0 -0 0 0 0 0 0 0 0 0 0 0 0 0 0 1 13150.8 13150.8 13150.8 13150.8
-1 -1 1 -1 -1 1 0 0 0 0 0 -1.58505e-09 -0 0 0 -0 0 0 0 0 0 0 0 0 0 0 0 0 0 1 13150.8 13150.8 13150.8 13150.8
-1 -1 1 -1 -1 1 0 0 0 0 0 3.50042e-09 -0 0 0 -0 0 0 0 0 0 0 0 0 0 0 0 0 0 1 13150.8 13150.8 13150.8 13150.8
-1 -1 1 -1 -1 1 0 0 0 0 0 1.29963e-09 -0 0 0 -0 0 0 0 0 0 0 0 0 0 0 0 0 0 1 13150.8 13150.8 13150.8 13150.8
-1 -1 1 -1 -1 1 0 0 0 0 0 -8.79864e-10 -0 0 0 -0 0 0 0 0 0 0 0 0 0 0 0 0 0 1 13150.8 13150.8 13150.8 13150.8
-1 -1 1 -1 -1 1 0 0 0 0 0 -3.0682e-09 -0 0 0 -0 0 0 0 0 0 0 0 0 0 0 0 0 0 1 13150.8 13150.8 13150.8 13150.8
-1 -1 1 -1 -1 1 0 0 0 0 0 2.02639e-09 -0 0 0 -0 0 0 0 0 0 0 0 0 0 0 0 0 0 1 13150.8 13150.8 13150.8 13150.8
-1 -1 1 -1 -1 1 0 0 0 0 0 -1.73051e-10 -0 0 0 -0 0 0 0 0 0 0 0 0 0 0 0 0 0 1 13150.8 13150.8 13150.8 13150.8
-1 -1 1 -1 -1 1 0 0 0 0 0 -2.35391e-09 -0 0 0 -0 0 0 0 0 0 0 0 0 0 0 0 0 0 1 13150.8 13150.8 13150.8 13150.8
-1 -1 1 -1 -1 1 0 0 0 0 0 2.73958e-09 -0 0 0 -0 0 0 0 0 0 0 0 0 0 0 0 0 0 1 13150.8 13150.8 13150.8 13150.8
-1 -1 1 -1 -1 1 0 0 0 0 0 5.50673e-10 -0 0 0 -0 0 0 0 0 0 0 0 0 0 0 0 0 0 1 13150.8 13150.8 13150.8 13150.8
-1 -1 1 -1 -1 1 0 0 0 0 0 -1.63709e-09 -0 0 0 -0 0 0 0 0 0 0 0 0 0 0 0 0 0 1 13150.8 13150.8 13150.8 13150.8
-1 -1 1 -1 -1 1 0 0 0 0 0 3.47063e-09 -0 0 0 -0 0 0 0 0 0 0 0 0 0 0 0 0 0 1 13150.8 13150.8 13150.8 13150.8
-1 -1 1 -1 -1 1 0 0 0 0 0 1.28469e-09 -0 0 0 -0 0 0 0 0 0 0 0 0 0 0 0 0 0 1 13150.8 13150.8 13150.8 13150.8
-1 -1 1 -1 -1 1 0 0 0 0 0 -9.144e-10 -0 0 0 -0 0 0 0 0 0 0 0 0 0 0 0 0 0 1 13150.8 13150.8 13150.8 13150.8
-1 -1 1 -1 -1 1 0 0 0 0 0 -3.10409e-09 -0 0 0 -0 0 0 0 0 0 0 0 0 0 0 0 0 0 1 13150.8 13150.8 13150.8 13150.8
-1 -1 1 -1 -1 1 0 0 0 0 0 1.98518e-09 -0 0 0 -0 0 0 0 0 0 0 0 0 0 0 0 0 0 1 13150.8 13150.8 13150.8 13150.8
-1 -1 1 -1 -1 1 0 0 0 0 0 -2.0129e-10 -0 0 0 -0 0 0 0 0 0 0 0 0 0 0 0 0 0 1 13150.8 13150.8 13150.8 13150.8
-1 -1 1 -1 -1 1 0 0 0 0 0 -2.38933e-09 -0 0 0 -0 0 0 0 0 0 0 0 0 0 0 0 0 0 1 13150.8 13150.8 13150.8 13150.8
-1 -1 1 -1 -1 1 0 0 0 0 0 2.71558e-09 -0 0 0 -0 0 0 0 0 0 0 0 0 0 0 0 0 0 1 13150.8 13150.8 13150.8 13150.8
-1 -1 1 -1 -1 1 0 0 0 0 0 5.29938e-10 -0 0 0 -0 0 0 0 0 0 0 0 0 0 0 0 0 0 1 13150.8 13150.8 13150.8 13150.8
-1 -1 1 -1 -1 1 0 0 0 0 0 -1.66293e-09 -0 0 0 -0 0 0 0 0 0 0 0 0 0 0 0 0 0 1 13150.8 13150.8 13150.8 13150.8
-1 -1 1 -1 -1 1 0 0 0 0 0 3.42701e-09 -0 0 0 -0 0 0 0 0 0 0 0 0 0 0 0 0 0 1 13150.8 13150.8 13150.8 13150.8
-1 -1 1 -1 -1 1 0 0 0 0 0 1.24093e-09 -0 0 0 -0 0 0 0 0 0 0 0 0 0 0 0 0 0 1 13150.8 13150.8 13150.8 13150.8
-1 -1 1 -1 -1 1 0 0 0 0 0 -9.46608e-10 -0 0 0 -0 0 0 0 0 0 0 0 0 0 0 0 0 0 1 13150.8 13150.8 13150.8 13150.8
-1 -1 1 -1 -1 1 0 0 0 0 0 -3.13749e-09 -0 0 0 -0 0 0 0 0 0 0 0 0 0 0 0 0 0 1 13150.8 13150.8 13150.8 13150.8
-1 -1 1 -1 -1 1 0 0 0 0 0 1.97518e-09 -0 0 0 -0 0 0 0 0 0 0 0 0 0 0 0 0 0 1 13150.8 13150.8 13150.8 13150.8
-1 -1 1 -1 -1 1 0 0 0 0 0 -2.10622e-10 -0 0 0 -0 0 0 0 0 0 0 0 0 0 0 0 0 0 1 13150.8 13150.8 13150.8 13150.8
-1 -1 1 -1 -1 1 0 0 0 0 0 -2.39718e-09 -0 0 0 -0 0 0 0 0 0 0 0 0 0 0 0 0 0 1 13150.8 13150.8 13150.8 13150.8
-1 -1 1 -1 -1 1 0 0 0 0 0 2.69837e-09 -0 0 0 -0 0 0 0 0 0 0 0 0 0 0 0 0 0 1 13150.8 13150.8 13150.8 13150.8
-1 -1 1 -1 -1 1 0 0 0 0 0 5.09367e-10 -0 0 0 -0 0 0 0 0 0 0 0 0 0 0 0 0 0 1 13150.8 13150.8 13150.8 13150.8
-1 -1 1 -1 -1 1 0 0 0 0 0 -1.67919e-09 -0 0 0 -0 0 0 0 0 0 0 0 0 0 0 0 0 0 1 13150.8 13150.8 13150.8 13150.8
-1 -1 1 -1 -1 1 0 0 0 0 0 3.42593e-09 -0 0 0 -0 0 0 0 0 0 0 0 0 0 0 0 0 0 1 13150.8 13150.8 13150.8 13150.8
-1 -1 1 -1 -1 1 0 0 0 0 0 1.24074e-09 -0 0 0 -0 0 0 0 0 0 0 0 0 0 0 0 0 0 1 13150.8 13150.8 13150.8 13150.8
-1 -1 1 -1 -1 1 0 0 0 0 0 -9.62587e-10 -0 0 0 -0 0 0 0 0 0 0 0 0 0 0 0 0 0 1 13150.8 13150.8 13150.8 13150.8
-1 -1 1 -1 -1 1 0 0 0 0 0 -3.14563e-09 -0 0 0 -0 0 0 0 0 0 0 0 0 0 0 0 0 0 1 13150.8 13150.8 13150.8 13150.8
-1 -1 1 -1 -1 1 0 0 0 0 0 1.94549e-09 -0 0 0 -0 0 0 0 0 0 0 0 0 0 0 0 0 0 1 13150.8 13150.8 13150.8 13150.8
-1 -1 1 -1 -1 1 0 0 0 0 0 -2.41971e-10 -0 0 0 -0 0 0 0 0 0 0 0 0 0 0 0 0 0 1 13150.8 13150.8 13150.8 13150.8
-1 -1 1 -1 -1 1 0 0 0 0 0 -2.43136e-09 -0 0 0 -0 0 0 0 0 0 0 0 0 0 0 0 0 0 1 13150.8 13150.8 13150.8 13150.8
-1 -1 1 -1 -1 1 0 0 0 0 0 2.66535e-09 -0 0 0 -0 0 0 0 0 0 0 0 0 0 0 0 0 0 1 13150.8 13150.8 13150.8 13150.8
-1 -1 1 -1 -1 1 0 0 0 0 0 4.76128e-10 -0 0 0 -0 0 0 0 0 0 0 0 0 0 0 0 0 0 1 13150.8 13150.8 13150.8 13150.8
-1 -1 1 -1 -1 1 0 0 0 0 0 -1.72217e-09 -0 0 0 -0 0 0 0 0 0 0 0 0 0 0 0 0 0 1 13150.8 13150.8 13150.8 13150.8
-1 -1 1 -1 -1 1 0 0 0 0 0 3.36852e-09 -0 0 0 -0 0 0 0 0 0 0 0 0 0 0 0 0 0 1 13150.8 13150.8 13150.8 13150.8
-1 -1 1 -1 -1 1 0 0 0 0 0 1.18723e-09 -0 0 0 -0 0 0 0 0 0 0 0 0 0 0 0 0 0 1 13150.8 13150.8 13150.8 13150.8
-1 -1 1 -1 -1 1 0 0 0 0 0 -1.00348e-09 -0 0 0 -0 0 0 0 0 0 0 0 0 0 0 0 0 0 1 13150.8 13150.8 13150.8 13150.8
-1 -1 1 -1 -1 1 0 0 0 0 0 -3.19673e-09 -0 0 0 -0 0 0 0 0 0 0 0 0 0 0 0 0 0 1 13150.8 13150.8 13150.8 13150.8
-1 -1 1 -1 -1 1 0 0 0 0 0 1.90701e-09 -0 0 0 -0 0 0 0 0 0 0 0 0 0 0 0 0 0 1 13150.8 13150.8 13150.8 13150.8
-1 -1 1 -1 -1 1 0 0 0 0 0 -2.90691e-10 -0 0 0 -0 0 0 0 0 0 0 0 0 0 0 0 0 0 1 13150.8 13150.8 13150.8 13150.8
-1 -1 1 -1 -1 1 0 0 0 0 0 -2.47142e-09 -0 0 0 -0 0 0 0 0 0 0 0 0 0 0 0 0 0 1 13150.8 13150.8 13150.8 13150.8
-1 -1 1 -1 -1 1 0 0 0 0 0 2.6113e-09 -0 0 0 -0 0 0 0 0 0 0 0 0 0 0 0 0 0 1 13150.8 13150.8 13150.8 13150.8
-1 -1 1 -1 -1 1 0 0 0 0 0 4.20964e-10 -0 0 0 -0 0 0 0 0 0 0 0 0 0 0 0 0 0 1 13150.8 13150.8 13150.8 13150.8
-1 -1 1 -1 -1 1 0 0 0 0 0 -1.76635e-09 -0 0 0 -0 0 0 0 0 0 0 0 0 0 0 0 0 0 1 13150.8 13150.8 13150.8 13150.8
-1 -1 1 -1 -1 1 0 0 0 0 0 3.34633e-09 -0 0 0 -0 0 0 0 0 0 0 0 0 0 0 0 0 0 1 13150.8 13150.8 13150.8 13150.8
-1 -1 1 -1 -1 1 0 0 0 0 0 1.16568e-09 -0 0 0 -0 0 0 0 0 0 0 0 0 0 0 0 0 0 1 13150.8 13150.8 13150.8 13150.8
-1 -1 1 -1 -1 1 0 0 0 0 0 -1.04243e-09 -0 0 0 -0 0 0 0 0 0 0 0 0 0 0 0 0 0 1 13150.8 13150.8 13150.8 13150.8
-1 -1 1 -1 -1 1 0 0 0 0 0 -3.22558e-09 -0 0 0 -0 0 0 0 0 0 0 0 0 0 0 0 0 0 1 13150.8 13150.8 13150.8 13150.8
-1 -1 1 -1 -1 1 0 0 0 0 0 1.87332e-09 -0 0 0 -0 0 0 0 0 0 0 0 0 0 0 0 0 0 1 13150.8 13150.8 13150.8 13150.8
-1 -1 1 -1 -1 1 0 0 0 0 0 -3.1335e-10 -0 0 0 -0 0 0 0 0 0 0 0 0 0 0 0 0 0 1 13150.8 13150.8 13150.8 13150.8
-1 -1 1 -1 -1 1 0 0 0 0 0 -2.4988e-09 -0 0 0 -0 0 0 0 0 0 0 0 0 0 0 0 0 0 1 13150.8 13150.8 13150.8 13150.8
-1 -1 1 -1 -1 1 0 0 0 0 0 2.61287e-09 -0 0 0 -0 0 0 0 0 0 0 0 0 0 0 0 0 0 1 13150.8 13150.8 13150.8 13150.8
-1 -1 1 -1 -1 1 0 0 0 0 0 4.30729e-10 -0 0 0 -0 0 0 0 0 0 0 0 0 0 0 0 0 0 1 13150.8 13150.8 13150.8 13150.8
-1 -1 1 -1 -1 1 0 0 0 0 0 -1.76132e-09 -0 0 0 -0 0 0 0 0 0 0 0 0 0 0 0 0 0 1 13150.8 13150.8 13150.8 13150.8
-1 -1 1 -1 -1 1 0 0 0 0 0 3.3384e-09 -0 0 0 -0 0 0 0 0 0 0 0 0 0 0 0 0 0 1 13150.8 13150.8 13150.8 13150.8
-1 -1 1 -1 -1 1 0 0 0 0 0 1.14498e-09 -0 0 0 -0 0 0 0 0 0 0 0 0 0 0 0 0 0 1 13150.8 13150.8 13150.8 13150.8
-1 -1 1 -1 -1 1 0 0 0 0 0 -1.03081e-09 -0 0 0 -0 0 0 0 0 0 0 0 0 0 0 0 0 0 1 13150.8 13150.8 13150.8 13150.8
-1 -1 1 -1 -1 1 0 0 0 0 0 -3.22017e-09 -0 0 0 -0 0 0 0 0 0 0 0 0 0 0 0 0 0 1 13150.8 13150.8 13150.8 13150.8
-1 -1 1 -1 -1 1 0 0 0 0 0 1.8989e-09 -0 0 0 -0 0 0 0 0 0 0 0 0 0 0 0 0 0 1 13150.8 13150.8 13150.8 13150.8
-1 -1 1 -1 -1 1 0 0 0 0 0 -2.90388e-10 -0 0 0 -0 0 0 0 0 0 0 0 0 0 0 0 0 0 1 13150.8 13150.8 13150.8 13150.8
-1 -1 1 -1 -1 1 0 0 0 0 0 -2.48068e-09 -0 0 0 -0 0 0 0 0 0 0 0 0 0 0 0 0 0 1 13150.8 13150.8 13150.8 13150.8
-1 -1 1 -1 -1 1 0 0 0 0 0 2.60976e-09 -0 0 0 -0 0 0 0 0 0 0 0 0 0 0 0 0 0 1 13150.8 13150.8 13150.8 13150.8
-1 -1 1 -1 -1 1 0 0 0 0 0 4.26888e-10 -0 0 0 -0 0 0 0 0 0 0 0 0 0 0 0 0 0 1 13150.8 13150.8 13150.8 13150.8
-1 -1 1 -1 -1 1 0 0 0 0 0 -1.7614e-09 -0 0 0 -0 0 0 0 0 0 0 0 0 0 0 0 0 0 1 13150.8 13150.8 13150.8 13150.8
-1 -1 1 -1 -1 1 0 0 0 0 0 3.33922e-09 -0 0 0 -0 0 0 0 0 0 0 0 0 0 0 0 0 0 1 13150.8 13150.8 13150.8 13150.8
-1 -1 1 -1 -1 1 0 0 0 0 0 1.15101e-09 -0 0 0 -0 0 0 0 0 0 0 0 0 0 0 0 0 0 1 13150.8 13150.8 13150.8 13150.8
-1 -1 1 -1 -1 1 0 0 0 0 0 -1.04812e-09 -0 0 0 -0 0 0 0 0 0 0 0 0 0 0 0 0 0 1 13150.8 13150.8 13150.8 13150.8
-1 -1 1 -1 -1 1 0 0 0 0 0 -3.23572e-09 -0 0 0 -0 0 0 0 0 0 0 0 0 0 0 0 0 0 1 13150.8 13150.8 13150.8 13150.8
-1 -1 1 -1 -1 1 0 0 0 0 0 1.85512e-09 -0 0 0 -0 0 0 0 0 0 0 0 0 0 0 0 0 0 1 13150.8 13150.8 13150.8 13150.8
-1 -1 1 -1 -1 1 0 0 0 0 0 -3.31496e-10 -0 0 0 -0 0 0 0 0 0 0 0 0 0 0 0 0 0 1 13150.8 13150.8 13150.8 13150.8
-1 -1 1 -1 -1 1 0 0 0 0 0 -2.53019e-09 -0 0 0 -0 0 0 0 0 0 0 0 0 0 0 0 0 0 1 13150.8 13150.8 13150.8 13150.8
-1 -1 1 -1 -1 1 0 0 0 0 0 2.54891e-09 -0 0 0 -0 0 0 0 0 0 0 0 0 0 0 0 0 0 1 13150.8 13150.8 13150.8 13150.8
-1 -1 1 -1 -1 1 0 0 0 0 0 3.54867e-10 -0 0 0 -0 0 0 0 0 0 0 0 0 0 0 0 0 0 1 13150.8 13150.8 13150.8 13150.8
-1 -1 1 -1 -1 1 0 0 0 0 0 -1.83355e-09 -0 0 0 -0 0 0 0 0 0 0 0 0 0 0 0 0 0 1 13150.8 13150.8 13150.8 13150.8
-1 -1 1 -1 -1 1 0 0 0 0 0 3.26067e-09 -0 0 0 -0 0 0 0 0 0 0 0 0 0 0 0 0 0 1 13150.8 13150.8 13150.8 13150.8
-1 -1 1 -1 -1 1 0 0 0 0 0 1.0706e-09 -0 0 0 -0 0 0 0 0 0 0 0 0 0 0 0 0 0 1 13150.8 13150.8 13150.8 13150.8
-1 -1 1 -1 -1 1 0 0 0 0 0 -1.11748e-09 -0 0 0 -0 0 0 0 0 0 0 0 0 0 0 0 0 0 1 13150.8 13150.8 13150.8 13150.8
-1 -1 1 -1 -1 1 0 0 0 0 0 -3.30508e-09 -0 0 0 -0 0 0 0 0 0 0 0 0 0 0 0 0 0 1 13150.8 13150.8 13150.8 13150.8
-1 -1 1 -1 -1 1 0 0 0 0 0 1.80051e-09 -0 0 0 -0 0 0 0 0 0 0 0 0 0 0 0 0 0 1 13150.8 13150.8 13150.8 13150.8
-1 -1 1 -1 -1 1 0 0 0 0 0 -3.89691e-10 -0 0 0 -0 0 0 0 0 0 0 0 0 0 0 0 0 0 1 13150.8 13150.8 13150.8 13150.8
-1 -1 1 -1 -1 1 0 0 0 0 0 -2.58138e-09 -0 0 0 -0 0 0 0 0 0 0 0 0 0 0 0 0 0 1 13150.8 13150.8 13150.8 13150.8
-1 -1 1 -1 -1 1 0 0 0 0 0 2.51012e-09 -0 0 0 -0 0 0 0 0 0 0 0 0 0 0 0 0 0 1 13150.8 13150.8 13150.8 13150.8
-1 -1 1 -1 -1 1 0 0 0 0 0 3.21076e-10 -0 0 0 -0 0 0 0 0 0 0 0 0 0 0 0 0 0 1 13150.8 13150.8 13150.8 13150.8
-1 -1 1 -1 -1 1 0 0 0 0 0 -1.8576e-09 -0 0 0 -0 0 0 0 0 0 0 0 0 0 0 0 0 0 1 13150.8 13150.8 13150.8 13150.8
-1 -1 1 -1 -1 1 0 0 0 0 0 3.24401e-09 -0 0 0 -0 0 0 0 0 0 0 0 0 0 0 0 0 0 1 13150.8 13150.8 13150.8 13150.8
-1 -1 1 -1 -1 1 0 0 0 0 0 1.05639e-09 -0 0 0 -0 0 0 0 0 0 0 0 0 0 0 0 0 0 1 13150.8 13150.8 13150.8 13150.8
-1 -1 1 -1 -1 1 0 0 0 0 0 -1.13979e-09 -0 0 0 -0 0 0 0 0 0 0 0 0 0 0 0 0 0 1 13150.8 13150.8 13150.8 13150.8
-1 -1 1 -1 -1 1 0 0 0 0 0 -3.33929e-09 -0 0 0 -0 0 0 0 0 0 0 0 0 0 0 0 0 0 1 13150.8 13150.8 13150.8 13150.8
-1 -1 1 -1 -1 1 0 0 0 0 0 1.73429e-09 -0 0 0 -0 0 0 0 0 0 0 0 0 0 0 0 0 0 1 13150.8 13150.8 13150.8 13150.8
-1 -1 1 -1 -1 1 0 0 0 0 0 -4.5412e-10 -0 0 0 -0 0 0 0 0 0 0 0 0 0 0 0 0 0 1 13150.8 13150.8 13150.8 13150.8
-1 -1 1 -1 -1 1 0 0 0 0 0 -2.65028e-09 -0 0 0 -0 0 0 0 0 0 0 0 0 0 0 0 0 0 1 13150.8 13150.8 13150.8 13150.8
-1 -1 1 -1 -1 1 0 0 0 0 0 2.4321e-09 -0 0 0 -0 0 0 0 0 0 0 0 0 0 0 0 0 0 1 13150.8 13150.8 13150.8 13150.8
-1 -1 1 -1 -1 1 0 0 0 0 0 2.37008e-10 -0 0 0 -0 0 0 0 0 0 0 0 0 0 0 0 0 0 1 13150.8 13150.8 13150.8 13150.8
-1 -1 1 -1 -1 1 0 0 0 0 0 -1.94978e-09 -0 0 0 -0 0 0 0 0 0 0 0 0 0 0 0 0 0 1 13150.8 13150.8 13150.8 13150.8
-1 -1 1 -1 -1 1 0 0 0 0 0 3.16579e-09 -0 0 0 -0 0 0 0 0 0 0 0 0 0 0 0 0 0 1 13150.8 13150.8 13150.8 13150.8
-1 -1 1 -1 -1 1 0 0 0 0 0 9.8441e-10 -0 0 0 -0 0 0 0 0 0 0 0 0 0 0 0 0 0 1 13150.8 13150.8 13150.8 13150.8
-1 -1 1 -1 -1 1 0 0 0 0 0 -1.20343e-09 -0 0 0 -0 0 0 0 0 0 0 0 0 0 0 0 0 0 1 13150.8 13150.8 13150.8 13150.8
-1 -1 1 -1 -1 1 0 0 0 0 0 -3.39117e-09 -0 0 0 -0 0 0 0 0 0 0 0 0 0 0 0 0 0 1 13150.8 13150.8 13150.8 13150.8
-1 -1 1 -1 -1 1 0 0 0 0 0 1.715e-09 -0 0 0 -0 0 0 0 0 0 0 0 0 0 0 0 0 0 1 13150.8 13150.8 13150.8 13150.8
-1 -1 1 -1 -1 1 0 0 0 0 0 -4.68315e-10 -0 0 0 -0 0 0 0 0 0 0 0 0 0 0 0 0 0 1 13150.8 13150.8 13150.8 13150.8
-1 -1 1 -1 -1 1 0 0 0 0 0 -2.66091e-09 -0 0 0 -0 0 0 0 0 0 0 0 0 0 0 0 0 0 1 13150.8 13150.8 13150.8 13150.8
-1 -1 1 -1 -1 1 0 0 0 0 0 2.45393e-09 -0 0 0 -0 0 0 0 0 0 0 0 0 0 0 0 0 0 1 13150.8 13150.8 13150.8 13150.8
-1 -1 1 -1 -1 1 0 0 0 0 0 2.74486e-10 -0 0 0 -0 0 0 0 0 0 0 0 0 0 0 0 0 0 1 13150.8 13150.8 13150.8 13150.8
-1 -1 1 -1 -1 1 0 0 0 0 0 -1.91277e-09 -0 0 0 -0 0 0 0 0 0 0 0 0 0 0 0 0 0 1 13150.8 13150.8 13150.8 13150.8
-1 -1 1 -1 -1 1 0 0 0 0 0 3.19742e-09 -0 0 0 -0 0 0 0 0 0 0 0 0 0 0 0 0 0 1 13150.8 13150.8 13150.8 13150.8
-1 -1 1 -1 -1 1 0 0 0 0 0 1.00975e-09 -0 0 0 -0 0 0 0 0 0 0 0 0 0 0 0 0 0 1 13150.8 13150.8 13150.8 13150.8
-1 -1 1 -1 -1 1 0 0 0 0 0 -1.18653e-09 -0 0 0 -0 0 0 0 0 0 0 0 0 0 0 0 0 0 1 13150.8 13150.8 13150.8 13150.8
-1 -1 1 -1 -1 1 0 0 0 0 0 -3.37263e-09 -0 0 0 -0 0 0 0 0 0 0 0 0 0 0 0 0 0 1 13150.8 13150.8 13150.8 13150.8
-1 -1 1 -1 -1 1 0 0 0 0 0 1.72118e-09 -0 0 0 -0 0 0 0 0 0 0 0 0 0 0 0 0 0 1 13150.8 13150.8 13150.8 13150.8
-1 -1 1 -1 -1 1 0 0 0 0 0 -4.60559e-10 -0 0 0 -0 0 0 0 0 0 0 0 0 0 0 0 0 0 1 13150.8 13150.8 13150.8 13150.8
-1 -1 1 -1 -1 1 0 0 0 0 0 -2.65098e-09 -0 0 0 -0 0 0 0 0 0 0 0 0 0 0 0 0 0 1 13150.8 13150.8 13150.8 13150.8
-1 -1 1 -1 -1 1 0 0 0 0 0 2.44762e-09 -0 0 0 -0 0 0 0 0 0 0 0 0 0 0 0 0 0 1 13150.8 13150.8 13150.8 13150.8
-1 -1 1 -1 -1 1 0 0 0 0 0 2.60013e-10 -0 0 0 -0 0 0 0 0 0 0 0 0 0 0 0 0 0 1 13150.8 13150.8 13150.8 13150.8
-1 -1 1 -1 -1 1 0 0 0 0 0 -1.93744e-09 -0 0 0 -0 0 0 0 0 0 0 0 0 0 0 0 0 0 1 13150.8 13150.8 13150.8 13150.8
-1 -1 1 -1 -1 1 0 0 0 0 0 3.14551e-09 -0 0 0 -0 0 0 0 0 0 0 0 0 0 0 0 0 0 1 13150.8 13150.8 13150.8 13150.8
-1 -1 1 -1 -1 1 0 0 0 0 0 9.46829e-10 -0 0 0 -0 0 0 0 0 0 0 0 0 0 0 0 0 0 1 13150.8 13150.8 13150.8 13150.8
-1 -1 1 -1 -1 1 0 0 0 0 0 -1.23947e-09 -0 0 0 -0 0 0 0 0 0 0 0 0 0 0 0 0 0 1 13150.8 13150.8 13150.8 13150.8
-1 -1 1 -1 -1 1 0 0 0 0 0 -3.41922e-09 -0 0 0 -0 0 0 0 0 0 0 0 0 0 0 0 0 0 1 13150.8 13150.8 13150.8 13150.8
-1 -1 1 -1 -1 1 0 0 0 0 0 1.69979e-09 -0 0 0 -0 0 0 0 0 0 0 0 0 0 0 0 0 0 1 13150.8 13150.8 13150.8 13150.8
-1 -1 1 -1 -1 1 0 0 0 0 0 -4.90981e-10 -0 0 0 -0 0 0 0 0 0 0 0 0 0 0 0 0 0 1 13150.8 13150.8 13150.8 13150.8
-1 -1 1 -1 -1 1 0 0 0 0 0 -2.67033e-09 -0 0 0 -0 0 0 0 0 0 0 0 0 0 0 0 0 0 1 13150.8 13150.8 13150.8 13150.8
-1 -1 1 -1 -1 1 0 0 0 0 0 2.44863e-09 -0 0 0 -0 0 0 0 0 0 0 0 0 0 0 0 0 0 1 13150.8 13150.8 13150.8 13150.8
-1 -1 1 -1 -1 1 0 0 0 0 0 2.58766e-10 -0 0 0 -0 0 0 0 0 0 0 0 0 0 0 0 0 0 1 13150.8 13150.8 13150.8 13150.8
-1 -1 1 -1 -1 1 0 0 0 0 0 -1.92065e-09 -0 0 0 -0 0 0 0 0 0 0 0 0 0 0 0 0 0 1 13150.8 13150.8 13150.8 13150.8
-1 -1 1 -1 -1 1 0 0 0 0 0 3.17704e-09 -0 0 0 -0 0 0 0 0 0 0 0 0 0 0 0 0 0 1 13150.8 13150.8 13150.8 13150.8
-1 -1 1 -1 -1 1 0 0 0 0 0 9.85911e-10 -0 0 0 -0 0 0 0 0 0 0 0 0 0 0 0 0 0 1 13150.8 13150.8 13150.8 13150.8
-1 -1 1 -1 -1 1 0 0 0 0 0 -1.20746e-09 -0 0 0 -0 0 0 0 0 0 0 0 0 0 0 0 0 0 1 13150.8 13150.8 13150.8 13150.8
-1 -1 1 -1 -1 1 0 0 0 0 0 -3.39716e-09 -0 0 0 -0 0 0 0 0 0 0 0 0 0 0 0 0 0 1 13150.8 13150.8 13150.8 13150.8
-1 -1 1 -1 -1 1 0 0 0 0 0 1.69582e-09 -0 0 0 -0 0 0 0 0 0 0 0 0 0 0 0 0 0 1 13150.8 13150.8 13150.8 13150.8
-1 -1 1 -1 -1 1 0 0 0 0 0 -4.91139e-10 -0 0 0 -0 0 0 0 0 0 0 0 0 0 0 0 0 0 1 13150.8 13150.8 13150.8 13150.8
-1 -1 1 -1 -1 1 0 0 0 0 0 -2.6807e-09 -0 0 0 -0 0 0 0 0 0 0 0 0 0 0 0 0 0 1 13150.8 13150.8 13150.8 13150.8
-1 -1 1 -1 -1 1 0 0 0 0 0 2.41952e-09 -0 0 0 -0 0 0 0 0 0 0 0 0 0 0 0 0 0 1 13150.8 13150.8 13150.8 13150.8
-1 -1 1 -1 -1 1 0 0 0 0 0 2.31541e-10 -0 0 0 -0 0 0 0 0 0 0 0 0 0 0 0 0 0 1 13150.8 13150.8 13150.8 13150.8
-1 -1 1 -1 -1 1 0 0 0 0 0 -1.9588e-09 -0 0 0 -0 0 0 0 0 0 0 0 0 0 0 0 0 0 1 13150.8 13150.8 13150.8 13150.8
-1 -1 1 -1 -1 1 0 0 0 0 0 3.1367e-09 -0 0 0 -0 0 0 0 0 0 0 0 0 0 0 0 0 0 1 13150.8 13150.8 13150.8 13150.8
-1 -1 1 -1 -1 1 0 0 0 0 0 9.50621e-10 -0 0 0 -0 0 0 0 0 0 0 0 0 0 0 0 0 0 1 13150.8 13150.8 13150.8 13150.8
-1 -1 1 -1 -1 1 0 0 0 0 0 -1.23868e-09 -0 0 0 -0 0 0 0 0 0 0 0 0 0 0 0 0 0 1 13150.8 13150.8 13150.8 13150.8
-1 -1 1 -1 -1 1 0 0 0 0 0 -3.42683e-09 -0 0 0 -0 0 0 0 0 0 0 0 0 0 0 0 0 0 1 13150.8 13150.8 13150.8 13150.8
-1 -1 1 -1 -1 1 0 0 0 0 0 1.68107e-09 -0 0 0 -0 0 0 0 0 0 0 0 0 0 0 0 0 0 1 13150.8 13150.8 13150.8 13150.8
-1 -1 1 -1 -1 1 0 0 0 0 0 -5.05226e-10 -0 0 0 -0 0 0 0 0 0 0 0 0 0 0 0 0 0 1 13150.8 13150.8 13150.8 13150.8
-1 -1 1 -1 -1 1 0 0 0 0 0 -2.69417e-09 -0 0 0 -0 0 0 0 0 0 0 0 0 0 0 0 0 0 1 13150.8 13150.8 13150.8 13150.8
-1 -1 1 -1 -1 1 0 0 0 0 0 2.41239e-09 -0 0 0 -0 0 0 0 0 0 0 0 0 0 0 0 0 0 1 13150.8 13150.8 13150.8 13150.8
-1 -1 1 -1 -1 1 0 0 0 0 0 2.27022e-10 -0 0 0 -0 0 0 0 0 0 0 0 0 0 0 0 0 0 1 13150.8 13150.8 13150.8 13150.8
-1 -1 1 -1 -1 1 0 0 0 0 0 -1.96035e-09 -0 0 0 -0 0 0 0 0 0 0 0 0 0 0 0 0 0 1 13150.8 13150.8 13150.8 13150.8
-1 -1 1 -1 -1 1 0 0 0 0 0 3.14597e-09 -0 0 0 -0 0 0 0 0 0 0 0 0 0 0 0 0 0 1 13150.8 13150.8 13150.8 13150.8
-1 -1 1 -1 -1 1 0 0 0 0 0 9.61811e-10 -0 0 0 -0 0 0 0 0 0 0 0 0 0 0 0 0 0 1 13150.8 13150.8 13150.8 13150.8
-1 -1 1 -1 -1 1 0 0 0 0 0 -1.23782e-09 -0 0 0 -0 0 0 0 0 0 0 0 0 0 0 0 0 0 1 13150.8 13150.8 13150.8 13150.8
-1 -1 1 -1 -1 1 0 0 0 0 0 -3.42562e-09 -0 0 0 -0 0 0 0 0 0 0 0 0 0 0 0 0 0 1 13150.8 13150.8 13150.8 13150.8
-1 -1 1 -1 -1 1 0 0 0 0 0 1.67467e-09 -0 0 0 -0 0 0 0 0 0 0 0 0 0 0 0 0 0 1 13150.8 13150.8 13150.8 13150.8
-1 -1 1 -1 -1 1 0 0 0 0 0 -5.1413e-10 -0 0 0 -0 0 0 0 0 0 0 0 0 0 0 0 0 0 1 13150.8 13150.8 13150.8 13150.8
-1 -1 1 -1 -1 1 0 0 0 0 0 -2.69627e-09 -0 0 0 -0 0 0 0 0 0 0 0 0 0 0 0 0 0 1 13150.8 13150.8 13150.8 13150.8
-1 -1 1 -1 -1 1 0 0 0 0 0 2.40965e-09 -0 0 0 -0 0 0 0 0 0 0 0 0 0 0 0 0 0 1 13150.8 13150.8 13150.8 13150.8
-1 -1 1 -1 -1 1 0 0 0 0 0 2.24139e-10 -0 0 0 -0 0 0 0 0 0 0 0 0 0 0 0 0 0 1 13150.8 13150.8 13150.8 13150.8
-1 -1 1 -1 -1 1 0 0 0 0 0 -1.97015e-09 -0 0 0 -0 0 0 0 0 0 0 0 0 0 0 0 0 0 1 13150.8 13150.8 13150.8 13150.8
-1 -1 1 -1 -1 1 0 0 0 0 0 3.1179e-09 -0 0 0 -0 0 0 0 0 0 0 0 0 0 0 0 0 0 1 13150.8 13150.8 13150.8 13150.8
-1 -1 1 -1 -1 1 0 0 0 0 0 9.30626e-10 -0 0 0 -0 0 0 0 0 0 0 0 0 0 0 0 0 0 1 13150.8 13150.8 13150.8 13150.8
-1 -1 1 -1 -1 1 0 0 0 0 0 -1.26589e-09 -0 0 0 -0 0 0 0 0 0 0 0 0 0 0 0 0 0 1 13150.8 13150.8 13150.8 13150.8
-1 -1 1 -1 -1 1 0 0 0 0 0 -3.44678e-09 -0 0 0 -0 0 0 0 0 0 0 0 0 0 0 0 0 0 1 13150.8 13150.8 13150.8 13150.8
-1 -1 1 -1 -1 1 0 0 0 0 0 1.66376e-09 -0 0 0 -0 0 0 0 0 0 0 0 0 0 0 0 0 0 1 13150.8 13150.8 13150.8 13150.8
-1 -1 1 -1 -1 1 0 0 0 0 0 -5.21257e-10 -0 0 0 -0 0 0 0 0 0 0 0 0 0 0 0 0 0 1 13150.8 13150.8 13150.8 13150.8
-1 -1 1 -1 -1 1 0 0 0 0 0 -2.71272e-09 -0 0 0 -0 0 0 0 0 0 0 0 0 0 0 0 0 0 1 13150.8 13150.8 13150.8 13150.8
-1 -1 1 -1 -1 1 0 0 0 0 0 2.38801e-09 -0 0 0 -0 0 0 0 0 0 0 0 0 0 0 0 0 0 1 13150.8 13150.8 13150.8 13150.8
-1 -1 1 -1 -1 1 0 0 0 0 0 2.01403e-10 -0 0 0 -0 0 0 0 0 0 0 0 0 0 0 0 0 0 1 13150.8 13150.8 13150.8 13150.8
-1 -1 1 -1 -1 1 0 0 0 0 0 -1.98663e-09 -0 0 0 -0 0 0 0 0 0 0 0 0 0 0 0 0 0 1 13150.8 13150.8 13150.8 13150.8
-1 -1 1 -1 -1 1 0 0 0 0 0 3.1247e-09 -0 0 0 -0 0 0 0 0 0 0 0 0 0 0 0 0 0 1 13150.8 13150.8 13150.8 13150.8
-1 -1 1 -1 -1 1 0 0 0 0 0 9.5821e-10 -0 0 0 -0 0 0 0 0 0 0 0 0 0 0 0 0 0 1 13150.8 13150.8 13150.8 13150.8
-1 -1 1 -1 -1 1 0 0 0 0 0 -1.25782e-09 -0 0 0 -0 0 0 0 0 0 0 0 0 0 0 0 0 0 1 13150.8 13150.8 13150.8 13150.8
-1 -1 1 -1 -1 1 0 0 0 0 0 -3.44461e-09 -0 0 0 -0 0 0 0 0 0 0 0 0 0 0 0 0 0 1 13150.8 13150.8 13150.8 13150.8
-1 -1 1 -1 -1 1 0 0 0 0 0 1.64531e-09 -0 0 0 -0 0 0 0 0 0 0 0 0 0 0 0 0 0 1 13150.8 13150.8 13150.8 13150.8
-1 -1 1 -1 -1 1 0 0 0 0 0 -5.41328e-10 -0 0 0 -0 0 0 0 0 0 0 0 0 0 0 0 0 0 1 13150.8 13150.8 13150.8 13150.8
-1 -1 1 -1 -1 1 0 0 0 0 0 -2.7332e-09 -0 0 0 -0 0 0 0 0 0 0 0 0 0 0 0 0 0 1 13150.8 13150.8 13150.8 13150.8
-1 -1 1 -1 -1 1 0 0 0 0 0 2.36575e-09 -0 0 0 -0 0 0 0 0 0 0 0 0 0 0 0 0 0 1 13150.8 13150.8 13150.8 13150.8
-1 -1 1 -1 -1 1 0 0 0 0 0 1.7853e-10 -0 0 0 -0 0 0 0 0 0 0 0 0 0 0 0 0 0 1 13150.8 13150.8 13150.8 13150.8
-1 -1 1 -1 -1 1 0 0 0 0 0 -2.02491e-09 -0 0 0 -0 0 0 0 0 0 0 0 0 0 0 0 0 0 1 13150.8 13150.8 13150.8 13150.8
-1 -1 1 -1 -1 1 0 0 0 0 0 3.05456e-09 -0 0 0 -0 0 0 0 0 0 0 0 0 0 0 0 0 0 1 13150.8 13150.8 13150.8 13150.8
-1 -1 1 -1 -1 1 0 0 0 0 0 8.75761e-10 -0 0 0 -0 0 0 0 0 0 0 0 0 0 0 0 0 0 1 13150.8 13150.8 13150.8 13150.8
-1 -1 1 -1 -1 1 0 0 0 0 0 -1.321e-09 -0 0 0 -0 0 0 0 0 0 0 0 0 0 0 0 0 0 1 13150.8 13150.8 13150.8 13150.8
-1 -1 1 -1 -1 1 0 0 0 0 0 -3.50609e-09 -0 0 0 -0 0 0 0 0 0 0 0 0 0 0 0 0 0 1 13150.8 13150.8 13150.8 13150.8
-1 -1 1 -1 -1 1 0 0 0 0 0 1.58618e-09 -0 0 0 -0 0 0 0 0 0 0 0 0 0 0 0 0 0 1 13150.8 13150.8 13150.8 13150.8
-1 -1 1 -1 -1 1 0 0 0 0 0 -6.04546e-10 -0 0 0 -0 0 0 0 0 0 0 0 0 0 0 0 0 0 1 13150.8 13150.8 13150.8 13150.8
-1 -1 1 -1 -1 1 0 0 0 0 0 -2.79811e-09 -0 0 0 -0 0 0 0 0 0 0 0 0 0 0 0 0 0 1 13150.8 13150.8 13150.8 13150.8
-1 -1 1 -1 -1 1 0 0 0 0 0 2.2989e-09 -0 0 0 -0 0 0 0 0 0 0 0 0 0 0 0 0 0 1 13150.8 13150.8 13150.8 13150.8
-1 -1 1 -1 -1 1 0 0 0 0 0 1.12506e-10 -0 0 0 -0 0 0 0 0 0 0 0 0 0 0 0 0 0 1 13150.8 13150.8 13150.8 13150.8
-1 -1 1 -1 -1 1 0 0 0 0 0 -2.08163e-09 -0 0 0 -0 0 0 0 0 0 0 0 0 0 0 0 0 0 1 13150.8 13150.8 13150.8 13150.8
-1 -1 1 -1 -1 1 0 0 0 0 0 3.00932e-09 -0 0 0 -0 0 0 0 0 0 0 0 0 0 0 0 0 0 1 13150.8 13150.8 13150.8 13150.8
-1 -1 1 -1 -1 1 0 0 0 0 0 8.24613e-10 -0 0 0 -0 0 0 0 0 0 0 0 0 0 0 0 0 0 1 13150.8 13150.8 13150.8 13150.8
-1 -1 1 -1 -1 1 0 0 0 0 0 -1.37394e-09 -0 0 0 -0 0 0 0 0 0 0 0 0 0 0 0 0 0 1 13150.8 13150.8 13150.8 13150.8
-1 -1 1 -1 -1 1 0 0 0 0 0 -3.56638e-09 -0 0 0 -0 0 0 0 0 0 0 0 0 0 0 0 0 0 1 13150.8 13150.8 13150.8 13150.8
-1 -1 1 -1 -1 1 0 0 0 0 0 1.51451e-09 -0 0 0 -0 0 0 0 0 0 0 0 0 0 0 0 0 0 1 13150.8 13150.8 13150.8 13150.8
-1 -1 1 -1 -1 1 0 0 0 0 0 -6.76939e-10 -0 0 0 -0 0 0 0 0 0 0 0 0 0 0 0 0 0 1 13150.8 13150.8 13150.8 13150.8
-1 -1 1 -1 -1 1 0 0 0 0 0 -2.87458e-09 -0 0 0 -0 0 0 0 0 0 0 0 0 0 0 0 0 0 1 13150.8 13150.8 13150.8 13150.8
-1 -1 1 -1 -1 1 0 0 0 0 0 2.19384e-09 -0 0 0 -0 0 0 0 0 0 0 0 0 0 0 0 0 0 1 13150.8 13150.8 13150.8 13150.8
-1 -1 1 -1 -1 1 0 0 0 0 0 5.63565e-12 -0 0 0 -0 0 0 0 0 0 0 0 0 0 0 0 0 0 1 13150.8 13150.8 13150.8 13150.8
-1 -1 1 -1 -1 1 0 0 0 0 0 -2.19371e-09 -0 0 0 -0 0 0 0 0 0 0 0 0 0 0 0 0 0 1 13150.8 13150.8 13150.8 13150.8
-1 -1 1 -1 -1 1 0 0 0 0 0 2.90069e-09 -0 0 0 -0 0 0 0 0 0 0 0 0 0 0 0 0 0 1 13150.8 13150.8 13150.8 13150.8
-1 -1 1 -1 -1 1 0 0 0 0 0 7.13181e-10 -0 0 0 -0 0 0 0 0 0 0 0 0 0 0 0 0 0 1 13150.8 13150.8 13150.8 13150.8
-1 -1 1 -1 -1 1 0 0 0 0 0 -1.47188e-09 -0 0 0 -0 0 0 0 0 0 0 0 0 0 0 0 0 0 1 13150.8 13150.8 13150.8 13150.8
-1 -1 1 -1 -1 1 0 0 0 0 0 3.63323e-09 -0 0 0 -0 0 0 0 0 0 0 0 0 0 0 0 0 0 1 13150.8 13150.8 13150.8 13150.8
-1 -1 1 -1 -1 1 0 0 0 0 0 1.4519e-09 -0 0 0 -0 0 0 0 0 0 0 0 0 0 0 0 0 0 1 13150.8 13150.8 13150.8 13150.8
-1 -1 1 -1 -1 1 0 0 0 0 0 -7.4504e-10 -0 0 0 -0 0 0 0 0 0 0 0 0 0 0 0 0 0 1 13150.8 13150.8 13150.8 13150.8
-1 -1 1 -1 -1 1 0 0 0 0 0 -2.92977e-09 -0 0 0 -0 0 0 0 0 0 0 0 0 0 0 0 0 0 1 13150.8 13150.8 13150.8 13150.8
-1 -1 1 -1 -1 1 0 0 0 0 0 2.17873e-09 -0 0 0 -0 0 0 0 0 0 0 0 0 0 0 0 0 0 1 13150.8 13150.8 13150.8 13150.8
-1 -1 1 -1 -1 1 0 0 0 0 0 -1.26925e-11 -0 0 0 -0 0 0 0 0 0 0 0 0 0 0 0 0 0 1 13150.8 13150.8 13150.8 13150.8
-1 -1 1 -1 -1 1 0 0 0 0 0 -2.19031e-09 -0 0 0 -0 0 0 0 0 0 0 0 0 0 0 0 0 0 1 13150.8 13150.8 13150.8 13150.8
-1 -1 1 -1 -1 1 0 0 0 0 0 2.90704e-09 -0 0 0 -0 0 0 0 0 0 0 0 0 0 0 0 0 0 1 13150.8 13150.8 13150.8 13150.8
-1 -1 1 -1 -1 1 0 0 0 0 0 7.18771e-10 -0 0 0 -0 0 0 0 0 0 0 0 0 0 0 0 0 0 1 13150.8 13150.8 13150.8 13150.8
-1 -1 1 -1 -1 1 0 0 0 0 0 -1.47907e-09 -0 0 0 -0 0 0 0 0 0 0 0 0 0 0 0 0 0 1 13150.8 13150.8 13150.8 13150.8
-1 -1 1 -1 -1 1 0 0 0 0 0 -3.67243e-09 -0 0 0 -0 0 0 0 0 0 0 0 0 0 0 0 0 0 1 13150.8 13150.8 13150.8 13150.8
-1 -1 1 -1 -1 1 0 0 0 0 0 1.41158e-09 -0 0 0 -0 0 0 0 0 0 0 0 0 0 0 0 0 0 1 13150.8 13150.8 13150.8 13150.8
-1 -1 1 -1 -1 1 0 0 0 0 0 -7.77261e-10 -0 0 0 -0 0 0 0 0 0 0 0 0 0 0 0 0 0 1 13150.8 13150.8 13150.8 13150.8
-1 -1 1 -1 -1 1 0 0 0 0 0 -2.96255e-09 -0 0 0 -0 0 0 0 0 0 0 0 0 0 0 0 0 0 1 13150.8 13150.8 13150.8 13150.8
-1 -1 1 -1 -1 1 0 0 0 0 0 2.14048e-09 -0 0 0 -0 0 0 0 0 0 0 0 0 0 0 0 0 0 1 13150.8 13150.8 13150.8 13150.8
-1 -1 1 -1 -1 1 0 0 0 0 0 -4.75153e-11 -0 0 0 -0 0 0 0 0 0 0 0 0 0 0 0 0 0 1 13150.8 13150.8 13150.8 13150.8
-1 -1 1 -1 -1 1 0 0 0 0 0 -2.2416e-09 -0 0 0 -0 0 0 0 0 0 0 0 0 0 0 0 0 0 1 13150.8 13150.8 13150.8 13150.8
-1 -1 1 -1 -1 1 0 0 0 0 0 2.84345e-09 -0 0 0 -0 0 0 0 0 0 0 0 0 0 0 0 0 0 1 13150.8 13150.8 13150.8 13150.8
-1 -1 1 -1 -1 1 0 0 0 0 0 6.53703e-10 -0 0 0 -0 0 0 0 0 0 0 0 0 0 0 0 0 0 1 13150.8 13150.8 13150.8 13150.8
-1 -1 1 -1 -1 1 0 0 0 0 0 -1.53207e-09 -0 0 0 -0 0 0 0 0 0 0 0 0 0 0 0 0 0 1 13150.8 13150.8 13150.8 13150.8
-1 -1 1 -1 -1 1 0 0 0 0 0 3.58426e-09 -0 0 0 -0 0 0 0 0 0 0 0 0 0 0 0 0 0 1 13150.8 13150.8 13150.8 13150.8
-1 -1 1 -1 -1 1 0 0 0 0 0 1.39861e-09 -0 0 0 -0 0 0 0 0 0 0 0 0 0 0 0 0 0 1 13150.8 13150.8 13150.8 13150.8
-1 -1 1 -1 -1 1 0 0 0 0 0 -7.89063e-10 -0 0 0 -0 0 0 0 0 0 0 0 0 0 0 0 0 0 1 13150.8 13150.8 13150.8 13150.8
-1 -1 1 -1 -1 1 0 0 0 0 0 -2.97678e-09 -0 0 0 -0 0 0 0 0 0 0 0 0 0 0 0 0 0 1 13150.8 13150.8 13150.8 13150.8
-1 -1 1 -1 -1 1 0 0 0 0 0 2.1304e-09 -0 0 0 -0 0 0 0 0 0 0 0 0 0 0 0 0 0 1 13150.8 13150.8 13150.8 13150.8
-1 -1 1 -1 -1 1 0 0 0 0 0 -6.46757e-11 -0 0 0 -0 0 0 0 0 0 0 0 0 0 0 0 0 0 1 13150.8 13150.8 13150.8 13150.8
-1 -1 1 -1 -1 1 0 0 0 0 0 -2.24278e-09 -0 0 0 -0 0 0 0 0 0 0 0 0 0 0 0 0 0 1 13150.8 13150.8 13150.8 13150.8
-1 -1 1 -1 -1 1 0 0 0 0 0 2.85825e-09 -0 0 0 -0 0 0 0 0 0 0 0 0 0 0 0 0 0 1 13150.8 13150.8 13150.8 13150.8
-1 -1 1 -1 -1 1 0 0 0 0 0 6.70889e-10 -0 0 0 -0 0 0 0 0 0 0 0 0 0 0 0 0 0 1 13150.8 13150.8 13150.8 13150.8
-1 -1 1 -1 -1 1 0 0 0 0 0 -1.52533e-09 -0 0 0 -0 0 0 0 0 0 0 0 0 0 0 0 0 0 1 13150.8 13150.8 13150.8 13150.8
-1 -1 1 -1 -1 1 0 0 0 0 0 3.57707e-09 -0 0 0 -0 0 0 0 0 0 0 0 0 0 0 0 0 0 1 13150.8 13150.8 13150.8 13150.8
-1 -1 1 -1 -1 1 0 0 0 0 0 1.38756e-09 -0 0 0 -0 0 0 0 0 0 0 0 0 0 0 0 0 0 1 13150.8 13150.8 13150.8 13150.8
-1 -1 1 -1 -1 1 0 0 0 0 0 -8.01757e-10 -0 0 0 -0 0 0 0 0 0 0 0 0 0 0 0 0 0 1 13150.8 13150.8 13150.8 13150.8
-1 -1 1 -1 -1 1 0 0 0 0 0 -2.98578e-09 -0 0 0 -0 0 0 0 0 0 0 0 0 0 0 0 0 0 1 13150.8 13150.8 13150.8 13150.8
-1 -1 1 -1 -1 1 0 0 0 0 0 2.11723e-09 -0 0 0 -0 0 0 0 0 0 0 0 0 0 0 0 0 0 1 13150.8 13150.8 13150.8 13150.8
-1 -1 1 -1 -1 1 0 0 0 0 0 -7.01769e-11 -0 0 0 -0 0 0 0 0 0 0 0 0 0 0 0 0 0 1 13150.8 13150.8 13150.8 13150.8
-1 -1 1 -1 -1 1 0 0 0 0 0 -2.26479e-09 -0 0 0 -0 0 0 0 0 0 0 0 0 0 0 0 0 0 1 13150.8 13150.8 13150.8 13150.8
-1 -1 1 -1 -1 1 0 0 0 0 0 2.83084e-09 -0 0 0 -0 0 0 0 0 0 0 0 0 0 0 0 0 0 1 13150.8 13150.8 13150.8 13150.8
-1 -1 1 -1 -1 1 0 0 0 0 0 6.50169e-10 -0 0 0 -0 0 0 0 0 0 0 0 0 0 0 0 0 0 1 13150.8 13150.8 13150.8 13150.8
-1 -1 1 -1 -1 1 0 0 0 0 0 -1.54039e-09 -0 0 0 -0 0 0 0 0 0 0 0 0 0 0 0 0 0 1 13150.8 13150.8 13150.8 13150.8
-1 -1 1 -1 -1 1 0 0 0 0 0 3.62598e-09 -0 0 0 -0 0 0 0 0 0 0 0 0 0 0 0 0 0 1 13150.8 13150.8 13150.8 13150.8
-1 -1 1 -1 -1 1 0 0 0 0 0 1.46256e-09 -0 0 0 -0 0 0 0 0 0 0 0 0 0 0 0 0 0 1 13150.8 13150.8 13150.8 13150.8
-1 -1 1 -1 -1 1 0 0 0 0 0 -7.22531e-10 -0 0 0 -0 0 0 0 0 0 0 0 0 0 0 0 0 0 1 13150.8 13150.8 13150.8 13150.8
-1 -1 1 -1 -1 1 0 0 0 0 0 -2.91365e-09 -0 0 0 -0 0 0 0 0 0 0 0 0 0 0 0 0 0 1 13150.8 13150.8 13150.8 13150.8
-1 -1 1 -1 -1 1 0 0 0 0 0 2.1837e-09 -0 0 0 -0 0 0 0 0 0 0 0 0 0 0 0 0 0 1 13150.8 13150.8 13150.8 13150.8
-1 -1 1 -1 -1 1 0 0 0 0 0 -4.93557e-12 -0 0 0 -0 0 0 0 0 0 0 0 0 0 0 0 0 0 1 13150.8 13150.8 13150.8 13150.8
-1 -1 1 -1 -1 1 0 0 0 0 0 -2.19451e-09 -0 0 0 -0 0 0 0 0 0 0 0 0 0 0 0 0 0 1 13150.8 13150.8 13150.8 13150.8
-1 -1 1 -1 -1 1 0 0 0 0 0 2.89476e-09 -0 0 0 -0 0 0 0 0 0 0 0 0 0 0 0 0 0 1 13150.8 13150.8 13150.8 13150.8
-1 -1 1 -1 -1 1 0 0 0 0 0 7.04483e-10 -0 0 0 -0 0 0 0 0 0 0 0 0 0 0 0 0 0 1 13150.8 13150.8 13150.8 13150.8
-1 -1 1 -1 -1 1 0 0 0 0 0 -1.49091e-09 -0 0 0 -0 0 0 0 0 0 0 0 0 0 0 0 0 0 1 13150.8 13150.8 13150.8 13150.8
-1 -1 1 -1 -1 1 0 0 0 0 0 -3.70875e-09 -0 0 0 -0 0 0 0 0 0 0 0 0 0 0 0 0 0 1 13150.8 13150.8 13150.8 13150.8
-1 -1 1 -1 -1 1 0 0 0 0 0 1.32399e-09 -0 0 0 -0 0 0 0 0 0 0 0 0 0 0 0 0 0 1 13150.8 13150.8 13150.8 13150.8
-1 -1 1 -1 -1 1 0 0 0 0 0 -8.61629e-10 -0 0 0 -0 0 0 0 0 0 0 0 0 0 0 0 0 0 1 13150.8 13150.8 13150.8 13150.8
-1 -1 1 -1 -1 1 0 0 0 0 0 -3.05465e-09 -0 0 0 -0 0 0 0 0 0 0 0 0 0 0 0 0 0 1 13150.8 13150.8 13150.8 13150.8
-1 -1 1 -1 -1 1 0 0 0 0 0 2.04957e-09 -0 0 0 -0 0 0 0 0 0 0 0 0 0 0 0 0 0 1 13150.8 13150.8 13150.8 13150.8
-1 -1 1 -1 -1 1 0 0 0 0 0 -1.37131e-10 -0 0 0 -0 0 0 0 0 0 0 0 0 0 0 0 0 0 1 13150.8 13150.8 13150.8 13150.8
-1 -1 1 -1 -1 1 0 0 0 0 0 -2.33281e-09 -0 0 0 -0 0 0 0 0 0 0 0 0 0 0 0 0 0 1 13150.8 13150.8 13150.8 13150.8
-1 -1 1 -1 -1 1 0 0 0 0 0 2.74103e-09 -0 0 0 -0 0 0 0 0 0 0 0 0 0 0 0 0 0 1 13150.8 13150.8 13150.8 13150.8
-1 -1 1 -1 -1 1 0 0 0 0 0 5.50981e-10 -0 0 0 -0 0 0 0 0 0 0 0 0 0 0 0 0 0 1 13150.8 13150.8 13150.8 13150.8
-1 -1 1 -1 -1 1 0 0 0 0 0 -1.63624e-09 -0 0 0 -0 0 0 0 0 0 0 0 0 0 0 0 0 0 1 13150.8 13150.8 13150.8 13150.8
-1 -1 1 -1 -1 1 0 0 0 0 0 3.45799e-09 -0 0 0 -0 0 0 0 0 0 0 0 0 0 0 0 0 0 1 13150.8 13150.8 13150.8 13150.8
-1 -1 1 -1 -1 1 0 0 0 0 0 1.26734e-09 -0 0 0 -0 0 0 0 0 0 0 0 0 0 0 0 0 0 1 13150.8 13150.8 13150.8 13150.8
-1 -1 1 -1 -1 1 0 0 0 0 0 -9.33038e-10 -0 0 0 -0 0 0 0 0 0 0 0 0 0 0 0 0 0 1 13150.8 13150.8 13150.8 13150.8
-1 -1 1 -1 -1 1 0 0 0 0 0 -3.11541e-09 -0 0 0 -0 0 0 0 0 0 0 0 0 0 0 0 0 0 1 13150.8 13150.8 13150.8 13150.8
-1 -1 1 -1 -1 1 0 0 0 0 0 1.97087e-09 -0 0 0 -0 0 0 0 0 0 0 0 0 0 0 0 0 0 1 13150.8 13150.8 13150.8 13150.8
-1 -1 1 -1 -1 1 0 0 0 0 0 -2.25826e-10 -0 0 0 -0 0 0 0 0 0 0 0 0 0 0 0 0 0 1 13150.8 13150.8 13150.8 13150.8
-1 -1 1 -1 -1 1 0 0 0 0 0 -2.42301e-09 -0 0 0 -0 0 0 0 0 0 0 0 0 0 0 0 0 0 1 13150.8 13150.8 13150.8 13150.8
-1 -1 1 -1 -1 1 0 0 0 0 0 2.63961e-09 -0 0 0 -0 0 0 0 0 0 0 0 0 0 0 0 0 0 1 13150.8 13150.8 13150.8 13150.8
-1 -1 1 -1 -1 1 0 0 0 0 0 4.52609e-10 -0 0 0 -0 0 0 0 0 0 0 0 0 0 0 0 0 0 1 13150.8 13150.8 13150.8 13150.8
-1 -1 1 -1 -1 1 0 0 0 0 0 -1.74144e-09 -0 0 0 -0 0 0 0 0 0 0 0 0 0 0 0 0 0 1 13150.8 13150.8 13150.8 13150.8
-1 -1 1 -1 -1 1 0 0 0 0 0 3.3546e-09 -0 0 0 -0 0 0 0 0 0 0 0 0 0 0 0 0 0 1 13150.8 13150.8 13150.8 13150.8
-1 -1 1 -1 -1 1 0 0 0 0 0 1.16412e-09 -0 0 0 -0 0 0 0 0 0 0 0 0 0 0 0 0 0 1 13150.8 13150.8 13150.8 13150.8
-1 -1 1 -1 -1 1 0 0 0 0 0 -1.02301e-09 -0 0 0 -0 0 0 0 0 0 0 0 0 0 0 0 0 0 1 13150.8 13150.8 13150.8 13150.8
-1 -1 1 -1 -1 1 0 0 0 0 0 -3.21156e-09 -0 0 0 -0 0 0 0 0 0 0 0 0 0 0 0 0 0 1 13150.8 13150.8 13150.8 13150.8
-1 -1 1 -1 -1 1 0 0 0 0 0 1.89547e-09 -0 0 0 -0 0 0 0 0 0 0 0 0 0 0 0 0 0 1 13150.8 13150.8 13150.8 13150.8
-1 -1 1 -1 -1 1 0 0 0 0 0 -2.97132e-10 -0 0 0 -0 0 0 0 0 0 0 0 0 0 0 0 0 0 1 13150.8 13150.8 13150.8 13150.8
-1 -1 1 -1 -1 1 0 0 0 0 0 -2.48603e-09 -0 0 0 -0 0 0 0 0 0 0 0 0 0 0 0 0 0 1 13150.8 13150.8 13150.8 13150.8
-1 -1 1 -1 -1 1 0 0 0 0 0 2.60987e-09 -0 0 0 -0 0 0 0 0 0 0 0 0 0 0 0 0 0 1 13150.8 13150.8 13150.8 13150.8
-1 -1 1 -1 -1 1 0 0 0 0 0 4.25025e-10 -0 0 0 -0 0 0 0 0 0 0 0 0 0 0 0 0 0 1 13150.8 13150.8 13150.8 13150.8
-1 -1 1 -1 -1 1 0 0 0 0 0 -1.76271e-09 -0 0 0 -0 0 0 0 0 0 0 0 0 0 0 0 0 0 1 13150.8 13150.8 13150.8 13150.8
-1 -1 1 -1 -1 1 0 0 0 0 0 3.33149e-09 -0 0 0 -0 0 0 0 0 0 0 0 0 0 0 0 0 0 1 13150.8 13150.8 13150.8 13150.8
-1 -1 1 -1 -1 1 0 0 0 0 0 1.14228e-09 -0 0 0 -0 0 0 0 0 0 0 0 0 0 0 0 0 0 1 13150.8 13150.8 13150.8 13150.8
-1 -1 1 -1 -1 1 0 0 0 0 0 -1.04825e-09 -0 0 0 -0 0 0 0 0 0 0 0 0 0 0 0 0 0 1 13150.8 13150.8 13150.8 13150.8
-1 -1 1 -1 -1 1 0 0 0 0 0 -3.23739e-09 -0 0 0 -0 0 0 0 0 0 0 0 0 0 0 0 0 0 1 13150.8 13150.8 13150.8 13150.8
-1 -1 1 -1 -1 1 0 0 0 0 0 1.85976e-09 -0 0 0 -0 0 0 0 0 0 0 0 0 0 0 0 0 0 1 13150.8 13150.8 13150.8 13150.8
-1 -1 1 -1 -1 1 0 0 0 0 0 -3.2758e-10 -0 0 0 -0 0 0 0 0 0 0 0 0 0 0 0 0 0 1 13150.8 13150.8 13150.8 13150.8
-1 -1 1 -1 -1 1 0 0 0 0 0 -2.5189e-09 -0 0 0 -0 0 0 0 0 0 0 0 0 0 0 0 0 0 1 13150.8 13150.8 13150.8 13150.8
-1 -1 1 -1 -1 1 0 0 0 0 0 2.57875e-09 -0 0 0 -0 0 0 0 0 0 0 0 0 0 0 0 0 0 1 13150.8 13150.8 13150.8 13150.8
-1 -1 1 -1 -1 1 0 0 0 0 0 3.8953e-10 -0 0 0 -0 0 0 0 0 0 0 0 0 0 0 0 0 0 1 13150.8 13150.8 13150.8 13150.8
-1 -1 1 -1 -1 1 0 0 0 0 0 -1.80017e-09 -0 0 0 -0 0 0 0 0 0 0 0 0 0 0 0 0 0 1 13150.8 13150.8 13150.8 13150.8
-1 -1 1 -1 -1 1 0 0 0 0 0 3.31838e-09 -0 0 0 -0 0 0 0 0 0 0 0 0 0 0 0 0 0 1 13150.8 13150.8 13150.8 13150.8
-1 -1 1 -1 -1 1 0 0 0 0 0 1.13673e-09 -0 0 0 -0 0 0 0 0 0 0 0 0 0 0 0 0 0 1 13150.8 13150.8 13150.8 13150.8
-1 -1 1 -1 -1 1 0 0 0 0 0 -1.05523e-09 -0 0 0 -0 0 0 0 0 0 0 0 0 0 0 0 0 0 1 13150.8 13150.8 13150.8 13150.8
-1 -1 1 -1 -1 1 0 0 0 0 0 -3.24158e-09 -0 0 0 -0 0 0 0 0 0 0 0 0 0 0 0 0 0 1 13150.8 13150.8 13150.8 13150.8
-1 -1 1 -1 -1 1 0 0 0 0 0 1.85462e-09 -0 0 0 -0 0 0 0 0 0 0 0 0 0 0 0 0 0 1 13150.8 13150.8 13150.8 13150.8
-1 -1 1 -1 -1 1 0 0 0 0 0 -3.33587e-10 -0 0 0 -0 0 0 0 0 0 0 0 0 0 0 0 0 0 1 13150.8 13150.8 13150.8 13150.8
-1 -1 1 -1 -1 1 0 0 0 0 0 -2.52172e-09 -0 0 0 -0 0 0 0 0 0 0 0 0 0 0 0 0 0 1 13150.8 13150.8 13150.8 13150.8
-1 -1 1 -1 -1 1 0 0 0 0 0 2.59579e-09 -0 0 0 -0 0 0 0 0 0 0 0 0 0 0 0 0 0 1 13150.8 13150.8 13150.8 13150.8
-1 -1 1 -1 -1 1 0 0 0 0 0 4.14417e-10 -0 0 0 -0 0 0 0 0 0 0 0 0 0 0 0 0 0 1 13150.8 13150.8 13150.8 13150.8
-1 -1 1 -1 -1 1 0 0 0 0 0 -1.77299e-09 -0 0 0 -0 0 0 0 0 0 0 0 0 0 0 0 0 0 1 13150.8 13150.8 13150.8 13150.8
-1 -1 1 -1 -1 1 0 0 0 0 0 3.32354e-09 -0 0 0 -0 0 0 0 0 0 0 0 0 0 0 0 0 0 1 13150.8 13150.8 13150.8 13150.8
-1 -1 1 -1 -1 1 0 0 0 0 0 1.13393e-09 -0 0 0 -0 0 0 0 0 0 0 0 0 0 0 0 0 0 1 13150.8 13150.8 13150.8 13150.8
-1 -1 1 -1 -1 1 0 0 0 0 0 -1.05342e-09 -0 0 0 -0 0 0 0 0 0 0 0 0 0 0 0 0 0 1 13150.8 13150.8 13150.8 13150.8
-1 -1 1 -1 -1 1 0 0 0 0 0 -3.24479e-09 -0 0 0 -0 0 0 0 0 0 0 0 0 0 0 0 0 0 1 13150.8 13150.8 13150.8 13150.8
-1 -1 1 -1 -1 1 0 0 0 0 0 1.88189e-09 -0 0 0 -0 0 0 0 0 0 0 0 0 0 0 0 0 0 1 13150.8 13150.8 13150.8 13150.8
-1 -1 1 -1 -1 1 0 0 0 0 0 -3.11991e-10 -0 0 0 -0 0 0 0 0 0 0 0 0 0 0 0 0 0 1 13150.8 13150.8 13150.8 13150.8
-1 -1 1 -1 -1 1 0 0 0 0 0 -2.48533e-09 -0 0 0 -0 0 0 0 0 0 0 0 0 0 0 0 0 0 1 13150.8 13150.8 13150.8 13150.8
-1 -1 1 -1 -1 1 0 0 0 0 0 2.61174e-09 -0 0 0 -0 0 0 0 0 0 0 0 0 0 0 0 0 0 1 13150.8 13150.8 13150.8 13150.8
-1 -1 1 -1 -1 1 0 0 0 0 0 4.23098e-10 -0 0 0 -0 0 0 0 0 0 0 0 0 0 0 0 0 0 1 13150.8 13150.8 13150.8 13150.8
-1 -1 1 -1 -1 1 0 0 0 0 0 -1.76656e-09 -0 0 0 -0 0 0 0 0 0 0 0 0 0 0 0 0 0 1 13150.8 13150.8 13150.8 13150.8
-1 -1 1 -1 -1 1 0 0 0 0 0 3.33491e-09 -0 0 0 -0 0 0 0 0 0 0 0 0 0 0 0 0 0 1 13150.8 13150.8 13150.8 13150.8
-1 -1 1 -1 -1 1 0 0 0 0 0 1.14482e-09 -0 0 0 -0 0 0 0 0 0 0 0 0 0 0 0 0 0 1 13150.8 13150.8 13150.8 13150.8
-1 -1 1 -1 -1 1 0 0 0 0 0 -1.04581e-09 -0 0 0 -0 0 0 0 0 0 0 0 0 0 0 0 0 0 1 13150.8 13150.8 13150.8 13150.8
-1 -1 1 -1 -1 1 0 0 0 0 0 -3.2313e-09 -0 0 0 -0 0 0 0 0 0 0 0 0 0 0 0 0 0 1 13150.8 13150.8 13150.8 13150.8
-1 -1 1 -1 -1 1 0 0 0 0 0 1.88921e-09 -0 0 0 -0 0 0 0 0 0 0 0 0 0 0 0 0 0 1 13150.8 13150.8 13150.8 13150.8
-1 -1 1 -1 -1 1 0 0 0 0 0 -2.94843e-10 -0 0 0 -0 0 0 0 0 0 0 0 0 0 0 0 0 0 1 13150.8 13150.8 13150.8 13150.8
-1 -1 1 -1 -1 1 0 0 0 0 0 -2.48171e-09 -0 0 0 -0 0 0 0 0 0 0 0 0 0 0 0 0 0 1 13150.8 13150.8 13150.8 13150.8
-1 -1 1 -1 -1 1 0 0 0 0 0 2.61251e-09 -0 0 0 -0 0 0 0 0 0 0 0 0 0 0 0 0 0 1 13150.8 13150.8 13150.8 13150.8
-1 -1 1 -1 -1 1 0 0 0 0 0 4.24184e-10 -0 0 0 -0 0 0 0 0 0 0 0 0 0 0 0 0 0 1 13150.8 13150.8 13150.8 13150.8
-1 -1 1 -1 -1 1 0 0 0 0 0 -1.76309e-09 -0 0 0 -0 0 0 0 0 0 0 0 0 0 0 0 0 0 1 13150.8 13150.8 13150.8 13150.8
-1 -1 1 -1 -1 1 0 0 0 0 0 3.33853e-09 -0 0 0 -0 0 0 0 0 0 0 0 0 0 0 0 0 0 1 13150.8 13150.8 13150.8 13150.8
-1 -1 1 -1 -1 1 0 0 0 0 0 1.14644e-09 -0 0 0 -0 0 0 0 0 0 0 0 0 0 0 0 0 0 1 13150.8 13150.8 13150.8 13150.8
-1 -1 1 -1 -1 1 0 0 0 0 0 -1.0401e-09 -0 0 0 -0 0 0 0 0 0 0 0 0 0 0 0 0 0 1 13150.8 13150.8 13150.8 13150.8
-1 -1 1 -1 -1 1 0 0 0 0 0 -3.23117e-09 -0 0 0 -0 0 0 0 0 0 0 0 0 0 0 0 0 0 1 13150.8 13150.8 13150.8 13150.8
-1 -1 1 -1 -1 1 0 0 0 0 0 1.86809e-09 -0 0 0 -0 0 0 0 0 0 0 0 0 0 0 0 0 0 1 13150.8 13150.8 13150.8 13150.8
-1 -1 1 -1 -1 1 0 0 0 0 0 -3.19526e-10 -0 0 0 -0 0 0 0 0 0 0 0 0 0 0 0 0 0 1 13150.8 13150.8 13150.8 13150.8
-1 -1 1 -1 -1 1 0 0 0 0 0 -2.50807e-09 -0 0 0 -0 0 0 0 0 0 0 0 0 0 0 0 0 0 1 13150.8 13150.8 13150.8 13150.8
-1 -1 1 -1 -1 1 0 0 0 0 0 2.58583e-09 -0 0 0 -0 0 0 0 0 0 0 0 0 0 0 0 0 0 1 13150.8 13150.8 13150.8 13150.8
-1 -1 1 -1 -1 1 0 0 0 0 0 3.98202e-10 -0 0 0 -0 0 0 0 0 0 0 0 0 0 0 0 0 0 1 13150.8 13150.8 13150.8 13150.8
-1 -1 1 -1 -1 1 0 0 0 0 0 -1.7985e-09 -0 0 0 -0 0 0 0 0 0 0 0 0 0 0 0 0 0 1 13150.8 13150.8 13150.8 13150.8
-1 -1 1 -1 -1 1 0 0 0 0 0 3.29294e-09 -0 0 0 -0 0 0 0 0 0 0 0 0 0 0 0 0 0 1 13150.8 13150.8 13150.8 13150.8
-1 -1 1 -1 -1 1 0 0 0 0 0 1.10389e-09 -0 0 0 -0 0 0 0 0 0 0 0 0 0 0 0 0 0 1 13150.8 13150.8 13150.8 13150.8
-1 -1 1 -1 -1 1 0 0 0 0 0 -1.08445e-09 -0 0 0 -0 0 0 0 0 0 0 0 0 0 0 0 0 0 1 13150.8 13150.8 13150.8 13150.8
-1 -1 1 -1 -1 1 0 0 0 0 0 -3.27395e-09 -0 0 0 -0 0 0 0 0 0 0 0 0 0 0 0 0 0 1 13150.8 13150.8 13150.8 13150.8
-1 -1 1 -1 -1 1 0 0 0 0 0 1.83385e-09 -0 0 0 -0 0 0 0 0 0 0 0 0 0 0 0 0 0 1 13150.8 13150.8 13150.8 13150.8
-1 -1 1 -1 -1 1 0 0 0 0 0 -3.60434e-10 -0 0 0 -0 0 0 0 0 0 0 0 0 0 0 0 0 0 1 13150.8 13150.8 13150.8 13150.8
-1 -1 1 -1 -1 1 0 0 0 0 0 -2.55176e-09 -0 0 0 -0 0 0 0 0 0 0 0 0 0 0 0 0 0 1 13150.8 13150.8 13150.8 13150.8
-1 -1 1 -1 -1 1 0 0 0 0 0 2.52456e-09 -0 0 0 -0 0 0 0 0 0 0 0 0 0 0 0 0 0 1 13150.8 13150.8 13150.8 13150.8
-1 -1 1 -1 -1 1 0 0 0 0 0 3.27441e-10 -0 0 0 -0 0 0 0 0 0 0 0 0 0 0 0 0 0 1 13150.8 13150.8 13150.8 13150.8
-1 -1 1 -1 -1 1 0 0 0 0 0 -1.84856e-09 -0 0 0 -0 0 0 0 0 0 0 0 0 0 0 0 0 0 1 13150.8 13150.8 13150.8 13150.8
-1 -1 1 -1 -1 1 0 0 0 0 0 3.24233e-09 -0 0 0 -0 0 0 0 0 0 0 0 0 0 0 0 0 0 1 13150.8 13150.8 13150.8 13150.8
-1 -1 1 -1 -1 1 0 0 0 0 0 1.04886e-09 -0 0 0 -0 0 0 0 0 0 0 0 0 0 0 0 0 0 1 13150.8 13150.8 13150.8 13150.8
-1 -1 1 -1 -1 1 0 0 0 0 0 -1.14958e-09 -0 0 0 -0 0 0 0 0 0 0 0 0 0 0 0 0 0 1 13150.8 13150.8 13150.8 13150.8
-1 -1 1 -1 -1 1 0 0 0 0 0 -3.33237e-09 -0 0 0 -0 0 0 0 0 0 0 0 0 0 0 0 0 0 1 13150.8 13150.8 13150.8 13150.8
-1 -1 1 -1 -1 1 0 0 0 0 0 1.77107e-09 -0 0 0 -0 0 0 0 0 0 0 0 0 0 0 0 0 0 1 13150.8 13150.8 13150.8 13150.8
-1 -1 1 -1 -1 1 0 0 0 0 0 -4.18784e-10 -0 0 0 -0 0 0 0 0 0 0 0 0 0 0 0 0 0 1 13150.8 13150.8 13150.8 13150.8
-1 -1 1 -1 -1 1 0 0 0 0 0 -2.60193e-09 -0 0 0 -0 0 0 0 0 0 0 0 0 0 0 0 0 0 1 13150.8 13150.8 13150.8 13150.8
-1 -1 1 -1 -1 1 0 0 0 0 0 2.4925e-09 -0 0 0 -0 0 0 0 0 0 0 0 0 0 0 0 0 0 1 13150.8 13150.8 13150.8 13150.8
-1 -1 1 -1 -1 1 0 0 0 0 0 3.04397e-10 -0 0 0 -0 0 0 0 0 0 0 0 0 0 0 0 0 0 1 13150.8 13150.8 13150.8 13150.8
-1 -1 1 -1 -1 1 0 0 0 0 0 -1.8987e-09 -0 0 0 -0 0 0 0 0 0 0 0 0 0 0 0 0 0 1 13150.8 13150.8 13150.8 13150.8
-1 -1 1 -1 -1 1 0 0 0 0 0 3.17651e-09 -0 0 0 -0 0 0 0 0 0 0 0 0 0 0 0 0 0 1 13150.8 13150.8 13150.8 13150.8
-1 -1 1 -1 -1 1 0 0 0 0 0 9.86011e-10 -0 0 0 -0 0 0 0 0 0 0 0 0 0 0 0 0 0 1 13150.8 13150.8 13150.8 13150.8
-1 -1 1 -1 -1 1 0 0 0 0 0 -1.19835e-09 -0 0 0 -0 0 0 0 0 0 0 0 0 0 0 0 0 0 1 13150.8 13150.8 13150.8 13150.8
-1 -1 1 -1 -1 1 0 0 0 0 0 -3.38861e-09 -0 0 0 -0 0 0 0 0 0 0 0 0 0 0 0 0 0 1 13150.8 13150.8 13150.8 13150.8
-1 -1 1 -1 -1 1 0 0 0 0 0 1.73617e-09 -0 0 0 -0 0 0 0 0 0 0 0 0 0 0 0 0 0 1 13150.8 13150.8 13150.8 13150.8
-1 -1 1 -1 -1 1 0 0 0 0 0 -4.45206e-10 -0 0 0 -0 0 0 0 0 0 0 0 0 0 0 0 0 0 1 13150.8 13150.8 13150.8 13150.8
-1 -1 1 -1 -1 1 0 0 0 0 0 -2.64047e-09 -0 0 0 -0 0 0 0 0 0 0 0 0 0 0 0 0 0 1 13150.8 13150.8 13150.8 13150.8
-1 -1 1 -1 -1 1 0 0 0 0 0 2.44152e-09 -0 0 0 -0 0 0 0 0 0 0 0 0 0 0 0 0 0 1 13150.8 13150.8 13150.8 13150.8
-1 -1 1 -1 -1 1 0 0 0 0 0 2.46797e-10 -0 0 0 -0 0 0 0 0 0 0 0 0 0 0 0 0 0 1 13150.8 13150.8 13150.8 13150.8
-1 -1 1 -1 -1 1 0 0 0 0 0 -1.93267e-09 -0 0 0 -0 0 0 0 0 0 0 0 0 0 0 0 0 0 1 13150.8 13150.8 13150.8 13150.8
-1 -1 1 -1 -1 1 0 0 0 0 0 3.18165e-09 -0 0 0 -0 0 0 0 0 0 0 0 0 0 0 0 0 0 1 13150.8 13150.8 13150.8 13150.8
-1 -1 1 -1 -1 1 0 0 0 0 0 9.97285e-10 -0 0 0 -0 0 0 0 0 0 0 0 0 0 0 0 0 0 1 13150.8 13150.8 13150.8 13150.8
-1 -1 1 -1 -1 1 0 0 0 0 0 -1.20601e-09 -0 0 0 -0 0 0 0 0 0 0 0 0 0 0 0 0 0 1 13150.8 13150.8 13150.8 13150.8
-1 -1 1 -1 -1 1 0 0 0 0 0 -3.38085e-09 -0 0 0 -0 0 0 0 0 0 0 0 0 0 0 0 0 0 1 13150.8 13150.8 13150.8 13150.8
-1 -1 1 -1 -1 1 0 0 0 0 0 1.71642e-09 -0 0 0 -0 0 0 0 0 0 0 0 0 0 0 0 0 0 1 13150.8 13150.8 13150.8 13150.8
-1 -1 1 -1 -1 1 0 0 0 0 0 -4.70842e-10 -0 0 0 -0 0 0 0 0 0 0 0 0 0 0 0 0 0 1 13150.8 13150.8 13150.8 13150.8
-1 -1 1 -1 -1 1 0 0 0 0 0 -2.66236e-09 -0 0 0 -0 0 0 0 0 0 0 0 0 0 0 0 0 0 1 13150.8 13150.8 13150.8 13150.8
-1 -1 1 -1 -1 1 0 0 0 0 0 2.42952e-09 -0 0 0 -0 0 0 0 0 0 0 0 0 0 0 0 0 0 1 13150.8 13150.8 13150.8 13150.8
-1 -1 1 -1 -1 1 0 0 0 0 0 2.42211e-10 -0 0 0 -0 0 0 0 0 0 0 0 0 0 0 0 0 0 1 13150.8 13150.8 13150.8 13150.8
-1 -1 1 -1 -1 1 0 0 0 0 0 -1.95546e-09 -0 0 0 -0 0 0 0 0 0 0 0 0 0 0 0 0 0 1 13150.8 13150.8 13150.8 13150.8
-1 -1 1 -1 -1 1 0 0 0 0 0 3.1404e-09 -0 0 0 -0 0 0 0 0 0 0 0 0 0 0 0 0 0 1 13150.8 13150.8 13150.8 13150.8
-1 -1 1 -1 -1 1 0 0 0 0 0 9.50668e-10 -0 0 0 -0 0 0 0 0 0 0 0 0 0 0 0 0 0 1 13150.8 13150.8 13150.8 13150.8
-1 -1 1 -1 -1 1 0 0 0 0 0 -1.23606e-09 -0 0 0 -0 0 0 0 0 0 0 0 0 0 0 0 0 0 1 13150.8 13150.8 13150.8 13150.8
-1 -1 1 -1 -1 1 0 0 0 0 0 -3.42265e-09 -0 0 0 -0 0 0 0 0 0 0 0 0 0 0 0 0 0 1 13150.8 13150.8 13150.8 13150.8
-1 -1 1 -1 -1 1 0 0 0 0 0 1.68793e-09 -0 0 0 -0 0 0 0 0 0 0 0 0 0 0 0 0 0 1 13150.8 13150.8 13150.8 13150.8
-1 -1 1 -1 -1 1 0 0 0 0 0 -5.11924e-10 -0 0 0 -0 0 0 0 0 0 0 0 0 0 0 0 0 0 1 13150.8 13150.8 13150.8 13150.8
-1 -1 1 -1 -1 1 0 0 0 0 0 -2.69228e-09 -0 0 0 -0 0 0 0 0 0 0 0 0 0 0 0 0 0 1 13150.8 13150.8 13150.8 13150.8
-1 -1 1 -1 -1 1 0 0 0 0 0 2.39504e-09 -0 0 0 -0 0 0 0 0 0 0 0 0 0 0 0 0 0 1 13150.8 13150.8 13150.8 13150.8
-1 -1 1 -1 -1 1 0 0 0 0 0 2.08322e-10 -0 0 0 -0 0 0 0 0 0 0 0 0 0 0 0 0 0 1 13150.8 13150.8 13150.8 13150.8
-1 -1 1 -1 -1 1 0 0 0 0 0 -1.98068e-09 -0 0 0 -0 0 0 0 0 0 0 0 0 0 0 0 0 0 1 13150.8 13150.8 13150.8 13150.8
-1 -1 1 -1 -1 1 0 0 0 0 0 3.11227e-09 -0 0 0 -0 0 0 0 0 0 0 0 0 0 0 0 0 0 1 13150.8 13150.8 13150.8 13150.8
-1 -1 1 -1 -1 1 0 0 0 0 0 9.18806e-10 -0 0 0 -0 0 0 0 0 0 0 0 0 0 0 0 0 0 1 13150.8 13150.8 13150.8 13150.8
-1 -1 1 -1 -1 1 0 0 0 0 0 -1.26864e-09 -0 0 0 -0 0 0 0 0 0 0 0 0 0 0 0 0 0 1 13150.8 13150.8 13150.8 13150.8
-1 -1 1 -1 -1 1 0 0 0 0 0 -3.45983e-09 -0 0 0 -0 0 0 0 0 0 0 0 0 0 0 0 0 0 1 13150.8 13150.8 13150.8 13150.8
-1 -1 1 -1 -1 1 0 0 0 0 0 1.64219e-09 -0 0 0 -0 0 0 0 0 0 0 0 0 0 0 0 0 0 1 13150.8 13150.8 13150.8 13150.8
-1 -1 1 -1 -1 1 0 0 0 0 0 -5.41873e-10 -0 0 0 -0 0 0 0 0 0 0 0 0 0 0 0 0 0 1 13150.8 13150.8 13150.8 13150.8
-1 -1 1 -1 -1 1 0 0 0 0 0 -2.73042e-09 -0 0 0 -0 0 0 0 0 0 0 0 0 0 0 0 0 0 1 13150.8 13150.8 13150.8 13150.8
-1 -1 1 -1 -1 1 0 0 0 0 0 2.3732e-09 -0 0 0 -0 0 0 0 0 0 0 0 0 0 0 0 0 0 1 13150.8 13150.8 13150.8 13150.8
-1 -1 1 -1 -1 1 0 0 0 0 0 1.78347e-10 -0 0 0 -0 0 0 0 0 0 0 0 0 0 0 0 0 0 1 13150.8 13150.8 13150.8 13150.8
-1 -1 1 -1 -1 1 0 0 0 0 0 -2.01503e-09 -0 0 0 -0 0 0 0 0 0 0 0 0 0 0 0 0 0 1 13150.8 13150.8 13150.8 13150.8
-1 -1 1 -1 -1 1 0 0 0 0 0 3.06482e-09 -0 0 0 -0 0 0 0 0 0 0 0 0 0 0 0 0 0 1 13150.8 13150.8 13150.8 13150.8
-1 -1 1 -1 -1 1 0 0 0 0 0 8.69727e-10 -0 0 0 -0 0 0 0 0 0 0 0 0 0 0 0 0 0 1 13150.8 13150.8 13150.8 13150.8
-1 -1 1 -1 -1 1 0 0 0 0 0 -1.31645e-09 -0 0 0 -0 0 0 0 0 0 0 0 0 0 0 0 0 0 1 13150.8 13150.8 13150.8 13150.8
-1 -1 1 -1 -1 1 0 0 0 0 0 -3.50557e-09 -0 0 0 -0 0 0 0 0 0 0 0 0 0 0 0 0 0 1 13150.8 13150.8 13150.8 13150.8
-1 -1 1 -1 -1 1 0 0 0 0 0 1.59228e-09 -0 0 0 -0 0 0 0 0 0 0 0 0 0 0 0 0 0 1 13150.8 13150.8 13150.8 13150.8
-1 -1 1 -1 -1 1 0 0 0 0 0 -5.99957e-10 -0 0 0 -0 0 0 0 0 0 0 0 0 0 0 0 0 0 1 13150.8 13150.8 13150.8 13150.8
-1 -1 1 -1 -1 1 0 0 0 0 0 -2.79053e-09 -0 0 0 -0 0 0 0 0 0 0 0 0 0 0 0 0 0 1 13150.8 13150.8 13150.8 13150.8
-1 -1 1 -1 -1 1 0 0 0 0 0 2.30422e-09 -0 0 0 -0 0 0 0 0 0 0 0 0 0 0 0 0 0 1 13150.8 13150.8 13150.8 13150.8
-1 -1 1 -1 -1 1 0 0 0 0 0 1.19268e-10 -0 0 0 -0 0 0 0 0 0 0 0 0 0 0 0 0 0 1 13150.8 13150.8 13150.8 13150.8
-1 -1 1 -1 -1 1 0 0 0 0 0 -2.07682e-09 -0 0 0 -0 0 0 0 0 0 0 0 0 0 0 0 0 0 1 13150.8 13150.8 13150.8 13150.8
-1 -1 1 -1 -1 1 0 0 0 0 0 3.01153e-09 -0 0 0 -0 0 0 0 0 0 0 0 0 0 0 0 0 0 1 13150.8 13150.8 13150.8 13150.8
-1 -1 1 -1 -1 1 0 0 0 0 0 8.1964e-10 -0 0 0 -0 0 0 0 0 0 0 0 0 0 0 0 0 0 1 13150.8 13150.8 13150.8 13150.8
-1 -1 1 -1 -1 1 0 0 0 0 0 -1.36755e-09 -0 0 0 -0 0 0 0 0 0 0 0 0 0 0 0 0 0 1 13150.8 13150.8 13150.8 13150.8
-1 -1 1 -1 -1 1 0 0 0 0 0 -3.54955e-09 -0 0 0 -0 0 0 0 0 0 0 0 0 0 0 0 0 0 1 13150.8 13150.8 13150.8 13150.8
-1 -1 1 -1 -1 1 0 0 0 0 0 1.55628e-09 -0 0 0 -0 0 0 0 0 0 0 0 0 0 0 0 0 0 1 13150.8 13150.8 13150.8 13150.8
-1 -1 1 -1 -1 1 0 0 0 0 0 -6.31276e-10 -0 0 0 -0 0 0 0 0 0 0 0 0 0 0 0 0 0 1 13150.8 13150.8 13150.8 13150.8
-1 -1 1 -1 -1 1 0 0 0 0 0 -2.81831e-09 -0 0 0 -0 0 0 0 0 0 0 0 0 0 0 0 0 0 1 13150.8 13150.8 13150.8 13150.8
-1 -1 1 -1 -1 1 0 0 0 0 0 2.28992e-09 -0 0 0 -0 0 0 0 0 0 0 0 0 0 0 0 0 0 1 13150.8 13150.8 13150.8 13150.8
-1 -1 1 -1 -1 1 0 0 0 0 0 9.9101e-11 -0 0 0 -0 0 0 0 0 0 0 0 0 0 0 0 0 0 1 13150.8 13150.8 13150.8 13150.8
-1 -1 1 -1 -1 1 0 0 0 0 0 -2.08814e-09 -0 0 0 -0 0 0 0 0 0 0 0 0 0 0 0 0 0 1 13150.8 13150.8 13150.8 13150.8
-1 -1 1 -1 -1 1 0 0 0 0 0 3.02084e-09 -0 0 0 -0 0 0 0 0 0 0 0 0 0 0 0 0 0 1 13150.8 13150.8 13150.8 13150.8
-1 -1 1 -1 -1 1 0 0 0 0 0 8.37372e-10 -0 0 0 -0 0 0 0 0 0 0 0 0 0 0 0 0 0 1 13150.8 13150.8 13150.8 13150.8
-1 -1 1 -1 -1 1 0 0 0 0 0 -1.34524e-09 -0 0 0 -0 0 0 0 0 0 0 0 0 0 0 0 0 0 1 13150.8 13150.8 13150.8 13150.8
-1 -1 1 -1 -1 1 0 0 0 0 0 -3.54229e-09 -0 0 0 -0 0 0 0 0 0 0 0 0 0 0 0 0 0 1 13150.8 13150.8 13150.8 13150.8
-1 -1 1 -1 -1 1 0 0 0 0 0 1.54732e-09 -0 0 0 -0 0 0 0 0 0 0 0 0 0 0 0 0 0 1 13150.8 13150.8 13150.8 13150.8
-1 -1 1 -1 -1 1 0 0 0 0 0 -6.42989e-10 -0 0 0 -0 0 0 0 0 0 0 0 0 0 0 0 0 0 1 13150.8 13150.8 13150.8 13150.8
-1 -1 1 -1 -1 1 0 0 0 0 0 -2.84079e-09 -0 0 0 -0 0 0 0 0 0 0 0 0 0 0 0 0 0 1 13150.8 13150.8 13150.8 13150.8
-1 -1 1 -1 -1 1 0 0 0 0 0 2.25713e-09 -0 0 0 -0 0 0 0 0 0 0 0 0 0 0 0 0 0 1 13150.8 13150.8 13150.8 13150.8
-1 -1 1 -1 -1 1 0 0 0 0 0 7.76719e-11 -0 0 0 -0 0 0 0 0 0 0 0 0 0 0 0 0 0 1 13150.8 13150.8 13150.8 13150.8
-1 -1 1 -1 -1 1 0 0 0 0 0 -2.11024e-09 -0 0 0 -0 0 0 0 0 0 0 0 0 0 0 0 0 0 1 13150.8 13150.8 13150.8 13150.8
-1 -1 1 -1 -1 1 0 0 0 0 0 2.98384e-09 -0 0 0 -0 0 0 0 0 0 0 0 0 0 0 0 0 0 1 13150.8 13150.8 13150.8 13150.8
-1 -1 1 -1 -1 1 0 0 0 0 0 7.92479e-10 -0 0 0 -0 0 0 0 0 0 0 0 0 0 0 0 0 0 1 13150.8 13150.8 13150.8 13150.8
-1 -1 1 -1 -1 1 0 0 0 0 0 -1.39611e-09 -0 0 0 -0 0 0 0 0 0 0 0 0 0 0 0 0 0 1 13150.8 13150.8 13150.8 13150.8
-1 -1 1 -1 -1 1 0 0 0 0 0 -3.58697e-09 -0 0 0 -0 0 0 0 0 0 0 0 0 0 0 0 0 0 1 13150.8 13150.8 13150.8 13150.8
-1 -1 1 -1 -1 1 0 0 0 0 0 1.50617e-09 -0 0 0 -0 0 0 0 0 0 0 0 0 0 0 0 0 0 1 13150.8 13150.8 13150.8 13150.8
-1 -1 1 -1 -1 1 0 0 0 0 0 -6.83108e-10 -0 0 0 -0 0 0 0 0 0 0 0 0 0 0 0 0 0 1 13150.8 13150.8 13150.8 13150.8
-1 -1 1 -1 -1 1 0 0 0 0 0 -2.8717e-09 -0 0 0 -0 0 0 0 0 0 0 0 0 0 0 0 0 0 1 13150.8 13150.8 13150.8 13150.8
-1 -1 1 -1 -1 1 0 0 0 0 0 2.2254e-09 -0 0 0 -0 0 0 0 0 0 0 0 0 0 0 0 0 0 1 13150.8 13150.8 13150.8 13150.8
-1 -1 1 -1 -1 1 0 0 0 0 0 3.6991e-11 -0 0 0 -0 0 0 0 0 0 0 0 0 0 0 0 0 0 1 13150.8 13150.8 13150.8 13150.8
-1 -1 1 -1 -1 1 0 0 0 0 0 -2.16581e-09 -0 0 0 -0 0 0 0 0 0 0 0 0 0 0 0 0 0 1 13150.8 13150.8 13150.8 13150.8
-1 -1 1 -1 -1 1 0 0 0 0 0 2.9106e-09 -0 0 0 -0 0 0 0 0 0 0 0 0 0 0 0 0 0 1 13150.8 13150.8 13150.8 13150.8
-1 -1 1 -1 -1 1 0 0 0 0 0 7.22923e-10 -0 0 0 -0 0 0 0 0 0 0 0 0 0 0 0 0 0 1 13150.8 13150.8 13150.8 13150.8
-1 -1 1 -1 -1 1 0 0 0 0 0 -1.46596e-09 -0 0 0 -0 0 0 0 0 0 0 0 0 0 0 0 0 0 1 13150.8 13150.8 13150.8 13150.8
-1 -1 1 -1 -1 1 0 0 0 0 0 3.6289e-09 -0 0 0 -0 0 0 0 0 0 0 0 0 0 0 0 0 0 1 13150.8 13150.8 13150.8 13150.8
-1 -1 1 -1 -1 1 0 0 0 0 0 1.43751e-09 -0 0 0 -0 0 0 0 0 0 0 0 0 0 0 0 0 0 1 13150.8 13150.8 13150.8 13150.8
-1 -1 1 -1 -1 1 0 0 0 0 0 -7.50252e-10 -0 0 0 -0 0 0 0 0 0 0 0 0 0 0 0 0 0 1 13150.8 13150.8 13150.8 13150.8
-1 -1 1 -1 -1 1 0 0 0 0 0 -2.94507e-09 -0 0 0 -0 0 0 0 0 0 0 0 0 0 0 0 0 0 1 13150.8 13150.8 13150.8 13150.8
-1 -1 1 -1 -1 1 0 0 0 0 0 2.14475e-09 -0 0 0 -0 0 0 0 0 0 0 0 0 0 0 0 0 0 1 13150.8 13150.8 13150.8 13150.8
-1 -1 1 -1 -1 1 0 0 0 0 0 -4.14946e-11 -0 0 0 -0 0 0 0 0 0 0 0 0 0 0 0 0 0 1 13150.8 13150.8 13150.8 13150.8
-1 -1 1 -1 -1 1 0 0 0 0 0 -2.23072e-09 -0 0 0 -0 0 0 0 0 0 0 0 0 0 0 0 0 0 1 13150.8 13150.8 13150.8 13150.8
-1 -1 1 -1 -1 1 0 0 0 0 0 2.86186e-09 -0 0 0 -0 0 0 0 0 0 0 0 0 0 0 0 0 0 1 13150.8 13150.8 13150.8 13150.8
-1 -1 1 -1 -1 1 0 0 0 0 0 6.6859e-10 -0 0 0 -0 0 0 0 0 0 0 0 0 0 0 0 0 0 1 13150.8 13150.8 13150.8 13150.8
-1 -1 1 -1 -1 1 0 0 0 0 0 -1.53366e-09 -0 0 0 -0 0 0 0 0 0 0 0 0 0 0 0 0 0 1 13150.8 13150.8 13150.8 13150.8
-1 -1 1 -1 -1 1 0 0 0 0 0 3.5275e-09 -0 0 0 -0 0 0 0 0 0 0 0 0 0 0 0 0 0 1 13150.8 13150.8 13150.8 13150.8
-1 -1 1 -1 -1 1 0 0 0 0 0 1.33628e-09 -0 0 0 -0 0 0 0 0 0 0 0 0 0 0 0 0 0 1 13150.8 13150.8 13150.8 13150.8
-1 -1 1 -1 -1 1 0 0 0 0 0 -8.50907e-10 -0 0 0 -0 0 0 0 0 0 0 0 0 0 0 0 0 0 1 13150.8 13150.8 13150.8 13150.8
-1 -1 1 -1 -1 1 0 0 0 0 0 -3.0518e-09 -0 0 0 -0 0 0 0 0 0 0 0 0 0 0 0 0 0 1 13150.8 13150.8 13150.8 13150.8
-1 -1 1 -1 -1 1 0 0 0 0 0 2.01891e-09 -0 0 0 -0 0 0 0 0 0 0 0 0 0 0 0 0 0 1 13150.8 13150.8 13150.8 13150.8
-1 -1 1 -1 -1 1 0 0 0 0 0 -1.68098e-10 -0 0 0 -0 0 0 0 0 0 0 0 0 0 0 0 0 0 1 13150.8 13150.8 13150.8 13150.8
-1 -1 1 -1 -1 1 0 0 0 0 0 -2.37323e-09 -0 0 0 -0 0 0 0 0 0 0 0 0 0 0 0 0 0 1 13150.8 13150.8 13150.8 13150.8
-1 -1 1 -1 -1 1 0 0 0 0 0 2.69268e-09 -0 0 0 -0 0 0 0 0 0 0 0 0 0 0 0 0 0 1 13150.8 13150.8 13150.8 13150.8
-1 -1 1 -1 -1 1 0 0 0 0 0 4.98537e-10 -0 0 0 -0 0 0 0 0 0 0 0 0 0 0 0 0 0 1 13150.8 13150.8 13150.8 13150.8
-1 -1 1 -1 -1 1 0 0 0 0 0 -1.6879e-09 -0 0 0 -0 0 0 0 0 0 0 0 0 0 0 0 0 0 1 13150.8 13150.8 13150.8 13150.8
-1 -1 1 -1 -1 1 0 0 0 0 0 3.42242e-09 -0 0 0 -0 0 0 0 0 0 0 0 0 0 0 0 0 0 1 13150.8 13150.8 13150.8 13150.8
-1 -1 1 -1 -1 1 0 0 0 0 0 1.23922e-09 -0 0 0 -0 0 0 0 0 0 0 0 0 0 0 0 0 0 1 13150.8 13150.8 13150.8 13150.8
-1 -1 1 -1 -1 1 0 0 0 0 0 -9.58185e-10 -0 0 0 -0 0 0 0 0 0 0 0 0 0 0 0 0 0 1 13150.8 13150.8 13150.8 13150.8
-1 -1 1 -1 -1 1 0 0 0 0 0 -3.14003e-09 -0 0 0 -0 0 0 0 0 0 0 0 0 0 0 0 0 0 1 13150.8 13150.8 13150.8 13150.8
-1 -1 1 -1 -1 1 0 0 0 0 0 1.9712e-09 -0 0 0 -0 0 0 0 0 0 0 0 0 0 0 0 0 0 1 13150.8 13150.8 13150.8 13150.8
-1 -1 1 -1 -1 1 0 0 0 0 0 -2.11295e-10 -0 0 0 -0 0 0 0 0 0 0 0 0 0 0 0 0 0 1 13150.8 13150.8 13150.8 13150.8
-1 -1 1 -1 -1 1 0 0 0 0 0 -2.40873e-09 -0 0 0 -0 0 0 0 0 0 0 0 0 0 0 0 0 0 1 13150.8 13150.8 13150.8 13150.8
-1 -1 1 -1 -1 1 0 0 0 0 0 2.65695e-09 -0 0 0 -0 0 0 0 0 0 0 0 0 0 0 0 0 0 1 13150.8 13150.8 13150.8 13150.8
-1 -1 1 -1 -1 1 0 0 0 0 0 4.62392e-10 -0 0 0 -0 0 0 0 0 0 0 0 0 0 0 0 0 0 1 13150.8 13150.8 13150.8 13150.8
-1 -1 1 -1 -1 1 0 0 0 0 0 -1.72594e-09 -0 0 0 -0 0 0 0 0 0 0 0 0 0 0 0 0 0 1 13150.8 13150.8 13150.8 13150.8
-1 -1 1 -1 -1 1 0 0 0 0 0 3.37152e-09 -0 0 0 -0 0 0 0 0 0 0 0 0 0 0 0 0 0 1 13150.8 13150.8 13150.8 13150.8
-1 -1 1 -1 -1 1 0 0 0 0 0 1.17678e-09 -0 0 0 -0 0 0 0 0 0 0 0 0 0 0 0 0 0 1 13150.8 13150.8 13150.8 13150.8
-1 -1 1 -1 -1 1 0 0 0 0 0 -1.01586e-09 -0 0 0 -0 0 0 0 0 0 0 0 0 0 0 0 0 0 1 13150.8 13150.8 13150.8 13150.8
-1 -1 1 -1 -1 1 0 0 0 0 0 -3.19664e-09 -0 0 0 -0 0 0 0 0 0 0 0 0 0 0 0 0 0 1 13150.8 13150.8 13150.8 13150.8
-1 -1 1 -1 -1 1 0 0 0 0 0 1.91593e-09 -0 0 0 -0 0 0 0 0 0 0 0 0 0 0 0 0 0 1 13150.8 13150.8 13150.8 13150.8
-1 -1 1 -1 -1 1 0 0 0 0 0 -2.68154e-10 -0 0 0 -0 0 0 0 0 0 0 0 0 0 0 0 0 0 1 13150.8 13150.8 13150.8 13150.8
-1 -1 1 -1 -1 1 0 0 0 0 0 -2.4561e-09 -0 0 0 -0 0 0 0 0 0 0 0 0 0 0 0 0 0 1 13150.8 13150.8 13150.8 13150.8
-1 -1 1 -1 -1 1 0 0 0 0 0 2.6692e-09 -0 0 0 -0 0 0 0 0 0 0 0 0 0 0 0 0 0 1 13150.8 13150.8 13150.8 13150.8
-1 -1 1 -1 -1 1 0 0 0 0 0 4.8301e-10 -0 0 0 -0 0 0 0 0 0 0 0 0 0 0 0 0 0 1 13150.8 13150.8 13150.8 13150.8
-1 -1 1 -1 -1 1 0 0 0 0 0 -1.69832e-09 -0 0 0 -0 0 0 0 0 0 0 0 0 0 0 0 0 0 1 13150.8 13150.8 13150.8 13150.8
-1 -1 1 -1 -1 1 0 0 0 0 0 3.41589e-09 -0 0 0 -0 0 0 0 0 0 0 0 0 0 0 0 0 0 1 13150.8 13150.8 13150.8 13150.8
-1 -1 1 -1 -1 1 0 0 0 0 0 1.22669e-09 -0 0 0 -0 0 0 0 0 0 0 0 0 0 0 0 0 0 1 13150.8 13150.8 13150.8 13150.8
-1 -1 1 -1 -1 1 0 0 0 0 0 -9.56639e-10 -0 0 0 -0 0 0 0 0 0 0 0 0 0 0 0 0 0 1 13150.8 13150.8 13150.8 13150.8
-1 -1 1 -1 -1 1 0 0 0 0 0 -3.14639e-09 -0 0 0 -0 0 0 0 0 0 0 0 0 0 0 0 0 0 1 13150.8 13150.8 13150.8 13150.8
-1 -1 1 -1 -1 1 0 0 0 0 0 1.96011e-09 -0 0 0 -0 0 0 0 0 0 0 0 0 0 0 0 0 0 1 13150.8 13150.8 13150.8 13150.8
-1 -1 1 -1 -1 1 0 0 0 0 0 -2.22286e-10 -0 0 0 -0 0 0 0 0 0 0 0 0 0 0 0 0 0 1 13150.8 13150.8 13150.8 13150.8
-1 -1 1 -1 -1 1 0 0 0 0 0 -2.41755e-09 -0 0 0 -0 0 0 0 0 0 0 0 0 0 0 0 0 0 1 13150.8 13150.8 13150.8 13150.8
-1 -1 1 -1 -1 1 0 0 0 0 0 2.65984e-09 -0 0 0 -0 0 0 0 0 0 0 0 0 0 0 0 0 0 1 13150.8 13150.8 13150.8 13150.8
-1 -1 1 -1 -1 1 0 0 0 0 0 4.68801e-10 -0 0 0 -0 0 0 0 0 0 0 0 0 0 0 0 0 0 1 13150.8 13150.8 13150.8 13150.8
-1 -1 1 -1 -1 1 0 0 0 0 0 -1.7278e-09 -0 0 0 -0 0 0 0 0 0 0 0 0 0 0 0 0 0 1 13150.8 13150.8 13150.8 13150.8
-1 -1 1 -1 -1 1 0 0 0 0 0 3.3654e-09 -0 0 0 -0 0 0 0 0 0 0 0 0 0 0 0 0 0 1 13150.8 13150.8 13150.8 13150.8
-1 -1 1 -1 -1 1 0 0 0 0 0 1.17996e-09 -0 0 0 -0 0 0 0 0 0 0 0 0 0 0 0 0 0 1 13150.8 13150.8 13150.8 13150.8
-1 -1 1 -1 -1 1 0 0 0 0 0 -1.01441e-09 -0 0 0 -0 0 0 0 0 0 0 0 0 0 0 0 0 0 1 13150.8 13150.8 13150.8 13150.8
-1 -1 1 -1 -1 1 0 0 0 0 0 -3.19399e-09 -0 0 0 -0 0 0 0 0 0 0 0 0 0 0 0 0 0 1 13150.8 13150.8 13150.8 13150.8
-1 -1 1 -1 -1 1 0 0 0 0 0 1.91094e-09 -0 0 0 -0 0 0 0 0 0 0 0 0 0 0 0 0 0 1 13150.8 13150.8 13150.8 13150.8
-1 -1 1 -1 -1 1 0 0 0 0 0 -2.76131e-10 -0 0 0 -0 0 0 0 0 0 0 0 0 0 0 0 0 0 1 13150.8 13150.8 13150.8 13150.8
-1 -1 1 -1 -1 1 0 0 0 0 0 -2.47472e-09 -0 0 0 -0 0 0 0 0 0 0 0 0 0 0 0 0 0 1 13150.8 13150.8 13150.8 13150.8
-1 -1 1 -1 -1 1 0 0 0 0 0 2.62539e-09 -0 0 0 -0 0 0 0 0 0 0 0 0 0 0 0 0 0 1 13150.8 13150.8 13150.8 13150.8
-1 -1 1 -1 -1 1 0 0 0 0 0 4.33948e-10 -0 0 0 -0 0 0 0 0 0 0 0 0 0 0 0 0 0 1 13150.8 13150.8 13150.8 13150.8
-1 -1 1 -1 -1 1 0 0 0 0 0 -1.74952e-09 -0 0 0 -0 0 0 0 0 0 0 0 0 0 0 0 0 0 1 13150.8 13150.8 13150.8 13150.8
-1 -1 1 -1 -1 1 0 0 0 0 0 3.35879e-09 -0 0 0 -0 0 0 0 0 0 0 0 0 0 0 0 0 0 1 13150.8 13150.8 13150.8 13150.8
-1 -1 1 -1 -1 1 0 0 0 0 0 1.17695e-09 -0 0 0 -0 0 0 0 0 0 0 0 0 0 0 0 0 0 1 13150.8 13150.8 13150.8 13150.8
-1 -1 1 -1 -1 1 0 0 0 0 0 -1.01006e-09 -0 0 0 -0 0 0 0 0 0 0 0 0 0 0 0 0 0 1 13150.8 13150.8 13150.8 13150.8
-1 -1 1 -1 -1 1 0 0 0 0 0 -3.20467e-09 -0 0 0 -0 0 0 0 0 0 0 0 0 0 0 0 0 0 1 13150.8 13150.8 13150.8 13150.8
-1 -1 1 -1 -1 1 0 0 0 0 0 1.8866e-09 -0 0 0 -0 0 0 0 0 0 0 0 0 0 0 0 0 0 1 13150.8 13150.8 13150.8 13150.8
-1 -1 1 -1 -1 1 0 0 0 0 0 -3.00676e-10 -0 0 0 -0 0 0 0 0 0 0 0 0 0 0 0 0 0 1 13150.8 13150.8 13150.8 13150.8
-1 -1 1 -1 -1 1 0 0 0 0 0 -2.49165e-09 -0 0 0 -0 0 0 0 0 0 0 0 0 0 0 0 0 0 1 13150.8 13150.8 13150.8 13150.8
-1 -1 1 -1 -1 1 0 0 0 0 0 2.60552e-09 -0 0 0 -0 0 0 0 0 0 0 0 0 0 0 0 0 0 1 13150.8 13150.8 13150.8 13150.8
-1 -1 1 -1 -1 1 0 0 0 0 0 4.19405e-10 -0 0 0 -0 0 0 0 0 0 0 0 0 0 0 0 0 0 1 13150.8 13150.8 13150.8 13150.8
-1 -1 1 -1 -1 1 0 0 0 0 0 -1.76917e-09 -0 0 0 -0 0 0 0 0 0 0 0 0 0 0 0 0 0 1 13150.8 13150.8 13150.8 13150.8
-1 -1 1 -1 -1 1 0 0 0 0 0 3.33212e-09 -0 0 0 -0 0 0 0 0 0 0 0 0 0 0 0 0 0 1 13150.8 13150.8 13150.8 13150.8
-1 -1 1 -1 -1 1 0 0 0 0 0 1.13971e-09 -0 0 0 -0 0 0 0 0 0 0 0 0 0 0 0 0 0 1 13150.8 13150.8 13150.8 13150.8
-1 -1 1 -1 -1 1 0 0 0 0 0 -1.04738e-09 -0 0 0 -0 0 0 0 0 0 0 0 0 0 0 0 0 0 1 13150.8 13150.8 13150.8 13150.8
-1 -1 1 -1 -1 1 0 0 0 0 0 -3.23417e-09 -0 0 0 -0 0 0 0 0 0 0 0 0 0 0 0 0 0 1 13150.8 13150.8 13150.8 13150.8
-1 -1 1 -1 -1 1 0 0 0 0 0 1.86798e-09 -0 0 0 -0 0 0 0 0 0 0 0 0 0 0 0 0 0 1 13150.8 13150.8 13150.8 13150.8
-1 -1 1 -1 -1 1 0 0 0 0 0 -3.18847e-10 -0 0 0 -0 0 0 0 0 0 0 0 0 0 0 0 0 0 1 13150.8 13150.8 13150.8 13150.8
-1 -1 1 -1 -1 1 0 0 0 0 0 -2.52091e-09 -0 0 0 -0 0 0 0 0 0 0 0 0 0 0 0 0 0 1 13150.8 13150.8 13150.8 13150.8
-1 -1 1 -1 -1 1 0 0 0 0 0 2.55872e-09 -0 0 0 -0 0 0 0 0 0 0 0 0 0 0 0 0 0 1 13150.8 13150.8 13150.8 13150.8
-1 -1 1 -1 -1 1 0 0 0 0 0 3.71488e-10 -0 0 0 -0 0 0 0 0 0 0 0 0 0 0 0 0 0 1 13150.8 13150.8 13150.8 13150.8
-1 -1 1 -1 -1 1 0 0 0 0 0 -1.81586e-09 -0 0 0 -0 0 0 0 0 0 0 0 0 0 0 0 0 0 1 13150.8 13150.8 13150.8 13150.8
-1 -1 1 -1 -1 1 0 0 0 0 0 3.28514e-09 -0 0 0 -0 0 0 0 0 0 0 0 0 0 0 0 0 0 1 13150.8 13150.8 13150.8 13150.8
-1 -1 1 -1 -1 1 0 0 0 0 0 1.09351e-09 -0 0 0 -0 0 0 0 0 0 0 0 0 0 0 0 0 0 1 13150.8 13150.8 13150.8 13150.8
-1 -1 1 -1 -1 1 0 0 0 0 0 -1.0932e-09 -0 0 0 -0 0 0 0 0 0 0 0 0 0 0 0 0 0 1 13150.8 13150.8 13150.8 13150.8
-1 -1 1 -1 -1 1 0 0 0 0 0 -3.28682e-09 -0 0 0 -0 0 0 0 0 0 0 0 0 0 0 0 0 0 1 13150.8 13150.8 13150.8 13150.8
-1 -1 1 -1 -1 1 0 0 0 0 0 1.82538e-09 -0 0 0 -0 0 0 0 0 0 0 0 0 0 0 0 0 0 1 13150.8 13150.8 13150.8 13150.8
-1 -1 1 -1 -1 1 0 0 0 0 0 -3.52382e-10 -0 0 0 -0 0 0 0 0 0 0 0 0 0 0 0 0 0 1 13150.8 13150.8 13150.8 13150.8
-1 -1 1 -1 -1 1 0 0 0 0 0 -2.55243e-09 -0 0 0 -0 0 0 0 0 0 0 0 0 0 0 0 0 0 1 13150.8 13150.8 13150.8 13150.8
-1 -1 1 -1 -1 1 0 0 0 0 0 2.52381e-09 -0 0 0 -0 0 0 0 0 0 0 0 0 0 0 0 0 0 1 13150.8 13150.8 13150.8 13150.8
-1 -1 1 -1 -1 1 0 0 0 0 0 3.31426e-10 -0 0 0 -0 0 0 0 0 0 0 0 0 0 0 0 0 0 1 13150.8 13150.8 13150.8 13150.8
-1 -1 1 -1 -1 1 0 0 0 0 0 -1.85842e-09 -0 0 0 -0 0 0 0 0 0 0 0 0 0 0 0 0 0 1 13150.8 13150.8 13150.8 13150.8
-1 -1 1 -1 -1 1 0 0 0 0 0 3.23553e-09 -0 0 0 -0 0 0 0 0 0 0 0 0 0 0 0 0 0 1 13150.8 13150.8 13150.8 13150.8
-1 -1 1 -1 -1 1 0 0 0 0 0 1.05125e-09 -0 0 0 -0 0 0 0 0 0 0 0 0 0 0 0 0 0 1 13150.8 13150.8 13150.8 13150.8
-1 -1 1 -1 -1 1 0 0 0 0 0 -1.13673e-09 -0 0 0 -0 0 0 0 0 0 0 0 0 0 0 0 0 0 1 13150.8 13150.8 13150.8 13150.8
-1 -1 1 -1 -1 1 0 0 0 0 0 -3.32659e-09 -0 0 0 -0 0 0 0 0 0 0 0 0 0 0 0 0 0 1 13150.8 13150.8 13150.8 13150.8
-1 -1 1 -1 -1 1 0 0 0 0 0 1.76968e-09 -0 0 0 -0 0 0 0 0 0 0 0 0 0 0 0 0 0 1 13150.8 13150.8 13150.8 13150.8
-1 -1 1 -1 -1 1 0 0 0 0 0 -4.18976e-10 -0 0 0 -0 0 0 0 0 0 0 0 0 0 0 0 0 0 1 13150.8 13150.8 13150.8 13150.8
-1 -1 1 -1 -1 1 0 0 0 0 0 -2.62337e-09 -0 0 0 -0 0 0 0 0 0 0 0 0 0 0 0 0 0 1 13150.8 13150.8 13150.8 13150.8
-1 -1 1 -1 -1 1 0 0 0 0 0 2.45487e-09 -0 0 0 -0 0 0 0 0 0 0 0 0 0 0 0 0 0 1 13150.8 13150.8 13150.8 13150.8
-1 -1 1 -1 -1 1 0 0 0 0 0 2.66506e-10 -0 0 0 -0 0 0 0 0 0 0 0 0 0 0 0 0 0 1 13150.8 13150.8 13150.8 13150.8
-1 -1 1 -1 -1 1 0 0 0 0 0 -1.92008e-09 -0 0 0 -0 0 0 0 0 0 0 0 0 0 0 0 0 0 1 13150.8 13150.8 13150.8 13150.8
-1 -1 1 -1 -1 1 0 0 0 0 0 3.17034e-09 -0 0 0 -0 0 0 0 0 0 0 0 0 0 0 0 0 0 1 13150.8 13150.8 13150.8 13150.8
-1 -1 1 -1 -1 1 0 0 0 0 0 9.69463e-10 -0 0 0 -0 0 0 0 0 0 0 0 0 0 0 0 0 0 1 13150.8 13150.8 13150.8 13150.8
-1 -1 1 -1 -1 1 0 0 0 0 0 -1.21785e-09 -0 0 0 -0 0 0 0 0 0 0 0 0 0 0 0 0 0 1 13150.8 13150.8 13150.8 13150.8
-1 -1 1 -1 -1 1 0 0 0 0 0 -3.41179e-09 -0 0 0 -0 0 0 0 0 0 0 0 0 0 0 0 0 0 1 13150.8 13150.8 13150.8 13150.8
-1 -1 1 -1 -1 1 0 0 0 0 0 1.6671e-09 -0 0 0 -0 0 0 0 0 0 0 0 0 0 0 0 0 0 1 13150.8 13150.8 13150.8 13150.8
-1 -1 1 -1 -1 1 0 0 0 0 0 -5.24525e-10 -0 0 0 -0 0 0 0 0 0 0 0 0 0 0 0 0 0 1 13150.8 13150.8 13150.8 13150.8
-1 -1 1 -1 -1 1 0 0 0 0 0 -2.70833e-09 -0 0 0 -0 0 0 0 0 0 0 0 0 0 0 0 0 0 1 13150.8 13150.8 13150.8 13150.8
-1 -1 1 -1 -1 1 0 0 0 0 0 2.38092e-09 -0 0 0 -0 0 0 0 0 0 0 0 0 0 0 0 0 0 1 13150.8 13150.8 13150.8 13150.8
-1 -1 1 -1 -1 1 0 0 0 0 0 1.87048e-10 -0 0 0 -0 0 0 0 0 0 0 0 0 0 0 0 0 0 1 13150.8 13150.8 13150.8 13150.8
-1 -1 1 -1 -1 1 0 0 0 0 0 -1.9995e-09 -0 0 0 -0 0 0 0 0 0 0 0 0 0 0 0 0 0 1 13150.8 13150.8 13150.8 13150.8
-1 -1 1 -1 -1 1 0 0 0 0 0 3.09645e-09 -0 0 0 -0 0 0 0 0 0 0 0 0 0 0 0 0 0 1 13150.8 13150.8 13150.8 13150.8
-1 -1 1 -1 -1 1 0 0 0 0 0 9.00342e-10 -0 0 0 -0 0 0 0 0 0 0 0 0 0 0 0 0 0 1 13150.8 13150.8 13150.8 13150.8
-1 -1 1 -1 -1 1 0 0 0 0 0 -1.28357e-09 -0 0 0 -0 0 0 0 0 0 0 0 0 0 0 0 0 0 1 13150.8 13150.8 13150.8 13150.8
-1 -1 1 -1 -1 1 0 0 0 0 0 -3.47985e-09 -0 0 0 -0 0 0 0 0 0 0 0 0 0 0 0 0 0 1 13150.8 13150.8 13150.8 13150.8
-1 -1 1 -1 -1 1 0 0 0 0 0 1.59808e-09 -0 0 0 -0 0 0 0 0 0 0 0 0 0 0 0 0 0 1 13150.8 13150.8 13150.8 13150.8
-1 -1 1 -1 -1 1 0 0 0 0 0 -5.91137e-10 -0 0 0 -0 0 0 0 0 0 0 0 0 0 0 0 0 0 1 13150.8 13150.8 13150.8 13150.8
-1 -1 1 -1 -1 1 0 0 0 0 0 -2.79642e-09 -0 0 0 -0 0 0 0 0 0 0 0 0 0 0 0 0 0 1 13150.8 13150.8 13150.8 13150.8
-1 -1 1 -1 -1 1 0 0 0 0 0 2.29187e-09 -0 0 0 -0 0 0 0 0 0 0 0 0 0 0 0 0 0 1 13150.8 13150.8 13150.8 13150.8
-1 -1 1 -1 -1 1 0 0 0 0 0 1.11552e-10 -0 0 0 -0 0 0 0 0 0 0 0 0 0 0 0 0 0 1 13150.8 13150.8 13150.8 13150.8
-1 -1 1 -1 -1 1 0 0 0 0 0 -2.07538e-09 -0 0 0 -0 0 0 0 0 0 0 0 0 0 0 0 0 0 1 13150.8 13150.8 13150.8 13150.8
-1 -1 1 -1 -1 1 0 0 0 0 0 3.02571e-09 -0 0 0 -0 0 0 0 0 0 0 0 0 0 0 0 0 0 1 13150.8 13150.8 13150.8 13150.8
-1 -1 1 -1 -1 1 0 0 0 0 0 8.29027e-10 -0 0 0 -0 0 0 0 0 0 0 0 0 0 0 0 0 0 1 13150.8 13150.8 13150.8 13150.8
-1 -1 1 -1 -1 1 0 0 0 0 0 -1.36172e-09 -0 0 0 -0 0 0 0 0 0 0 0 0 0 0 0 0 0 1 13150.8 13150.8 13150.8 13150.8
-1 -1 1 -1 -1 1 0 0 0 0 0 -3.5443e-09 -0 0 0 -0 0 0 0 0 0 0 0 0 0 0 0 0 0 1 13150.8 13150.8 13150.8 13150.8
-1 -1 1 -1 -1 1 0 0 0 0 0 1.57143e-09 -0 0 0 -0 0 0 0 0 0 0 0 0 0 0 0 0 0 1 13150.8 13150.8 13150.8 13150.8
-1 -1 1 -1 -1 1 0 0 0 0 0 -6.10901e-10 -0 0 0 -0 0 0 0 0 0 0 0 0 0 0 0 0 0 1 13150.8 13150.8 13150.8 13150.8
-1 -1 1 -1 -1 1 0 0 0 0 0 -2.79385e-09 -0 0 0 -0 0 0 0 0 0 0 0 0 0 0 0 0 0 1 13150.8 13150.8 13150.8 13150.8
-1 -1 1 -1 -1 1 0 0 0 0 0 2.30109e-09 -0 0 0 -0 0 0 0 0 0 0 0 0 0 0 0 0 0 1 13150.8 13150.8 13150.8 13150.8
-1 -1 1 -1 -1 1 0 0 0 0 0 1.08722e-10 -0 0 0 -0 0 0 0 0 0 0 0 0 0 0 0 0 0 1 13150.8 13150.8 13150.8 13150.8
-1 -1 1 -1 -1 1 0 0 0 0 0 -2.07805e-09 -0 0 0 -0 0 0 0 0 0 0 0 0 0 0 0 0 0 1 13150.8 13150.8 13150.8 13150.8
-1 -1 1 -1 -1 1 0 0 0 0 0 3.04037e-09 -0 0 0 -0 0 0 0 0 0 0 0 0 0 0 0 0 0 1 13150.8 13150.8 13150.8 13150.8
-1 -1 1 -1 -1 1 0 0 0 0 0 8.54128e-10 -0 0 0 -0 0 0 0 0 0 0 0 0 0 0 0 0 0 1 13150.8 13150.8 13150.8 13150.8
-1 -1 1 -1 -1 1 0 0 0 0 0 -1.3419e-09 -0 0 0 -0 0 0 0 0 0 0 0 0 0 0 0 0 0 1 13150.8 13150.8 13150.8 13150.8
-1 -1 1 -1 -1 1 0 0 0 0 0 -3.52843e-09 -0 0 0 -0 0 0 0 0 0 0 0 0 0 0 0 0 0 1 13150.8 13150.8 13150.8 13150.8
-1 -1 1 -1 -1 1 0 0 0 0 0 1.54671e-09 -0 0 0 -0 0 0 0 0 0 0 0 0 0 0 0 0 0 1 13150.8 13150.8 13150.8 13150.8
-1 -1 1 -1 -1 1 0 0 0 0 0 -6.52241e-10 -0 0 0 -0 0 0 0 0 0 0 0 0 0 0 0 0 0 1 13150.8 13150.8 13150.8 13150.8
-1 -1 1 -1 -1 1 0 0 0 0 0 -2.8443e-09 -0 0 0 -0 0 0 0 0 0 0 0 0 0 0 0 0 0 1 13150.8 13150.8 13150.8 13150.8
-1 -1 1 -1 -1 1 0 0 0 0 0 2.25447e-09 -0 0 0 -0 0 0 0 0 0 0 0 0 0 0 0 0 0 1 13150.8 13150.8 13150.8 13150.8
-1 -1 1 -1 -1 1 0 0 0 0 0 6.75635e-11 -0 0 0 -0 0 0 0 0 0 0 0 0 0 0 0 0 0 1 13150.8 13150.8 13150.8 13150.8
-1 -1 1 -1 -1 1 0 0 0 0 0 -2.13036e-09 -0 0 0 -0 0 0 0 0 0 0 0 0 0 0 0 0 0 1 13150.8 13150.8 13150.8 13150.8
-1 -1 1 -1 -1 1 0 0 0 0 0 2.93015e-09 -0 0 0 -0 0 0 0 0 0 0 0 0 0 0 0 0 0 1 13150.8 13150.8 13150.8 13150.8
-1 -1 1 -1 -1 1 0 0 0 0 0 7.40389e-10 -0 0 0 -0 0 0 0 0 0 0 0 0 0 0 0 0 0 1 13150.8 13150.8 13150.8 13150.8
-1 -1 1 -1 -1 1 0 0 0 0 0 -1.44885e-09 -0 0 0 -0 0 0 0 0 0 0 0 0 0 0 0 0 0 1 13150.8 13150.8 13150.8 13150.8
-1 -1 1 -1 -1 1 0 0 0 0 0 3.65296e-09 -0 0 0 -0 0 0 0 0 0 0 0 0 0 0 0 0 0 1 13150.8 13150.8 13150.8 13150.8
-1 -1 1 -1 -1 1 0 0 0 0 0 1.46199e-09 -0 0 0 -0 0 0 0 0 0 0 0 0 0 0 0 0 0 1 13150.8 13150.8 13150.8 13150.8
-1 -1 1 -1 -1 1 0 0 0 0 0 -7.30535e-10 -0 0 0 -0 0 0 0 0 0 0 0 0 0 0 0 0 0 1 13150.8 13150.8 13150.8 13150.8
-1 -1 1 -1 -1 1 0 0 0 0 0 -2.92266e-09 -0 0 0 -0 0 0 0 0 0 0 0 0 0 0 0 0 0 1 13150.8 13150.8 13150.8 13150.8
-1 -1 1 -1 -1 1 0 0 0 0 0 2.13989e-09 -0 0 0 -0 0 0 0 0 0 0 0 0 0 0 0 0 0 1 13150.8 13150.8 13150.8 13150.8
-1 -1 1 -1 -1 1 0 0 0 0 0 -5.23988e-11 -0 0 0 -0 0 0 0 0 0 0 0 0 0 0 0 0 0 1 13150.8 13150.8 13150.8 13150.8
-1 -1 1 -1 -1 1 0 0 0 0 0 -2.24054e-09 -0 0 0 -0 0 0 0 0 0 0 0 0 0 0 0 0 0 1 13150.8 13150.8 13150.8 13150.8
-1 -1 1 -1 -1 1 0 0 0 0 0 2.86348e-09 -0 0 0 -0 0 0 0 0 0 0 0 0 0 0 0 0 0 1 13150.8 13150.8 13150.8 13150.8
-1 -1 1 -1 -1 1 0 0 0 0 0 6.7279e-10 -0 0 0 -0 0 0 0 0 0 0 0 0 0 0 0 0 0 1 13150.8 13150.8 13150.8 13150.8
-1 -1 1 -1 -1 1 0 0 0 0 0 -1.5138e-09 -0 0 0 -0 0 0 0 0 0 0 0 0 0 0 0 0 0 1 13150.8 13150.8 13150.8 13150.8
-1 -1 1 -1 -1 1 0 0 0 0 0 3.60193e-09 -0 0 0 -0 0 0 0 0 0 0 0 0 0 0 0 0 0 1 13150.8 13150.8 13150.8 13150.8
-1 -1 1 -1 -1 1 0 0 0 0 0 1.42267e-09 -0 0 0 -0 0 0 0 0 0 0 0 0 0 0 0 0 0 1 13150.8 13150.8 13150.8 13150.8
-1 -1 1 -1 -1 1 0 0 0 0 0 -7.65619e-10 -0 0 0 -0 0 0 0 0 0 0 0 0 0 0 0 0 0 1 13150.8 13150.8 13150.8 13150.8
-1 -1 1 -1 -1 1 0 0 0 0 0 -2.96473e-09 -0 0 0 -0 0 0 0 0 0 0 0 0 0 0 0 0 0 1 13150.8 13150.8 13150.8 13150.8
-1 -1 1 -1 -1 1 0 0 0 0 0 2.12552e-09 -0 0 0 -0 0 0 0 0 0 0 0 0 0 0 0 0 0 1 13150.8 13150.8 13150.8 13150.8
-1 -1 1 -1 -1 1 0 0 0 0 0 -6.28754e-11 -0 0 0 -0 0 0 0 0 0 0 0 0 0 0 0 0 0 1 13150.8 13150.8 13150.8 13150.8
-1 -1 1 -1 -1 1 0 0 0 0 0 -2.2535e-09 -0 0 0 -0 0 0 0 0 0 0 0 0 0 0 0 0 0 1 13150.8 13150.8 13150.8 13150.8
-1 -1 1 -1 -1 1 0 0 0 0 0 2.83764e-09 -0 0 0 -0 0 0 0 0 0 0 0 0 0 0 0 0 0 1 13150.8 13150.8 13150.8 13150.8
-1 -1 1 -1 -1 1 0 0 0 0 0 6.487e-10 -0 0 0 -0 0 0 0 0 0 0 0 0 0 0 0 0 0 1 13150.8 13150.8 13150.8 13150.8
-1 -1 1 -1 -1 1 0 0 0 0 0 -1.54083e-09 -0 0 0 -0 0 0 0 0 0 0 0 0 0 0 0 0 0 1 13150.8 13150.8 13150.8 13150.8
-1 -1 1 -1 -1 1 0 0 0 0 0 3.58704e-09 -0 0 0 -0 0 0 0 0 0 0 0 0 0 0 0 0 0 1 13150.8 13150.8 13150.8 13150.8
-1 -1 1 -1 -1 1 0 0 0 0 0 1.40272e-09 -0 0 0 -0 0 0 0 0 0 0 0 0 0 0 0 0 0 1 13150.8 13150.8 13150.8 13150.8
-1 -1 1 -1 -1 1 0 0 0 0 0 -7.87923e-10 -0 0 0 -0 0 0 0 0 0 0 0 0 0 0 0 0 0 1 13150.8 13150.8 13150.8 13150.8
-1 -1 1 -1 -1 1 0 0 0 0 0 -2.96779e-09 -0 0 0 -0 0 0 0 0 0 0 0 0 0 0 0 0 0 1 13150.8 13150.8 13150.8 13150.8
-1 -1 1 -1 -1 1 0 0 0 0 0 2.12918e-09 -0 0 0 -0 0 0 0 0 0 0 0 0 0 0 0 0 0 1 13150.8 13150.8 13150.8 13150.8
-1 -1 1 -1 -1 1 0 0 0 0 0 -5.96175e-11 -0 0 0 -0 0 0 0 0 0 0 0 0 0 0 0 0 0 1 13150.8 13150.8 13150.8 13150.8
-1 -1 1 -1 -1 1 0 0 0 0 0 -2.25091e-09 -0 0 0 -0 0 0 0 0 0 0 0 0 0 0 0 0 0 1 13150.8 13150.8 13150.8 13150.8
-1 -1 1 -1 -1 1 0 0 0 0 0 2.86584e-09 -0 0 0 -0 0 0 0 0 0 0 0 0 0 0 0 0 0 1 13150.8 13150.8 13150.8 13150.8
-1 -1 1 -1 -1 1 0 0 0 0 0 6.86101e-10 -0 0 0 -0 0 0 0 0 0 0 0 0 0 0 0 0 0 1 13150.8 13150.8 13150.8 13150.8
-1 -1 1 -1 -1 1 0 0 0 0 0 -1.50782e-09 -0 0 0 -0 0 0 0 0 0 0 0 0 0 0 0 0 0 1 13150.8 13150.8 13150.8 13150.8
-1 -1 1 -1 -1 1 0 0 0 0 0 -3.68756e-09 -0 0 0 -0 0 0 0 0 0 0 0 0 0 0 0 0 0 1 13150.8 13150.8 13150.8 13150.8
-1 -1 1 -1 -1 1 0 0 0 0 0 1.44037e-09 -0 0 0 -0 0 0 0 0 0 0 0 0 0 0 0 0 0 1 13150.8 13150.8 13150.8 13150.8
-1 -1 1 -1 -1 1 0 0 0 0 0 -7.35731e-10 -0 0 0 -0 0 0 0 0 0 0 0 0 0 0 0 0 0 1 13150.8 13150.8 13150.8 13150.8
-1 -1 1 -1 -1 1 0 0 0 0 0 -2.9341e-09 -0 0 0 -0 0 0 0 0 0 0 0 0 0 0 0 0 0 1 13150.8 13150.8 13150.8 13150.8
-1 -1 1 -1 -1 1 0 0 0 0 0 2.16596e-09 -0 0 0 -0 0 0 0 0 0 0 0 0 0 0 0 0 0 1 13150.8 13150.8 13150.8 13150.8
-1 -1 1 -1 -1 1 0 0 0 0 0 -2.62773e-11 -0 0 0 -0 0 0 0 0 0 0 0 0 0 0 0 0 0 1 13150.8 13150.8 13150.8 13150.8
-1 -1 1 -1 -1 1 0 0 0 0 0 -2.21616e-09 -0 0 0 -0 0 0 0 0 0 0 0 0 0 0 0 0 0 1 13150.8 13150.8 13150.8 13150.8
-1 -1 1 -1 -1 1 0 0 0 0 0 2.86998e-09 -0 0 0 -0 0 0 0 0 0 0 0 0 0 0 0 0 0 1 13150.8 13150.8 13150.8 13150.8
-1 -1 1 -1 -1 1 0 0 0 0 0 6.83962e-10 -0 0 0 -0 0 0 0 0 0 0 0 0 0 0 0 0 0 1 13150.8 13150.8 13150.8 13150.8
-1 -1 1 -1 -1 1 0 0 0 0 0 -1.51284e-09 -0 0 0 -0 0 0 0 0 0 0 0 0 0 0 0 0 0 1 13150.8 13150.8 13150.8 13150.8
-1 -1 1 -1 -1 1 0 0 0 0 0 3.57629e-09 -0 0 0 -0 0 0 0 0 0 0 0 0 0 0 0 0 0 1 13150.8 13150.8 13150.8 13150.8
-1 -1 1 -1 -1 1 0 0 0 0 0 1.38389e-09 -0 0 0 -0 0 0 0 0 0 0 0 0 0 0 0 0 0 1 13150.8 13150.8 13150.8 13150.8
-1 -1 1 -1 -1 1 0 0 0 0 0 -7.97202e-10 -0 0 0 -0 0 0 0 0 0 0 0 0 0 0 0 0 0 1 13150.8 13150.8 13150.8 13150.8
-1 -1 1 -1 -1 1 0 0 0 0 0 -2.98929e-09 -0 0 0 -0 0 0 0 0 0 0 0 0 0 0 0 0 0 1 13150.8 13150.8 13150.8 13150.8
-1 -1 1 -1 -1 1 0 0 0 0 0 2.08633e-09 -0 0 0 -0 0 0 0 0 0 0 0 0 0 0 0 0 0 1 13150.8 13150.8 13150.8 13150.8
-1 -1 1 -1 -1 1 0 0 0 0 0 -1.07009e-10 -0 0 0 -0 0 0 0 0 0 0 0 0 0 0 0 0 0 1 13150.8 13150.8 13150.8 13150.8
-1 -1 1 -1 -1 1 0 0 0 0 0 -2.30089e-09 -0 0 0 -0 0 0 0 0 0 0 0 0 0 0 0 0 0 1 13150.8 13150.8 13150.8 13150.8
-1 -1 1 -1 -1 1 0 0 0 0 0 2.80153e-09 -0 0 0 -0 0 0 0 0 0 0 0 0 0 0 0 0 0 1 13150.8 13150.8 13150.8 13150.8
-1 -1 1 -1 -1 1 0 0 0 0 0 6.17833e-10 -0 0 0 -0 0 0 0 0 0 0 0 0 0 0 0 0 0 1 13150.8 13150.8 13150.8 13150.8
-1 -1 1 -1 -1 1 0 0 0 0 0 -1.5696e-09 -0 0 0 -0 0 0 0 0 0 0 0 0 0 0 0 0 0 1 13150.8 13150.8 13150.8 13150.8
-1 -1 1 -1 -1 1 0 0 0 0 0 3.54429e-09 -0 0 0 -0 0 0 0 0 0 0 0 0 0 0 0 0 0 1 13150.8 13150.8 13150.8 13150.8
-1 -1 1 -1 -1 1 0 0 0 0 0 1.35122e-09 -0 0 0 -0 0 0 0 0 0 0 0 0 0 0 0 0 0 1 13150.8 13150.8 13150.8 13150.8
-1 -1 1 -1 -1 1 0 0 0 0 0 -8.40876e-10 -0 0 0 -0 0 0 0 0 0 0 0 0 0 0 0 0 0 1 13150.8 13150.8 13150.8 13150.8
-1 -1 1 -1 -1 1 0 0 0 0 0 -3.02698e-09 -0 0 0 -0 0 0 0 0 0 0 0 0 0 0 0 0 0 1 13150.8 13150.8 13150.8 13150.8
-1 -1 1 -1 -1 1 0 0 0 0 0 2.07011e-09 -0 0 0 -0 0 0 0 0 0 0 0 0 0 0 0 0 0 1 13150.8 13150.8 13150.8 13150.8
-1 -1 1 -1 -1 1 0 0 0 0 0 -1.16988e-10 -0 0 0 -0 0 0 0 0 0 0 0 0 0 0 0 0 0 1 13150.8 13150.8 13150.8 13150.8
-1 -1 1 -1 -1 1 0 0 0 0 0 -2.30545e-09 -0 0 0 -0 0 0 0 0 0 0 0 0 0 0 0 0 0 1 13150.8 13150.8 13150.8 13150.8
-1 -1 1 -1 -1 1 0 0 0 0 0 2.80858e-09 -0 0 0 -0 0 0 0 0 0 0 0 0 0 0 0 0 0 1 13150.8 13150.8 13150.8 13150.8
-1 -1 1 -1 -1 1 0 0 0 0 0 6.2001e-10 -0 0 0 -0 0 0 0 0 0 0 0 0 0 0 0 0 0 1 13150.8 13150.8 13150.8 13150.8
-1 -1 1 -1 -1 1 0 0 0 0 0 -1.56715e-09 -0 0 0 -0 0 0 0 0 0 0 0 0 0 0 0 0 0 1 13150.8 13150.8 13150.8 13150.8
-1 -1 1 -1 -1 1 0 0 0 0 0 3.51836e-09 -0 0 0 -0 0 0 0 0 0 0 0 0 0 0 0 0 0 1 13150.8 13150.8 13150.8 13150.8
-1 -1 1 -1 -1 1 0 0 0 0 0 1.32318e-09 -0 0 0 -0 0 0 0 0 0 0 0 0 0 0 0 0 0 1 13150.8 13150.8 13150.8 13150.8
-1 -1 1 -1 -1 1 0 0 0 0 0 -8.63832e-10 -0 0 0 -0 0 0 0 0 0 0 0 0 0 0 0 0 0 1 13150.8 13150.8 13150.8 13150.8
-1 -1 1 -1 -1 1 0 0 0 0 0 -3.05207e-09 -0 0 0 -0 0 0 0 0 0 0 0 0 0 0 0 0 0 1 13150.8 13150.8 13150.8 13150.8
-1 -1 1 -1 -1 1 0 0 0 0 0 2.03539e-09 -0 0 0 -0 0 0 0 0 0 0 0 0 0 0 0 0 0 1 13150.8 13150.8 13150.8 13150.8
-1 -1 1 -1 -1 1 0 0 0 0 0 -1.54037e-10 -0 0 0 -0 0 0 0 0 0 0 0 0 0 0 0 0 0 1 13150.8 13150.8 13150.8 13150.8
-1 -1 1 -1 -1 1 0 0 0 0 0 -2.33893e-09 -0 0 0 -0 0 0 0 0 0 0 0 0 0 0 0 0 0 1 13150.8 13150.8 13150.8 13150.8
-1 -1 1 -1 -1 1 0 0 0 0 0 2.75694e-09 -0 0 0 -0 0 0 0 0 0 0 0 0 0 0 0 0 0 1 13150.8 13150.8 13150.8 13150.8
-1 -1 1 -1 -1 1 0 0 0 0 0 5.68747e-10 -0 0 0 -0 0 0 0 0 0 0 0 0 0 0 0 0 0 1 13150.8 13150.8 13150.8 13150.8
-1 -1 1 -1 -1 1 0 0 0 0 0 -1.62217e-09 -0 0 0 -0 0 0 0 0 0 0 0 0 0 0 0 0 0 1 13150.8 13150.8 13150.8 13150.8
-1 -1 1 -1 -1 1 0 0 0 0 0 3.47912e-09 -0 0 0 -0 0 0 0 0 0 0 0 0 0 0 0 0 0 1 13150.8 13150.8 13150.8 13150.8
-1 -1 1 -1 -1 1 0 0 0 0 0 1.28621e-09 -0 0 0 -0 0 0 0 0 0 0 0 0 0 0 0 0 0 1 13150.8 13150.8 13150.8 13150.8
-1 -1 1 -1 -1 1 0 0 0 0 0 -8.97333e-10 -0 0 0 -0 0 0 0 0 0 0 0 0 0 0 0 0 0 1 13150.8 13150.8 13150.8 13150.8
-1 -1 1 -1 -1 1 0 0 0 0 0 -3.09502e-09 -0 0 0 -0 0 0 0 0 0 0 0 0 0 0 0 0 0 1 13150.8 13150.8 13150.8 13150.8
-1 -1 1 -1 -1 1 0 0 0 0 0 1.9862e-09 -0 0 0 -0 0 0 0 0 0 0 0 0 0 0 0 0 0 1 13150.8 13150.8 13150.8 13150.8
-1 -1 1 -1 -1 1 0 0 0 0 0 -2.03677e-10 -0 0 0 -0 0 0 0 0 0 0 0 0 0 0 0 0 0 1 13150.8 13150.8 13150.8 13150.8
-1 -1 1 -1 -1 1 0 0 0 0 0 -2.3891e-09 -0 0 0 -0 0 0 0 0 0 0 0 0 0 0 0 0 0 1 13150.8 13150.8 13150.8 13150.8
-1 -1 1 -1 -1 1 0 0 0 0 0 2.71507e-09 -0 0 0 -0 0 0 0 0 0 0 0 0 0 0 0 0 0 1 13150.8 13150.8 13150.8 13150.8
-1 -1 1 -1 -1 1 0 0 0 0 0 5.20693e-10 -0 0 0 -0 0 0 0 0 0 0 0 0 0 0 0 0 0 1 13150.8 13150.8 13150.8 13150.8
-1 -1 1 -1 -1 1 0 0 0 0 0 -1.67217e-09 -0 0 0 -0 0 0 0 0 0 0 0 0 0 0 0 0 0 1 13150.8 13150.8 13150.8 13150.8
-1 -1 1 -1 -1 1 0 0 0 0 0 3.41244e-09 -0 0 0 -0 0 0 0 0 0 0 0 0 0 0 0 0 0 1 13150.8 13150.8 13150.8 13150.8
-1 -1 1 -1 -1 1 0 0 0 0 0 1.2244e-09 -0 0 0 -0 0 0 0 0 0 0 0 0 0 0 0 0 0 1 13150.8 13150.8 13150.8 13150.8
-1 -1 1 -1 -1 1 0 0 0 0 0 -9.59598e-10 -0 0 0 -0 0 0 0 0 0 0 0 0 0 0 0 0 0 1 13150.8 13150.8 13150.8 13150.8
-1 -1 1 -1 -1 1 0 0 0 0 0 -3.14808e-09 -0 0 0 -0 0 0 0 0 0 0 0 0 0 0 0 0 0 1 13150.8 13150.8 13150.8 13150.8
-1 -1 1 -1 -1 1 0 0 0 0 0 1.97753e-09 -0 0 0 -0 0 0 0 0 0 0 0 0 0 0 0 0 0 1 13150.8 13150.8 13150.8 13150.8
-1 -1 1 -1 -1 1 0 0 0 0 0 -2.06064e-10 -0 0 0 -0 0 0 0 0 0 0 0 0 0 0 0 0 0 1 13150.8 13150.8 13150.8 13150.8
-1 -1 1 -1 -1 1 0 0 0 0 0 -2.39429e-09 -0 0 0 -0 0 0 0 0 0 0 0 0 0 0 0 0 0 1 13150.8 13150.8 13150.8 13150.8
-1 -1 1 -1 -1 1 0 0 0 0 0 2.69728e-09 -0 0 0 -0 0 0 0 0 0 0 0 0 0 0 0 0 0 1 13150.8 13150.8 13150.8 13150.8
-1 -1 1 -1 -1 1 0 0 0 0 0 5.03764e-10 -0 0 0 -0 0 0 0 0 0 0 0 0 0 0 0 0 0 1 13150.8 13150.8 13150.8 13150.8
-1 -1 1 -1 -1 1 0 0 0 0 0 -1.68359e-09 -0 0 0 -0 0 0 0 0 0 0 0 0 0 0 0 0 0 1 13150.8 13150.8 13150.8 13150.8
-1 -1 1 -1 -1 1 0 0 0 0 0 3.41198e-09 -0 0 0 -0 0 0 0 0 0 0 0 0 0 0 0 0 0 1 13150.8 13150.8 13150.8 13150.8
-1 -1 1 -1 -1 1 0 0 0 0 0 1.2188e-09 -0 0 0 -0 0 0 0 0 0 0 0 0 0 0 0 0 0 1 13150.8 13150.8 13150.8 13150.8
-1 -1 1 -1 -1 1 0 0 0 0 0 -9.66239e-10 -0 0 0 -0 0 0 0 0 0 0 0 0 0 0 0 0 0 1 13150.8 13150.8 13150.8 13150.8
-1 -1 1 -1 -1 1 0 0 0 0 0 -3.16667e-09 -0 0 0 -0 0 0 0 0 0 0 0 0 0 0 0 0 0 1 13150.8 13150.8 13150.8 13150.8
-1 -1 1 -1 -1 1 0 0 0 0 0 1.90731e-09 -0 0 0 -0 0 0 0 0 0 0 0 0 0 0 0 0 0 1 13150.8 13150.8 13150.8 13150.8
-1 -1 1 -1 -1 1 0 0 0 0 0 -2.79654e-10 -0 0 0 -0 0 0 0 0 0 0 0 0 0 0 0 0 0 1 13150.8 13150.8 13150.8 13150.8
-1 -1 1 -1 -1 1 0 0 0 0 0 -2.46728e-09 -0 0 0 -0 0 0 0 0 0 0 0 0 0 0 0 0 0 1 13150.8 13150.8 13150.8 13150.8
-1 -1 1 -1 -1 1 0 0 0 0 0 2.6366e-09 -0 0 0 -0 0 0 0 0 0 0 0 0 0 0 0 0 0 1 13150.8 13150.8 13150.8 13150.8
-1 -1 1 -1 -1 1 0 0 0 0 0 4.49886e-10 -0 0 0 -0 0 0 0 0 0 0 0 0 0 0 0 0 0 1 13150.8 13150.8 13150.8 13150.8
-1 -1 1 -1 -1 1 0 0 0 0 0 -1.74007e-09 -0 0 0 -0 0 0 0 0 0 0 0 0 0 0 0 0 0 1 13150.8 13150.8 13150.8 13150.8
-1 -1 1 -1 -1 1 0 0 0 0 0 3.36566e-09 -0 0 0 -0 0 0 0 0 0 0 0 0 0 0 0 0 0 1 13150.8 13150.8 13150.8 13150.8
-1 -1 1 -1 -1 1 0 0 0 0 0 1.17874e-09 -0 0 0 -0 0 0 0 0 0 0 0 0 0 0 0 0 0 1 13150.8 13150.8 13150.8 13150.8
-1 -1 1 -1 -1 1 0 0 0 0 0 -1.0075e-09 -0 0 0 -0 0 0 0 0 0 0 0 0 0 0 0 0 0 1 13150.8 13150.8 13150.8 13150.8
-1 -1 1 -1 -1 1 0 0 0 0 0 -3.19641e-09 -0 0 0 -0 0 0 0 0 0 0 0 0 0 0 0 0 0 1 13150.8 13150.8 13150.8 13150.8
-1 -1 1 -1 -1 1 0 0 0 0 0 1.89779e-09 -0 0 0 -0 0 0 0 0 0 0 0 0 0 0 0 0 0 1 13150.8 13150.8 13150.8 13150.8
-1 -1 1 -1 -1 1 0 0 0 0 0 -3.00079e-10 -0 0 0 -0 0 0 0 0 0 0 0 0 0 0 0 0 0 1 13150.8 13150.8 13150.8 13150.8
-1 -1 1 -1 -1 1 0 0 0 0 0 -2.48372e-09 -0 0 0 -0 0 0 0 0 0 0 0 0 0 0 0 0 0 1 13150.8 13150.8 13150.8 13150.8
-1 -1 1 -1 -1 1 0 0 0 0 0 2.61936e-09 -0 0 0 -0 0 0 0 0 0 0 0 0 0 0 0 0 0 1 13150.8 13150.8 13150.8 13150.8
-1 -1 1 -1 -1 1 0 0 0 0 0 4.30423e-10 -0 0 0 -0 0 0 0 0 0 0 0 0 0 0 0 0 0 1 13150.8 13150.8 13150.8 13150.8
-1 -1 1 -1 -1 1 0 0 0 0 0 -1.75682e-09 -0 0 0 -0 0 0 0 0 0 0 0 0 0 0 0 0 0 1 13150.8 13150.8 13150.8 13150.8
-1 -1 1 -1 -1 1 0 0 0 0 0 3.33557e-09 -0 0 0 -0 0 0 0 0 0 0 0 0 0 0 0 0 0 1 13150.8 13150.8 13150.8 13150.8
-1 -1 1 -1 -1 1 0 0 0 0 0 1.13898e-09 -0 0 0 -0 0 0 0 0 0 0 0 0 0 0 0 0 0 1 13150.8 13150.8 13150.8 13150.8
-1 -1 1 -1 -1 1 0 0 0 0 0 -1.04732e-09 -0 0 0 -0 0 0 0 0 0 0 0 0 0 0 0 0 0 1 13150.8 13150.8 13150.8 13150.8
-1 -1 1 -1 -1 1 0 0 0 0 0 -3.24614e-09 -0 0 0 -0 0 0 0 0 0 0 0 0 0 0 0 0 0 1 13150.8 13150.8 13150.8 13150.8
-1 -1 1 -1 -1 1 0 0 0 0 0 1.83233e-09 -0 0 0 -0 0 0 0 0 0 0 0 0 0 0 0 0 0 1 13150.8 13150.8 13150.8 13150.8
-1 -1 1 -1 -1 1 0 0 0 0 0 -3.63057e-10 -0 0 0 -0 0 0 0 0 0 0 0 0 0 0 0 0 0 1 13150.8 13150.8 13150.8 13150.8
-1 -1 1 -1 -1 1 0 0 0 0 0 -2.55257e-09 -0 0 0 -0 0 0 0 0 0 0 0 0 0 0 0 0 0 1 13150.8 13150.8 13150.8 13150.8
-1 -1 1 -1 -1 1 0 0 0 0 0 2.54934e-09 -0 0 0 -0 0 0 0 0 0 0 0 0 0 0 0 0 0 1 13150.8 13150.8 13150.8 13150.8
-1 -1 1 -1 -1 1 0 0 0 0 0 3.65984e-10 -0 0 0 -0 0 0 0 0 0 0 0 0 0 0 0 0 0 1 13150.8 13150.8 13150.8 13150.8
-1 -1 1 -1 -1 1 0 0 0 0 0 -1.82074e-09 -0 0 0 -0 0 0 0 0 0 0 0 0 0 0 0 0 0 1 13150.8 13150.8 13150.8 13150.8
-1 -1 1 -1 -1 1 0 0 0 0 0 3.29583e-09 -0 0 0 -0 0 0 0 0 0 0 0 0 0 0 0 0 0 1 13150.8 13150.8 13150.8 13150.8
-1 -1 1 -1 -1 1 0 0 0 0 0 1.11371e-09 -0 0 0 -0 0 0 0 0 0 0 0 0 0 0 0 0 0 1 13150.8 13150.8 13150.8 13150.8
-1 -1 1 -1 -1 1 0 0 0 0 0 -1.07318e-09 -0 0 0 -0 0 0 0 0 0 0 0 0 0 0 0 0 0 1 13150.8 13150.8 13150.8 13150.8
-1 -1 1 -1 -1 1 0 0 0 0 0 -3.26134e-09 -0 0 0 -0 0 0 0 0 0 0 0 0 0 0 0 0 0 1 13150.8 13150.8 13150.8 13150.8
-1 -1 1 -1 -1 1 0 0 0 0 0 1.83482e-09 -0 0 0 -0 0 0 0 0 0 0 0 0 0 0 0 0 0 1 13150.8 13150.8 13150.8 13150.8
-1 -1 1 -1 -1 1 0 0 0 0 0 -3.58503e-10 -0 0 0 -0 0 0 0 0 0 0 0 0 0 0 0 0 0 1 13150.8 13150.8 13150.8 13150.8
-1 -1 1 -1 -1 1 0 0 0 0 0 -2.54315e-09 -0 0 0 -0 0 0 0 0 0 0 0 0 0 0 0 0 0 1 13150.8 13150.8 13150.8 13150.8
-1 -1 1 -1 -1 1 0 0 0 0 0 2.55655e-09 -0 0 0 -0 0 0 0 0 0 0 0 0 0 0 0 0 0 1 13150.8 13150.8 13150.8 13150.8
-1 -1 1 -1 -1 1 0 0 0 0 0 3.64485e-10 -0 0 0 -0 0 0 0 0 0 0 0 0 0 0 0 0 0 1 13150.8 13150.8 13150.8 13150.8
-1 -1 1 -1 -1 1 0 0 0 0 0 -1.82096e-09 -0 0 0 -0 0 0 0 0 0 0 0 0 0 0 0 0 0 1 13150.8 13150.8 13150.8 13150.8
-1 -1 1 -1 -1 1 0 0 0 0 0 3.26977e-09 -0 0 0 -0 0 0 0 0 0 0 0 0 0 0 0 0 0 1 13150.8 13150.8 13150.8 13150.8
-1 -1 1 -1 -1 1 0 0 0 0 0 1.07677e-09 -0 0 0 -0 0 0 0 0 0 0 0 0 0 0 0 0 0 1 13150.8 13150.8 13150.8 13150.8
-1 -1 1 -1 -1 1 0 0 0 0 0 -1.11151e-09 -0 0 0 -0 0 0 0 0 0 0 0 0 0 0 0 0 0 1 13150.8 13150.8 13150.8 13150.8
-1 -1 1 -1 -1 1 0 0 0 0 0 -3.30973e-09 -0 0 0 -0 0 0 0 0 0 0 0 0 0 0 0 0 0 1 13150.8 13150.8 13150.8 13150.8
-1 -1 1 -1 -1 1 0 0 0 0 0 1.79499e-09 -0 0 0 -0 0 0 0 0 0 0 0 0 0 0 0 0 0 1 13150.8 13150.8 13150.8 13150.8
-1 -1 1 -1 -1 1 0 0 0 0 0 -3.87336e-10 -0 0 0 -0 0 0 0 0 0 0 0 0 0 0 0 0 0 1 13150.8 13150.8 13150.8 13150.8
-1 -1 1 -1 -1 1 0 0 0 0 0 -2.57655e-09 -0 0 0 -0 0 0 0 0 0 0 0 0 0 0 0 0 0 1 13150.8 13150.8 13150.8 13150.8
-1 -1 1 -1 -1 1 0 0 0 0 0 2.51344e-09 -0 0 0 -0 0 0 0 0 0 0 0 0 0 0 0 0 0 1 13150.8 13150.8 13150.8 13150.8
-1 -1 1 -1 -1 1 0 0 0 0 0 3.18666e-10 -0 0 0 -0 0 0 0 0 0 0 0 0 0 0 0 0 0 1 13150.8 13150.8 13150.8 13150.8
-1 -1 1 -1 -1 1 0 0 0 0 0 -1.86547e-09 -0 0 0 -0 0 0 0 0 0 0 0 0 0 0 0 0 0 1 13150.8 13150.8 13150.8 13150.8
-1 -1 1 -1 -1 1 0 0 0 0 0 3.23467e-09 -0 0 0 -0 0 0 0 0 0 0 0 0 0 0 0 0 0 1 13150.8 13150.8 13150.8 13150.8
-1 -1 1 -1 -1 1 0 0 0 0 0 1.04346e-09 -0 0 0 -0 0 0 0 0 0 0 0 0 0 0 0 0 0 1 13150.8 13150.8 13150.8 13150.8
-1 -1 1 -1 -1 1 0 0 0 0 0 -1.1516e-09 -0 0 0 -0 0 0 0 0 0 0 0 0 0 0 0 0 0 1 13150.8 13150.8 13150.8 13150.8
-1 -1 1 -1 -1 1 0 0 0 0 0 -3.32971e-09 -0 0 0 -0 0 0 0 0 0 0 0 0 0 0 0 0 0 1 13150.8 13150.8 13150.8 13150.8
-1 -1 1 -1 -1 1 0 0 0 0 0 1.76856e-09 -0 0 0 -0 0 0 0 0 0 0 0 0 0 0 0 0 0 1 13150.8 13150.8 13150.8 13150.8
-1 -1 1 -1 -1 1 0 0 0 0 0 -4.21728e-10 -0 0 0 -0 0 0 0 0 0 0 0 0 0 0 0 0 0 1 13150.8 13150.8 13150.8 13150.8
-1 -1 1 -1 -1 1 0 0 0 0 0 -2.60993e-09 -0 0 0 -0 0 0 0 0 0 0 0 0 0 0 0 0 0 1 13150.8 13150.8 13150.8 13150.8
-1 -1 1 -1 -1 1 0 0 0 0 0 2.49559e-09 -0 0 0 -0 0 0 0 0 0 0 0 0 0 0 0 0 0 1 13150.8 13150.8 13150.8 13150.8
-1 -1 1 -1 -1 1 0 0 0 0 0 3.03352e-10 -0 0 0 -0 0 0 0 0 0 0 0 0 0 0 0 0 0 1 13150.8 13150.8 13150.8 13150.8
-1 -1 1 -1 -1 1 0 0 0 0 0 -1.8889e-09 -0 0 0 -0 0 0 0 0 0 0 0 0 0 0 0 0 0 1 13150.8 13150.8 13150.8 13150.8
-1 -1 1 -1 -1 1 0 0 0 0 0 3.18549e-09 -0 0 0 -0 0 0 0 0 0 0 0 0 0 0 0 0 0 1 13150.8 13150.8 13150.8 13150.8
-1 -1 1 -1 -1 1 0 0 0 0 0 9.89386e-10 -0 0 0 -0 0 0 0 0 0 0 0 0 0 0 0 0 0 1 13150.8 13150.8 13150.8 13150.8
-1 -1 1 -1 -1 1 0 0 0 0 0 -1.19241e-09 -0 0 0 -0 0 0 0 0 0 0 0 0 0 0 0 0 0 1 13150.8 13150.8 13150.8 13150.8
-1 -1 1 -1 -1 1 0 0 0 0 0 -3.39917e-09 -0 0 0 -0 0 0 0 0 0 0 0 0 0 0 0 0 0 1 13150.8 13150.8 13150.8 13150.8
-1 -1 1 -1 -1 1 0 0 0 0 0 1.67838e-09 -0 0 0 -0 0 0 0 0 0 0 0 0 0 0 0 0 0 1 13150.8 13150.8 13150.8 13150.8
-1 -1 1 -1 -1 1 0 0 0 0 0 -5.05217e-10 -0 0 0 -0 0 0 0 0 0 0 0 0 0 0 0 0 0 1 13150.8 13150.8 13150.8 13150.8
-1 -1 1 -1 -1 1 0 0 0 0 0 -2.70133e-09 -0 0 0 -0 0 0 0 0 0 0 0 0 0 0 0 0 0 1 13150.8 13150.8 13150.8 13150.8
-1 -1 1 -1 -1 1 0 0 0 0 0 2.37916e-09 -0 0 0 -0 0 0 0 0 0 0 0 0 0 0 0 0 0 1 13150.8 13150.8 13150.8 13150.8
-1 -1 1 -1 -1 1 0 0 0 0 0 1.75697e-10 -0 0 0 -0 0 0 0 0 0 0 0 0 0 0 0 0 0 1 13150.8 13150.8 13150.8 13150.8
-1 -1 1 -1 -1 1 0 0 0 0 0 -2.00018e-09 -0 0 0 -0 0 0 0 0 0 0 0 0 0 0 0 0 0 1 13150.8 13150.8 13150.8 13150.8
-1 -1 1 -1 -1 1 0 0 0 0 0 3.10281e-09 -0 0 0 -0 0 0 0 0 0 0 0 0 0 0 0 0 0 1 13150.8 13150.8 13150.8 13150.8
-1 -1 1 -1 -1 1 0 0 0 0 0 9.14601e-10 -0 0 0 -0 0 0 0 0 0 0 0 0 0 0 0 0 0 1 13150.8 13150.8 13150.8 13150.8
-1 -1 1 -1 -1 1 0 0 0 0 0 -1.2716e-09 -0 0 0 -0 0 0 0 0 0 0 0 0 0 0 0 0 0 1 13150.8 13150.8 13150.8 13150.8
-1 -1 1 -1 -1 1 0 0 0 0 0 -3.45997e-09 -0 0 0 -0 0 0 0 0 0 0 0 0 0 0 0 0 0 1 13150.8 13150.8 13150.8 13150.8
-1 -1 1 -1 -1 1 0 0 0 0 0 1.65543e-09 -0 0 0 -0 0 0 0 0 0 0 0 0 0 0 0 0 0 1 13150.8 13150.8 13150.8 13150.8
-1 -1 1 -1 -1 1 0 0 0 0 0 -5.25119e-10 -0 0 0 -0 0 0 0 0 0 0 0 0 0 0 0 0 0 1 13150.8 13150.8 13150.8 13150.8
-1 -1 1 -1 -1 1 0 0 0 0 0 -2.72036e-09 -0 0 0 -0 0 0 0 0 0 0 0 0 0 0 0 0 0 1 13150.8 13150.8 13150.8 13150.8
-1 -1 1 -1 -1 1 0 0 0 0 0 2.37137e-09 -0 0 0 -0 0 0 0 0 0 0 0 0 0 0 0 0 0 1 13150.8 13150.8 13150.8 13150.8
-1 -1 1 -1 -1 1 0 0 0 0 0 1.8342e-10 -0 0 0 -0 0 0 0 0 0 0 0 0 0 0 0 0 0 1 13150.8 13150.8 13150.8 13150.8
-1 -1 1 -1 -1 1 0 0 0 0 0 -2.00495e-09 -0 0 0 -0 0 0 0 0 0 0 0 0 0 0 0 0 0 1 13150.8 13150.8 13150.8 13150.8
-1 -1 1 -1 -1 1 0 0 0 0 0 3.0864e-09 -0 0 0 -0 0 0 0 0 0 0 0 0 0 0 0 0 0 1 13150.8 13150.8 13150.8 13150.8
-1 -1 1 -1 -1 1 0 0 0 0 0 8.9685e-10 -0 0 0 -0 0 0 0 0 0 0 0 0 0 0 0 0 0 1 13150.8 13150.8 13150.8 13150.8
-1 -1 1 -1 -1 1 0 0 0 0 0 -1.2914e-09 -0 0 0 -0 0 0 0 0 0 0 0 0 0 0 0 0 0 1 13150.8 13150.8 13150.8 13150.8
-1 -1 1 -1 -1 1 0 0 0 0 0 -3.49822e-09 -0 0 0 -0 0 0 0 0 0 0 0 0 0 0 0 0 0 1 13150.8 13150.8 13150.8 13150.8
-1 -1 1 -1 -1 1 0 0 0 0 0 1.59751e-09 -0 0 0 -0 0 0 0 0 0 0 0 0 0 0 0 0 0 1 13150.8 13150.8 13150.8 13150.8
-1 -1 1 -1 -1 1 0 0 0 0 0 -5.93122e-10 -0 0 0 -0 0 0 0 0 0 0 0 0 0 0 0 0 0 1 13150.8 13150.8 13150.8 13150.8
-1 -1 1 -1 -1 1 0 0 0 0 0 -2.76701e-09 -0 0 0 -0 0 0 0 0 0 0 0 0 0 0 0 0 0 1 13150.8 13150.8 13150.8 13150.8
-1 -1 1 -1 -1 1 0 0 0 0 0 2.34663e-09 -0 0 0 -0 0 0 0 0 0 0 0 0 0 0 0 0 0 1 13150.8 13150.8 13150.8 13150.8
-1 -1 1 -1 -1 1 0 0 0 0 0 1.63721e-10 -0 0 0 -0 0 0 0 0 0 0 0 0 0 0 0 0 0 1 13150.8 13150.8 13150.8 13150.8
-1 -1 1 -1 -1 1 0 0 0 0 0 -2.02578e-09 -0 0 0 -0 0 0 0 0 0 0 0 0 0 0 0 0 0 1 13150.8 13150.8 13150.8 13150.8
-1 -1 1 -1 -1 1 0 0 0 0 0 3.08538e-09 -0 0 0 -0 0 0 0 0 0 0 0 0 0 0 0 0 0 1 13150.8 13150.8 13150.8 13150.8
-1 -1 1 -1 -1 1 0 0 0 0 0 9.00186e-10 -0 0 0 -0 0 0 0 0 0 0 0 0 0 0 0 0 0 1 13150.8 13150.8 13150.8 13150.8
-1 -1 1 -1 -1 1 0 0 0 0 0 -1.28591e-09 -0 0 0 -0 0 0 0 0 0 0 0 0 0 0 0 0 0 1 13150.8 13150.8 13150.8 13150.8
-1 -1 1 -1 -1 1 0 0 0 0 0 -3.48828e-09 -0 0 0 -0 0 0 0 0 0 0 0 0 0 0 0 0 0 1 13150.8 13150.8 13150.8 13150.8
-1 -1 1 -1 -1 1 0 0 0 0 0 1.58607e-09 -0 0 0 -0 0 0 0 0 0 0 0 0 0 0 0 0 0 1 13150.8 13150.8 13150.8 13150.8
-1 -1 1 -1 -1 1 0 0 0 0 0 -6.07474e-10 -0 0 0 -0 0 0 0 0 0 0 0 0 0 0 0 0 0 1 13150.8 13150.8 13150.8 13150.8
-1 -1 1 -1 -1 1 0 0 0 0 0 -2.79001e-09 -0 0 0 -0 0 0 0 0 0 0 0 0 0 0 0 0 0 1 13150.8 13150.8 13150.8 13150.8
-1 -1 1 -1 -1 1 0 0 0 0 0 2.31134e-09 -0 0 0 -0 0 0 0 0 0 0 0 0 0 0 0 0 0 1 13150.8 13150.8 13150.8 13150.8
-1 -1 1 -1 -1 1 0 0 0 0 0 1.21883e-10 -0 0 0 -0 0 0 0 0 0 0 0 0 0 0 0 0 0 1 13150.8 13150.8 13150.8 13150.8
-1 -1 1 -1 -1 1 0 0 0 0 0 -2.06834e-09 -0 0 0 -0 0 0 0 0 0 0 0 0 0 0 0 0 0 1 13150.8 13150.8 13150.8 13150.8
-1 -1 1 -1 -1 1 0 0 0 0 0 3.02477e-09 -0 0 0 -0 0 0 0 0 0 0 0 0 0 0 0 0 0 1 13150.8 13150.8 13150.8 13150.8
-1 -1 1 -1 -1 1 0 0 0 0 0 8.37755e-10 -0 0 0 -0 0 0 0 0 0 0 0 0 0 0 0 0 0 1 13150.8 13150.8 13150.8 13150.8
-1 -1 1 -1 -1 1 0 0 0 0 0 -1.35753e-09 -0 0 0 -0 0 0 0 0 0 0 0 0 0 0 0 0 0 1 13150.8 13150.8 13150.8 13150.8
-1 -1 1 -1 -1 1 0 0 0 0 0 -3.54223e-09 -0 0 0 -0 0 0 0 0 0 0 0 0 0 0 0 0 0 1 13150.8 13150.8 13150.8 13150.8
-1 -1 1 -1 -1 1 0 0 0 0 0 1.56226e-09 -0 0 0 -0 0 0 0 0 0 0 0 0 0 0 0 0 0 1 13150.8 13150.8 13150.8 13150.8
-1 -1 1 -1 -1 1 0 0 0 0 0 -6.28717e-10 -0 0 0 -0 0 0 0 0 0 0 0 0 0 0 0 0 0 1 13150.8 13150.8 13150.8 13150.8
-1 -1 1 -1 -1 1 0 0 0 0 0 -2.81545e-09 -0 0 0 -0 0 0 0 0 0 0 0 0 0 0 0 0 0 1 13150.8 13150.8 13150.8 13150.8
-1 -1 1 -1 -1 1 0 0 0 0 0 2.27756e-09 -0 0 0 -0 0 0 0 0 0 0 0 0 0 0 0 0 0 1 13150.8 13150.8 13150.8 13150.8
-1 -1 1 -1 -1 1 0 0 0 0 0 7.59573e-11 -0 0 0 -0 0 0 0 0 0 0 0 0 0 0 0 0 0 1 13150.8 13150.8 13150.8 13150.8
-1 -1 1 -1 -1 1 0 0 0 0 0 -2.10184e-09 -0 0 0 -0 0 0 0 0 0 0 0 0 0 0 0 0 0 1 13150.8 13150.8 13150.8 13150.8
-1 -1 1 -1 -1 1 0 0 0 0 0 2.99219e-09 -0 0 0 -0 0 0 0 0 0 0 0 0 0 0 0 0 0 1 13150.8 13150.8 13150.8 13150.8
-1 -1 1 -1 -1 1 0 0 0 0 0 8.00009e-10 -0 0 0 -0 0 0 0 0 0 0 0 0 0 0 0 0 0 1 13150.8 13150.8 13150.8 13150.8
-1 -1 1 -1 -1 1 0 0 0 0 0 -1.38477e-09 -0 0 0 -0 0 0 0 0 0 0 0 0 0 0 0 0 0 1 13150.8 13150.8 13150.8 13150.8
-1 -1 1 -1 -1 1 0 0 0 0 0 -3.57429e-09 -0 0 0 -0 0 0 0 0 0 0 0 0 0 0 0 0 0 1 13150.8 13150.8 13150.8 13150.8
-1 -1 1 -1 -1 1 0 0 0 0 0 1.52782e-09 -0 0 0 -0 0 0 0 0 0 0 0 0 0 0 0 0 0 1 13150.8 13150.8 13150.8 13150.8
-1 -1 1 -1 -1 1 0 0 0 0 0 -6.62997e-10 -0 0 0 -0 0 0 0 0 0 0 0 0 0 0 0 0 0 1 13150.8 13150.8 13150.8 13150.8
-1 -1 1 -1 -1 1 0 0 0 0 0 -2.8531e-09 -0 0 0 -0 0 0 0 0 0 0 0 0 0 0 0 0 0 1 13150.8 13150.8 13150.8 13150.8
-1 -1 1 -1 -1 1 0 0 0 0 0 2.24588e-09 -0 0 0 -0 0 0 0 0 0 0 0 0 0 0 0 0 0 1 13150.8 13150.8 13150.8 13150.8
-1 -1 1 -1 -1 1 0 0 0 0 0 5.92069e-11 -0 0 0 -0 0 0 0 0 0 0 0 0 0 0 0 0 0 1 13150.8 13150.8 13150.8 13150.8
-1 -1 1 -1 -1 1 0 0 0 0 0 -2.12861e-09 -0 0 0 -0 0 0 0 0 0 0 0 0 0 0 0 0 0 1 13150.8 13150.8 13150.8 13150.8
-1 -1 1 -1 -1 1 0 0 0 0 0 2.97522e-09 -0 0 0 -0 0 0 0 0 0 0 0 0 0 0 0 0 0 1 13150.8 13150.8 13150.8 13150.8
-1 -1 1 -1 -1 1 0 0 0 0 0 7.79019e-10 -0 0 0 -0 0 0 0 0 0 0 0 0 0 0 0 0 0 1 13150.8 13150.8 13150.8 13150.8
-1 -1 1 -1 -1 1 0 0 0 0 0 -1.39846e-09 -0 0 0 -0 0 0 0 0 0 0 0 0 0 0 0 0 0 1 13150.8 13150.8 13150.8 13150.8
-1 -1 1 -1 -1 1 0 0 0 0 0 -3.5886e-09 -0 0 0 -0 0 0 0 0 0 0 0 0 0 0 0 0 0 1 13150.8 13150.8 13150.8 13150.8
-1 -1 1 -1 -1 1 0 0 0 0 0 1.5255e-09 -0 0 0 -0 0 0 0 0 0 0 0 0 0 0 0 0 0 1 13150.8 13150.8 13150.8 13150.8
-1 -1 1 -1 -1 1 0 0 0 0 0 -6.61945e-10 -0 0 0 -0 0 0 0 0 0 0 0 0 0 0 0 0 0 1 13150.8 13150.8 13150.8 13150.8
-1 -1 1 -1 -1 1 0 0 0 0 0 -2.8524e-09 -0 0 0 -0 0 0 0 0 0 0 0 0 0 0 0 0 0 1 13150.8 13150.8 13150.8 13150.8
-1 -1 1 -1 -1 1 0 0 0 0 0 2.24274e-09 -0 0 0 -0 0 0 0 0 0 0 0 0 0 0 0 0 0 1 13150.8 13150.8 13150.8 13150.8
-1 -1 1 -1 -1 1 0 0 0 0 0 5.52296e-11 -0 0 0 -0 0 0 0 0 0 0 0 0 0 0 0 0 0 1 13150.8 13150.8 13150.8 13150.8
-1 -1 1 -1 -1 1 0 0 0 0 0 -2.13216e-09 -0 0 0 -0 0 0 0 0 0 0 0 0 0 0 0 0 0 1 13150.8 13150.8 13150.8 13150.8
-1 -1 1 -1 -1 1 0 0 0 0 0 2.97026e-09 -0 0 0 -0 0 0 0 0 0 0 0 0 0 0 0 0 0 1 13150.8 13150.8 13150.8 13150.8
-1 -1 1 -1 -1 1 0 0 0 0 0 7.79842e-10 -0 0 0 -0 0 0 0 0 0 0 0 0 0 0 0 0 0 1 13150.8 13150.8 13150.8 13150.8
-1 -1 1 -1 -1 1 0 0 0 0 0 -1.40811e-09 -0 0 0 -0 0 0 0 0 0 0 0 0 0 0 0 0 0 1 13150.8 13150.8 13150.8 13150.8
-1 -1 1 -1 -1 1 0 0 0 0 0 -3.59732e-09 -0 0 0 -0 0 0 0 0 0 0 0 0 0 0 0 0 0 1 13150.8 13150.8 13150.8 13150.8
-1 -1 1 -1 -1 1 0 0 0 0 0 1.50583e-09 -0 0 0 -0 0 0 0 0 0 0 0 0 0 0 0 0 0 1 13150.8 13150.8 13150.8 13150.8
-1 -1 1 -1 -1 1 0 0 0 0 0 -6.81041e-10 -0 0 0 -0 0 0 0 0 0 0 0 0 0 0 0 0 0 1 13150.8 13150.8 13150.8 13150.8
-1 -1 1 -1 -1 1 0 0 0 0 0 -2.87047e-09 -0 0 0 -0 0 0 0 0 0 0 0 0 0 0 0 0 0 1 13150.8 13150.8 13150.8 13150.8
-1 -1 1 -1 -1 1 0 0 0 0 0 2.25507e-09 -0 0 0 -0 0 0 0 0 0 0 0 0 0 0 0 0 0 1 13150.8 13150.8 13150.8 13150.8
-1 -1 1 -1 -1 1 0 0 0 0 0 7.21573e-11 -0 0 0 -0 0 0 0 0 0 0 0 0 0 0 0 0 0 1 13150.8 13150.8 13150.8 13150.8
-1 -1 1 -1 -1 1 0 0 0 0 0 -2.10629e-09 -0 0 0 -0 0 0 0 0 0 0 0 0 0 0 0 0 0 1 13150.8 13150.8 13150.8 13150.8
-1 -1 1 -1 -1 1 0 0 0 0 0 2.98973e-09 -0 0 0 -0 0 0 0 0 0 0 0 0 0 0 0 0 0 1 13150.8 13150.8 13150.8 13150.8
-1 -1 1 -1 -1 1 0 0 0 0 0 7.98445e-10 -0 0 0 -0 0 0 0 0 0 0 0 0 0 0 0 0 0 1 13150.8 13150.8 13150.8 13150.8
-1 -1 1 -1 -1 1 0 0 0 0 0 -1.38892e-09 -0 0 0 -0 0 0 0 0 0 0 0 0 0 0 0 0 0 1 13150.8 13150.8 13150.8 13150.8
-1 -1 1 -1 -1 1 0 0 0 0 0 -3.58509e-09 -0 0 0 -0 0 0 0 0 0 0 0 0 0 0 0 0 0 1 13150.8 13150.8 13150.8 13150.8
-1 -1 1 -1 -1 1 0 0 0 0 0 1.52645e-09 -0 0 0 -0 0 0 0 0 0 0 0 0 0 0 0 0 0 1 13150.8 13150.8 13150.8 13150.8
-1 -1 1 -1 -1 1 0 0 0 0 0 -6.56518e-10 -0 0 0 -0 0 0 0 0 0 0 0 0 0 0 0 0 0 1 13150.8 13150.8 13150.8 13150.8
-1 -1 1 -1 -1 1 0 0 0 0 0 -2.84243e-09 -0 0 0 -0 0 0 0 0 0 0 0 0 0 0 0 0 0 1 13150.8 13150.8 13150.8 13150.8
-1 -1 1 -1 -1 1 0 0 0 0 0 2.25566e-09 -0 0 0 -0 0 0 0 0 0 0 0 0 0 0 0 0 0 1 13150.8 13150.8 13150.8 13150.8
-1 -1 1 -1 -1 1 0 0 0 0 0 6.47832e-11 -0 0 0 -0 0 0 0 0 0 0 0 0 0 0 0 0 0 1 13150.8 13150.8 13150.8 13150.8
-1 -1 1 -1 -1 1 0 0 0 0 0 -2.12745e-09 -0 0 0 -0 0 0 0 0 0 0 0 0 0 0 0 0 0 1 13150.8 13150.8 13150.8 13150.8
-1 -1 1 -1 -1 1 0 0 0 0 0 2.97072e-09 -0 0 0 -0 0 0 0 0 0 0 0 0 0 0 0 0 0 1 13150.8 13150.8 13150.8 13150.8
-1 -1 1 -1 -1 1 0 0 0 0 0 7.79892e-10 -0 0 0 -0 0 0 0 0 0 0 0 0 0 0 0 0 0 1 13150.8 13150.8 13150.8 13150.8
-1 -1 1 -1 -1 1 0 0 0 0 0 -1.4036e-09 -0 0 0 -0 0 0 0 0 0 0 0 0 0 0 0 0 0 1 13150.8 13150.8 13150.8 13150.8
-1 -1 1 -1 -1 1 0 0 0 0 0 3.70005e-09 -0 0 0 -0 0 0 0 0 0 0 0 0 0 0 0 0 0 1 13150.8 13150.8 13150.8 13150.8
-1 -1 1 -1 -1 1 0 0 0 0 0 1.51811e-09 -0 0 0 -0 0 0 0 0 0 0 0 0 0 0 0 0 0 1 13150.8 13150.8 13150.8 13150.8
-1 -1 1 -1 -1 1 0 0 0 0 0 -6.7263e-10 -0 0 0 -0 0 0 0 0 0 0 0 0 0 0 0 0 0 1 13150.8 13150.8 13150.8 13150.8
-1 -1 1 -1 -1 1 0 0 0 0 0 -2.86289e-09 -0 0 0 -0 0 0 0 0 0 0 0 0 0 0 0 0 0 1 13150.8 13150.8 13150.8 13150.8
-1 -1 1 -1 -1 1 0 0 0 0 0 2.25121e-09 -0 0 0 -0 0 0 0 0 0 0 0 0 0 0 0 0 0 1 13150.8 13150.8 13150.8 13150.8
-1 -1 1 -1 -1 1 0 0 0 0 0 6.56344e-11 -0 0 0 -0 0 0 0 0 0 0 0 0 0 0 0 0 0 1 13150.8 13150.8 13150.8 13150.8
-1 -1 1 -1 -1 1 0 0 0 0 0 -2.11879e-09 -0 0 0 -0 0 0 0 0 0 0 0 0 0 0 0 0 0 1 13150.8 13150.8 13150.8 13150.8
-1 -1 1 -1 -1 1 0 0 0 0 0 2.97448e-09 -0 0 0 -0 0 0 0 0 0 0 0 0 0 0 0 0 0 1 13150.8 13150.8 13150.8 13150.8
-1 -1 1 -1 -1 1 0 0 0 0 0 7.81973e-10 -0 0 0 -0 0 0 0 0 0 0 0 0 0 0 0 0 0 1 13150.8 13150.8 13150.8 13150.8
-1 -1 1 -1 -1 1 0 0 0 0 0 -1.4042e-09 -0 0 0 -0 0 0 0 0 0 0 0 0 0 0 0 0 0 1 13150.8 13150.8 13150.8 13150.8
-1 -1 1 -1 -1 1 0 0 0 0 0 -3.60843e-09 -0 0 0 -0 0 0 0 0 0 0 0 0 0 0 0 0 0 1 13150.8 13150.8 13150.8 13150.8
-1 -1 1 -1 -1 1 0 0 0 0 0 1.46546e-09 -0 0 0 -0 0 0 0 0 0 0 0 0 0 0 0 0 0 1 13150.8 13150.8 13150.8 13150.8
-1 -1 1 -1 -1 1 0 0 0 0 0 -7.26395e-10 -0 0 0 -0 0 0 0 0 0 0 0 0 0 0 0 0 0 1 13150.8 13150.8 13150.8 13150.8
-1 -1 1 -1 -1 1 0 0 0 0 0 -2.91331e-09 -0 0 0 -0 0 0 0 0 0 0 0 0 0 0 0 0 0 1 13150.8 13150.8 13150.8 13150.8
-1 -1 1 -1 -1 1 0 0 0 0 0 2.19924e-09 -0 0 0 -0 0 0 0 0 0 0 0 0 0 0 0 0 0 1 13150.8 13150.8 13150.8 13150.8
-1 -1 1 -1 -1 1 0 0 0 0 0 8.19254e-12 -0 0 0 -0 0 0 0 0 0 0 0 0 0 0 0 0 0 1 13150.8 13150.8 13150.8 13150.8
-1 -1 1 -1 -1 1 0 0 0 0 0 -2.17322e-09 -0 0 0 -0 0 0 0 0 0 0 0 0 0 0 0 0 0 1 13150.8 13150.8 13150.8 13150.8
-1 -1 1 -1 -1 1 0 0 0 0 0 2.92027e-09 -0 0 0 -0 0 0 0 0 0 0 0 0 0 0 0 0 0 1 13150.8 13150.8 13150.8 13150.8
-1 -1 1 -1 -1 1 0 0 0 0 0 7.30861e-10 -0 0 0 -0 0 0 0 0 0 0 0 0 0 0 0 0 0 1 13150.8 13150.8 13150.8 13150.8
-1 -1 1 -1 -1 1 0 0 0 0 0 -1.4582e-09 -0 0 0 -0 0 0 0 0 0 0 0 0 0 0 0 0 0 1 13150.8 13150.8 13150.8 13150.8
-1 -1 1 -1 -1 1 0 0 0 0 0 3.63518e-09 -0 0 0 -0 0 0 0 0 0 0 0 0 0 0 0 0 0 1 13150.8 13150.8 13150.8 13150.8
-1 -1 1 -1 -1 1 0 0 0 0 0 1.44804e-09 -0 0 0 -0 0 0 0 0 0 0 0 0 0 0 0 0 0 1 13150.8 13150.8 13150.8 13150.8
-1 -1 1 -1 -1 1 0 0 0 0 0 -7.47241e-10 -0 0 0 -0 0 0 0 0 0 0 0 0 0 0 0 0 0 1 13150.8 13150.8 13150.8 13150.8
-1 -1 1 -1 -1 1 0 0 0 0 0 -2.93347e-09 -0 0 0 -0 0 0 0 0 0 0 0 0 0 0 0 0 0 1 13150.8 13150.8 13150.8 13150.8
-1 -1 1 -1 -1 1 0 0 0 0 0 2.16329e-09 -0 0 0 -0 0 0 0 0 0 0 0 0 0 0 0 0 0 1 13150.8 13150.8 13150.8 13150.8
-1 -1 1 -1 -1 1 0 0 0 0 0 -3.14567e-11 -0 0 0 -0 0 0 0 0 0 0 0 0 0 0 0 0 0 1 13150.8 13150.8 13150.8 13150.8
-1 -1 1 -1 -1 1 0 0 0 0 0 -2.21787e-09 -0 0 0 -0 0 0 0 0 0 0 0 0 0 0 0 0 0 1 13150.8 13150.8 13150.8 13150.8
-1 -1 1 -1 -1 1 0 0 0 0 0 2.88641e-09 -0 0 0 -0 0 0 0 0 0 0 0 0 0 0 0 0 0 1 13150.8 13150.8 13150.8 13150.8
-1 -1 1 -1 -1 1 0 0 0 0 0 6.94715e-10 -0 0 0 -0 0 0 0 0 0 0 0 0 0 0 0 0 0 1 13150.8 13150.8 13150.8 13150.8
-1 -1 1 -1 -1 1 0 0 0 0 0 -1.48431e-09 -0 0 0 -0 0 0 0 0 0 0 0 0 0 0 0 0 0 1 13150.8 13150.8 13150.8 13150.8
-1 -1 1 -1 -1 1 0 0 0 0 0 3.61912e-09 -0 0 0 -0 0 0 0 0 0 0 0 0 0 0 0 0 0 1 13150.8 13150.8 13150.8 13150.8
-1 -1 1 -1 -1 1 0 0 0 0 0 1.42357e-09 -0 0 0 -0 0 0 0 0 0 0 0 0 0 0 0 0 0 1 13150.8 13150.8 13150.8 13150.8
-1 -1 1 -1 -1 1 0 0 0 0 0 -7.6257e-10 -0 0 0 -0 0 0 0 0 0 0 0 0 0 0 0 0 0 1 13150.8 13150.8 13150.8 13150.8
-1 -1 1 -1 -1 1 0 0 0 0 0 -2.94916e-09 -0 0 0 -0 0 0 0 0 0 0 0 0 0 0 0 0 0 1 13150.8 13150.8 13150.8 13150.8
-1 -1 1 -1 -1 1 0 0 0 0 0 2.14929e-09 -0 0 0 -0 0 0 0 0 0 0 0 0 0 0 0 0 0 1 13150.8 13150.8 13150.8 13150.8
-1 -1 1 -1 -1 1 0 0 0 0 0 -4.24438e-11 -0 0 0 -0 0 0 0 0 0 0 0 0 0 0 0 0 0 1 13150.8 13150.8 13150.8 13150.8
-1 -1 1 -1 -1 1 0 0 0 0 0 -2.23039e-09 -0 0 0 -0 0 0 0 0 0 0 0 0 0 0 0 0 0 1 13150.8 13150.8 13150.8 13150.8
-1 -1 1 -1 -1 1 0 0 0 0 0 2.86404e-09 -0 0 0 -0 0 0 0 0 0 0 0 0 0 0 0 0 0 1 13150.8 13150.8 13150.8 13150.8
-1 -1 1 -1 -1 1 0 0 0 0 0 6.67938e-10 -0 0 0 -0 0 0 0 0 0 0 0 0 0 0 0 0 0 1 13150.8 13150.8 13150.8 13150.8
-1 -1 1 -1 -1 1 0 0 0 0 0 -1.51573e-09 -0 0 0 -0 0 0 0 0 0 0 0 0 0 0 0 0 0 1 13150.8 13150.8 13150.8 13150.8
-1 -1 1 -1 -1 1 0 0 0 0 0 3.56804e-09 -0 0 0 -0 0 0 0 0 0 0 0 0 0 0 0 0 0 1 13150.8 13150.8 13150.8 13150.8
-1 -1 1 -1 -1 1 0 0 0 0 0 1.37562e-09 -0 0 0 -0 0 0 0 0 0 0 0 0 0 0 0 0 0 1 13150.8 13150.8 13150.8 13150.8
-1 -1 1 -1 -1 1 0 0 0 0 0 -8.15906e-10 -0 0 0 -0 0 0 0 0 0 0 0 0 0 0 0 0 0 1 13150.8 13150.8 13150.8 13150.8
-1 -1 1 -1 -1 1 0 0 0 0 0 -3.0096e-09 -0 0 0 -0 0 0 0 0 0 0 0 0 0 0 0 0 0 1 13150.8 13150.8 13150.8 13150.8
-1 -1 1 -1 -1 1 0 0 0 0 0 2.06862e-09 -0 0 0 -0 0 0 0 0 0 0 0 0 0 0 0 0 0 1 13150.8 13150.8 13150.8 13150.8
-1 -1 1 -1 -1 1 0 0 0 0 0 -1.34157e-10 -0 0 0 -0 0 0 0 0 0 0 0 0 0 0 0 0 0 1 13150.8 13150.8 13150.8 13150.8
-1 -1 1 -1 -1 1 0 0 0 0 0 -2.30936e-09 -0 0 0 -0 0 0 0 0 0 0 0 0 0 0 0 0 0 1 13150.8 13150.8 13150.8 13150.8
-1 -1 1 -1 -1 1 0 0 0 0 0 2.81244e-09 -0 0 0 -0 0 0 0 0 0 0 0 0 0 0 0 0 0 1 13150.8 13150.8 13150.8 13150.8
-1 -1 1 -1 -1 1 0 0 0 0 0 6.32989e-10 -0 0 0 -0 0 0 0 0 0 0 0 0 0 0 0 0 0 1 13150.8 13150.8 13150.8 13150.8
-1 -1 1 -1 -1 1 0 0 0 0 0 -1.56317e-09 -0 0 0 -0 0 0 0 0 0 0 0 0 0 0 0 0 0 1 13150.8 13150.8 13150.8 13150.8
-1 -1 1 -1 -1 1 0 0 0 0 0 3.5399e-09 -0 0 0 -0 0 0 0 0 0 0 0 0 0 0 0 0 0 1 13150.8 13150.8 13150.8 13150.8
-1 -1 1 -1 -1 1 0 0 0 0 0 1.35022e-09 -0 0 0 -0 0 0 0 0 0 0 0 0 0 0 0 0 0 1 13150.8 13150.8 13150.8 13150.8
-1 -1 1 -1 -1 1 0 0 0 0 0 -8.34188e-10 -0 0 0 -0 0 0 0 0 0 0 0 0 0 0 0 0 0 1 13150.8 13150.8 13150.8 13150.8
-1 -1 1 -1 -1 1 0 0 0 0 0 -3.02885e-09 -0 0 0 -0 0 0 0 0 0 0 0 0 0 0 0 0 0 1 13150.8 13150.8 13150.8 13150.8
-1 -1 1 -1 -1 1 0 0 0 0 0 2.0514e-09 -0 0 0 -0 0 0 0 0 0 0 0 0 0 0 0 0 0 1 13150.8 13150.8 13150.8 13150.8
-1 -1 1 -1 -1 1 0 0 0 0 0 -1.38974e-10 -0 0 0 -0 0 0 0 0 0 0 0 0 0 0 0 0 0 1 13150.8 13150.8 13150.8 13150.8
-1 -1 1 -1 -1 1 0 0 0 0 0 -2.3343e-09 -0 0 0 -0 0 0 0 0 0 0 0 0 0 0 0 0 0 1 13150.8 13150.8 13150.8 13150.8
-1 -1 1 -1 -1 1 0 0 0 0 0 2.75767e-09 -0 0 0 -0 0 0 0 0 0 0 0 0 0 0 0 0 0 1 13150.8 13150.8 13150.8 13150.8
-1 -1 1 -1 -1 1 0 0 0 0 0 5.68707e-10 -0 0 0 -0 0 0 0 0 0 0 0 0 0 0 0 0 0 1 13150.8 13150.8 13150.8 13150.8
-1 -1 1 -1 -1 1 0 0 0 0 0 -1.61593e-09 -0 0 0 -0 0 0 0 0 0 0 0 0 0 0 0 0 0 1 13150.8 13150.8 13150.8 13150.8
-1 -1 1 -1 -1 1 0 0 0 0 0 3.47838e-09 -0 0 0 -0 0 0 0 0 0 0 0 0 0 0 0 0 0 1 13150.8 13150.8 13150.8 13150.8
-1 -1 1 -1 -1 1 0 0 0 0 0 1.2906e-09 -0 0 0 -0 0 0 0 0 0 0 0 0 0 0 0 0 0 1 13150.8 13150.8 13150.8 13150.8
-1 -1 1 -1 -1 1 0 0 0 0 0 -9.12095e-10 -0 0 0 -0 0 0 0 0 0 0 0 0 0 0 0 0 0 1 13150.8 13150.8 13150.8 13150.8
-1 -1 1 -1 -1 1 0 0 0 0 0 -3.09791e-09 -0 0 0 -0 0 0 0 0 0 0 0 0 0 0 0 0 0 1 13150.8 13150.8 13150.8 13150.8
-1 -1 1 -1 -1 1 0 0 0 0 0 1.98552e-09 -0 0 0 -0 0 0 0 0 0 0 0 0 0 0 0 0 0 1 13150.8 13150.8 13150.8 13150.8
-1 -1 1 -1 -1 1 0 0 0 0 0 -2.01589e-10 -0 0 0 -0 0 0 0 0 0 0 0 0 0 0 0 0 0 1 13150.8 13150.8 13150.8 13150.8
-1 -1 1 -1 -1 1 0 0 0 0 0 -2.38976e-09 -0 0 0 -0 0 0 0 0 0 0 0 0 0 0 0 0 0 1 13150.8 13150.8 13150.8 13150.8
-1 -1 1 -1 -1 1 0 0 0 0 0 2.73257e-09 -0 0 0 -0 0 0 0 0 0 0 0 0 0 0 0 0 0 1 13150.8 13150.8 13150.8 13150.8
-1 -1 1 -1 -1 1 0 0 0 0 0 5.55241e-10 -0 0 0 -0 0 0 0 0 0 0 0 0 0 0 0 0 0 1 13150.8 13150.8 13150.8 13150.8
-1 -1 1 -1 -1 1 0 0 0 0 0 -1.63374e-09 -0 0 0 -0 0 0 0 0 0 0 0 0 0 0 0 0 0 1 13150.8 13150.8 13150.8 13150.8
-1 -1 1 -1 -1 1 0 0 0 0 0 3.48189e-09 -0 0 0 -0 0 0 0 0 0 0 0 0 0 0 0 0 0 1 13150.8 13150.8 13150.8 13150.8
-1 -1 1 -1 -1 1 0 0 0 0 0 1.29333e-09 -0 0 0 -0 0 0 0 0 0 0 0 0 0 0 0 0 0 1 13150.8 13150.8 13150.8 13150.8
-1 -1 1 -1 -1 1 0 0 0 0 0 -8.91133e-10 -0 0 0 -0 0 0 0 0 0 0 0 0 0 0 0 0 0 1 13150.8 13150.8 13150.8 13150.8
-1 -1 1 -1 -1 1 0 0 0 0 0 -3.08339e-09 -0 0 0 -0 0 0 0 0 0 0 0 0 0 0 0 0 0 1 13150.8 13150.8 13150.8 13150.8
-1 -1 1 -1 -1 1 0 0 0 0 0 2.01697e-09 -0 0 0 -0 0 0 0 0 0 0 0 0 0 0 0 0 0 1 13150.8 13150.8 13150.8 13150.8
-1 -1 1 -1 -1 1 0 0 0 0 0 -1.7942e-10 -0 0 0 -0 0 0 0 0 0 0 0 0 0 0 0 0 0 1 13150.8 13150.8 13150.8 13150.8
-1 -1 1 -1 -1 1 0 0 0 0 0 -2.36667e-09 -0 0 0 -0 0 0 0 0 0 0 0 0 0 0 0 0 0 1 13150.8 13150.8 13150.8 13150.8
-1 -1 1 -1 -1 1 0 0 0 0 0 2.73309e-09 -0 0 0 -0 0 0 0 0 0 0 0 0 0 0 0 0 0 1 13150.8 13150.8 13150.8 13150.8
-1 -1 1 -1 -1 1 0 0 0 0 0 5.52372e-10 -0 0 0 -0 0 0 0 0 0 0 0 0 0 0 0 0 0 1 13150.8 13150.8 13150.8 13150.8
-1 -1 1 -1 -1 1 0 0 0 0 0 -1.63727e-09 -0 0 0 -0 0 0 0 0 0 0 0 0 0 0 0 0 0 1 13150.8 13150.8 13150.8 13150.8
-1 -1 1 -1 -1 1 0 0 0 0 0 3.45556e-09 -0 0 0 -0 0 0 0 0 0 0 0 0 0 0 0 0 0 1 13150.8 13150.8 13150.8 13150.8
-1 -1 1 -1 -1 1 0 0 0 0 0 1.28338e-09 -0 0 0 -0 0 0 0 0 0 0 0 0 0 0 0 0 0 1 13150.8 13150.8 13150.8 13150.8
-1 -1 1 -1 -1 1 0 0 0 0 0 -9.06223e-10 -0 0 0 -0 0 0 0 0 0 0 0 0 0 0 0 0 0 1 13150.8 13150.8 13150.8 13150.8
-1 -1 1 -1 -1 1 0 0 0 0 0 -3.11532e-09 -0 0 0 -0 0 0 0 0 0 0 0 0 0 0 0 0 0 1 13150.8 13150.8 13150.8 13150.8
-1 -1 1 -1 -1 1 0 0 0 0 0 1.98444e-09 -0 0 0 -0 0 0 0 0 0 0 0 0 0 0 0 0 0 1 13150.8 13150.8 13150.8 13150.8
-1 -1 1 -1 -1 1 0 0 0 0 0 -2.04165e-10 -0 0 0 -0 0 0 0 0 0 0 0 0 0 0 0 0 0 1 13150.8 13150.8 13150.8 13150.8
-1 -1 1 -1 -1 1 0 0 0 0 0 -2.39557e-09 -0 0 0 -0 0 0 0 0 0 0 0 0 0 0 0 0 0 1 13150.8 13150.8 13150.8 13150.8
-1 -1 1 -1 -1 1 0 0 0 0 0 2.68585e-09 -0 0 0 -0 0 0 0 0 0 0 0 0 0 0 0 0 0 1 13150.8 13150.8 13150.8 13150.8
-1 -1 1 -1 -1 1 0 0 0 0 0 4.98373e-10 -0 0 0 -0 0 0 0 0 0 0 0 0 0 0 0 0 0 1 13150.8 13150.8 13150.8 13150.8
-1 -1 1 -1 -1 1 0 0 0 0 0 -1.69029e-09 -0 0 0 -0 0 0 0 0 0 0 0 0 0 0 0 0 0 1 13150.8 13150.8 13150.8 13150.8
-1 -1 1 -1 -1 1 0 0 0 0 0 3.42857e-09 -0 0 0 -0 0 0 0 0 0 0 0 0 0 0 0 0 0 1 13150.8 13150.8 13150.8 13150.8
-1 -1 1 -1 -1 1 0 0 0 0 0 1.23893e-09 -0 0 0 -0 0 0 0 0 0 0 0 0 0 0 0 0 0 1 13150.8 13150.8 13150.8 13150.8
-1 -1 1 -1 -1 1 0 0 0 0 0 -9.46275e-10 -0 0 0 -0 0 0 0 0 0 0 0 0 0 0 0 0 0 1 13150.8 13150.8 13150.8 13150.8
-1 -1 1 -1 -1 1 0 0 0 0 0 -3.13244e-09 -0 0 0 -0 0 0 0 0 0 0 0 0 0 0 0 0 0 1 13150.8 13150.8 13150.8 13150.8
-1 -1 1 -1 -1 1 0 0 0 0 0 1.9649e-09 -0 0 0 -0 0 0 0 0 0 0 0 0 0 0 0 0 0 1 13150.8 13150.8 13150.8 13150.8
-1 -1 1 -1 -1 1 0 0 0 0 0 -2.28082e-10 -0 0 0 -0 0 0 0 0 0 0 0 0 0 0 0 0 0 1 13150.8 13150.8 13150.8 13150.8
-1 -1 1 -1 -1 1 0 0 0 0 0 -2.41415e-09 -0 0 0 -0 0 0 0 0 0 0 0 0 0 0 0 0 0 1 13150.8 13150.8 13150.8 13150.8
-1 -1 1 -1 -1 1 0 0 0 0 0 2.6897e-09 -0 0 0 -0 0 0 0 0 0 0 0 0 0 0 0 0 0 1 13150.8 13150.8 13150.8 13150.8
-1 -1 1 -1 -1 1 0 0 0 0 0 4.99436e-10 -0 0 0 -0 0 0 0 0 0 0 0 0 0 0 0 0 0 1 13150.8 13150.8 13150.8 13150.8
-1 -1 1 -1 -1 1 0 0 0 0 0 -1.68775e-09 -0 0 0 -0 0 0 0 0 0 0 0 0 0 0 0 0 0 1 13150.8 13150.8 13150.8 13150.8
-1 -1 1 -1 -1 1 0 0 0 0 0 3.40502e-09 -0 0 0 -0 0 0 0 0 0 0 0 0 0 0 0 0 0 1 13150.8 13150.8 13150.8 13150.8
-1 -1 1 -1 -1 1 0 0 0 0 0 1.20955e-09 -0 0 0 -0 0 0 0 0 0 0 0 0 0 0 0 0 0 1 13150.8 13150.8 13150.8 13150.8
-1 -1 1 -1 -1 1 0 0 0 0 0 -9.78838e-10 -0 0 0 -0 0 0 0 0 0 0 0 0 0 0 0 0 0 1 13150.8 13150.8 13150.8 13150.8
-1 -1 1 -1 -1 1 0 0 0 0 0 -3.17071e-09 -0 0 0 -0 0 0 0 0 0 0 0 0 0 0 0 0 0 1 13150.8 13150.8 13150.8 13150.8
-1 -1 1 -1 -1 1 0 0 0 0 0 1.93038e-09 -0 0 0 -0 0 0 0 0 0 0 0 0 0 0 0 0 0 1 13150.8 13150.8 13150.8 13150.8
-1 -1 1 -1 -1 1 0 0 0 0 0 -2.57664e-10 -0 0 0 -0 0 0 0 0 0 0 0 0 0 0 0 0 0 1 13150.8 13150.8 13150.8 13150.8
-1 -1 1 -1 -1 1 0 0 0 0 0 -2.44772e-09 -0 0 0 -0 0 0 0 0 0 0 0 0 0 0 0 0 0 1 13150.8 13150.8 13150.8 13150.8
-1 -1 1 -1 -1 1 0 0 0 0 0 2.63513e-09 -0 0 0 -0 0 0 0 0 0 0 0 0 0 0 0 0 0 1 13150.8 13150.8 13150.8 13150.8
-1 -1 1 -1 -1 1 0 0 0 0 0 4.37646e-10 -0 0 0 -0 0 0 0 0 0 0 0 0 0 0 0 0 0 1 13150.8 13150.8 13150.8 13150.8
-1 -1 1 -1 -1 1 0 0 0 0 0 -1.73795e-09 -0 0 0 -0 0 0 0 0 0 0 0 0 0 0 0 0 0 1 13150.8 13150.8 13150.8 13150.8
-1 -1 1 -1 -1 1 0 0 0 0 0 3.36415e-09 -0 0 0 -0 0 0 0 0 0 0 0 0 0 0 0 0 0 1 13150.8 13150.8 13150.8 13150.8
-1 -1 1 -1 -1 1 0 0 0 0 0 1.16349e-09 -0 0 0 -0 0 0 0 0 0 0 0 0 0 0 0 0 0 1 13150.8 13150.8 13150.8 13150.8
-1 -1 1 -1 -1 1 0 0 0 0 0 -1.02456e-09 -0 0 0 -0 0 0 0 0 0 0 0 0 0 0 0 0 0 1 13150.8 13150.8 13150.8 13150.8
-1 -1 1 -1 -1 1 0 0 0 0 0 -3.20883e-09 -0 0 0 -0 0 0 0 0 0 0 0 0 0 0 0 0 0 1 13150.8 13150.8 13150.8 13150.8
-1 -1 1 -1 -1 1 0 0 0 0 0 1.88267e-09 -0 0 0 -0 0 0 0 0 0 0 0 0 0 0 0 0 0 1 13150.8 13150.8 13150.8 13150.8
-1 -1 1 -1 -1 1 0 0 0 0 0 -3.07985e-10 -0 0 0 -0 0 0 0 0 0 0 0 0 0 0 0 0 0 1 13150.8 13150.8 13150.8 13150.8
-1 -1 1 -1 -1 1 0 0 0 0 0 -2.49812e-09 -0 0 0 -0 0 0 0 0 0 0 0 0 0 0 0 0 0 1 13150.8 13150.8 13150.8 13150.8
-1 -1 1 -1 -1 1 0 0 0 0 0 2.59611e-09 -0 0 0 -0 0 0 0 0 0 0 0 0 0 0 0 0 0 1 13150.8 13150.8 13150.8 13150.8
-1 -1 1 -1 -1 1 0 0 0 0 0 4.07392e-10 -0 0 0 -0 0 0 0 0 0 0 0 0 0 0 0 0 0 1 13150.8 13150.8 13150.8 13150.8
-1 -1 1 -1 -1 1 0 0 0 0 0 -1.78046e-09 -0 0 0 -0 0 0 0 0 0 0 0 0 0 0 0 0 0 1 13150.8 13150.8 13150.8 13150.8
-1 -1 1 -1 -1 1 0 0 0 0 0 3.30772e-09 -0 0 0 -0 0 0 0 0 0 0 0 0 0 0 0 0 0 1 13150.8 13150.8 13150.8 13150.8
-1 -1 1 -1 -1 1 0 0 0 0 0 1.11438e-09 -0 0 0 -0 0 0 0 0 0 0 0 0 0 0 0 0 0 1 13150.8 13150.8 13150.8 13150.8
-1 -1 1 -1 -1 1 0 0 0 0 0 -1.07908e-09 -0 0 0 -0 0 0 0 0 0 0 0 0 0 0 0 0 0 1 13150.8 13150.8 13150.8 13150.8
-1 -1 1 -1 -1 1 0 0 0 0 0 -3.27381e-09 -0 0 0 -0 0 0 0 0 0 0 0 0 0 0 0 0 0 1 13150.8 13150.8 13150.8 13150.8
-1 -1 1 -1 -1 1 0 0 0 0 0 1.79723e-09 -0 0 0 -0 0 0 0 0 0 0 0 0 0 0 0 0 0 1 13150.8 13150.8 13150.8 13150.8
-1 -1 1 -1 -1 1 0 0 0 0 0 -3.99035e-10 -0 0 0 -0 0 0 0 0 0 0 0 0 0 0 0 0 0 1 13150.8 13150.8 13150.8 13150.8
-1 -1 1 -1 -1 1 0 0 0 0 0 -2.58283e-09 -0 0 0 -0 0 0 0 0 0 0 0 0 0 0 0 0 0 1 13150.8 13150.8 13150.8 13150.8
-1 -1 1 -1 -1 1 0 0 0 0 0 2.52635e-09 -0 0 0 -0 0 0 0 0 0 0 0 0 0 0 0 0 0 1 13150.8 13150.8 13150.8 13150.8
-1 -1 1 -1 -1 1 0 0 0 0 0 3.44774e-10 -0 0 0 -0 0 0 0 0 0 0 0 0 0 0 0 0 0 1 13150.8 13150.8 13150.8 13150.8
-1 -1 1 -1 -1 1 0 0 0 0 0 -1.84373e-09 -0 0 0 -0 0 0 0 0 0 0 0 0 0 0 0 0 0 1 13150.8 13150.8 13150.8 13150.8
-1 -1 1 -1 -1 1 0 0 0 0 0 3.27e-09 -0 0 0 -0 0 0 0 0 0 0 0 0 0 0 0 0 0 1 13150.8 13150.8 13150.8 13150.8
-1 -1 1 -1 -1 1 0 0 0 0 0 1.07739e-09 -0 0 0 -0 0 0 0 0 0 0 0 0 0 0 0 0 0 1 13150.8 13150.8 13150.8 13150.8
-1 -1 1 -1 -1 1 0 0 0 0 0 -1.10663e-09 -0 0 0 -0 0 0 0 0 0 0 0 0 0 0 0 0 0 1 13150.8 13150.8 13150.8 13150.8
-1 -1 1 -1 -1 1 0 0 0 0 0 -3.29378e-09 -0 0 0 -0 0 0 0 0 0 0 0 0 0 0 0 0 0 1 13150.8 13150.8 13150.8 13150.8
-1 -1 1 -1 -1 1 0 0 0 0 0 1.82213e-09 -0 0 0 -0 0 0 0 0 0 0 0 0 0 0 0 0 0 1 13150.8 13150.8 13150.8 13150.8
-1 -1 1 -1 -1 1 0 0 0 0 0 -3.59716e-10 -0 0 0 -0 0 0 0 0 0 0 0 0 0 0 0 0 0 1 13150.8 13150.8 13150.8 13150.8
-1 -1 1 -1 -1 1 0 0 0 0 0 -2.54993e-09 -0 0 0 -0 0 0 0 0 0 0 0 0 0 0 0 0 0 1 13150.8 13150.8 13150.8 13150.8
-1 -1 1 -1 -1 1 0 0 0 0 0 2.56332e-09 -0 0 0 -0 0 0 0 0 0 0 0 0 0 0 0 0 0 1 13150.8 13150.8 13150.8 13150.8
-1 -1 1 -1 -1 1 0 0 0 0 0 3.77227e-10 -0 0 0 -0 0 0 0 0 0 0 0 0 0 0 0 0 0 1 13150.8 13150.8 13150.8 13150.8
-1 -1 1 -1 -1 1 0 0 0 0 0 -1.80951e-09 -0 0 0 -0 0 0 0 0 0 0 0 0 0 0 0 0 0 1 13150.8 13150.8 13150.8 13150.8
-1 -1 1 -1 -1 1 0 0 0 0 0 3.29742e-09 -0 0 0 -0 0 0 0 0 0 0 0 0 0 0 0 0 0 1 13150.8 13150.8 13150.8 13150.8
-1 -1 1 -1 -1 1 0 0 0 0 0 1.11597e-09 -0 0 0 -0 0 0 0 0 0 0 0 0 0 0 0 0 0 1 13150.8 13150.8 13150.8 13150.8
-1 -1 1 -1 -1 1 0 0 0 0 0 -1.0764e-09 -0 0 0 -0 0 0 0 0 0 0 0 0 0 0 0 0 0 1 13150.8 13150.8 13150.8 13150.8
-1 -1 1 -1 -1 1 0 0 0 0 0 -3.26296e-09 -0 0 0 -0 0 0 0 0 0 0 0 0 0 0 0 0 0 1 13150.8 13150.8 13150.8 13150.8
-1 -1 1 -1 -1 1 0 0 0 0 0 1.8338e-09 -0 0 0 -0 0 0 0 0 0 0 0 0 0 0 0 0 0 1 13150.8 13150.8 13150.8 13150.8
-1 -1 1 -1 -1 1 0 0 0 0 0 -3.55102e-10 -0 0 0 -0 0 0 0 0 0 0 0 0 0 0 0 0 0 1 13150.8 13150.8 13150.8 13150.8
-1 -1 1 -1 -1 1 0 0 0 0 0 -2.5439e-09 -0 0 0 -0 0 0 0 0 0 0 0 0 0 0 0 0 0 1 13150.8 13150.8 13150.8 13150.8
-1 -1 1 -1 -1 1 0 0 0 0 0 2.59311e-09 -0 0 0 -0 0 0 0 0 0 0 0 0 0 0 0 0 0 1 13150.8 13150.8 13150.8 13150.8
-1 -1 1 -1 -1 1 0 0 0 0 0 4.19961e-10 -0 0 0 -0 0 0 0 0 0 0 0 0 0 0 0 0 0 1 13150.8 13150.8 13150.8 13150.8
-1 -1 1 -1 -1 1 0 0 0 0 0 -1.76768e-09 -0 0 0 -0 0 0 0 0 0 0 0 0 0 0 0 0 0 1 13150.8 13150.8 13150.8 13150.8
-1 -1 1 -1 -1 1 0 0 0 0 0 3.33615e-09 -0 0 0 -0 0 0 0 0 0 0 0 0 0 0 0 0 0 1 13150.8 13150.8 13150.8 13150.8
-1 -1 1 -1 -1 1 0 0 0 0 0 1.13305e-09 -0 0 0 -0 0 0 0 0 0 0 0 0 0 0 0 0 0 1 13150.8 13150.8 13150.8 13150.8
-1 -1 1 -1 -1 1 0 0 0 0 0 -1.04383e-09 -0 0 0 -0 0 0 0 0 0 0 0 0 0 0 0 0 0 1 13150.8 13150.8 13150.8 13150.8
-1 -1 1 -1 -1 1 0 0 0 0 0 -3.23259e-09 -0 0 0 -0 0 0 0 0 0 0 0 0 0 0 0 0 0 1 13150.8 13150.8 13150.8 13150.8
-1 -1 1 -1 -1 1 0 0 0 0 0 1.86749e-09 -0 0 0 -0 0 0 0 0 0 0 0 0 0 0 0 0 0 1 13150.8 13150.8 13150.8 13150.8
-1 -1 1 -1 -1 1 0 0 0 0 0 -3.29768e-10 -0 0 0 -0 0 0 0 0 0 0 0 0 0 0 0 0 0 1 13150.8 13150.8 13150.8 13150.8
-1 -1 1 -1 -1 1 0 0 0 0 0 -2.51874e-09 -0 0 0 -0 0 0 0 0 0 0 0 0 0 0 0 0 0 1 13150.8 13150.8 13150.8 13150.8
-1 -1 1 -1 -1 1 0 0 0 0 0 2.56615e-09 -0 0 0 -0 0 0 0 0 0 0 0 0 0 0 0 0 0 1 13150.8 13150.8 13150.8 13150.8
-1 -1 1 -1 -1 1 0 0 0 0 0 3.7914e-10 -0 0 0 -0 0 0 0 0 0 0 0 0 0 0 0 0 0 1 13150.8 13150.8 13150.8 13150.8
-1 -1 1 -1 -1 1 0 0 0 0 0 -1.80714e-09 -0 0 0 -0 0 0 0 0 0 0 0 0 0 0 0 0 0 1 13150.8 13150.8 13150.8 13150.8
-1 -1 1 -1 -1 1 0 0 0 0 0 3.28421e-09 -0 0 0 -0 0 0 0 0 0 0 0 0 0 0 0 0 0 1 13150.8 13150.8 13150.8 13150.8
-1 -1 1 -1 -1 1 0 0 0 0 0 1.09117e-09 -0 0 0 -0 0 0 0 0 0 0 0 0 0 0 0 0 0 1 13150.8 13150.8 13150.8 13150.8
-1 -1 1 -1 -1 1 0 0 0 0 0 -1.10125e-09 -0 0 0 -0 0 0 0 0 0 0 0 0 0 0 0 0 0 1 13150.8 13150.8 13150.8 13150.8
-1 -1 1 -1 -1 1 0 0 0 0 0 -3.29272e-09 -0 0 0 -0 0 0 0 0 0 0 0 0 0 0 0 0 0 1 13150.8 13150.8 13150.8 13150.8
-1 -1 1 -1 -1 1 0 0 0 0 0 1.79236e-09 -0 0 0 -0 0 0 0 0 0 0 0 0 0 0 0 0 0 1 13150.8 13150.8 13150.8 13150.8
-1 -1 1 -1 -1 1 0 0 0 0 0 -4.06676e-10 -0 0 0 -0 0 0 0 0 0 0 0 0 0 0 0 0 0 1 13150.8 13150.8 13150.8 13150.8
-1 -1 1 -1 -1 1 0 0 0 0 0 -2.58355e-09 -0 0 0 -0 0 0 0 0 0 0 0 0 0 0 0 0 0 1 13150.8 13150.8 13150.8 13150.8
-1 -1 1 -1 -1 1 0 0 0 0 0 2.51288e-09 -0 0 0 -0 0 0 0 0 0 0 0 0 0 0 0 0 0 1 13150.8 13150.8 13150.8 13150.8
-1 -1 1 -1 -1 1 0 0 0 0 0 3.23415e-10 -0 0 0 -0 0 0 0 0 0 0 0 0 0 0 0 0 0 1 13150.8 13150.8 13150.8 13150.8
-1 -1 1 -1 -1 1 0 0 0 0 0 -1.8651e-09 -0 0 0 -0 0 0 0 0 0 0 0 0 0 0 0 0 0 1 13150.8 13150.8 13150.8 13150.8
-1 -1 1 -1 -1 1 0 0 0 0 0 3.24041e-09 -0 0 0 -0 0 0 0 0 0 0 0 0 0 0 0 0 0 1 13150.8 13150.8 13150.8 13150.8
-1 -1 1 -1 -1 1 0 0 0 0 0 1.05039e-09 -0 0 0 -0 0 0 0 0 0 0 0 0 0 0 0 0 0 1 13150.8 13150.8 13150.8 13150.8
-1 -1 1 -1 -1 1 0 0 0 0 0 -1.13926e-09 -0 0 0 -0 0 0 0 0 0 0 0 0 0 0 0 0 0 1 13150.8 13150.8 13150.8 13150.8
-1 -1 1 -1 -1 1 0 0 0 0 0 -3.3291e-09 -0 0 0 -0 0 0 0 0 0 0 0 0 0 0 0 0 0 1 13150.8 13150.8 13150.8 13150.8
-1 -1 1 -1 -1 1 0 0 0 0 0 1.774e-09 -0 0 0 -0 0 0 0 0 0 0 0 0 0 0 0 0 0 1 13150.8 13150.8 13150.8 13150.8
-1 -1 1 -1 -1 1 0 0 0 0 0 -4.12534e-10 -0 0 0 -0 0 0 0 0 0 0 0 0 0 0 0 0 0 1 13150.8 13150.8 13150.8 13150.8
-1 -1 1 -1 -1 1 0 0 0 0 0 -2.60242e-09 -0 0 0 -0 0 0 0 0 0 0 0 0 0 0 0 0 0 1 13150.8 13150.8 13150.8 13150.8
-1 -1 1 -1 -1 1 0 0 0 0 0 2.49723e-09 -0 0 0 -0 0 0 0 0 0 0 0 0 0 0 0 0 0 1 13150.8 13150.8 13150.8 13150.8
-1 -1 1 -1 -1 1 0 0 0 0 0 3.10098e-10 -0 0 0 -0 0 0 0 0 0 0 0 0 0 0 0 0 0 1 13150.8 13150.8 13150.8 13150.8
-1 -1 1 -1 -1 1 0 0 0 0 0 -1.87784e-09 -0 0 0 -0 0 0 0 0 0 0 0 0 0 0 0 0 0 1 13150.8 13150.8 13150.8 13150.8
-1 -1 1 -1 -1 1 0 0 0 0 0 3.23599e-09 -0 0 0 -0 0 0 0 0 0 0 0 0 0 0 0 0 0 1 13150.8 13150.8 13150.8 13150.8
-1 -1 1 -1 -1 1 0 0 0 0 0 1.05235e-09 -0 0 0 -0 0 0 0 0 0 0 0 0 0 0 0 0 0 1 13150.8 13150.8 13150.8 13150.8
-1 -1 1 -1 -1 1 0 0 0 0 0 -1.14497e-09 -0 0 0 -0 0 0 0 0 0 0 0 0 0 0 0 0 0 1 13150.8 13150.8 13150.8 13150.8
-1 -1 1 -1 -1 1 0 0 0 0 0 -3.32289e-09 -0 0 0 -0 0 0 0 0 0 0 0 0 0 0 0 0 0 1 13150.8 13150.8 13150.8 13150.8
-1 -1 1 -1 -1 1 0 0 0 0 0 1.77831e-09 -0 0 0 -0 0 0 0 0 0 0 0 0 0 0 0 0 0 1 13150.8 13150.8 13150.8 13150.8
-1 -1 1 -1 -1 1 0 0 0 0 0 -4.13213e-10 -0 0 0 -0 0 0 0 0 0 0 0 0 0 0 0 0 0 1 13150.8 13150.8 13150.8 13150.8
-1 -1 1 -1 -1 1 0 0 0 0 0 -2.59999e-09 -0 0 0 -0 0 0 0 0 0 0 0 0 0 0 0 0 0 1 13150.8 13150.8 13150.8 13150.8
-1 -1 1 -1 -1 1 0 0 0 0 0 2.49432e-09 -0 0 0 -0 0 0 0 0 0 0 0 0 0 0 0 0 0 1 13150.8 13150.8 13150.8 13150.8
-1 -1 1 -1 -1 1 0 0 0 0 0 3.02451e-10 -0 0 0 -0 0 0 0 0 0 0 0 0 0 0 0 0 0 1 13150.8 13150.8 13150.8 13150.8
-1 -1 1 -1 -1 1 0 0 0 0 0 -1.88283e-09 -0 0 0 -0 0 0 0 0 0 0 0 0 0 0 0 0 0 1 13150.8 13150.8 13150.8 13150.8
-1 -1 1 -1 -1 1 0 0 0 0 0 3.23668e-09 -0 0 0 -0 0 0 0 0 0 0 0 0 0 0 0 0 0 1 13150.8 13150.8 13150.8 13150.8
-1 -1 1 -1 -1 1 0 0 0 0 0 1.04917e-09 -0 0 0 -0 0 0 0 0 0 0 0 0 0 0 0 0 0 1 13150.8 13150.8 13150.8 13150.8
-1 -1 1 -1 -1 1 0 0 0 0 0 -1.13844e-09 -0 0 0 -0 0 0 0 0 0 0 0 0 0 0 0 0 0 1 13150.8 13150.8 13150.8 13150.8
-1 -1 1 -1 -1 1 0 0 0 0 0 -3.32453e-09 -0 0 0 -0 0 0 0 0 0 0 0 0 0 0 0 0 0 1 13150.8 13150.8 13150.8 13150.8
-1 -1 1 -1 -1 1 0 0 0 0 0 1.78913e-09 -0 0 0 -0 0 0 0 0 0 0 0 0 0 0 0 0 0 1 13150.8 13150.8 13150.8 13150.8
-1 -1 1 -1 -1 1 0 0 0 0 0 -3.95473e-10 -0 0 0 -0 0 0 0 0 0 0 0 0 0 0 0 0 0 1 13150.8 13150.8 13150.8 13150.8
-1 -1 1 -1 -1 1 0 0 0 0 0 -2.58326e-09 -0 0 0 -0 0 0 0 0 0 0 0 0 0 0 0 0 0 1 13150.8 13150.8 13150.8 13150.8
-1 -1 1 -1 -1 1 0 0 0 0 0 2.51462e-09 -0 0 0 -0 0 0 0 0 0 0 0 0 0 0 0 0 0 1 13150.8 13150.8 13150.8 13150.8
-1 -1 1 -1 -1 1 0 0 0 0 0 3.28595e-10 -0 0 0 -0 0 0 0 0 0 0 0 0 0 0 0 0 0 1 13150.8 13150.8 13150.8 13150.8
-1 -1 1 -1 -1 1 0 0 0 0 0 -1.86016e-09 -0 0 0 -0 0 0 0 0 0 0 0 0 0 0 0 0 0 1 13150.8 13150.8 13150.8 13150.8
-1 -1 1 -1 -1 1 0 0 0 0 0 3.23307e-09 -0 0 0 -0 0 0 0 0 0 0 0 0 0 0 0 0 0 1 13150.8 13150.8 13150.8 13150.8
-1 -1 1 -1 -1 1 0 0 0 0 0 1.04419e-09 -0 0 0 -0 0 0 0 0 0 0 0 0 0 0 0 0 0 1 13150.8 13150.8 13150.8 13150.8
-1 -1 1 -1 -1 1 0 0 0 0 0 -1.14919e-09 -0 0 0 -0 0 0 0 0 0 0 0 0 0 0 0 0 0 1 13150.8 13150.8 13150.8 13150.8
-1 -1 1 -1 -1 1 0 0 0 0 0 -3.3389e-09 -0 0 0 -0 0 0 0 0 0 0 0 0 0 0 0 0 0 1 13150.8 13150.8 13150.8 13150.8
-1 -1 1 -1 -1 1 0 0 0 0 0 1.75254e-09 -0 0 0 -0 0 0 0 0 0 0 0 0 0 0 0 0 0 1 13150.8 13150.8 13150.8 13150.8
-1 -1 1 -1 -1 1 0 0 0 0 0 -4.4618e-10 -0 0 0 -0 0 0 0 0 0 0 0 0 0 0 0 0 0 1 13150.8 13150.8 13150.8 13150.8
-1 -1 1 -1 -1 1 0 0 0 0 0 -2.62614e-09 -0 0 0 -0 0 0 0 0 0 0 0 0 0 0 0 0 0 1 13150.8 13150.8 13150.8 13150.8
-1 -1 1 -1 -1 1 0 0 0 0 0 2.49087e-09 -0 0 0 -0 0 0 0 0 0 0 0 0 0 0 0 0 0 1 13150.8 13150.8 13150.8 13150.8
-1 -1 1 -1 -1 1 0 0 0 0 0 3.0441e-10 -0 0 0 -0 0 0 0 0 0 0 0 0 0 0 0 0 0 1 13150.8 13150.8 13150.8 13150.8
-1 -1 1 -1 -1 1 0 0 0 0 0 -1.87959e-09 -0 0 0 -0 0 0 0 0 0 0 0 0 0 0 0 0 0 1 13150.8 13150.8 13150.8 13150.8
-1 -1 1 -1 -1 1 0 0 0 0 0 3.24717e-09 -0 0 0 -0 0 0 0 0 0 0 0 0 0 0 0 0 0 1 13150.8 13150.8 13150.8 13150.8
-1 -1 1 -1 -1 1 0 0 0 0 0 1.06572e-09 -0 0 0 -0 0 0 0 0 0 0 0 0 0 0 0 0 0 1 13150.8 13150.8 13150.8 13150.8
-1 -1 1 -1 -1 1 0 0 0 0 0 -1.12545e-09 -0 0 0 -0 0 0 0 0 0 0 0 0 0 0 0 0 0 1 13150.8 13150.8 13150.8 13150.8
-1 -1 1 -1 -1 1 0 0 0 0 0 -3.32201e-09 -0 0 0 -0 0 0 0 0 0 0 0 0 0 0 0 0 0 1 13150.8 13150.8 13150.8 13150.8
-1 -1 1 -1 -1 1 0 0 0 0 0 1.75069e-09 -0 0 0 -0 0 0 0 0 0 0 0 0 0 0 0 0 0 1 13150.8 13150.8 13150.8 13150.8
-1 -1 1 -1 -1 1 0 0 0 0 0 -4.39901e-10 -0 0 0 -0 0 0 0 0 0 0 0 0 0 0 0 0 0 1 13150.8 13150.8 13150.8 13150.8
-1 -1 1 -1 -1 1 0 0 0 0 0 -2.6298e-09 -0 0 0 -0 0 0 0 0 0 0 0 0 0 0 0 0 0 1 13150.8 13150.8 13150.8 13150.8
-1 -1 1 -1 -1 1 0 0 0 0 0 2.46389e-09 -0 0 0 -0 0 0 0 0 0 0 0 0 0 0 0 0 0 1 13150.8 13150.8 13150.8 13150.8
-1 -1 1 -1 -1 1 0 0 0 0 0 2.76919e-10 -0 0 0 -0 0 0 0 0 0 0 0 0 0 0 0 0 0 1 13150.8 13150.8 13150.8 13150.8
-1 -1 1 -1 -1 1 0 0 0 0 0 -1.90988e-09 -0 0 0 -0 0 0 0 0 0 0 0 0 0 0 0 0 0 1 13150.8 13150.8 13150.8 13150.8
-1 -1 1 -1 -1 1 0 0 0 0 0 3.18426e-09 -0 0 0 -0 0 0 0 0 0 0 0 0 0 0 0 0 0 1 13150.8 13150.8 13150.8 13150.8
-1 -1 1 -1 -1 1 0 0 0 0 0 9.92845e-10 -0 0 0 -0 0 0 0 0 0 0 0 0 0 0 0 0 0 1 13150.8 13150.8 13150.8 13150.8
-1 -1 1 -1 -1 1 0 0 0 0 0 -1.20487e-09 -0 0 0 -0 0 0 0 0 0 0 0 0 0 0 0 0 0 1 13150.8 13150.8 13150.8 13150.8
-1 -1 1 -1 -1 1 0 0 0 0 0 -3.38571e-09 -0 0 0 -0 0 0 0 0 0 0 0 0 0 0 0 0 0 1 13150.8 13150.8 13150.8 13150.8
-1 -1 1 -1 -1 1 0 0 0 0 0 1.71163e-09 -0 0 0 -0 0 0 0 0 0 0 0 0 0 0 0 0 0 1 13150.8 13150.8 13150.8 13150.8
-1 -1 1 -1 -1 1 0 0 0 0 0 -4.86107e-10 -0 0 0 -0 0 0 0 0 0 0 0 0 0 0 0 0 0 1 13150.8 13150.8 13150.8 13150.8
-1 -1 1 -1 -1 1 0 0 0 0 0 -2.67756e-09 -0 0 0 -0 0 0 0 0 0 0 0 0 0 0 0 0 0 1 13150.8 13150.8 13150.8 13150.8
-1 -1 1 -1 -1 1 0 0 0 0 0 2.42116e-09 -0 0 0 -0 0 0 0 0 0 0 0 0 0 0 0 0 0 1 13150.8 13150.8 13150.8 13150.8
-1 -1 1 -1 -1 1 0 0 0 0 0 2.37221e-10 -0 0 0 -0 0 0 0 0 0 0 0 0 0 0 0 0 0 1 13150.8 13150.8 13150.8 13150.8
-1 -1 1 -1 -1 1 0 0 0 0 0 -1.94841e-09 -0 0 0 -0 0 0 0 0 0 0 0 0 0 0 0 0 0 1 13150.8 13150.8 13150.8 13150.8
-1 -1 1 -1 -1 1 0 0 0 0 0 3.17102e-09 -0 0 0 -0 0 0 0 0 0 0 0 0 0 0 0 0 0 1 13150.8 13150.8 13150.8 13150.8
-1 -1 1 -1 -1 1 0 0 0 0 0 9.84283e-10 -0 0 0 -0 0 0 0 0 0 0 0 0 0 0 0 0 0 1 13150.8 13150.8 13150.8 13150.8
-1 -1 1 -1 -1 1 0 0 0 0 0 -1.2043e-09 -0 0 0 -0 0 0 0 0 0 0 0 0 0 0 0 0 0 1 13150.8 13150.8 13150.8 13150.8
-1 -1 1 -1 -1 1 0 0 0 0 0 -3.40189e-09 -0 0 0 -0 0 0 0 0 0 0 0 0 0 0 0 0 0 1 13150.8 13150.8 13150.8 13150.8
-1 -1 1 -1 -1 1 0 0 0 0 0 1.66304e-09 -0 0 0 -0 0 0 0 0 0 0 0 0 0 0 0 0 0 1 13150.8 13150.8 13150.8 13150.8
-1 -1 1 -1 -1 1 0 0 0 0 0 -5.27538e-10 -0 0 0 -0 0 0 0 0 0 0 0 0 0 0 0 0 0 1 13150.8 13150.8 13150.8 13150.8
-1 -1 1 -1 -1 1 0 0 0 0 0 -2.72341e-09 -0 0 0 -0 0 0 0 0 0 0 0 0 0 0 0 0 0 1 13150.8 13150.8 13150.8 13150.8
-1 -1 1 -1 -1 1 0 0 0 0 0 2.36925e-09 -0 0 0 -0 0 0 0 0 0 0 0 0 0 0 0 0 0 1 13150.8 13150.8 13150.8 13150.8
-1 -1 1 -1 -1 1 0 0 0 0 0 1.78612e-10 -0 0 0 -0 0 0 0 0 0 0 0 0 0 0 0 0 0 1 13150.8 13150.8 13150.8 13150.8
-1 -1 1 -1 -1 1 0 0 0 0 0 -2.0069e-09 -0 0 0 -0 0 0 0 0 0 0 0 0 0 0 0 0 0 1 13150.8 13150.8 13150.8 13150.8
-1 -1 1 -1 -1 1 0 0 0 0 0 3.10155e-09 -0 0 0 -0 0 0 0 0 0 0 0 0 0 0 0 0 0 1 13150.8 13150.8 13150.8 13150.8
-1 -1 1 -1 -1 1 0 0 0 0 0 9.17912e-10 -0 0 0 -0 0 0 0 0 0 0 0 0 0 0 0 0 0 1 13150.8 13150.8 13150.8 13150.8
-1 -1 1 -1 -1 1 0 0 0 0 0 -1.27457e-09 -0 0 0 -0 0 0 0 0 0 0 0 0 0 0 0 0 0 1 13150.8 13150.8 13150.8 13150.8
-1 -1 1 -1 -1 1 0 0 0 0 0 -3.4604e-09 -0 0 0 -0 0 0 0 0 0 0 0 0 0 0 0 0 0 1 13150.8 13150.8 13150.8 13150.8
-1 -1 1 -1 -1 1 0 0 0 0 0 1.6308e-09 -0 0 0 -0 0 0 0 0 0 0 0 0 0 0 0 0 0 1 13150.8 13150.8 13150.8 13150.8
-1 -1 1 -1 -1 1 0 0 0 0 0 -5.68133e-10 -0 0 0 -0 0 0 0 0 0 0 0 0 0 0 0 0 0 1 13150.8 13150.8 13150.8 13150.8
-1 -1 1 -1 -1 1 0 0 0 0 0 -2.75377e-09 -0 0 0 -0 0 0 0 0 0 0 0 0 0 0 0 0 0 1 13150.8 13150.8 13150.8 13150.8
-1 -1 1 -1 -1 1 0 0 0 0 0 2.33409e-09 -0 0 0 -0 0 0 0 0 0 0 0 0 0 0 0 0 0 1 13150.8 13150.8 13150.8 13150.8
-1 -1 1 -1 -1 1 0 0 0 0 0 1.47477e-10 -0 0 0 -0 0 0 0 0 0 0 0 0 0 0 0 0 0 1 13150.8 13150.8 13150.8 13150.8
-1 -1 1 -1 -1 1 0 0 0 0 0 -2.04472e-09 -0 0 0 -0 0 0 0 0 0 0 0 0 0 0 0 0 0 1 13150.8 13150.8 13150.8 13150.8
-1 -1 1 -1 -1 1 0 0 0 0 0 3.07199e-09 -0 0 0 -0 0 0 0 0 0 0 0 0 0 0 0 0 0 1 13150.8 13150.8 13150.8 13150.8
-1 -1 1 -1 -1 1 0 0 0 0 0 8.8199e-10 -0 0 0 -0 0 0 0 0 0 0 0 0 0 0 0 0 0 1 13150.8 13150.8 13150.8 13150.8
-1 -1 1 -1 -1 1 0 0 0 0 0 -1.29984e-09 -0 0 0 -0 0 0 0 0 0 0 0 0 0 0 0 0 0 1 13150.8 13150.8 13150.8 13150.8
-1 -1 1 -1 -1 1 0 0 0 0 0 -3.49284e-09 -0 0 0 -0 0 0 0 0 0 0 0 0 0 0 0 0 0 1 13150.8 13150.8 13150.8 13150.8
-1 -1 1 -1 -1 1 0 0 0 0 0 1.58865e-09 -0 0 0 -0 0 0 0 0 0 0 0 0 0 0 0 0 0 1 13150.8 13150.8 13150.8 13150.8
-1 -1 1 -1 -1 1 0 0 0 0 0 -6.11806e-10 -0 0 0 -0 0 0 0 0 0 0 0 0 0 0 0 0 0 1 13150.8 13150.8 13150.8 13150.8
-1 -1 1 -1 -1 1 0 0 0 0 0 -2.78832e-09 -0 0 0 -0 0 0 0 0 0 0 0 0 0 0 0 0 0 1 13150.8 13150.8 13150.8 13150.8
-1 -1 1 -1 -1 1 0 0 0 0 0 2.34229e-09 -0 0 0 -0 0 0 0 0 0 0 0 0 0 0 0 0 0 1 13150.8 13150.8 13150.8 13150.8
-1 -1 1 -1 -1 1 0 0 0 0 0 1.66673e-10 -0 0 0 -0 0 0 0 0 0 0 0 0 0 0 0 0 0 1 13150.8 13150.8 13150.8 13150.8
-1 -1 1 -1 -1 1 0 0 0 0 0 -2.02119e-09 -0 0 0 -0 0 0 0 0 0 0 0 0 0 0 0 0 0 1 13150.8 13150.8 13150.8 13150.8
-1 -1 1 -1 -1 1 0 0 0 0 0 3.06828e-09 -0 0 0 -0 0 0 0 0 0 0 0 0 0 0 0 0 0 1 13150.8 13150.8 13150.8 13150.8
-1 -1 1 -1 -1 1 0 0 0 0 0 8.78766e-10 -0 0 0 -0 0 0 0 0 0 0 0 0 0 0 0 0 0 1 13150.8 13150.8 13150.8 13150.8
-1 -1 1 -1 -1 1 0 0 0 0 0 -1.31393e-09 -0 0 0 -0 0 0 0 0 0 0 0 0 0 0 0 0 0 1 13150.8 13150.8 13150.8 13150.8
-1 -1 1 -1 -1 1 0 0 0 0 0 -3.50971e-09 -0 0 0 -0 0 0 0 0 0 0 0 0 0 0 0 0 0 1 13150.8 13150.8 13150.8 13150.8
-1 -1 1 -1 -1 1 0 0 0 0 0 1.58159e-09 -0 0 0 -0 0 0 0 0 0 0 0 0 0 0 0 0 0 1 13150.8 13150.8 13150.8 13150.8
-1 -1 1 -1 -1 1 0 0 0 0 0 -6.0682e-10 -0 0 0 -0 0 0 0 0 0 0 0 0 0 0 0 0 0 1 13150.8 13150.8 13150.8 13150.8
-1 -1 1 -1 -1 1 0 0 0 0 0 -2.80133e-09 -0 0 0 -0 0 0 0 0 0 0 0 0 0 0 0 0 0 1 13150.8 13150.8 13150.8 13150.8
-1 -1 1 -1 -1 1 0 0 0 0 0 2.26714e-09 -0 0 0 -0 0 0 0 0 0 0 0 0 0 0 0 0 0 1 13150.8 13150.8 13150.8 13150.8
-1 -1 1 -1 -1 1 0 0 0 0 0 7.22062e-11 -0 0 0 -0 0 0 0 0 0 0 0 0 0 0 0 0 0 1 13150.8 13150.8 13150.8 13150.8
-1 -1 1 -1 -1 1 0 0 0 0 0 -2.11346e-09 -0 0 0 -0 0 0 0 0 0 0 0 0 0 0 0 0 0 1 13150.8 13150.8 13150.8 13150.8
-1 -1 1 -1 -1 1 0 0 0 0 0 2.98437e-09 -0 0 0 -0 0 0 0 0 0 0 0 0 0 0 0 0 0 1 13150.8 13150.8 13150.8 13150.8
-1 -1 1 -1 -1 1 0 0 0 0 0 7.89693e-10 -0 0 0 -0 0 0 0 0 0 0 0 0 0 0 0 0 0 1 13150.8 13150.8 13150.8 13150.8
-1 -1 1 -1 -1 1 0 0 0 0 0 -1.40743e-09 -0 0 0 -0 0 0 0 0 0 0 0 0 0 0 0 0 0 1 13150.8 13150.8 13150.8 13150.8
-1 -1 1 -1 -1 1 0 0 0 0 0 -3.59792e-09 -0 0 0 -0 0 0 0 0 0 0 0 0 0 0 0 0 0 1 13150.8 13150.8 13150.8 13150.8
-1 -1 1 -1 -1 1 0 0 0 0 0 1.50282e-09 -0 0 0 -0 0 0 0 0 0 0 0 0 0 0 0 0 0 1 13150.8 13150.8 13150.8 13150.8
-1 -1 1 -1 -1 1 0 0 0 0 0 -6.76219e-10 -0 0 0 -0 0 0 0 0 0 0 0 0 0 0 0 0 0 1 13150.8 13150.8 13150.8 13150.8
-1 -1 1 -1 -1 1 0 0 0 0 0 -2.86716e-09 -0 0 0 -0 0 0 0 0 0 0 0 0 0 0 0 0 0 1 13150.8 13150.8 13150.8 13150.8
-1 -1 1 -1 -1 1 0 0 0 0 0 2.21598e-09 -0 0 0 -0 0 0 0 0 0 0 0 0 0 0 0 0 0 1 13150.8 13150.8 13150.8 13150.8
-1 -1 1 -1 -1 1 0 0 0 0 0 1.95701e-11 -0 0 0 -0 0 0 0 0 0 0 0 0 0 0 0 0 0 1 13150.8 13150.8 13150.8 13150.8
-1 -1 1 -1 -1 1 0 0 0 0 0 -2.16732e-09 -0 0 0 -0 0 0 0 0 0 0 0 0 0 0 0 0 0 1 13150.8 13150.8 13150.8 13150.8
-1 -1 1 -1 -1 1 0 0 0 0 0 2.9241e-09 -0 0 0 -0 0 0 0 0 0 0 0 0 0 0 0 0 0 1 13150.8 13150.8 13150.8 13150.8
-1 -1 1 -1 -1 1 0 0 0 0 0 7.37433e-10 -0 0 0 -0 0 0 0 0 0 0 0 0 0 0 0 0 0 1 13150.8 13150.8 13150.8 13150.8
-1 -1 1 -1 -1 1 0 0 0 0 0 -1.45279e-09 -0 0 0 -0 0 0 0 0 0 0 0 0 0 0 0 0 0 1 13150.8 13150.8 13150.8 13150.8
-1 -1 1 -1 -1 1 0 0 0 0 0 -3.64346e-09 -0 0 0 -0 0 0 0 0 0 0 0 0 0 0 0 0 0 1 13150.8 13150.8 13150.8 13150.8
-1 -1 1 -1 -1 1 0 0 0 0 0 1.4561e-09 -0 0 0 -0 0 0 0 0 0 0 0 0 0 0 0 0 0 1 13150.8 13150.8 13150.8 13150.8
-1 -1 1 -1 -1 1 0 0 0 0 0 -7.32994e-10 -0 0 0 -0 0 0 0 0 0 0 0 0 0 0 0 0 0 1 13150.8 13150.8 13150.8 13150.8
-1 -1 1 -1 -1 1 0 0 0 0 0 -2.91916e-09 -0 0 0 -0 0 0 0 0 0 0 0 0 0 0 0 0 0 1 13150.8 13150.8 13150.8 13150.8
-1 -1 1 -1 -1 1 0 0 0 0 0 2.17595e-09 -0 0 0 -0 0 0 0 0 0 0 0 0 0 0 0 0 0 1 13150.8 13150.8 13150.8 13150.8
-1 -1 1 -1 -1 1 0 0 0 0 0 -1.1971e-11 -0 0 0 -0 0 0 0 0 0 0 0 0 0 0 0 0 0 1 13150.8 13150.8 13150.8 13150.8
-1 -1 1 -1 -1 1 0 0 0 0 0 -2.20207e-09 -0 0 0 -0 0 0 0 0 0 0 0 0 0 0 0 0 0 1 13150.8 13150.8 13150.8 13150.8
-1 -1 1 -1 -1 1 0 0 0 0 0 2.91624e-09 -0 0 0 -0 0 0 0 0 0 0 0 0 0 0 0 0 0 1 13150.8 13150.8 13150.8 13150.8
-1 -1 1 -1 -1 1 0 0 0 0 0 7.12315e-10 -0 0 0 -0 0 0 0 0 0 0 0 0 0 0 0 0 0 1 13150.8 13150.8 13150.8 13150.8
-1 -1 1 -1 -1 1 0 0 0 0 0 -1.45776e-09 -0 0 0 -0 0 0 0 0 0 0 0 0 0 0 0 0 0 1 13150.8 13150.8 13150.8 13150.8
-1 -1 1 -1 -1 1 0 0 0 0 0 3.63255e-09 -0 0 0 -0 0 0 0 0 0 0 0 0 0 0 0 0 0 1 13150.8 13150.8 13150.8 13150.8
-1 -1 1 -1 -1 1 0 0 0 0 0 1.43791e-09 -0 0 0 -0 0 0 0 0 0 0 0 0 0 0 0 0 0 1 13150.8 13150.8 13150.8 13150.8
-1 -1 1 -1 -1 1 0 0 0 0 0 -7.51979e-10 -0 0 0 -0 0 0 0 0 0 0 0 0 0 0 0 0 0 1 13150.8 13150.8 13150.8 13150.8
-1 -1 1 -1 -1 1 0 0 0 0 0 -2.94001e-09 -0 0 0 -0 0 0 0 0 0 0 0 0 0 0 0 0 0 1 13150.8 13150.8 13150.8 13150.8
-1 -1 1 -1 -1 1 0 0 0 0 0 2.16298e-09 -0 0 0 -0 0 0 0 0 0 0 0 0 0 0 0 0 0 1 13150.8 13150.8 13150.8 13150.8
-1 -1 1 -1 -1 1 0 0 0 0 0 -2.93934e-11 -0 0 0 -0 0 0 0 0 0 0 0 0 0 0 0 0 0 1 13150.8 13150.8 13150.8 13150.8
-1 -1 1 -1 -1 1 0 0 0 0 0 -2.21945e-09 -0 0 0 -0 0 0 0 0 0 0 0 0 0 0 0 0 0 1 13150.8 13150.8 13150.8 13150.8
-1 -1 1 -1 -1 1 0 0 0 0 0 2.83565e-09 -0 0 0 -0 0 0 0 0 0 0 0 0 0 0 0 0 0 1 13150.8 13150.8 13150.8 13150.8
-1 -1 1 -1 -1 1 0 0 0 0 0 6.40571e-10 -0 0 0 -0 0 0 0 0 0 0 0 0 0 0 0 0 0 1 13150.8 13150.8 13150.8 13150.8
-1 -1 1 -1 -1 1 0 0 0 0 0 -1.56149e-09 -0 0 0 -0 0 0 0 0 0 0 0 0 0 0 0 0 0 1 13150.8 13150.8 13150.8 13150.8
-1 -1 1 -1 -1 1 0 0 0 0 0 3.50414e-09 -0 0 0 -0 0 0 0 0 0 0 0 0 0 0 0 0 0 1 13150.8 13150.8 13150.8 13150.8
-1 -1 1 -1 -1 1 0 0 0 0 0 1.30889e-09 -0 0 0 -0 0 0 0 0 0 0 0 0 0 0 0 0 0 1 13150.8 13150.8 13150.8 13150.8
-1 -1 1 -1 -1 1 0 0 0 0 0 -8.75609e-10 -0 0 0 -0 0 0 0 0 0 0 0 0 0 0 0 0 0 1 13150.8 13150.8 13150.8 13150.8
-1 -1 1 -1 -1 1 0 0 0 0 0 -3.07684e-09 -0 0 0 -0 0 0 0 0 0 0 0 0 0 0 0 0 0 1 13150.8 13150.8 13150.8 13150.8
-1 -1 1 -1 -1 1 0 0 0 0 0 2.00868e-09 -0 0 0 -0 0 0 0 0 0 0 0 0 0 0 0 0 0 1 13150.8 13150.8 13150.8 13150.8
-1 -1 1 -1 -1 1 0 0 0 0 0 -1.79522e-10 -0 0 0 -0 0 0 0 0 0 0 0 0 0 0 0 0 0 1 13150.8 13150.8 13150.8 13150.8
-1 -1 1 -1 -1 1 0 0 0 0 0 -2.36444e-09 -0 0 0 -0 0 0 0 0 0 0 0 0 0 0 0 0 0 1 13150.8 13150.8 13150.8 13150.8
-1 -1 1 -1 -1 1 0 0 0 0 0 2.75369e-09 -0 0 0 -0 0 0 0 0 0 0 0 0 0 0 0 0 0 1 13150.8 13150.8 13150.8 13150.8
-1 -1 1 -1 -1 1 0 0 0 0 0 5.65201e-10 -0 0 0 -0 0 0 0 0 0 0 0 0 0 0 0 0 0 1 13150.8 13150.8 13150.8 13150.8
-1 -1 1 -1 -1 1 0 0 0 0 0 -1.62684e-09 -0 0 0 -0 0 0 0 0 0 0 0 0 0 0 0 0 0 1 13150.8 13150.8 13150.8 13150.8
-1 -1 1 -1 -1 1 0 0 0 0 0 3.45215e-09 -0 0 0 -0 0 0 0 0 0 0 0 0 0 0 0 0 0 1 13150.8 13150.8 13150.8 13150.8
-1 -1 1 -1 -1 1 0 0 0 0 0 1.2572e-09 -0 0 0 -0 0 0 0 0 0 0 0 0 0 0 0 0 0 1 13150.8 13150.8 13150.8 13150.8
-1 -1 1 -1 -1 1 0 0 0 0 0 -9.33416e-10 -0 0 0 -0 0 0 0 0 0 0 0 0 0 0 0 0 0 1 13150.8 13150.8 13150.8 13150.8
-1 -1 1 -1 -1 1 0 0 0 0 0 -3.12587e-09 -0 0 0 -0 0 0 0 0 0 0 0 0 0 0 0 0 0 1 13150.8 13150.8 13150.8 13150.8
-1 -1 1 -1 -1 1 0 0 0 0 0 1.96313e-09 -0 0 0 -0 0 0 0 0 0 0 0 0 0 0 0 0 0 1 13150.8 13150.8 13150.8 13150.8
-1 -1 1 -1 -1 1 0 0 0 0 0 -2.1847e-10 -0 0 0 -0 0 0 0 0 0 0 0 0 0 0 0 0 0 1 13150.8 13150.8 13150.8 13150.8
-1 -1 1 -1 -1 1 0 0 0 0 0 -2.40268e-09 -0 0 0 -0 0 0 0 0 0 0 0 0 0 0 0 0 0 1 13150.8 13150.8 13150.8 13150.8
-1 -1 1 -1 -1 1 0 0 0 0 0 2.71118e-09 -0 0 0 -0 0 0 0 0 0 0 0 0 0 0 0 0 0 1 13150.8 13150.8 13150.8 13150.8
-1 -1 1 -1 -1 1 0 0 0 0 0 5.28032e-10 -0 0 0 -0 0 0 0 0 0 0 0 0 0 0 0 0 0 1 13150.8 13150.8 13150.8 13150.8
-1 -1 1 -1 -1 1 0 0 0 0 0 -1.78367e-09 -0 0 0 -0 0 0 0 0 0 0 0 0 0 0 0 0 0 1 13150.8 13150.8 13150.8 13150.8
-1 -1 1 -1 -1 1 0 0 0 0 0 3.06422e-09 -0 0 0 -0 0 0 0 0 0 0 0 0 0 0 0 0 0 1 13150.8 13150.8 13150.8 13150.8
-1 -1 1 -1 -1 1 0 0 0 0 0 8.8048e-10 -0 0 0 -0 0 0 0 0 0 0 0 0 0 0 0 0 0 1 13150.8 13150.8 13150.8 13150.8
-1 -1 1 -1 -1 1 0 0 0 0 0 -1.30907e-09 -0 0 0 -0 0 0 0 0 0 0 0 0 0 0 0 0 0 1 13150.8 13150.8 13150.8 13150.8
-1 -1 1 -1 -1 1 0 0 0 0 0 -3.49746e-09 -0 0 0 -0 0 0 0 0 0 0 0 0 0 0 0 0 0 1 13150.8 13150.8 13150.8 13150.8
-1 -1 1 -1 -1 1 0 0 0 0 0 1.59566e-09 -0 0 0 -0 0 0 0 0 0 0 0 0 0 0 0 0 0 1 13150.8 13150.8 13150.8 13150.8
-1 -1 1 -1 -1 1 0 0 0 0 0 -5.87075e-10 -0 0 0 -0 0 0 0 0 0 0 0 0 0 0 0 0 0 1 13150.8 13150.8 13150.8 13150.8
-1 -1 1 -1 -1 1 0 0 0 0 0 -2.77216e-09 -0 0 0 -0 0 0 0 0 0 0 0 0 0 0 0 0 0 1 13150.8 13150.8 13150.8 13150.8
-1 -1 1 -1 -1 1 0 0 0 0 0 2.33803e-09 -0 0 0 -0 0 0 0 0 0 0 0 0 0 0 0 0 0 1 13150.8 13150.8 13150.8 13150.8
-1 -1 1 -1 -1 1 0 0 0 0 0 1.43503e-10 -0 0 0 -0 0 0 0 0 0 0 0 0 0 0 0 0 0 1 13150.8 13150.8 13150.8 13150.8
-1 -1 1 -1 -1 1 0 0 0 0 0 -2.04356e-09 -0 0 0 -0 0 0 0 0 0 0 0 0 0 0 0 0 0 1 13150.8 13150.8 13150.8 13150.8
-1 -1 1 -1 -1 1 0 0 0 0 0 3.05843e-09 -0 0 0 -0 0 0 0 0 0 0 0 0 0 0 0 0 0 1 13150.8 13150.8 13150.8 13150.8
-1 -1 1 -1 -1 1 0 0 0 0 0 8.63058e-10 -0 0 0 -0 0 0 0 0 0 0 0 0 0 0 0 0 0 1 13150.8 13150.8 13150.8 13150.8
-1 -1 1 -1 -1 1 0 0 0 0 0 -1.31736e-09 -0 0 0 -0 0 0 0 0 0 0 0 0 0 0 0 0 0 1 13150.8 13150.8 13150.8 13150.8
-1 -1 1 -1 -1 1 0 0 0 0 0 -3.50665e-09 -0 0 0 -0 0 0 0 0 0 0 0 0 0 0 0 0 0 1 13150.8 13150.8 13150.8 13150.8
-1 -1 1 -1 -1 1 0 0 0 0 0 1.60509e-09 -0 0 0 -0 0 0 0 0 0 0 0 0 0 0 0 0 0 1 13150.8 13150.8 13150.8 13150.8
-1 -1 1 -1 -1 1 0 0 0 0 0 -5.82739e-10 -0 0 0 -0 0 0 0 0 0 0 0 0 0 0 0 0 0 1 13150.8 13150.8 13150.8 13150.8
-1 -1 1 -1 -1 1 0 0 0 0 0 -2.76546e-09 -0 0 0 -0 0 0 0 0 0 0 0 0 0 0 0 0 0 1 13150.8 13150.8 13150.8 13150.8
-1 -1 1 -1 -1 1 0 0 0 0 0 2.35899e-09 -0 0 0 -0 0 0 0 0 0 0 0 0 0 0 0 0 0 1 13150.8 13150.8 13150.8 13150.8
-1 -1 1 -1 -1 1 0 0 0 0 0 1.81523e-10 -0 0 0 -0 0 0 0 0 0 0 0 0 0 0 0 0 0 1 13150.8 13150.8 13150.8 13150.8
-1 -1 1 -1 -1 1 0 0 0 0 0 -2.01549e-09 -0 0 0 -0 0 0 0 0 0 0 0 0 0 0 0 0 0 1 13150.8 13150.8 13150.8 13150.8
-1 -1 1 -1 -1 1 0 0 0 0 0 3.08145e-09 -0 0 0 -0 0 0 0 0 0 0 0 0 0 0 0 0 0 1 13150.8 13150.8 13150.8 13150.8
-1 -1 1 -1 -1 1 0 0 0 0 0 8.96113e-10 -0 0 0 -0 0 0 0 0 0 0 0 0 0 0 0 0 0 1 13150.8 13150.8 13150.8 13150.8
-1 -1 1 -1 -1 1 0 0 0 0 0 -1.29407e-09 -0 0 0 -0 0 0 0 0 0 0 0 0 0 0 0 0 0 1 13150.8 13150.8 13150.8 13150.8
-1 -1 1 -1 -1 1 0 0 0 0 0 -3.48635e-09 -0 0 0 -0 0 0 0 0 0 0 0 0 0 0 0 0 0 1 13150.8 13150.8 13150.8 13150.8
-1 -1 1 -1 -1 1 0 0 0 0 0 1.61901e-09 -0 0 0 -0 0 0 0 0 0 0 0 0 0 0 0 0 0 1 13150.8 13150.8 13150.8 13150.8
-1 -1 1 -1 -1 1 0 0 0 0 0 -5.5837e-10 -0 0 0 -0 0 0 0 0 0 0 0 0 0 0 0 0 0 1 13150.8 13150.8 13150.8 13150.8
-1 -1 1 -1 -1 1 0 0 0 0 0 -2.74743e-09 -0 0 0 -0 0 0 0 0 0 0 0 0 0 0 0 0 0 1 13150.8 13150.8 13150.8 13150.8
-1 -1 1 -1 -1 1 0 0 0 0 0 2.38919e-09 -0 0 0 -0 0 0 0 0 0 0 0 0 0 0 0 0 0 1 13150.8 13150.8 13150.8 13150.8
-1 -1 1 -1 -1 1 0 0 0 0 0 1.9903e-10 -0 0 0 -0 0 0 0 0 0 0 0 0 0 0 0 0 0 1 13150.8 13150.8 13150.8 13150.8
