scene_name,success_rate,collision_rate,goal_reach_rate,final_goal_dist,avg_speed,fill_rate,slit_slot,power_mean,exposure_mean,gain_mean,steps,stop_reason,episode_idx,method,method_label,checkpoint
glare,0.0,1.0,0.0,1.8257330656051636,0.6662625074386597,0.9415616989135742,far_right,0.7910454869270325,0.09756067395210266,0.11180700361728668,28,collision,0,dagger,DAgger-relabel pretrained camera,checkpoint/closed_loop_teacher_camera_policy_light_v3d_t60_20260510_splitstem_dagger/camera_head_pretrained_best.pth
glare,0.0,1.0,0.0,1.7311283349990845,0.614989697933197,0.9483662247657776,far_left,0.7796245217323303,0.1045038253068924,0.12231804430484772,29,collision,1,dagger,DAgger-relabel pretrained camera,checkpoint/closed_loop_teacher_camera_policy_light_v3d_t60_20260510_splitstem_dagger/camera_head_pretrained_best.pth
glare,0.0,1.0,0.0,1.7789102792739868,0.5915862321853638,0.9467991590499878,far_left,0.7840721011161804,0.10171708464622498,0.11788338422775269,30,collision,2,dagger,DAgger-relabel pretrained camera,checkpoint/closed_loop_teacher_camera_policy_light_v3d_t60_20260510_splitstem_dagger/camera_head_pretrained_best.pth
glare,0.0,1.0,0.0,1.731088399887085,0.692773699760437,0.9411014318466187,far_right,0.8294283151626587,0.09434329718351364,0.10085522383451462,29,collision,3,dagger,DAgger-relabel pretrained camera,checkpoint/closed_loop_teacher_camera_policy_light_v3d_t60_20260510_splitstem_dagger/camera_head_pretrained_best.pth
glare,0.0,1.0,0.0,1.8236995935440063,0.6511936187744141,0.9494410157203674,far_right,0.7888569235801697,0.09851326793432236,0.11405833065509796,29,collision,4,dagger,DAgger-relabel pretrained camera,checkpoint/closed_loop_teacher_camera_policy_light_v3d_t60_20260510_splitstem_dagger/camera_head_pretrained_best.pth
glare,0.0,1.0,0.0,1.7339975833892822,0.5936229228973389,0.9524403214454651,far_left,0.7712687849998474,0.10108700394630432,0.11971330642700195,31,collision,5,dagger,DAgger-relabel pretrained camera,checkpoint/closed_loop_teacher_camera_policy_light_v3d_t60_20260510_splitstem_dagger/camera_head_pretrained_best.pth
glare,0.0,1.0,0.0,1.7794075012207031,0.6311092972755432,0.9442798495292664,right,0.8225089907646179,0.09090209007263184,0.0989907905459404,30,collision,6,dagger,DAgger-relabel pretrained camera,checkpoint/closed_loop_teacher_camera_policy_light_v3d_t60_20260510_splitstem_dagger/camera_head_pretrained_best.pth
glare,0.0,1.0,0.0,1.7552032470703125,0.6046876907348633,0.9543430805206299,far_right,0.7856526970863342,0.09262929111719131,0.1086779236793518,32,collision,7,dagger,DAgger-relabel pretrained camera,checkpoint/closed_loop_teacher_camera_policy_light_v3d_t60_20260510_splitstem_dagger/camera_head_pretrained_best.pth
glare,0.0,1.0,0.0,1.7680492401123047,0.6617543697357178,0.941034197807312,far_right,0.8175837993621826,0.09417849034070969,0.1031041070818901,29,collision,8,dagger,DAgger-relabel pretrained camera,checkpoint/closed_loop_teacher_camera_policy_light_v3d_t60_20260510_splitstem_dagger/camera_head_pretrained_best.pth
glare,0.0,1.0,0.0,1.6712498664855957,0.6765026450157166,0.9476721882820129,right,0.8004965782165527,0.08965326100587845,0.10613066703081131,30,collision,9,dagger,DAgger-relabel pretrained camera,checkpoint/closed_loop_teacher_camera_policy_light_v3d_t60_20260510_splitstem_dagger/camera_head_pretrained_best.pth
glare,0.0,1.0,0.0,1.7776494026184082,0.6478931903839111,0.9479556679725647,left,0.7915825843811035,0.10266958177089691,0.11805596202611923,27,collision,10,dagger,DAgger-relabel pretrained camera,checkpoint/closed_loop_teacher_camera_policy_light_v3d_t60_20260510_splitstem_dagger/camera_head_pretrained_best.pth
glare,0.0,1.0,0.0,1.7647143602371216,0.6186957955360413,0.9543009996414185,far_right,0.7800964117050171,0.093682661652565,0.11212332546710968,32,collision,11,dagger,DAgger-relabel pretrained camera,checkpoint/closed_loop_teacher_camera_policy_light_v3d_t60_20260510_splitstem_dagger/camera_head_pretrained_best.pth
glare,0.0,1.0,0.0,1.7708473205566406,0.6035720109939575,0.9535542130470276,far_right,0.7845235466957092,0.09484535455703735,0.11113984137773514,31,collision,12,dagger,DAgger-relabel pretrained camera,checkpoint/closed_loop_teacher_camera_policy_light_v3d_t60_20260510_splitstem_dagger/camera_head_pretrained_best.pth
glare,0.0,1.0,0.0,1.8150231838226318,0.6513410210609436,0.9445491433143616,far_right,0.7923534512519836,0.09328462183475494,0.10818027704954147,30,collision,13,dagger,DAgger-relabel pretrained camera,checkpoint/closed_loop_teacher_camera_policy_light_v3d_t60_20260510_splitstem_dagger/camera_head_pretrained_best.pth
glare,0.0,1.0,0.0,1.7713494300842285,0.6566580533981323,0.9439675211906433,right,0.7954971194267273,0.0963478535413742,0.11194061487913132,28,collision,14,dagger,DAgger-relabel pretrained camera,checkpoint/closed_loop_teacher_camera_policy_light_v3d_t60_20260510_splitstem_dagger/camera_head_pretrained_best.pth
glare,0.0,1.0,0.0,1.7814985513687134,0.6438472867012024,0.9352162480354309,left,0.7967548966407776,0.097268246114254,0.11174068599939346,29,collision,15,dagger,DAgger-relabel pretrained camera,checkpoint/closed_loop_teacher_camera_policy_light_v3d_t60_20260510_splitstem_dagger/camera_head_pretrained_best.pth
glare,0.0,1.0,0.0,1.7529356479644775,0.6336888074874878,0.9413495063781738,left,0.7874351739883423,0.1100960373878479,0.12351472675800323,29,collision,16,dagger,DAgger-relabel pretrained camera,checkpoint/closed_loop_teacher_camera_policy_light_v3d_t60_20260510_splitstem_dagger/camera_head_pretrained_best.pth
glare,0.0,1.0,0.0,1.7217741012573242,0.6576247811317444,0.9474548697471619,far_left,0.7957279682159424,0.10155005007982254,0.11724772304296494,27,collision,17,dagger,DAgger-relabel pretrained camera,checkpoint/closed_loop_teacher_camera_policy_light_v3d_t60_20260510_splitstem_dagger/camera_head_pretrained_best.pth
glare,0.0,1.0,0.0,1.73662269115448,0.5861390829086304,0.9505208134651184,far_left,0.7681245803833008,0.10109098255634308,0.12038765847682953,32,collision,18,dagger,DAgger-relabel pretrained camera,checkpoint/closed_loop_teacher_camera_policy_light_v3d_t60_20260510_splitstem_dagger/camera_head_pretrained_best.pth
glare,0.0,1.0,0.0,1.750744104385376,0.6332348585128784,0.9412925839424133,far_left,0.7963902950286865,0.0958104208111763,0.11035803705453873,29,collision,19,dagger,DAgger-relabel pretrained camera,checkpoint/closed_loop_teacher_camera_policy_light_v3d_t60_20260510_splitstem_dagger/camera_head_pretrained_best.pth
glare,0.0,1.0,0.0,1.747344970703125,0.6383607983589172,0.940007746219635,left,0.7995094656944275,0.10313138365745544,0.1149325892329216,28,collision,20,dagger,DAgger-relabel pretrained camera,checkpoint/closed_loop_teacher_camera_policy_light_v3d_t60_20260510_splitstem_dagger/camera_head_pretrained_best.pth
glare,0.0,1.0,0.0,1.7937335968017578,0.6401568651199341,0.9513888955116272,far_right,0.7881876230239868,0.09625427424907684,0.1133512482047081,30,collision,21,dagger,DAgger-relabel pretrained camera,checkpoint/closed_loop_teacher_camera_policy_light_v3d_t60_20260510_splitstem_dagger/camera_head_pretrained_best.pth
glare,0.0,1.0,0.0,1.7346277236938477,0.5963612198829651,0.9512768983840942,far_left,0.7758405804634094,0.09780209511518478,0.11605004221200943,32,collision,22,dagger,DAgger-relabel pretrained camera,checkpoint/closed_loop_teacher_camera_policy_light_v3d_t60_20260510_splitstem_dagger/camera_head_pretrained_best.pth
glare,0.0,1.0,0.0,1.7770720720291138,0.6187289953231812,0.941770613193512,left,0.8008933067321777,0.10628235340118408,0.11681957542896271,28,collision,23,dagger,DAgger-relabel pretrained camera,checkpoint/closed_loop_teacher_camera_policy_light_v3d_t60_20260510_splitstem_dagger/camera_head_pretrained_best.pth
glare,0.0,1.0,0.0,1.7822253704071045,0.6003159880638123,0.9459211230278015,far_left,0.7856795191764832,0.10127732902765274,0.11644378304481506,30,collision,24,dagger,DAgger-relabel pretrained camera,checkpoint/closed_loop_teacher_camera_policy_light_v3d_t60_20260510_splitstem_dagger/camera_head_pretrained_best.pth
glare,0.0,1.0,0.0,1.774379014968872,0.6212459802627563,0.9473380446434021,far_right,0.7937566041946411,0.09066241979598999,0.10563356429338455,31,collision,25,dagger,DAgger-relabel pretrained camera,checkpoint/closed_loop_teacher_camera_policy_light_v3d_t60_20260510_splitstem_dagger/camera_head_pretrained_best.pth
glare,0.0,1.0,0.0,1.8297199010849,0.6433520913124084,0.940007746219635,far_right,0.7932732701301575,0.09667491912841797,0.10971222817897797,28,collision,26,dagger,DAgger-relabel pretrained camera,checkpoint/closed_loop_teacher_camera_policy_light_v3d_t60_20260510_splitstem_dagger/camera_head_pretrained_best.pth
glare,0.0,1.0,0.0,1.7953485250473022,0.6343432664871216,0.9459660053253174,far_right,0.8077718615531921,0.0920606479048729,0.1036822497844696,30,collision,27,dagger,DAgger-relabel pretrained camera,checkpoint/closed_loop_teacher_camera_policy_light_v3d_t60_20260510_splitstem_dagger/camera_head_pretrained_best.pth
glare,0.0,1.0,0.0,1.5394829511642456,0.6651140451431274,0.9453405141830444,right,0.8321399092674255,0.08667726814746857,0.09598648548126221,32,collision,28,dagger,DAgger-relabel pretrained camera,checkpoint/closed_loop_teacher_camera_policy_light_v3d_t60_20260510_splitstem_dagger/camera_head_pretrained_best.pth
glare,0.0,1.0,0.0,1.760356068611145,0.6327449679374695,0.9365957975387573,left,0.7966967225074768,0.09667779505252838,0.11114217340946198,29,collision,29,dagger,DAgger-relabel pretrained camera,checkpoint/closed_loop_teacher_camera_policy_light_v3d_t60_20260510_splitstem_dagger/camera_head_pretrained_best.pth
glare,0.0,1.0,0.0,1.8090355396270752,0.6551958322525024,0.9435040950775146,far_right,0.8131228089332581,0.09265834838151932,0.10412660986185074,29,collision,30,dagger,DAgger-relabel pretrained camera,checkpoint/closed_loop_teacher_camera_policy_light_v3d_t60_20260510_splitstem_dagger/camera_head_pretrained_best.pth
glare,0.0,1.0,0.0,1.7710083723068237,0.6239923238754272,0.9522053003311157,far_left,0.7902096509933472,0.09640973061323166,0.11360432952642441,29,collision,31,dagger,DAgger-relabel pretrained camera,checkpoint/closed_loop_teacher_camera_policy_light_v3d_t60_20260510_splitstem_dagger/camera_head_pretrained_best.pth
glare,0.0,1.0,0.0,1.7170897722244263,0.7077456116676331,0.6868773102760315,left,0.750004768371582,0.3333105146884918,0.34779709577560425,24,collision,32,dagger,DAgger-relabel pretrained camera,checkpoint/closed_loop_teacher_camera_policy_light_v3d_t60_20260510_splitstem_dagger/camera_head_pretrained_best.pth
glare,0.0,1.0,0.0,1.7318856716156006,0.6469618678092957,0.9402006268501282,left,0.7947834134101868,0.11435703933238983,0.12369546294212341,28,collision,33,dagger,DAgger-relabel pretrained camera,checkpoint/closed_loop_teacher_camera_policy_light_v3d_t60_20260510_splitstem_dagger/camera_head_pretrained_best.pth
glare,0.0,1.0,0.0,1.7659894227981567,0.6570964455604553,0.9382902383804321,far_left,0.7967095971107483,0.10176049917936325,0.11426442861557007,27,collision,34,dagger,DAgger-relabel pretrained camera,checkpoint/closed_loop_teacher_camera_policy_light_v3d_t60_20260510_splitstem_dagger/camera_head_pretrained_best.pth
glare,0.0,1.0,0.0,1.7329754829406738,0.5846556425094604,0.9542590379714966,far_left,0.7711100578308105,0.09993182122707367,0.11812879145145416,32,collision,35,dagger,DAgger-relabel pretrained camera,checkpoint/closed_loop_teacher_camera_policy_light_v3d_t60_20260510_splitstem_dagger/camera_head_pretrained_best.pth
glare,0.0,1.0,0.0,1.7915526628494263,0.6508446335792542,0.9456072449684143,far_right,0.7996071577072144,0.0963377133011818,0.10938870906829834,28,collision,36,dagger,DAgger-relabel pretrained camera,checkpoint/closed_loop_teacher_camera_policy_light_v3d_t60_20260510_splitstem_dagger/camera_head_pretrained_best.pth
glare,0.0,1.0,0.0,1.7274632453918457,0.5912563800811768,0.9520014524459839,far_left,0.7730913162231445,0.1012391746044159,0.11981909722089767,31,collision,37,dagger,DAgger-relabel pretrained camera,checkpoint/closed_loop_teacher_camera_policy_light_v3d_t60_20260510_splitstem_dagger/camera_head_pretrained_best.pth
glare,0.0,1.0,0.0,1.80050528049469,0.6533329486846924,0.9436694383621216,far_right,0.8373299241065979,0.09241066128015518,0.10060637444257736,29,collision,38,dagger,DAgger-relabel pretrained camera,checkpoint/closed_loop_teacher_camera_policy_light_v3d_t60_20260510_splitstem_dagger/camera_head_pretrained_best.pth
glare,0.0,1.0,0.0,1.7377108335494995,0.5864184498786926,0.9468557238578796,far_left,0.7945877313613892,0.09223925322294235,0.10677330195903778,31,collision,39,dagger,DAgger-relabel pretrained camera,checkpoint/closed_loop_teacher_camera_policy_light_v3d_t60_20260510_splitstem_dagger/camera_head_pretrained_best.pth
glare,0.0,1.0,0.0,1.7947478294372559,0.6401700377464294,0.9454472064971924,far_right,0.7929568886756897,0.09287730604410172,0.10731055587530136,30,collision,40,dagger,DAgger-relabel pretrained camera,checkpoint/closed_loop_teacher_camera_policy_light_v3d_t60_20260510_splitstem_dagger/camera_head_pretrained_best.pth
glare,0.0,1.0,0.0,1.744854211807251,0.6044447422027588,0.9487751722335815,far_left,0.7848873734474182,0.09692394733428955,0.1139025092124939,31,collision,41,dagger,DAgger-relabel pretrained camera,checkpoint/closed_loop_teacher_camera_policy_light_v3d_t60_20260510_splitstem_dagger/camera_head_pretrained_best.pth
glare,0.0,1.0,0.0,1.502449870109558,0.7069085836410522,0.9489680528640747,right,0.8072200417518616,0.08732667565345764,0.10249342024326324,31,collision,42,dagger,DAgger-relabel pretrained camera,checkpoint/closed_loop_teacher_camera_policy_light_v3d_t60_20260510_splitstem_dagger/camera_head_pretrained_best.pth
glare,0.0,1.0,0.0,1.73277747631073,0.6927322745323181,0.6734223961830139,left,0.7459724545478821,0.35244983434677124,0.36667221784591675,24,collision,43,dagger,DAgger-relabel pretrained camera,checkpoint/closed_loop_teacher_camera_policy_light_v3d_t60_20260510_splitstem_dagger/camera_head_pretrained_best.pth
glare,0.0,1.0,0.0,1.8050904273986816,0.6380829811096191,0.9513424634933472,far_right,0.784900426864624,0.09906688332557678,0.11630310118198395,29,collision,44,dagger,DAgger-relabel pretrained camera,checkpoint/closed_loop_teacher_camera_policy_light_v3d_t60_20260510_splitstem_dagger/camera_head_pretrained_best.pth
glare,0.0,1.0,0.0,1.7896617650985718,0.6597553491592407,0.9426929354667664,far_right,0.8052056431770325,0.09427524358034134,0.1061788871884346,29,collision,45,dagger,DAgger-relabel pretrained camera,checkpoint/closed_loop_teacher_camera_policy_light_v3d_t60_20260510_splitstem_dagger/camera_head_pretrained_best.pth
glare,1.0,0.0,1.0,0.3391389548778534,0.6247866749763489,0.9777922630310059,right,0.6738905906677246,0.2403191477060318,0.249248206615448,60,timeout,46,dagger,DAgger-relabel pretrained camera,checkpoint/closed_loop_teacher_camera_policy_light_v3d_t60_20260510_splitstem_dagger/camera_head_pretrained_best.pth
glare,0.0,1.0,0.0,1.8002289533615112,0.6544879078865051,0.9430287480354309,far_right,0.7906056642532349,0.09432744234800339,0.109055295586586,29,collision,47,dagger,DAgger-relabel pretrained camera,checkpoint/closed_loop_teacher_camera_policy_light_v3d_t60_20260510_splitstem_dagger/camera_head_pretrained_best.pth
glare,0.0,1.0,0.0,1.7757056951522827,0.6325957775115967,0.944974958896637,far_left,0.7945351600646973,0.09785783290863037,0.11335477232933044,28,collision,48,dagger,DAgger-relabel pretrained camera,checkpoint/closed_loop_teacher_camera_policy_light_v3d_t60_20260510_splitstem_dagger/camera_head_pretrained_best.pth
glare,0.0,0.0,0.0,0.40831974148750305,0.6023475527763367,0.977203905582428,right,0.6797347068786621,0.24484992027282715,0.2517927885055542,60,timeout,49,dagger,DAgger-relabel pretrained camera,checkpoint/closed_loop_teacher_camera_policy_light_v3d_t60_20260510_splitstem_dagger/camera_head_pretrained_best.pth
glare,0.0,1.0,0.0,1.7542190551757812,0.625967264175415,0.9444176554679871,far_left,0.7998784184455872,0.09694612771272659,0.11058848351240158,28,collision,50,dagger,DAgger-relabel pretrained camera,checkpoint/closed_loop_teacher_camera_policy_light_v3d_t60_20260510_splitstem_dagger/camera_head_pretrained_best.pth
glare,0.0,1.0,0.0,1.7757312059402466,0.631164014339447,0.9489969611167908,far_right,0.7882521152496338,0.09233851730823517,0.10909389704465866,31,collision,51,dagger,DAgger-relabel pretrained camera,checkpoint/closed_loop_teacher_camera_policy_light_v3d_t60_20260510_splitstem_dagger/camera_head_pretrained_best.pth
glare,0.0,1.0,0.0,1.7740074396133423,0.598692774772644,0.9558038115501404,far_right,0.7775910496711731,0.09388957917690277,0.1131151095032692,32,collision,52,dagger,DAgger-relabel pretrained camera,checkpoint/closed_loop_teacher_camera_policy_light_v3d_t60_20260510_splitstem_dagger/camera_head_pretrained_best.pth
glare,0.0,1.0,0.0,1.7739801406860352,0.5821071267127991,0.9463402032852173,far_left,0.7963072657585144,0.096714086830616,0.11067494004964828,30,collision,53,dagger,DAgger-relabel pretrained camera,checkpoint/closed_loop_teacher_camera_policy_light_v3d_t60_20260510_splitstem_dagger/camera_head_pretrained_best.pth
glare,0.0,1.0,0.0,1.7925684452056885,0.6504956483840942,0.9200221300125122,left,0.8007136583328247,0.11923070251941681,0.12305320054292679,27,collision,54,dagger,DAgger-relabel pretrained camera,checkpoint/closed_loop_teacher_camera_policy_light_v3d_t60_20260510_splitstem_dagger/camera_head_pretrained_best.pth
glare,0.0,1.0,0.0,1.7843962907791138,0.6574509739875793,0.9439139366149902,far_right,0.796991765499115,0.09788396954536438,0.11103103309869766,28,collision,55,dagger,DAgger-relabel pretrained camera,checkpoint/closed_loop_teacher_camera_policy_light_v3d_t60_20260510_splitstem_dagger/camera_head_pretrained_best.pth
glare,0.0,1.0,0.0,1.7475106716156006,0.6507190465927124,0.9451518058776855,left,0.7919999361038208,0.10211005061864853,0.11707396060228348,28,collision,56,dagger,DAgger-relabel pretrained camera,checkpoint/closed_loop_teacher_camera_policy_light_v3d_t60_20260510_splitstem_dagger/camera_head_pretrained_best.pth
glare,0.0,1.0,0.0,1.6848615407943726,0.7070736289024353,0.946495771408081,right,0.8066223859786987,0.0915059819817543,0.10568411648273468,29,collision,57,dagger,DAgger-relabel pretrained camera,checkpoint/closed_loop_teacher_camera_policy_light_v3d_t60_20260510_splitstem_dagger/camera_head_pretrained_best.pth
glare,0.0,1.0,0.0,1.7964155673980713,0.6224009394645691,0.9494010210037231,far_right,0.7878884077072144,0.10156320780515671,0.11594205349683762,28,collision,58,dagger,DAgger-relabel pretrained camera,checkpoint/closed_loop_teacher_camera_policy_light_v3d_t60_20260510_splitstem_dagger/camera_head_pretrained_best.pth
glare,0.0,1.0,0.0,1.77167546749115,0.628434419631958,0.9419849514961243,left,0.8008193969726562,0.10694839060306549,0.1186685711145401,28,collision,59,dagger,DAgger-relabel pretrained camera,checkpoint/closed_loop_teacher_camera_policy_light_v3d_t60_20260510_splitstem_dagger/camera_head_pretrained_best.pth
glare,0.0,1.0,0.0,1.7459439039230347,0.6261548399925232,0.9252293109893799,left,0.7979670166969299,0.11382364481687546,0.11678866297006607,28,collision,60,dagger,DAgger-relabel pretrained camera,checkpoint/closed_loop_teacher_camera_policy_light_v3d_t60_20260510_splitstem_dagger/camera_head_pretrained_best.pth
glare,0.0,1.0,0.0,1.7282459735870361,0.6191419363021851,0.9505407214164734,far_left,0.7677508592605591,0.10536333918571472,0.12498840689659119,30,collision,61,dagger,DAgger-relabel pretrained camera,checkpoint/closed_loop_teacher_camera_policy_light_v3d_t60_20260510_splitstem_dagger/camera_head_pretrained_best.pth
glare,0.0,1.0,0.0,1.7663894891738892,0.581805944442749,0.9470004439353943,far_left,0.7837070822715759,0.09970007091760635,0.11540036648511887,31,collision,62,dagger,DAgger-relabel pretrained camera,checkpoint/closed_loop_teacher_camera_policy_light_v3d_t60_20260510_splitstem_dagger/camera_head_pretrained_best.pth
glare,0.0,1.0,0.0,1.7135201692581177,0.6741915941238403,0.9341335892677307,right,0.8042960166931152,0.09923920780420303,0.11127626150846481,27,collision,63,dagger,DAgger-relabel pretrained camera,checkpoint/closed_loop_teacher_camera_policy_light_v3d_t60_20260510_splitstem_dagger/camera_head_pretrained_best.pth
glare,0.0,1.0,0.0,1.7855256795883179,0.6283557415008545,0.9448578357696533,far_right,0.7986226677894592,0.09506643563508987,0.10779589414596558,29,collision,64,dagger,DAgger-relabel pretrained camera,checkpoint/closed_loop_teacher_camera_policy_light_v3d_t60_20260510_splitstem_dagger/camera_head_pretrained_best.pth
glare,0.0,1.0,0.0,1.78324294090271,0.6897152066230774,0.8158023953437805,left,0.7681969404220581,0.25512054562568665,0.26371416449546814,24,collision,65,dagger,DAgger-relabel pretrained camera,checkpoint/closed_loop_teacher_camera_policy_light_v3d_t60_20260510_splitstem_dagger/camera_head_pretrained_best.pth
glare,0.0,1.0,0.0,1.7524163722991943,0.6338627338409424,0.9525101780891418,far_left,0.7929360866546631,0.09760148078203201,0.11499305069446564,29,collision,66,dagger,DAgger-relabel pretrained camera,checkpoint/closed_loop_teacher_camera_policy_light_v3d_t60_20260510_splitstem_dagger/camera_head_pretrained_best.pth
glare,0.0,1.0,0.0,1.7899810075759888,0.6092203259468079,0.9480264782905579,far_right,0.7898731827735901,0.09493478387594223,0.1100580245256424,30,collision,67,dagger,DAgger-relabel pretrained camera,checkpoint/closed_loop_teacher_camera_policy_light_v3d_t60_20260510_splitstem_dagger/camera_head_pretrained_best.pth
glare,0.0,1.0,0.0,1.7339829206466675,0.5737044811248779,0.9494754076004028,far_left,0.7687601447105408,0.10442482680082321,0.12318072468042374,32,collision,68,dagger,DAgger-relabel pretrained camera,checkpoint/closed_loop_teacher_camera_policy_light_v3d_t60_20260510_splitstem_dagger/camera_head_pretrained_best.pth
glare,0.0,1.0,0.0,1.7613716125488281,0.6091824769973755,0.945741593837738,left,0.7941126227378845,0.09621240943670273,0.11245740950107574,30,collision,69,dagger,DAgger-relabel pretrained camera,checkpoint/closed_loop_teacher_camera_policy_light_v3d_t60_20260510_splitstem_dagger/camera_head_pretrained_best.pth
glare,1.0,0.0,1.0,0.2185460776090622,0.6264747977256775,0.9719691276550293,right,0.6872097253799438,0.2460448145866394,0.24931730329990387,60,timeout,70,dagger,DAgger-relabel pretrained camera,checkpoint/closed_loop_teacher_camera_policy_light_v3d_t60_20260510_splitstem_dagger/camera_head_pretrained_best.pth
glare,0.0,1.0,0.0,1.7266219854354858,0.6268646717071533,0.9447188377380371,right,0.7939516305923462,0.09476757049560547,0.1113564744591713,30,collision,71,dagger,DAgger-relabel pretrained camera,checkpoint/closed_loop_teacher_camera_policy_light_v3d_t60_20260510_splitstem_dagger/camera_head_pretrained_best.pth
glare,0.0,1.0,0.0,1.7940912246704102,0.6554879546165466,0.9437110424041748,far_right,0.8234629034996033,0.09211547672748566,0.0993770956993103,30,collision,72,dagger,DAgger-relabel pretrained camera,checkpoint/closed_loop_teacher_camera_policy_light_v3d_t60_20260510_splitstem_dagger/camera_head_pretrained_best.pth
glare,0.0,1.0,0.0,1.7856253385543823,0.6141691207885742,0.94721919298172,far_left,0.7842115759849548,0.10255908221006393,0.11819887161254883,29,collision,73,dagger,DAgger-relabel pretrained camera,checkpoint/closed_loop_teacher_camera_policy_light_v3d_t60_20260510_splitstem_dagger/camera_head_pretrained_best.pth
glare,0.0,1.0,0.0,1.7239948511123657,0.659960925579071,0.9315951466560364,left,0.801801323890686,0.09913769364356995,0.10954583436250687,28,collision,74,dagger,DAgger-relabel pretrained camera,checkpoint/closed_loop_teacher_camera_policy_light_v3d_t60_20260510_splitstem_dagger/camera_head_pretrained_best.pth
glare,0.0,1.0,0.0,1.7772462368011475,0.6012626886367798,0.9495188593864441,far_left,0.7712637186050415,0.10835469514131546,0.12631753087043762,28,collision,75,dagger,DAgger-relabel pretrained camera,checkpoint/closed_loop_teacher_camera_policy_light_v3d_t60_20260510_splitstem_dagger/camera_head_pretrained_best.pth
glare,0.0,1.0,0.0,1.7726389169692993,0.6203385591506958,0.9505422711372375,far_left,0.7942506074905396,0.09975180774927139,0.1159038171172142,28,collision,76,dagger,DAgger-relabel pretrained camera,checkpoint/closed_loop_teacher_camera_policy_light_v3d_t60_20260510_splitstem_dagger/camera_head_pretrained_best.pth
glare,0.0,1.0,0.0,1.4988582134246826,0.7137265205383301,0.9446085095405579,right,0.8382549285888672,0.08893580734729767,0.09688131511211395,31,collision,77,dagger,DAgger-relabel pretrained camera,checkpoint/closed_loop_teacher_camera_policy_light_v3d_t60_20260510_splitstem_dagger/camera_head_pretrained_best.pth
glare,0.0,1.0,0.0,1.7553181648254395,0.6571335196495056,0.9477255344390869,far_right,0.790007472038269,0.09747447073459625,0.11166413128376007,29,collision,78,dagger,DAgger-relabel pretrained camera,checkpoint/closed_loop_teacher_camera_policy_light_v3d_t60_20260510_splitstem_dagger/camera_head_pretrained_best.pth
glare,0.0,1.0,0.0,1.7586814165115356,0.6695231199264526,0.9438140988349915,far_right,0.7954615354537964,0.09576709568500519,0.10892797261476517,29,collision,79,dagger,DAgger-relabel pretrained camera,checkpoint/closed_loop_teacher_camera_policy_light_v3d_t60_20260510_splitstem_dagger/camera_head_pretrained_best.pth
glare,0.0,1.0,0.0,1.7322089672088623,0.6646838188171387,0.9417624473571777,left,0.7966022491455078,0.10228974372148514,0.11721457540988922,27,collision,80,dagger,DAgger-relabel pretrained camera,checkpoint/closed_loop_teacher_camera_policy_light_v3d_t60_20260510_splitstem_dagger/camera_head_pretrained_best.pth
glare,0.0,1.0,0.0,1.7684657573699951,0.6298117637634277,0.9491598606109619,right,0.7976654767990112,0.09673099219799042,0.11280215531587601,28,collision,81,dagger,DAgger-relabel pretrained camera,checkpoint/closed_loop_teacher_camera_policy_light_v3d_t60_20260510_splitstem_dagger/camera_head_pretrained_best.pth
glare,0.0,1.0,0.0,1.7488473653793335,0.6144732236862183,0.9480303525924683,far_left,0.7926986813545227,0.09622960537672043,0.11117957532405853,29,collision,82,dagger,DAgger-relabel pretrained camera,checkpoint/closed_loop_teacher_camera_policy_light_v3d_t60_20260510_splitstem_dagger/camera_head_pretrained_best.pth
glare,0.0,1.0,0.0,1.7652320861816406,0.5817883014678955,0.9487497806549072,far_left,0.7851613759994507,0.09920623153448105,0.11570826917886734,30,collision,83,dagger,DAgger-relabel pretrained camera,checkpoint/closed_loop_teacher_camera_policy_light_v3d_t60_20260510_splitstem_dagger/camera_head_pretrained_best.pth
glare,0.0,1.0,0.0,1.747636079788208,0.59175044298172,0.9551408886909485,far_left,0.7578738927841187,0.10677900910377502,0.12824057042598724,31,collision,84,dagger,DAgger-relabel pretrained camera,checkpoint/closed_loop_teacher_camera_policy_light_v3d_t60_20260510_splitstem_dagger/camera_head_pretrained_best.pth
glare,0.0,1.0,0.0,1.7481286525726318,0.6153047680854797,0.9340178370475769,left,0.7946650385856628,0.09577751904726028,0.10741660743951797,30,collision,85,dagger,DAgger-relabel pretrained camera,checkpoint/closed_loop_teacher_camera_policy_light_v3d_t60_20260510_splitstem_dagger/camera_head_pretrained_best.pth
glare,0.0,1.0,0.0,1.7678524255752563,0.6597675085067749,0.9414437413215637,far_right,0.8137035369873047,0.09483861923217773,0.10608357936143875,28,collision,86,dagger,DAgger-relabel pretrained camera,checkpoint/closed_loop_teacher_camera_policy_light_v3d_t60_20260510_splitstem_dagger/camera_head_pretrained_best.pth
glare,0.0,1.0,0.0,1.7481075525283813,0.6598888635635376,0.934172511100769,left,0.8005757331848145,0.10276878625154495,0.11468818783760071,27,collision,87,dagger,DAgger-relabel pretrained camera,checkpoint/closed_loop_teacher_camera_policy_light_v3d_t60_20260510_splitstem_dagger/camera_head_pretrained_best.pth
glare,0.0,1.0,0.0,1.7767598628997803,0.630944550037384,0.9265957474708557,left,0.7899787425994873,0.11628890782594681,0.11867956072092056,28,collision,88,dagger,DAgger-relabel pretrained camera,checkpoint/closed_loop_teacher_camera_policy_light_v3d_t60_20260510_splitstem_dagger/camera_head_pretrained_best.pth
glare,0.0,1.0,0.0,1.7415471076965332,0.6111497282981873,0.9528453946113586,far_right,0.7890324592590332,0.09377376735210419,0.10950693488121033,31,collision,89,dagger,DAgger-relabel pretrained camera,checkpoint/closed_loop_teacher_camera_policy_light_v3d_t60_20260510_splitstem_dagger/camera_head_pretrained_best.pth
glare,0.0,1.0,0.0,1.736317753791809,0.6019550561904907,0.9495279788970947,far_left,0.7807444930076599,0.10063526034355164,0.11760609596967697,30,collision,90,dagger,DAgger-relabel pretrained camera,checkpoint/closed_loop_teacher_camera_policy_light_v3d_t60_20260510_splitstem_dagger/camera_head_pretrained_best.pth
glare,0.0,1.0,0.0,1.7528228759765625,0.6437020301818848,0.9378482699394226,far_left,0.7984421849250793,0.0987773984670639,0.11144734919071198,28,collision,91,dagger,DAgger-relabel pretrained camera,checkpoint/closed_loop_teacher_camera_policy_light_v3d_t60_20260510_splitstem_dagger/camera_head_pretrained_best.pth
glare,0.0,1.0,0.0,1.7323201894760132,0.6471549868583679,0.9444284439086914,left,0.7918835282325745,0.10180898755788803,0.11706056445837021,28,collision,92,dagger,DAgger-relabel pretrained camera,checkpoint/closed_loop_teacher_camera_policy_light_v3d_t60_20260510_splitstem_dagger/camera_head_pretrained_best.pth
glare,0.0,1.0,0.0,1.8051484823226929,0.6414084434509277,0.9458912014961243,far_right,0.8024019598960876,0.09202077239751816,0.10484573990106583,30,collision,93,dagger,DAgger-relabel pretrained camera,checkpoint/closed_loop_teacher_camera_policy_light_v3d_t60_20260510_splitstem_dagger/camera_head_pretrained_best.pth
glare,0.0,1.0,0.0,1.7361352443695068,0.6370247602462769,0.937706708908081,left,0.7976453304290771,0.11073796451091766,0.12065526843070984,29,collision,94,dagger,DAgger-relabel pretrained camera,checkpoint/closed_loop_teacher_camera_policy_light_v3d_t60_20260510_splitstem_dagger/camera_head_pretrained_best.pth
glare,0.0,1.0,0.0,1.5590764284133911,0.6717243790626526,0.9468619227409363,right,0.8181655406951904,0.08664420247077942,0.09712434560060501,32,collision,95,dagger,DAgger-relabel pretrained camera,checkpoint/closed_loop_teacher_camera_policy_light_v3d_t60_20260510_splitstem_dagger/camera_head_pretrained_best.pth
glare,0.0,1.0,0.0,1.7946922779083252,0.630847692489624,0.9484654664993286,far_right,0.7892845869064331,0.09357292950153351,0.10939404368400574,30,collision,96,dagger,DAgger-relabel pretrained camera,checkpoint/closed_loop_teacher_camera_policy_light_v3d_t60_20260510_splitstem_dagger/camera_head_pretrained_best.pth
glare,0.0,1.0,0.0,1.7286550998687744,0.658571183681488,0.9366587996482849,right,0.8036211133003235,0.09555313736200333,0.10694529116153717,28,collision,97,dagger,DAgger-relabel pretrained camera,checkpoint/closed_loop_teacher_camera_policy_light_v3d_t60_20260510_splitstem_dagger/camera_head_pretrained_best.pth
glare,0.0,1.0,0.0,1.787496566772461,0.6363344192504883,0.9461495876312256,far_right,0.79572594165802,0.09556738287210464,0.10846827924251556,29,collision,98,dagger,DAgger-relabel pretrained camera,checkpoint/closed_loop_teacher_camera_policy_light_v3d_t60_20260510_splitstem_dagger/camera_head_pretrained_best.pth
glare,0.0,1.0,0.0,1.8186171054840088,0.6393567323684692,0.9450680017471313,far_right,0.820615291595459,0.0911228209733963,0.10167056322097778,30,collision,99,dagger,DAgger-relabel pretrained camera,checkpoint/closed_loop_teacher_camera_policy_light_v3d_t60_20260510_splitstem_dagger/camera_head_pretrained_best.pth
glare,0.0,1.0,0.0,1.746658444404602,0.5809056162834167,0.9528790712356567,far_left,0.776292085647583,0.0999901071190834,0.11760292947292328,31,collision,100,dagger,DAgger-relabel pretrained camera,checkpoint/closed_loop_teacher_camera_policy_light_v3d_t60_20260510_splitstem_dagger/camera_head_pretrained_best.pth
glare,0.0,1.0,0.0,1.7580190896987915,0.6431142687797546,0.9402024149894714,right,0.8358179330825806,0.09474007040262222,0.10035525262355804,29,collision,101,dagger,DAgger-relabel pretrained camera,checkpoint/closed_loop_teacher_camera_policy_light_v3d_t60_20260510_splitstem_dagger/camera_head_pretrained_best.pth
glare,0.0,1.0,0.0,1.80141019821167,0.6507960557937622,0.9492735862731934,far_right,0.7930867671966553,0.09329278022050858,0.10734662413597107,30,collision,102,dagger,DAgger-relabel pretrained camera,checkpoint/closed_loop_teacher_camera_policy_light_v3d_t60_20260510_splitstem_dagger/camera_head_pretrained_best.pth
glare,0.0,1.0,0.0,1.719562292098999,0.6024262309074402,0.9487589001655579,far_left,0.7929494976997375,0.09625771641731262,0.11192212253808975,29,collision,103,dagger,DAgger-relabel pretrained camera,checkpoint/closed_loop_teacher_camera_policy_light_v3d_t60_20260510_splitstem_dagger/camera_head_pretrained_best.pth
glare,0.0,1.0,0.0,1.7672313451766968,0.6521534323692322,0.9402327537536621,right,0.8333823084831238,0.09660604596138,0.10287337750196457,28,collision,104,dagger,DAgger-relabel pretrained camera,checkpoint/closed_loop_teacher_camera_policy_light_v3d_t60_20260510_splitstem_dagger/camera_head_pretrained_best.pth
glare,0.0,1.0,0.0,1.7632323503494263,0.573870062828064,0.9558647871017456,far_left,0.7600831985473633,0.10255765169858932,0.1234729140996933,33,collision,105,dagger,DAgger-relabel pretrained camera,checkpoint/closed_loop_teacher_camera_policy_light_v3d_t60_20260510_splitstem_dagger/camera_head_pretrained_best.pth
glare,0.0,1.0,0.0,1.740569829940796,0.5869439244270325,0.953793466091156,far_left,0.7866694927215576,0.0963769257068634,0.11356866359710693,30,collision,106,dagger,DAgger-relabel pretrained camera,checkpoint/closed_loop_teacher_camera_policy_light_v3d_t60_20260510_splitstem_dagger/camera_head_pretrained_best.pth
glare,0.0,1.0,0.0,1.756530523300171,0.6404159665107727,0.924406886100769,left,0.8027336597442627,0.11415483802556992,0.11822915822267532,27,collision,107,dagger,DAgger-relabel pretrained camera,checkpoint/closed_loop_teacher_camera_policy_light_v3d_t60_20260510_splitstem_dagger/camera_head_pretrained_best.pth
glare,0.0,1.0,0.0,1.7400168180465698,0.6713550686836243,0.9454786777496338,right,0.8014914393424988,0.0982164666056633,0.11270805448293686,28,collision,108,dagger,DAgger-relabel pretrained camera,checkpoint/closed_loop_teacher_camera_policy_light_v3d_t60_20260510_splitstem_dagger/camera_head_pretrained_best.pth
glare,0.0,1.0,0.0,1.7383605241775513,0.560049295425415,0.9560185074806213,far_left,0.7650510668754578,0.10091467946767807,0.11997144669294357,33,collision,109,dagger,DAgger-relabel pretrained camera,checkpoint/closed_loop_teacher_camera_policy_light_v3d_t60_20260510_splitstem_dagger/camera_head_pretrained_best.pth
glare,0.0,1.0,0.0,1.7556571960449219,0.6661091446876526,0.942188560962677,far_right,0.8449157476425171,0.09404516220092773,0.10124386847019196,28,collision,110,dagger,DAgger-relabel pretrained camera,checkpoint/closed_loop_teacher_camera_policy_light_v3d_t60_20260510_splitstem_dagger/camera_head_pretrained_best.pth
glare,0.0,1.0,0.0,1.5803284645080566,0.7077280282974243,0.9415717124938965,right,0.8019592761993408,0.09201039373874664,0.10684986412525177,29,collision,111,dagger,DAgger-relabel pretrained camera,checkpoint/closed_loop_teacher_camera_policy_light_v3d_t60_20260510_splitstem_dagger/camera_head_pretrained_best.pth
glare,0.0,1.0,0.0,1.7517377138137817,0.6402695178985596,0.9456822276115417,far_left,0.792835533618927,0.09859730303287506,0.11290779709815979,28,collision,112,dagger,DAgger-relabel pretrained camera,checkpoint/closed_loop_teacher_camera_policy_light_v3d_t60_20260510_splitstem_dagger/camera_head_pretrained_best.pth
glare,0.0,1.0,0.0,1.7692352533340454,0.6586717963218689,0.9358919262886047,left,0.7954230308532715,0.10394169390201569,0.11817879229784012,27,collision,113,dagger,DAgger-relabel pretrained camera,checkpoint/closed_loop_teacher_camera_policy_light_v3d_t60_20260510_splitstem_dagger/camera_head_pretrained_best.pth
glare,0.0,1.0,0.0,1.7622804641723633,0.6225174069404602,0.9534294009208679,far_right,0.7850395441055298,0.09651332348585129,0.11279728263616562,30,collision,114,dagger,DAgger-relabel pretrained camera,checkpoint/closed_loop_teacher_camera_policy_light_v3d_t60_20260510_splitstem_dagger/camera_head_pretrained_best.pth
glare,0.0,1.0,0.0,1.768134593963623,0.5747968554496765,0.9557099342346191,far_left,0.782707154750824,0.09435415267944336,0.11157707870006561,31,collision,115,dagger,DAgger-relabel pretrained camera,checkpoint/closed_loop_teacher_camera_policy_light_v3d_t60_20260510_splitstem_dagger/camera_head_pretrained_best.pth
glare,0.0,1.0,0.0,1.8163803815841675,0.6457490921020508,0.9410136342048645,far_right,0.7929622530937195,0.09471578896045685,0.10788260400295258,29,collision,116,dagger,DAgger-relabel pretrained camera,checkpoint/closed_loop_teacher_camera_policy_light_v3d_t60_20260510_splitstem_dagger/camera_head_pretrained_best.pth
glare,0.0,1.0,0.0,1.7397717237472534,0.585884153842926,0.95208340883255,far_left,0.7735164761543274,0.10130243003368378,0.11958039551973343,31,collision,117,dagger,DAgger-relabel pretrained camera,checkpoint/closed_loop_teacher_camera_policy_light_v3d_t60_20260510_splitstem_dagger/camera_head_pretrained_best.pth
glare,1.0,0.0,1.0,0.16570258140563965,0.5780389308929443,0.7942299246788025,left,0.6165457963943481,0.5145068764686584,0.5094161629676819,60,timeout,118,dagger,DAgger-relabel pretrained camera,checkpoint/closed_loop_teacher_camera_policy_light_v3d_t60_20260510_splitstem_dagger/camera_head_pretrained_best.pth
glare,0.0,1.0,0.0,1.7530534267425537,0.6717256903648376,0.9289530515670776,left,0.7907077074050903,0.11260800808668137,0.12474988400936127,27,collision,119,dagger,DAgger-relabel pretrained camera,checkpoint/closed_loop_teacher_camera_policy_light_v3d_t60_20260510_splitstem_dagger/camera_head_pretrained_best.pth
glare,1.0,0.0,1.0,0.1661839336156845,0.6062317490577698,0.837360143661499,left,0.6230880618095398,0.4164991080760956,0.42294973134994507,60,timeout,120,dagger,DAgger-relabel pretrained camera,checkpoint/closed_loop_teacher_camera_policy_light_v3d_t60_20260510_splitstem_dagger/camera_head_pretrained_best.pth
glare,0.0,1.0,0.0,1.77378511428833,0.6303147673606873,0.9499367475509644,right,0.7950420379638672,0.09890484064817429,0.11519012600183487,28,collision,121,dagger,DAgger-relabel pretrained camera,checkpoint/closed_loop_teacher_camera_policy_light_v3d_t60_20260510_splitstem_dagger/camera_head_pretrained_best.pth
glare,1.0,0.0,1.0,0.2627556622028351,0.6312078237533569,0.9717713594436646,right,0.680354654788971,0.25382113456726074,0.25696080923080444,60,timeout,122,dagger,DAgger-relabel pretrained camera,checkpoint/closed_loop_teacher_camera_policy_light_v3d_t60_20260510_splitstem_dagger/camera_head_pretrained_best.pth
glare,0.0,1.0,0.0,1.795338749885559,0.6353980898857117,0.9464449286460876,far_right,0.7886861562728882,0.09417525678873062,0.11035898327827454,30,collision,123,dagger,DAgger-relabel pretrained camera,checkpoint/closed_loop_teacher_camera_policy_light_v3d_t60_20260510_splitstem_dagger/camera_head_pretrained_best.pth
glare,0.0,1.0,0.0,1.7790213823318481,0.6541821956634521,0.946134090423584,far_right,0.7903582453727722,0.09678934514522552,0.11308163404464722,29,collision,124,dagger,DAgger-relabel pretrained camera,checkpoint/closed_loop_teacher_camera_policy_light_v3d_t60_20260510_splitstem_dagger/camera_head_pretrained_best.pth
glare,0.0,1.0,0.0,1.7472693920135498,0.5876906514167786,0.9493540525436401,far_left,0.7709148526191711,0.10102188587188721,0.11917731910943985,32,collision,125,dagger,DAgger-relabel pretrained camera,checkpoint/closed_loop_teacher_camera_policy_light_v3d_t60_20260510_splitstem_dagger/camera_head_pretrained_best.pth
glare,0.0,1.0,0.0,1.714724063873291,0.6546450853347778,0.9477570056915283,right,0.7993002533912659,0.09128197282552719,0.10796579718589783,30,collision,126,dagger,DAgger-relabel pretrained camera,checkpoint/closed_loop_teacher_camera_policy_light_v3d_t60_20260510_splitstem_dagger/camera_head_pretrained_best.pth
glare,0.0,1.0,0.0,1.7707511186599731,0.6312873363494873,0.9321202039718628,left,0.7984059453010559,0.09873604029417038,0.11154641211032867,28,collision,127,dagger,DAgger-relabel pretrained camera,checkpoint/closed_loop_teacher_camera_policy_light_v3d_t60_20260510_splitstem_dagger/camera_head_pretrained_best.pth
glare,0.0,1.0,0.0,1.5388082265853882,0.6930236220359802,0.9446544647216797,right,0.7983784675598145,0.08642159402370453,0.10224797576665878,32,collision,128,dagger,DAgger-relabel pretrained camera,checkpoint/closed_loop_teacher_camera_policy_light_v3d_t60_20260510_splitstem_dagger/camera_head_pretrained_best.pth
glare,0.0,1.0,0.0,1.7064687013626099,0.6504184603691101,0.9447712898254395,right,0.7989412546157837,0.09680185467004776,0.11158323287963867,28,collision,129,dagger,DAgger-relabel pretrained camera,checkpoint/closed_loop_teacher_camera_policy_light_v3d_t60_20260510_splitstem_dagger/camera_head_pretrained_best.pth
glare,0.0,1.0,0.0,1.7718160152435303,0.581447184085846,0.9509404897689819,far_left,0.7779868245124817,0.09881766885519028,0.115478515625,31,collision,130,dagger,DAgger-relabel pretrained camera,checkpoint/closed_loop_teacher_camera_policy_light_v3d_t60_20260510_splitstem_dagger/camera_head_pretrained_best.pth
glare,0.0,1.0,0.0,1.7598670721054077,0.630477249622345,0.9465319514274597,far_left,0.7905188202857971,0.09896082431077957,0.1144532859325409,29,collision,131,dagger,DAgger-relabel pretrained camera,checkpoint/closed_loop_teacher_camera_policy_light_v3d_t60_20260510_splitstem_dagger/camera_head_pretrained_best.pth
glare,0.0,1.0,0.0,1.7799441814422607,0.6394315958023071,0.9426137804985046,left,0.7971338629722595,0.10683295130729675,0.11902712285518646,27,collision,132,dagger,DAgger-relabel pretrained camera,checkpoint/closed_loop_teacher_camera_policy_light_v3d_t60_20260510_splitstem_dagger/camera_head_pretrained_best.pth
glare,0.0,1.0,0.0,1.7596399784088135,0.6603127717971802,0.9380305409431458,far_right,0.8285574913024902,0.09686098247766495,0.10307382047176361,28,collision,133,dagger,DAgger-relabel pretrained camera,checkpoint/closed_loop_teacher_camera_policy_light_v3d_t60_20260510_splitstem_dagger/camera_head_pretrained_best.pth
glare,0.0,1.0,0.0,1.789229393005371,0.6422508955001831,0.9310485124588013,left,0.7925050854682922,0.11119246482849121,0.12335257977247238,28,collision,134,dagger,DAgger-relabel pretrained camera,checkpoint/closed_loop_teacher_camera_policy_light_v3d_t60_20260510_splitstem_dagger/camera_head_pretrained_best.pth
glare,0.0,1.0,0.0,1.7826353311538696,0.6410542726516724,0.9495494365692139,far_right,0.7863196134567261,0.09897200018167496,0.11532078683376312,29,collision,135,dagger,DAgger-relabel pretrained camera,checkpoint/closed_loop_teacher_camera_policy_light_v3d_t60_20260510_splitstem_dagger/camera_head_pretrained_best.pth
glare,1.0,0.0,1.0,0.3071199059486389,0.6065534353256226,0.9723790287971497,right,0.6733675599098206,0.26642951369285583,0.26773521304130554,60,timeout,136,dagger,DAgger-relabel pretrained camera,checkpoint/closed_loop_teacher_camera_policy_light_v3d_t60_20260510_splitstem_dagger/camera_head_pretrained_best.pth
glare,0.0,1.0,0.0,1.749592661857605,0.5232539176940918,0.9567295908927917,far_left,0.7547945976257324,0.10003694891929626,0.12271734327077866,36,collision,137,dagger,DAgger-relabel pretrained camera,checkpoint/closed_loop_teacher_camera_policy_light_v3d_t60_20260510_splitstem_dagger/camera_head_pretrained_best.pth
glare,0.0,1.0,0.0,1.7408041954040527,0.6148278117179871,0.954683780670166,far_right,0.7886722683906555,0.09124238789081573,0.10713300108909607,32,collision,138,dagger,DAgger-relabel pretrained camera,checkpoint/closed_loop_teacher_camera_policy_light_v3d_t60_20260510_splitstem_dagger/camera_head_pretrained_best.pth
glare,0.0,1.0,0.0,1.7717679738998413,0.566238522529602,0.9550057649612427,far_left,0.7857325077056885,0.0920911580324173,0.10906677693128586,32,collision,139,dagger,DAgger-relabel pretrained camera,checkpoint/closed_loop_teacher_camera_policy_light_v3d_t60_20260510_splitstem_dagger/camera_head_pretrained_best.pth
glare,0.0,1.0,0.0,1.755368709564209,0.6207736134529114,0.9479891061782837,far_left,0.7973520159721375,0.09492123872041702,0.1093706488609314,29,collision,140,dagger,DAgger-relabel pretrained camera,checkpoint/closed_loop_teacher_camera_policy_light_v3d_t60_20260510_splitstem_dagger/camera_head_pretrained_best.pth
glare,0.0,1.0,0.0,1.7661981582641602,0.6157327890396118,0.94893878698349,far_right,0.8241623640060425,0.08671684563159943,0.0981779471039772,32,collision,141,dagger,DAgger-relabel pretrained camera,checkpoint/closed_loop_teacher_camera_policy_light_v3d_t60_20260510_splitstem_dagger/camera_head_pretrained_best.pth
glare,0.0,1.0,0.0,1.737599492073059,0.5979207754135132,0.9461655616760254,far_left,0.7992202639579773,0.09271176159381866,0.10670175403356552,30,collision,142,dagger,DAgger-relabel pretrained camera,checkpoint/closed_loop_teacher_camera_policy_light_v3d_t60_20260510_splitstem_dagger/camera_head_pretrained_best.pth
glare,0.0,1.0,0.0,1.6606208086013794,0.700310468673706,0.9497871994972229,right,0.7967075109481812,0.09277034550905228,0.10940462350845337,29,collision,143,dagger,DAgger-relabel pretrained camera,checkpoint/closed_loop_teacher_camera_policy_light_v3d_t60_20260510_splitstem_dagger/camera_head_pretrained_best.pth
glare,0.0,1.0,0.0,1.6751412153244019,0.6860443353652954,0.950869083404541,right,0.794649064540863,0.09778761118650436,0.11511451005935669,28,collision,144,dagger,DAgger-relabel pretrained camera,checkpoint/closed_loop_teacher_camera_policy_light_v3d_t60_20260510_splitstem_dagger/camera_head_pretrained_best.pth
glare,0.0,1.0,0.0,1.7904809713363647,0.6325706243515015,0.9398495554924011,left,0.7969937920570374,0.10776727646589279,0.12112214416265488,26,collision,145,dagger,DAgger-relabel pretrained camera,checkpoint/closed_loop_teacher_camera_policy_light_v3d_t60_20260510_splitstem_dagger/camera_head_pretrained_best.pth
glare,1.0,0.0,1.0,0.22156503796577454,0.6319671869277954,0.9700232148170471,right,0.686133623123169,0.26157650351524353,0.26506441831588745,60,timeout,146,dagger,DAgger-relabel pretrained camera,checkpoint/closed_loop_teacher_camera_policy_light_v3d_t60_20260510_splitstem_dagger/camera_head_pretrained_best.pth
glare,0.0,1.0,0.0,1.7494316101074219,0.6451122164726257,0.9411383867263794,left,0.7985270619392395,0.09839912503957748,0.11204264312982559,28,collision,147,dagger,DAgger-relabel pretrained camera,checkpoint/closed_loop_teacher_camera_policy_light_v3d_t60_20260510_splitstem_dagger/camera_head_pretrained_best.pth
glare,0.0,1.0,0.0,1.818992257118225,0.6485539674758911,0.9451727867126465,far_right,0.8134313225746155,0.09154637157917023,0.10333628952503204,30,collision,148,dagger,DAgger-relabel pretrained camera,checkpoint/closed_loop_teacher_camera_policy_light_v3d_t60_20260510_splitstem_dagger/camera_head_pretrained_best.pth
glare,0.0,1.0,0.0,1.7453417778015137,0.6458674669265747,0.8510115742683411,left,0.7856081128120422,0.21285922825336456,0.21739906072616577,27,collision,149,dagger,DAgger-relabel pretrained camera,checkpoint/closed_loop_teacher_camera_policy_light_v3d_t60_20260510_splitstem_dagger/camera_head_pretrained_best.pth
glare,1.0,0.0,1.0,0.1954481154680252,0.5854209065437317,0.7768398523330688,left,0.6219789981842041,0.508069634437561,0.5058245062828064,60,timeout,150,dagger,DAgger-relabel pretrained camera,checkpoint/closed_loop_teacher_camera_policy_light_v3d_t60_20260510_splitstem_dagger/camera_head_pretrained_best.pth
glare,0.0,1.0,0.0,1.7716867923736572,0.5329964756965637,0.9522044062614441,far_left,0.7832755446434021,0.09490910917520523,0.11095806211233139,34,collision,151,dagger,DAgger-relabel pretrained camera,checkpoint/closed_loop_teacher_camera_policy_light_v3d_t60_20260510_splitstem_dagger/camera_head_pretrained_best.pth
glare,0.0,1.0,0.0,1.755415678024292,0.7080958485603333,0.8710763454437256,left,0.770624041557312,0.1820332556962967,0.1899934709072113,26,collision,152,dagger,DAgger-relabel pretrained camera,checkpoint/closed_loop_teacher_camera_policy_light_v3d_t60_20260510_splitstem_dagger/camera_head_pretrained_best.pth
glare,0.0,1.0,0.0,1.745392084121704,0.6128711700439453,0.951388955116272,far_left,0.7652366161346436,0.10865041613578796,0.12829719483852386,29,collision,153,dagger,DAgger-relabel pretrained camera,checkpoint/closed_loop_teacher_camera_policy_light_v3d_t60_20260510_splitstem_dagger/camera_head_pretrained_best.pth
glare,0.0,1.0,0.0,1.547395944595337,0.7267994284629822,0.6101735830307007,left,0.7726854681968689,0.39833685755729675,0.40433433651924133,26,collision,154,dagger,DAgger-relabel pretrained camera,checkpoint/closed_loop_teacher_camera_policy_light_v3d_t60_20260510_splitstem_dagger/camera_head_pretrained_best.pth
glare,0.0,1.0,0.0,1.7129355669021606,0.6489809155464172,0.9350029826164246,left,0.7994822263717651,0.10695942491292953,0.11752933263778687,28,collision,155,dagger,DAgger-relabel pretrained camera,checkpoint/closed_loop_teacher_camera_policy_light_v3d_t60_20260510_splitstem_dagger/camera_head_pretrained_best.pth
glare,0.0,1.0,0.0,1.7517147064208984,0.6648095846176147,0.8029339909553528,left,0.7895074486732483,0.2778346836566925,0.28226158022880554,26,collision,156,dagger,DAgger-relabel pretrained camera,checkpoint/closed_loop_teacher_camera_policy_light_v3d_t60_20260510_splitstem_dagger/camera_head_pretrained_best.pth
glare,0.0,1.0,0.0,1.6896544694900513,0.6543117165565491,0.9492830634117126,right,0.7963255643844604,0.09733652323484421,0.11310674250125885,28,collision,157,dagger,DAgger-relabel pretrained camera,checkpoint/closed_loop_teacher_camera_policy_light_v3d_t60_20260510_splitstem_dagger/camera_head_pretrained_best.pth
glare,0.0,1.0,0.0,1.7335275411605835,0.534252405166626,0.9527122378349304,far_left,0.7707887291908264,0.09694228321313858,0.11640092730522156,35,collision,158,dagger,DAgger-relabel pretrained camera,checkpoint/closed_loop_teacher_camera_policy_light_v3d_t60_20260510_splitstem_dagger/camera_head_pretrained_best.pth
glare,0.0,1.0,0.0,1.7558112144470215,0.6560360193252563,0.940481424331665,far_right,0.8233404755592346,0.09430619329214096,0.10155878961086273,29,collision,159,dagger,DAgger-relabel pretrained camera,checkpoint/closed_loop_teacher_camera_policy_light_v3d_t60_20260510_splitstem_dagger/camera_head_pretrained_best.pth
glare,0.0,1.0,0.0,1.7303707599639893,0.6758158802986145,0.9319058656692505,left,0.798454761505127,0.10598844289779663,0.11606591194868088,28,collision,160,dagger,DAgger-relabel pretrained camera,checkpoint/closed_loop_teacher_camera_policy_light_v3d_t60_20260510_splitstem_dagger/camera_head_pretrained_best.pth
glare,0.0,1.0,0.0,1.7773374319076538,0.6171538829803467,0.9505570530891418,right,0.7975367903709412,0.09409495443105698,0.11085707694292068,29,collision,161,dagger,DAgger-relabel pretrained camera,checkpoint/closed_loop_teacher_camera_policy_light_v3d_t60_20260510_splitstem_dagger/camera_head_pretrained_best.pth
glare,0.0,1.0,0.0,1.7698310613632202,0.6292819976806641,0.9427351951599121,left,0.7966372966766357,0.10052195191383362,0.11541396379470825,28,collision,162,dagger,DAgger-relabel pretrained camera,checkpoint/closed_loop_teacher_camera_policy_light_v3d_t60_20260510_splitstem_dagger/camera_head_pretrained_best.pth
glare,1.0,0.0,1.0,0.32938870787620544,0.6175405383110046,0.9705078601837158,right,0.6834201812744141,0.2563229203224182,0.25826549530029297,60,timeout,163,dagger,DAgger-relabel pretrained camera,checkpoint/closed_loop_teacher_camera_policy_light_v3d_t60_20260510_splitstem_dagger/camera_head_pretrained_best.pth
glare,0.0,1.0,0.0,1.7453056573867798,0.6322066783905029,0.9482542872428894,far_left,0.7780495882034302,0.10628841817378998,0.12257083505392075,28,collision,164,dagger,DAgger-relabel pretrained camera,checkpoint/closed_loop_teacher_camera_policy_light_v3d_t60_20260510_splitstem_dagger/camera_head_pretrained_best.pth
glare,0.0,1.0,0.0,1.773460865020752,0.6050947308540344,0.9439006447792053,far_left,0.8038262724876404,0.09385912120342255,0.104717917740345,30,collision,165,dagger,DAgger-relabel pretrained camera,checkpoint/closed_loop_teacher_camera_policy_light_v3d_t60_20260510_splitstem_dagger/camera_head_pretrained_best.pth
glare,0.0,1.0,0.0,1.7267531156539917,0.5853588581085205,0.9544849991798401,far_left,0.7624325156211853,0.10599828511476517,0.12642544507980347,31,collision,166,dagger,DAgger-relabel pretrained camera,checkpoint/closed_loop_teacher_camera_policy_light_v3d_t60_20260510_splitstem_dagger/camera_head_pretrained_best.pth
glare,0.0,1.0,0.0,1.759301781654358,0.6696497797966003,0.9386788606643677,far_right,0.8110129237174988,0.09663400053977966,0.10713598877191544,28,collision,167,dagger,DAgger-relabel pretrained camera,checkpoint/closed_loop_teacher_camera_policy_light_v3d_t60_20260510_splitstem_dagger/camera_head_pretrained_best.pth
glare,0.0,1.0,0.0,1.7881853580474854,0.6319804191589355,0.9445691704750061,far_right,0.8156020641326904,0.09138289839029312,0.10288643836975098,30,collision,168,dagger,DAgger-relabel pretrained camera,checkpoint/closed_loop_teacher_camera_policy_light_v3d_t60_20260510_splitstem_dagger/camera_head_pretrained_best.pth
glare,0.0,1.0,0.0,1.7688968181610107,0.5618395209312439,0.9536616802215576,far_left,0.7690908312797546,0.10135479271411896,0.11997697502374649,32,collision,169,dagger,DAgger-relabel pretrained camera,checkpoint/closed_loop_teacher_camera_policy_light_v3d_t60_20260510_splitstem_dagger/camera_head_pretrained_best.pth
glare,0.0,1.0,0.0,1.7405145168304443,0.6790570616722107,0.941795825958252,right,0.7994296550750732,0.09793499857187271,0.11250235140323639,27,collision,170,dagger,DAgger-relabel pretrained camera,checkpoint/closed_loop_teacher_camera_policy_light_v3d_t60_20260510_splitstem_dagger/camera_head_pretrained_best.pth
glare,0.0,1.0,0.0,1.7535251379013062,0.6020476222038269,0.9405880570411682,right,0.801882803440094,0.09105557203292847,0.10498436540365219,30,collision,171,dagger,DAgger-relabel pretrained camera,checkpoint/closed_loop_teacher_camera_policy_light_v3d_t60_20260510_splitstem_dagger/camera_head_pretrained_best.pth
glare,0.0,1.0,0.0,1.6394710540771484,0.6164804100990295,0.9497647881507874,right,0.7989872097969055,0.08568304777145386,0.10193789750337601,32,collision,172,dagger,DAgger-relabel pretrained camera,checkpoint/closed_loop_teacher_camera_policy_light_v3d_t60_20260510_splitstem_dagger/camera_head_pretrained_best.pth
glare,0.0,1.0,0.0,1.7705237865447998,0.6520906686782837,0.940365731716156,left,0.8010587096214294,0.11005871742963791,0.12111372500658035,27,collision,173,dagger,DAgger-relabel pretrained camera,checkpoint/closed_loop_teacher_camera_policy_light_v3d_t60_20260510_splitstem_dagger/camera_head_pretrained_best.pth
glare,0.0,1.0,0.0,1.7791752815246582,0.5820158123970032,0.9567463397979736,far_right,0.7791939973831177,0.09020664542913437,0.10860158503055573,34,collision,174,dagger,DAgger-relabel pretrained camera,checkpoint/closed_loop_teacher_camera_policy_light_v3d_t60_20260510_splitstem_dagger/camera_head_pretrained_best.pth
glare,0.0,1.0,0.0,1.7589763402938843,0.6332998871803284,0.9323613047599792,left,0.8042876720428467,0.0984894335269928,0.10859043896198273,28,collision,175,dagger,DAgger-relabel pretrained camera,checkpoint/closed_loop_teacher_camera_policy_light_v3d_t60_20260510_splitstem_dagger/camera_head_pretrained_best.pth
glare,0.0,1.0,0.0,1.7357609272003174,0.6129456758499146,0.9476222991943359,far_left,0.785391092300415,0.09872277081012726,0.11514788866043091,30,collision,176,dagger,DAgger-relabel pretrained camera,checkpoint/closed_loop_teacher_camera_policy_light_v3d_t60_20260510_splitstem_dagger/camera_head_pretrained_best.pth
glare,0.0,1.0,0.0,1.7153438329696655,0.6982157230377197,0.9440048933029175,right,0.8041311502456665,0.0973110944032669,0.11174747347831726,27,collision,177,dagger,DAgger-relabel pretrained camera,checkpoint/closed_loop_teacher_camera_policy_light_v3d_t60_20260510_splitstem_dagger/camera_head_pretrained_best.pth
glare,0.0,1.0,0.0,1.7323698997497559,0.6112183332443237,0.9511815905570984,far_left,0.7721703052520752,0.1017654612660408,0.1201656386256218,31,collision,178,dagger,DAgger-relabel pretrained camera,checkpoint/closed_loop_teacher_camera_policy_light_v3d_t60_20260510_splitstem_dagger/camera_head_pretrained_best.pth
glare,0.0,1.0,0.0,1.7807862758636475,0.6240562200546265,0.9426494240760803,far_left,0.802453875541687,0.09732246398925781,0.10929959267377853,28,collision,179,dagger,DAgger-relabel pretrained camera,checkpoint/closed_loop_teacher_camera_policy_light_v3d_t60_20260510_splitstem_dagger/camera_head_pretrained_best.pth
glare,0.0,1.0,0.0,1.7714641094207764,0.5845175385475159,0.9449033737182617,far_left,0.805402934551239,0.09301027655601501,0.1046421229839325,30,collision,180,dagger,DAgger-relabel pretrained camera,checkpoint/closed_loop_teacher_camera_policy_light_v3d_t60_20260510_splitstem_dagger/camera_head_pretrained_best.pth
glare,0.0,1.0,0.0,1.7932363748550415,0.6346055865287781,0.9517980217933655,far_right,0.7829121947288513,0.09793191403150558,0.11575240641832352,30,collision,181,dagger,DAgger-relabel pretrained camera,checkpoint/closed_loop_teacher_camera_policy_light_v3d_t60_20260510_splitstem_dagger/camera_head_pretrained_best.pth
glare,0.0,1.0,0.0,1.7203373908996582,0.6540161967277527,0.942268967628479,right,0.7981124520301819,0.09517914056777954,0.11094098538160324,28,collision,182,dagger,DAgger-relabel pretrained camera,checkpoint/closed_loop_teacher_camera_policy_light_v3d_t60_20260510_splitstem_dagger/camera_head_pretrained_best.pth
glare,0.0,1.0,0.0,1.7572722434997559,0.6839404106140137,0.945676863193512,far_right,0.79377681016922,0.10137113928794861,0.11454416066408157,28,collision,183,dagger,DAgger-relabel pretrained camera,checkpoint/closed_loop_teacher_camera_policy_light_v3d_t60_20260510_splitstem_dagger/camera_head_pretrained_best.pth
glare,0.0,1.0,0.0,1.7656588554382324,0.6251749992370605,0.9496479630470276,far_right,0.7850611805915833,0.0930953249335289,0.11060424894094467,31,collision,184,dagger,DAgger-relabel pretrained camera,checkpoint/closed_loop_teacher_camera_policy_light_v3d_t60_20260510_splitstem_dagger/camera_head_pretrained_best.pth
glare,0.0,1.0,0.0,1.8218427896499634,0.6577261090278625,0.9449427723884583,far_right,0.7887181043624878,0.10002842545509338,0.11568558216094971,28,collision,185,dagger,DAgger-relabel pretrained camera,checkpoint/closed_loop_teacher_camera_policy_light_v3d_t60_20260510_splitstem_dagger/camera_head_pretrained_best.pth
glare,0.0,1.0,0.0,1.7642624378204346,0.6344294548034668,0.9416634440422058,left,0.7976255416870117,0.10798230022192001,0.11976445466279984,28,collision,186,dagger,DAgger-relabel pretrained camera,checkpoint/closed_loop_teacher_camera_policy_light_v3d_t60_20260510_splitstem_dagger/camera_head_pretrained_best.pth
glare,0.0,1.0,0.0,1.743617057800293,0.6294324994087219,0.9317905306816101,left,0.7983324527740479,0.10491514950990677,0.11420583724975586,29,collision,187,dagger,DAgger-relabel pretrained camera,checkpoint/closed_loop_teacher_camera_policy_light_v3d_t60_20260510_splitstem_dagger/camera_head_pretrained_best.pth
glare,0.0,1.0,0.0,1.770693302154541,0.5668063163757324,0.9527586102485657,far_left,0.7672110795974731,0.10278072208166122,0.12166111171245575,31,collision,188,dagger,DAgger-relabel pretrained camera,checkpoint/closed_loop_teacher_camera_policy_light_v3d_t60_20260510_splitstem_dagger/camera_head_pretrained_best.pth
glare,0.0,0.0,0.0,0.4105086922645569,0.591087281703949,0.9769989252090454,right,0.6677765846252441,0.26444077491760254,0.267338365316391,60,timeout,189,dagger,DAgger-relabel pretrained camera,checkpoint/closed_loop_teacher_camera_policy_light_v3d_t60_20260510_splitstem_dagger/camera_head_pretrained_best.pth
glare,0.0,1.0,0.0,1.6919910907745361,0.6605706810951233,0.9500718116760254,right,0.7933484315872192,0.09111586958169937,0.10844050347805023,30,collision,190,dagger,DAgger-relabel pretrained camera,checkpoint/closed_loop_teacher_camera_policy_light_v3d_t60_20260510_splitstem_dagger/camera_head_pretrained_best.pth
glare,0.0,1.0,0.0,1.7158209085464478,0.6131492853164673,0.9506222009658813,far_left,0.7858720421791077,0.09389678388834,0.11149217933416367,31,collision,191,dagger,DAgger-relabel pretrained camera,checkpoint/closed_loop_teacher_camera_policy_light_v3d_t60_20260510_splitstem_dagger/camera_head_pretrained_best.pth
glare,0.0,1.0,0.0,1.7880182266235352,0.6645992398262024,0.9464811086654663,right,0.7961720824241638,0.10260476917028427,0.1174279972910881,27,collision,192,dagger,DAgger-relabel pretrained camera,checkpoint/closed_loop_teacher_camera_policy_light_v3d_t60_20260510_splitstem_dagger/camera_head_pretrained_best.pth
glare,0.0,1.0,0.0,1.743032455444336,0.6170027256011963,0.9522319436073303,far_left,0.7807738780975342,0.10003449022769928,0.11685720831155777,30,collision,193,dagger,DAgger-relabel pretrained camera,checkpoint/closed_loop_teacher_camera_policy_light_v3d_t60_20260510_splitstem_dagger/camera_head_pretrained_best.pth
glare,0.0,1.0,0.0,1.7357935905456543,0.6030149459838867,0.9538070559501648,far_left,0.7810607552528381,0.1008591502904892,0.11812466382980347,29,collision,194,dagger,DAgger-relabel pretrained camera,checkpoint/closed_loop_teacher_camera_policy_light_v3d_t60_20260510_splitstem_dagger/camera_head_pretrained_best.pth
glare,0.0,1.0,0.0,1.7706557512283325,0.6592976450920105,0.9484231472015381,left,0.7917149066925049,0.10222076624631882,0.11775601655244827,27,collision,195,dagger,DAgger-relabel pretrained camera,checkpoint/closed_loop_teacher_camera_policy_light_v3d_t60_20260510_splitstem_dagger/camera_head_pretrained_best.pth
glare,0.0,1.0,0.0,1.732062578201294,0.5870409607887268,0.9502034783363342,far_left,0.766416609287262,0.11079723387956619,0.12997935712337494,32,collision,196,dagger,DAgger-relabel pretrained camera,checkpoint/closed_loop_teacher_camera_policy_light_v3d_t60_20260510_splitstem_dagger/camera_head_pretrained_best.pth
glare,0.0,1.0,0.0,1.7731105089187622,0.640813946723938,0.9417679905891418,far_right,0.8043386340141296,0.09449945390224457,0.10622985661029816,29,collision,197,dagger,DAgger-relabel pretrained camera,checkpoint/closed_loop_teacher_camera_policy_light_v3d_t60_20260510_splitstem_dagger/camera_head_pretrained_best.pth
glare,0.0,1.0,0.0,1.7267204523086548,0.6174505949020386,0.9403005838394165,far_left,0.8053500652313232,0.09870855510234833,0.1075466051697731,29,collision,198,dagger,DAgger-relabel pretrained camera,checkpoint/closed_loop_teacher_camera_policy_light_v3d_t60_20260510_splitstem_dagger/camera_head_pretrained_best.pth
glare,0.0,1.0,0.0,1.7855802774429321,0.6221991181373596,0.9541527032852173,far_right,0.7807948589324951,0.09729688614606857,0.11535083502531052,30,collision,199,dagger,DAgger-relabel pretrained camera,checkpoint/closed_loop_teacher_camera_policy_light_v3d_t60_20260510_splitstem_dagger/camera_head_pretrained_best.pth
glare,0.0,1.0,0.0,1.7974207401275635,0.6771937608718872,0.8521653413772583,left,0.7920531034469604,0.2241511344909668,0.22947172820568085,25,collision,200,dagger,DAgger-relabel pretrained camera,checkpoint/closed_loop_teacher_camera_policy_light_v3d_t60_20260510_splitstem_dagger/camera_head_pretrained_best.pth
glare,0.0,1.0,0.0,1.7708015441894531,0.6797944903373718,0.9434782266616821,far_right,0.796092689037323,0.09381654113531113,0.10721517354249954,29,collision,201,dagger,DAgger-relabel pretrained camera,checkpoint/closed_loop_teacher_camera_policy_light_v3d_t60_20260510_splitstem_dagger/camera_head_pretrained_best.pth
glare,0.0,1.0,0.0,1.7453134059906006,0.6459569931030273,0.9427083134651184,left,0.7970815896987915,0.09559609740972519,0.11061718314886093,29,collision,202,dagger,DAgger-relabel pretrained camera,checkpoint/closed_loop_teacher_camera_policy_light_v3d_t60_20260510_splitstem_dagger/camera_head_pretrained_best.pth
glare,0.0,1.0,0.0,1.7287523746490479,0.6036726236343384,0.951351523399353,far_left,0.7754372358322144,0.09745456278324127,0.11532092094421387,32,collision,203,dagger,DAgger-relabel pretrained camera,checkpoint/closed_loop_teacher_camera_policy_light_v3d_t60_20260510_splitstem_dagger/camera_head_pretrained_best.pth
glare,0.0,1.0,0.0,1.7509775161743164,0.6553223729133606,0.948505699634552,right,0.8059304356575012,0.09133251756429672,0.10454116016626358,29,collision,204,dagger,DAgger-relabel pretrained camera,checkpoint/closed_loop_teacher_camera_policy_light_v3d_t60_20260510_splitstem_dagger/camera_head_pretrained_best.pth
glare,0.0,1.0,0.0,1.8024303913116455,0.6302642822265625,0.9502164721488953,far_right,0.788987934589386,0.09548012912273407,0.11179661750793457,30,collision,205,dagger,DAgger-relabel pretrained camera,checkpoint/closed_loop_teacher_camera_policy_light_v3d_t60_20260510_splitstem_dagger/camera_head_pretrained_best.pth
glare,0.0,1.0,0.0,1.6648082733154297,0.6636462807655334,0.9462354183197021,right,0.8075947165489197,0.08980805426836014,0.10394799709320068,30,collision,206,dagger,DAgger-relabel pretrained camera,checkpoint/closed_loop_teacher_camera_policy_light_v3d_t60_20260510_splitstem_dagger/camera_head_pretrained_best.pth
glare,0.0,1.0,0.0,1.7683320045471191,0.6579151153564453,0.9510513544082642,far_right,0.7873013019561768,0.09288576990365982,0.11077583581209183,31,collision,207,dagger,DAgger-relabel pretrained camera,checkpoint/closed_loop_teacher_camera_policy_light_v3d_t60_20260510_splitstem_dagger/camera_head_pretrained_best.pth
glare,0.0,1.0,0.0,1.7605587244033813,0.650130569934845,0.951409637928009,far_right,0.7875524759292603,0.09828654676675797,0.11342837661504745,29,collision,208,dagger,DAgger-relabel pretrained camera,checkpoint/closed_loop_teacher_camera_policy_light_v3d_t60_20260510_splitstem_dagger/camera_head_pretrained_best.pth
glare,0.0,1.0,0.0,1.755298137664795,0.7169400453567505,0.6808260083198547,left,0.7455434799194336,0.34549227356910706,0.3599061667919159,24,collision,209,dagger,DAgger-relabel pretrained camera,checkpoint/closed_loop_teacher_camera_policy_light_v3d_t60_20260510_splitstem_dagger/camera_head_pretrained_best.pth
glare,0.0,1.0,0.0,1.743082046508789,0.5552259683609009,0.9569435715675354,far_left,0.7537646293640137,0.10317033529281616,0.12532676756381989,34,collision,210,dagger,DAgger-relabel pretrained camera,checkpoint/closed_loop_teacher_camera_policy_light_v3d_t60_20260510_splitstem_dagger/camera_head_pretrained_best.pth
glare,0.0,1.0,0.0,1.7594153881072998,0.6396771669387817,0.9459311366081238,far_right,0.8173382878303528,0.08992065489292145,0.1011807769536972,30,collision,211,dagger,DAgger-relabel pretrained camera,checkpoint/closed_loop_teacher_camera_policy_light_v3d_t60_20260510_splitstem_dagger/camera_head_pretrained_best.pth
glare,0.0,1.0,0.0,1.653061032295227,0.6686227321624756,0.9447917342185974,right,0.8183373212814331,0.08806329220533371,0.09981340169906616,31,collision,212,dagger,DAgger-relabel pretrained camera,checkpoint/closed_loop_teacher_camera_policy_light_v3d_t60_20260510_splitstem_dagger/camera_head_pretrained_best.pth
glare,0.0,1.0,0.0,1.7500803470611572,0.6465007662773132,0.9467163681983948,left,0.794419527053833,0.10208244621753693,0.11694343388080597,28,collision,213,dagger,DAgger-relabel pretrained camera,checkpoint/closed_loop_teacher_camera_policy_light_v3d_t60_20260510_splitstem_dagger/camera_head_pretrained_best.pth
glare,0.0,1.0,0.0,1.7642453908920288,0.5615319609642029,0.9484439492225647,far_left,0.7889310717582703,0.096415676176548,0.11198819428682327,32,collision,214,dagger,DAgger-relabel pretrained camera,checkpoint/closed_loop_teacher_camera_policy_light_v3d_t60_20260510_splitstem_dagger/camera_head_pretrained_best.pth
glare,0.0,0.0,0.0,0.4965209364891052,0.5685064196586609,0.9768036603927612,right,0.6780245304107666,0.2430291324853897,0.24790441989898682,60,timeout,215,dagger,DAgger-relabel pretrained camera,checkpoint/closed_loop_teacher_camera_policy_light_v3d_t60_20260510_splitstem_dagger/camera_head_pretrained_best.pth
glare,0.0,1.0,0.0,1.7831660509109497,0.7025225758552551,0.9338483810424805,far_right,0.824245035648346,0.10278027504682541,0.10834937542676926,26,collision,216,dagger,DAgger-relabel pretrained camera,checkpoint/closed_loop_teacher_camera_policy_light_v3d_t60_20260510_splitstem_dagger/camera_head_pretrained_best.pth
glare,0.0,0.0,0.0,0.5013566017150879,0.5865025520324707,0.9766349196434021,right,0.671247124671936,0.2545284628868103,0.2581399381160736,60,timeout,217,dagger,DAgger-relabel pretrained camera,checkpoint/closed_loop_teacher_camera_policy_light_v3d_t60_20260510_splitstem_dagger/camera_head_pretrained_best.pth
glare,0.0,1.0,0.0,1.7607824802398682,0.647023618221283,0.9405330419540405,far_right,0.8248956203460693,0.09466484934091568,0.1020505502820015,29,collision,218,dagger,DAgger-relabel pretrained camera,checkpoint/closed_loop_teacher_camera_policy_light_v3d_t60_20260510_splitstem_dagger/camera_head_pretrained_best.pth
glare,0.0,1.0,0.0,1.7747787237167358,0.6435285210609436,0.948819637298584,far_right,0.7898743748664856,0.09421838819980621,0.11084681749343872,30,collision,219,dagger,DAgger-relabel pretrained camera,checkpoint/closed_loop_teacher_camera_policy_light_v3d_t60_20260510_splitstem_dagger/camera_head_pretrained_best.pth
glare,0.0,1.0,0.0,1.7717492580413818,0.6072587966918945,0.9452763795852661,far_left,0.7756190896034241,0.10471794754266739,0.12226755917072296,29,collision,220,dagger,DAgger-relabel pretrained camera,checkpoint/closed_loop_teacher_camera_policy_light_v3d_t60_20260510_splitstem_dagger/camera_head_pretrained_best.pth
glare,0.0,1.0,0.0,1.7299467325210571,0.5574758052825928,0.9518364667892456,far_left,0.7643585801124573,0.10001279413700104,0.12007662653923035,33,collision,221,dagger,DAgger-relabel pretrained camera,checkpoint/closed_loop_teacher_camera_policy_light_v3d_t60_20260510_splitstem_dagger/camera_head_pretrained_best.pth
glare,0.0,1.0,0.0,1.7833784818649292,0.6437384486198425,0.9463850855827332,far_right,0.7981833219528198,0.09303344786167145,0.10643688589334488,30,collision,222,dagger,DAgger-relabel pretrained camera,checkpoint/closed_loop_teacher_camera_policy_light_v3d_t60_20260510_splitstem_dagger/camera_head_pretrained_best.pth
glare,0.0,1.0,0.0,1.6548116207122803,0.6313251852989197,0.9473958611488342,right,0.79319167137146,0.08874748647212982,0.1051991805434227,31,collision,223,dagger,DAgger-relabel pretrained camera,checkpoint/closed_loop_teacher_camera_policy_light_v3d_t60_20260510_splitstem_dagger/camera_head_pretrained_best.pth
glare,0.0,1.0,0.0,1.775593876838684,0.6111997961997986,0.9528067708015442,far_right,0.7846776247024536,0.09415415674448013,0.11096101254224777,31,collision,224,dagger,DAgger-relabel pretrained camera,checkpoint/closed_loop_teacher_camera_policy_light_v3d_t60_20260510_splitstem_dagger/camera_head_pretrained_best.pth
glare,0.0,1.0,0.0,1.7365138530731201,0.6793666481971741,0.9420385360717773,right,0.8270859718322754,0.09398364275693893,0.10416481643915176,28,collision,225,dagger,DAgger-relabel pretrained camera,checkpoint/closed_loop_teacher_camera_policy_light_v3d_t60_20260510_splitstem_dagger/camera_head_pretrained_best.pth
glare,0.0,1.0,0.0,1.8200396299362183,0.636233389377594,0.9456567168235779,far_right,0.7928242087364197,0.093480184674263,0.10816061496734619,30,collision,226,dagger,DAgger-relabel pretrained camera,checkpoint/closed_loop_teacher_camera_policy_light_v3d_t60_20260510_splitstem_dagger/camera_head_pretrained_best.pth
glare,0.0,1.0,0.0,1.7368648052215576,0.5689225196838379,0.9509503245353699,far_left,0.7712984681129456,0.10387908667325974,0.12304063141345978,33,collision,227,dagger,DAgger-relabel pretrained camera,checkpoint/closed_loop_teacher_camera_policy_light_v3d_t60_20260510_splitstem_dagger/camera_head_pretrained_best.pth
glare,0.0,1.0,0.0,1.678067922592163,0.6566978693008423,0.9543322920799255,right,0.7915378212928772,0.09311237931251526,0.11120221763849258,30,collision,228,dagger,DAgger-relabel pretrained camera,checkpoint/closed_loop_teacher_camera_policy_light_v3d_t60_20260510_splitstem_dagger/camera_head_pretrained_best.pth
glare,0.0,1.0,0.0,1.7143378257751465,0.6468596458435059,0.9492652416229248,right,0.7974051237106323,0.09436457604169846,0.1109662875533104,29,collision,229,dagger,DAgger-relabel pretrained camera,checkpoint/closed_loop_teacher_camera_policy_light_v3d_t60_20260510_splitstem_dagger/camera_head_pretrained_best.pth
glare,0.0,1.0,0.0,1.7718944549560547,0.6859246492385864,0.8684895038604736,left,0.7692108154296875,0.1901373267173767,0.20009036362171173,26,collision,230,dagger,DAgger-relabel pretrained camera,checkpoint/closed_loop_teacher_camera_policy_light_v3d_t60_20260510_splitstem_dagger/camera_head_pretrained_best.pth
glare,0.0,1.0,0.0,1.765393614768982,0.6017941236495972,0.9500718116760254,far_left,0.7749434113502502,0.10368172079324722,0.12057281285524368,30,collision,231,dagger,DAgger-relabel pretrained camera,checkpoint/closed_loop_teacher_camera_policy_light_v3d_t60_20260510_splitstem_dagger/camera_head_pretrained_best.pth
glare,0.0,1.0,0.0,1.7439255714416504,0.658790111541748,0.6548535823822021,left,0.7536582946777344,0.3771159052848816,0.3906908929347992,24,collision,232,dagger,DAgger-relabel pretrained camera,checkpoint/closed_loop_teacher_camera_policy_light_v3d_t60_20260510_splitstem_dagger/camera_head_pretrained_best.pth
glare,0.0,1.0,0.0,1.7395799160003662,0.565306544303894,0.9536056518554688,far_left,0.7670374512672424,0.10158980637788773,0.12112431973218918,32,collision,233,dagger,DAgger-relabel pretrained camera,checkpoint/closed_loop_teacher_camera_policy_light_v3d_t60_20260510_splitstem_dagger/camera_head_pretrained_best.pth
glare,0.0,1.0,0.0,1.8035686016082764,0.6477560997009277,0.9488645195960999,far_right,0.7895175218582153,0.0945507138967514,0.11082755774259567,30,collision,234,dagger,DAgger-relabel pretrained camera,checkpoint/closed_loop_teacher_camera_policy_light_v3d_t60_20260510_splitstem_dagger/camera_head_pretrained_best.pth
glare,0.0,1.0,0.0,1.6962379217147827,0.6964878439903259,0.942909836769104,right,0.8236145377159119,0.0916910246014595,0.10168640315532684,29,collision,235,dagger,DAgger-relabel pretrained camera,checkpoint/closed_loop_teacher_camera_policy_light_v3d_t60_20260510_splitstem_dagger/camera_head_pretrained_best.pth
glare,0.0,1.0,0.0,1.784978985786438,0.6209880113601685,0.9488246440887451,far_right,0.7924579977989197,0.09459509700536728,0.10949847847223282,30,collision,236,dagger,DAgger-relabel pretrained camera,checkpoint/closed_loop_teacher_camera_policy_light_v3d_t60_20260510_splitstem_dagger/camera_head_pretrained_best.pth
glare,1.0,0.0,1.0,0.26876550912857056,0.6189962029457092,0.9756776690483093,right,0.6723834276199341,0.2565128803253174,0.261874258518219,60,timeout,237,dagger,DAgger-relabel pretrained camera,checkpoint/closed_loop_teacher_camera_policy_light_v3d_t60_20260510_splitstem_dagger/camera_head_pretrained_best.pth
glare,0.0,1.0,0.0,1.7347793579101562,0.6391502022743225,0.9507834315299988,far_left,0.7916907072067261,0.09992088377475739,0.11688436567783356,28,collision,238,dagger,DAgger-relabel pretrained camera,checkpoint/closed_loop_teacher_camera_policy_light_v3d_t60_20260510_splitstem_dagger/camera_head_pretrained_best.pth
glare,0.0,1.0,0.0,1.810141921043396,0.6481413841247559,0.9474248886108398,far_right,0.7987055778503418,0.08926428854465485,0.10361853241920471,31,collision,239,dagger,DAgger-relabel pretrained camera,checkpoint/closed_loop_teacher_camera_policy_light_v3d_t60_20260510_splitstem_dagger/camera_head_pretrained_best.pth
glare,0.0,1.0,0.0,1.7687311172485352,0.644271194934845,0.9525463581085205,far_right,0.7860274910926819,0.09371937066316605,0.1115199476480484,31,collision,240,dagger,DAgger-relabel pretrained camera,checkpoint/closed_loop_teacher_camera_policy_light_v3d_t60_20260510_splitstem_dagger/camera_head_pretrained_best.pth
glare,0.0,1.0,0.0,1.764777660369873,0.6243361830711365,0.9567651748657227,far_right,0.7836698889732361,0.09203677624464035,0.10883931070566177,32,collision,241,dagger,DAgger-relabel pretrained camera,checkpoint/closed_loop_teacher_camera_policy_light_v3d_t60_20260510_splitstem_dagger/camera_head_pretrained_best.pth
glare,0.0,1.0,0.0,1.7573052644729614,0.6635372638702393,0.9467393159866333,far_right,0.809307873249054,0.08933156728744507,0.10192150622606277,30,collision,242,dagger,DAgger-relabel pretrained camera,checkpoint/closed_loop_teacher_camera_policy_light_v3d_t60_20260510_splitstem_dagger/camera_head_pretrained_best.pth
glare,0.0,1.0,0.0,1.7718998193740845,0.6063937544822693,0.9511294364929199,far_left,0.7757237553596497,0.1016879752278328,0.11823726445436478,30,collision,243,dagger,DAgger-relabel pretrained camera,checkpoint/closed_loop_teacher_camera_policy_light_v3d_t60_20260510_splitstem_dagger/camera_head_pretrained_best.pth
glare,0.0,1.0,0.0,1.737951397895813,0.6238301396369934,0.9432321786880493,right,0.8276235461235046,0.09029258787631989,0.09887512028217316,30,collision,244,dagger,DAgger-relabel pretrained camera,checkpoint/closed_loop_teacher_camera_policy_light_v3d_t60_20260510_splitstem_dagger/camera_head_pretrained_best.pth
glare,0.0,1.0,0.0,1.729724407196045,0.6993932127952576,0.8574363589286804,left,0.7654141187667847,0.20599018037319183,0.2165582925081253,26,collision,245,dagger,DAgger-relabel pretrained camera,checkpoint/closed_loop_teacher_camera_policy_light_v3d_t60_20260510_splitstem_dagger/camera_head_pretrained_best.pth
glare,0.0,1.0,0.0,1.735207200050354,0.6626113653182983,0.9457036256790161,right,0.8101073503494263,0.09426183253526688,0.10739334672689438,28,collision,246,dagger,DAgger-relabel pretrained camera,checkpoint/closed_loop_teacher_camera_policy_light_v3d_t60_20260510_splitstem_dagger/camera_head_pretrained_best.pth
glare,0.0,1.0,0.0,1.8203917741775513,0.6112973690032959,0.9498697519302368,far_right,0.7908259630203247,0.08649296313524246,0.10201938450336456,33,collision,247,dagger,DAgger-relabel pretrained camera,checkpoint/closed_loop_teacher_camera_policy_light_v3d_t60_20260510_splitstem_dagger/camera_head_pretrained_best.pth
glare,0.0,1.0,0.0,1.7768479585647583,0.6393836140632629,0.9463252425193787,far_right,0.8307622671127319,0.0895305946469307,0.09891748428344727,30,collision,248,dagger,DAgger-relabel pretrained camera,checkpoint/closed_loop_teacher_camera_policy_light_v3d_t60_20260510_splitstem_dagger/camera_head_pretrained_best.pth
glare,0.0,1.0,0.0,1.8260399103164673,0.6693877577781677,0.9507327079772949,far_right,0.7847558856010437,0.09902838617563248,0.11602877080440521,29,collision,249,dagger,DAgger-relabel pretrained camera,checkpoint/closed_loop_teacher_camera_policy_light_v3d_t60_20260510_splitstem_dagger/camera_head_pretrained_best.pth
glare,0.0,1.0,0.0,1.7572314739227295,0.6692920327186584,0.9220920205116272,left,0.7879698872566223,0.1218661367893219,0.13422563672065735,27,collision,250,dagger,DAgger-relabel pretrained camera,checkpoint/closed_loop_teacher_camera_policy_light_v3d_t60_20260510_splitstem_dagger/camera_head_pretrained_best.pth
glare,0.0,1.0,0.0,1.7535512447357178,0.6848517060279846,0.6655722260475159,left,0.7683261632919312,0.37123212218284607,0.37997952103614807,24,collision,251,dagger,DAgger-relabel pretrained camera,checkpoint/closed_loop_teacher_camera_policy_light_v3d_t60_20260510_splitstem_dagger/camera_head_pretrained_best.pth
glare,0.0,1.0,0.0,1.7809765338897705,0.6854852437973022,0.6607538461685181,left,0.7562941908836365,0.36996936798095703,0.3868652582168579,24,collision,252,dagger,DAgger-relabel pretrained camera,checkpoint/closed_loop_teacher_camera_policy_light_v3d_t60_20260510_splitstem_dagger/camera_head_pretrained_best.pth
glare,1.0,0.0,1.0,0.24352619051933289,0.6175458431243896,0.9725815057754517,right,0.6790738105773926,0.25492405891418457,0.25836455821990967,60,timeout,253,dagger,DAgger-relabel pretrained camera,checkpoint/closed_loop_teacher_camera_policy_light_v3d_t60_20260510_splitstem_dagger/camera_head_pretrained_best.pth
glare,0.0,1.0,0.0,1.754573106765747,0.5792759656906128,0.9470187425613403,far_left,0.7956048250198364,0.09316516667604446,0.10832013934850693,30,collision,254,dagger,DAgger-relabel pretrained camera,checkpoint/closed_loop_teacher_camera_policy_light_v3d_t60_20260510_splitstem_dagger/camera_head_pretrained_best.pth
glare,0.0,1.0,0.0,1.7372993230819702,0.6166061758995056,0.9478495717048645,far_left,0.7902784943580627,0.09682074934244156,0.11218056082725525,29,collision,255,dagger,DAgger-relabel pretrained camera,checkpoint/closed_loop_teacher_camera_policy_light_v3d_t60_20260510_splitstem_dagger/camera_head_pretrained_best.pth
glare,0.0,1.0,0.0,1.73697829246521,0.6448084115982056,0.9524714946746826,right,0.7928973436355591,0.09285471588373184,0.11039549112319946,30,collision,256,dagger,DAgger-relabel pretrained camera,checkpoint/closed_loop_teacher_camera_policy_light_v3d_t60_20260510_splitstem_dagger/camera_head_pretrained_best.pth
glare,0.0,1.0,0.0,1.7448352575302124,0.6495183110237122,0.939428985118866,left,0.8002010583877563,0.10532602667808533,0.11651109904050827,28,collision,257,dagger,DAgger-relabel pretrained camera,checkpoint/closed_loop_teacher_camera_policy_light_v3d_t60_20260510_splitstem_dagger/camera_head_pretrained_best.pth
glare,0.0,1.0,0.0,1.6979936361312866,0.6556320786476135,0.9481312036514282,right,0.8056015372276306,0.09021538496017456,0.10673001408576965,30,collision,258,dagger,DAgger-relabel pretrained camera,checkpoint/closed_loop_teacher_camera_policy_light_v3d_t60_20260510_splitstem_dagger/camera_head_pretrained_best.pth
glare,0.0,1.0,0.0,1.7759003639221191,0.5891205072402954,0.9509018659591675,far_left,0.7750276327133179,0.09986656904220581,0.11777591705322266,31,collision,259,dagger,DAgger-relabel pretrained camera,checkpoint/closed_loop_teacher_camera_policy_light_v3d_t60_20260510_splitstem_dagger/camera_head_pretrained_best.pth
glare,1.0,0.0,1.0,0.2114163190126419,0.6397906541824341,0.9731650352478027,right,0.6932776570320129,0.24716816842556,0.25006160140037537,60,timeout,260,dagger,DAgger-relabel pretrained camera,checkpoint/closed_loop_teacher_camera_policy_light_v3d_t60_20260510_splitstem_dagger/camera_head_pretrained_best.pth
glare,0.0,1.0,0.0,1.7287261486053467,0.5913923978805542,0.9496913552284241,far_left,0.7741484642028809,0.1014019101858139,0.11996734142303467,31,collision,261,dagger,DAgger-relabel pretrained camera,checkpoint/closed_loop_teacher_camera_policy_light_v3d_t60_20260510_splitstem_dagger/camera_head_pretrained_best.pth
glare,0.0,1.0,0.0,1.7453372478485107,0.5708783268928528,0.9466192126274109,far_left,0.801406979560852,0.09060078859329224,0.10275155305862427,32,collision,262,dagger,DAgger-relabel pretrained camera,checkpoint/closed_loop_teacher_camera_policy_light_v3d_t60_20260510_splitstem_dagger/camera_head_pretrained_best.pth
glare,0.0,1.0,0.0,1.7649617195129395,0.6254701018333435,0.9504003524780273,far_right,0.7886496782302856,0.09206288307905197,0.10877625644207001,31,collision,263,dagger,DAgger-relabel pretrained camera,checkpoint/closed_loop_teacher_camera_policy_light_v3d_t60_20260510_splitstem_dagger/camera_head_pretrained_best.pth
glare,0.0,1.0,0.0,1.7891206741333008,0.6513075232505798,0.9478095173835754,far_right,0.7908656001091003,0.09937793016433716,0.11265170574188232,28,collision,264,dagger,DAgger-relabel pretrained camera,checkpoint/closed_loop_teacher_camera_policy_light_v3d_t60_20260510_splitstem_dagger/camera_head_pretrained_best.pth
glare,0.0,1.0,0.0,1.7441198825836182,0.5623259544372559,0.9530829191207886,far_left,0.7641421556472778,0.10309768468141556,0.12371712177991867,32,collision,265,dagger,DAgger-relabel pretrained camera,checkpoint/closed_loop_teacher_camera_policy_light_v3d_t60_20260510_splitstem_dagger/camera_head_pretrained_best.pth
glare,0.0,1.0,0.0,1.764656662940979,0.6428683400154114,0.9403100609779358,far_left,0.7954152226448059,0.1033194288611412,0.11678431928157806,27,collision,266,dagger,DAgger-relabel pretrained camera,checkpoint/closed_loop_teacher_camera_policy_light_v3d_t60_20260510_splitstem_dagger/camera_head_pretrained_best.pth
glare,0.0,1.0,0.0,1.7649589776992798,0.5981771349906921,0.9471085071563721,far_left,0.7867815494537354,0.09871163964271545,0.11486958712339401,30,collision,267,dagger,DAgger-relabel pretrained camera,checkpoint/closed_loop_teacher_camera_policy_light_v3d_t60_20260510_splitstem_dagger/camera_head_pretrained_best.pth
glare,0.0,1.0,0.0,1.7856091260910034,0.5855861306190491,0.9473329782485962,far_left,0.7869871854782104,0.09771055728197098,0.11329174041748047,30,collision,268,dagger,DAgger-relabel pretrained camera,checkpoint/closed_loop_teacher_camera_policy_light_v3d_t60_20260510_splitstem_dagger/camera_head_pretrained_best.pth
glare,0.0,1.0,0.0,1.7740052938461304,0.6386889815330505,0.9371517300605774,left,0.7984501719474792,0.09883219003677368,0.11368654668331146,28,collision,269,dagger,DAgger-relabel pretrained camera,checkpoint/closed_loop_teacher_camera_policy_light_v3d_t60_20260510_splitstem_dagger/camera_head_pretrained_best.pth
glare,0.0,1.0,0.0,1.7642766237258911,0.5943074822425842,0.933224618434906,left,0.7945950627326965,0.1044326201081276,0.1126631498336792,30,collision,270,dagger,DAgger-relabel pretrained camera,checkpoint/closed_loop_teacher_camera_policy_light_v3d_t60_20260510_splitstem_dagger/camera_head_pretrained_best.pth
glare,0.0,1.0,0.0,1.7575829029083252,0.6803087592124939,0.9426279664039612,far_right,0.8034813404083252,0.09593792259693146,0.10762251913547516,28,collision,271,dagger,DAgger-relabel pretrained camera,checkpoint/closed_loop_teacher_camera_policy_light_v3d_t60_20260510_splitstem_dagger/camera_head_pretrained_best.pth
glare,0.0,1.0,0.0,1.747322916984558,0.6433032155036926,0.934249997138977,left,0.7930667400360107,0.09805145114660263,0.11252603679895401,29,collision,272,dagger,DAgger-relabel pretrained camera,checkpoint/closed_loop_teacher_camera_policy_light_v3d_t60_20260510_splitstem_dagger/camera_head_pretrained_best.pth
glare,0.0,1.0,0.0,1.8080800771713257,0.6538084745407104,0.9468611478805542,far_right,0.7909937500953674,0.0997207909822464,0.1135416030883789,28,collision,273,dagger,DAgger-relabel pretrained camera,checkpoint/closed_loop_teacher_camera_policy_light_v3d_t60_20260510_splitstem_dagger/camera_head_pretrained_best.pth
glare,0.0,1.0,0.0,1.776872992515564,0.6233769059181213,0.938560962677002,far_left,0.793289065361023,0.09992314130067825,0.11226904392242432,28,collision,274,dagger,DAgger-relabel pretrained camera,checkpoint/closed_loop_teacher_camera_policy_light_v3d_t60_20260510_splitstem_dagger/camera_head_pretrained_best.pth
glare,0.0,1.0,0.0,1.7949992418289185,0.6505045294761658,0.943072497844696,far_right,0.7909728288650513,0.09129413962364197,0.10580125451087952,30,collision,275,dagger,DAgger-relabel pretrained camera,checkpoint/closed_loop_teacher_camera_policy_light_v3d_t60_20260510_splitstem_dagger/camera_head_pretrained_best.pth
glare,0.0,1.0,0.0,1.7703841924667358,0.6044186353683472,0.9442172050476074,far_left,0.8073477149009705,0.09490398317575455,0.10567061603069305,29,collision,276,dagger,DAgger-relabel pretrained camera,checkpoint/closed_loop_teacher_camera_policy_light_v3d_t60_20260510_splitstem_dagger/camera_head_pretrained_best.pth
glare,0.0,1.0,0.0,1.807955265045166,0.6575546264648438,0.9400820136070251,far_right,0.8148949146270752,0.09843507409095764,0.10860615223646164,27,collision,277,dagger,DAgger-relabel pretrained camera,checkpoint/closed_loop_teacher_camera_policy_light_v3d_t60_20260510_splitstem_dagger/camera_head_pretrained_best.pth
glare,0.0,1.0,0.0,1.7875638008117676,0.6711533665657043,0.9377894401550293,far_right,0.823388934135437,0.09921671450138092,0.10716909170150757,27,collision,278,dagger,DAgger-relabel pretrained camera,checkpoint/closed_loop_teacher_camera_policy_light_v3d_t60_20260510_splitstem_dagger/camera_head_pretrained_best.pth
glare,0.0,1.0,0.0,1.7574198246002197,0.6898916959762573,0.9247338175773621,left,0.7969964146614075,0.10722982883453369,0.11608380824327469,26,collision,279,dagger,DAgger-relabel pretrained camera,checkpoint/closed_loop_teacher_camera_policy_light_v3d_t60_20260510_splitstem_dagger/camera_head_pretrained_best.pth
glare,0.0,1.0,0.0,1.7430174350738525,0.6613532304763794,0.9399706125259399,right,0.7999624609947205,0.09933730959892273,0.1137189045548439,27,collision,280,dagger,DAgger-relabel pretrained camera,checkpoint/closed_loop_teacher_camera_policy_light_v3d_t60_20260510_splitstem_dagger/camera_head_pretrained_best.pth
glare,0.0,1.0,0.0,1.763667106628418,0.6142138838768005,0.9330771565437317,left,0.7994802594184875,0.10436885803937912,0.11230156570672989,29,collision,281,dagger,DAgger-relabel pretrained camera,checkpoint/closed_loop_teacher_camera_policy_light_v3d_t60_20260510_splitstem_dagger/camera_head_pretrained_best.pth
glare,0.0,1.0,0.0,1.7509806156158447,0.6188107132911682,0.9498168230056763,far_right,0.8034448027610779,0.08778101950883865,0.10163039714097977,31,collision,282,dagger,DAgger-relabel pretrained camera,checkpoint/closed_loop_teacher_camera_policy_light_v3d_t60_20260510_splitstem_dagger/camera_head_pretrained_best.pth
glare,0.0,1.0,0.0,1.783212661743164,0.6172741651535034,0.9442748427391052,far_left,0.7928272485733032,0.09514166414737701,0.10991722345352173,30,collision,283,dagger,DAgger-relabel pretrained camera,checkpoint/closed_loop_teacher_camera_policy_light_v3d_t60_20260510_splitstem_dagger/camera_head_pretrained_best.pth
glare,0.0,1.0,0.0,1.7619928121566772,0.6482593417167664,0.9220464825630188,left,0.7926819920539856,0.11096800863742828,0.12149190157651901,28,collision,284,dagger,DAgger-relabel pretrained camera,checkpoint/closed_loop_teacher_camera_policy_light_v3d_t60_20260510_splitstem_dagger/camera_head_pretrained_best.pth
glare,0.0,1.0,0.0,1.773737907409668,0.6729742288589478,0.9444238543510437,far_right,0.7903155088424683,0.09636691957712173,0.11235357075929642,29,collision,285,dagger,DAgger-relabel pretrained camera,checkpoint/closed_loop_teacher_camera_policy_light_v3d_t60_20260510_splitstem_dagger/camera_head_pretrained_best.pth
glare,0.0,1.0,0.0,1.709302306175232,0.6725673079490662,0.9505529999732971,right,0.795625627040863,0.09734492748975754,0.11456645280122757,28,collision,286,dagger,DAgger-relabel pretrained camera,checkpoint/closed_loop_teacher_camera_policy_light_v3d_t60_20260510_splitstem_dagger/camera_head_pretrained_best.pth
glare,0.0,1.0,0.0,1.7506235837936401,0.5676981806755066,0.949236273765564,far_left,0.7896137833595276,0.09466072171926498,0.10908951610326767,34,collision,287,dagger,DAgger-relabel pretrained camera,checkpoint/closed_loop_teacher_camera_policy_light_v3d_t60_20260510_splitstem_dagger/camera_head_pretrained_best.pth
glare,0.0,1.0,0.0,1.753526210784912,0.6321097612380981,0.9381805658340454,left,0.793603241443634,0.10097895562648773,0.11522851884365082,28,collision,288,dagger,DAgger-relabel pretrained camera,checkpoint/closed_loop_teacher_camera_policy_light_v3d_t60_20260510_splitstem_dagger/camera_head_pretrained_best.pth
glare,0.0,1.0,0.0,1.7502821683883667,0.6298316121101379,0.9512342214584351,far_right,0.7898992896080017,0.09442819654941559,0.10937666147947311,30,collision,289,dagger,DAgger-relabel pretrained camera,checkpoint/closed_loop_teacher_camera_policy_light_v3d_t60_20260510_splitstem_dagger/camera_head_pretrained_best.pth
glare,0.0,1.0,0.0,1.6743803024291992,0.6441840529441833,0.9551794528961182,right,0.7903024554252625,0.0915437862277031,0.11053324490785599,31,collision,290,dagger,DAgger-relabel pretrained camera,checkpoint/closed_loop_teacher_camera_policy_light_v3d_t60_20260510_splitstem_dagger/camera_head_pretrained_best.pth
glare,0.0,1.0,0.0,1.7219593524932861,0.6452809572219849,0.9477720260620117,left,0.7955572605133057,0.10061094909906387,0.1160816177725792,28,collision,291,dagger,DAgger-relabel pretrained camera,checkpoint/closed_loop_teacher_camera_policy_light_v3d_t60_20260510_splitstem_dagger/camera_head_pretrained_best.pth
glare,0.0,1.0,0.0,1.7843974828720093,0.648303747177124,0.9506914019584656,right,0.7909803986549377,0.09651561081409454,0.1127609983086586,29,collision,292,dagger,DAgger-relabel pretrained camera,checkpoint/closed_loop_teacher_camera_policy_light_v3d_t60_20260510_splitstem_dagger/camera_head_pretrained_best.pth
glare,0.0,1.0,0.0,1.7735326290130615,0.6244851350784302,0.9333767890930176,left,0.8012062311172485,0.09653054177761078,0.1073472872376442,29,collision,293,dagger,DAgger-relabel pretrained camera,checkpoint/closed_loop_teacher_camera_policy_light_v3d_t60_20260510_splitstem_dagger/camera_head_pretrained_best.pth
glare,0.0,1.0,0.0,1.756825566291809,0.6547653675079346,0.9458591341972351,right,0.8050121665000916,0.09408395737409592,0.10709105432033539,28,collision,294,dagger,DAgger-relabel pretrained camera,checkpoint/closed_loop_teacher_camera_policy_light_v3d_t60_20260510_splitstem_dagger/camera_head_pretrained_best.pth
glare,1.0,0.0,1.0,0.10822241753339767,0.6464669704437256,0.972118616104126,right,0.6785170435905457,0.2601628601551056,0.26382148265838623,60,timeout,295,dagger,DAgger-relabel pretrained camera,checkpoint/closed_loop_teacher_camera_policy_light_v3d_t60_20260510_splitstem_dagger/camera_head_pretrained_best.pth
glare,0.0,1.0,0.0,1.7619634866714478,0.6901437640190125,0.819420337677002,left,0.7668454051017761,0.24251262843608856,0.25074502825737,25,collision,296,dagger,DAgger-relabel pretrained camera,checkpoint/closed_loop_teacher_camera_policy_light_v3d_t60_20260510_splitstem_dagger/camera_head_pretrained_best.pth
glare,0.0,1.0,0.0,1.7371686697006226,0.6196349263191223,0.9544849991798401,right,0.7923328876495361,0.09126986563205719,0.10900092869997025,31,collision,297,dagger,DAgger-relabel pretrained camera,checkpoint/closed_loop_teacher_camera_policy_light_v3d_t60_20260510_splitstem_dagger/camera_head_pretrained_best.pth
glare,0.0,1.0,0.0,1.766895055770874,0.588809072971344,0.9344916939735413,left,0.7945067286491394,0.10539376735687256,0.1119190901517868,30,collision,298,dagger,DAgger-relabel pretrained camera,checkpoint/closed_loop_teacher_camera_policy_light_v3d_t60_20260510_splitstem_dagger/camera_head_pretrained_best.pth
glare,0.0,1.0,0.0,1.7802228927612305,0.6306832432746887,0.9482423067092896,far_right,0.7904841899871826,0.09771925956010818,0.11228843778371811,29,collision,299,dagger,DAgger-relabel pretrained camera,checkpoint/closed_loop_teacher_camera_policy_light_v3d_t60_20260510_splitstem_dagger/camera_head_pretrained_best.pth
specular,0.0,1.0,0.0,1.6493141651153564,0.6459415555000305,0.9811863303184509,right,0.3781691789627075,0.40842321515083313,0.36316877603530884,26,collision,0,dagger,DAgger-relabel pretrained camera,checkpoint/closed_loop_teacher_camera_policy_light_v3d_t60_20260510_splitstem_dagger/camera_head_pretrained_best.pth
specular,0.0,1.0,0.0,1.7384976148605347,0.6353492736816406,0.9827604293823242,left,0.3761503994464874,0.3872043788433075,0.35712897777557373,26,collision,1,dagger,DAgger-relabel pretrained camera,checkpoint/closed_loop_teacher_camera_policy_light_v3d_t60_20260510_splitstem_dagger/camera_head_pretrained_best.pth
specular,0.0,1.0,0.0,1.7305223941802979,0.6268735527992249,0.9823552966117859,left,0.37375426292419434,0.3921644985675812,0.35822924971580505,26,collision,2,dagger,DAgger-relabel pretrained camera,checkpoint/closed_loop_teacher_camera_policy_light_v3d_t60_20260510_splitstem_dagger/camera_head_pretrained_best.pth
specular,0.0,1.0,0.0,1.7333430051803589,0.5911139249801636,0.984455406665802,far_left,0.3721560835838318,0.38805827498435974,0.3579613268375397,28,collision,3,dagger,DAgger-relabel pretrained camera,checkpoint/closed_loop_teacher_camera_policy_light_v3d_t60_20260510_splitstem_dagger/camera_head_pretrained_best.pth
specular,0.0,1.0,0.0,1.6921004056930542,0.6191582679748535,0.9846365451812744,right,0.3753220736980438,0.3904423415660858,0.361711323261261,27,collision,4,dagger,DAgger-relabel pretrained camera,checkpoint/closed_loop_teacher_camera_policy_light_v3d_t60_20260510_splitstem_dagger/camera_head_pretrained_best.pth
specular,1.0,0.0,1.0,0.08551868051290512,0.6327196955680847,0.9932026863098145,right,0.4370395839214325,0.42906492948532104,0.41426655650138855,60,timeout,5,dagger,DAgger-relabel pretrained camera,checkpoint/closed_loop_teacher_camera_policy_light_v3d_t60_20260510_splitstem_dagger/camera_head_pretrained_best.pth
specular,0.0,1.0,0.0,1.765081763267517,0.5744085311889648,0.9840244650840759,far_right,0.37671199440956116,0.3995437026023865,0.3649376630783081,27,collision,6,dagger,DAgger-relabel pretrained camera,checkpoint/closed_loop_teacher_camera_policy_light_v3d_t60_20260510_splitstem_dagger/camera_head_pretrained_best.pth
specular,0.0,1.0,0.0,1.7759530544281006,0.5915367007255554,0.9833216667175293,left,0.37541326880455017,0.3913915455341339,0.35760486125946045,26,collision,7,dagger,DAgger-relabel pretrained camera,checkpoint/closed_loop_teacher_camera_policy_light_v3d_t60_20260510_splitstem_dagger/camera_head_pretrained_best.pth
specular,0.0,1.0,0.0,1.7657362222671509,0.539713442325592,0.9853029251098633,far_left,0.37424957752227783,0.4030406177043915,0.3604353070259094,30,collision,8,dagger,DAgger-relabel pretrained camera,checkpoint/closed_loop_teacher_camera_policy_light_v3d_t60_20260510_splitstem_dagger/camera_head_pretrained_best.pth
specular,0.0,1.0,0.0,1.763597846031189,0.5849980115890503,0.9817430377006531,far_left,0.3742344081401825,0.4078403115272522,0.3627506196498871,27,collision,9,dagger,DAgger-relabel pretrained camera,checkpoint/closed_loop_teacher_camera_policy_light_v3d_t60_20260510_splitstem_dagger/camera_head_pretrained_best.pth
specular,0.0,1.0,0.0,1.711878776550293,0.6355646252632141,0.9815104603767395,right,0.37973347306251526,0.40647387504577637,0.36070716381073,26,collision,10,dagger,DAgger-relabel pretrained camera,checkpoint/closed_loop_teacher_camera_policy_light_v3d_t60_20260510_splitstem_dagger/camera_head_pretrained_best.pth
specular,0.0,1.0,0.0,1.7379324436187744,0.6165065169334412,0.9839466214179993,right,0.3769303560256958,0.3873732089996338,0.36201775074005127,27,collision,11,dagger,DAgger-relabel pretrained camera,checkpoint/closed_loop_teacher_camera_policy_light_v3d_t60_20260510_splitstem_dagger/camera_head_pretrained_best.pth
specular,0.0,1.0,0.0,1.744556188583374,0.593174934387207,0.9845920205116272,right,0.3702702224254608,0.38669726252555847,0.3566233813762665,27,collision,12,dagger,DAgger-relabel pretrained camera,checkpoint/closed_loop_teacher_camera_policy_light_v3d_t60_20260510_splitstem_dagger/camera_head_pretrained_best.pth
specular,0.0,1.0,0.0,1.6595463752746582,0.6597269177436829,0.9812789559364319,right,0.38050341606140137,0.43787986040115356,0.3659726679325104,26,collision,13,dagger,DAgger-relabel pretrained camera,checkpoint/closed_loop_teacher_camera_policy_light_v3d_t60_20260510_splitstem_dagger/camera_head_pretrained_best.pth
specular,0.0,1.0,0.0,1.7773971557617188,0.5506170392036438,0.9832711219787598,far_left,0.3803291916847229,0.3921460807323456,0.353187620639801,28,collision,14,dagger,DAgger-relabel pretrained camera,checkpoint/closed_loop_teacher_camera_policy_light_v3d_t60_20260510_splitstem_dagger/camera_head_pretrained_best.pth
specular,0.0,1.0,0.0,1.740418791770935,0.5960929989814758,0.9832621812820435,left,0.37543416023254395,0.38901957869529724,0.3564178943634033,27,collision,15,dagger,DAgger-relabel pretrained camera,checkpoint/closed_loop_teacher_camera_policy_light_v3d_t60_20260510_splitstem_dagger/camera_head_pretrained_best.pth
specular,0.0,1.0,0.0,1.7236239910125732,0.5545237064361572,0.9849088191986084,far_right,0.38416042923927307,0.4019412398338318,0.3672245740890503,30,collision,16,dagger,DAgger-relabel pretrained camera,checkpoint/closed_loop_teacher_camera_policy_light_v3d_t60_20260510_splitstem_dagger/camera_head_pretrained_best.pth
specular,0.0,1.0,0.0,1.716058611869812,0.6311438679695129,0.9804808497428894,right,0.377517431974411,0.428749680519104,0.3645571172237396,25,collision,17,dagger,DAgger-relabel pretrained camera,checkpoint/closed_loop_teacher_camera_policy_light_v3d_t60_20260510_splitstem_dagger/camera_head_pretrained_best.pth
specular,0.0,1.0,0.0,1.7451064586639404,0.6028414964675903,0.9843806028366089,far_right,0.37652483582496643,0.3988286554813385,0.3639064431190491,27,collision,18,dagger,DAgger-relabel pretrained camera,checkpoint/closed_loop_teacher_camera_policy_light_v3d_t60_20260510_splitstem_dagger/camera_head_pretrained_best.pth
specular,1.0,0.0,1.0,0.1964748203754425,0.6444011330604553,0.9928843975067139,right,0.43946853280067444,0.43047598004341125,0.41629788279533386,60,timeout,19,dagger,DAgger-relabel pretrained camera,checkpoint/closed_loop_teacher_camera_policy_light_v3d_t60_20260510_splitstem_dagger/camera_head_pretrained_best.pth
specular,0.0,1.0,0.0,1.7595795392990112,0.5584319829940796,0.9854291081428528,far_right,0.384518563747406,0.40181979537010193,0.3720417320728302,29,collision,20,dagger,DAgger-relabel pretrained camera,checkpoint/closed_loop_teacher_camera_policy_light_v3d_t60_20260510_splitstem_dagger/camera_head_pretrained_best.pth
specular,0.0,1.0,0.0,1.7687615156173706,0.5748876929283142,0.9846590161323547,far_left,0.3719174861907959,0.3905561864376068,0.35884878039360046,28,collision,21,dagger,DAgger-relabel pretrained camera,checkpoint/closed_loop_teacher_camera_policy_light_v3d_t60_20260510_splitstem_dagger/camera_head_pretrained_best.pth
specular,0.0,1.0,0.0,1.7699382305145264,0.596049427986145,0.9828076362609863,right,0.3765394687652588,0.3870614469051361,0.35684534907341003,25,collision,22,dagger,DAgger-relabel pretrained camera,checkpoint/closed_loop_teacher_camera_policy_light_v3d_t60_20260510_splitstem_dagger/camera_head_pretrained_best.pth
specular,0.0,1.0,0.0,1.6971309185028076,0.6130997538566589,0.9840301275253296,right,0.37334978580474854,0.3891936242580414,0.35976260900497437,27,collision,23,dagger,DAgger-relabel pretrained camera,checkpoint/closed_loop_teacher_camera_policy_light_v3d_t60_20260510_splitstem_dagger/camera_head_pretrained_best.pth
specular,0.0,1.0,0.0,1.7602500915527344,0.5918912291526794,0.9825907349586487,far_right,0.38531798124313354,0.4126758277416229,0.36897990107536316,28,collision,24,dagger,DAgger-relabel pretrained camera,checkpoint/closed_loop_teacher_camera_policy_light_v3d_t60_20260510_splitstem_dagger/camera_head_pretrained_best.pth
specular,0.0,1.0,0.0,1.7734975814819336,0.628790020942688,0.982326328754425,far_right,0.374637633562088,0.3960314989089966,0.3590593636035919,26,collision,25,dagger,DAgger-relabel pretrained camera,checkpoint/closed_loop_teacher_camera_policy_light_v3d_t60_20260510_splitstem_dagger/camera_head_pretrained_best.pth
specular,0.0,1.0,0.0,1.7722653150558472,0.6074923872947693,0.9827604293823242,far_right,0.374184250831604,0.3977961540222168,0.3650001585483551,26,collision,26,dagger,DAgger-relabel pretrained camera,checkpoint/closed_loop_teacher_camera_policy_light_v3d_t60_20260510_splitstem_dagger/camera_head_pretrained_best.pth
specular,0.0,1.0,0.0,1.7412447929382324,0.5950343012809753,0.9842249751091003,far_right,0.37706685066223145,0.40023350715637207,0.36589136719703674,28,collision,27,dagger,DAgger-relabel pretrained camera,checkpoint/closed_loop_teacher_camera_policy_light_v3d_t60_20260510_splitstem_dagger/camera_head_pretrained_best.pth
specular,0.0,1.0,0.0,1.776476263999939,0.6070747971534729,0.9808969497680664,right,0.38709989190101624,0.42457315325737,0.3644160330295563,26,collision,28,dagger,DAgger-relabel pretrained camera,checkpoint/closed_loop_teacher_camera_policy_light_v3d_t60_20260510_splitstem_dagger/camera_head_pretrained_best.pth
specular,0.0,1.0,0.0,1.7150070667266846,0.610622227191925,0.9838352799415588,left,0.380016565322876,0.39735305309295654,0.3626716732978821,27,collision,29,dagger,DAgger-relabel pretrained camera,checkpoint/closed_loop_teacher_camera_policy_light_v3d_t60_20260510_splitstem_dagger/camera_head_pretrained_best.pth
specular,0.0,1.0,0.0,1.7366188764572144,0.5910776257514954,0.9842303395271301,far_left,0.36948487162590027,0.39403533935546875,0.35513511300086975,28,collision,30,dagger,DAgger-relabel pretrained camera,checkpoint/closed_loop_teacher_camera_policy_light_v3d_t60_20260510_splitstem_dagger/camera_head_pretrained_best.pth
specular,0.0,1.0,0.0,1.7364712953567505,0.627219557762146,0.9814178347587585,right,0.37758734822273254,0.4059310555458069,0.3580591082572937,26,collision,31,dagger,DAgger-relabel pretrained camera,checkpoint/closed_loop_teacher_camera_policy_light_v3d_t60_20260510_splitstem_dagger/camera_head_pretrained_best.pth
specular,0.0,1.0,0.0,1.7240628004074097,0.5927883982658386,0.9844393134117126,far_right,0.37386438250541687,0.3916887044906616,0.36464858055114746,28,collision,32,dagger,DAgger-relabel pretrained camera,checkpoint/closed_loop_teacher_camera_policy_light_v3d_t60_20260510_splitstem_dagger/camera_head_pretrained_best.pth
specular,0.0,1.0,0.0,1.7225645780563354,0.6130477786064148,0.9826834201812744,left,0.37849345803260803,0.4003261625766754,0.35688209533691406,27,collision,33,dagger,DAgger-relabel pretrained camera,checkpoint/closed_loop_teacher_camera_policy_light_v3d_t60_20260510_splitstem_dagger/camera_head_pretrained_best.pth
specular,0.0,1.0,0.0,1.7625441551208496,0.6223354339599609,0.9827198386192322,far_right,0.37490442395210266,0.39614829421043396,0.3638337552547455,26,collision,34,dagger,DAgger-relabel pretrained camera,checkpoint/closed_loop_teacher_camera_policy_light_v3d_t60_20260510_splitstem_dagger/camera_head_pretrained_best.pth
specular,0.0,1.0,0.0,1.7557629346847534,0.615041196346283,0.9815220236778259,far_left,0.3713721036911011,0.39520779252052307,0.3578170835971832,26,collision,35,dagger,DAgger-relabel pretrained camera,checkpoint/closed_loop_teacher_camera_policy_light_v3d_t60_20260510_splitstem_dagger/camera_head_pretrained_best.pth
specular,0.0,1.0,0.0,1.7716881036758423,0.6175734996795654,0.984074056148529,far_right,0.3752918243408203,0.3957257866859436,0.36110544204711914,26,collision,36,dagger,DAgger-relabel pretrained camera,checkpoint/closed_loop_teacher_camera_policy_light_v3d_t60_20260510_splitstem_dagger/camera_head_pretrained_best.pth
specular,0.0,1.0,0.0,1.725171685218811,0.6346054077148438,0.9820833206176758,left,0.37480857968330383,0.3980950713157654,0.357185423374176,26,collision,37,dagger,DAgger-relabel pretrained camera,checkpoint/closed_loop_teacher_camera_policy_light_v3d_t60_20260510_splitstem_dagger/camera_head_pretrained_best.pth
specular,0.0,1.0,0.0,1.729722261428833,0.6247857809066772,0.9841029644012451,left,0.3792772591114044,0.3937130570411682,0.3634514808654785,26,collision,38,dagger,DAgger-relabel pretrained camera,checkpoint/closed_loop_teacher_camera_policy_light_v3d_t60_20260510_splitstem_dagger/camera_head_pretrained_best.pth
specular,0.0,1.0,0.0,1.7520304918289185,0.6018005609512329,0.981887698173523,far_left,0.3742462396621704,0.398831307888031,0.35995471477508545,27,collision,39,dagger,DAgger-relabel pretrained camera,checkpoint/closed_loop_teacher_camera_policy_light_v3d_t60_20260510_splitstem_dagger/camera_head_pretrained_best.pth
specular,0.0,1.0,0.0,1.7427549362182617,0.6192892789840698,0.9817129373550415,far_left,0.37378260493278503,0.39212340116500854,0.35793378949165344,26,collision,40,dagger,DAgger-relabel pretrained camera,checkpoint/closed_loop_teacher_camera_policy_light_v3d_t60_20260510_splitstem_dagger/camera_head_pretrained_best.pth
specular,0.0,1.0,0.0,1.776996374130249,0.6249806880950928,0.9830970764160156,left,0.38236963748931885,0.38613831996917725,0.3540577292442322,25,collision,41,dagger,DAgger-relabel pretrained camera,checkpoint/closed_loop_teacher_camera_policy_light_v3d_t60_20260510_splitstem_dagger/camera_head_pretrained_best.pth
specular,0.0,1.0,0.0,1.7651244401931763,0.5879169702529907,0.9837266206741333,far_right,0.37940582633018494,0.39740660786628723,0.3629712760448456,28,collision,42,dagger,DAgger-relabel pretrained camera,checkpoint/closed_loop_teacher_camera_policy_light_v3d_t60_20260510_splitstem_dagger/camera_head_pretrained_best.pth
specular,0.0,1.0,0.0,1.7198164463043213,0.5863125920295715,0.9841746687889099,far_right,0.3741473853588104,0.39819028973579407,0.3651295304298401,27,collision,43,dagger,DAgger-relabel pretrained camera,checkpoint/closed_loop_teacher_camera_policy_light_v3d_t60_20260510_splitstem_dagger/camera_head_pretrained_best.pth
specular,0.0,1.0,0.0,1.7112183570861816,0.6248813271522522,0.9846978187561035,right,0.372514009475708,0.38101908564567566,0.35721418261528015,27,collision,44,dagger,DAgger-relabel pretrained camera,checkpoint/closed_loop_teacher_camera_policy_light_v3d_t60_20260510_splitstem_dagger/camera_head_pretrained_best.pth
specular,0.0,1.0,0.0,1.7060213088989258,0.6335444450378418,0.9835129976272583,left,0.38059014081954956,0.3950234055519104,0.36332497000694275,25,collision,45,dagger,DAgger-relabel pretrained camera,checkpoint/closed_loop_teacher_camera_policy_light_v3d_t60_20260510_splitstem_dagger/camera_head_pretrained_best.pth
specular,0.0,1.0,0.0,1.7260751724243164,0.6229228973388672,0.9788830280303955,far_right,0.4152070879936218,0.3544487953186035,0.3212810456752777,26,collision,46,dagger,DAgger-relabel pretrained camera,checkpoint/closed_loop_teacher_camera_policy_light_v3d_t60_20260510_splitstem_dagger/camera_head_pretrained_best.pth
specular,0.0,1.0,0.0,1.719185471534729,0.6247221231460571,0.9820833206176758,right,0.37084731459617615,0.38908031582832336,0.35739952325820923,26,collision,47,dagger,DAgger-relabel pretrained camera,checkpoint/closed_loop_teacher_camera_policy_light_v3d_t60_20260510_splitstem_dagger/camera_head_pretrained_best.pth
specular,0.0,1.0,0.0,1.7529851198196411,0.6075705885887146,0.9824830889701843,far_left,0.3715391755104065,0.39553210139274597,0.35623666644096375,27,collision,48,dagger,DAgger-relabel pretrained camera,checkpoint/closed_loop_teacher_camera_policy_light_v3d_t60_20260510_splitstem_dagger/camera_head_pretrained_best.pth
specular,0.0,1.0,0.0,1.7571486234664917,0.5940543413162231,0.9842838644981384,far_left,0.3702404499053955,0.39320826530456543,0.35607007145881653,28,collision,49,dagger,DAgger-relabel pretrained camera,checkpoint/closed_loop_teacher_camera_policy_light_v3d_t60_20260510_splitstem_dagger/camera_head_pretrained_best.pth
specular,0.0,1.0,0.0,1.7326245307922363,0.6190798878669739,0.9817014336585999,right,0.37936609983444214,0.40411376953125,0.36262479424476624,26,collision,50,dagger,DAgger-relabel pretrained camera,checkpoint/closed_loop_teacher_camera_policy_light_v3d_t60_20260510_splitstem_dagger/camera_head_pretrained_best.pth
specular,0.0,1.0,0.0,1.7161020040512085,0.6301454305648804,0.9828935265541077,far_right,0.37511348724365234,0.40340396761894226,0.3648618757724762,26,collision,51,dagger,DAgger-relabel pretrained camera,checkpoint/closed_loop_teacher_camera_policy_light_v3d_t60_20260510_splitstem_dagger/camera_head_pretrained_best.pth
specular,0.0,1.0,0.0,1.7724822759628296,0.6399982571601868,0.9817519783973694,right,0.3748054504394531,0.3842175602912903,0.35994166135787964,24,collision,52,dagger,DAgger-relabel pretrained camera,checkpoint/closed_loop_teacher_camera_policy_light_v3d_t60_20260510_splitstem_dagger/camera_head_pretrained_best.pth
specular,0.0,1.0,0.0,1.715323567390442,0.6302286982536316,0.9811285138130188,right,0.3884119987487793,0.4190385043621063,0.36446982622146606,26,collision,53,dagger,DAgger-relabel pretrained camera,checkpoint/closed_loop_teacher_camera_policy_light_v3d_t60_20260510_splitstem_dagger/camera_head_pretrained_best.pth
specular,0.0,1.0,0.0,1.6757586002349854,0.6405923962593079,0.980972170829773,left,0.3878214657306671,0.429252028465271,0.3682287931442261,26,collision,54,dagger,DAgger-relabel pretrained camera,checkpoint/closed_loop_teacher_camera_policy_light_v3d_t60_20260510_splitstem_dagger/camera_head_pretrained_best.pth
specular,0.0,0.0,0.0,0.42800766229629517,0.571670413017273,0.9932581186294556,right,0.43788981437683105,0.4313746392726898,0.4146352708339691,60,timeout,55,dagger,DAgger-relabel pretrained camera,checkpoint/closed_loop_teacher_camera_policy_light_v3d_t60_20260510_splitstem_dagger/camera_head_pretrained_best.pth
specular,0.0,1.0,0.0,1.7261704206466675,0.5901458859443665,0.9826549887657166,far_left,0.379570871591568,0.39197084307670593,0.350026935338974,28,collision,56,dagger,DAgger-relabel pretrained camera,checkpoint/closed_loop_teacher_camera_policy_light_v3d_t60_20260510_splitstem_dagger/camera_head_pretrained_best.pth
specular,0.0,1.0,0.0,1.7385704517364502,0.6208564639091492,0.981429398059845,right,0.3731607496738434,0.4327981472015381,0.3605384826660156,26,collision,57,dagger,DAgger-relabel pretrained camera,checkpoint/closed_loop_teacher_camera_policy_light_v3d_t60_20260510_splitstem_dagger/camera_head_pretrained_best.pth
specular,0.0,1.0,0.0,1.7591403722763062,0.6048862934112549,0.983301043510437,far_left,0.3724167048931122,0.3868023157119751,0.3579542636871338,27,collision,58,dagger,DAgger-relabel pretrained camera,checkpoint/closed_loop_teacher_camera_policy_light_v3d_t60_20260510_splitstem_dagger/camera_head_pretrained_best.pth
specular,0.0,1.0,0.0,1.7648855447769165,0.6269263029098511,0.981041431427002,right,0.37917059659957886,0.4127756953239441,0.3628701865673065,25,collision,59,dagger,DAgger-relabel pretrained camera,checkpoint/closed_loop_teacher_camera_policy_light_v3d_t60_20260510_splitstem_dagger/camera_head_pretrained_best.pth
specular,0.0,1.0,0.0,1.7515385150909424,0.5633348226547241,0.9851914048194885,far_left,0.3704441487789154,0.39299142360687256,0.35477307438850403,29,collision,60,dagger,DAgger-relabel pretrained camera,checkpoint/closed_loop_teacher_camera_policy_light_v3d_t60_20260510_splitstem_dagger/camera_head_pretrained_best.pth
specular,0.0,1.0,0.0,1.7652772665023804,0.613082230091095,0.9821064472198486,far_right,0.37412360310554504,0.39479726552963257,0.3636995553970337,26,collision,61,dagger,DAgger-relabel pretrained camera,checkpoint/closed_loop_teacher_camera_policy_light_v3d_t60_20260510_splitstem_dagger/camera_head_pretrained_best.pth
specular,0.0,1.0,0.0,1.78029203414917,0.6340662837028503,0.9795188903808594,right,0.3771396279335022,0.41025999188423157,0.35772839188575745,24,collision,62,dagger,DAgger-relabel pretrained camera,checkpoint/closed_loop_teacher_camera_policy_light_v3d_t60_20260510_splitstem_dagger/camera_head_pretrained_best.pth
specular,0.0,1.0,0.0,1.7761627435684204,0.5665391087532043,0.9823710322380066,far_left,0.3736970126628876,0.3994545340538025,0.35015711188316345,28,collision,63,dagger,DAgger-relabel pretrained camera,checkpoint/closed_loop_teacher_camera_policy_light_v3d_t60_20260510_splitstem_dagger/camera_head_pretrained_best.pth
specular,0.0,1.0,0.0,1.761591911315918,0.5881715416908264,0.9822994470596313,far_left,0.3771948218345642,0.3998914957046509,0.3554133176803589,27,collision,64,dagger,DAgger-relabel pretrained camera,checkpoint/closed_loop_teacher_camera_policy_light_v3d_t60_20260510_splitstem_dagger/camera_head_pretrained_best.pth
specular,0.0,1.0,0.0,1.7651921510696411,0.5786376595497131,0.9816762804985046,far_left,0.37884521484375,0.4116366505622864,0.3626739978790283,27,collision,65,dagger,DAgger-relabel pretrained camera,checkpoint/closed_loop_teacher_camera_policy_light_v3d_t60_20260510_splitstem_dagger/camera_head_pretrained_best.pth
specular,0.0,1.0,0.0,1.7534637451171875,0.6134743094444275,0.9839640855789185,far_right,0.3756817579269409,0.39925283193588257,0.36176642775535583,26,collision,66,dagger,DAgger-relabel pretrained camera,checkpoint/closed_loop_teacher_camera_policy_light_v3d_t60_20260510_splitstem_dagger/camera_head_pretrained_best.pth
specular,1.0,0.0,1.0,0.12250269949436188,0.6091974973678589,0.9919801354408264,left,0.44016432762145996,0.441148579120636,0.41366255283355713,60,timeout,67,dagger,DAgger-relabel pretrained camera,checkpoint/closed_loop_teacher_camera_policy_light_v3d_t60_20260510_splitstem_dagger/camera_head_pretrained_best.pth
specular,0.0,1.0,0.0,1.7311632633209229,0.5715750455856323,0.9845558404922485,far_left,0.3740714192390442,0.40095388889312744,0.35971683263778687,29,collision,68,dagger,DAgger-relabel pretrained camera,checkpoint/closed_loop_teacher_camera_policy_light_v3d_t60_20260510_splitstem_dagger/camera_head_pretrained_best.pth
specular,0.0,1.0,0.0,1.7604540586471558,0.5960400104522705,0.9814037084579468,far_right,0.39683234691619873,0.3671531081199646,0.33347034454345703,27,collision,69,dagger,DAgger-relabel pretrained camera,checkpoint/closed_loop_teacher_camera_policy_light_v3d_t60_20260510_splitstem_dagger/camera_head_pretrained_best.pth
specular,1.0,0.0,1.0,0.15885446965694427,0.6040790677070618,0.993159294128418,right,0.439383327960968,0.43272972106933594,0.4163971245288849,60,timeout,70,dagger,DAgger-relabel pretrained camera,checkpoint/closed_loop_teacher_camera_policy_light_v3d_t60_20260510_splitstem_dagger/camera_head_pretrained_best.pth
specular,0.0,1.0,0.0,1.7150654792785645,0.5968892574310303,0.9843917489051819,far_right,0.37378495931625366,0.3935715854167938,0.3613468110561371,27,collision,71,dagger,DAgger-relabel pretrained camera,checkpoint/closed_loop_teacher_camera_policy_light_v3d_t60_20260510_splitstem_dagger/camera_head_pretrained_best.pth
specular,0.0,1.0,0.0,1.7702994346618652,0.6078826189041138,0.9812557697296143,far_left,0.37127965688705444,0.39023882150650024,0.3586658835411072,26,collision,72,dagger,DAgger-relabel pretrained camera,checkpoint/closed_loop_teacher_camera_policy_light_v3d_t60_20260510_splitstem_dagger/camera_head_pretrained_best.pth
specular,0.0,1.0,0.0,1.7462694644927979,0.5999951362609863,0.9848465323448181,far_right,0.3736100494861603,0.39621955156326294,0.3642600178718567,28,collision,73,dagger,DAgger-relabel pretrained camera,checkpoint/closed_loop_teacher_camera_policy_light_v3d_t60_20260510_splitstem_dagger/camera_head_pretrained_best.pth
specular,0.0,1.0,0.0,1.711076259613037,0.6259003281593323,0.9837036728858948,right,0.372719407081604,0.3828238546848297,0.35775429010391235,26,collision,74,dagger,DAgger-relabel pretrained camera,checkpoint/closed_loop_teacher_camera_policy_light_v3d_t60_20260510_splitstem_dagger/camera_head_pretrained_best.pth
specular,0.0,1.0,0.0,1.4322595596313477,0.6604151129722595,0.9854325652122498,left,0.3813973367214203,0.39217206835746765,0.3672887086868286,30,collision,75,dagger,DAgger-relabel pretrained camera,checkpoint/closed_loop_teacher_camera_policy_light_v3d_t60_20260510_splitstem_dagger/camera_head_pretrained_best.pth
specular,0.0,1.0,0.0,1.7757184505462646,0.6340083479881287,0.9811981916427612,left,0.3776123523712158,0.3969200551509857,0.35890698432922363,25,collision,76,dagger,DAgger-relabel pretrained camera,checkpoint/closed_loop_teacher_camera_policy_light_v3d_t60_20260510_splitstem_dagger/camera_head_pretrained_best.pth
specular,0.0,1.0,0.0,1.7719674110412598,0.6194210648536682,0.982002317905426,left,0.37356382608413696,0.3967148959636688,0.35752981901168823,26,collision,77,dagger,DAgger-relabel pretrained camera,checkpoint/closed_loop_teacher_camera_policy_light_v3d_t60_20260510_splitstem_dagger/camera_head_pretrained_best.pth
specular,0.0,1.0,0.0,1.731834053993225,0.5976887345314026,0.9832605719566345,far_right,0.37791967391967773,0.40013447403907776,0.362288236618042,28,collision,78,dagger,DAgger-relabel pretrained camera,checkpoint/closed_loop_teacher_camera_policy_light_v3d_t60_20260510_splitstem_dagger/camera_head_pretrained_best.pth
specular,0.0,1.0,0.0,1.731948971748352,0.5987202525138855,0.9830562472343445,far_right,0.3746376037597656,0.4051751494407654,0.36105066537857056,27,collision,79,dagger,DAgger-relabel pretrained camera,checkpoint/closed_loop_teacher_camera_policy_light_v3d_t60_20260510_splitstem_dagger/camera_head_pretrained_best.pth
specular,0.0,1.0,0.0,1.7528128623962402,0.6609694957733154,0.9807392954826355,right,0.37625449895858765,0.39226388931274414,0.3617169260978699,24,collision,80,dagger,DAgger-relabel pretrained camera,checkpoint/closed_loop_teacher_camera_policy_light_v3d_t60_20260510_splitstem_dagger/camera_head_pretrained_best.pth
specular,0.0,1.0,0.0,1.6896172761917114,0.6347324252128601,0.9839467406272888,right,0.37509340047836304,0.3885864317417145,0.36154255270957947,26,collision,81,dagger,DAgger-relabel pretrained camera,checkpoint/closed_loop_teacher_camera_policy_light_v3d_t60_20260510_splitstem_dagger/camera_head_pretrained_best.pth
specular,0.0,1.0,0.0,1.72923743724823,0.6014018058776855,0.9820991158485413,far_right,0.37764036655426025,0.4047704041004181,0.3623925447463989,27,collision,82,dagger,DAgger-relabel pretrained camera,checkpoint/closed_loop_teacher_camera_policy_light_v3d_t60_20260510_splitstem_dagger/camera_head_pretrained_best.pth
specular,0.0,1.0,0.0,1.7768568992614746,0.6067150235176086,0.9821469783782959,far_right,0.38489630818367004,0.38575872778892517,0.35429611802101135,26,collision,83,dagger,DAgger-relabel pretrained camera,checkpoint/closed_loop_teacher_camera_policy_light_v3d_t60_20260510_splitstem_dagger/camera_head_pretrained_best.pth
specular,0.0,1.0,0.0,1.7169660329818726,0.604910135269165,0.9825777411460876,far_left,0.37282225489616394,0.38708600401878357,0.3578948974609375,27,collision,84,dagger,DAgger-relabel pretrained camera,checkpoint/closed_loop_teacher_camera_policy_light_v3d_t60_20260510_splitstem_dagger/camera_head_pretrained_best.pth
specular,0.0,1.0,0.0,1.6935442686080933,0.5989805459976196,0.9849278926849365,right,0.3749345541000366,0.38837966322898865,0.36104610562324524,29,collision,85,dagger,DAgger-relabel pretrained camera,checkpoint/closed_loop_teacher_camera_policy_light_v3d_t60_20260510_splitstem_dagger/camera_head_pretrained_best.pth
specular,0.0,1.0,0.0,1.769938588142395,0.6100533604621887,0.9831452369689941,left,0.3751569390296936,0.38850170373916626,0.35502853989601135,27,collision,86,dagger,DAgger-relabel pretrained camera,checkpoint/closed_loop_teacher_camera_policy_light_v3d_t60_20260510_splitstem_dagger/camera_head_pretrained_best.pth
specular,0.0,1.0,0.0,1.7192949056625366,0.5939363837242126,0.9835586547851562,far_right,0.3794761300086975,0.40277165174484253,0.36447879672050476,29,collision,87,dagger,DAgger-relabel pretrained camera,checkpoint/closed_loop_teacher_camera_policy_light_v3d_t60_20260510_splitstem_dagger/camera_head_pretrained_best.pth
specular,0.0,1.0,0.0,1.750396728515625,0.6103047728538513,0.9839966297149658,far_right,0.37565040588378906,0.4030953347682953,0.3626221716403961,27,collision,88,dagger,DAgger-relabel pretrained camera,checkpoint/closed_loop_teacher_camera_policy_light_v3d_t60_20260510_splitstem_dagger/camera_head_pretrained_best.pth
specular,0.0,1.0,0.0,1.7434556484222412,0.6128353476524353,0.9831191897392273,left,0.3764307200908661,0.3874472379684448,0.3556453585624695,26,collision,89,dagger,DAgger-relabel pretrained camera,checkpoint/closed_loop_teacher_camera_policy_light_v3d_t60_20260510_splitstem_dagger/camera_head_pretrained_best.pth
specular,0.0,1.0,0.0,1.7261159420013428,0.548230767250061,0.9857668876647949,far_left,0.37212270498275757,0.3977358639240265,0.35703566670417786,30,collision,90,dagger,DAgger-relabel pretrained camera,checkpoint/closed_loop_teacher_camera_policy_light_v3d_t60_20260510_splitstem_dagger/camera_head_pretrained_best.pth
specular,0.0,1.0,0.0,1.7429684400558472,0.6215512156486511,0.9824941754341125,far_right,0.3734428286552429,0.39333784580230713,0.36041954159736633,26,collision,91,dagger,DAgger-relabel pretrained camera,checkpoint/closed_loop_teacher_camera_policy_light_v3d_t60_20260510_splitstem_dagger/camera_head_pretrained_best.pth
specular,0.0,1.0,0.0,1.7720096111297607,0.5708799958229065,0.9827567934989929,far_right,0.3853776752948761,0.4119266867637634,0.3667702376842499,28,collision,92,dagger,DAgger-relabel pretrained camera,checkpoint/closed_loop_teacher_camera_policy_light_v3d_t60_20260510_splitstem_dagger/camera_head_pretrained_best.pth
specular,0.0,1.0,0.0,1.7677782773971558,0.6177759170532227,0.9804627299308777,left,0.37707996368408203,0.40880686044692993,0.36211761832237244,25,collision,93,dagger,DAgger-relabel pretrained camera,checkpoint/closed_loop_teacher_camera_policy_light_v3d_t60_20260510_splitstem_dagger/camera_head_pretrained_best.pth
specular,0.0,1.0,0.0,1.7529314756393433,0.5807793140411377,0.9834800958633423,far_left,0.3718067705631256,0.3874521851539612,0.3573334217071533,28,collision,94,dagger,DAgger-relabel pretrained camera,checkpoint/closed_loop_teacher_camera_policy_light_v3d_t60_20260510_splitstem_dagger/camera_head_pretrained_best.pth
specular,0.0,1.0,0.0,1.742594599723816,0.5989222526550293,0.9828614592552185,far_right,0.37643057107925415,0.39310339093208313,0.35973116755485535,27,collision,95,dagger,DAgger-relabel pretrained camera,checkpoint/closed_loop_teacher_camera_policy_light_v3d_t60_20260510_splitstem_dagger/camera_head_pretrained_best.pth
specular,0.0,1.0,0.0,1.6539674997329712,0.6179375052452087,0.9820379614830017,right,0.37716808915138245,0.40986883640289307,0.36287763714790344,27,collision,96,dagger,DAgger-relabel pretrained camera,checkpoint/closed_loop_teacher_camera_policy_light_v3d_t60_20260510_splitstem_dagger/camera_head_pretrained_best.pth
specular,0.0,1.0,0.0,1.7065744400024414,0.6391301155090332,0.982616662979126,left,0.3801608979701996,0.3987470865249634,0.36134234070777893,27,collision,97,dagger,DAgger-relabel pretrained camera,checkpoint/closed_loop_teacher_camera_policy_light_v3d_t60_20260510_splitstem_dagger/camera_head_pretrained_best.pth
specular,0.0,1.0,0.0,1.707374930381775,0.6602151989936829,0.9806013107299805,left,0.3784485459327698,0.39289391040802,0.3587692677974701,25,collision,98,dagger,DAgger-relabel pretrained camera,checkpoint/closed_loop_teacher_camera_policy_light_v3d_t60_20260510_splitstem_dagger/camera_head_pretrained_best.pth
specular,0.0,1.0,0.0,1.7401028871536255,0.6072444915771484,0.981435239315033,right,0.37330150604248047,0.4266871213912964,0.3577301800251007,26,collision,99,dagger,DAgger-relabel pretrained camera,checkpoint/closed_loop_teacher_camera_policy_light_v3d_t60_20260510_splitstem_dagger/camera_head_pretrained_best.pth
specular,0.0,1.0,0.0,1.7387863397598267,0.5853897333145142,0.9847822189331055,far_left,0.3697032928466797,0.395892471075058,0.35702431201934814,28,collision,100,dagger,DAgger-relabel pretrained camera,checkpoint/closed_loop_teacher_camera_policy_light_v3d_t60_20260510_splitstem_dagger/camera_head_pretrained_best.pth
specular,0.0,1.0,0.0,1.7115236520767212,0.6266850233078003,0.9841434955596924,right,0.3727222979068756,0.3869609236717224,0.3594256639480591,26,collision,101,dagger,DAgger-relabel pretrained camera,checkpoint/closed_loop_teacher_camera_policy_light_v3d_t60_20260510_splitstem_dagger/camera_head_pretrained_best.pth
specular,1.0,0.0,1.0,0.1653141975402832,0.5947582125663757,0.9929060935974121,left,0.4331682324409485,0.4319938123226166,0.4112573564052582,60,timeout,102,dagger,DAgger-relabel pretrained camera,checkpoint/closed_loop_teacher_camera_policy_light_v3d_t60_20260510_splitstem_dagger/camera_head_pretrained_best.pth
specular,0.0,1.0,0.0,1.745162844657898,0.6304868459701538,0.980070948600769,right,0.38669753074645996,0.41941767930984497,0.3640488386154175,25,collision,103,dagger,DAgger-relabel pretrained camera,checkpoint/closed_loop_teacher_camera_policy_light_v3d_t60_20260510_splitstem_dagger/camera_head_pretrained_best.pth
specular,0.0,1.0,0.0,1.694495677947998,0.6198062896728516,0.9820657968521118,right,0.3764835000038147,0.4294830858707428,0.3636901080608368,27,collision,104,dagger,DAgger-relabel pretrained camera,checkpoint/closed_loop_teacher_camera_policy_light_v3d_t60_20260510_splitstem_dagger/camera_head_pretrained_best.pth
specular,0.0,1.0,0.0,1.7444853782653809,0.5716952681541443,0.9836034774780273,far_right,0.3736666738986969,0.390715628862381,0.3588642179965973,28,collision,105,dagger,DAgger-relabel pretrained camera,checkpoint/closed_loop_teacher_camera_policy_light_v3d_t60_20260510_splitstem_dagger/camera_head_pretrained_best.pth
specular,0.0,1.0,0.0,1.76618492603302,0.577034592628479,0.9823718070983887,far_left,0.37623921036720276,0.4044261574745178,0.3568308353424072,27,collision,106,dagger,DAgger-relabel pretrained camera,checkpoint/closed_loop_teacher_camera_policy_light_v3d_t60_20260510_splitstem_dagger/camera_head_pretrained_best.pth
specular,0.0,1.0,0.0,1.7342625856399536,0.6423354148864746,0.9807702302932739,right,0.3748045861721039,0.39474034309387207,0.3571839928627014,25,collision,107,dagger,DAgger-relabel pretrained camera,checkpoint/closed_loop_teacher_camera_policy_light_v3d_t60_20260510_splitstem_dagger/camera_head_pretrained_best.pth
specular,0.0,1.0,0.0,1.734093427658081,0.6263620257377625,0.9836573600769043,left,0.3792327344417572,0.38988402485847473,0.35466429591178894,26,collision,108,dagger,DAgger-relabel pretrained camera,checkpoint/closed_loop_teacher_camera_policy_light_v3d_t60_20260510_splitstem_dagger/camera_head_pretrained_best.pth
specular,0.0,1.0,0.0,1.7506275177001953,0.6135329008102417,0.9808244109153748,left,0.3772663474082947,0.4125150144100189,0.35973161458969116,25,collision,109,dagger,DAgger-relabel pretrained camera,checkpoint/closed_loop_teacher_camera_policy_light_v3d_t60_20260510_splitstem_dagger/camera_head_pretrained_best.pth
specular,0.0,1.0,0.0,1.762990951538086,0.618050754070282,0.9815508723258972,right,0.379402756690979,0.4181501567363739,0.3646906316280365,26,collision,110,dagger,DAgger-relabel pretrained camera,checkpoint/closed_loop_teacher_camera_policy_light_v3d_t60_20260510_splitstem_dagger/camera_head_pretrained_best.pth
specular,0.0,1.0,0.0,1.7295070886611938,0.6193615198135376,0.9821411967277527,right,0.3750492334365845,0.3836291432380676,0.35574591159820557,26,collision,111,dagger,DAgger-relabel pretrained camera,checkpoint/closed_loop_teacher_camera_policy_light_v3d_t60_20260510_splitstem_dagger/camera_head_pretrained_best.pth
specular,0.0,1.0,0.0,1.7435585260391235,0.6106882691383362,0.9833567142486572,far_left,0.3704279959201813,0.3947051167488098,0.35514771938323975,27,collision,112,dagger,DAgger-relabel pretrained camera,checkpoint/closed_loop_teacher_camera_policy_light_v3d_t60_20260510_splitstem_dagger/camera_head_pretrained_best.pth
specular,0.0,1.0,0.0,1.7562501430511475,0.5739519596099854,0.9841713905334473,far_right,0.3784169852733612,0.39893969893455505,0.36474186182022095,28,collision,113,dagger,DAgger-relabel pretrained camera,checkpoint/closed_loop_teacher_camera_policy_light_v3d_t60_20260510_splitstem_dagger/camera_head_pretrained_best.pth
specular,0.0,1.0,0.0,1.7446930408477783,0.5908911824226379,0.9846488833427429,far_left,0.37215062975883484,0.39384040236473083,0.3551573157310486,29,collision,114,dagger,DAgger-relabel pretrained camera,checkpoint/closed_loop_teacher_camera_policy_light_v3d_t60_20260510_splitstem_dagger/camera_head_pretrained_best.pth
specular,0.0,1.0,0.0,1.681313395500183,0.6288683414459229,0.9836182594299316,left,0.37761878967285156,0.3966178297996521,0.36296868324279785,27,collision,115,dagger,DAgger-relabel pretrained camera,checkpoint/closed_loop_teacher_camera_policy_light_v3d_t60_20260510_splitstem_dagger/camera_head_pretrained_best.pth
specular,0.0,1.0,0.0,1.7136775255203247,0.5934426188468933,0.9825721383094788,far_right,0.37386059761047363,0.39162132143974304,0.35884469747543335,27,collision,116,dagger,DAgger-relabel pretrained camera,checkpoint/closed_loop_teacher_camera_policy_light_v3d_t60_20260510_splitstem_dagger/camera_head_pretrained_best.pth
specular,0.0,1.0,0.0,1.746299147605896,0.5961312651634216,0.9815624952316284,far_right,0.3927018642425537,0.4166526198387146,0.36657965183258057,26,collision,117,dagger,DAgger-relabel pretrained camera,checkpoint/closed_loop_teacher_camera_policy_light_v3d_t60_20260510_splitstem_dagger/camera_head_pretrained_best.pth
specular,0.0,1.0,0.0,1.7738375663757324,0.6039268970489502,0.9819270968437195,right,0.3768683671951294,0.40804633498191833,0.3612886369228363,26,collision,118,dagger,DAgger-relabel pretrained camera,checkpoint/closed_loop_teacher_camera_policy_light_v3d_t60_20260510_splitstem_dagger/camera_head_pretrained_best.pth
specular,0.0,1.0,0.0,1.737626314163208,0.565983772277832,0.9843750596046448,right,0.3781077563762665,0.38777807354927063,0.3554326295852661,29,collision,119,dagger,DAgger-relabel pretrained camera,checkpoint/closed_loop_teacher_camera_policy_light_v3d_t60_20260510_splitstem_dagger/camera_head_pretrained_best.pth
specular,0.0,1.0,0.0,1.5940312147140503,0.639319658279419,0.9820923209190369,left,0.3815999925136566,0.4209541082382202,0.36508670449256897,28,collision,120,dagger,DAgger-relabel pretrained camera,checkpoint/closed_loop_teacher_camera_policy_light_v3d_t60_20260510_splitstem_dagger/camera_head_pretrained_best.pth
specular,0.0,1.0,0.0,1.730203628540039,0.6279518604278564,0.9833969473838806,far_right,0.37585002183914185,0.3944983184337616,0.36454105377197266,26,collision,121,dagger,DAgger-relabel pretrained camera,checkpoint/closed_loop_teacher_camera_policy_light_v3d_t60_20260510_splitstem_dagger/camera_head_pretrained_best.pth
specular,0.0,1.0,0.0,1.721500039100647,0.5990452170372009,0.9833567142486572,far_right,0.37386977672576904,0.39295312762260437,0.36007314920425415,27,collision,122,dagger,DAgger-relabel pretrained camera,checkpoint/closed_loop_teacher_camera_policy_light_v3d_t60_20260510_splitstem_dagger/camera_head_pretrained_best.pth
specular,0.0,1.0,0.0,1.7168598175048828,0.6425176858901978,0.9805350303649902,left,0.3782334327697754,0.4171391427516937,0.36025047302246094,25,collision,123,dagger,DAgger-relabel pretrained camera,checkpoint/closed_loop_teacher_camera_policy_light_v3d_t60_20260510_splitstem_dagger/camera_head_pretrained_best.pth
specular,0.0,1.0,0.0,1.7303129434585571,0.6046733260154724,0.9841580390930176,far_left,0.37132686376571655,0.3918182849884033,0.35918161273002625,27,collision,124,dagger,DAgger-relabel pretrained camera,checkpoint/closed_loop_teacher_camera_policy_light_v3d_t60_20260510_splitstem_dagger/camera_head_pretrained_best.pth
specular,0.0,1.0,0.0,1.7334445714950562,0.6047167181968689,0.9833177924156189,left,0.377679705619812,0.39145922660827637,0.35762906074523926,27,collision,125,dagger,DAgger-relabel pretrained camera,checkpoint/closed_loop_teacher_camera_policy_light_v3d_t60_20260510_splitstem_dagger/camera_head_pretrained_best.pth
specular,0.0,1.0,0.0,1.7228437662124634,0.6147446632385254,0.9838499426841736,left,0.3748472332954407,0.38523876667022705,0.3563059866428375,28,collision,126,dagger,DAgger-relabel pretrained camera,checkpoint/closed_loop_teacher_camera_policy_light_v3d_t60_20260510_splitstem_dagger/camera_head_pretrained_best.pth
specular,0.0,1.0,0.0,1.7697557210922241,0.5872176885604858,0.982123851776123,left,0.37669602036476135,0.39961177110671997,0.3567437529563904,26,collision,127,dagger,DAgger-relabel pretrained camera,checkpoint/closed_loop_teacher_camera_policy_light_v3d_t60_20260510_splitstem_dagger/camera_head_pretrained_best.pth
specular,0.0,1.0,0.0,1.7089874744415283,0.6430195569992065,0.9810531139373779,left,0.37656280398368835,0.4018901586532593,0.3609029948711395,26,collision,128,dagger,DAgger-relabel pretrained camera,checkpoint/closed_loop_teacher_camera_policy_light_v3d_t60_20260510_splitstem_dagger/camera_head_pretrained_best.pth
specular,0.0,1.0,0.0,1.734126091003418,0.6128056645393372,0.9843138456344604,left,0.3780035674571991,0.38472047448158264,0.3554818332195282,27,collision,129,dagger,DAgger-relabel pretrained camera,checkpoint/closed_loop_teacher_camera_policy_light_v3d_t60_20260510_splitstem_dagger/camera_head_pretrained_best.pth
specular,0.0,1.0,0.0,1.7317543029785156,0.6059518456459045,0.98224937915802,far_left,0.37578174471855164,0.39734041690826416,0.35908767580986023,27,collision,130,dagger,DAgger-relabel pretrained camera,checkpoint/closed_loop_teacher_camera_policy_light_v3d_t60_20260510_splitstem_dagger/camera_head_pretrained_best.pth
specular,1.0,0.0,1.0,0.0598568432033062,0.6116835474967957,0.9929446578025818,left,0.43462899327278137,0.4284483790397644,0.412044882774353,60,timeout,131,dagger,DAgger-relabel pretrained camera,checkpoint/closed_loop_teacher_camera_policy_light_v3d_t60_20260510_splitstem_dagger/camera_head_pretrained_best.pth
specular,0.0,1.0,0.0,1.6706891059875488,0.6307929158210754,0.9819489121437073,left,0.37797078490257263,0.41722387075424194,0.36125463247299194,27,collision,132,dagger,DAgger-relabel pretrained camera,checkpoint/closed_loop_teacher_camera_policy_light_v3d_t60_20260510_splitstem_dagger/camera_head_pretrained_best.pth
specular,0.0,1.0,0.0,1.7379729747772217,0.5884702801704407,0.9822745323181152,far_left,0.3789241313934326,0.40415439009666443,0.3593408167362213,28,collision,133,dagger,DAgger-relabel pretrained camera,checkpoint/closed_loop_teacher_camera_policy_light_v3d_t60_20260510_splitstem_dagger/camera_head_pretrained_best.pth
specular,0.0,1.0,0.0,1.726106882095337,0.6325591206550598,0.9836457371711731,left,0.37962618470191956,0.3953586220741272,0.3638853430747986,26,collision,134,dagger,DAgger-relabel pretrained camera,checkpoint/closed_loop_teacher_camera_policy_light_v3d_t60_20260510_splitstem_dagger/camera_head_pretrained_best.pth
specular,0.0,1.0,0.0,1.7628101110458374,0.595951497554779,0.9828503131866455,far_right,0.37621280550956726,0.41330382227897644,0.3618772029876709,27,collision,135,dagger,DAgger-relabel pretrained camera,checkpoint/closed_loop_teacher_camera_policy_light_v3d_t60_20260510_splitstem_dagger/camera_head_pretrained_best.pth
specular,0.0,1.0,0.0,1.731525182723999,0.6416328549385071,0.9808333516120911,far_right,0.38767409324645996,0.4110121428966522,0.35815176367759705,26,collision,136,dagger,DAgger-relabel pretrained camera,checkpoint/closed_loop_teacher_camera_policy_light_v3d_t60_20260510_splitstem_dagger/camera_head_pretrained_best.pth
specular,0.0,1.0,0.0,1.7550123929977417,0.6325157880783081,0.9827256798744202,right,0.3738245964050293,0.39487123489379883,0.36174169182777405,26,collision,137,dagger,DAgger-relabel pretrained camera,checkpoint/closed_loop_teacher_camera_policy_light_v3d_t60_20260510_splitstem_dagger/camera_head_pretrained_best.pth
specular,0.0,1.0,0.0,1.6842988729476929,0.6249678134918213,0.9820156693458557,left,0.3828739821910858,0.415680468082428,0.3628076910972595,27,collision,138,dagger,DAgger-relabel pretrained camera,checkpoint/closed_loop_teacher_camera_policy_light_v3d_t60_20260510_splitstem_dagger/camera_head_pretrained_best.pth
specular,0.0,1.0,0.0,1.7152609825134277,0.6116123199462891,0.9816651344299316,right,0.3851427733898163,0.4271131157875061,0.3638536036014557,27,collision,139,dagger,DAgger-relabel pretrained camera,checkpoint/closed_loop_teacher_camera_policy_light_v3d_t60_20260510_splitstem_dagger/camera_head_pretrained_best.pth
specular,0.0,1.0,0.0,1.705718994140625,0.6451887488365173,0.982876181602478,far_right,0.3807825446128845,0.38409751653671265,0.3576391935348511,26,collision,140,dagger,DAgger-relabel pretrained camera,checkpoint/closed_loop_teacher_camera_policy_light_v3d_t60_20260510_splitstem_dagger/camera_head_pretrained_best.pth
specular,0.0,1.0,0.0,1.7162235975265503,0.6328942179679871,0.9809374809265137,left,0.38046714663505554,0.4301089644432068,0.36811983585357666,26,collision,141,dagger,DAgger-relabel pretrained camera,checkpoint/closed_loop_teacher_camera_policy_light_v3d_t60_20260510_splitstem_dagger/camera_head_pretrained_best.pth
specular,0.0,1.0,0.0,1.7131816148757935,0.6268684267997742,0.9819676280021667,left,0.3787964880466461,0.39341869950294495,0.3578455150127411,26,collision,142,dagger,DAgger-relabel pretrained camera,checkpoint/closed_loop_teacher_camera_policy_light_v3d_t60_20260510_splitstem_dagger/camera_head_pretrained_best.pth
specular,0.0,1.0,0.0,1.7599481344223022,0.6223717927932739,0.9834374785423279,far_left,0.36973243951797485,0.39482396841049194,0.3560583293437958,26,collision,143,dagger,DAgger-relabel pretrained camera,checkpoint/closed_loop_teacher_camera_policy_light_v3d_t60_20260510_splitstem_dagger/camera_head_pretrained_best.pth
specular,0.0,1.0,0.0,1.7842472791671753,0.6217202544212341,0.9792535305023193,far_right,0.40983232855796814,0.35491910576820374,0.32215988636016846,26,collision,144,dagger,DAgger-relabel pretrained camera,checkpoint/closed_loop_teacher_camera_policy_light_v3d_t60_20260510_splitstem_dagger/camera_head_pretrained_best.pth
specular,0.0,1.0,0.0,1.7380262613296509,0.6291583180427551,0.981423556804657,right,0.37817421555519104,0.4091683030128479,0.3634360432624817,26,collision,145,dagger,DAgger-relabel pretrained camera,checkpoint/closed_loop_teacher_camera_policy_light_v3d_t60_20260510_splitstem_dagger/camera_head_pretrained_best.pth
specular,0.0,1.0,0.0,1.7648730278015137,0.5930119752883911,0.9819155931472778,far_right,0.39384976029396057,0.3747987151145935,0.3395885229110718,27,collision,146,dagger,DAgger-relabel pretrained camera,checkpoint/closed_loop_teacher_camera_policy_light_v3d_t60_20260510_splitstem_dagger/camera_head_pretrained_best.pth
specular,0.0,1.0,0.0,1.735817790031433,0.5996290445327759,0.9821492433547974,far_left,0.37296223640441895,0.400438517332077,0.35637956857681274,27,collision,147,dagger,DAgger-relabel pretrained camera,checkpoint/closed_loop_teacher_camera_policy_light_v3d_t60_20260510_splitstem_dagger/camera_head_pretrained_best.pth
specular,0.0,1.0,0.0,1.7416956424713135,0.5851734280586243,0.984213650226593,far_right,0.37710490822792053,0.39996853470802307,0.3643743097782135,27,collision,148,dagger,DAgger-relabel pretrained camera,checkpoint/closed_loop_teacher_camera_policy_light_v3d_t60_20260510_splitstem_dagger/camera_head_pretrained_best.pth
specular,0.0,1.0,0.0,1.7252873182296753,0.6358113884925842,0.9809606075286865,far_left,0.37110626697540283,0.40229418873786926,0.3614661991596222,26,collision,149,dagger,DAgger-relabel pretrained camera,checkpoint/closed_loop_teacher_camera_policy_light_v3d_t60_20260510_splitstem_dagger/camera_head_pretrained_best.pth
specular,0.0,1.0,0.0,1.716139316558838,0.576748251914978,0.9841322898864746,far_left,0.3816598057746887,0.39496976137161255,0.35840341448783875,29,collision,150,dagger,DAgger-relabel pretrained camera,checkpoint/closed_loop_teacher_camera_policy_light_v3d_t60_20260510_splitstem_dagger/camera_head_pretrained_best.pth
specular,0.0,1.0,0.0,1.7291897535324097,0.6173225045204163,0.9838241934776306,right,0.37369415163993835,0.3834143877029419,0.3583856225013733,27,collision,151,dagger,DAgger-relabel pretrained camera,checkpoint/closed_loop_teacher_camera_policy_light_v3d_t60_20260510_splitstem_dagger/camera_head_pretrained_best.pth
specular,0.0,1.0,0.0,1.7630219459533691,0.5935577154159546,0.9845308661460876,far_right,0.37236493825912476,0.3939807713031769,0.3615453541278839,27,collision,152,dagger,DAgger-relabel pretrained camera,checkpoint/closed_loop_teacher_camera_policy_light_v3d_t60_20260510_splitstem_dagger/camera_head_pretrained_best.pth
specular,0.0,1.0,0.0,1.7335654497146606,0.6070138812065125,0.9812478423118591,far_right,0.38779062032699585,0.38304656744003296,0.34632062911987305,27,collision,153,dagger,DAgger-relabel pretrained camera,checkpoint/closed_loop_teacher_camera_policy_light_v3d_t60_20260510_splitstem_dagger/camera_head_pretrained_best.pth
specular,0.0,1.0,0.0,1.7161041498184204,0.5848391056060791,0.9824888706207275,far_left,0.3784765303134918,0.40242427587509155,0.360199898481369,28,collision,154,dagger,DAgger-relabel pretrained camera,checkpoint/closed_loop_teacher_camera_policy_light_v3d_t60_20260510_splitstem_dagger/camera_head_pretrained_best.pth
specular,0.0,1.0,0.0,1.7501622438430786,0.576023519039154,0.9834449887275696,far_left,0.37714728713035583,0.39218753576278687,0.35394322872161865,29,collision,155,dagger,DAgger-relabel pretrained camera,checkpoint/closed_loop_teacher_camera_policy_light_v3d_t60_20260510_splitstem_dagger/camera_head_pretrained_best.pth
specular,0.0,1.0,0.0,1.7547686100006104,0.6282135844230652,0.9821122288703918,far_right,0.37768813967704773,0.4035249352455139,0.36434638500213623,26,collision,156,dagger,DAgger-relabel pretrained camera,checkpoint/closed_loop_teacher_camera_policy_light_v3d_t60_20260510_splitstem_dagger/camera_head_pretrained_best.pth
specular,0.0,1.0,0.0,1.7487355470657349,0.6019511818885803,0.9808159470558167,far_left,0.3765804171562195,0.4089260697364807,0.3628019690513611,26,collision,157,dagger,DAgger-relabel pretrained camera,checkpoint/closed_loop_teacher_camera_policy_light_v3d_t60_20260510_splitstem_dagger/camera_head_pretrained_best.pth
specular,0.0,1.0,0.0,1.7246736288070679,0.5861822962760925,0.984213650226593,far_left,0.37708938121795654,0.37748420238494873,0.3506650924682617,27,collision,158,dagger,DAgger-relabel pretrained camera,checkpoint/closed_loop_teacher_camera_policy_light_v3d_t60_20260510_splitstem_dagger/camera_head_pretrained_best.pth
specular,0.0,1.0,0.0,1.7458560466766357,0.5840601921081543,0.9829282760620117,far_left,0.3808487057685852,0.387965589761734,0.34555238485336304,28,collision,159,dagger,DAgger-relabel pretrained camera,checkpoint/closed_loop_teacher_camera_policy_light_v3d_t60_20260510_splitstem_dagger/camera_head_pretrained_best.pth
specular,0.0,1.0,0.0,1.7564212083816528,0.5866638422012329,0.9848304986953735,far_left,0.36950141191482544,0.3933614194393158,0.35490861535072327,28,collision,160,dagger,DAgger-relabel pretrained camera,checkpoint/closed_loop_teacher_camera_policy_light_v3d_t60_20260510_splitstem_dagger/camera_head_pretrained_best.pth
specular,0.0,1.0,0.0,1.702775001525879,0.6092583537101746,0.9832398891448975,far_right,0.3733356297016144,0.39196693897247314,0.3608744144439697,27,collision,161,dagger,DAgger-relabel pretrained camera,checkpoint/closed_loop_teacher_camera_policy_light_v3d_t60_20260510_splitstem_dagger/camera_head_pretrained_best.pth
specular,0.0,1.0,0.0,1.7196862697601318,0.6013974547386169,0.9838016629219055,far_left,0.37082841992378235,0.38547706604003906,0.35811302065849304,28,collision,162,dagger,DAgger-relabel pretrained camera,checkpoint/closed_loop_teacher_camera_policy_light_v3d_t60_20260510_splitstem_dagger/camera_head_pretrained_best.pth
specular,0.0,1.0,0.0,1.758182168006897,0.5930132269859314,0.9834123849868774,far_left,0.3710509240627289,0.3851589560508728,0.35928845405578613,27,collision,163,dagger,DAgger-relabel pretrained camera,checkpoint/closed_loop_teacher_camera_policy_light_v3d_t60_20260510_splitstem_dagger/camera_head_pretrained_best.pth
specular,0.0,1.0,0.0,1.7728132009506226,0.6068558692932129,0.981131911277771,right,0.37875422835350037,0.4179809093475342,0.36450672149658203,25,collision,164,dagger,DAgger-relabel pretrained camera,checkpoint/closed_loop_teacher_camera_policy_light_v3d_t60_20260510_splitstem_dagger/camera_head_pretrained_best.pth
specular,0.0,1.0,0.0,1.7680606842041016,0.5960074663162231,0.9819211363792419,far_left,0.3712197244167328,0.40351036190986633,0.3599449098110199,27,collision,165,dagger,DAgger-relabel pretrained camera,checkpoint/closed_loop_teacher_camera_policy_light_v3d_t60_20260510_splitstem_dagger/camera_head_pretrained_best.pth
specular,0.0,1.0,0.0,1.7107855081558228,0.6199901700019836,0.9840103983879089,left,0.3793679475784302,0.3962612748146057,0.364285409450531,26,collision,166,dagger,DAgger-relabel pretrained camera,checkpoint/closed_loop_teacher_camera_policy_light_v3d_t60_20260510_splitstem_dagger/camera_head_pretrained_best.pth
specular,1.0,0.0,1.0,0.1816948503255844,0.6216270327568054,0.9926649332046509,right,0.4358217418193817,0.4302799105644226,0.41328534483909607,60,timeout,167,dagger,DAgger-relabel pretrained camera,checkpoint/closed_loop_teacher_camera_policy_light_v3d_t60_20260510_splitstem_dagger/camera_head_pretrained_best.pth
specular,0.0,1.0,0.0,1.7225185632705688,0.5896217823028564,0.9843642711639404,far_right,0.3741569519042969,0.3945721685886383,0.36398932337760925,28,collision,168,dagger,DAgger-relabel pretrained camera,checkpoint/closed_loop_teacher_camera_policy_light_v3d_t60_20260510_splitstem_dagger/camera_head_pretrained_best.pth
specular,0.0,1.0,0.0,1.7629950046539307,0.6146068572998047,0.9818113446235657,left,0.376340389251709,0.4122738540172577,0.3582145571708679,26,collision,169,dagger,DAgger-relabel pretrained camera,checkpoint/closed_loop_teacher_camera_policy_light_v3d_t60_20260510_splitstem_dagger/camera_head_pretrained_best.pth
specular,0.0,1.0,0.0,1.7199430465698242,0.5855469107627869,0.9839617013931274,far_left,0.37271562218666077,0.3862791657447815,0.3545960783958435,29,collision,170,dagger,DAgger-relabel pretrained camera,checkpoint/closed_loop_teacher_camera_policy_light_v3d_t60_20260510_splitstem_dagger/camera_head_pretrained_best.pth
specular,0.0,1.0,0.0,1.779521107673645,0.6354675889015198,0.9804373383522034,far_right,0.3764195740222931,0.40824973583221436,0.3624545931816101,24,collision,171,dagger,DAgger-relabel pretrained camera,checkpoint/closed_loop_teacher_camera_policy_light_v3d_t60_20260510_splitstem_dagger/camera_head_pretrained_best.pth
specular,0.0,1.0,0.0,1.7557874917984009,0.6010712385177612,0.982531726360321,far_right,0.38138332962989807,0.40269050002098083,0.3618845045566559,28,collision,172,dagger,DAgger-relabel pretrained camera,checkpoint/closed_loop_teacher_camera_policy_light_v3d_t60_20260510_splitstem_dagger/camera_head_pretrained_best.pth
specular,0.0,1.0,0.0,1.7634302377700806,0.611470103263855,0.9821158647537231,left,0.3753940761089325,0.40903928875923157,0.36242368817329407,27,collision,173,dagger,DAgger-relabel pretrained camera,checkpoint/closed_loop_teacher_camera_policy_light_v3d_t60_20260510_splitstem_dagger/camera_head_pretrained_best.pth
specular,0.0,1.0,0.0,1.7766755819320679,0.5833021402359009,0.9829115271568298,far_left,0.37082695960998535,0.39848729968070984,0.3572353720664978,27,collision,174,dagger,DAgger-relabel pretrained camera,checkpoint/closed_loop_teacher_camera_policy_light_v3d_t60_20260510_splitstem_dagger/camera_head_pretrained_best.pth
specular,0.0,1.0,0.0,1.754676103591919,0.6212956309318542,0.9819433689117432,far_right,0.38111013174057007,0.4062856435775757,0.36208808422088623,27,collision,175,dagger,DAgger-relabel pretrained camera,checkpoint/closed_loop_teacher_camera_policy_light_v3d_t60_20260510_splitstem_dagger/camera_head_pretrained_best.pth
specular,0.0,1.0,0.0,1.7565261125564575,0.5878596901893616,0.9842804074287415,far_left,0.3705478310585022,0.3971966505050659,0.35671529173851013,27,collision,176,dagger,DAgger-relabel pretrained camera,checkpoint/closed_loop_teacher_camera_policy_light_v3d_t60_20260510_splitstem_dagger/camera_head_pretrained_best.pth
specular,0.0,1.0,0.0,1.7095324993133545,0.6329805254936218,0.9835013747215271,left,0.3798200190067291,0.3955794870853424,0.36247900128364563,27,collision,177,dagger,DAgger-relabel pretrained camera,checkpoint/closed_loop_teacher_camera_policy_light_v3d_t60_20260510_splitstem_dagger/camera_head_pretrained_best.pth
specular,0.0,1.0,0.0,1.7316287755966187,0.5899802446365356,0.9824030995368958,far_right,0.3977789878845215,0.37703531980514526,0.33702149987220764,28,collision,178,dagger,DAgger-relabel pretrained camera,checkpoint/closed_loop_teacher_camera_policy_light_v3d_t60_20260510_splitstem_dagger/camera_head_pretrained_best.pth
specular,0.0,1.0,0.0,1.749588131904602,0.620022714138031,0.9846476912498474,right,0.3732890188694,0.38741976022720337,0.3595273196697235,27,collision,179,dagger,DAgger-relabel pretrained camera,checkpoint/closed_loop_teacher_camera_policy_light_v3d_t60_20260510_splitstem_dagger/camera_head_pretrained_best.pth
specular,0.0,1.0,0.0,1.5006110668182373,0.6703358292579651,0.9825975894927979,left,0.38078629970550537,0.41729602217674255,0.36425837874412537,29,collision,180,dagger,DAgger-relabel pretrained camera,checkpoint/closed_loop_teacher_camera_policy_light_v3d_t60_20260510_splitstem_dagger/camera_head_pretrained_best.pth
specular,0.0,1.0,0.0,1.7610304355621338,0.5820794105529785,0.9826611876487732,far_right,0.3780626356601715,0.40581104159355164,0.3649352192878723,27,collision,181,dagger,DAgger-relabel pretrained camera,checkpoint/closed_loop_teacher_camera_policy_light_v3d_t60_20260510_splitstem_dagger/camera_head_pretrained_best.pth
specular,0.0,1.0,0.0,1.7280892133712769,0.6018893122673035,0.9834426641464233,far_right,0.37834715843200684,0.40160447359085083,0.3647294342517853,28,collision,182,dagger,DAgger-relabel pretrained camera,checkpoint/closed_loop_teacher_camera_policy_light_v3d_t60_20260510_splitstem_dagger/camera_head_pretrained_best.pth
specular,0.0,1.0,0.0,1.6964699029922485,0.6503254771232605,0.9818575978279114,left,0.3801630437374115,0.3964134752750397,0.3602950870990753,26,collision,183,dagger,DAgger-relabel pretrained camera,checkpoint/closed_loop_teacher_camera_policy_light_v3d_t60_20260510_splitstem_dagger/camera_head_pretrained_best.pth
specular,0.0,1.0,0.0,1.7335247993469238,0.6244583129882812,0.9824420809745789,left,0.3751796782016754,0.388690710067749,0.3556262254714966,26,collision,184,dagger,DAgger-relabel pretrained camera,checkpoint/closed_loop_teacher_camera_policy_light_v3d_t60_20260510_splitstem_dagger/camera_head_pretrained_best.pth
specular,0.0,1.0,0.0,1.7210325002670288,0.6023542284965515,0.9845252633094788,right,0.3721921145915985,0.38159695267677307,0.3575860261917114,27,collision,185,dagger,DAgger-relabel pretrained camera,checkpoint/closed_loop_teacher_camera_policy_light_v3d_t60_20260510_splitstem_dagger/camera_head_pretrained_best.pth
specular,0.0,1.0,0.0,1.7203187942504883,0.6132864356040955,0.9839075803756714,far_left,0.37091535329818726,0.3873704969882965,0.3609900176525116,27,collision,186,dagger,DAgger-relabel pretrained camera,checkpoint/closed_loop_teacher_camera_policy_light_v3d_t60_20260510_splitstem_dagger/camera_head_pretrained_best.pth
specular,0.0,1.0,0.0,1.760998249053955,0.6279971599578857,0.9802698493003845,far_left,0.37382838129997253,0.4041736125946045,0.3620271682739258,25,collision,187,dagger,DAgger-relabel pretrained camera,checkpoint/closed_loop_teacher_camera_policy_light_v3d_t60_20260510_splitstem_dagger/camera_head_pretrained_best.pth
specular,0.0,1.0,0.0,1.7361197471618652,0.578542947769165,0.9830032587051392,far_left,0.37602970004081726,0.3916940987110138,0.3496767580509186,28,collision,188,dagger,DAgger-relabel pretrained camera,checkpoint/closed_loop_teacher_camera_policy_light_v3d_t60_20260510_splitstem_dagger/camera_head_pretrained_best.pth
specular,0.0,1.0,0.0,1.7483220100402832,0.6323683261871338,0.9837731719017029,left,0.3863079249858856,0.3760952651500702,0.348070353269577,26,collision,189,dagger,DAgger-relabel pretrained camera,checkpoint/closed_loop_teacher_camera_policy_light_v3d_t60_20260510_splitstem_dagger/camera_head_pretrained_best.pth
specular,0.0,1.0,0.0,1.7310062646865845,0.607146680355072,0.9818190336227417,far_left,0.3765508532524109,0.41219764947891235,0.3624718189239502,28,collision,190,dagger,DAgger-relabel pretrained camera,checkpoint/closed_loop_teacher_camera_policy_light_v3d_t60_20260510_splitstem_dagger/camera_head_pretrained_best.pth
specular,0.0,1.0,0.0,1.7764639854431152,0.6417617797851562,0.9829764366149902,far_right,0.37391600012779236,0.3924601078033447,0.36281222105026245,25,collision,191,dagger,DAgger-relabel pretrained camera,checkpoint/closed_loop_teacher_camera_policy_light_v3d_t60_20260510_splitstem_dagger/camera_head_pretrained_best.pth
specular,0.0,1.0,0.0,1.7327392101287842,0.5992188453674316,0.984991192817688,right,0.3730059862136841,0.3806402385234833,0.35635611414909363,28,collision,192,dagger,DAgger-relabel pretrained camera,checkpoint/closed_loop_teacher_camera_policy_light_v3d_t60_20260510_splitstem_dagger/camera_head_pretrained_best.pth
specular,0.0,1.0,0.0,1.7103650569915771,0.6434122323989868,0.9806616306304932,right,0.3754987120628357,0.4291960597038269,0.35929083824157715,25,collision,193,dagger,DAgger-relabel pretrained camera,checkpoint/closed_loop_teacher_camera_policy_light_v3d_t60_20260510_splitstem_dagger/camera_head_pretrained_best.pth
specular,0.0,1.0,0.0,1.7568522691726685,0.6254257559776306,0.9800829887390137,right,0.3880276679992676,0.42466992139816284,0.3638230264186859,25,collision,194,dagger,DAgger-relabel pretrained camera,checkpoint/closed_loop_teacher_camera_policy_light_v3d_t60_20260510_splitstem_dagger/camera_head_pretrained_best.pth
specular,0.0,1.0,0.0,1.7609596252441406,0.6027052998542786,0.9823669195175171,right,0.37712517380714417,0.40228235721588135,0.36194151639938354,26,collision,195,dagger,DAgger-relabel pretrained camera,checkpoint/closed_loop_teacher_camera_policy_light_v3d_t60_20260510_splitstem_dagger/camera_head_pretrained_best.pth
specular,0.0,1.0,0.0,1.7065881490707397,0.623304545879364,0.9835571050643921,left,0.37795916199684143,0.40216338634490967,0.36095869541168213,27,collision,196,dagger,DAgger-relabel pretrained camera,checkpoint/closed_loop_teacher_camera_policy_light_v3d_t60_20260510_splitstem_dagger/camera_head_pretrained_best.pth
specular,0.0,1.0,0.0,1.7331167459487915,0.5689018964767456,0.9840133190155029,far_left,0.3786070942878723,0.39480096101760864,0.3564615547657013,29,collision,197,dagger,DAgger-relabel pretrained camera,checkpoint/closed_loop_teacher_camera_policy_light_v3d_t60_20260510_splitstem_dagger/camera_head_pretrained_best.pth
specular,0.0,1.0,0.0,1.7279571294784546,0.6141043901443481,0.981585681438446,right,0.379824161529541,0.41629526019096375,0.363675594329834,26,collision,198,dagger,DAgger-relabel pretrained camera,checkpoint/closed_loop_teacher_camera_policy_light_v3d_t60_20260510_splitstem_dagger/camera_head_pretrained_best.pth
specular,0.0,1.0,0.0,1.7309566736221313,0.5685950517654419,0.9841322898864746,far_left,0.3775880038738251,0.3956183195114136,0.35668283700942993,29,collision,199,dagger,DAgger-relabel pretrained camera,checkpoint/closed_loop_teacher_camera_policy_light_v3d_t60_20260510_splitstem_dagger/camera_head_pretrained_best.pth
specular,0.0,1.0,0.0,1.7669134140014648,0.5907697081565857,0.9829727411270142,far_left,0.37276560068130493,0.39070865511894226,0.3560335636138916,27,collision,200,dagger,DAgger-relabel pretrained camera,checkpoint/closed_loop_teacher_camera_policy_light_v3d_t60_20260510_splitstem_dagger/camera_head_pretrained_best.pth
specular,1.0,0.0,1.0,0.09301682561635971,0.6089035272598267,0.9933473467826843,left,0.4353693723678589,0.42973992228507996,0.4129573106765747,60,timeout,201,dagger,DAgger-relabel pretrained camera,checkpoint/closed_loop_teacher_camera_policy_light_v3d_t60_20260510_splitstem_dagger/camera_head_pretrained_best.pth
specular,0.0,1.0,0.0,1.7639583349227905,0.5888363122940063,0.9825944304466248,far_left,0.3698480427265167,0.39336249232292175,0.358699232339859,27,collision,202,dagger,DAgger-relabel pretrained camera,checkpoint/closed_loop_teacher_camera_policy_light_v3d_t60_20260510_splitstem_dagger/camera_head_pretrained_best.pth
specular,0.0,1.0,0.0,1.7477455139160156,0.577416718006134,0.9825388193130493,far_left,0.3700536787509918,0.40307942032814026,0.3574126362800598,27,collision,203,dagger,DAgger-relabel pretrained camera,checkpoint/closed_loop_teacher_camera_policy_light_v3d_t60_20260510_splitstem_dagger/camera_head_pretrained_best.pth
specular,0.0,1.0,0.0,1.630366325378418,0.6355921626091003,0.982260525226593,left,0.37993794679641724,0.4064348042011261,0.36128079891204834,27,collision,204,dagger,DAgger-relabel pretrained camera,checkpoint/closed_loop_teacher_camera_policy_light_v3d_t60_20260510_splitstem_dagger/camera_head_pretrained_best.pth
specular,0.0,1.0,0.0,1.6771950721740723,0.6261153221130371,0.9846978187561035,left,0.37992164492607117,0.396355539560318,0.3640894591808319,27,collision,205,dagger,DAgger-relabel pretrained camera,checkpoint/closed_loop_teacher_camera_policy_light_v3d_t60_20260510_splitstem_dagger/camera_head_pretrained_best.pth
specular,0.0,1.0,0.0,1.6609668731689453,0.6397523283958435,0.9827335476875305,left,0.37869992852211,0.4042814075946808,0.36089587211608887,27,collision,206,dagger,DAgger-relabel pretrained camera,checkpoint/closed_loop_teacher_camera_policy_light_v3d_t60_20260510_splitstem_dagger/camera_head_pretrained_best.pth
specular,0.0,1.0,0.0,1.739662528038025,0.5936482548713684,0.9816039800643921,left,0.3837309777736664,0.416192889213562,0.3625592291355133,27,collision,207,dagger,DAgger-relabel pretrained camera,checkpoint/closed_loop_teacher_camera_policy_light_v3d_t60_20260510_splitstem_dagger/camera_head_pretrained_best.pth
specular,0.0,1.0,0.0,1.7556188106536865,0.6085139513015747,0.9820138216018677,left,0.37643834948539734,0.4148898124694824,0.3601698875427246,26,collision,208,dagger,DAgger-relabel pretrained camera,checkpoint/closed_loop_teacher_camera_policy_light_v3d_t60_20260510_splitstem_dagger/camera_head_pretrained_best.pth
specular,0.0,1.0,0.0,1.7336655855178833,0.6181005835533142,0.9815971851348877,left,0.3781748116016388,0.4421657919883728,0.36677441000938416,26,collision,209,dagger,DAgger-relabel pretrained camera,checkpoint/closed_loop_teacher_camera_policy_light_v3d_t60_20260510_splitstem_dagger/camera_head_pretrained_best.pth
specular,0.0,1.0,0.0,1.7784873247146606,0.6183218955993652,0.9829463362693787,right,0.37476009130477905,0.39519640803337097,0.3613359332084656,25,collision,210,dagger,DAgger-relabel pretrained camera,checkpoint/closed_loop_teacher_camera_policy_light_v3d_t60_20260510_splitstem_dagger/camera_head_pretrained_best.pth
specular,0.0,1.0,0.0,1.7502208948135376,0.6211621165275574,0.9839814305305481,far_right,0.37412452697753906,0.3939312994480133,0.3624509871006012,26,collision,211,dagger,DAgger-relabel pretrained camera,checkpoint/closed_loop_teacher_camera_policy_light_v3d_t60_20260510_splitstem_dagger/camera_head_pretrained_best.pth
specular,0.0,1.0,0.0,1.7305513620376587,0.6052583456039429,0.9828504323959351,right,0.37047457695007324,0.39350175857543945,0.3558398187160492,27,collision,212,dagger,DAgger-relabel pretrained camera,checkpoint/closed_loop_teacher_camera_policy_light_v3d_t60_20260510_splitstem_dagger/camera_head_pretrained_best.pth
specular,0.0,1.0,0.0,1.7350881099700928,0.5644141435623169,0.9830678105354309,far_left,0.3750111162662506,0.3934064507484436,0.34898316860198975,29,collision,213,dagger,DAgger-relabel pretrained camera,checkpoint/closed_loop_teacher_camera_policy_light_v3d_t60_20260510_splitstem_dagger/camera_head_pretrained_best.pth
specular,0.0,1.0,0.0,1.75983726978302,0.5968332886695862,0.9809895753860474,far_left,0.37664759159088135,0.4072395861148834,0.36217841506004333,26,collision,214,dagger,DAgger-relabel pretrained camera,checkpoint/closed_loop_teacher_camera_policy_light_v3d_t60_20260510_splitstem_dagger/camera_head_pretrained_best.pth
specular,0.0,1.0,0.0,1.7635995149612427,0.572492778301239,0.9838019013404846,far_right,0.38040998578071594,0.40020298957824707,0.3660483956336975,27,collision,215,dagger,DAgger-relabel pretrained camera,checkpoint/closed_loop_teacher_camera_policy_light_v3d_t60_20260510_splitstem_dagger/camera_head_pretrained_best.pth
specular,0.0,1.0,0.0,1.75715970993042,0.5781274437904358,0.9831286072731018,far_right,0.38714390993118286,0.3810955584049225,0.3472914397716522,27,collision,216,dagger,DAgger-relabel pretrained camera,checkpoint/closed_loop_teacher_camera_policy_light_v3d_t60_20260510_splitstem_dagger/camera_head_pretrained_best.pth
specular,0.0,1.0,0.0,1.7380868196487427,0.5754612684249878,0.9837588667869568,far_left,0.37411418557167053,0.40104201436042786,0.3578275740146637,28,collision,217,dagger,DAgger-relabel pretrained camera,checkpoint/closed_loop_teacher_camera_policy_light_v3d_t60_20260510_splitstem_dagger/camera_head_pretrained_best.pth
specular,0.0,1.0,0.0,1.7309309244155884,0.6026999354362488,0.9839410185813904,far_left,0.3717239201068878,0.3941207528114319,0.3574684262275696,27,collision,218,dagger,DAgger-relabel pretrained camera,checkpoint/closed_loop_teacher_camera_policy_light_v3d_t60_20260510_splitstem_dagger/camera_head_pretrained_best.pth
specular,0.0,1.0,0.0,1.7364490032196045,0.6670417189598083,0.9800410270690918,right,0.3768049478530884,0.42858004570007324,0.3641769587993622,24,collision,219,dagger,DAgger-relabel pretrained camera,checkpoint/closed_loop_teacher_camera_policy_light_v3d_t60_20260510_splitstem_dagger/camera_head_pretrained_best.pth
specular,0.0,1.0,0.0,1.717970609664917,0.6315190196037292,0.9814120531082153,far_left,0.3706037700176239,0.38754066824913025,0.3592343032360077,26,collision,220,dagger,DAgger-relabel pretrained camera,checkpoint/closed_loop_teacher_camera_policy_light_v3d_t60_20260510_splitstem_dagger/camera_head_pretrained_best.pth
specular,0.0,1.0,0.0,1.6595141887664795,0.6106471419334412,0.9833622574806213,right,0.3768238127231598,0.3938451111316681,0.36165621876716614,28,collision,221,dagger,DAgger-relabel pretrained camera,checkpoint/closed_loop_teacher_camera_policy_light_v3d_t60_20260510_splitstem_dagger/camera_head_pretrained_best.pth
specular,0.0,1.0,0.0,1.7576537132263184,0.6081618070602417,0.9813657402992249,far_left,0.3778443932533264,0.4032891094684601,0.35957369208335876,26,collision,222,dagger,DAgger-relabel pretrained camera,checkpoint/closed_loop_teacher_camera_policy_light_v3d_t60_20260510_splitstem_dagger/camera_head_pretrained_best.pth
specular,0.0,1.0,0.0,1.7077758312225342,0.5936819911003113,0.9831397533416748,right,0.371640682220459,0.3979191482067108,0.3567490577697754,27,collision,223,dagger,DAgger-relabel pretrained camera,checkpoint/closed_loop_teacher_camera_policy_light_v3d_t60_20260510_splitstem_dagger/camera_head_pretrained_best.pth
specular,0.0,1.0,0.0,1.7617676258087158,0.5943862795829773,0.9842859506607056,left,0.38813045620918274,0.3747676908969879,0.34823131561279297,27,collision,224,dagger,DAgger-relabel pretrained camera,checkpoint/closed_loop_teacher_camera_policy_light_v3d_t60_20260510_splitstem_dagger/camera_head_pretrained_best.pth
specular,0.0,1.0,0.0,1.7750858068466187,0.5993503928184509,0.9833044409751892,far_left,0.3715098798274994,0.3880014419555664,0.3600720167160034,26,collision,225,dagger,DAgger-relabel pretrained camera,checkpoint/closed_loop_teacher_camera_policy_light_v3d_t60_20260510_splitstem_dagger/camera_head_pretrained_best.pth
specular,0.0,1.0,0.0,1.7309272289276123,0.5966345071792603,0.9824998378753662,left,0.3760139048099518,0.40955838561058044,0.3567901849746704,27,collision,226,dagger,DAgger-relabel pretrained camera,checkpoint/closed_loop_teacher_camera_policy_light_v3d_t60_20260510_splitstem_dagger/camera_head_pretrained_best.pth
specular,0.0,1.0,0.0,1.7534904479980469,0.5889814496040344,0.9824274778366089,far_left,0.37392184138298035,0.39116713404655457,0.35592055320739746,27,collision,227,dagger,DAgger-relabel pretrained camera,checkpoint/closed_loop_teacher_camera_policy_light_v3d_t60_20260510_splitstem_dagger/camera_head_pretrained_best.pth
specular,0.0,1.0,0.0,1.7617127895355225,0.6004545092582703,0.983323335647583,far_right,0.37647151947021484,0.3962576687335968,0.3621176779270172,27,collision,228,dagger,DAgger-relabel pretrained camera,checkpoint/closed_loop_teacher_camera_policy_light_v3d_t60_20260510_splitstem_dagger/camera_head_pretrained_best.pth
specular,0.0,1.0,0.0,1.7401422262191772,0.5616176128387451,0.9845455884933472,far_left,0.37089499831199646,0.3945861756801605,0.3563487231731415,29,collision,229,dagger,DAgger-relabel pretrained camera,checkpoint/closed_loop_teacher_camera_policy_light_v3d_t60_20260510_splitstem_dagger/camera_head_pretrained_best.pth
specular,0.0,1.0,0.0,1.7188507318496704,0.6329056620597839,0.9839756488800049,left,0.3790050745010376,0.39413368701934814,0.3628765344619751,26,collision,230,dagger,DAgger-relabel pretrained camera,checkpoint/closed_loop_teacher_camera_policy_light_v3d_t60_20260510_splitstem_dagger/camera_head_pretrained_best.pth
specular,0.0,1.0,0.0,1.7444795370101929,0.6111094355583191,0.9842999577522278,far_right,0.3761923909187317,0.3961296081542969,0.3617022633552551,28,collision,231,dagger,DAgger-relabel pretrained camera,checkpoint/closed_loop_teacher_camera_policy_light_v3d_t60_20260510_splitstem_dagger/camera_head_pretrained_best.pth
specular,0.0,1.0,0.0,1.781550407409668,0.6121550798416138,0.9802517890930176,left,0.3847592771053314,0.4344522953033447,0.3690010905265808,25,collision,232,dagger,DAgger-relabel pretrained camera,checkpoint/closed_loop_teacher_camera_policy_light_v3d_t60_20260510_splitstem_dagger/camera_head_pretrained_best.pth
specular,0.0,1.0,0.0,1.7552740573883057,0.6289068460464478,0.9812464118003845,left,0.37812837958335876,0.39701661467552185,0.35713666677474976,25,collision,233,dagger,DAgger-relabel pretrained camera,checkpoint/closed_loop_teacher_camera_policy_light_v3d_t60_20260510_splitstem_dagger/camera_head_pretrained_best.pth
specular,0.0,1.0,0.0,1.7479627132415771,0.5956231355667114,0.9847875833511353,far_left,0.3701087534427643,0.3953239321708679,0.355131059885025,28,collision,234,dagger,DAgger-relabel pretrained camera,checkpoint/closed_loop_teacher_camera_policy_light_v3d_t60_20260510_splitstem_dagger/camera_head_pretrained_best.pth
specular,0.0,1.0,0.0,1.7748115062713623,0.6060619354248047,0.9811573624610901,far_left,0.3740936815738678,0.4076792895793915,0.3593437969684601,26,collision,235,dagger,DAgger-relabel pretrained camera,checkpoint/closed_loop_teacher_camera_policy_light_v3d_t60_20260510_splitstem_dagger/camera_head_pretrained_best.pth
specular,0.0,1.0,0.0,1.7246437072753906,0.581773579120636,0.9824835062026978,left,0.38022634387016296,0.4316999912261963,0.3717808127403259,28,collision,236,dagger,DAgger-relabel pretrained camera,checkpoint/closed_loop_teacher_camera_policy_light_v3d_t60_20260510_splitstem_dagger/camera_head_pretrained_best.pth
specular,0.0,1.0,0.0,1.706986904144287,0.6247116327285767,0.9806978106498718,right,0.3723488450050354,0.43054622411727905,0.35747653245925903,25,collision,237,dagger,DAgger-relabel pretrained camera,checkpoint/closed_loop_teacher_camera_policy_light_v3d_t60_20260510_splitstem_dagger/camera_head_pretrained_best.pth
specular,0.0,1.0,0.0,1.7459813356399536,0.6109919548034668,0.9816839098930359,right,0.3708304464817047,0.4173688292503357,0.3572229743003845,26,collision,238,dagger,DAgger-relabel pretrained camera,checkpoint/closed_loop_teacher_camera_policy_light_v3d_t60_20260510_splitstem_dagger/camera_head_pretrained_best.pth
specular,0.0,1.0,0.0,1.7151745557785034,0.5725241899490356,0.9834372997283936,far_left,0.3710954189300537,0.39659419655799866,0.3566439151763916,28,collision,239,dagger,DAgger-relabel pretrained camera,checkpoint/closed_loop_teacher_camera_policy_light_v3d_t60_20260510_splitstem_dagger/camera_head_pretrained_best.pth
specular,0.0,1.0,0.0,1.715883731842041,0.6348699331283569,0.9813772439956665,left,0.37740346789360046,0.4139115810394287,0.3594321310520172,26,collision,240,dagger,DAgger-relabel pretrained camera,checkpoint/closed_loop_teacher_camera_policy_light_v3d_t60_20260510_splitstem_dagger/camera_head_pretrained_best.pth
specular,0.0,1.0,0.0,1.7245135307312012,0.6168675422668457,0.9842303991317749,far_right,0.3785068094730377,0.40029898285865784,0.36478930711746216,27,collision,241,dagger,DAgger-relabel pretrained camera,checkpoint/closed_loop_teacher_camera_policy_light_v3d_t60_20260510_splitstem_dagger/camera_head_pretrained_best.pth
specular,0.0,1.0,0.0,1.7513960599899292,0.6035823225975037,0.9811227321624756,right,0.3820028603076935,0.4204796552658081,0.36326587200164795,26,collision,242,dagger,DAgger-relabel pretrained camera,checkpoint/closed_loop_teacher_camera_policy_light_v3d_t60_20260510_splitstem_dagger/camera_head_pretrained_best.pth
specular,0.0,1.0,0.0,1.7232990264892578,0.6249166131019592,0.9835416674613953,right,0.37443310022354126,0.39218252897262573,0.3618302345275879,26,collision,243,dagger,DAgger-relabel pretrained camera,checkpoint/closed_loop_teacher_camera_policy_light_v3d_t60_20260510_splitstem_dagger/camera_head_pretrained_best.pth
specular,0.0,1.0,0.0,1.7672781944274902,0.6022431254386902,0.9832510352134705,right,0.36985766887664795,0.3909026086330414,0.35683000087738037,27,collision,244,dagger,DAgger-relabel pretrained camera,checkpoint/closed_loop_teacher_camera_policy_light_v3d_t60_20260510_splitstem_dagger/camera_head_pretrained_best.pth
specular,0.0,1.0,0.0,1.735203504562378,0.5903263092041016,0.9833247065544128,far_right,0.3790596127510071,0.4002416431903839,0.3614696264266968,28,collision,245,dagger,DAgger-relabel pretrained camera,checkpoint/closed_loop_teacher_camera_policy_light_v3d_t60_20260510_splitstem_dagger/camera_head_pretrained_best.pth
specular,0.0,1.0,0.0,1.7109936475753784,0.6405964493751526,0.9812963008880615,left,0.37734365463256836,0.40725061297416687,0.3573091924190521,26,collision,246,dagger,DAgger-relabel pretrained camera,checkpoint/closed_loop_teacher_camera_policy_light_v3d_t60_20260510_splitstem_dagger/camera_head_pretrained_best.pth
specular,0.0,1.0,0.0,1.7533758878707886,0.5541315078735352,0.9845713376998901,far_right,0.3831065595149994,0.40046408772468567,0.36640483140945435,29,collision,247,dagger,DAgger-relabel pretrained camera,checkpoint/closed_loop_teacher_camera_policy_light_v3d_t60_20260510_splitstem_dagger/camera_head_pretrained_best.pth
specular,0.0,1.0,0.0,1.7167431116104126,0.5926815271377563,0.9827032089233398,left,0.3752089738845825,0.40254685282707214,0.3591737747192383,28,collision,248,dagger,DAgger-relabel pretrained camera,checkpoint/closed_loop_teacher_camera_policy_light_v3d_t60_20260510_splitstem_dagger/camera_head_pretrained_best.pth
specular,0.0,1.0,0.0,1.7078323364257812,0.628431499004364,0.9844028353691101,left,0.38790756464004517,0.3718607425689697,0.34741127490997314,27,collision,249,dagger,DAgger-relabel pretrained camera,checkpoint/closed_loop_teacher_camera_policy_light_v3d_t60_20260510_splitstem_dagger/camera_head_pretrained_best.pth
specular,0.0,1.0,0.0,1.7232601642608643,0.6356546878814697,0.9823148250579834,far_left,0.3710029125213623,0.3873336613178253,0.35934728384017944,26,collision,250,dagger,DAgger-relabel pretrained camera,checkpoint/closed_loop_teacher_camera_policy_light_v3d_t60_20260510_splitstem_dagger/camera_head_pretrained_best.pth
specular,0.0,1.0,0.0,1.775356411933899,0.5811181664466858,0.9840133786201477,far_left,0.37254711985588074,0.3897669017314911,0.359319269657135,27,collision,251,dagger,DAgger-relabel pretrained camera,checkpoint/closed_loop_teacher_camera_policy_light_v3d_t60_20260510_splitstem_dagger/camera_head_pretrained_best.pth
specular,0.0,1.0,0.0,1.710721731185913,0.6206159591674805,0.9811457395553589,right,0.3734530508518219,0.4202057123184204,0.3583942949771881,26,collision,252,dagger,DAgger-relabel pretrained camera,checkpoint/closed_loop_teacher_camera_policy_light_v3d_t60_20260510_splitstem_dagger/camera_head_pretrained_best.pth
specular,0.0,1.0,0.0,1.7620211839675903,0.5848636031150818,0.9824775457382202,far_left,0.3745661675930023,0.39036527276039124,0.35699787735939026,27,collision,253,dagger,DAgger-relabel pretrained camera,checkpoint/closed_loop_teacher_camera_policy_light_v3d_t60_20260510_splitstem_dagger/camera_head_pretrained_best.pth
specular,0.0,1.0,0.0,1.7414880990982056,0.5856735110282898,0.9820268154144287,far_right,0.374953955411911,0.40004196763038635,0.3589216470718384,27,collision,254,dagger,DAgger-relabel pretrained camera,checkpoint/closed_loop_teacher_camera_policy_light_v3d_t60_20260510_splitstem_dagger/camera_head_pretrained_best.pth
specular,0.0,1.0,0.0,1.7522746324539185,0.5651033520698547,0.9827781915664673,far_left,0.37929677963256836,0.3946024477481842,0.35323643684387207,28,collision,255,dagger,DAgger-relabel pretrained camera,checkpoint/closed_loop_teacher_camera_policy_light_v3d_t60_20260510_splitstem_dagger/camera_head_pretrained_best.pth
specular,0.0,1.0,0.0,1.6587220430374146,0.6111462116241455,0.982360303401947,left,0.37931838631629944,0.4140492081642151,0.36254140734672546,28,collision,256,dagger,DAgger-relabel pretrained camera,checkpoint/closed_loop_teacher_camera_policy_light_v3d_t60_20260510_splitstem_dagger/camera_head_pretrained_best.pth
specular,0.0,1.0,0.0,1.776692271232605,0.5743394494056702,0.9849858283996582,far_right,0.37398284673690796,0.3918358087539673,0.3606749176979065,28,collision,257,dagger,DAgger-relabel pretrained camera,checkpoint/closed_loop_teacher_camera_policy_light_v3d_t60_20260510_splitstem_dagger/camera_head_pretrained_best.pth
specular,1.0,0.0,1.0,0.07274726033210754,0.5948542952537537,0.9921779036521912,left,0.44234856963157654,0.4498659670352936,0.4159899950027466,60,timeout,258,dagger,DAgger-relabel pretrained camera,checkpoint/closed_loop_teacher_camera_policy_light_v3d_t60_20260510_splitstem_dagger/camera_head_pretrained_best.pth
specular,0.0,1.0,0.0,1.7188005447387695,0.6006478071212769,0.9827728271484375,far_left,0.3733159303665161,0.3986537754535675,0.35392364859580994,28,collision,259,dagger,DAgger-relabel pretrained camera,checkpoint/closed_loop_teacher_camera_policy_light_v3d_t60_20260510_splitstem_dagger/camera_head_pretrained_best.pth
specular,0.0,1.0,0.0,1.7365046739578247,0.6064872741699219,0.9826779365539551,far_left,0.37050020694732666,0.38789641857147217,0.3562203347682953,27,collision,260,dagger,DAgger-relabel pretrained camera,checkpoint/closed_loop_teacher_camera_policy_light_v3d_t60_20260510_splitstem_dagger/camera_head_pretrained_best.pth
specular,0.0,1.0,0.0,1.7120012044906616,0.620773196220398,0.9814409613609314,right,0.3731837272644043,0.42582210898399353,0.36049774289131165,26,collision,261,dagger,DAgger-relabel pretrained camera,checkpoint/closed_loop_teacher_camera_policy_light_v3d_t60_20260510_splitstem_dagger/camera_head_pretrained_best.pth
specular,0.0,1.0,0.0,1.75959050655365,0.6223487257957458,0.9822382926940918,far_left,0.37747371196746826,0.40056291222572327,0.3593050241470337,27,collision,262,dagger,DAgger-relabel pretrained camera,checkpoint/closed_loop_teacher_camera_policy_light_v3d_t60_20260510_splitstem_dagger/camera_head_pretrained_best.pth
specular,0.0,1.0,0.0,1.7583929300308228,0.6069809198379517,0.9830355048179626,far_left,0.3855375349521637,0.383992999792099,0.34890633821487427,28,collision,263,dagger,DAgger-relabel pretrained camera,checkpoint/closed_loop_teacher_camera_policy_light_v3d_t60_20260510_splitstem_dagger/camera_head_pretrained_best.pth
specular,0.0,1.0,0.0,1.7315223217010498,0.5568661093711853,0.9861061573028564,far_right,0.378447949886322,0.3992599546909332,0.3658105134963989,30,collision,264,dagger,DAgger-relabel pretrained camera,checkpoint/closed_loop_teacher_camera_policy_light_v3d_t60_20260510_splitstem_dagger/camera_head_pretrained_best.pth
specular,0.0,1.0,0.0,1.7789192199707031,0.6275929808616638,0.980559229850769,left,0.38281553983688354,0.420614093542099,0.3619315028190613,25,collision,265,dagger,DAgger-relabel pretrained camera,checkpoint/closed_loop_teacher_camera_policy_light_v3d_t60_20260510_splitstem_dagger/camera_head_pretrained_best.pth
specular,0.0,1.0,0.0,1.6701111793518066,0.6370056867599487,0.9825276732444763,left,0.3775574862957001,0.4097510278224945,0.3631438910961151,27,collision,266,dagger,DAgger-relabel pretrained camera,checkpoint/closed_loop_teacher_camera_policy_light_v3d_t60_20260510_splitstem_dagger/camera_head_pretrained_best.pth
specular,0.0,1.0,0.0,1.7275898456573486,0.5853221416473389,0.9852896332740784,far_left,0.36966243386268616,0.3935999274253845,0.3565214276313782,29,collision,267,dagger,DAgger-relabel pretrained camera,checkpoint/closed_loop_teacher_camera_policy_light_v3d_t60_20260510_splitstem_dagger/camera_head_pretrained_best.pth
specular,0.0,1.0,0.0,1.7099063396453857,0.6414308547973633,0.9814467430114746,left,0.378448486328125,0.4008641839027405,0.36260122060775757,26,collision,268,dagger,DAgger-relabel pretrained camera,checkpoint/closed_loop_teacher_camera_policy_light_v3d_t60_20260510_splitstem_dagger/camera_head_pretrained_best.pth
specular,0.0,1.0,0.0,1.7741379737854004,0.5866243839263916,0.9838575720787048,far_right,0.3732090890407562,0.3922107517719269,0.36089664697647095,27,collision,269,dagger,DAgger-relabel pretrained camera,checkpoint/closed_loop_teacher_camera_policy_light_v3d_t60_20260510_splitstem_dagger/camera_head_pretrained_best.pth
specular,0.0,1.0,0.0,1.722968339920044,0.6377679705619812,0.9829455614089966,right,0.3753645122051239,0.3931067883968353,0.36197397112846375,26,collision,270,dagger,DAgger-relabel pretrained camera,checkpoint/closed_loop_teacher_camera_policy_light_v3d_t60_20260510_splitstem_dagger/camera_head_pretrained_best.pth
specular,0.0,1.0,0.0,1.7770791053771973,0.5945321321487427,0.9837557673454285,right,0.3747611939907074,0.39022764563560486,0.3616964519023895,26,collision,271,dagger,DAgger-relabel pretrained camera,checkpoint/closed_loop_teacher_camera_policy_light_v3d_t60_20260510_splitstem_dagger/camera_head_pretrained_best.pth
specular,0.0,1.0,0.0,1.7595950365066528,0.6225986480712891,0.9814634323120117,far_right,0.3750176429748535,0.3966008424758911,0.3622121810913086,25,collision,272,dagger,DAgger-relabel pretrained camera,checkpoint/closed_loop_teacher_camera_policy_light_v3d_t60_20260510_splitstem_dagger/camera_head_pretrained_best.pth
specular,0.0,1.0,0.0,1.7245421409606934,0.5864304900169373,0.9840320944786072,far_right,0.37722381949424744,0.39973321557044983,0.3632054030895233,28,collision,273,dagger,DAgger-relabel pretrained camera,checkpoint/closed_loop_teacher_camera_policy_light_v3d_t60_20260510_splitstem_dagger/camera_head_pretrained_best.pth
specular,0.0,1.0,0.0,1.7207642793655396,0.635585367679596,0.9833448529243469,left,0.380512535572052,0.39382338523864746,0.3617885410785675,26,collision,274,dagger,DAgger-relabel pretrained camera,checkpoint/closed_loop_teacher_camera_policy_light_v3d_t60_20260510_splitstem_dagger/camera_head_pretrained_best.pth
specular,0.0,1.0,0.0,1.7759740352630615,0.5840182900428772,0.9795149564743042,far_right,0.41428041458129883,0.34703540802001953,0.31911301612854004,28,collision,275,dagger,DAgger-relabel pretrained camera,checkpoint/closed_loop_teacher_camera_policy_light_v3d_t60_20260510_splitstem_dagger/camera_head_pretrained_best.pth
specular,0.0,1.0,0.0,1.7184667587280273,0.6106691956520081,0.9846000671386719,far_right,0.37444570660591125,0.39599594473838806,0.364260733127594,28,collision,276,dagger,DAgger-relabel pretrained camera,checkpoint/closed_loop_teacher_camera_policy_light_v3d_t60_20260510_splitstem_dagger/camera_head_pretrained_best.pth
specular,0.0,1.0,0.0,1.7138203382492065,0.6371847987174988,0.98349529504776,left,0.3803584575653076,0.3984578549861908,0.3660876452922821,26,collision,277,dagger,DAgger-relabel pretrained camera,checkpoint/closed_loop_teacher_camera_policy_light_v3d_t60_20260510_splitstem_dagger/camera_head_pretrained_best.pth
specular,0.0,1.0,0.0,1.753581166267395,0.6662561893463135,0.9826703667640686,left,0.3778899013996124,0.39775028824806213,0.36332499980926514,24,collision,278,dagger,DAgger-relabel pretrained camera,checkpoint/closed_loop_teacher_camera_policy_light_v3d_t60_20260510_splitstem_dagger/camera_head_pretrained_best.pth
specular,0.0,1.0,0.0,1.7520532608032227,0.6173772811889648,0.9815220236778259,far_left,0.37047848105430603,0.38849112391471863,0.35870662331581116,26,collision,279,dagger,DAgger-relabel pretrained camera,checkpoint/closed_loop_teacher_camera_policy_light_v3d_t60_20260510_splitstem_dagger/camera_head_pretrained_best.pth
specular,0.0,1.0,0.0,1.7039196491241455,0.6481682658195496,0.9832063913345337,left,0.37785273790359497,0.3995288610458374,0.3618880808353424,27,collision,280,dagger,DAgger-relabel pretrained camera,checkpoint/closed_loop_teacher_camera_policy_light_v3d_t60_20260510_splitstem_dagger/camera_head_pretrained_best.pth
specular,0.0,1.0,0.0,1.7331907749176025,0.6037406921386719,0.9840912818908691,left,0.3802189826965332,0.39026933908462524,0.36026954650878906,27,collision,281,dagger,DAgger-relabel pretrained camera,checkpoint/closed_loop_teacher_camera_policy_light_v3d_t60_20260510_splitstem_dagger/camera_head_pretrained_best.pth
specular,0.0,1.0,0.0,1.7167376279830933,0.6028353571891785,0.9830784797668457,right,0.37855806946754456,0.38893333077430725,0.358869343996048,27,collision,282,dagger,DAgger-relabel pretrained camera,checkpoint/closed_loop_teacher_camera_policy_light_v3d_t60_20260510_splitstem_dagger/camera_head_pretrained_best.pth
specular,0.0,1.0,0.0,1.7654070854187012,0.6101540923118591,0.9831886291503906,far_right,0.37488463521003723,0.39144599437713623,0.3657982647418976,26,collision,283,dagger,DAgger-relabel pretrained camera,checkpoint/closed_loop_teacher_camera_policy_light_v3d_t60_20260510_splitstem_dagger/camera_head_pretrained_best.pth
specular,0.0,1.0,0.0,1.7204821109771729,0.6506727933883667,0.9797635078430176,far_right,0.38203951716423035,0.3917403221130371,0.35446852445602417,25,collision,284,dagger,DAgger-relabel pretrained camera,checkpoint/closed_loop_teacher_camera_policy_light_v3d_t60_20260510_splitstem_dagger/camera_head_pretrained_best.pth
specular,0.0,1.0,0.0,1.7490077018737793,0.6074380874633789,0.9815451502799988,right,0.37168434262275696,0.4288903772830963,0.3591510057449341,26,collision,285,dagger,DAgger-relabel pretrained camera,checkpoint/closed_loop_teacher_camera_policy_light_v3d_t60_20260510_splitstem_dagger/camera_head_pretrained_best.pth
specular,0.0,1.0,0.0,1.7677353620529175,0.5580470561981201,0.9845410585403442,far_left,0.37033963203430176,0.39641642570495605,0.3560667037963867,28,collision,286,dagger,DAgger-relabel pretrained camera,checkpoint/closed_loop_teacher_camera_policy_light_v3d_t60_20260510_splitstem_dagger/camera_head_pretrained_best.pth
specular,0.0,1.0,0.0,1.7714595794677734,0.6014407873153687,0.9814930558204651,far_right,0.3757968544960022,0.3935703933238983,0.35920241475105286,26,collision,287,dagger,DAgger-relabel pretrained camera,checkpoint/closed_loop_teacher_camera_policy_light_v3d_t60_20260510_splitstem_dagger/camera_head_pretrained_best.pth
specular,0.0,1.0,0.0,1.7703945636749268,0.5910522937774658,0.982811450958252,right,0.3754962980747223,0.4049869477748871,0.3606564700603485,27,collision,288,dagger,DAgger-relabel pretrained camera,checkpoint/closed_loop_teacher_camera_policy_light_v3d_t60_20260510_splitstem_dagger/camera_head_pretrained_best.pth
specular,0.0,1.0,0.0,1.7800941467285156,0.5706766843795776,0.9824995994567871,far_left,0.3755933344364166,0.39699167013168335,0.3536147475242615,28,collision,289,dagger,DAgger-relabel pretrained camera,checkpoint/closed_loop_teacher_camera_policy_light_v3d_t60_20260510_splitstem_dagger/camera_head_pretrained_best.pth
specular,0.0,1.0,0.0,1.7534363269805908,0.5780256986618042,0.9849162101745605,far_right,0.3806767761707306,0.4016576409339905,0.3680221736431122,28,collision,290,dagger,DAgger-relabel pretrained camera,checkpoint/closed_loop_teacher_camera_policy_light_v3d_t60_20260510_splitstem_dagger/camera_head_pretrained_best.pth
specular,0.0,1.0,0.0,1.7293919324874878,0.6416360139846802,0.9815477728843689,right,0.37710005044937134,0.38457438349723816,0.3576287627220154,25,collision,291,dagger,DAgger-relabel pretrained camera,checkpoint/closed_loop_teacher_camera_policy_light_v3d_t60_20260510_splitstem_dagger/camera_head_pretrained_best.pth
specular,0.0,1.0,0.0,1.7303932905197144,0.5588405728340149,0.982692539691925,far_left,0.37127918004989624,0.39814242720603943,0.35932427644729614,28,collision,292,dagger,DAgger-relabel pretrained camera,checkpoint/closed_loop_teacher_camera_policy_light_v3d_t60_20260510_splitstem_dagger/camera_head_pretrained_best.pth
specular,0.0,1.0,0.0,1.7624908685684204,0.556794285774231,0.9834051728248596,right,0.3750211298465729,0.3980463445186615,0.35514047741889954,28,collision,293,dagger,DAgger-relabel pretrained camera,checkpoint/closed_loop_teacher_camera_policy_light_v3d_t60_20260510_splitstem_dagger/camera_head_pretrained_best.pth
specular,0.0,1.0,0.0,1.7209941148757935,0.6116185188293457,0.9833956956863403,far_right,0.3730883300304413,0.3921622335910797,0.3617074191570282,27,collision,294,dagger,DAgger-relabel pretrained camera,checkpoint/closed_loop_teacher_camera_policy_light_v3d_t60_20260510_splitstem_dagger/camera_head_pretrained_best.pth
specular,0.0,1.0,0.0,1.7299948930740356,0.6024612784385681,0.9822272062301636,far_right,0.3907422721385956,0.3771244287490845,0.34460723400115967,27,collision,295,dagger,DAgger-relabel pretrained camera,checkpoint/closed_loop_teacher_camera_policy_light_v3d_t60_20260510_splitstem_dagger/camera_head_pretrained_best.pth
specular,0.0,1.0,0.0,1.72059965133667,0.652412474155426,0.9821445941925049,left,0.37875717878341675,0.4037836492061615,0.36465439200401306,25,collision,296,dagger,DAgger-relabel pretrained camera,checkpoint/closed_loop_teacher_camera_policy_light_v3d_t60_20260510_splitstem_dagger/camera_head_pretrained_best.pth
specular,0.0,1.0,0.0,1.7500591278076172,0.6101717948913574,0.98176509141922,far_right,0.3792813718318939,0.4032626748085022,0.36291375756263733,26,collision,297,dagger,DAgger-relabel pretrained camera,checkpoint/closed_loop_teacher_camera_policy_light_v3d_t60_20260510_splitstem_dagger/camera_head_pretrained_best.pth
specular,0.0,1.0,0.0,1.7339813709259033,0.5855419039726257,0.984900176525116,far_right,0.38153818249702454,0.4002300798892975,0.3688972592353821,28,collision,298,dagger,DAgger-relabel pretrained camera,checkpoint/closed_loop_teacher_camera_policy_light_v3d_t60_20260510_splitstem_dagger/camera_head_pretrained_best.pth
specular,0.0,1.0,0.0,1.725824236869812,0.5970239639282227,0.9846810698509216,left,0.3796846568584442,0.3969153165817261,0.36392462253570557,27,collision,299,dagger,DAgger-relabel pretrained camera,checkpoint/closed_loop_teacher_camera_policy_light_v3d_t60_20260510_splitstem_dagger/camera_head_pretrained_best.pth
dark,0.0,1.0,0.0,1.75918710231781,0.6253762245178223,0.9510207176208496,far_right,0.6883161664009094,0.7056578993797302,0.6977953910827637,23,collision,0,dagger,DAgger-relabel pretrained camera,checkpoint/closed_loop_teacher_camera_policy_light_v3d_t60_20260510_splitstem_dagger/camera_head_pretrained_best.pth
dark,0.0,1.0,0.0,1.7514568567276,0.6280955672264099,0.9516388773918152,right,0.6853916049003601,0.7075689435005188,0.6985480189323425,23,collision,1,dagger,DAgger-relabel pretrained camera,checkpoint/closed_loop_teacher_camera_policy_light_v3d_t60_20260510_splitstem_dagger/camera_head_pretrained_best.pth
dark,0.0,1.0,0.0,1.711492896080017,0.6593091487884521,0.9519478678703308,left,0.6850332021713257,0.7086690068244934,0.6997395157814026,23,collision,2,dagger,DAgger-relabel pretrained camera,checkpoint/closed_loop_teacher_camera_policy_light_v3d_t60_20260510_splitstem_dagger/camera_head_pretrained_best.pth
dark,0.0,1.0,0.0,1.7517054080963135,0.6377642750740051,0.9525134563446045,left,0.6835827827453613,0.7117002010345459,0.7014642357826233,23,collision,3,dagger,DAgger-relabel pretrained camera,checkpoint/closed_loop_teacher_camera_policy_light_v3d_t60_20260510_splitstem_dagger/camera_head_pretrained_best.pth
dark,0.0,1.0,0.0,1.7144407033920288,0.6226535439491272,0.9542132019996643,right,0.6854078769683838,0.7064518332481384,0.6957492232322693,24,collision,4,dagger,DAgger-relabel pretrained camera,checkpoint/closed_loop_teacher_camera_policy_light_v3d_t60_20260510_splitstem_dagger/camera_head_pretrained_best.pth
dark,0.0,1.0,0.0,1.6143382787704468,0.651465117931366,0.9564404487609863,left,0.6767458319664001,0.7181329727172852,0.7014073133468628,25,collision,5,dagger,DAgger-relabel pretrained camera,checkpoint/closed_loop_teacher_camera_policy_light_v3d_t60_20260510_splitstem_dagger/camera_head_pretrained_best.pth
dark,0.0,1.0,0.0,1.7145164012908936,0.6311079263687134,0.951744019985199,right,0.6844318509101868,0.7078686952590942,0.6986947059631348,23,collision,6,dagger,DAgger-relabel pretrained camera,checkpoint/closed_loop_teacher_camera_policy_light_v3d_t60_20260510_splitstem_dagger/camera_head_pretrained_best.pth
dark,0.0,0.0,0.0,0.4729853868484497,0.5129632949829102,0.9825955629348755,left,0.584219753742218,0.5976037383079529,0.5790554881095886,60,timeout,7,dagger,DAgger-relabel pretrained camera,checkpoint/closed_loop_teacher_camera_policy_light_v3d_t60_20260510_splitstem_dagger/camera_head_pretrained_best.pth
dark,0.0,1.0,0.0,1.7465343475341797,0.6651054620742798,0.9496803283691406,left,0.6837639808654785,0.710115373134613,0.6997684836387634,22,collision,8,dagger,DAgger-relabel pretrained camera,checkpoint/closed_loop_teacher_camera_policy_light_v3d_t60_20260510_splitstem_dagger/camera_head_pretrained_best.pth
dark,0.0,1.0,0.0,1.7615290880203247,0.5744972825050354,0.9526532292366028,far_right,0.6874799132347107,0.7104180455207825,0.6998178362846375,24,collision,9,dagger,DAgger-relabel pretrained camera,checkpoint/closed_loop_teacher_camera_policy_light_v3d_t60_20260510_splitstem_dagger/camera_head_pretrained_best.pth
dark,0.0,1.0,0.0,1.8173855543136597,0.6031394600868225,0.9573726654052734,far_left,0.6756485104560852,0.716722309589386,0.6999385952949524,26,collision,10,dagger,DAgger-relabel pretrained camera,checkpoint/closed_loop_teacher_camera_policy_light_v3d_t60_20260510_splitstem_dagger/camera_head_pretrained_best.pth
dark,0.0,1.0,0.0,1.7313199043273926,0.5998324155807495,0.9553434252738953,right,0.6845207214355469,0.7064635157585144,0.6974010467529297,25,collision,11,dagger,DAgger-relabel pretrained camera,checkpoint/closed_loop_teacher_camera_policy_light_v3d_t60_20260510_splitstem_dagger/camera_head_pretrained_best.pth
dark,0.0,1.0,0.0,1.7557276487350464,0.6195120215415955,0.9508496522903442,far_right,0.689276933670044,0.7088553309440613,0.7006141543388367,23,collision,12,dagger,DAgger-relabel pretrained camera,checkpoint/closed_loop_teacher_camera_policy_light_v3d_t60_20260510_splitstem_dagger/camera_head_pretrained_best.pth
dark,0.0,1.0,0.0,1.7648025751113892,0.631648063659668,0.9529992341995239,far_left,0.6733672022819519,0.7159020304679871,0.6995687484741211,24,collision,13,dagger,DAgger-relabel pretrained camera,checkpoint/closed_loop_teacher_camera_policy_light_v3d_t60_20260510_splitstem_dagger/camera_head_pretrained_best.pth
dark,0.0,1.0,0.0,1.5154385566711426,0.6484885215759277,0.9586053490638733,left,0.6753033995628357,0.7182809114456177,0.701374888420105,26,collision,14,dagger,DAgger-relabel pretrained camera,checkpoint/closed_loop_teacher_camera_policy_light_v3d_t60_20260510_splitstem_dagger/camera_head_pretrained_best.pth
dark,0.0,1.0,0.0,1.7835263013839722,0.646237313747406,0.9535401463508606,far_left,0.6767398118972778,0.7152540683746338,0.7000046968460083,24,collision,15,dagger,DAgger-relabel pretrained camera,checkpoint/closed_loop_teacher_camera_policy_light_v3d_t60_20260510_splitstem_dagger/camera_head_pretrained_best.pth
dark,0.0,1.0,0.0,1.7308390140533447,0.5987364053726196,0.9536156058311462,right,0.6842111945152283,0.7114395499229431,0.7010375261306763,24,collision,16,dagger,DAgger-relabel pretrained camera,checkpoint/closed_loop_teacher_camera_policy_light_v3d_t60_20260510_splitstem_dagger/camera_head_pretrained_best.pth
dark,0.0,1.0,0.0,1.7623002529144287,0.6251257061958313,0.9514546990394592,far_right,0.6834006309509277,0.7130740284919739,0.698336124420166,23,collision,17,dagger,DAgger-relabel pretrained camera,checkpoint/closed_loop_teacher_camera_policy_light_v3d_t60_20260510_splitstem_dagger/camera_head_pretrained_best.pth
dark,0.0,1.0,0.0,1.695739507675171,0.6279098391532898,0.9530495405197144,far_right,0.6885368227958679,0.7087469100952148,0.6998062133789062,24,collision,18,dagger,DAgger-relabel pretrained camera,checkpoint/closed_loop_teacher_camera_policy_light_v3d_t60_20260510_splitstem_dagger/camera_head_pretrained_best.pth
dark,0.0,1.0,0.0,1.710975170135498,0.577080249786377,0.9549883604049683,far_right,0.6714835166931152,0.704727053642273,0.6911547780036926,26,collision,19,dagger,DAgger-relabel pretrained camera,checkpoint/closed_loop_teacher_camera_policy_light_v3d_t60_20260510_splitstem_dagger/camera_head_pretrained_best.pth
dark,0.0,1.0,0.0,1.7063462734222412,0.5939550399780273,0.9546019434928894,far_right,0.6870238780975342,0.7117093801498413,0.701225757598877,25,collision,20,dagger,DAgger-relabel pretrained camera,checkpoint/closed_loop_teacher_camera_policy_light_v3d_t60_20260510_splitstem_dagger/camera_head_pretrained_best.pth
dark,0.0,1.0,0.0,1.7309927940368652,0.6340540051460266,0.9515336155891418,right,0.6854103803634644,0.7086315155029297,0.699167013168335,23,collision,21,dagger,DAgger-relabel pretrained camera,checkpoint/closed_loop_teacher_camera_policy_light_v3d_t60_20260510_splitstem_dagger/camera_head_pretrained_best.pth
dark,0.0,1.0,0.0,1.7338544130325317,0.6585608720779419,0.9470340609550476,left,0.6813735365867615,0.7077803015708923,0.6987127661705017,21,collision,22,dagger,DAgger-relabel pretrained camera,checkpoint/closed_loop_teacher_camera_policy_light_v3d_t60_20260510_splitstem_dagger/camera_head_pretrained_best.pth
dark,0.0,1.0,0.0,1.732843041419983,0.5602969527244568,0.958500325679779,far_right,0.679473340511322,0.7092084288597107,0.6982488036155701,27,collision,23,dagger,DAgger-relabel pretrained camera,checkpoint/closed_loop_teacher_camera_policy_light_v3d_t60_20260510_splitstem_dagger/camera_head_pretrained_best.pth
dark,0.0,1.0,0.0,1.7650096416473389,0.6142943501472473,0.9516585469245911,right,0.6820321679115295,0.701923131942749,0.6920584440231323,23,collision,24,dagger,DAgger-relabel pretrained camera,checkpoint/closed_loop_teacher_camera_policy_light_v3d_t60_20260510_splitstem_dagger/camera_head_pretrained_best.pth
dark,0.0,1.0,0.0,1.714863896369934,0.5868862271308899,0.9542824625968933,far_right,0.6868450045585632,0.7111865282058716,0.7006357908248901,25,collision,25,dagger,DAgger-relabel pretrained camera,checkpoint/closed_loop_teacher_camera_policy_light_v3d_t60_20260510_splitstem_dagger/camera_head_pretrained_best.pth
dark,0.0,1.0,0.0,1.727024793624878,0.6209370493888855,0.9547542333602905,left,0.6825570464134216,0.7149468660354614,0.7023627161979675,24,collision,26,dagger,DAgger-relabel pretrained camera,checkpoint/closed_loop_teacher_camera_policy_light_v3d_t60_20260510_splitstem_dagger/camera_head_pretrained_best.pth
dark,0.0,1.0,0.0,1.7958976030349731,0.6354108452796936,0.9491223096847534,right,0.6807370781898499,0.7070177793502808,0.6957821249961853,22,collision,27,dagger,DAgger-relabel pretrained camera,checkpoint/closed_loop_teacher_camera_policy_light_v3d_t60_20260510_splitstem_dagger/camera_head_pretrained_best.pth
dark,0.0,1.0,0.0,1.7538831233978271,0.576022744178772,0.9542884230613708,far_right,0.6880780458450317,0.7105220556259155,0.6997641324996948,25,collision,28,dagger,DAgger-relabel pretrained camera,checkpoint/closed_loop_teacher_camera_policy_light_v3d_t60_20260510_splitstem_dagger/camera_head_pretrained_best.pth
dark,0.0,1.0,0.0,1.8111021518707275,0.5830821394920349,0.9550842046737671,far_left,0.6761829257011414,0.7161122560501099,0.7008086442947388,25,collision,29,dagger,DAgger-relabel pretrained camera,checkpoint/closed_loop_teacher_camera_policy_light_v3d_t60_20260510_splitstem_dagger/camera_head_pretrained_best.pth
dark,0.0,1.0,0.0,1.7440506219863892,0.6263144612312317,0.9534583687782288,far_left,0.6771237254142761,0.7137753367424011,0.6996075510978699,24,collision,30,dagger,DAgger-relabel pretrained camera,checkpoint/closed_loop_teacher_camera_policy_light_v3d_t60_20260510_splitstem_dagger/camera_head_pretrained_best.pth
dark,0.0,1.0,0.0,1.5183590650558472,0.6382992267608643,0.9583390355110168,left,0.67384934425354,0.7190706729888916,0.7012508511543274,26,collision,31,dagger,DAgger-relabel pretrained camera,checkpoint/closed_loop_teacher_camera_policy_light_v3d_t60_20260510_splitstem_dagger/camera_head_pretrained_best.pth
dark,0.0,1.0,0.0,1.7610973119735718,0.64019376039505,0.9536471366882324,far_left,0.6774342060089111,0.714523434638977,0.699957549571991,24,collision,32,dagger,DAgger-relabel pretrained camera,checkpoint/closed_loop_teacher_camera_policy_light_v3d_t60_20260510_splitstem_dagger/camera_head_pretrained_best.pth
dark,0.0,1.0,0.0,1.7742787599563599,0.5973610877990723,0.957604169845581,far_left,0.6773809194564819,0.7175933718681335,0.7013190984725952,26,collision,33,dagger,DAgger-relabel pretrained camera,checkpoint/closed_loop_teacher_camera_policy_light_v3d_t60_20260510_splitstem_dagger/camera_head_pretrained_best.pth
dark,0.0,1.0,0.0,1.7438199520111084,0.6023163199424744,0.9512883424758911,far_right,0.6716465950012207,0.7050771713256836,0.692491352558136,24,collision,34,dagger,DAgger-relabel pretrained camera,checkpoint/closed_loop_teacher_camera_policy_light_v3d_t60_20260510_splitstem_dagger/camera_head_pretrained_best.pth
dark,0.0,1.0,0.0,1.719380259513855,0.603837251663208,0.9560788869857788,left,0.6777353286743164,0.7176148295402527,0.7015055418014526,25,collision,35,dagger,DAgger-relabel pretrained camera,checkpoint/closed_loop_teacher_camera_policy_light_v3d_t60_20260510_splitstem_dagger/camera_head_pretrained_best.pth
dark,0.0,1.0,0.0,1.7240313291549683,0.6359918713569641,0.9512968063354492,far_left,0.6734533905982971,0.7145784497261047,0.698630690574646,23,collision,36,dagger,DAgger-relabel pretrained camera,checkpoint/closed_loop_teacher_camera_policy_light_v3d_t60_20260510_splitstem_dagger/camera_head_pretrained_best.pth
dark,0.0,1.0,0.0,1.7907028198242188,0.6222438812255859,0.9554759860038757,far_left,0.6732449531555176,0.717354953289032,0.7003759741783142,25,collision,37,dagger,DAgger-relabel pretrained camera,checkpoint/closed_loop_teacher_camera_policy_light_v3d_t60_20260510_splitstem_dagger/camera_head_pretrained_best.pth
dark,0.0,1.0,0.0,1.7431875467300415,0.6298428773880005,0.9506392478942871,far_right,0.6797857880592346,0.7033327221870422,0.6874781250953674,23,collision,38,dagger,DAgger-relabel pretrained camera,checkpoint/closed_loop_teacher_camera_policy_light_v3d_t60_20260510_splitstem_dagger/camera_head_pretrained_best.pth
dark,0.0,1.0,0.0,1.7062616348266602,0.62166827917099,0.9552574157714844,left,0.6794626712799072,0.7158910036087036,0.7014772295951843,24,collision,39,dagger,DAgger-relabel pretrained camera,checkpoint/closed_loop_teacher_camera_policy_light_v3d_t60_20260510_splitstem_dagger/camera_head_pretrained_best.pth
dark,0.0,1.0,0.0,1.7284324169158936,0.6564998030662537,0.9514085650444031,left,0.6868544220924377,0.710049569606781,0.6994867324829102,23,collision,40,dagger,DAgger-relabel pretrained camera,checkpoint/closed_loop_teacher_camera_policy_light_v3d_t60_20260510_splitstem_dagger/camera_head_pretrained_best.pth
dark,0.0,1.0,0.0,1.7359468936920166,0.5845208764076233,0.949303150177002,far_right,0.6601433753967285,0.6934465169906616,0.6803919672966003,25,collision,41,dagger,DAgger-relabel pretrained camera,checkpoint/closed_loop_teacher_camera_policy_light_v3d_t60_20260510_splitstem_dagger/camera_head_pretrained_best.pth
dark,0.0,1.0,0.0,1.7082641124725342,0.6463409066200256,0.9518558382987976,right,0.6857425570487976,0.7096120715141296,0.7006695866584778,23,collision,42,dagger,DAgger-relabel pretrained camera,checkpoint/closed_loop_teacher_camera_policy_light_v3d_t60_20260510_splitstem_dagger/camera_head_pretrained_best.pth
dark,0.0,1.0,0.0,1.7966455221176147,0.6169630885124207,0.9533326029777527,far_left,0.674034595489502,0.7168763279914856,0.7000824809074402,24,collision,43,dagger,DAgger-relabel pretrained camera,checkpoint/closed_loop_teacher_camera_policy_light_v3d_t60_20260510_splitstem_dagger/camera_head_pretrained_best.pth
dark,0.0,1.0,0.0,1.7620080709457397,0.6531199812889099,0.9501144289970398,right,0.683342695236206,0.7084736227989197,0.6990009546279907,22,collision,44,dagger,DAgger-relabel pretrained camera,checkpoint/closed_loop_teacher_camera_policy_light_v3d_t60_20260510_splitstem_dagger/camera_head_pretrained_best.pth
dark,0.0,1.0,0.0,1.7994780540466309,0.6262580156326294,0.9477168917655945,far_left,0.6743537187576294,0.7069912552833557,0.6934622526168823,22,collision,45,dagger,DAgger-relabel pretrained camera,checkpoint/closed_loop_teacher_camera_policy_light_v3d_t60_20260510_splitstem_dagger/camera_head_pretrained_best.pth
dark,0.0,1.0,0.0,1.7663357257843018,0.6225043535232544,0.9552227854728699,far_left,0.6752103567123413,0.7176015377044678,0.700804591178894,25,collision,46,dagger,DAgger-relabel pretrained camera,checkpoint/closed_loop_teacher_camera_policy_light_v3d_t60_20260510_splitstem_dagger/camera_head_pretrained_best.pth
dark,0.0,0.0,0.0,0.3528882563114166,0.5613237023353577,0.9824700951576233,left,0.5850561261177063,0.5949779152870178,0.5796374082565308,60,timeout,47,dagger,DAgger-relabel pretrained camera,checkpoint/closed_loop_teacher_camera_policy_light_v3d_t60_20260510_splitstem_dagger/camera_head_pretrained_best.pth
dark,0.0,1.0,0.0,1.7889431715011597,0.6373832821846008,0.9535653591156006,far_left,0.6734678745269775,0.7163412570953369,0.6997483372688293,24,collision,48,dagger,DAgger-relabel pretrained camera,checkpoint/closed_loop_teacher_camera_policy_light_v3d_t60_20260510_splitstem_dagger/camera_head_pretrained_best.pth
dark,0.0,1.0,0.0,1.7265846729278564,0.6056535840034485,0.9511653184890747,far_right,0.6879231929779053,0.7061058878898621,0.6987600326538086,23,collision,49,dagger,DAgger-relabel pretrained camera,checkpoint/closed_loop_teacher_camera_policy_light_v3d_t60_20260510_splitstem_dagger/camera_head_pretrained_best.pth
dark,0.0,1.0,0.0,1.715254783630371,0.6393508315086365,0.9520663022994995,right,0.6855954527854919,0.7081527709960938,0.69929438829422,23,collision,50,dagger,DAgger-relabel pretrained camera,checkpoint/closed_loop_teacher_camera_policy_light_v3d_t60_20260510_splitstem_dagger/camera_head_pretrained_best.pth
dark,0.0,1.0,0.0,1.7281147241592407,0.5820029973983765,0.9546033143997192,right,0.6868153810501099,0.7110366225242615,0.7014387249946594,24,collision,51,dagger,DAgger-relabel pretrained camera,checkpoint/closed_loop_teacher_camera_policy_light_v3d_t60_20260510_splitstem_dagger/camera_head_pretrained_best.pth
dark,0.0,1.0,0.0,1.7032464742660522,0.6652368307113647,0.9489293694496155,right,0.6794317364692688,0.7029088735580444,0.6922678351402283,22,collision,52,dagger,DAgger-relabel pretrained camera,checkpoint/closed_loop_teacher_camera_policy_light_v3d_t60_20260510_splitstem_dagger/camera_head_pretrained_best.pth
dark,0.0,1.0,0.0,1.7394170761108398,0.5746937990188599,0.9547707438468933,far_right,0.6891219019889832,0.7120130062103271,0.7026540637016296,25,collision,53,dagger,DAgger-relabel pretrained camera,checkpoint/closed_loop_teacher_camera_policy_light_v3d_t60_20260510_splitstem_dagger/camera_head_pretrained_best.pth
dark,0.0,1.0,0.0,1.6957900524139404,0.6166883707046509,0.9549492001533508,left,0.6772529482841492,0.714550256729126,0.6984076499938965,24,collision,54,dagger,DAgger-relabel pretrained camera,checkpoint/closed_loop_teacher_camera_policy_light_v3d_t60_20260510_splitstem_dagger/camera_head_pretrained_best.pth
dark,0.0,1.0,0.0,1.7709980010986328,0.6328559517860413,0.9512902498245239,far_left,0.6732532382011414,0.7111839056015015,0.6966420412063599,23,collision,55,dagger,DAgger-relabel pretrained camera,checkpoint/closed_loop_teacher_camera_policy_light_v3d_t60_20260510_splitstem_dagger/camera_head_pretrained_best.pth
dark,0.0,1.0,0.0,1.7455976009368896,0.6620011925697327,0.9487847089767456,far_left,0.6715941429138184,0.7141420841217041,0.6980334520339966,22,collision,56,dagger,DAgger-relabel pretrained camera,checkpoint/closed_loop_teacher_camera_policy_light_v3d_t60_20260510_splitstem_dagger/camera_head_pretrained_best.pth
dark,0.0,1.0,0.0,1.8009251356124878,0.6391265988349915,0.9521814584732056,far_left,0.6724327206611633,0.7163028120994568,0.6986871957778931,24,collision,57,dagger,DAgger-relabel pretrained camera,checkpoint/closed_loop_teacher_camera_policy_light_v3d_t60_20260510_splitstem_dagger/camera_head_pretrained_best.pth
dark,0.0,1.0,0.0,1.6761475801467896,0.6333925724029541,0.9543642401695251,left,0.6744542121887207,0.7154754400253296,0.6992128491401672,24,collision,58,dagger,DAgger-relabel pretrained camera,checkpoint/closed_loop_teacher_camera_policy_light_v3d_t60_20260510_splitstem_dagger/camera_head_pretrained_best.pth
dark,0.0,1.0,0.0,1.7693727016448975,0.6128001809120178,0.9530935883522034,far_left,0.6752961874008179,0.7146270871162415,0.699329137802124,24,collision,59,dagger,DAgger-relabel pretrained camera,checkpoint/closed_loop_teacher_camera_policy_light_v3d_t60_20260510_splitstem_dagger/camera_head_pretrained_best.pth
dark,0.0,1.0,0.0,1.7758374214172363,0.6443929076194763,0.9501970410346985,left,0.682603657245636,0.7093467116355896,0.6991472244262695,22,collision,60,dagger,DAgger-relabel pretrained camera,checkpoint/closed_loop_teacher_camera_policy_light_v3d_t60_20260510_splitstem_dagger/camera_head_pretrained_best.pth
dark,0.0,1.0,0.0,1.7667510509490967,0.6073432564735413,0.9495804905891418,far_right,0.6829614639282227,0.7094623446464539,0.6980310082435608,23,collision,61,dagger,DAgger-relabel pretrained camera,checkpoint/closed_loop_teacher_camera_policy_light_v3d_t60_20260510_splitstem_dagger/camera_head_pretrained_best.pth
dark,0.0,1.0,0.0,1.7819010019302368,0.6390984058380127,0.9498250484466553,right,0.6858546137809753,0.7084672451019287,0.6999151110649109,22,collision,62,dagger,DAgger-relabel pretrained camera,checkpoint/closed_loop_teacher_camera_policy_light_v3d_t60_20260510_splitstem_dagger/camera_head_pretrained_best.pth
dark,0.0,1.0,0.0,1.7351620197296143,0.6056619882583618,0.9520619511604309,far_right,0.6853432655334473,0.7106317281723022,0.6999232172966003,24,collision,63,dagger,DAgger-relabel pretrained camera,checkpoint/closed_loop_teacher_camera_policy_light_v3d_t60_20260510_splitstem_dagger/camera_head_pretrained_best.pth
dark,0.0,1.0,0.0,1.7453103065490723,0.6322305798530579,0.953217089176178,left,0.6781852841377258,0.7141914963722229,0.6996057629585266,23,collision,64,dagger,DAgger-relabel pretrained camera,checkpoint/closed_loop_teacher_camera_policy_light_v3d_t60_20260510_splitstem_dagger/camera_head_pretrained_best.pth
dark,0.0,1.0,0.0,1.7526990175247192,0.6290876865386963,0.9533514380455017,far_left,0.6690009832382202,0.7174235582351685,0.6993921399116516,24,collision,65,dagger,DAgger-relabel pretrained camera,checkpoint/closed_loop_teacher_camera_policy_light_v3d_t60_20260510_splitstem_dagger/camera_head_pretrained_best.pth
dark,0.0,1.0,0.0,1.7307891845703125,0.5806607007980347,0.9564947485923767,far_right,0.6893705129623413,0.712557315826416,0.7032544016838074,25,collision,66,dagger,DAgger-relabel pretrained camera,checkpoint/closed_loop_teacher_camera_policy_light_v3d_t60_20260510_splitstem_dagger/camera_head_pretrained_best.pth
dark,1.0,0.0,1.0,0.10582729429006577,0.5878233909606934,0.9825376272201538,left,0.5796618461608887,0.5883122086524963,0.573417603969574,60,timeout,67,dagger,DAgger-relabel pretrained camera,checkpoint/closed_loop_teacher_camera_policy_light_v3d_t60_20260510_splitstem_dagger/camera_head_pretrained_best.pth
dark,0.0,1.0,0.0,1.7626051902770996,0.66102534532547,0.9479746222496033,left,0.6826034784317017,0.7099698781967163,0.700128436088562,21,collision,68,dagger,DAgger-relabel pretrained camera,checkpoint/closed_loop_teacher_camera_policy_light_v3d_t60_20260510_splitstem_dagger/camera_head_pretrained_best.pth
dark,0.0,1.0,0.0,1.7245246171951294,0.5918097496032715,0.9541189074516296,right,0.6875345706939697,0.7115196585655212,0.7018159031867981,24,collision,69,dagger,DAgger-relabel pretrained camera,checkpoint/closed_loop_teacher_camera_policy_light_v3d_t60_20260510_splitstem_dagger/camera_head_pretrained_best.pth
dark,0.0,1.0,0.0,1.7626475095748901,0.5808630585670471,0.9539146423339844,far_right,0.6710672378540039,0.7060801386833191,0.6931858062744141,25,collision,70,dagger,DAgger-relabel pretrained camera,checkpoint/closed_loop_teacher_camera_policy_light_v3d_t60_20260510_splitstem_dagger/camera_head_pretrained_best.pth
dark,0.0,1.0,0.0,1.7918956279754639,0.6559033989906311,0.9485642910003662,far_left,0.6766086220741272,0.7124423980712891,0.6991413831710815,22,collision,71,dagger,DAgger-relabel pretrained camera,checkpoint/closed_loop_teacher_camera_policy_light_v3d_t60_20260510_splitstem_dagger/camera_head_pretrained_best.pth
dark,0.0,1.0,0.0,1.7691841125488281,0.6334777474403381,0.9496803283691406,right,0.6831514239311218,0.7047871351242065,0.6950339674949646,22,collision,72,dagger,DAgger-relabel pretrained camera,checkpoint/closed_loop_teacher_camera_policy_light_v3d_t60_20260510_splitstem_dagger/camera_head_pretrained_best.pth
dark,0.0,1.0,0.0,1.6940232515335083,0.6295871734619141,0.9540119171142578,left,0.67822265625,0.7165164947509766,0.7006910443305969,24,collision,73,dagger,DAgger-relabel pretrained camera,checkpoint/closed_loop_teacher_camera_policy_light_v3d_t60_20260510_splitstem_dagger/camera_head_pretrained_best.pth
dark,0.0,1.0,0.0,1.7361983060836792,0.6010246276855469,0.9557170867919922,far_left,0.6807202100753784,0.7147108316421509,0.7018980383872986,25,collision,74,dagger,DAgger-relabel pretrained camera,checkpoint/closed_loop_teacher_camera_policy_light_v3d_t60_20260510_splitstem_dagger/camera_head_pretrained_best.pth
dark,0.0,1.0,0.0,1.7708755731582642,0.5899764895439148,0.9542195200920105,right,0.6855839490890503,0.7105205655097961,0.7012737989425659,24,collision,75,dagger,DAgger-relabel pretrained camera,checkpoint/closed_loop_teacher_camera_policy_light_v3d_t60_20260510_splitstem_dagger/camera_head_pretrained_best.pth
dark,0.0,1.0,0.0,1.6833744049072266,0.6584374308586121,0.9521386027336121,right,0.6858960390090942,0.7108730673789978,0.701535165309906,23,collision,76,dagger,DAgger-relabel pretrained camera,checkpoint/closed_loop_teacher_camera_policy_light_v3d_t60_20260510_splitstem_dagger/camera_head_pretrained_best.pth
dark,0.0,1.0,0.0,1.7540483474731445,0.596420407295227,0.956938624382019,far_left,0.670490562915802,0.7196390628814697,0.7007954120635986,26,collision,77,dagger,DAgger-relabel pretrained camera,checkpoint/closed_loop_teacher_camera_policy_light_v3d_t60_20260510_splitstem_dagger/camera_head_pretrained_best.pth
dark,0.0,1.0,0.0,1.7231478691101074,0.6405710577964783,0.9534078240394592,far_right,0.6857999563217163,0.7142806053161621,0.7013072371482849,23,collision,78,dagger,DAgger-relabel pretrained camera,checkpoint/closed_loop_teacher_camera_policy_light_v3d_t60_20260510_splitstem_dagger/camera_head_pretrained_best.pth
dark,0.0,1.0,0.0,1.7242604494094849,0.631237804889679,0.953217089176178,far_right,0.6857300400733948,0.712864875793457,0.7002636194229126,23,collision,79,dagger,DAgger-relabel pretrained camera,checkpoint/closed_loop_teacher_camera_policy_light_v3d_t60_20260510_splitstem_dagger/camera_head_pretrained_best.pth
dark,0.0,1.0,0.0,1.7586382627487183,0.5940202474594116,0.9543642401695251,right,0.6875526905059814,0.7130026817321777,0.7036922574043274,24,collision,80,dagger,DAgger-relabel pretrained camera,checkpoint/closed_loop_teacher_camera_policy_light_v3d_t60_20260510_splitstem_dagger/camera_head_pretrained_best.pth
dark,0.0,1.0,0.0,1.7137082815170288,0.6095269918441772,0.9544208645820618,right,0.6848651170730591,0.7118455767631531,0.7011502981185913,24,collision,81,dagger,DAgger-relabel pretrained camera,checkpoint/closed_loop_teacher_camera_policy_light_v3d_t60_20260510_splitstem_dagger/camera_head_pretrained_best.pth
dark,0.0,1.0,0.0,1.7335747480392456,0.598202109336853,0.9530746936798096,far_right,0.6748397350311279,0.7079849243164062,0.695023238658905,24,collision,82,dagger,DAgger-relabel pretrained camera,checkpoint/closed_loop_teacher_camera_policy_light_v3d_t60_20260510_splitstem_dagger/camera_head_pretrained_best.pth
dark,0.0,1.0,0.0,1.8127299547195435,0.5739187002182007,0.957268476486206,far_left,0.679408848285675,0.7170560956001282,0.7015011310577393,26,collision,83,dagger,DAgger-relabel pretrained camera,checkpoint/closed_loop_teacher_camera_policy_light_v3d_t60_20260510_splitstem_dagger/camera_head_pretrained_best.pth
dark,0.0,1.0,0.0,1.7945998907089233,0.60709148645401,0.9542320966720581,far_left,0.675893247127533,0.7164598703384399,0.7006242871284485,24,collision,84,dagger,DAgger-relabel pretrained camera,checkpoint/closed_loop_teacher_camera_policy_light_v3d_t60_20260510_splitstem_dagger/camera_head_pretrained_best.pth
dark,0.0,1.0,0.0,1.7416603565216064,0.5863623023033142,0.9531310796737671,far_right,0.6743139624595642,0.7081270217895508,0.6949033737182617,25,collision,85,dagger,DAgger-relabel pretrained camera,checkpoint/closed_loop_teacher_camera_policy_light_v3d_t60_20260510_splitstem_dagger/camera_head_pretrained_best.pth
dark,0.0,1.0,0.0,1.7705183029174805,0.6223195791244507,0.9532822370529175,far_left,0.6771886944770813,0.7138649821281433,0.6990817785263062,24,collision,86,dagger,DAgger-relabel pretrained camera,checkpoint/closed_loop_teacher_camera_policy_light_v3d_t60_20260510_splitstem_dagger/camera_head_pretrained_best.pth
dark,0.0,1.0,0.0,1.7498548030853271,0.6124001741409302,0.9529425501823425,far_right,0.6835250854492188,0.7113263010978699,0.7007492780685425,24,collision,87,dagger,DAgger-relabel pretrained camera,checkpoint/closed_loop_teacher_camera_policy_light_v3d_t60_20260510_splitstem_dagger/camera_head_pretrained_best.pth
dark,0.0,1.0,0.0,1.7573691606521606,0.6303372979164124,0.951592743396759,far_left,0.6763604879379272,0.7127232551574707,0.6986753940582275,23,collision,88,dagger,DAgger-relabel pretrained camera,checkpoint/closed_loop_teacher_camera_policy_light_v3d_t60_20260510_splitstem_dagger/camera_head_pretrained_best.pth
dark,0.0,1.0,0.0,1.7374591827392578,0.6353668570518494,0.94871586561203,right,0.6800715327262878,0.7014449834823608,0.6910338401794434,22,collision,89,dagger,DAgger-relabel pretrained camera,checkpoint/closed_loop_teacher_camera_policy_light_v3d_t60_20260510_splitstem_dagger/camera_head_pretrained_best.pth
dark,0.0,1.0,0.0,1.7516018152236938,0.5792844891548157,0.9525463581085205,far_right,0.6785933971405029,0.7101027369499207,0.6976462602615356,24,collision,90,dagger,DAgger-relabel pretrained camera,checkpoint/closed_loop_teacher_camera_policy_light_v3d_t60_20260510_splitstem_dagger/camera_head_pretrained_best.pth
dark,0.0,1.0,0.0,1.7579917907714844,0.5946258306503296,0.9560788869857788,right,0.6861292719841003,0.7132734060287476,0.7029392123222351,25,collision,91,dagger,DAgger-relabel pretrained camera,checkpoint/closed_loop_teacher_camera_policy_light_v3d_t60_20260510_splitstem_dagger/camera_head_pretrained_best.pth
dark,0.0,1.0,0.0,1.7801471948623657,0.6031759977340698,0.9505931735038757,far_right,0.6849625706672668,0.7063338756561279,0.6951003074645996,23,collision,92,dagger,DAgger-relabel pretrained camera,checkpoint/closed_loop_teacher_camera_policy_light_v3d_t60_20260510_splitstem_dagger/camera_head_pretrained_best.pth
dark,0.0,1.0,0.0,1.7249778509140015,0.6083039045333862,0.9527539014816284,far_right,0.6843526363372803,0.7116017937660217,0.7002361416816711,24,collision,93,dagger,DAgger-relabel pretrained camera,checkpoint/closed_loop_teacher_camera_policy_light_v3d_t60_20260510_splitstem_dagger/camera_head_pretrained_best.pth
dark,0.0,1.0,0.0,1.7837191820144653,0.6221978068351746,0.9531942009925842,far_left,0.6764806509017944,0.7144872546195984,0.6998670697212219,24,collision,94,dagger,DAgger-relabel pretrained camera,checkpoint/closed_loop_teacher_camera_policy_light_v3d_t60_20260510_splitstem_dagger/camera_head_pretrained_best.pth
dark,0.0,1.0,0.0,1.762336015701294,0.5747492909431458,0.9587284326553345,far_left,0.6797698140144348,0.7180595397949219,0.7026239633560181,27,collision,95,dagger,DAgger-relabel pretrained camera,checkpoint/closed_loop_teacher_camera_policy_light_v3d_t60_20260510_splitstem_dagger/camera_head_pretrained_best.pth
dark,0.0,1.0,0.0,1.751278042793274,0.6122159957885742,0.9524279832839966,far_right,0.6883569955825806,0.7110243439674377,0.7011398077011108,23,collision,96,dagger,DAgger-relabel pretrained camera,checkpoint/closed_loop_teacher_camera_policy_light_v3d_t60_20260510_splitstem_dagger/camera_head_pretrained_best.pth
dark,0.0,1.0,0.0,1.7621028423309326,0.6016917824745178,0.9546786546707153,left,0.6866668462753296,0.7118291854858398,0.7017404437065125,24,collision,97,dagger,DAgger-relabel pretrained camera,checkpoint/closed_loop_teacher_camera_policy_light_v3d_t60_20260510_splitstem_dagger/camera_head_pretrained_best.pth
dark,0.0,1.0,0.0,1.7270457744598389,0.6271595358848572,0.9528734087944031,far_left,0.6710662245750427,0.7179020643234253,0.7002729177474976,24,collision,98,dagger,DAgger-relabel pretrained camera,checkpoint/closed_loop_teacher_camera_policy_light_v3d_t60_20260510_splitstem_dagger/camera_head_pretrained_best.pth
dark,0.0,1.0,0.0,1.7631142139434814,0.6326012015342712,0.9497354626655579,right,0.6836854815483093,0.7053449749946594,0.6966332197189331,22,collision,99,dagger,DAgger-relabel pretrained camera,checkpoint/closed_loop_teacher_camera_policy_light_v3d_t60_20260510_splitstem_dagger/camera_head_pretrained_best.pth
dark,0.0,1.0,0.0,1.748416543006897,0.6676717400550842,0.9500041604042053,left,0.6827244758605957,0.7090601325035095,0.6998070478439331,22,collision,100,dagger,DAgger-relabel pretrained camera,checkpoint/closed_loop_teacher_camera_policy_light_v3d_t60_20260510_splitstem_dagger/camera_head_pretrained_best.pth
dark,0.0,1.0,0.0,1.830066204071045,0.5899983644485474,0.9574768543243408,far_left,0.6734142303466797,0.7156040668487549,0.6988022923469543,26,collision,101,dagger,DAgger-relabel pretrained camera,checkpoint/closed_loop_teacher_camera_policy_light_v3d_t60_20260510_splitstem_dagger/camera_head_pretrained_best.pth
dark,0.0,1.0,0.0,1.7270841598510742,0.637843906879425,0.9516782164573669,right,0.6840707063674927,0.7094310522079468,0.7002860307693481,23,collision,102,dagger,DAgger-relabel pretrained camera,checkpoint/closed_loop_teacher_camera_policy_light_v3d_t60_20260510_splitstem_dagger/camera_head_pretrained_best.pth
dark,0.0,1.0,0.0,1.6702769994735718,0.687437891960144,0.9502452611923218,left,0.6831693053245544,0.7100962996482849,0.7001636028289795,22,collision,103,dagger,DAgger-relabel pretrained camera,checkpoint/closed_loop_teacher_camera_policy_light_v3d_t60_20260510_splitstem_dagger/camera_head_pretrained_best.pth
dark,0.0,1.0,0.0,1.7723417282104492,0.6055774688720703,0.952197790145874,far_right,0.6877699494361877,0.7123420834541321,0.7009148597717285,23,collision,104,dagger,DAgger-relabel pretrained camera,checkpoint/closed_loop_teacher_camera_policy_light_v3d_t60_20260510_splitstem_dagger/camera_head_pretrained_best.pth
dark,0.0,1.0,0.0,1.7940477132797241,0.6385520696640015,0.9537414908409119,far_left,0.6724362969398499,0.7147247791290283,0.6991506218910217,24,collision,105,dagger,DAgger-relabel pretrained camera,checkpoint/closed_loop_teacher_camera_policy_light_v3d_t60_20260510_splitstem_dagger/camera_head_pretrained_best.pth
dark,0.0,1.0,0.0,1.6965885162353516,0.6369883418083191,0.9541943669319153,left,0.679294228553772,0.7162877321243286,0.7008340954780579,24,collision,106,dagger,DAgger-relabel pretrained camera,checkpoint/closed_loop_teacher_camera_policy_light_v3d_t60_20260510_splitstem_dagger/camera_head_pretrained_best.pth
dark,0.0,1.0,0.0,1.7818727493286133,0.5882748365402222,0.9540496468544006,right,0.6864004731178284,0.7095553278923035,0.6999414563179016,24,collision,107,dagger,DAgger-relabel pretrained camera,checkpoint/closed_loop_teacher_camera_policy_light_v3d_t60_20260510_splitstem_dagger/camera_head_pretrained_best.pth
dark,0.0,1.0,0.0,1.7407724857330322,0.613997220993042,0.9537792205810547,left,0.6872280240058899,0.7117370963096619,0.701468825340271,24,collision,108,dagger,DAgger-relabel pretrained camera,checkpoint/closed_loop_teacher_camera_policy_light_v3d_t60_20260510_splitstem_dagger/camera_head_pretrained_best.pth
dark,0.0,1.0,0.0,1.7103850841522217,0.6188031435012817,0.9551190137863159,far_right,0.6882545351982117,0.712346613407135,0.7022838592529297,24,collision,109,dagger,DAgger-relabel pretrained camera,checkpoint/closed_loop_teacher_camera_policy_light_v3d_t60_20260510_splitstem_dagger/camera_head_pretrained_best.pth
dark,0.0,1.0,0.0,1.7046737670898438,0.6694033741950989,0.9504382014274597,far_right,0.6867936253547668,0.7107048630714417,0.7010208368301392,22,collision,110,dagger,DAgger-relabel pretrained camera,checkpoint/closed_loop_teacher_camera_policy_light_v3d_t60_20260510_splitstem_dagger/camera_head_pretrained_best.pth
dark,0.0,1.0,0.0,1.8198821544647217,0.6096665859222412,0.9530495405197144,far_left,0.6741244196891785,0.7150318622589111,0.6991098523139954,24,collision,111,dagger,DAgger-relabel pretrained camera,checkpoint/closed_loop_teacher_camera_policy_light_v3d_t60_20260510_splitstem_dagger/camera_head_pretrained_best.pth
dark,0.0,1.0,0.0,1.7343025207519531,0.5972898006439209,0.9524582624435425,far_right,0.6858580708503723,0.7106379866600037,0.6996429562568665,24,collision,112,dagger,DAgger-relabel pretrained camera,checkpoint/closed_loop_teacher_camera_policy_light_v3d_t60_20260510_splitstem_dagger/camera_head_pretrained_best.pth
dark,0.0,1.0,0.0,1.7683131694793701,0.6457872986793518,0.9496597051620483,right,0.6848067045211792,0.7074936628341675,0.6990269422531128,22,collision,113,dagger,DAgger-relabel pretrained camera,checkpoint/closed_loop_teacher_camera_policy_light_v3d_t60_20260510_splitstem_dagger/camera_head_pretrained_best.pth
dark,0.0,1.0,0.0,1.7239177227020264,0.5788543820381165,0.956695556640625,far_right,0.6915183663368225,0.7119486927986145,0.7031141519546509,26,collision,114,dagger,DAgger-relabel pretrained camera,checkpoint/closed_loop_teacher_camera_policy_light_v3d_t60_20260510_splitstem_dagger/camera_head_pretrained_best.pth
dark,0.0,1.0,0.0,1.7687331438064575,0.6652091145515442,0.946310818195343,right,0.6705163717269897,0.6989584565162659,0.6855201721191406,21,collision,115,dagger,DAgger-relabel pretrained camera,checkpoint/closed_loop_teacher_camera_policy_light_v3d_t60_20260510_splitstem_dagger/camera_head_pretrained_best.pth
dark,0.0,1.0,0.0,1.784673810005188,0.6469425559043884,0.9474175572395325,right,0.6844393610954285,0.7082496285438538,0.6995047926902771,21,collision,116,dagger,DAgger-relabel pretrained camera,checkpoint/closed_loop_teacher_camera_policy_light_v3d_t60_20260510_splitstem_dagger/camera_head_pretrained_best.pth
dark,0.0,1.0,0.0,1.745668649673462,0.6337200999259949,0.9533451795578003,far_left,0.6762537956237793,0.7147565484046936,0.7001928091049194,24,collision,117,dagger,DAgger-relabel pretrained camera,checkpoint/closed_loop_teacher_camera_policy_light_v3d_t60_20260510_splitstem_dagger/camera_head_pretrained_best.pth
dark,0.0,1.0,0.0,1.7588375806808472,0.668009877204895,0.949404776096344,left,0.6821842193603516,0.7085269093513489,0.6985978484153748,22,collision,118,dagger,DAgger-relabel pretrained camera,checkpoint/closed_loop_teacher_camera_policy_light_v3d_t60_20260510_splitstem_dagger/camera_head_pretrained_best.pth
dark,0.0,1.0,0.0,1.77664053440094,0.6442292332649231,0.9516322612762451,far_left,0.6800629496574402,0.7119264602661133,0.6998707056045532,23,collision,119,dagger,DAgger-relabel pretrained camera,checkpoint/closed_loop_teacher_camera_policy_light_v3d_t60_20260510_splitstem_dagger/camera_head_pretrained_best.pth
dark,0.0,1.0,0.0,1.7365012168884277,0.6242845058441162,0.9516453742980957,left,0.683393657207489,0.7103853821754456,0.7006117105484009,23,collision,120,dagger,DAgger-relabel pretrained camera,checkpoint/closed_loop_teacher_camera_policy_light_v3d_t60_20260510_splitstem_dagger/camera_head_pretrained_best.pth
dark,0.0,1.0,0.0,1.7904582023620605,0.6200567483901978,0.953552782535553,far_left,0.6727815270423889,0.7147242426872253,0.6986773014068604,24,collision,121,dagger,DAgger-relabel pretrained camera,checkpoint/closed_loop_teacher_camera_policy_light_v3d_t60_20260510_splitstem_dagger/camera_head_pretrained_best.pth
dark,0.0,1.0,0.0,1.7580758333206177,0.6021860241889954,0.9533074498176575,far_right,0.6897550225257874,0.7088127136230469,0.7011703848838806,24,collision,122,dagger,DAgger-relabel pretrained camera,checkpoint/closed_loop_teacher_camera_policy_light_v3d_t60_20260510_splitstem_dagger/camera_head_pretrained_best.pth
dark,0.0,1.0,0.0,1.8176518678665161,0.6085152626037598,0.953930139541626,far_left,0.6759660243988037,0.7156307697296143,0.6997617483139038,24,collision,123,dagger,DAgger-relabel pretrained camera,checkpoint/closed_loop_teacher_camera_policy_light_v3d_t60_20260510_splitstem_dagger/camera_head_pretrained_best.pth
dark,0.0,1.0,0.0,1.7666876316070557,0.6181846857070923,0.9516651034355164,left,0.6818723678588867,0.710567057132721,0.6985690593719482,23,collision,124,dagger,DAgger-relabel pretrained camera,checkpoint/closed_loop_teacher_camera_policy_light_v3d_t60_20260510_splitstem_dagger/camera_head_pretrained_best.pth
dark,0.0,1.0,0.0,1.727484941482544,0.6433528661727905,0.9493359327316284,right,0.6776246428489685,0.7069407105445862,0.6946946382522583,22,collision,125,dagger,DAgger-relabel pretrained camera,checkpoint/closed_loop_teacher_camera_policy_light_v3d_t60_20260510_splitstem_dagger/camera_head_pretrained_best.pth
dark,0.0,1.0,0.0,1.7871074676513672,0.6032530665397644,0.9531124234199524,far_left,0.6751658320426941,0.7139731645584106,0.6992287039756775,24,collision,126,dagger,DAgger-relabel pretrained camera,checkpoint/closed_loop_teacher_camera_policy_light_v3d_t60_20260510_splitstem_dagger/camera_head_pretrained_best.pth
dark,0.0,1.0,0.0,1.7596787214279175,0.6193379163742065,0.9528481960296631,far_left,0.6711491346359253,0.7171415090560913,0.6995890140533447,24,collision,127,dagger,DAgger-relabel pretrained camera,checkpoint/closed_loop_teacher_camera_policy_light_v3d_t60_20260510_splitstem_dagger/camera_head_pretrained_best.pth
dark,0.0,1.0,0.0,1.681731939315796,0.6151860952377319,0.956585168838501,left,0.6764904260635376,0.716894805431366,0.700810432434082,25,collision,128,dagger,DAgger-relabel pretrained camera,checkpoint/closed_loop_teacher_camera_policy_light_v3d_t60_20260510_splitstem_dagger/camera_head_pretrained_best.pth
dark,0.0,1.0,0.0,1.763573169708252,0.6136852502822876,0.9517636895179749,far_left,0.6801937222480774,0.7124412655830383,0.6999611854553223,23,collision,129,dagger,DAgger-relabel pretrained camera,checkpoint/closed_loop_teacher_camera_policy_light_v3d_t60_20260510_splitstem_dagger/camera_head_pretrained_best.pth
dark,0.0,1.0,0.0,1.7075307369232178,0.5912678241729736,0.9555482864379883,far_right,0.6901947259902954,0.7085994482040405,0.7017267942428589,25,collision,130,dagger,DAgger-relabel pretrained camera,checkpoint/closed_loop_teacher_camera_policy_light_v3d_t60_20260510_splitstem_dagger/camera_head_pretrained_best.pth
dark,0.0,1.0,0.0,1.7770512104034424,0.6452863812446594,0.9494253993034363,right,0.6785117387771606,0.7069394588470459,0.6950406432151794,22,collision,131,dagger,DAgger-relabel pretrained camera,checkpoint/closed_loop_teacher_camera_policy_light_v3d_t60_20260510_splitstem_dagger/camera_head_pretrained_best.pth
dark,0.0,1.0,0.0,1.7761359214782715,0.6116372346878052,0.952349066734314,right,0.6863639950752258,0.7093595266342163,0.7006378173828125,23,collision,132,dagger,DAgger-relabel pretrained camera,checkpoint/closed_loop_teacher_camera_policy_light_v3d_t60_20260510_splitstem_dagger/camera_head_pretrained_best.pth
dark,0.0,1.0,0.0,1.7346875667572021,0.5927110910415649,0.9535771608352661,far_right,0.6718025207519531,0.7052935361862183,0.6923125982284546,25,collision,133,dagger,DAgger-relabel pretrained camera,checkpoint/closed_loop_teacher_camera_policy_light_v3d_t60_20260510_splitstem_dagger/camera_head_pretrained_best.pth
dark,0.0,1.0,0.0,1.7818971872329712,0.5939704179763794,0.9532960057258606,far_right,0.6867845058441162,0.7123494744300842,0.7019329071044922,23,collision,134,dagger,DAgger-relabel pretrained camera,checkpoint/closed_loop_teacher_camera_policy_light_v3d_t60_20260510_splitstem_dagger/camera_head_pretrained_best.pth
dark,0.0,1.0,0.0,1.7076587677001953,0.5815821886062622,0.9547345042228699,far_right,0.6868009567260742,0.7125260233879089,0.7022922039031982,25,collision,135,dagger,DAgger-relabel pretrained camera,checkpoint/closed_loop_teacher_camera_policy_light_v3d_t60_20260510_splitstem_dagger/camera_head_pretrained_best.pth
dark,0.0,1.0,0.0,1.726220965385437,0.6458508372306824,0.9521254301071167,right,0.6872696876525879,0.7119730114936829,0.703437089920044,23,collision,136,dagger,DAgger-relabel pretrained camera,checkpoint/closed_loop_teacher_camera_policy_light_v3d_t60_20260510_splitstem_dagger/camera_head_pretrained_best.pth
dark,0.0,1.0,0.0,1.6709415912628174,0.6615856289863586,0.9540496468544006,left,0.6870477199554443,0.7133060097694397,0.7024055123329163,24,collision,137,dagger,DAgger-relabel pretrained camera,checkpoint/closed_loop_teacher_camera_policy_light_v3d_t60_20260510_splitstem_dagger/camera_head_pretrained_best.pth
dark,0.0,1.0,0.0,1.7558109760284424,0.5854945778846741,0.9543075561523438,far_right,0.6885201334953308,0.7147600054740906,0.7023801803588867,24,collision,138,dagger,DAgger-relabel pretrained camera,checkpoint/closed_loop_teacher_camera_policy_light_v3d_t60_20260510_splitstem_dagger/camera_head_pretrained_best.pth
dark,0.0,1.0,0.0,1.7034279108047485,0.5864841341972351,0.9566667079925537,far_right,0.6812971234321594,0.7105386257171631,0.6998850703239441,26,collision,139,dagger,DAgger-relabel pretrained camera,checkpoint/closed_loop_teacher_camera_policy_light_v3d_t60_20260510_splitstem_dagger/camera_head_pretrained_best.pth
dark,0.0,1.0,0.0,1.7949789762496948,0.6117379665374756,0.9532948732376099,far_left,0.6758202910423279,0.7142874598503113,0.6994704604148865,24,collision,140,dagger,DAgger-relabel pretrained camera,checkpoint/closed_loop_teacher_camera_policy_light_v3d_t60_20260510_splitstem_dagger/camera_head_pretrained_best.pth
dark,0.0,1.0,0.0,1.7756049633026123,0.6201610565185547,0.9541628360748291,far_left,0.6752723455429077,0.7162761092185974,0.7002296447753906,24,collision,141,dagger,DAgger-relabel pretrained camera,checkpoint/closed_loop_teacher_camera_policy_light_v3d_t60_20260510_splitstem_dagger/camera_head_pretrained_best.pth
dark,0.0,1.0,0.0,1.8096797466278076,0.6327497959136963,0.9534898400306702,far_left,0.6774312853813171,0.7148418426513672,0.7000274658203125,24,collision,142,dagger,DAgger-relabel pretrained camera,checkpoint/closed_loop_teacher_camera_policy_light_v3d_t60_20260510_splitstem_dagger/camera_head_pretrained_best.pth
dark,0.0,1.0,0.0,1.7813969850540161,0.5910932421684265,0.9552770853042603,far_left,0.6757149696350098,0.7157720923423767,0.7000651359558105,25,collision,143,dagger,DAgger-relabel pretrained camera,checkpoint/closed_loop_teacher_camera_policy_light_v3d_t60_20260510_splitstem_dagger/camera_head_pretrained_best.pth
dark,1.0,0.0,1.0,0.32709789276123047,0.5423303246498108,0.9825063347816467,left,0.583256185054779,0.5927559733390808,0.5754908323287964,60,timeout,144,dagger,DAgger-relabel pretrained camera,checkpoint/closed_loop_teacher_camera_policy_light_v3d_t60_20260510_splitstem_dagger/camera_head_pretrained_best.pth
dark,0.0,1.0,0.0,1.7831320762634277,0.6152065396308899,0.9517768621444702,left,0.6859634518623352,0.7090269923210144,0.7000092267990112,23,collision,145,dagger,DAgger-relabel pretrained camera,checkpoint/closed_loop_teacher_camera_policy_light_v3d_t60_20260510_splitstem_dagger/camera_head_pretrained_best.pth
dark,0.0,1.0,0.0,1.7427815198898315,0.5978639125823975,0.954886257648468,far_right,0.686136782169342,0.7121893167495728,0.6997617483139038,24,collision,146,dagger,DAgger-relabel pretrained camera,checkpoint/closed_loop_teacher_camera_policy_light_v3d_t60_20260510_splitstem_dagger/camera_head_pretrained_best.pth
dark,0.0,1.0,0.0,1.7434848546981812,0.6042258143424988,0.9517412185668945,far_right,0.6881542205810547,0.7104905247688293,0.700448751449585,24,collision,147,dagger,DAgger-relabel pretrained camera,checkpoint/closed_loop_teacher_camera_policy_light_v3d_t60_20260510_splitstem_dagger/camera_head_pretrained_best.pth
dark,0.0,1.0,0.0,1.7539737224578857,0.5853549838066101,0.957569420337677,far_left,0.6830469965934753,0.7169615626335144,0.7034417390823364,26,collision,148,dagger,DAgger-relabel pretrained camera,checkpoint/closed_loop_teacher_camera_policy_light_v3d_t60_20260510_splitstem_dagger/camera_head_pretrained_best.pth
dark,0.0,1.0,0.0,1.8098914623260498,0.6181589961051941,0.9533514976501465,far_left,0.6759822964668274,0.7141197919845581,0.6996355652809143,24,collision,149,dagger,DAgger-relabel pretrained camera,checkpoint/closed_loop_teacher_camera_policy_light_v3d_t60_20260510_splitstem_dagger/camera_head_pretrained_best.pth
dark,0.0,1.0,0.0,1.7893610000610352,0.6308135986328125,0.9519149661064148,right,0.6809896230697632,0.7059566378593445,0.6944329738616943,23,collision,150,dagger,DAgger-relabel pretrained camera,checkpoint/closed_loop_teacher_camera_policy_light_v3d_t60_20260510_splitstem_dagger/camera_head_pretrained_best.pth
dark,0.0,1.0,0.0,1.7173936367034912,0.562904953956604,0.9556075930595398,far_right,0.6718601584434509,0.7050164341926575,0.6930453181266785,26,collision,151,dagger,DAgger-relabel pretrained camera,checkpoint/closed_loop_teacher_camera_policy_light_v3d_t60_20260510_splitstem_dagger/camera_head_pretrained_best.pth
dark,0.0,1.0,0.0,1.7909210920333862,0.6360342502593994,0.9496596455574036,right,0.6825547218322754,0.7086479067802429,0.6997851729393005,22,collision,152,dagger,DAgger-relabel pretrained camera,checkpoint/closed_loop_teacher_camera_policy_light_v3d_t60_20260510_splitstem_dagger/camera_head_pretrained_best.pth
dark,0.0,1.0,0.0,1.7593307495117188,0.6256564259529114,0.9522963762283325,right,0.6859031915664673,0.7110835909843445,0.7003978490829468,23,collision,153,dagger,DAgger-relabel pretrained camera,checkpoint/closed_loop_teacher_camera_policy_light_v3d_t60_20260510_splitstem_dagger/camera_head_pretrained_best.pth
dark,0.0,1.0,0.0,1.788456678390503,0.6145208477973938,0.9515992999076843,left,0.6834904551506042,0.7109158635139465,0.7004095315933228,23,collision,154,dagger,DAgger-relabel pretrained camera,checkpoint/closed_loop_teacher_camera_policy_light_v3d_t60_20260510_splitstem_dagger/camera_head_pretrained_best.pth
dark,0.0,1.0,0.0,1.7609299421310425,0.592003345489502,0.9545465707778931,far_right,0.68913334608078,0.7126678228378296,0.7023788094520569,24,collision,155,dagger,DAgger-relabel pretrained camera,checkpoint/closed_loop_teacher_camera_policy_light_v3d_t60_20260510_splitstem_dagger/camera_head_pretrained_best.pth
dark,0.0,1.0,0.0,1.703959584236145,0.6440457701683044,0.9528093338012695,left,0.6830706596374512,0.7125972509384155,0.7021510004997253,23,collision,156,dagger,DAgger-relabel pretrained camera,checkpoint/closed_loop_teacher_camera_policy_light_v3d_t60_20260510_splitstem_dagger/camera_head_pretrained_best.pth
dark,0.0,1.0,0.0,1.732469916343689,0.6015037298202515,0.9524205327033997,far_right,0.6899874210357666,0.7076822519302368,0.700861394405365,24,collision,157,dagger,DAgger-relabel pretrained camera,checkpoint/closed_loop_teacher_camera_policy_light_v3d_t60_20260510_splitstem_dagger/camera_head_pretrained_best.pth
dark,0.0,1.0,0.0,1.659306287765503,0.652097761631012,0.9543893337249756,left,0.6776759028434753,0.7169416546821594,0.7012508511543274,24,collision,158,dagger,DAgger-relabel pretrained camera,checkpoint/closed_loop_teacher_camera_policy_light_v3d_t60_20260510_splitstem_dagger/camera_head_pretrained_best.pth
dark,0.0,1.0,0.0,1.7598681449890137,0.6051309108734131,0.9573379158973694,far_left,0.6786611080169678,0.716704785823822,0.7011780142784119,26,collision,159,dagger,DAgger-relabel pretrained camera,checkpoint/closed_loop_teacher_camera_policy_light_v3d_t60_20260510_splitstem_dagger/camera_head_pretrained_best.pth
dark,0.0,1.0,0.0,1.7588051557540894,0.6207923889160156,0.9520465135574341,far_right,0.68773353099823,0.7111268043518066,0.7008903622627258,23,collision,160,dagger,DAgger-relabel pretrained camera,checkpoint/closed_loop_teacher_camera_policy_light_v3d_t60_20260510_splitstem_dagger/camera_head_pretrained_best.pth
dark,0.0,1.0,0.0,1.7764534950256348,0.663806676864624,0.9479097723960876,far_left,0.6717471480369568,0.712327778339386,0.6961585879325867,22,collision,161,dagger,DAgger-relabel pretrained camera,checkpoint/closed_loop_teacher_camera_policy_light_v3d_t60_20260510_splitstem_dagger/camera_head_pretrained_best.pth
dark,0.0,1.0,0.0,1.7563135623931885,0.6001210808753967,0.9538232684135437,far_right,0.6889378428459167,0.7077203989028931,0.699778139591217,24,collision,162,dagger,DAgger-relabel pretrained camera,checkpoint/closed_loop_teacher_camera_policy_light_v3d_t60_20260510_splitstem_dagger/camera_head_pretrained_best.pth
dark,0.0,1.0,0.0,1.74042546749115,0.6403385996818542,0.9528093338012695,far_right,0.6871554255485535,0.7116826772689819,0.7013376355171204,23,collision,163,dagger,DAgger-relabel pretrained camera,checkpoint/closed_loop_teacher_camera_policy_light_v3d_t60_20260510_splitstem_dagger/camera_head_pretrained_best.pth
dark,0.0,1.0,0.0,1.7556291818618774,0.6559262275695801,0.9493083357810974,left,0.6779220104217529,0.7112321853637695,0.6971420049667358,22,collision,164,dagger,DAgger-relabel pretrained camera,checkpoint/closed_loop_teacher_camera_policy_light_v3d_t60_20260510_splitstem_dagger/camera_head_pretrained_best.pth
dark,0.0,1.0,0.0,1.746492624282837,0.5734438896179199,0.9551926851272583,far_right,0.6843187808990479,0.7123726606369019,0.7013099193572998,25,collision,165,dagger,DAgger-relabel pretrained camera,checkpoint/closed_loop_teacher_camera_policy_light_v3d_t60_20260510_splitstem_dagger/camera_head_pretrained_best.pth
dark,0.0,1.0,0.0,1.7333168983459473,0.6451618075370789,0.9523293375968933,left,0.6835864782333374,0.7119585871696472,0.7007922530174255,23,collision,166,dagger,DAgger-relabel pretrained camera,checkpoint/closed_loop_teacher_camera_policy_light_v3d_t60_20260510_splitstem_dagger/camera_head_pretrained_best.pth
dark,0.0,1.0,0.0,1.760292410850525,0.5807279348373413,0.9561993479728699,right,0.6861052513122559,0.7137774229049683,0.7028921842575073,25,collision,167,dagger,DAgger-relabel pretrained camera,checkpoint/closed_loop_teacher_camera_policy_light_v3d_t60_20260510_splitstem_dagger/camera_head_pretrained_best.pth
dark,0.0,1.0,0.0,1.7807458639144897,0.6044401526451111,0.957152783870697,far_left,0.6762589812278748,0.7191645503044128,0.7022278904914856,26,collision,168,dagger,DAgger-relabel pretrained camera,checkpoint/closed_loop_teacher_camera_policy_light_v3d_t60_20260510_splitstem_dagger/camera_head_pretrained_best.pth
dark,0.0,1.0,0.0,1.772451639175415,0.6246549487113953,0.9500672221183777,far_right,0.6857824921607971,0.7092118263244629,0.6988760828971863,23,collision,169,dagger,DAgger-relabel pretrained camera,checkpoint/closed_loop_teacher_camera_policy_light_v3d_t60_20260510_splitstem_dagger/camera_head_pretrained_best.pth
dark,0.0,1.0,0.0,1.5276198387145996,0.707401692867279,0.9538043737411499,left,0.6831541657447815,0.7103885412216187,0.6992125511169434,24,collision,170,dagger,DAgger-relabel pretrained camera,checkpoint/closed_loop_teacher_camera_policy_light_v3d_t60_20260510_splitstem_dagger/camera_head_pretrained_best.pth
dark,0.0,1.0,0.0,1.7454866170883179,0.6368610858917236,0.9525086283683777,far_left,0.6714703440666199,0.7179224491119385,0.7005822658538818,24,collision,171,dagger,DAgger-relabel pretrained camera,checkpoint/closed_loop_teacher_camera_policy_light_v3d_t60_20260510_splitstem_dagger/camera_head_pretrained_best.pth
dark,0.0,1.0,0.0,1.7750493288040161,0.6206232309341431,0.9502248764038086,far_left,0.6723061203956604,0.715298056602478,0.6985182762145996,23,collision,172,dagger,DAgger-relabel pretrained camera,checkpoint/closed_loop_teacher_camera_policy_light_v3d_t60_20260510_splitstem_dagger/camera_head_pretrained_best.pth
dark,0.0,1.0,0.0,1.7624726295471191,0.6019992232322693,0.9545214176177979,right,0.6872921586036682,0.7131125330924988,0.7036291360855103,24,collision,173,dagger,DAgger-relabel pretrained camera,checkpoint/closed_loop_teacher_camera_policy_light_v3d_t60_20260510_splitstem_dagger/camera_head_pretrained_best.pth
dark,0.0,1.0,0.0,1.7823320627212524,0.6042454242706299,0.9515204429626465,far_right,0.6875558495521545,0.7110632061958313,0.7007746696472168,23,collision,174,dagger,DAgger-relabel pretrained camera,checkpoint/closed_loop_teacher_camera_policy_light_v3d_t60_20260510_splitstem_dagger/camera_head_pretrained_best.pth
dark,0.0,1.0,0.0,1.7983043193817139,0.63917076587677,0.9486262798309326,far_left,0.6741742491722107,0.7109503746032715,0.6967910528182983,22,collision,175,dagger,DAgger-relabel pretrained camera,checkpoint/closed_loop_teacher_camera_policy_light_v3d_t60_20260510_splitstem_dagger/camera_head_pretrained_best.pth
dark,0.0,1.0,0.0,1.7580957412719727,0.5972254276275635,0.9538295865058899,far_right,0.6906757354736328,0.7115941643714905,0.7025536298751831,24,collision,176,dagger,DAgger-relabel pretrained camera,checkpoint/closed_loop_teacher_camera_policy_light_v3d_t60_20260510_splitstem_dagger/camera_head_pretrained_best.pth
dark,0.0,1.0,0.0,1.688544750213623,0.6782233715057373,0.9520268440246582,left,0.6792104840278625,0.7072358727455139,0.6956510543823242,23,collision,177,dagger,DAgger-relabel pretrained camera,checkpoint/closed_loop_teacher_camera_policy_light_v3d_t60_20260510_splitstem_dagger/camera_head_pretrained_best.pth
dark,0.0,1.0,0.0,1.7672442197799683,0.6497972011566162,0.9494599103927612,left,0.6827698945999146,0.7087497711181641,0.699415922164917,22,collision,178,dagger,DAgger-relabel pretrained camera,checkpoint/closed_loop_teacher_camera_policy_light_v3d_t60_20260510_splitstem_dagger/camera_head_pretrained_best.pth
dark,0.0,1.0,0.0,1.7521229982376099,0.6233285069465637,0.9514283537864685,right,0.6830345988273621,0.7094212770462036,0.6982789039611816,23,collision,179,dagger,DAgger-relabel pretrained camera,checkpoint/closed_loop_teacher_camera_policy_light_v3d_t60_20260510_splitstem_dagger/camera_head_pretrained_best.pth
dark,0.0,1.0,0.0,1.756487250328064,0.6174672842025757,0.954458475112915,left,0.6853283047676086,0.7129414081573486,0.7020896673202515,24,collision,180,dagger,DAgger-relabel pretrained camera,checkpoint/closed_loop_teacher_camera_policy_light_v3d_t60_20260510_splitstem_dagger/camera_head_pretrained_best.pth
dark,0.0,1.0,0.0,1.7354203462600708,0.5897554159164429,0.9544572234153748,far_right,0.6805132627487183,0.7105085253715515,0.6980264186859131,25,collision,181,dagger,DAgger-relabel pretrained camera,checkpoint/closed_loop_teacher_camera_policy_light_v3d_t60_20260510_splitstem_dagger/camera_head_pretrained_best.pth
dark,0.0,1.0,0.0,1.7320159673690796,0.6264091730117798,0.9518821239471436,left,0.687783420085907,0.7123737335205078,0.7019433975219727,23,collision,182,dagger,DAgger-relabel pretrained camera,checkpoint/closed_loop_teacher_camera_policy_light_v3d_t60_20260510_splitstem_dagger/camera_head_pretrained_best.pth
dark,0.0,1.0,0.0,1.7861952781677246,0.6046812534332275,0.9532885551452637,far_left,0.6733450293540955,0.7143092155456543,0.6984276175498962,24,collision,183,dagger,DAgger-relabel pretrained camera,checkpoint/closed_loop_teacher_camera_policy_light_v3d_t60_20260510_splitstem_dagger/camera_head_pretrained_best.pth
dark,0.0,1.0,0.0,1.7949070930480957,0.5963385105133057,0.9557774066925049,far_left,0.6763744354248047,0.7156996726989746,0.7008549571037292,25,collision,184,dagger,DAgger-relabel pretrained camera,checkpoint/closed_loop_teacher_camera_policy_light_v3d_t60_20260510_splitstem_dagger/camera_head_pretrained_best.pth
dark,0.0,1.0,0.0,1.755424976348877,0.6093423962593079,0.9525462985038757,far_right,0.6876167058944702,0.7125748991966248,0.7018256783485413,23,collision,185,dagger,DAgger-relabel pretrained camera,checkpoint/closed_loop_teacher_camera_policy_light_v3d_t60_20260510_splitstem_dagger/camera_head_pretrained_best.pth
dark,0.0,1.0,0.0,1.7712410688400269,0.6082729697227478,0.9534999132156372,far_right,0.6875878572463989,0.7119408249855042,0.7022688984870911,23,collision,186,dagger,DAgger-relabel pretrained camera,checkpoint/closed_loop_teacher_camera_policy_light_v3d_t60_20260510_splitstem_dagger/camera_head_pretrained_best.pth
dark,0.0,1.0,0.0,1.7569782733917236,0.5837430357933044,0.9568460583686829,far_left,0.6763917207717896,0.7165160775184631,0.7012631297111511,26,collision,187,dagger,DAgger-relabel pretrained camera,checkpoint/closed_loop_teacher_camera_policy_light_v3d_t60_20260510_splitstem_dagger/camera_head_pretrained_best.pth
dark,0.0,1.0,0.0,1.7837835550308228,0.6081596612930298,0.9492669701576233,far_right,0.6805976629257202,0.7086961269378662,0.6934035420417786,22,collision,188,dagger,DAgger-relabel pretrained camera,checkpoint/closed_loop_teacher_camera_policy_light_v3d_t60_20260510_splitstem_dagger/camera_head_pretrained_best.pth
dark,0.0,1.0,0.0,1.7210540771484375,0.6487849950790405,0.9533955454826355,far_left,0.6767129302024841,0.7147966623306274,0.6996614933013916,24,collision,189,dagger,DAgger-relabel pretrained camera,checkpoint/closed_loop_teacher_camera_policy_light_v3d_t60_20260510_splitstem_dagger/camera_head_pretrained_best.pth
dark,0.0,1.0,0.0,1.4323806762695312,0.6553830504417419,0.9618269801139832,left,0.6823486089706421,0.7136881947517395,0.7013019323348999,28,collision,190,dagger,DAgger-relabel pretrained camera,checkpoint/closed_loop_teacher_camera_policy_light_v3d_t60_20260510_splitstem_dagger/camera_head_pretrained_best.pth
dark,0.0,1.0,0.0,1.7453426122665405,0.6266126036643982,0.9524279832839966,right,0.6853916049003601,0.7099642157554626,0.7005037665367126,23,collision,191,dagger,DAgger-relabel pretrained camera,checkpoint/closed_loop_teacher_camera_policy_light_v3d_t60_20260510_splitstem_dagger/camera_head_pretrained_best.pth
dark,0.0,1.0,0.0,1.7622382640838623,0.579795241355896,0.9547164440155029,far_right,0.6862494349479675,0.7099446654319763,0.6989479064941406,25,collision,192,dagger,DAgger-relabel pretrained camera,checkpoint/closed_loop_teacher_camera_policy_light_v3d_t60_20260510_splitstem_dagger/camera_head_pretrained_best.pth
dark,0.0,1.0,0.0,1.7319672107696533,0.5982478857040405,0.9530118107795715,far_right,0.689540684223175,0.7103080749511719,0.7017347812652588,24,collision,193,dagger,DAgger-relabel pretrained camera,checkpoint/closed_loop_teacher_camera_policy_light_v3d_t60_20260510_splitstem_dagger/camera_head_pretrained_best.pth
dark,0.0,1.0,0.0,1.7573825120925903,0.6515804529190063,0.9502521753311157,left,0.6760540008544922,0.7120279669761658,0.6985962986946106,22,collision,194,dagger,DAgger-relabel pretrained camera,checkpoint/closed_loop_teacher_camera_policy_light_v3d_t60_20260510_splitstem_dagger/camera_head_pretrained_best.pth
dark,0.0,1.0,0.0,1.7185543775558472,0.591961145401001,0.9540533423423767,far_right,0.6860610842704773,0.7102417945861816,0.698769748210907,25,collision,195,dagger,DAgger-relabel pretrained camera,checkpoint/closed_loop_teacher_camera_policy_light_v3d_t60_20260510_splitstem_dagger/camera_head_pretrained_best.pth
dark,0.0,1.0,0.0,1.70260488986969,0.6347556114196777,0.9537289142608643,far_left,0.6813445687294006,0.7133870720863342,0.7010892033576965,24,collision,196,dagger,DAgger-relabel pretrained camera,checkpoint/closed_loop_teacher_camera_policy_light_v3d_t60_20260510_splitstem_dagger/camera_head_pretrained_best.pth
dark,0.0,1.0,0.0,1.7256559133529663,0.5803235173225403,0.9546260237693787,far_right,0.6840848922729492,0.7128741145133972,0.7016478776931763,25,collision,197,dagger,DAgger-relabel pretrained camera,checkpoint/closed_loop_teacher_camera_policy_light_v3d_t60_20260510_splitstem_dagger/camera_head_pretrained_best.pth
dark,0.0,1.0,0.0,1.7869846820831299,0.6133848428726196,0.9518755674362183,right,0.6874435544013977,0.7119636535644531,0.702506959438324,23,collision,198,dagger,DAgger-relabel pretrained camera,checkpoint/closed_loop_teacher_camera_policy_light_v3d_t60_20260510_splitstem_dagger/camera_head_pretrained_best.pth
dark,0.0,1.0,0.0,1.7501929998397827,0.627994179725647,0.9519281387329102,right,0.6855350136756897,0.7095286250114441,0.7005661725997925,23,collision,199,dagger,DAgger-relabel pretrained camera,checkpoint/closed_loop_teacher_camera_policy_light_v3d_t60_20260510_splitstem_dagger/camera_head_pretrained_best.pth
dark,0.0,1.0,0.0,1.7278425693511963,0.6505792140960693,0.9498387575149536,left,0.6839364171028137,0.7095181345939636,0.7000390887260437,22,collision,200,dagger,DAgger-relabel pretrained camera,checkpoint/closed_loop_teacher_camera_policy_light_v3d_t60_20260510_splitstem_dagger/camera_head_pretrained_best.pth
dark,0.0,1.0,0.0,1.7591472864151,0.597701907157898,0.9551444053649902,far_left,0.6758874654769897,0.7165145874023438,0.7003390192985535,25,collision,201,dagger,DAgger-relabel pretrained camera,checkpoint/closed_loop_teacher_camera_policy_light_v3d_t60_20260510_splitstem_dagger/camera_head_pretrained_best.pth
dark,0.0,1.0,0.0,1.7038081884384155,0.6608652472496033,0.949590802192688,right,0.6837937831878662,0.7078163027763367,0.6979808211326599,22,collision,202,dagger,DAgger-relabel pretrained camera,checkpoint/closed_loop_teacher_camera_policy_light_v3d_t60_20260510_splitstem_dagger/camera_head_pretrained_best.pth
dark,1.0,0.0,1.0,0.2637846767902374,0.548173725605011,0.9824556708335876,left,0.5805974006652832,0.5855777859687805,0.5712889432907104,60,timeout,203,dagger,DAgger-relabel pretrained camera,checkpoint/closed_loop_teacher_camera_policy_light_v3d_t60_20260510_splitstem_dagger/camera_head_pretrained_best.pth
dark,0.0,1.0,0.0,1.705082654953003,0.6347785592079163,0.9544208645820618,right,0.6798057556152344,0.7126902937889099,0.6998966336250305,24,collision,204,dagger,DAgger-relabel pretrained camera,checkpoint/closed_loop_teacher_camera_policy_light_v3d_t60_20260510_splitstem_dagger/camera_head_pretrained_best.pth
dark,0.0,1.0,0.0,1.745987057685852,0.6276830434799194,0.9522570371627808,right,0.6794196963310242,0.7112931609153748,0.6994808912277222,23,collision,205,dagger,DAgger-relabel pretrained camera,checkpoint/closed_loop_teacher_camera_policy_light_v3d_t60_20260510_splitstem_dagger/camera_head_pretrained_best.pth
dark,0.0,1.0,0.0,1.7549867630004883,0.5855079293251038,0.9524519443511963,far_right,0.686185896396637,0.7096765041351318,0.698508083820343,24,collision,206,dagger,DAgger-relabel pretrained camera,checkpoint/closed_loop_teacher_camera_policy_light_v3d_t60_20260510_splitstem_dagger/camera_head_pretrained_best.pth
dark,1.0,0.0,1.0,0.2492818981409073,0.54254150390625,0.982330322265625,left,0.5805590748786926,0.5845268964767456,0.5693060755729675,60,timeout,207,dagger,DAgger-relabel pretrained camera,checkpoint/closed_loop_teacher_camera_policy_light_v3d_t60_20260510_splitstem_dagger/camera_head_pretrained_best.pth
dark,0.0,1.0,0.0,1.7710576057434082,0.6279421448707581,0.949955940246582,right,0.6775408387184143,0.7074708938598633,0.6946242451667786,22,collision,208,dagger,DAgger-relabel pretrained camera,checkpoint/closed_loop_teacher_camera_policy_light_v3d_t60_20260510_splitstem_dagger/camera_head_pretrained_best.pth
dark,0.0,1.0,0.0,1.7498869895935059,0.5948948264122009,0.9566435217857361,far_left,0.6698199510574341,0.7202604413032532,0.7010748386383057,26,collision,209,dagger,DAgger-relabel pretrained camera,checkpoint/closed_loop_teacher_camera_policy_light_v3d_t60_20260510_splitstem_dagger/camera_head_pretrained_best.pth
dark,0.0,0.0,0.0,0.4041579067707062,0.5712400078773499,0.9824991226196289,left,0.5826380848884583,0.5910542607307434,0.5755397081375122,60,timeout,210,dagger,DAgger-relabel pretrained camera,checkpoint/closed_loop_teacher_camera_policy_light_v3d_t60_20260510_splitstem_dagger/camera_head_pretrained_best.pth
dark,0.0,1.0,0.0,1.7511317729949951,0.6060155034065247,0.9536722898483276,far_right,0.690235435962677,0.7122983932495117,0.7026625275611877,24,collision,211,dagger,DAgger-relabel pretrained camera,checkpoint/closed_loop_teacher_camera_policy_light_v3d_t60_20260510_splitstem_dagger/camera_head_pretrained_best.pth
dark,0.0,1.0,0.0,1.7055317163467407,0.6290925741195679,0.953169047832489,far_right,0.688241720199585,0.7094913125038147,0.6982352137565613,24,collision,212,dagger,DAgger-relabel pretrained camera,checkpoint/closed_loop_teacher_camera_policy_light_v3d_t60_20260510_splitstem_dagger/camera_head_pretrained_best.pth
dark,0.0,1.0,0.0,1.7943936586380005,0.6285516619682312,0.9501419067382812,left,0.6823650002479553,0.7099013328552246,0.6993813514709473,22,collision,213,dagger,DAgger-relabel pretrained camera,checkpoint/closed_loop_teacher_camera_policy_light_v3d_t60_20260510_splitstem_dagger/camera_head_pretrained_best.pth
dark,0.0,1.0,0.0,1.742851734161377,0.5731135010719299,0.956030547618866,right,0.6810264587402344,0.7139179706573486,0.7030465006828308,25,collision,214,dagger,DAgger-relabel pretrained camera,checkpoint/closed_loop_teacher_camera_policy_light_v3d_t60_20260510_splitstem_dagger/camera_head_pretrained_best.pth
dark,0.0,1.0,0.0,1.7441794872283936,0.6393405795097351,0.9515336155891418,far_left,0.6760335564613342,0.7132565975189209,0.6991105079650879,23,collision,215,dagger,DAgger-relabel pretrained camera,checkpoint/closed_loop_teacher_camera_policy_light_v3d_t60_20260510_splitstem_dagger/camera_head_pretrained_best.pth
dark,0.0,1.0,0.0,1.7610751390457153,0.5922961235046387,0.9539930820465088,far_right,0.6895328760147095,0.7115010023117065,0.7018222212791443,24,collision,216,dagger,DAgger-relabel pretrained camera,checkpoint/closed_loop_teacher_camera_policy_light_v3d_t60_20260510_splitstem_dagger/camera_head_pretrained_best.pth
dark,0.0,1.0,0.0,1.7219606637954712,0.6510064005851746,0.9521583318710327,right,0.6883328557014465,0.7119346857070923,0.7032132744789124,23,collision,217,dagger,DAgger-relabel pretrained camera,checkpoint/closed_loop_teacher_camera_policy_light_v3d_t60_20260510_splitstem_dagger/camera_head_pretrained_best.pth
dark,0.0,1.0,0.0,1.7657772302627563,0.5820474028587341,0.9520368576049805,far_right,0.6874547600746155,0.7101213335990906,0.699571430683136,24,collision,218,dagger,DAgger-relabel pretrained camera,checkpoint/closed_loop_teacher_camera_policy_light_v3d_t60_20260510_splitstem_dagger/camera_head_pretrained_best.pth
dark,0.0,1.0,0.0,1.8091386556625366,0.6023935079574585,0.9528797268867493,far_left,0.676097571849823,0.7143346071243286,0.6990363001823425,24,collision,219,dagger,DAgger-relabel pretrained camera,checkpoint/closed_loop_teacher_camera_policy_light_v3d_t60_20260510_splitstem_dagger/camera_head_pretrained_best.pth
dark,0.0,1.0,0.0,1.7461766004562378,0.6162389516830444,0.9548672437667847,far_left,0.6743212938308716,0.7169073820114136,0.7001274824142456,25,collision,220,dagger,DAgger-relabel pretrained camera,checkpoint/closed_loop_teacher_camera_policy_light_v3d_t60_20260510_splitstem_dagger/camera_head_pretrained_best.pth
dark,0.0,1.0,0.0,1.7561403512954712,0.5984281897544861,0.954376757144928,right,0.6879386305809021,0.713754415512085,0.7029745578765869,24,collision,221,dagger,DAgger-relabel pretrained camera,checkpoint/closed_loop_teacher_camera_policy_light_v3d_t60_20260510_splitstem_dagger/camera_head_pretrained_best.pth
dark,0.0,1.0,0.0,1.8169015645980835,0.5981711745262146,0.9558436870574951,far_left,0.6757879257202148,0.7173535227775574,0.7006926536560059,25,collision,222,dagger,DAgger-relabel pretrained camera,checkpoint/closed_loop_teacher_camera_policy_light_v3d_t60_20260510_splitstem_dagger/camera_head_pretrained_best.pth
dark,0.0,1.0,0.0,1.8024743795394897,0.6204988360404968,0.9507576823234558,far_left,0.6724286079406738,0.7159247398376465,0.6990305185317993,23,collision,223,dagger,DAgger-relabel pretrained camera,checkpoint/closed_loop_teacher_camera_policy_light_v3d_t60_20260510_splitstem_dagger/camera_head_pretrained_best.pth
dark,0.0,1.0,0.0,1.7264128923416138,0.6278054714202881,0.9522372484207153,left,0.6869576573371887,0.7098984718322754,0.7001309394836426,23,collision,224,dagger,DAgger-relabel pretrained camera,checkpoint/closed_loop_teacher_camera_policy_light_v3d_t60_20260510_splitstem_dagger/camera_head_pretrained_best.pth
dark,0.0,1.0,0.0,1.7483692169189453,0.6108080148696899,0.9537100195884705,far_left,0.6778807044029236,0.7125977277755737,0.6983727216720581,24,collision,225,dagger,DAgger-relabel pretrained camera,checkpoint/closed_loop_teacher_camera_policy_light_v3d_t60_20260510_splitstem_dagger/camera_head_pretrained_best.pth
dark,0.0,1.0,0.0,1.7622146606445312,0.631714940071106,0.9515336155891418,left,0.6870089769363403,0.7105278968811035,0.6999852061271667,23,collision,226,dagger,DAgger-relabel pretrained camera,checkpoint/closed_loop_teacher_camera_policy_light_v3d_t60_20260510_splitstem_dagger/camera_head_pretrained_best.pth
dark,0.0,1.0,0.0,1.7261826992034912,0.6644026637077332,0.9501557350158691,left,0.6721855401992798,0.7142536044120789,0.6976638436317444,22,collision,227,dagger,DAgger-relabel pretrained camera,checkpoint/closed_loop_teacher_camera_policy_light_v3d_t60_20260510_splitstem_dagger/camera_head_pretrained_best.pth
dark,0.0,1.0,0.0,1.7217144966125488,0.6229573488235474,0.9521451592445374,left,0.6785300374031067,0.7147400975227356,0.6993764042854309,23,collision,228,dagger,DAgger-relabel pretrained camera,checkpoint/closed_loop_teacher_camera_policy_light_v3d_t60_20260510_splitstem_dagger/camera_head_pretrained_best.pth
dark,0.0,1.0,0.0,1.7785632610321045,0.6143418550491333,0.9517966508865356,right,0.6854979991912842,0.709941029548645,0.7000042796134949,23,collision,229,dagger,DAgger-relabel pretrained camera,checkpoint/closed_loop_teacher_camera_policy_light_v3d_t60_20260510_splitstem_dagger/camera_head_pretrained_best.pth
dark,0.0,1.0,0.0,1.7485088109970093,0.6711871027946472,0.946535050868988,left,0.6802003383636475,0.708087146282196,0.6963700652122498,21,collision,230,dagger,DAgger-relabel pretrained camera,checkpoint/closed_loop_teacher_camera_policy_light_v3d_t60_20260510_splitstem_dagger/camera_head_pretrained_best.pth
dark,0.0,1.0,0.0,1.741370677947998,0.6434966921806335,0.9516585469245911,left,0.6839624643325806,0.7110310792922974,0.7011588215827942,23,collision,231,dagger,DAgger-relabel pretrained camera,checkpoint/closed_loop_teacher_camera_policy_light_v3d_t60_20260510_splitstem_dagger/camera_head_pretrained_best.pth
dark,0.0,1.0,0.0,1.7908844947814941,0.6283213496208191,0.9516124725341797,far_left,0.6774329543113708,0.7141690254211426,0.6995634436607361,23,collision,232,dagger,DAgger-relabel pretrained camera,checkpoint/closed_loop_teacher_camera_policy_light_v3d_t60_20260510_splitstem_dagger/camera_head_pretrained_best.pth
dark,0.0,1.0,0.0,1.7833495140075684,0.614396333694458,0.9537980556488037,far_left,0.6740773916244507,0.7172476053237915,0.7006986737251282,24,collision,233,dagger,DAgger-relabel pretrained camera,checkpoint/closed_loop_teacher_camera_policy_light_v3d_t60_20260510_splitstem_dagger/camera_head_pretrained_best.pth
dark,0.0,1.0,0.0,1.7727209329605103,0.6070159077644348,0.952105700969696,far_right,0.6871639490127563,0.7118464708328247,0.7009859681129456,23,collision,234,dagger,DAgger-relabel pretrained camera,checkpoint/closed_loop_teacher_camera_policy_light_v3d_t60_20260510_splitstem_dagger/camera_head_pretrained_best.pth
dark,0.0,1.0,0.0,1.7279255390167236,0.5957450270652771,0.954632043838501,far_right,0.6820169687271118,0.7110714912414551,0.6989580392837524,25,collision,235,dagger,DAgger-relabel pretrained camera,checkpoint/closed_loop_teacher_camera_policy_light_v3d_t60_20260510_splitstem_dagger/camera_head_pretrained_best.pth
dark,0.0,0.0,0.0,0.3855174779891968,0.5315713286399841,0.9826196432113647,left,0.5852259397506714,0.5972609519958496,0.5799968838691711,60,timeout,236,dagger,DAgger-relabel pretrained camera,checkpoint/closed_loop_teacher_camera_policy_light_v3d_t60_20260510_splitstem_dagger/camera_head_pretrained_best.pth
dark,0.0,1.0,0.0,1.7645597457885742,0.6464207768440247,0.9502590894699097,right,0.6791786551475525,0.709744930267334,0.6988715529441833,22,collision,237,dagger,DAgger-relabel pretrained camera,checkpoint/closed_loop_teacher_camera_policy_light_v3d_t60_20260510_splitstem_dagger/camera_head_pretrained_best.pth
dark,0.0,1.0,0.0,1.6590992212295532,0.6570480465888977,0.9520070552825928,left,0.6767757534980774,0.7158691883087158,0.6999320983886719,23,collision,238,dagger,DAgger-relabel pretrained camera,checkpoint/closed_loop_teacher_camera_policy_light_v3d_t60_20260510_splitstem_dagger/camera_head_pretrained_best.pth
dark,0.0,1.0,0.0,1.775038719177246,0.6162183284759521,0.9530197978019714,far_right,0.6853943467140198,0.7088673710823059,0.6975129246711731,23,collision,239,dagger,DAgger-relabel pretrained camera,checkpoint/closed_loop_teacher_camera_policy_light_v3d_t60_20260510_splitstem_dagger/camera_head_pretrained_best.pth
dark,0.0,1.0,0.0,1.7614763975143433,0.5905480980873108,0.9547667503356934,far_right,0.6880477070808411,0.7157221436500549,0.7033372521400452,24,collision,240,dagger,DAgger-relabel pretrained camera,checkpoint/closed_loop_teacher_camera_policy_light_v3d_t60_20260510_splitstem_dagger/camera_head_pretrained_best.pth
dark,0.0,1.0,0.0,1.7156894207000732,0.6141354441642761,0.9549806118011475,left,0.6803431510925293,0.7166135907173157,0.7018313407897949,24,collision,241,dagger,DAgger-relabel pretrained camera,checkpoint/closed_loop_teacher_camera_policy_light_v3d_t60_20260510_splitstem_dagger/camera_head_pretrained_best.pth
dark,0.0,1.0,0.0,1.7795225381851196,0.6312358379364014,0.9542698264122009,far_left,0.6756578087806702,0.7152156233787537,0.6999496817588806,24,collision,242,dagger,DAgger-relabel pretrained camera,checkpoint/closed_loop_teacher_camera_policy_light_v3d_t60_20260510_splitstem_dagger/camera_head_pretrained_best.pth
dark,0.0,0.0,0.0,0.48133033514022827,0.5407330393791199,0.9823784828186035,left,0.5830148458480835,0.590101957321167,0.5739768147468567,60,timeout,243,dagger,DAgger-relabel pretrained camera,checkpoint/closed_loop_teacher_camera_policy_light_v3d_t60_20260510_splitstem_dagger/camera_head_pretrained_best.pth
dark,0.0,1.0,0.0,1.7138124704360962,0.6598694324493408,0.9494597911834717,left,0.685932993888855,0.7092723846435547,0.6986564993858337,22,collision,244,dagger,DAgger-relabel pretrained camera,checkpoint/closed_loop_teacher_camera_policy_light_v3d_t60_20260510_splitstem_dagger/camera_head_pretrained_best.pth
dark,0.0,1.0,0.0,1.7831655740737915,0.6091146469116211,0.955741286277771,far_left,0.6755419969558716,0.7180594205856323,0.7011591792106628,25,collision,245,dagger,DAgger-relabel pretrained camera,checkpoint/closed_loop_teacher_camera_policy_light_v3d_t60_20260510_splitstem_dagger/camera_head_pretrained_best.pth
dark,0.0,1.0,0.0,1.7934489250183105,0.5894756317138672,0.9549576044082642,far_left,0.675801157951355,0.7158387899398804,0.700668215751648,25,collision,246,dagger,DAgger-relabel pretrained camera,checkpoint/closed_loop_teacher_camera_policy_light_v3d_t60_20260510_splitstem_dagger/camera_head_pretrained_best.pth
dark,0.0,1.0,0.0,1.7813103199005127,0.6272845268249512,0.9512771368026733,far_left,0.6797294616699219,0.7127604484558105,0.7004734873771667,23,collision,247,dagger,DAgger-relabel pretrained camera,checkpoint/closed_loop_teacher_camera_policy_light_v3d_t60_20260510_splitstem_dagger/camera_head_pretrained_best.pth
dark,0.0,1.0,0.0,1.807511329650879,0.5988714694976807,0.9557291865348816,far_left,0.6768444776535034,0.7159013748168945,0.6998380422592163,25,collision,248,dagger,DAgger-relabel pretrained camera,checkpoint/closed_loop_teacher_camera_policy_light_v3d_t60_20260510_splitstem_dagger/camera_head_pretrained_best.pth
dark,0.0,1.0,0.0,1.7522574663162231,0.6281234622001648,0.9521781206130981,right,0.6878065466880798,0.7110700607299805,0.7019340991973877,23,collision,249,dagger,DAgger-relabel pretrained camera,checkpoint/closed_loop_teacher_camera_policy_light_v3d_t60_20260510_splitstem_dagger/camera_head_pretrained_best.pth
dark,0.0,1.0,0.0,1.6691087484359741,0.6422850489616394,0.9547730684280396,left,0.6741541028022766,0.7171221375465393,0.7003028988838196,24,collision,250,dagger,DAgger-relabel pretrained camera,checkpoint/closed_loop_teacher_camera_policy_light_v3d_t60_20260510_splitstem_dagger/camera_head_pretrained_best.pth
dark,0.0,1.0,0.0,1.7432726621627808,0.6332015991210938,0.9501986503601074,far_left,0.6728402972221375,0.7150612473487854,0.6979148983955383,23,collision,251,dagger,DAgger-relabel pretrained camera,checkpoint/closed_loop_teacher_camera_policy_light_v3d_t60_20260510_splitstem_dagger/camera_head_pretrained_best.pth
dark,0.0,1.0,0.0,1.7537155151367188,0.5936511754989624,0.9529488682746887,far_right,0.6820188760757446,0.7109277248382568,0.7002555131912231,24,collision,252,dagger,DAgger-relabel pretrained camera,checkpoint/closed_loop_teacher_camera_policy_light_v3d_t60_20260510_splitstem_dagger/camera_head_pretrained_best.pth
dark,1.0,0.0,1.0,0.34464120864868164,0.546213686466217,0.9824652671813965,left,0.5839088559150696,0.5948175191879272,0.5773609280586243,60,timeout,253,dagger,DAgger-relabel pretrained camera,checkpoint/closed_loop_teacher_camera_policy_light_v3d_t60_20260510_splitstem_dagger/camera_head_pretrained_best.pth
dark,0.0,0.0,0.0,0.6199310421943665,0.5230290293693542,0.9826317429542542,left,0.585449755191803,0.5969985127449036,0.5798102617263794,60,timeout,254,dagger,DAgger-relabel pretrained camera,checkpoint/closed_loop_teacher_camera_policy_light_v3d_t60_20260510_splitstem_dagger/camera_head_pretrained_best.pth
dark,0.0,1.0,0.0,1.740703821182251,0.6367079615592957,0.9538924098014832,far_left,0.6807817220687866,0.7136478424072266,0.7009108066558838,24,collision,255,dagger,DAgger-relabel pretrained camera,checkpoint/closed_loop_teacher_camera_policy_light_v3d_t60_20260510_splitstem_dagger/camera_head_pretrained_best.pth
dark,0.0,1.0,0.0,1.7317205667495728,0.6365737318992615,0.9528093338012695,right,0.6861451268196106,0.7094414830207825,0.7007467150688171,23,collision,256,dagger,DAgger-relabel pretrained camera,checkpoint/closed_loop_teacher_camera_policy_light_v3d_t60_20260510_splitstem_dagger/camera_head_pretrained_best.pth
dark,0.0,1.0,0.0,1.7200772762298584,0.6278284788131714,0.9544208645820618,right,0.687359631061554,0.7126856446266174,0.7032821774482727,24,collision,257,dagger,DAgger-relabel pretrained camera,checkpoint/closed_loop_teacher_camera_policy_light_v3d_t60_20260510_splitstem_dagger/camera_head_pretrained_best.pth
dark,0.0,1.0,0.0,1.7799835205078125,0.6124294996261597,0.9472071528434753,far_right,0.6848319172859192,0.7079414129257202,0.6977090239524841,22,collision,258,dagger,DAgger-relabel pretrained camera,checkpoint/closed_loop_teacher_camera_policy_light_v3d_t60_20260510_splitstem_dagger/camera_head_pretrained_best.pth
dark,0.0,1.0,0.0,1.7672560214996338,0.6275780200958252,0.9503967761993408,right,0.6855461001396179,0.7091208696365356,0.7002337574958801,22,collision,259,dagger,DAgger-relabel pretrained camera,checkpoint/closed_loop_teacher_camera_policy_light_v3d_t60_20260510_splitstem_dagger/camera_head_pretrained_best.pth
dark,0.0,1.0,0.0,1.7146165370941162,0.6303502917289734,0.9536848068237305,right,0.6835355758666992,0.711004376411438,0.7002779245376587,24,collision,260,dagger,DAgger-relabel pretrained camera,checkpoint/closed_loop_teacher_camera_policy_light_v3d_t60_20260510_splitstem_dagger/camera_head_pretrained_best.pth
dark,0.0,1.0,0.0,1.7601678371429443,0.6442875862121582,0.9495632648468018,right,0.6823714375495911,0.7095931172370911,0.7000511884689331,22,collision,261,dagger,DAgger-relabel pretrained camera,checkpoint/closed_loop_teacher_camera_policy_light_v3d_t60_20260510_splitstem_dagger/camera_head_pretrained_best.pth
dark,0.0,1.0,0.0,1.729902744293213,0.5827847719192505,0.9546501040458679,far_right,0.689033031463623,0.710091769695282,0.7011398673057556,25,collision,262,dagger,DAgger-relabel pretrained camera,checkpoint/closed_loop_teacher_camera_policy_light_v3d_t60_20260510_splitstem_dagger/camera_head_pretrained_best.pth
dark,0.0,1.0,0.0,1.7391424179077148,0.6320624947547913,0.9510798454284668,far_right,0.6889076828956604,0.7063698768615723,0.6995226144790649,23,collision,263,dagger,DAgger-relabel pretrained camera,checkpoint/closed_loop_teacher_camera_policy_light_v3d_t60_20260510_splitstem_dagger/camera_head_pretrained_best.pth
dark,0.0,1.0,0.0,1.7431857585906982,0.6072815656661987,0.9552167654037476,far_left,0.6760233640670776,0.7162727117538452,0.7011023759841919,25,collision,264,dagger,DAgger-relabel pretrained camera,checkpoint/closed_loop_teacher_camera_policy_light_v3d_t60_20260510_splitstem_dagger/camera_head_pretrained_best.pth
dark,0.0,1.0,0.0,1.7001526355743408,0.6391189694404602,0.9540119171142578,left,0.6847460269927979,0.7119724750518799,0.7007661461830139,24,collision,265,dagger,DAgger-relabel pretrained camera,checkpoint/closed_loop_teacher_camera_policy_light_v3d_t60_20260510_splitstem_dagger/camera_head_pretrained_best.pth
dark,0.0,1.0,0.0,1.710605502128601,0.6747172474861145,0.94903963804245,left,0.6808829307556152,0.7057170271873474,0.6949211359024048,22,collision,266,dagger,DAgger-relabel pretrained camera,checkpoint/closed_loop_teacher_camera_policy_light_v3d_t60_20260510_splitstem_dagger/camera_head_pretrained_best.pth
dark,0.0,1.0,0.0,1.7350223064422607,0.6462144255638123,0.9492601156234741,left,0.6822570562362671,0.7057689428329468,0.696577250957489,22,collision,267,dagger,DAgger-relabel pretrained camera,checkpoint/closed_loop_teacher_camera_policy_light_v3d_t60_20260510_splitstem_dagger/camera_head_pretrained_best.pth
dark,0.0,1.0,0.0,1.7554742097854614,0.6122192740440369,0.9538609981536865,left,0.6857678294181824,0.7129420638084412,0.7023988366127014,24,collision,268,dagger,DAgger-relabel pretrained camera,checkpoint/closed_loop_teacher_camera_policy_light_v3d_t60_20260510_splitstem_dagger/camera_head_pretrained_best.pth
dark,0.0,1.0,0.0,1.7403075695037842,0.645311176776886,0.9519807696342468,left,0.6866884231567383,0.7117365002632141,0.7008745074272156,23,collision,269,dagger,DAgger-relabel pretrained camera,checkpoint/closed_loop_teacher_camera_policy_light_v3d_t60_20260510_splitstem_dagger/camera_head_pretrained_best.pth
dark,0.0,1.0,0.0,1.7782436609268188,0.6398636102676392,0.9471588134765625,far_left,0.6747680306434631,0.7070809602737427,0.6933503746986389,22,collision,270,dagger,DAgger-relabel pretrained camera,checkpoint/closed_loop_teacher_camera_policy_light_v3d_t60_20260510_splitstem_dagger/camera_head_pretrained_best.pth
dark,0.0,1.0,0.0,1.7789137363433838,0.6303107142448425,0.9526909589767456,far_left,0.6708632111549377,0.7182654738426208,0.7004979848861694,24,collision,271,dagger,DAgger-relabel pretrained camera,checkpoint/closed_loop_teacher_camera_policy_light_v3d_t60_20260510_splitstem_dagger/camera_head_pretrained_best.pth
dark,0.0,1.0,0.0,1.7834807634353638,0.6189224720001221,0.950086772441864,right,0.6789925694465637,0.7092605233192444,0.6988534331321716,22,collision,272,dagger,DAgger-relabel pretrained camera,checkpoint/closed_loop_teacher_camera_policy_light_v3d_t60_20260510_splitstem_dagger/camera_head_pretrained_best.pth
dark,0.0,1.0,0.0,1.7022920846939087,0.6307105422019958,0.9539364576339722,right,0.6870912313461304,0.7122751474380493,0.7024078369140625,24,collision,273,dagger,DAgger-relabel pretrained camera,checkpoint/closed_loop_teacher_camera_policy_light_v3d_t60_20260510_splitstem_dagger/camera_head_pretrained_best.pth
dark,0.0,1.0,0.0,1.6919481754302979,0.6483770608901978,0.9522044062614441,left,0.6814770698547363,0.7128391265869141,0.6999869346618652,23,collision,274,dagger,DAgger-relabel pretrained camera,checkpoint/closed_loop_teacher_camera_policy_light_v3d_t60_20260510_splitstem_dagger/camera_head_pretrained_best.pth
dark,0.0,1.0,0.0,1.7377886772155762,0.6451854109764099,0.9499490261077881,left,0.6813126802444458,0.7110902070999146,0.6993038058280945,22,collision,275,dagger,DAgger-relabel pretrained camera,checkpoint/closed_loop_teacher_camera_policy_light_v3d_t60_20260510_splitstem_dagger/camera_head_pretrained_best.pth
dark,0.0,1.0,0.0,1.7417545318603516,0.6127694845199585,0.9539616107940674,right,0.6820524334907532,0.7122347354888916,0.7006831169128418,24,collision,276,dagger,DAgger-relabel pretrained camera,checkpoint/closed_loop_teacher_camera_policy_light_v3d_t60_20260510_splitstem_dagger/camera_head_pretrained_best.pth
dark,0.0,1.0,0.0,1.7902743816375732,0.609951376914978,0.9537603259086609,far_left,0.6806124448776245,0.7135475873947144,0.7005606293678284,24,collision,277,dagger,DAgger-relabel pretrained camera,checkpoint/closed_loop_teacher_camera_policy_light_v3d_t60_20260510_splitstem_dagger/camera_head_pretrained_best.pth
dark,0.0,1.0,0.0,1.7263880968093872,0.6238197088241577,0.9539868235588074,left,0.6868982911109924,0.7125633358955383,0.7033156752586365,24,collision,278,dagger,DAgger-relabel pretrained camera,checkpoint/closed_loop_teacher_camera_policy_light_v3d_t60_20260510_splitstem_dagger/camera_head_pretrained_best.pth
dark,0.0,1.0,0.0,1.7739447355270386,0.6172691583633423,0.9495769739151001,right,0.6800769567489624,0.7095367312431335,0.6981650590896606,22,collision,279,dagger,DAgger-relabel pretrained camera,checkpoint/closed_loop_teacher_camera_policy_light_v3d_t60_20260510_splitstem_dagger/camera_head_pretrained_best.pth
dark,0.0,1.0,0.0,1.8135727643966675,0.6054151654243469,0.9533388614654541,far_left,0.6690208911895752,0.71743243932724,0.6992056369781494,24,collision,280,dagger,DAgger-relabel pretrained camera,checkpoint/closed_loop_teacher_camera_policy_light_v3d_t60_20260510_splitstem_dagger/camera_head_pretrained_best.pth
dark,0.0,1.0,0.0,1.773364543914795,0.6141039133071899,0.9528356790542603,far_left,0.669429361820221,0.7167631387710571,0.6983407139778137,24,collision,281,dagger,DAgger-relabel pretrained camera,checkpoint/closed_loop_teacher_camera_policy_light_v3d_t60_20260510_splitstem_dagger/camera_head_pretrained_best.pth
dark,0.0,1.0,0.0,1.7719087600708008,0.6152974367141724,0.9530054926872253,far_left,0.6726169586181641,0.7167535424232483,0.6992489695549011,24,collision,282,dagger,DAgger-relabel pretrained camera,checkpoint/closed_loop_teacher_camera_policy_light_v3d_t60_20260510_splitstem_dagger/camera_head_pretrained_best.pth
dark,0.0,1.0,0.0,1.7682993412017822,0.676205575466156,0.9477237462997437,far_left,0.6694632768630981,0.7140622735023499,0.6965430378913879,22,collision,283,dagger,DAgger-relabel pretrained camera,checkpoint/closed_loop_teacher_camera_policy_light_v3d_t60_20260510_splitstem_dagger/camera_head_pretrained_best.pth
dark,0.0,1.0,0.0,1.756529688835144,0.6150014996528625,0.9525660276412964,right,0.68559330701828,0.7096848487854004,0.6990470886230469,23,collision,284,dagger,DAgger-relabel pretrained camera,checkpoint/closed_loop_teacher_camera_policy_light_v3d_t60_20260510_splitstem_dagger/camera_head_pretrained_best.pth
dark,0.0,1.0,0.0,1.7601627111434937,0.5650426149368286,0.9549033045768738,far_right,0.6905004382133484,0.7116831541061401,0.7024111747741699,25,collision,285,dagger,DAgger-relabel pretrained camera,checkpoint/closed_loop_teacher_camera_policy_light_v3d_t60_20260510_splitstem_dagger/camera_head_pretrained_best.pth
dark,0.0,1.0,0.0,1.7291125059127808,0.6361523866653442,0.9509088397026062,far_right,0.6886773109436035,0.7096953392028809,0.7008032202720642,23,collision,286,dagger,DAgger-relabel pretrained camera,checkpoint/closed_loop_teacher_camera_policy_light_v3d_t60_20260510_splitstem_dagger/camera_head_pretrained_best.pth
dark,0.0,1.0,0.0,1.7714382410049438,0.601076602935791,0.9526909589767456,far_right,0.6893827319145203,0.7083262801170349,0.7011004686355591,24,collision,287,dagger,DAgger-relabel pretrained camera,checkpoint/closed_loop_teacher_camera_policy_light_v3d_t60_20260510_splitstem_dagger/camera_head_pretrained_best.pth
dark,0.0,1.0,0.0,1.7678570747375488,0.6212307810783386,0.9499697089195251,right,0.6805903911590576,0.708379328250885,0.6964424848556519,22,collision,288,dagger,DAgger-relabel pretrained camera,checkpoint/closed_loop_teacher_camera_policy_light_v3d_t60_20260510_splitstem_dagger/camera_head_pretrained_best.pth
dark,0.0,1.0,0.0,1.7935858964920044,0.6620926856994629,0.9470992088317871,right,0.6850902438163757,0.7089828848838806,0.7003421783447266,21,collision,289,dagger,DAgger-relabel pretrained camera,checkpoint/closed_loop_teacher_camera_policy_light_v3d_t60_20260510_splitstem_dagger/camera_head_pretrained_best.pth
dark,0.0,1.0,0.0,1.7159748077392578,0.5956121683120728,0.955078125,far_right,0.6861709356307983,0.7087366580963135,0.6971315145492554,25,collision,290,dagger,DAgger-relabel pretrained camera,checkpoint/closed_loop_teacher_camera_policy_light_v3d_t60_20260510_splitstem_dagger/camera_head_pretrained_best.pth
dark,0.0,1.0,0.0,1.7227476835250854,0.563925564289093,0.9558044075965881,far_right,0.6776627898216248,0.7082108855247498,0.6960858106613159,26,collision,291,dagger,DAgger-relabel pretrained camera,checkpoint/closed_loop_teacher_camera_policy_light_v3d_t60_20260510_splitstem_dagger/camera_head_pretrained_best.pth
dark,0.0,1.0,0.0,1.746180534362793,0.6537836194038391,0.9510535597801208,right,0.6804956197738647,0.703029990196228,0.6924188733100891,23,collision,292,dagger,DAgger-relabel pretrained camera,checkpoint/closed_loop_teacher_camera_policy_light_v3d_t60_20260510_splitstem_dagger/camera_head_pretrained_best.pth
dark,0.0,1.0,0.0,1.7750970125198364,0.593020498752594,0.9528670907020569,far_right,0.6882875561714172,0.7111199498176575,0.7014230489730835,24,collision,293,dagger,DAgger-relabel pretrained camera,checkpoint/closed_loop_teacher_camera_policy_light_v3d_t60_20260510_splitstem_dagger/camera_head_pretrained_best.pth
dark,0.0,1.0,0.0,1.7799755334854126,0.6065212488174438,0.9544934034347534,far_left,0.675325870513916,0.7161978483200073,0.6996068954467773,25,collision,294,dagger,DAgger-relabel pretrained camera,checkpoint/closed_loop_teacher_camera_policy_light_v3d_t60_20260510_splitstem_dagger/camera_head_pretrained_best.pth
dark,0.0,1.0,0.0,1.7525780200958252,0.5943636894226074,0.9510272145271301,far_right,0.6813347339630127,0.703723132610321,0.6886089444160461,23,collision,295,dagger,DAgger-relabel pretrained camera,checkpoint/closed_loop_teacher_camera_policy_light_v3d_t60_20260510_splitstem_dagger/camera_head_pretrained_best.pth
dark,0.0,1.0,0.0,1.7375036478042603,0.6550212502479553,0.9513823390007019,left,0.6790633201599121,0.7038796544075012,0.6925973296165466,23,collision,296,dagger,DAgger-relabel pretrained camera,checkpoint/closed_loop_teacher_camera_policy_light_v3d_t60_20260510_splitstem_dagger/camera_head_pretrained_best.pth
dark,0.0,1.0,0.0,1.7341097593307495,0.5654036402702332,0.9563136100769043,far_right,0.6777752637863159,0.7107545137405396,0.6985889077186584,26,collision,297,dagger,DAgger-relabel pretrained camera,checkpoint/closed_loop_teacher_camera_policy_light_v3d_t60_20260510_splitstem_dagger/camera_head_pretrained_best.pth
dark,0.0,1.0,0.0,1.638519048690796,0.6583035588264465,0.9539050459861755,left,0.6831228137016296,0.7124729156494141,0.7016346454620361,24,collision,298,dagger,DAgger-relabel pretrained camera,checkpoint/closed_loop_teacher_camera_policy_light_v3d_t60_20260510_splitstem_dagger/camera_head_pretrained_best.pth
dark,0.0,1.0,0.0,1.7766520977020264,0.5976100564002991,0.949563205242157,far_right,0.6832494139671326,0.7112146019935608,0.6960251927375793,22,collision,299,dagger,DAgger-relabel pretrained camera,checkpoint/closed_loop_teacher_camera_policy_light_v3d_t60_20260510_splitstem_dagger/camera_head_pretrained_best.pth
