scene_name,success_rate,collision_rate,goal_reach_rate,final_goal_dist,avg_speed,fill_rate,slit_slot,power_mean,exposure_mean,gain_mean,steps,stop_reason,episode_idx,method,method_label,checkpoint
glare,0.0,1.0,0.0,1.8545788526535034,0.6610327363014221,0.5941210985183716,far_right,0.5,0.5,0.5,24,collision,0,fixed,Fixed camera,checkpoint/2026-05-09-22-32-06/checkpoint0014.pth
glare,0.0,1.0,0.0,1.766603946685791,0.6607926487922668,0.5398550629615784,far_left,0.5,0.5,0.5,24,collision,1,fixed,Fixed camera,checkpoint/2026-05-09-22-32-06/checkpoint0014.pth
glare,0.0,1.0,0.0,1.8238030672073364,0.6635377407073975,0.5556520223617554,far_left,0.5,0.5,0.5,25,collision,2,fixed,Fixed camera,checkpoint/2026-05-09-22-32-06/checkpoint0014.pth
glare,1.0,0.0,1.0,0.005761309061199427,0.6326594948768616,0.7648389339447021,far_right,0.5,0.5,0.5,60,timeout,3,fixed,Fixed camera,checkpoint/2026-05-09-22-32-06/checkpoint0014.pth
glare,1.0,0.0,1.0,0.14148782193660736,0.6449692249298096,0.7706453204154968,far_right,0.5,0.5,0.5,60,timeout,4,fixed,Fixed camera,checkpoint/2026-05-09-22-32-06/checkpoint0014.pth
glare,0.0,1.0,0.0,1.7464909553527832,0.673385500907898,0.5124536752700806,far_left,0.5,0.5,0.5,26,collision,5,fixed,Fixed camera,checkpoint/2026-05-09-22-32-06/checkpoint0014.pth
glare,1.0,0.0,1.0,0.1401662826538086,0.6019753217697144,0.7585455179214478,right,0.5,0.5,0.5,60,timeout,6,fixed,Fixed camera,checkpoint/2026-05-09-22-32-06/checkpoint0014.pth
glare,1.0,0.0,1.0,0.13611479103565216,0.6218386292457581,0.7415099740028381,far_right,0.5,0.5,0.5,60,timeout,7,fixed,Fixed camera,checkpoint/2026-05-09-22-32-06/checkpoint0014.pth
glare,1.0,0.0,1.0,0.19275203347206116,0.6219632029533386,0.7633126378059387,far_right,0.5,0.5,0.5,60,timeout,8,fixed,Fixed camera,checkpoint/2026-05-09-22-32-06/checkpoint0014.pth
glare,1.0,0.0,1.0,0.10596314072608948,0.5978191494941711,0.7888527512550354,right,0.5,0.5,0.5,60,timeout,9,fixed,Fixed camera,checkpoint/2026-05-09-22-32-06/checkpoint0014.pth
glare,1.0,0.0,1.0,0.15447191894054413,0.6014233827590942,0.7796706557273865,left,0.5,0.5,0.5,60,timeout,10,fixed,Fixed camera,checkpoint/2026-05-09-22-32-06/checkpoint0014.pth
glare,0.0,1.0,0.0,1.7899080514907837,0.652056872844696,0.5211282968521118,far_right,0.5,0.5,0.5,27,collision,11,fixed,Fixed camera,checkpoint/2026-05-09-22-32-06/checkpoint0014.pth
glare,1.0,0.0,1.0,0.09842497855424881,0.6323588490486145,0.7535831928253174,far_right,0.5,0.5,0.5,60,timeout,12,fixed,Fixed camera,checkpoint/2026-05-09-22-32-06/checkpoint0014.pth
glare,1.0,0.0,1.0,0.17475497722625732,0.6351428031921387,0.7548925280570984,far_right,0.5,0.5,0.5,60,timeout,13,fixed,Fixed camera,checkpoint/2026-05-09-22-32-06/checkpoint0014.pth
glare,1.0,0.0,1.0,0.11614850908517838,0.5993287563323975,0.7769579887390137,right,0.5,0.5,0.5,60,timeout,14,fixed,Fixed camera,checkpoint/2026-05-09-22-32-06/checkpoint0014.pth
glare,1.0,0.0,1.0,0.1435408741235733,0.5935060977935791,0.780249297618866,left,0.5,0.5,0.5,60,timeout,15,fixed,Fixed camera,checkpoint/2026-05-09-22-32-06/checkpoint0014.pth
glare,1.0,0.0,1.0,0.06780651211738586,0.600333034992218,0.7776789665222168,left,0.5,0.5,0.5,60,timeout,16,fixed,Fixed camera,checkpoint/2026-05-09-22-32-06/checkpoint0014.pth
glare,1.0,0.0,1.0,0.07280974090099335,0.6107415556907654,0.7859230637550354,far_left,0.5,0.5,0.5,60,timeout,17,fixed,Fixed camera,checkpoint/2026-05-09-22-32-06/checkpoint0014.pth
glare,0.0,1.0,0.0,1.7828744649887085,0.6902272701263428,0.5424957871437073,far_left,0.5,0.5,0.5,27,collision,18,fixed,Fixed camera,checkpoint/2026-05-09-22-32-06/checkpoint0014.pth
glare,1.0,0.0,1.0,0.1791435033082962,0.6027457118034363,0.7685547471046448,far_left,0.5,0.5,0.5,60,timeout,19,fixed,Fixed camera,checkpoint/2026-05-09-22-32-06/checkpoint0014.pth
glare,1.0,0.0,1.0,0.11464769393205643,0.5900019407272339,0.7750723958015442,left,0.5,0.5,0.5,60,timeout,20,fixed,Fixed camera,checkpoint/2026-05-09-22-32-06/checkpoint0014.pth
glare,0.0,1.0,0.0,1.824761152267456,0.6611854434013367,0.555260419845581,far_right,0.5,0.5,0.5,26,collision,21,fixed,Fixed camera,checkpoint/2026-05-09-22-32-06/checkpoint0014.pth
glare,0.0,1.0,0.0,1.820400595664978,0.6720213294029236,0.5488252639770508,far_left,0.5,0.5,0.5,26,collision,22,fixed,Fixed camera,checkpoint/2026-05-09-22-32-06/checkpoint0014.pth
glare,1.0,0.0,1.0,0.11167535185813904,0.5858108997344971,0.7793450951576233,left,0.5,0.5,0.5,60,timeout,23,fixed,Fixed camera,checkpoint/2026-05-09-22-32-06/checkpoint0014.pth
glare,0.0,1.0,0.0,1.8195462226867676,0.6640355587005615,0.5522581338882446,far_left,0.5,0.5,0.5,25,collision,24,fixed,Fixed camera,checkpoint/2026-05-09-22-32-06/checkpoint0014.pth
glare,1.0,0.0,1.0,0.2189144343137741,0.6097185611724854,0.7595342397689819,far_right,0.5,0.5,0.5,60,timeout,25,fixed,Fixed camera,checkpoint/2026-05-09-22-32-06/checkpoint0014.pth
glare,0.0,1.0,0.0,1.8450276851654053,0.6597102880477905,0.5593593716621399,far_right,0.5,0.5,0.5,25,collision,26,fixed,Fixed camera,checkpoint/2026-05-09-22-32-06/checkpoint0014.pth
glare,1.0,0.0,1.0,0.16687645018100739,0.621618390083313,0.755131185054779,far_right,0.5,0.5,0.5,60,timeout,27,fixed,Fixed camera,checkpoint/2026-05-09-22-32-06/checkpoint0014.pth
glare,1.0,0.0,1.0,0.09928573668003082,0.5956891775131226,0.7733073234558105,right,0.5,0.5,0.5,60,timeout,28,fixed,Fixed camera,checkpoint/2026-05-09-22-32-06/checkpoint0014.pth
glare,1.0,0.0,1.0,0.16016076505184174,0.5815132260322571,0.7759742140769958,left,0.5,0.5,0.5,60,timeout,29,fixed,Fixed camera,checkpoint/2026-05-09-22-32-06/checkpoint0014.pth
glare,0.0,1.0,0.0,1.7561500072479248,0.675800085067749,0.5211689472198486,far_right,0.5,0.5,0.5,26,collision,30,fixed,Fixed camera,checkpoint/2026-05-09-22-32-06/checkpoint0014.pth
glare,1.0,0.0,1.0,0.17961466312408447,0.6239696741104126,0.7744093537330627,far_left,0.5,0.5,0.5,60,timeout,31,fixed,Fixed camera,checkpoint/2026-05-09-22-32-06/checkpoint0014.pth
glare,1.0,0.0,1.0,0.186005100607872,0.5665761232376099,0.7876157760620117,left,0.5,0.5,0.5,60,timeout,32,fixed,Fixed camera,checkpoint/2026-05-09-22-32-06/checkpoint0014.pth
glare,1.0,0.0,1.0,0.11204175651073456,0.5955312848091125,0.7774860858917236,left,0.5,0.5,0.5,60,timeout,33,fixed,Fixed camera,checkpoint/2026-05-09-22-32-06/checkpoint0014.pth
glare,0.0,1.0,0.0,1.5484806299209595,0.7495177984237671,0.4676227271556854,far_left,0.5,0.5,0.5,25,collision,34,fixed,Fixed camera,checkpoint/2026-05-09-22-32-06/checkpoint0014.pth
glare,1.0,0.0,1.0,0.1614226996898651,0.6269205212593079,0.7562789916992188,far_left,0.5,0.5,0.5,60,timeout,35,fixed,Fixed camera,checkpoint/2026-05-09-22-32-06/checkpoint0014.pth
glare,1.0,0.0,1.0,0.20687921345233917,0.5915583372116089,0.7664472460746765,far_right,0.5,0.5,0.5,60,timeout,36,fixed,Fixed camera,checkpoint/2026-05-09-22-32-06/checkpoint0014.pth
glare,0.0,1.0,0.0,1.8298718929290771,0.6393037438392639,0.5442708730697632,far_left,0.5,0.5,0.5,25,collision,37,fixed,Fixed camera,checkpoint/2026-05-09-22-32-06/checkpoint0014.pth
glare,1.0,0.0,1.0,0.1839440017938614,0.6202763915061951,0.7578391432762146,far_right,0.5,0.5,0.5,60,timeout,38,fixed,Fixed camera,checkpoint/2026-05-09-22-32-06/checkpoint0014.pth
glare,1.0,0.0,1.0,0.13635116815567017,0.5997515916824341,0.7604432106018066,far_left,0.5,0.5,0.5,60,timeout,39,fixed,Fixed camera,checkpoint/2026-05-09-22-32-06/checkpoint0014.pth
glare,1.0,0.0,1.0,0.15078574419021606,0.6441071033477783,0.7584105730056763,far_right,0.5,0.5,0.5,60,timeout,40,fixed,Fixed camera,checkpoint/2026-05-09-22-32-06/checkpoint0014.pth
glare,0.0,1.0,0.0,1.7544491291046143,0.6779240369796753,0.522355318069458,far_left,0.5,0.5,0.5,26,collision,41,fixed,Fixed camera,checkpoint/2026-05-09-22-32-06/checkpoint0014.pth
glare,1.0,0.0,1.0,0.1536635458469391,0.5834663510322571,0.7858651876449585,right,0.5,0.5,0.5,60,timeout,42,fixed,Fixed camera,checkpoint/2026-05-09-22-32-06/checkpoint0014.pth
glare,1.0,0.0,1.0,0.11144153028726578,0.5895349383354187,0.7796441316604614,left,0.5,0.5,0.5,60,timeout,43,fixed,Fixed camera,checkpoint/2026-05-09-22-32-06/checkpoint0014.pth
glare,1.0,0.0,1.0,0.1777532398700714,0.6340391635894775,0.7674213647842407,far_right,0.5,0.5,0.5,60,timeout,44,fixed,Fixed camera,checkpoint/2026-05-09-22-32-06/checkpoint0014.pth
glare,1.0,0.0,1.0,0.13704325258731842,0.6341021656990051,0.7619888782501221,far_right,0.5,0.5,0.5,60,timeout,45,fixed,Fixed camera,checkpoint/2026-05-09-22-32-06/checkpoint0014.pth
glare,1.0,0.0,1.0,0.09956729412078857,0.6048720479011536,0.773459255695343,right,0.5,0.5,0.5,60,timeout,46,fixed,Fixed camera,checkpoint/2026-05-09-22-32-06/checkpoint0014.pth
glare,1.0,0.0,1.0,0.1963101029396057,0.6305915117263794,0.7609423995018005,far_right,0.5,0.5,0.5,60,timeout,47,fixed,Fixed camera,checkpoint/2026-05-09-22-32-06/checkpoint0014.pth
glare,0.0,1.0,0.0,1.736202597618103,0.6910329461097717,0.5028872489929199,far_left,0.5,0.5,0.5,24,collision,48,fixed,Fixed camera,checkpoint/2026-05-09-22-32-06/checkpoint0014.pth
glare,1.0,0.0,1.0,0.18889674544334412,0.5835610032081604,0.785508394241333,right,0.5,0.5,0.5,60,timeout,49,fixed,Fixed camera,checkpoint/2026-05-09-22-32-06/checkpoint0014.pth
glare,1.0,0.0,1.0,0.14477477967739105,0.6038073301315308,0.7821928262710571,far_left,0.5,0.5,0.5,60,timeout,50,fixed,Fixed camera,checkpoint/2026-05-09-22-32-06/checkpoint0014.pth
glare,1.0,0.0,1.0,0.14277583360671997,0.638983964920044,0.7433907389640808,far_right,0.5,0.5,0.5,60,timeout,51,fixed,Fixed camera,checkpoint/2026-05-09-22-32-06/checkpoint0014.pth
glare,0.0,1.0,0.0,1.7709819078445435,0.6590362787246704,0.5064432621002197,far_right,0.5,0.5,0.5,29,collision,52,fixed,Fixed camera,checkpoint/2026-05-09-22-32-06/checkpoint0014.pth
glare,0.0,1.0,0.0,1.5755099058151245,0.7025614976882935,0.474649578332901,far_left,0.5,0.5,0.5,28,collision,53,fixed,Fixed camera,checkpoint/2026-05-09-22-32-06/checkpoint0014.pth
glare,0.0,1.0,0.0,1.6554454565048218,0.6942142844200134,0.501742422580719,left,0.5,0.5,0.5,24,collision,54,fixed,Fixed camera,checkpoint/2026-05-09-22-32-06/checkpoint0014.pth
glare,1.0,0.0,1.0,0.09899751096963882,0.6247097849845886,0.778431236743927,far_right,0.5,0.5,0.5,60,timeout,55,fixed,Fixed camera,checkpoint/2026-05-09-22-32-06/checkpoint0014.pth
glare,1.0,0.0,1.0,0.1590273380279541,0.5840266942977905,0.775033712387085,left,0.5,0.5,0.5,60,timeout,56,fixed,Fixed camera,checkpoint/2026-05-09-22-32-06/checkpoint0014.pth
glare,1.0,0.0,1.0,0.16174164414405823,0.6053802967071533,0.7686921954154968,right,0.5,0.5,0.5,60,timeout,57,fixed,Fixed camera,checkpoint/2026-05-09-22-32-06/checkpoint0014.pth
glare,0.0,1.0,0.0,1.6017664670944214,0.6876740455627441,0.485014945268631,far_right,0.5,0.5,0.5,27,collision,58,fixed,Fixed camera,checkpoint/2026-05-09-22-32-06/checkpoint0014.pth
glare,0.0,1.0,0.0,1.710273027420044,0.6702558994293213,0.5016669631004333,left,0.5,0.5,0.5,24,collision,59,fixed,Fixed camera,checkpoint/2026-05-09-22-32-06/checkpoint0014.pth
glare,1.0,0.0,1.0,0.20841625332832336,0.5743669867515564,0.7774161696434021,left,0.5,0.5,0.5,60,timeout,60,fixed,Fixed camera,checkpoint/2026-05-09-22-32-06/checkpoint0014.pth
glare,0.0,1.0,0.0,1.7978661060333252,0.6837019920349121,0.5680278539657593,far_left,0.5,0.5,0.5,25,collision,61,fixed,Fixed camera,checkpoint/2026-05-09-22-32-06/checkpoint0014.pth
glare,1.0,0.0,1.0,0.22647172212600708,0.6181628108024597,0.7588638663291931,far_left,0.5,0.5,0.5,60,timeout,62,fixed,Fixed camera,checkpoint/2026-05-09-22-32-06/checkpoint0014.pth
glare,1.0,0.0,1.0,0.18109743297100067,0.5828336477279663,0.7832995653152466,right,0.5,0.5,0.5,60,timeout,63,fixed,Fixed camera,checkpoint/2026-05-09-22-32-06/checkpoint0014.pth
glare,1.0,0.0,1.0,0.16182903945446014,0.6003113985061646,0.766374945640564,far_right,0.5,0.5,0.5,60,timeout,64,fixed,Fixed camera,checkpoint/2026-05-09-22-32-06/checkpoint0014.pth
glare,1.0,0.0,1.0,0.2271808236837387,0.5609142780303955,0.7861256003379822,left,0.5,0.5,0.5,60,timeout,65,fixed,Fixed camera,checkpoint/2026-05-09-22-32-06/checkpoint0014.pth
glare,1.0,0.0,1.0,0.14821116626262665,0.6104778051376343,0.7759284377098083,far_left,0.5,0.5,0.5,60,timeout,66,fixed,Fixed camera,checkpoint/2026-05-09-22-32-06/checkpoint0014.pth
glare,1.0,0.0,1.0,0.18177641928195953,0.606345534324646,0.7514322400093079,far_right,0.5,0.5,0.5,60,timeout,67,fixed,Fixed camera,checkpoint/2026-05-09-22-32-06/checkpoint0014.pth
glare,0.0,1.0,0.0,1.8487263917922974,0.6540037989616394,0.5670254230499268,far_left,0.5,0.5,0.5,26,collision,68,fixed,Fixed camera,checkpoint/2026-05-09-22-32-06/checkpoint0014.pth
glare,1.0,0.0,1.0,0.14633376896381378,0.5783565640449524,0.7610556483268738,left,0.5,0.5,0.5,60,timeout,69,fixed,Fixed camera,checkpoint/2026-05-09-22-32-06/checkpoint0014.pth
glare,1.0,0.0,1.0,0.054049573838710785,0.5982812643051147,0.7698471546173096,right,0.5,0.5,0.5,60,timeout,70,fixed,Fixed camera,checkpoint/2026-05-09-22-32-06/checkpoint0014.pth
glare,1.0,0.0,1.0,0.09217898547649384,0.5932228565216064,0.7860846519470215,right,0.5,0.5,0.5,60,timeout,71,fixed,Fixed camera,checkpoint/2026-05-09-22-32-06/checkpoint0014.pth
glare,1.0,0.0,1.0,0.09655341506004333,0.6299002766609192,0.7565417885780334,far_right,0.5,0.5,0.5,60,timeout,72,fixed,Fixed camera,checkpoint/2026-05-09-22-32-06/checkpoint0014.pth
glare,0.0,1.0,0.0,1.7408668994903564,0.6801052093505859,0.5206766128540039,far_left,0.5,0.5,0.5,25,collision,73,fixed,Fixed camera,checkpoint/2026-05-09-22-32-06/checkpoint0014.pth
glare,1.0,0.0,1.0,0.11163796484470367,0.5804800987243652,0.7833116054534912,left,0.5,0.5,0.5,60,timeout,74,fixed,Fixed camera,checkpoint/2026-05-09-22-32-06/checkpoint0014.pth
glare,0.0,1.0,0.0,1.8237322568893433,0.6644212007522583,0.5676894783973694,far_left,0.5,0.5,0.5,24,collision,75,fixed,Fixed camera,checkpoint/2026-05-09-22-32-06/checkpoint0014.pth
glare,1.0,0.0,1.0,0.20284506678581238,0.5951420068740845,0.775718629360199,far_left,0.5,0.5,0.5,60,timeout,76,fixed,Fixed camera,checkpoint/2026-05-09-22-32-06/checkpoint0014.pth
glare,1.0,0.0,1.0,0.1733086109161377,0.5865333080291748,0.7729215621948242,right,0.5,0.5,0.5,60,timeout,77,fixed,Fixed camera,checkpoint/2026-05-09-22-32-06/checkpoint0014.pth
glare,1.0,0.0,1.0,0.16568772494792938,0.6145581007003784,0.7710456252098083,far_right,0.5,0.5,0.5,60,timeout,78,fixed,Fixed camera,checkpoint/2026-05-09-22-32-06/checkpoint0014.pth
glare,1.0,0.0,1.0,0.13618458807468414,0.633184552192688,0.7654056549072266,far_right,0.5,0.5,0.5,60,timeout,79,fixed,Fixed camera,checkpoint/2026-05-09-22-32-06/checkpoint0014.pth
glare,1.0,0.0,1.0,0.15955966711044312,0.571781575679779,0.7876278162002563,left,0.5,0.5,0.5,60,timeout,80,fixed,Fixed camera,checkpoint/2026-05-09-22-32-06/checkpoint0014.pth
glare,0.0,1.0,0.0,1.7069469690322876,0.6598577499389648,0.5128195285797119,right,0.5,0.5,0.5,24,collision,81,fixed,Fixed camera,checkpoint/2026-05-09-22-32-06/checkpoint0014.pth
glare,1.0,0.0,1.0,0.19449391961097717,0.5975552797317505,0.7680556178092957,far_left,0.5,0.5,0.5,60,timeout,82,fixed,Fixed camera,checkpoint/2026-05-09-22-32-06/checkpoint0014.pth
glare,0.0,1.0,0.0,1.7815502882003784,0.6416351795196533,0.5453378558158875,far_left,0.5,0.5,0.5,25,collision,83,fixed,Fixed camera,checkpoint/2026-05-09-22-32-06/checkpoint0014.pth
glare,0.0,1.0,0.0,1.820081353187561,0.6806665658950806,0.5700173377990723,far_left,0.5,0.5,0.5,26,collision,84,fixed,Fixed camera,checkpoint/2026-05-09-22-32-06/checkpoint0014.pth
glare,1.0,0.0,1.0,0.12125442177057266,0.5886303186416626,0.7637924551963806,left,0.5,0.5,0.5,60,timeout,85,fixed,Fixed camera,checkpoint/2026-05-09-22-32-06/checkpoint0014.pth
glare,1.0,0.0,1.0,0.10657358169555664,0.6069605946540833,0.7793692946434021,far_right,0.5,0.5,0.5,60,timeout,86,fixed,Fixed camera,checkpoint/2026-05-09-22-32-06/checkpoint0014.pth
glare,0.0,1.0,0.0,1.7079335451126099,0.6895468831062317,0.5097919702529907,left,0.5,0.5,0.5,23,collision,87,fixed,Fixed camera,checkpoint/2026-05-09-22-32-06/checkpoint0014.pth
glare,1.0,0.0,1.0,0.1408093124628067,0.6034302115440369,0.7761068344116211,left,0.5,0.5,0.5,60,timeout,88,fixed,Fixed camera,checkpoint/2026-05-09-22-32-06/checkpoint0014.pth
glare,1.0,0.0,1.0,0.1800769865512848,0.5997806191444397,0.7624566555023193,far_right,0.5,0.5,0.5,60,timeout,89,fixed,Fixed camera,checkpoint/2026-05-09-22-32-06/checkpoint0014.pth
glare,0.0,1.0,0.0,1.7900116443634033,0.6691888570785522,0.5284711122512817,far_left,0.5,0.5,0.5,25,collision,90,fixed,Fixed camera,checkpoint/2026-05-09-22-32-06/checkpoint0014.pth
glare,1.0,0.0,1.0,0.053371064364910126,0.6179120540618896,0.7777730226516724,far_left,0.5,0.5,0.5,60,timeout,91,fixed,Fixed camera,checkpoint/2026-05-09-22-32-06/checkpoint0014.pth
glare,1.0,0.0,1.0,0.12015403062105179,0.5804908871650696,0.7820940017700195,left,0.5,0.5,0.5,60,timeout,92,fixed,Fixed camera,checkpoint/2026-05-09-22-32-06/checkpoint0014.pth
glare,0.0,1.0,0.0,1.7677972316741943,0.666675865650177,0.5240219831466675,far_right,0.5,0.5,0.5,26,collision,93,fixed,Fixed camera,checkpoint/2026-05-09-22-32-06/checkpoint0014.pth
glare,1.0,0.0,1.0,0.14254622161388397,0.5975010395050049,0.7781612277030945,left,0.5,0.5,0.5,60,timeout,94,fixed,Fixed camera,checkpoint/2026-05-09-22-32-06/checkpoint0014.pth
glare,1.0,0.0,1.0,0.13825637102127075,0.5856519937515259,0.7717666029930115,right,0.5,0.5,0.5,60,timeout,95,fixed,Fixed camera,checkpoint/2026-05-09-22-32-06/checkpoint0014.pth
glare,0.0,1.0,0.0,1.7370175123214722,0.6874386668205261,0.5159035921096802,far_right,0.5,0.5,0.5,28,collision,96,fixed,Fixed camera,checkpoint/2026-05-09-22-32-06/checkpoint0014.pth
glare,1.0,0.0,1.0,0.026199880987405777,0.6121701598167419,0.7786000967025757,right,0.5,0.5,0.5,60,timeout,97,fixed,Fixed camera,checkpoint/2026-05-09-22-32-06/checkpoint0014.pth
glare,1.0,0.0,1.0,0.19854578375816345,0.596716582775116,0.7671802639961243,far_right,0.5,0.5,0.5,60,timeout,98,fixed,Fixed camera,checkpoint/2026-05-09-22-32-06/checkpoint0014.pth
glare,1.0,0.0,1.0,0.2265496701002121,0.6123443841934204,0.7495924830436707,far_right,0.5,0.5,0.5,60,timeout,99,fixed,Fixed camera,checkpoint/2026-05-09-22-32-06/checkpoint0014.pth
glare,0.0,1.0,0.0,1.7607743740081787,0.6489313840866089,0.5273958444595337,far_left,0.5,0.5,0.5,26,collision,100,fixed,Fixed camera,checkpoint/2026-05-09-22-32-06/checkpoint0014.pth
glare,1.0,0.0,1.0,0.11763467639684677,0.596955418586731,0.7688103318214417,right,0.5,0.5,0.5,60,timeout,101,fixed,Fixed camera,checkpoint/2026-05-09-22-32-06/checkpoint0014.pth
glare,1.0,0.0,1.0,0.21335215866565704,0.6084747910499573,0.7584683895111084,far_right,0.5,0.5,0.5,60,timeout,102,fixed,Fixed camera,checkpoint/2026-05-09-22-32-06/checkpoint0014.pth
glare,1.0,0.0,1.0,0.18227246403694153,0.5853711366653442,0.7830729484558105,far_left,0.5,0.5,0.5,60,timeout,103,fixed,Fixed camera,checkpoint/2026-05-09-22-32-06/checkpoint0014.pth
glare,1.0,0.0,1.0,0.08111289143562317,0.6034817695617676,0.776813268661499,right,0.5,0.5,0.5,60,timeout,104,fixed,Fixed camera,checkpoint/2026-05-09-22-32-06/checkpoint0014.pth
glare,0.0,1.0,0.0,1.84397292137146,0.6748003363609314,0.5565349459648132,far_left,0.5,0.5,0.5,27,collision,105,fixed,Fixed camera,checkpoint/2026-05-09-22-32-06/checkpoint0014.pth
glare,1.0,0.0,1.0,0.1366480141878128,0.6029818058013916,0.7774354815483093,far_left,0.5,0.5,0.5,60,timeout,106,fixed,Fixed camera,checkpoint/2026-05-09-22-32-06/checkpoint0014.pth
glare,1.0,0.0,1.0,0.1552007496356964,0.5918958783149719,0.7837722301483154,left,0.5,0.5,0.5,60,timeout,107,fixed,Fixed camera,checkpoint/2026-05-09-22-32-06/checkpoint0014.pth
glare,1.0,0.0,1.0,0.03438737988471985,0.6257656216621399,0.7766638398170471,right,0.5,0.5,0.5,60,timeout,108,fixed,Fixed camera,checkpoint/2026-05-09-22-32-06/checkpoint0014.pth
glare,1.0,0.0,1.0,0.23161344230175018,0.6292550563812256,0.7515746355056763,far_left,0.5,0.5,0.5,60,timeout,109,fixed,Fixed camera,checkpoint/2026-05-09-22-32-06/checkpoint0014.pth
glare,0.0,1.0,0.0,1.6221449375152588,0.7054670453071594,0.4882870316505432,far_right,0.5,0.5,0.5,26,collision,110,fixed,Fixed camera,checkpoint/2026-05-09-22-32-06/checkpoint0014.pth
glare,1.0,0.0,1.0,0.07252009212970734,0.5984808802604675,0.7854987382888794,right,0.5,0.5,0.5,60,timeout,111,fixed,Fixed camera,checkpoint/2026-05-09-22-32-06/checkpoint0014.pth
glare,0.0,1.0,0.0,1.719803810119629,0.6897222399711609,0.5149456858634949,far_left,0.5,0.5,0.5,24,collision,112,fixed,Fixed camera,checkpoint/2026-05-09-22-32-06/checkpoint0014.pth
glare,0.0,1.0,0.0,1.4806699752807617,0.7386248111724854,0.467393696308136,left,0.5,0.5,0.5,25,collision,113,fixed,Fixed camera,checkpoint/2026-05-09-22-32-06/checkpoint0014.pth
glare,1.0,0.0,1.0,0.24964472651481628,0.5985942482948303,0.7659432888031006,far_right,0.5,0.5,0.5,60,timeout,114,fixed,Fixed camera,checkpoint/2026-05-09-22-32-06/checkpoint0014.pth
glare,1.0,0.0,1.0,0.13665322959423065,0.6009799838066101,0.759763240814209,far_left,0.5,0.5,0.5,60,timeout,115,fixed,Fixed camera,checkpoint/2026-05-09-22-32-06/checkpoint0014.pth
glare,0.0,1.0,0.0,1.7782505750656128,0.6669129729270935,0.5274826288223267,far_right,0.5,0.5,0.5,26,collision,116,fixed,Fixed camera,checkpoint/2026-05-09-22-32-06/checkpoint0014.pth
glare,0.0,1.0,0.0,1.7929255962371826,0.6559871435165405,0.542934000492096,far_left,0.5,0.5,0.5,26,collision,117,fixed,Fixed camera,checkpoint/2026-05-09-22-32-06/checkpoint0014.pth
glare,1.0,0.0,1.0,0.20474357903003693,0.5688303709030151,0.7886188626289368,left,0.5,0.5,0.5,60,timeout,118,fixed,Fixed camera,checkpoint/2026-05-09-22-32-06/checkpoint0014.pth
glare,1.0,0.0,1.0,0.13850726187229156,0.5923752188682556,0.7844328880310059,left,0.5,0.5,0.5,60,timeout,119,fixed,Fixed camera,checkpoint/2026-05-09-22-32-06/checkpoint0014.pth
glare,0.0,1.0,0.0,1.6144927740097046,0.6988004446029663,0.4739835262298584,left,0.5,0.5,0.5,24,collision,120,fixed,Fixed camera,checkpoint/2026-05-09-22-32-06/checkpoint0014.pth
glare,1.0,0.0,1.0,0.17223967611789703,0.5880244970321655,0.7768832445144653,right,0.5,0.5,0.5,60,timeout,121,fixed,Fixed camera,checkpoint/2026-05-09-22-32-06/checkpoint0014.pth
glare,1.0,0.0,1.0,0.09034223854541779,0.5970750451087952,0.7787230610847473,right,0.5,0.5,0.5,60,timeout,122,fixed,Fixed camera,checkpoint/2026-05-09-22-32-06/checkpoint0014.pth
glare,0.0,1.0,0.0,1.8077120780944824,0.6486634612083435,0.5622048377990723,far_right,0.5,0.5,0.5,26,collision,123,fixed,Fixed camera,checkpoint/2026-05-09-22-32-06/checkpoint0014.pth
glare,0.0,1.0,0.0,1.838138461112976,0.6553633213043213,0.5879087448120117,far_right,0.5,0.5,0.5,25,collision,124,fixed,Fixed camera,checkpoint/2026-05-09-22-32-06/checkpoint0014.pth
glare,0.0,1.0,0.0,1.8376332521438599,0.6664568781852722,0.5589004158973694,far_left,0.5,0.5,0.5,26,collision,125,fixed,Fixed camera,checkpoint/2026-05-09-22-32-06/checkpoint0014.pth
glare,1.0,0.0,1.0,0.11560546606779099,0.6046540141105652,0.766577422618866,right,0.5,0.5,0.5,60,timeout,126,fixed,Fixed camera,checkpoint/2026-05-09-22-32-06/checkpoint0014.pth
glare,1.0,0.0,1.0,0.11684217303991318,0.580875039100647,0.7736690044403076,left,0.5,0.5,0.5,60,timeout,127,fixed,Fixed camera,checkpoint/2026-05-09-22-32-06/checkpoint0014.pth
glare,1.0,0.0,1.0,0.0815173014998436,0.6108577847480774,0.7749952077865601,right,0.5,0.5,0.5,60,timeout,128,fixed,Fixed camera,checkpoint/2026-05-09-22-32-06/checkpoint0014.pth
glare,1.0,0.0,1.0,0.10032423585653305,0.574689507484436,0.7851924300193787,right,0.5,0.5,0.5,60,timeout,129,fixed,Fixed camera,checkpoint/2026-05-09-22-32-06/checkpoint0014.pth
glare,1.0,0.0,1.0,0.13084650039672852,0.6365863084793091,0.7583237290382385,far_left,0.5,0.5,0.5,60,timeout,130,fixed,Fixed camera,checkpoint/2026-05-09-22-32-06/checkpoint0014.pth
glare,1.0,0.0,1.0,0.04947900027036667,0.6458227038383484,0.7701002955436707,far_left,0.5,0.5,0.5,60,timeout,131,fixed,Fixed camera,checkpoint/2026-05-09-22-32-06/checkpoint0014.pth
glare,1.0,0.0,1.0,0.1293945610523224,0.5958021283149719,0.7907649278640747,left,0.5,0.5,0.5,60,timeout,132,fixed,Fixed camera,checkpoint/2026-05-09-22-32-06/checkpoint0014.pth
glare,1.0,0.0,1.0,0.16572853922843933,0.5990126729011536,0.7736979722976685,far_right,0.5,0.5,0.5,60,timeout,133,fixed,Fixed camera,checkpoint/2026-05-09-22-32-06/checkpoint0014.pth
glare,1.0,0.0,1.0,0.15233801305294037,0.5874519944190979,0.7775343060493469,left,0.5,0.5,0.5,60,timeout,134,fixed,Fixed camera,checkpoint/2026-05-09-22-32-06/checkpoint0014.pth
glare,0.0,1.0,0.0,1.7983365058898926,0.6616801023483276,0.5187475681304932,far_right,0.5,0.5,0.5,25,collision,135,fixed,Fixed camera,checkpoint/2026-05-09-22-32-06/checkpoint0014.pth
glare,1.0,0.0,1.0,0.15234701335430145,0.5647435784339905,0.7989535331726074,right,0.5,0.5,0.5,60,timeout,136,fixed,Fixed camera,checkpoint/2026-05-09-22-32-06/checkpoint0014.pth
glare,0.0,1.0,0.0,1.8180781602859497,0.6216434836387634,0.5581648945808411,far_left,0.5,0.5,0.5,29,collision,137,fixed,Fixed camera,checkpoint/2026-05-09-22-32-06/checkpoint0014.pth
glare,1.0,0.0,1.0,0.15699553489685059,0.6219657063484192,0.7575135231018066,far_right,0.5,0.5,0.5,60,timeout,138,fixed,Fixed camera,checkpoint/2026-05-09-22-32-06/checkpoint0014.pth
glare,1.0,0.0,1.0,0.1664133071899414,0.6020368337631226,0.7492839097976685,far_left,0.5,0.5,0.5,60,timeout,139,fixed,Fixed camera,checkpoint/2026-05-09-22-32-06/checkpoint0014.pth
glare,0.0,1.0,0.0,1.773423433303833,0.666376531124115,0.5222235321998596,far_left,0.5,0.5,0.5,24,collision,140,fixed,Fixed camera,checkpoint/2026-05-09-22-32-06/checkpoint0014.pth
glare,1.0,0.0,1.0,0.09472733736038208,0.6345971822738647,0.7382234334945679,far_right,0.5,0.5,0.5,60,timeout,141,fixed,Fixed camera,checkpoint/2026-05-09-22-32-06/checkpoint0014.pth
glare,1.0,0.0,1.0,0.16434352099895477,0.5925498604774475,0.7801650166511536,far_left,0.5,0.5,0.5,60,timeout,142,fixed,Fixed camera,checkpoint/2026-05-09-22-32-06/checkpoint0014.pth
glare,1.0,0.0,1.0,0.12415982782840729,0.5987996459007263,0.7831018567085266,right,0.5,0.5,0.5,60,timeout,143,fixed,Fixed camera,checkpoint/2026-05-09-22-32-06/checkpoint0014.pth
glare,1.0,0.0,1.0,0.08642950654029846,0.5867277979850769,0.7866440415382385,right,0.5,0.5,0.5,60,timeout,144,fixed,Fixed camera,checkpoint/2026-05-09-22-32-06/checkpoint0014.pth
glare,1.0,0.0,1.0,0.09481091052293777,0.5973625779151917,0.7954331040382385,left,0.5,0.5,0.5,60,timeout,145,fixed,Fixed camera,checkpoint/2026-05-09-22-32-06/checkpoint0014.pth
glare,1.0,0.0,1.0,0.1094435602426529,0.5887247920036316,0.8059269189834595,right,0.5,0.5,0.5,60,timeout,146,fixed,Fixed camera,checkpoint/2026-05-09-22-32-06/checkpoint0014.pth
glare,1.0,0.0,1.0,0.06418012827634811,0.6031597256660461,0.7805435657501221,left,0.5,0.5,0.5,60,timeout,147,fixed,Fixed camera,checkpoint/2026-05-09-22-32-06/checkpoint0014.pth
glare,1.0,0.0,1.0,0.16027554869651794,0.632618248462677,0.7598380446434021,far_right,0.5,0.5,0.5,60,timeout,148,fixed,Fixed camera,checkpoint/2026-05-09-22-32-06/checkpoint0014.pth
glare,0.0,1.0,0.0,1.5411872863769531,0.682750940322876,0.4712441861629486,left,0.5,0.5,0.5,26,collision,149,fixed,Fixed camera,checkpoint/2026-05-09-22-32-06/checkpoint0014.pth
glare,1.0,0.0,1.0,0.14615118503570557,0.5840688347816467,0.777789831161499,left,0.5,0.5,0.5,60,timeout,150,fixed,Fixed camera,checkpoint/2026-05-09-22-32-06/checkpoint0014.pth
glare,1.0,0.0,1.0,0.1646372675895691,0.6344048380851746,0.7438416481018066,far_left,0.5,0.5,0.5,60,timeout,151,fixed,Fixed camera,checkpoint/2026-05-09-22-32-06/checkpoint0014.pth
glare,1.0,0.0,1.0,0.11131681501865387,0.6031488180160522,0.7700424790382385,left,0.5,0.5,0.5,60,timeout,152,fixed,Fixed camera,checkpoint/2026-05-09-22-32-06/checkpoint0014.pth
glare,0.0,1.0,0.0,1.8425763845443726,0.6658740043640137,0.5814651250839233,far_left,0.5,0.5,0.5,24,collision,153,fixed,Fixed camera,checkpoint/2026-05-09-22-32-06/checkpoint0014.pth
glare,1.0,0.0,1.0,0.09229651838541031,0.5804686546325684,0.777592122554779,left,0.5,0.5,0.5,60,timeout,154,fixed,Fixed camera,checkpoint/2026-05-09-22-32-06/checkpoint0014.pth
glare,1.0,0.0,1.0,0.1250176876783371,0.5904343128204346,0.7825280427932739,left,0.5,0.5,0.5,60,timeout,155,fixed,Fixed camera,checkpoint/2026-05-09-22-32-06/checkpoint0014.pth
glare,1.0,0.0,1.0,0.044007182121276855,0.6084021329879761,0.7674503922462463,left,0.5,0.5,0.5,60,timeout,156,fixed,Fixed camera,checkpoint/2026-05-09-22-32-06/checkpoint0014.pth
glare,1.0,0.0,1.0,0.136177659034729,0.5807293057441711,0.7867043018341064,right,0.5,0.5,0.5,60,timeout,157,fixed,Fixed camera,checkpoint/2026-05-09-22-32-06/checkpoint0014.pth
glare,0.0,1.0,0.0,1.795606017112732,0.6231836676597595,0.535601019859314,far_left,0.5,0.5,0.5,28,collision,158,fixed,Fixed camera,checkpoint/2026-05-09-22-32-06/checkpoint0014.pth
glare,0.0,1.0,0.0,1.730486512184143,0.6679445505142212,0.5230034589767456,far_right,0.5,0.5,0.5,25,collision,159,fixed,Fixed camera,checkpoint/2026-05-09-22-32-06/checkpoint0014.pth
glare,1.0,0.0,1.0,0.13280272483825684,0.6039292812347412,0.7749879360198975,left,0.5,0.5,0.5,60,timeout,160,fixed,Fixed camera,checkpoint/2026-05-09-22-32-06/checkpoint0014.pth
glare,1.0,0.0,1.0,0.15252891182899475,0.5831627249717712,0.7707658410072327,right,0.5,0.5,0.5,60,timeout,161,fixed,Fixed camera,checkpoint/2026-05-09-22-32-06/checkpoint0014.pth
glare,1.0,0.0,1.0,0.15029390156269073,0.5800622701644897,0.7743850946426392,left,0.5,0.5,0.5,60,timeout,162,fixed,Fixed camera,checkpoint/2026-05-09-22-32-06/checkpoint0014.pth
glare,1.0,0.0,1.0,0.06225203350186348,0.6015444993972778,0.7834322452545166,right,0.5,0.5,0.5,60,timeout,163,fixed,Fixed camera,checkpoint/2026-05-09-22-32-06/checkpoint0014.pth
glare,0.0,1.0,0.0,1.600775957107544,0.7376332879066467,0.499774307012558,far_left,0.5,0.5,0.5,26,collision,164,fixed,Fixed camera,checkpoint/2026-05-09-22-32-06/checkpoint0014.pth
glare,1.0,0.0,1.0,0.05779247730970383,0.6324960589408875,0.7581019401550293,far_left,0.5,0.5,0.5,60,timeout,165,fixed,Fixed camera,checkpoint/2026-05-09-22-32-06/checkpoint0014.pth
glare,0.0,1.0,0.0,1.8058403730392456,0.6681227684020996,0.5612788796424866,far_left,0.5,0.5,0.5,26,collision,166,fixed,Fixed camera,checkpoint/2026-05-09-22-32-06/checkpoint0014.pth
glare,1.0,0.0,1.0,0.14079444110393524,0.5978542566299438,0.7775728106498718,far_right,0.5,0.5,0.5,60,timeout,167,fixed,Fixed camera,checkpoint/2026-05-09-22-32-06/checkpoint0014.pth
glare,0.0,1.0,0.0,1.7721030712127686,0.6478291153907776,0.522598385810852,far_right,0.5,0.5,0.5,26,collision,168,fixed,Fixed camera,checkpoint/2026-05-09-22-32-06/checkpoint0014.pth
glare,0.0,1.0,0.0,1.8066962957382202,0.630824625492096,0.5281713008880615,far_left,0.5,0.5,0.5,26,collision,169,fixed,Fixed camera,checkpoint/2026-05-09-22-32-06/checkpoint0014.pth
glare,1.0,0.0,1.0,0.02952573634684086,0.6023365259170532,0.7819662094116211,right,0.5,0.5,0.5,60,timeout,170,fixed,Fixed camera,checkpoint/2026-05-09-22-32-06/checkpoint0014.pth
glare,1.0,0.0,1.0,0.12055983394384384,0.586254894733429,0.765514075756073,right,0.5,0.5,0.5,60,timeout,171,fixed,Fixed camera,checkpoint/2026-05-09-22-32-06/checkpoint0014.pth
glare,1.0,0.0,1.0,0.13714921474456787,0.5806965827941895,0.7690297961235046,right,0.5,0.5,0.5,60,timeout,172,fixed,Fixed camera,checkpoint/2026-05-09-22-32-06/checkpoint0014.pth
glare,1.0,0.0,1.0,0.0891275554895401,0.612980306148529,0.7798901200294495,left,0.5,0.5,0.5,60,timeout,173,fixed,Fixed camera,checkpoint/2026-05-09-22-32-06/checkpoint0014.pth
glare,1.0,0.0,1.0,0.21397486329078674,0.6296362280845642,0.7327064275741577,far_right,0.5,0.5,0.5,60,timeout,174,fixed,Fixed camera,checkpoint/2026-05-09-22-32-06/checkpoint0014.pth
glare,1.0,0.0,1.0,0.0763273611664772,0.5947809815406799,0.773632824420929,left,0.5,0.5,0.5,60,timeout,175,fixed,Fixed camera,checkpoint/2026-05-09-22-32-06/checkpoint0014.pth
glare,0.0,1.0,0.0,1.7513169050216675,0.6667982935905457,0.5328776240348816,far_left,0.5,0.5,0.5,25,collision,176,fixed,Fixed camera,checkpoint/2026-05-09-22-32-06/checkpoint0014.pth
glare,1.0,0.0,1.0,0.12269651889801025,0.5986853241920471,0.7856047749519348,right,0.5,0.5,0.5,60,timeout,177,fixed,Fixed camera,checkpoint/2026-05-09-22-32-06/checkpoint0014.pth
glare,0.0,1.0,0.0,1.6986860036849976,0.7217332720756531,0.5001558065414429,far_left,0.5,0.5,0.5,27,collision,178,fixed,Fixed camera,checkpoint/2026-05-09-22-32-06/checkpoint0014.pth
glare,0.0,1.0,0.0,1.7327449321746826,0.681279718875885,0.5146185755729675,far_left,0.5,0.5,0.5,24,collision,179,fixed,Fixed camera,checkpoint/2026-05-09-22-32-06/checkpoint0014.pth
glare,0.0,1.0,0.0,1.5242794752120972,0.6978698968887329,0.4769590198993683,far_left,0.5,0.5,0.5,28,collision,180,fixed,Fixed camera,checkpoint/2026-05-09-22-32-06/checkpoint0014.pth
glare,0.0,1.0,0.0,1.8264998197555542,0.6559198498725891,0.5415046215057373,far_right,0.5,0.5,0.5,26,collision,181,fixed,Fixed camera,checkpoint/2026-05-09-22-32-06/checkpoint0014.pth
glare,1.0,0.0,1.0,0.0809120312333107,0.5868746042251587,0.7854529023170471,right,0.5,0.5,0.5,60,timeout,182,fixed,Fixed camera,checkpoint/2026-05-09-22-32-06/checkpoint0014.pth
glare,1.0,0.0,1.0,0.15097253024578094,0.6216428875923157,0.7733169794082642,far_right,0.5,0.5,0.5,60,timeout,183,fixed,Fixed camera,checkpoint/2026-05-09-22-32-06/checkpoint0014.pth
glare,0.0,1.0,0.0,1.8172441720962524,0.6553270816802979,0.560213029384613,far_right,0.5,0.5,0.5,27,collision,184,fixed,Fixed camera,checkpoint/2026-05-09-22-32-06/checkpoint0014.pth
glare,0.0,1.0,0.0,1.8399102687835693,0.6745871305465698,0.5964144468307495,far_right,0.5,0.5,0.5,25,collision,185,fixed,Fixed camera,checkpoint/2026-05-09-22-32-06/checkpoint0014.pth
glare,0.0,1.0,0.0,1.7037101984024048,0.6751945614814758,0.5010316371917725,left,0.5,0.5,0.5,24,collision,186,fixed,Fixed camera,checkpoint/2026-05-09-22-32-06/checkpoint0014.pth
glare,1.0,0.0,1.0,0.12402333319187164,0.5919942259788513,0.77181476354599,left,0.5,0.5,0.5,60,timeout,187,fixed,Fixed camera,checkpoint/2026-05-09-22-32-06/checkpoint0014.pth
glare,0.0,1.0,0.0,1.7929264307022095,0.6494760513305664,0.5332754850387573,far_left,0.5,0.5,0.5,26,collision,188,fixed,Fixed camera,checkpoint/2026-05-09-22-32-06/checkpoint0014.pth
glare,1.0,0.0,1.0,0.23384326696395874,0.5665141344070435,0.7946808338165283,right,0.5,0.5,0.5,60,timeout,189,fixed,Fixed camera,checkpoint/2026-05-09-22-32-06/checkpoint0014.pth
glare,1.0,0.0,1.0,0.0799589604139328,0.6084504723548889,0.7757861018180847,right,0.5,0.5,0.5,60,timeout,190,fixed,Fixed camera,checkpoint/2026-05-09-22-32-06/checkpoint0014.pth
glare,0.0,1.0,0.0,1.7384282350540161,0.6654347777366638,0.5115921497344971,far_left,0.5,0.5,0.5,25,collision,191,fixed,Fixed camera,checkpoint/2026-05-09-22-32-06/checkpoint0014.pth
glare,1.0,0.0,1.0,0.026586588472127914,0.6078134179115295,0.7848307490348816,right,0.5,0.5,0.5,60,timeout,192,fixed,Fixed camera,checkpoint/2026-05-09-22-32-06/checkpoint0014.pth
glare,1.0,0.0,1.0,0.12562333047389984,0.6315448880195618,0.7752218246459961,far_left,0.5,0.5,0.5,60,timeout,193,fixed,Fixed camera,checkpoint/2026-05-09-22-32-06/checkpoint0014.pth
glare,0.0,1.0,0.0,1.762222409248352,0.6530418395996094,0.5279727578163147,far_left,0.5,0.5,0.5,24,collision,194,fixed,Fixed camera,checkpoint/2026-05-09-22-32-06/checkpoint0014.pth
glare,0.0,1.0,0.0,1.737958550453186,0.6990828514099121,0.5187881588935852,left,0.5,0.5,0.5,23,collision,195,fixed,Fixed camera,checkpoint/2026-05-09-22-32-06/checkpoint0014.pth
glare,0.0,1.0,0.0,1.8392938375473022,0.6705115437507629,0.5674131512641907,far_left,0.5,0.5,0.5,26,collision,196,fixed,Fixed camera,checkpoint/2026-05-09-22-32-06/checkpoint0014.pth
glare,1.0,0.0,1.0,0.11092089861631393,0.6109837889671326,0.7721716165542603,far_right,0.5,0.5,0.5,60,timeout,197,fixed,Fixed camera,checkpoint/2026-05-09-22-32-06/checkpoint0014.pth
glare,0.0,1.0,0.0,1.6780996322631836,0.6824284791946411,0.4979323744773865,far_left,0.5,0.5,0.5,25,collision,198,fixed,Fixed camera,checkpoint/2026-05-09-22-32-06/checkpoint0014.pth
glare,0.0,1.0,0.0,1.7933673858642578,0.6623645424842834,0.551521360874176,far_right,0.5,0.5,0.5,27,collision,199,fixed,Fixed camera,checkpoint/2026-05-09-22-32-06/checkpoint0014.pth
glare,1.0,0.0,1.0,0.08666323870420456,0.5923457145690918,0.7781298756599426,left,0.5,0.5,0.5,60,timeout,200,fixed,Fixed camera,checkpoint/2026-05-09-22-32-06/checkpoint0014.pth
glare,1.0,0.0,1.0,0.20135575532913208,0.6272273659706116,0.7690346240997314,far_right,0.5,0.5,0.5,60,timeout,201,fixed,Fixed camera,checkpoint/2026-05-09-22-32-06/checkpoint0014.pth
glare,1.0,0.0,1.0,0.15389561653137207,0.5822864770889282,0.7757017016410828,left,0.5,0.5,0.5,60,timeout,202,fixed,Fixed camera,checkpoint/2026-05-09-22-32-06/checkpoint0014.pth
glare,0.0,1.0,0.0,1.632150650024414,0.7166467905044556,0.47941315174102783,far_left,0.5,0.5,0.5,28,collision,203,fixed,Fixed camera,checkpoint/2026-05-09-22-32-06/checkpoint0014.pth
glare,0.0,1.0,0.0,1.65861976146698,0.6864175796508789,0.4954608380794525,right,0.5,0.5,0.5,25,collision,204,fixed,Fixed camera,checkpoint/2026-05-09-22-32-06/checkpoint0014.pth
glare,0.0,1.0,0.0,1.819321870803833,0.6481961607933044,0.5448726415634155,far_right,0.5,0.5,0.5,26,collision,205,fixed,Fixed camera,checkpoint/2026-05-09-22-32-06/checkpoint0014.pth
glare,1.0,0.0,1.0,0.15375222265720367,0.5861353874206543,0.7786193490028381,right,0.5,0.5,0.5,60,timeout,206,fixed,Fixed camera,checkpoint/2026-05-09-22-32-06/checkpoint0014.pth
glare,1.0,0.0,1.0,0.18856163322925568,0.6442548632621765,0.7751134037971497,far_right,0.5,0.5,0.5,60,timeout,207,fixed,Fixed camera,checkpoint/2026-05-09-22-32-06/checkpoint0014.pth
glare,0.0,1.0,0.0,1.5170143842697144,0.7261629700660706,0.4749067723751068,far_right,0.5,0.5,0.5,28,collision,208,fixed,Fixed camera,checkpoint/2026-05-09-22-32-06/checkpoint0014.pth
glare,1.0,0.0,1.0,0.16855080425739288,0.5912997126579285,0.7733194231987,left,0.5,0.5,0.5,60,timeout,209,fixed,Fixed camera,checkpoint/2026-05-09-22-32-06/checkpoint0014.pth
glare,0.0,1.0,0.0,1.855087399482727,0.6373059153556824,0.5737013220787048,far_left,0.5,0.5,0.5,27,collision,210,fixed,Fixed camera,checkpoint/2026-05-09-22-32-06/checkpoint0014.pth
glare,1.0,0.0,1.0,0.16551895439624786,0.6108862161636353,0.758810818195343,far_right,0.5,0.5,0.5,60,timeout,211,fixed,Fixed camera,checkpoint/2026-05-09-22-32-06/checkpoint0014.pth
glare,1.0,0.0,1.0,0.20590552687644958,0.5949734449386597,0.7636044025421143,right,0.5,0.5,0.5,60,timeout,212,fixed,Fixed camera,checkpoint/2026-05-09-22-32-06/checkpoint0014.pth
glare,1.0,0.0,1.0,0.17955031991004944,0.5712997913360596,0.7747275233268738,left,0.5,0.5,0.5,60,timeout,213,fixed,Fixed camera,checkpoint/2026-05-09-22-32-06/checkpoint0014.pth
glare,0.0,1.0,0.0,1.7786084413528442,0.6418167948722839,0.5269791483879089,far_left,0.5,0.5,0.5,26,collision,214,fixed,Fixed camera,checkpoint/2026-05-09-22-32-06/checkpoint0014.pth
glare,1.0,0.0,1.0,0.1393190175294876,0.5678913593292236,0.7758825421333313,right,0.5,0.5,0.5,60,timeout,215,fixed,Fixed camera,checkpoint/2026-05-09-22-32-06/checkpoint0014.pth
glare,0.0,1.0,0.0,1.7294301986694336,0.7068178057670593,0.5157302618026733,far_right,0.5,0.5,0.5,23,collision,216,fixed,Fixed camera,checkpoint/2026-05-09-22-32-06/checkpoint0014.pth
glare,1.0,0.0,1.0,0.07410143315792084,0.5998445153236389,0.7869141101837158,right,0.5,0.5,0.5,60,timeout,217,fixed,Fixed camera,checkpoint/2026-05-09-22-32-06/checkpoint0014.pth
glare,0.0,1.0,0.0,1.6032408475875854,0.6985971331596375,0.4667913317680359,far_right,0.5,0.5,0.5,27,collision,218,fixed,Fixed camera,checkpoint/2026-05-09-22-32-06/checkpoint0014.pth
glare,0.0,1.0,0.0,1.7656233310699463,0.6703723073005676,0.5491620302200317,far_right,0.5,0.5,0.5,27,collision,219,fixed,Fixed camera,checkpoint/2026-05-09-22-32-06/checkpoint0014.pth
glare,0.0,1.0,0.0,1.7812923192977905,0.6878473162651062,0.5683231949806213,far_left,0.5,0.5,0.5,25,collision,220,fixed,Fixed camera,checkpoint/2026-05-09-22-32-06/checkpoint0014.pth
glare,1.0,0.0,1.0,0.15593096613883972,0.6346753835678101,0.752148449420929,far_left,0.5,0.5,0.5,60,timeout,221,fixed,Fixed camera,checkpoint/2026-05-09-22-32-06/checkpoint0014.pth
glare,0.0,1.0,0.0,1.7231309413909912,0.6687750220298767,0.5079803466796875,far_right,0.5,0.5,0.5,26,collision,222,fixed,Fixed camera,checkpoint/2026-05-09-22-32-06/checkpoint0014.pth
glare,1.0,0.0,1.0,0.09058821946382523,0.5910106301307678,0.7741006016731262,right,0.5,0.5,0.5,60,timeout,223,fixed,Fixed camera,checkpoint/2026-05-09-22-32-06/checkpoint0014.pth
glare,1.0,0.0,1.0,0.18719488382339478,0.6240373253822327,0.7568022012710571,far_right,0.5,0.5,0.5,60,timeout,224,fixed,Fixed camera,checkpoint/2026-05-09-22-32-06/checkpoint0014.pth
glare,1.0,0.0,1.0,0.1477968394756317,0.5967132449150085,0.7736738324165344,right,0.5,0.5,0.5,60,timeout,225,fixed,Fixed camera,checkpoint/2026-05-09-22-32-06/checkpoint0014.pth
glare,1.0,0.0,1.0,0.2411920726299286,0.6284445524215698,0.7606361508369446,far_right,0.5,0.5,0.5,60,timeout,226,fixed,Fixed camera,checkpoint/2026-05-09-22-32-06/checkpoint0014.pth
glare,0.0,1.0,0.0,1.8047971725463867,0.6725754737854004,0.5591724514961243,far_left,0.5,0.5,0.5,27,collision,227,fixed,Fixed camera,checkpoint/2026-05-09-22-32-06/checkpoint0014.pth
glare,1.0,0.0,1.0,0.10164307802915573,0.6006230711936951,0.7767868041992188,right,0.5,0.5,0.5,60,timeout,228,fixed,Fixed camera,checkpoint/2026-05-09-22-32-06/checkpoint0014.pth
glare,1.0,0.0,1.0,0.05529708415269852,0.5981385707855225,0.7750458717346191,right,0.5,0.5,0.5,60,timeout,229,fixed,Fixed camera,checkpoint/2026-05-09-22-32-06/checkpoint0014.pth
glare,1.0,0.0,1.0,0.1298781782388687,0.5927393436431885,0.7744068503379822,left,0.5,0.5,0.5,60,timeout,230,fixed,Fixed camera,checkpoint/2026-05-09-22-32-06/checkpoint0014.pth
glare,0.0,1.0,0.0,1.7513681650161743,0.696863055229187,0.5196470022201538,far_left,0.5,0.5,0.5,26,collision,231,fixed,Fixed camera,checkpoint/2026-05-09-22-32-06/checkpoint0014.pth
glare,1.0,0.0,1.0,0.13695622980594635,0.5841212868690491,0.7811222672462463,left,0.5,0.5,0.5,60,timeout,232,fixed,Fixed camera,checkpoint/2026-05-09-22-32-06/checkpoint0014.pth
glare,1.0,0.0,1.0,0.11334293335676193,0.6478265523910522,0.7628424763679504,far_left,0.5,0.5,0.5,60,timeout,233,fixed,Fixed camera,checkpoint/2026-05-09-22-32-06/checkpoint0014.pth
glare,0.0,1.0,0.0,1.7855260372161865,0.6778919100761414,0.5451277494430542,far_right,0.5,0.5,0.5,27,collision,234,fixed,Fixed camera,checkpoint/2026-05-09-22-32-06/checkpoint0014.pth
glare,1.0,0.0,1.0,0.12115820497274399,0.6188214421272278,0.7770520448684692,right,0.5,0.5,0.5,60,timeout,235,fixed,Fixed camera,checkpoint/2026-05-09-22-32-06/checkpoint0014.pth
glare,0.0,1.0,0.0,1.6963602304458618,0.6638556718826294,0.5006343722343445,far_right,0.5,0.5,0.5,27,collision,236,fixed,Fixed camera,checkpoint/2026-05-09-22-32-06/checkpoint0014.pth
glare,1.0,0.0,1.0,0.09962715953588486,0.5949093103408813,0.7879871129989624,right,0.5,0.5,0.5,60,timeout,237,fixed,Fixed camera,checkpoint/2026-05-09-22-32-06/checkpoint0014.pth
glare,1.0,0.0,1.0,0.19008925557136536,0.6275378465652466,0.7808570265769958,far_left,0.5,0.5,0.5,60,timeout,238,fixed,Fixed camera,checkpoint/2026-05-09-22-32-06/checkpoint0014.pth
glare,1.0,0.0,1.0,0.10464128106832504,0.6645031571388245,0.7448568344116211,far_right,0.5,0.5,0.5,60,timeout,239,fixed,Fixed camera,checkpoint/2026-05-09-22-32-06/checkpoint0014.pth
glare,0.0,1.0,0.0,1.808502435684204,0.6700761914253235,0.5281116366386414,far_right,0.5,0.5,0.5,27,collision,240,fixed,Fixed camera,checkpoint/2026-05-09-22-32-06/checkpoint0014.pth
glare,1.0,0.0,1.0,0.15841543674468994,0.6273428797721863,0.7513599991798401,far_right,0.5,0.5,0.5,60,timeout,241,fixed,Fixed camera,checkpoint/2026-05-09-22-32-06/checkpoint0014.pth
glare,1.0,0.0,1.0,0.18283680081367493,0.6077907681465149,0.7658010721206665,far_right,0.5,0.5,0.5,60,timeout,242,fixed,Fixed camera,checkpoint/2026-05-09-22-32-06/checkpoint0014.pth
glare,1.0,0.0,1.0,0.1600295752286911,0.6405308246612549,0.7605950832366943,far_left,0.5,0.5,0.5,60,timeout,243,fixed,Fixed camera,checkpoint/2026-05-09-22-32-06/checkpoint0014.pth
glare,1.0,0.0,1.0,0.11034707725048065,0.5962266325950623,0.7580826282501221,right,0.5,0.5,0.5,60,timeout,244,fixed,Fixed camera,checkpoint/2026-05-09-22-32-06/checkpoint0014.pth
glare,0.0,1.0,0.0,1.732202410697937,0.6723569631576538,0.5170783996582031,left,0.5,0.5,0.5,23,collision,245,fixed,Fixed camera,checkpoint/2026-05-09-22-32-06/checkpoint0014.pth
glare,0.0,1.0,0.0,1.7266521453857422,0.6615304350852966,0.5188604593276978,right,0.5,0.5,0.5,23,collision,246,fixed,Fixed camera,checkpoint/2026-05-09-22-32-06/checkpoint0014.pth
glare,0.0,1.0,0.0,1.8193751573562622,0.6683844327926636,0.49941617250442505,far_right,0.5,0.5,0.5,29,collision,247,fixed,Fixed camera,checkpoint/2026-05-09-22-32-06/checkpoint0014.pth
glare,0.0,1.0,0.0,1.7987797260284424,0.64625084400177,0.5245768427848816,far_right,0.5,0.5,0.5,25,collision,248,fixed,Fixed camera,checkpoint/2026-05-09-22-32-06/checkpoint0014.pth
glare,0.0,1.0,0.0,1.803084135055542,0.7016305327415466,0.5441898107528687,far_right,0.5,0.5,0.5,26,collision,249,fixed,Fixed camera,checkpoint/2026-05-09-22-32-06/checkpoint0014.pth
glare,1.0,0.0,1.0,0.1695927381515503,0.5843405723571777,0.7829596400260925,left,0.5,0.5,0.5,60,timeout,250,fixed,Fixed camera,checkpoint/2026-05-09-22-32-06/checkpoint0014.pth
glare,1.0,0.0,1.0,0.10539045929908752,0.6003018021583557,0.7757740616798401,left,0.5,0.5,0.5,60,timeout,251,fixed,Fixed camera,checkpoint/2026-05-09-22-32-06/checkpoint0014.pth
glare,1.0,0.0,1.0,0.16244524717330933,0.5833067893981934,0.7793475389480591,left,0.5,0.5,0.5,60,timeout,252,fixed,Fixed camera,checkpoint/2026-05-09-22-32-06/checkpoint0014.pth
glare,1.0,0.0,1.0,0.05509987100958824,0.5948951840400696,0.7868803143501282,right,0.5,0.5,0.5,60,timeout,253,fixed,Fixed camera,checkpoint/2026-05-09-22-32-06/checkpoint0014.pth
glare,1.0,0.0,1.0,0.1648610532283783,0.5938016772270203,0.7575979232788086,far_left,0.5,0.5,0.5,60,timeout,254,fixed,Fixed camera,checkpoint/2026-05-09-22-32-06/checkpoint0014.pth
glare,1.0,0.0,1.0,0.11698400229215622,0.6061146259307861,0.767127275466919,far_left,0.5,0.5,0.5,60,timeout,255,fixed,Fixed camera,checkpoint/2026-05-09-22-32-06/checkpoint0014.pth
glare,1.0,0.0,1.0,0.15427328646183014,0.6155747771263123,0.7650777101516724,right,0.5,0.5,0.5,60,timeout,256,fixed,Fixed camera,checkpoint/2026-05-09-22-32-06/checkpoint0014.pth
glare,1.0,0.0,1.0,0.18426889181137085,0.584777295589447,0.7786916494369507,left,0.5,0.5,0.5,60,timeout,257,fixed,Fixed camera,checkpoint/2026-05-09-22-32-06/checkpoint0014.pth
glare,1.0,0.0,1.0,0.16151292622089386,0.5981999039649963,0.7612509727478027,right,0.5,0.5,0.5,60,timeout,258,fixed,Fixed camera,checkpoint/2026-05-09-22-32-06/checkpoint0014.pth
glare,0.0,1.0,0.0,1.8213549852371216,0.6728767156600952,0.5527083277702332,far_left,0.5,0.5,0.5,26,collision,259,fixed,Fixed camera,checkpoint/2026-05-09-22-32-06/checkpoint0014.pth
glare,1.0,0.0,1.0,0.18312878906726837,0.5845242738723755,0.7722874283790588,right,0.5,0.5,0.5,60,timeout,260,fixed,Fixed camera,checkpoint/2026-05-09-22-32-06/checkpoint0014.pth
glare,0.0,1.0,0.0,1.8347785472869873,0.6460812091827393,0.5622588992118835,far_left,0.5,0.5,0.5,25,collision,261,fixed,Fixed camera,checkpoint/2026-05-09-22-32-06/checkpoint0014.pth
glare,1.0,0.0,1.0,0.15793392062187195,0.6154301166534424,0.7477165460586548,far_left,0.5,0.5,0.5,60,timeout,262,fixed,Fixed camera,checkpoint/2026-05-09-22-32-06/checkpoint0014.pth
glare,1.0,0.0,1.0,0.08225535601377487,0.659691333770752,0.7586565017700195,far_right,0.5,0.5,0.5,60,timeout,263,fixed,Fixed camera,checkpoint/2026-05-09-22-32-06/checkpoint0014.pth
glare,1.0,0.0,1.0,0.21902605891227722,0.602842390537262,0.7724658250808716,far_right,0.5,0.5,0.5,60,timeout,264,fixed,Fixed camera,checkpoint/2026-05-09-22-32-06/checkpoint0014.pth
glare,0.0,1.0,0.0,1.7925471067428589,0.6502591967582703,0.5484831929206848,far_left,0.5,0.5,0.5,27,collision,265,fixed,Fixed camera,checkpoint/2026-05-09-22-32-06/checkpoint0014.pth
glare,0.0,1.0,0.0,1.8003004789352417,0.6892905235290527,0.5351430773735046,far_left,0.5,0.5,0.5,23,collision,266,fixed,Fixed camera,checkpoint/2026-05-09-22-32-06/checkpoint0014.pth
glare,1.0,0.0,1.0,0.17844374477863312,0.6121267080307007,0.7609496116638184,far_left,0.5,0.5,0.5,60,timeout,267,fixed,Fixed camera,checkpoint/2026-05-09-22-32-06/checkpoint0014.pth
glare,1.0,0.0,1.0,0.10376981645822525,0.6512062549591064,0.7764685153961182,far_left,0.5,0.5,0.5,60,timeout,268,fixed,Fixed camera,checkpoint/2026-05-09-22-32-06/checkpoint0014.pth
glare,0.0,1.0,0.0,1.6582967042922974,0.6818671226501465,0.4892248213291168,left,0.5,0.5,0.5,24,collision,269,fixed,Fixed camera,checkpoint/2026-05-09-22-32-06/checkpoint0014.pth
glare,1.0,0.0,1.0,0.14773906767368317,0.5833860039710999,0.770505428314209,left,0.5,0.5,0.5,60,timeout,270,fixed,Fixed camera,checkpoint/2026-05-09-22-32-06/checkpoint0014.pth
glare,0.0,1.0,0.0,1.7531687021255493,0.6877934336662292,0.5264505743980408,far_right,0.5,0.5,0.5,24,collision,271,fixed,Fixed camera,checkpoint/2026-05-09-22-32-06/checkpoint0014.pth
glare,1.0,0.0,1.0,0.08090929687023163,0.5986600518226624,0.7739415168762207,left,0.5,0.5,0.5,60,timeout,272,fixed,Fixed camera,checkpoint/2026-05-09-22-32-06/checkpoint0014.pth
glare,1.0,0.0,1.0,0.2339867204427719,0.6006757020950317,0.7695747017860413,far_right,0.5,0.5,0.5,60,timeout,273,fixed,Fixed camera,checkpoint/2026-05-09-22-32-06/checkpoint0014.pth
glare,0.0,1.0,0.0,1.7082446813583374,0.6694284677505493,0.5072778463363647,far_left,0.5,0.5,0.5,24,collision,274,fixed,Fixed camera,checkpoint/2026-05-09-22-32-06/checkpoint0014.pth
glare,1.0,0.0,1.0,0.14779254794120789,0.6501551866531372,0.7776404023170471,far_right,0.5,0.5,0.5,60,timeout,275,fixed,Fixed camera,checkpoint/2026-05-09-22-32-06/checkpoint0014.pth
glare,1.0,0.0,1.0,0.1718834936618805,0.6123009324073792,0.7746817469596863,far_left,0.5,0.5,0.5,60,timeout,276,fixed,Fixed camera,checkpoint/2026-05-09-22-32-06/checkpoint0014.pth
glare,0.0,1.0,0.0,1.7583671808242798,0.67363041639328,0.5311053395271301,far_right,0.5,0.5,0.5,24,collision,277,fixed,Fixed camera,checkpoint/2026-05-09-22-32-06/checkpoint0014.pth
glare,1.0,0.0,1.0,0.07859894633293152,0.6076003313064575,0.7830005884170532,far_right,0.5,0.5,0.5,60,timeout,278,fixed,Fixed camera,checkpoint/2026-05-09-22-32-06/checkpoint0014.pth
glare,1.0,0.0,1.0,0.10709837079048157,0.5944051146507263,0.7927180528640747,left,0.5,0.5,0.5,60,timeout,279,fixed,Fixed camera,checkpoint/2026-05-09-22-32-06/checkpoint0014.pth
glare,1.0,0.0,1.0,0.10854388773441315,0.5935736894607544,0.787468671798706,right,0.5,0.5,0.5,60,timeout,280,fixed,Fixed camera,checkpoint/2026-05-09-22-32-06/checkpoint0014.pth
glare,0.0,1.0,0.0,1.6710344552993774,0.6714528799057007,0.49564164876937866,left,0.5,0.5,0.5,25,collision,281,fixed,Fixed camera,checkpoint/2026-05-09-22-32-06/checkpoint0014.pth
glare,0.0,1.0,0.0,1.7563832998275757,0.6362082958221436,0.5054675340652466,far_right,0.5,0.5,0.5,25,collision,282,fixed,Fixed camera,checkpoint/2026-05-09-22-32-06/checkpoint0014.pth
glare,1.0,0.0,1.0,0.17100277543067932,0.6271560788154602,0.7721161246299744,far_left,0.5,0.5,0.5,60,timeout,283,fixed,Fixed camera,checkpoint/2026-05-09-22-32-06/checkpoint0014.pth
glare,1.0,0.0,1.0,0.11108758300542831,0.5952512621879578,0.7742838859558105,left,0.5,0.5,0.5,60,timeout,284,fixed,Fixed camera,checkpoint/2026-05-09-22-32-06/checkpoint0014.pth
glare,0.0,1.0,0.0,1.7576805353164673,0.6959075927734375,0.5450289249420166,far_right,0.5,0.5,0.5,26,collision,285,fixed,Fixed camera,checkpoint/2026-05-09-22-32-06/checkpoint0014.pth
glare,1.0,0.0,1.0,0.15147283673286438,0.5788599848747253,0.7842182517051697,right,0.5,0.5,0.5,60,timeout,286,fixed,Fixed camera,checkpoint/2026-05-09-22-32-06/checkpoint0014.pth
glare,1.0,0.0,1.0,0.14755642414093018,0.6579368114471436,0.7401717305183411,far_left,0.5,0.5,0.5,60,timeout,287,fixed,Fixed camera,checkpoint/2026-05-09-22-32-06/checkpoint0014.pth
glare,1.0,0.0,1.0,0.1707238107919693,0.5806022882461548,0.7730011343955994,left,0.5,0.5,0.5,60,timeout,288,fixed,Fixed camera,checkpoint/2026-05-09-22-32-06/checkpoint0014.pth
glare,0.0,1.0,0.0,1.7308506965637207,0.6508601903915405,0.5011755228042603,far_right,0.5,0.5,0.5,25,collision,289,fixed,Fixed camera,checkpoint/2026-05-09-22-32-06/checkpoint0014.pth
glare,1.0,0.0,1.0,0.20309987664222717,0.5957657694816589,0.7686849236488342,right,0.5,0.5,0.5,60,timeout,290,fixed,Fixed camera,checkpoint/2026-05-09-22-32-06/checkpoint0014.pth
glare,1.0,0.0,1.0,0.13483798503875732,0.5872505903244019,0.7782455682754517,left,0.5,0.5,0.5,60,timeout,291,fixed,Fixed camera,checkpoint/2026-05-09-22-32-06/checkpoint0014.pth
glare,1.0,0.0,1.0,0.1456652134656906,0.6102656722068787,0.7709587216377258,right,0.5,0.5,0.5,60,timeout,292,fixed,Fixed camera,checkpoint/2026-05-09-22-32-06/checkpoint0014.pth
glare,1.0,0.0,1.0,0.19752900302410126,0.580579400062561,0.7691840529441833,left,0.5,0.5,0.5,60,timeout,293,fixed,Fixed camera,checkpoint/2026-05-09-22-32-06/checkpoint0014.pth
glare,0.0,1.0,0.0,1.7376641035079956,0.6755398511886597,0.5125616192817688,right,0.5,0.5,0.5,24,collision,294,fixed,Fixed camera,checkpoint/2026-05-09-22-32-06/checkpoint0014.pth
glare,0.0,1.0,0.0,1.5575995445251465,0.7214761972427368,0.48334968090057373,right,0.5,0.5,0.5,24,collision,295,fixed,Fixed camera,checkpoint/2026-05-09-22-32-06/checkpoint0014.pth
glare,1.0,0.0,1.0,0.15744327008724213,0.5755640864372253,0.7765673995018005,left,0.5,0.5,0.5,60,timeout,296,fixed,Fixed camera,checkpoint/2026-05-09-22-32-06/checkpoint0014.pth
glare,1.0,0.0,1.0,0.12221080809831619,0.5992945432662964,0.7573808431625366,right,0.5,0.5,0.5,60,timeout,297,fixed,Fixed camera,checkpoint/2026-05-09-22-32-06/checkpoint0014.pth
glare,1.0,0.0,1.0,0.18789805471897125,0.5854828357696533,0.7618104219436646,left,0.5,0.5,0.5,60,timeout,298,fixed,Fixed camera,checkpoint/2026-05-09-22-32-06/checkpoint0014.pth
glare,0.0,1.0,0.0,1.6752254962921143,0.6820362210273743,0.4854879081249237,far_right,0.5,0.5,0.5,27,collision,299,fixed,Fixed camera,checkpoint/2026-05-09-22-32-06/checkpoint0014.pth
specular,1.0,0.0,1.0,0.0700015276670456,0.5897238850593567,0.8524619340896606,right,0.5,0.5,0.5,60,timeout,0,fixed,Fixed camera,checkpoint/2026-05-09-22-32-06/checkpoint0014.pth
specular,0.0,1.0,0.0,1.7596349716186523,0.6808311343193054,0.6071917414665222,left,0.5,0.5,0.5,23,collision,1,fixed,Fixed camera,checkpoint/2026-05-09-22-32-06/checkpoint0014.pth
specular,1.0,0.0,1.0,0.17393171787261963,0.5917435884475708,0.844639778137207,left,0.5,0.5,0.5,60,timeout,2,fixed,Fixed camera,checkpoint/2026-05-09-22-32-06/checkpoint0014.pth
specular,1.0,0.0,1.0,0.21503721177577972,0.6047787070274353,0.834536612033844,far_left,0.5,0.5,0.5,60,timeout,3,fixed,Fixed camera,checkpoint/2026-05-09-22-32-06/checkpoint0014.pth
specular,1.0,0.0,1.0,0.09801755100488663,0.6080579161643982,0.8455175161361694,right,0.5,0.5,0.5,60,timeout,4,fixed,Fixed camera,checkpoint/2026-05-09-22-32-06/checkpoint0014.pth
specular,1.0,0.0,1.0,0.09484902769327164,0.6163999438285828,0.8416160941123962,right,0.5,0.5,0.5,60,timeout,5,fixed,Fixed camera,checkpoint/2026-05-09-22-32-06/checkpoint0014.pth
specular,0.0,1.0,0.0,1.8043667078018188,0.6335895657539368,0.6370717287063599,far_right,0.5,0.5,0.5,26,collision,6,fixed,Fixed camera,checkpoint/2026-05-09-22-32-06/checkpoint0014.pth
specular,1.0,0.0,1.0,0.10507864505052567,0.6027351021766663,0.8434654474258423,left,0.5,0.5,0.5,60,timeout,7,fixed,Fixed camera,checkpoint/2026-05-09-22-32-06/checkpoint0014.pth
specular,1.0,0.0,1.0,0.19572822749614716,0.6473048329353333,0.8286000490188599,far_left,0.5,0.5,0.5,60,timeout,8,fixed,Fixed camera,checkpoint/2026-05-09-22-32-06/checkpoint0014.pth
specular,1.0,0.0,1.0,0.19794408977031708,0.5934415459632874,0.8362220525741577,far_left,0.5,0.5,0.5,60,timeout,9,fixed,Fixed camera,checkpoint/2026-05-09-22-32-06/checkpoint0014.pth
specular,0.0,1.0,0.0,1.6434664726257324,0.70735102891922,0.6090982556343079,right,0.5,0.5,0.5,24,collision,10,fixed,Fixed camera,checkpoint/2026-05-09-22-32-06/checkpoint0014.pth
specular,0.0,1.0,0.0,1.6392693519592285,0.7031815052032471,0.6090919971466064,right,0.5,0.5,0.5,24,collision,11,fixed,Fixed camera,checkpoint/2026-05-09-22-32-06/checkpoint0014.pth
specular,1.0,0.0,1.0,0.12938037514686584,0.592927873134613,0.8434100151062012,right,0.5,0.5,0.5,60,timeout,12,fixed,Fixed camera,checkpoint/2026-05-09-22-32-06/checkpoint0014.pth
specular,1.0,0.0,1.0,0.12321797013282776,0.6015560030937195,0.8458839654922485,right,0.5,0.5,0.5,60,timeout,13,fixed,Fixed camera,checkpoint/2026-05-09-22-32-06/checkpoint0014.pth
specular,0.0,1.0,0.0,1.830845832824707,0.6453129649162292,0.6543915271759033,far_left,0.5,0.5,0.5,27,collision,14,fixed,Fixed camera,checkpoint/2026-05-09-22-32-06/checkpoint0014.pth
specular,0.0,1.0,0.0,1.5656919479370117,0.6988796591758728,0.6153645515441895,left,0.5,0.5,0.5,26,collision,15,fixed,Fixed camera,checkpoint/2026-05-09-22-32-06/checkpoint0014.pth
specular,1.0,0.0,1.0,0.2501058280467987,0.6286634206771851,0.8308690786361694,far_right,0.5,0.5,0.5,60,timeout,16,fixed,Fixed camera,checkpoint/2026-05-09-22-32-06/checkpoint0014.pth
specular,1.0,0.0,1.0,0.20033708214759827,0.5778099298477173,0.8505208492279053,right,0.5,0.5,0.5,60,timeout,17,fixed,Fixed camera,checkpoint/2026-05-09-22-32-06/checkpoint0014.pth
specular,0.0,1.0,0.0,1.7830002307891846,0.6752550601959229,0.6348322033882141,far_right,0.5,0.5,0.5,26,collision,18,fixed,Fixed camera,checkpoint/2026-05-09-22-32-06/checkpoint0014.pth
specular,1.0,0.0,1.0,0.16766197979450226,0.5867354869842529,0.8558811545372009,right,0.5,0.5,0.5,60,timeout,19,fixed,Fixed camera,checkpoint/2026-05-09-22-32-06/checkpoint0014.pth
specular,0.0,1.0,0.0,1.852171540260315,0.6261408925056458,0.6604348421096802,far_right,0.5,0.5,0.5,28,collision,20,fixed,Fixed camera,checkpoint/2026-05-09-22-32-06/checkpoint0014.pth
specular,1.0,0.0,1.0,0.19862858951091766,0.6174278855323792,0.8295018672943115,far_left,0.5,0.5,0.5,60,timeout,21,fixed,Fixed camera,checkpoint/2026-05-09-22-32-06/checkpoint0014.pth
specular,1.0,0.0,1.0,0.19219771027565002,0.5633697509765625,0.8512394428253174,right,0.5,0.5,0.5,60,timeout,22,fixed,Fixed camera,checkpoint/2026-05-09-22-32-06/checkpoint0014.pth
specular,1.0,0.0,1.0,0.18788418173789978,0.5770865678787231,0.8507330417633057,right,0.5,0.5,0.5,60,timeout,23,fixed,Fixed camera,checkpoint/2026-05-09-22-32-06/checkpoint0014.pth
specular,0.0,1.0,0.0,1.798258900642395,0.6818983554840088,0.6375255584716797,far_right,0.5,0.5,0.5,27,collision,24,fixed,Fixed camera,checkpoint/2026-05-09-22-32-06/checkpoint0014.pth
specular,1.0,0.0,1.0,0.17428162693977356,0.5964065194129944,0.8371721506118774,far_right,0.5,0.5,0.5,60,timeout,25,fixed,Fixed camera,checkpoint/2026-05-09-22-32-06/checkpoint0014.pth
specular,0.0,1.0,0.0,1.8010379076004028,0.6487937569618225,0.6243961453437805,far_right,0.5,0.5,0.5,24,collision,26,fixed,Fixed camera,checkpoint/2026-05-09-22-32-06/checkpoint0014.pth
specular,0.0,1.0,0.0,1.7928245067596436,0.6587424278259277,0.641320526599884,far_right,0.5,0.5,0.5,27,collision,27,fixed,Fixed camera,checkpoint/2026-05-09-22-32-06/checkpoint0014.pth
specular,1.0,0.0,1.0,0.15080109238624573,0.5958922505378723,0.837381899356842,right,0.5,0.5,0.5,60,timeout,28,fixed,Fixed camera,checkpoint/2026-05-09-22-32-06/checkpoint0014.pth
specular,1.0,0.0,1.0,0.1817883402109146,0.5825067162513733,0.8408637642860413,left,0.5,0.5,0.5,60,timeout,29,fixed,Fixed camera,checkpoint/2026-05-09-22-32-06/checkpoint0014.pth
specular,1.0,0.0,1.0,0.1951504349708557,0.6318450570106506,0.8364511132240295,far_left,0.5,0.5,0.5,60,timeout,30,fixed,Fixed camera,checkpoint/2026-05-09-22-32-06/checkpoint0014.pth
specular,0.0,1.0,0.0,1.6708946228027344,0.6930648684501648,0.6095385551452637,right,0.5,0.5,0.5,24,collision,31,fixed,Fixed camera,checkpoint/2026-05-09-22-32-06/checkpoint0014.pth
specular,1.0,0.0,1.0,0.15670695900917053,0.6100407242774963,0.8348790407180786,far_right,0.5,0.5,0.5,60,timeout,32,fixed,Fixed camera,checkpoint/2026-05-09-22-32-06/checkpoint0014.pth
specular,1.0,0.0,1.0,0.029812367632985115,0.6098213791847229,0.840815544128418,left,0.5,0.5,0.5,60,timeout,33,fixed,Fixed camera,checkpoint/2026-05-09-22-32-06/checkpoint0014.pth
specular,1.0,0.0,1.0,0.12797726690769196,0.6212713718414307,0.8433473110198975,far_right,0.5,0.5,0.5,60,timeout,34,fixed,Fixed camera,checkpoint/2026-05-09-22-32-06/checkpoint0014.pth
specular,1.0,0.0,1.0,0.07399356365203857,0.6156867742538452,0.8428916335105896,far_left,0.5,0.5,0.5,60,timeout,35,fixed,Fixed camera,checkpoint/2026-05-09-22-32-06/checkpoint0014.pth
specular,0.0,1.0,0.0,1.6312146186828613,0.7277532815933228,0.6411981582641602,far_right,0.5,0.5,0.5,27,collision,36,fixed,Fixed camera,checkpoint/2026-05-09-22-32-06/checkpoint0014.pth
specular,1.0,0.0,1.0,0.048048652708530426,0.6081502437591553,0.8436126112937927,left,0.5,0.5,0.5,60,timeout,37,fixed,Fixed camera,checkpoint/2026-05-09-22-32-06/checkpoint0014.pth
specular,1.0,0.0,1.0,0.22879986464977264,0.5846418738365173,0.8487004041671753,left,0.5,0.5,0.5,60,timeout,38,fixed,Fixed camera,checkpoint/2026-05-09-22-32-06/checkpoint0014.pth
specular,1.0,0.0,1.0,0.1467086672782898,0.6174579858779907,0.8373289108276367,far_left,0.5,0.5,0.5,60,timeout,39,fixed,Fixed camera,checkpoint/2026-05-09-22-32-06/checkpoint0014.pth
specular,0.0,1.0,0.0,1.73818039894104,0.6891286969184875,0.6182191371917725,far_left,0.5,0.5,0.5,24,collision,40,fixed,Fixed camera,checkpoint/2026-05-09-22-32-06/checkpoint0014.pth
specular,1.0,0.0,1.0,0.2621576488018036,0.5745766758918762,0.8474224805831909,left,0.5,0.5,0.5,60,timeout,41,fixed,Fixed camera,checkpoint/2026-05-09-22-32-06/checkpoint0014.pth
specular,1.0,0.0,1.0,0.15554796159267426,0.6529440879821777,0.841567873954773,far_right,0.5,0.5,0.5,60,timeout,42,fixed,Fixed camera,checkpoint/2026-05-09-22-32-06/checkpoint0014.pth
specular,1.0,0.0,1.0,0.14066332578659058,0.6182567477226257,0.8422912359237671,far_right,0.5,0.5,0.5,60,timeout,43,fixed,Fixed camera,checkpoint/2026-05-09-22-32-06/checkpoint0014.pth
specular,1.0,0.0,1.0,0.08353769779205322,0.6038434505462646,0.846060037612915,right,0.5,0.5,0.5,60,timeout,44,fixed,Fixed camera,checkpoint/2026-05-09-22-32-06/checkpoint0014.pth
specular,1.0,0.0,1.0,0.08615685254335403,0.5835116505622864,0.8513021469116211,left,0.5,0.5,0.5,60,timeout,45,fixed,Fixed camera,checkpoint/2026-05-09-22-32-06/checkpoint0014.pth
specular,1.0,0.0,1.0,0.08739706128835678,0.6169565320014954,0.8460190296173096,far_right,0.5,0.5,0.5,60,timeout,46,fixed,Fixed camera,checkpoint/2026-05-09-22-32-06/checkpoint0014.pth
specular,1.0,0.0,1.0,0.05509977415204048,0.6019708514213562,0.8532673120498657,right,0.5,0.5,0.5,60,timeout,47,fixed,Fixed camera,checkpoint/2026-05-09-22-32-06/checkpoint0014.pth
specular,0.0,1.0,0.0,1.7416688203811646,0.6984678506851196,0.6300636529922485,far_left,0.5,0.5,0.5,26,collision,48,fixed,Fixed camera,checkpoint/2026-05-09-22-32-06/checkpoint0014.pth
specular,0.0,1.0,0.0,1.8028173446655273,0.6733109951019287,0.6455960869789124,far_left,0.5,0.5,0.5,26,collision,49,fixed,Fixed camera,checkpoint/2026-05-09-22-32-06/checkpoint0014.pth
specular,1.0,0.0,1.0,0.08089778572320938,0.6092850565910339,0.8418475389480591,right,0.5,0.5,0.5,60,timeout,50,fixed,Fixed camera,checkpoint/2026-05-09-22-32-06/checkpoint0014.pth
specular,0.0,1.0,0.0,1.8079290390014648,0.6698580384254456,0.6456320285797119,far_right,0.5,0.5,0.5,24,collision,51,fixed,Fixed camera,checkpoint/2026-05-09-22-32-06/checkpoint0014.pth
specular,1.0,0.0,1.0,0.09716401249170303,0.59414142370224,0.8568503856658936,right,0.5,0.5,0.5,60,timeout,52,fixed,Fixed camera,checkpoint/2026-05-09-22-32-06/checkpoint0014.pth
specular,1.0,0.0,1.0,0.12444908171892166,0.6185819506645203,0.8448737263679504,right,0.5,0.5,0.5,60,timeout,53,fixed,Fixed camera,checkpoint/2026-05-09-22-32-06/checkpoint0014.pth
specular,1.0,0.0,1.0,0.11743886768817902,0.5944793224334717,0.8470679521560669,left,0.5,0.5,0.5,60,timeout,54,fixed,Fixed camera,checkpoint/2026-05-09-22-32-06/checkpoint0014.pth
specular,1.0,0.0,1.0,0.1727033257484436,0.594986081123352,0.8440104722976685,right,0.5,0.5,0.5,60,timeout,55,fixed,Fixed camera,checkpoint/2026-05-09-22-32-06/checkpoint0014.pth
specular,0.0,1.0,0.0,1.805639624595642,0.6719138026237488,0.6474073529243469,far_left,0.5,0.5,0.5,26,collision,56,fixed,Fixed camera,checkpoint/2026-05-09-22-32-06/checkpoint0014.pth
specular,1.0,0.0,1.0,0.09117040783166885,0.6003450155258179,0.8428940176963806,right,0.5,0.5,0.5,60,timeout,57,fixed,Fixed camera,checkpoint/2026-05-09-22-32-06/checkpoint0014.pth
specular,1.0,0.0,1.0,0.18634791672229767,0.6097538471221924,0.8395785689353943,far_left,0.5,0.5,0.5,60,timeout,58,fixed,Fixed camera,checkpoint/2026-05-09-22-32-06/checkpoint0014.pth
specular,1.0,0.0,1.0,0.11701986938714981,0.5976248979568481,0.8474417328834534,right,0.5,0.5,0.5,60,timeout,59,fixed,Fixed camera,checkpoint/2026-05-09-22-32-06/checkpoint0014.pth
specular,0.0,1.0,0.0,1.8268052339553833,0.6357900500297546,0.6344484686851501,far_left,0.5,0.5,0.5,27,collision,60,fixed,Fixed camera,checkpoint/2026-05-09-22-32-06/checkpoint0014.pth
specular,0.0,1.0,0.0,1.723568081855774,0.6835586428642273,0.6097487807273865,far_right,0.5,0.5,0.5,25,collision,61,fixed,Fixed camera,checkpoint/2026-05-09-22-32-06/checkpoint0014.pth
specular,0.0,1.0,0.0,1.6518694162368774,0.7174054980278015,0.5997474789619446,right,0.5,0.5,0.5,23,collision,62,fixed,Fixed camera,checkpoint/2026-05-09-22-32-06/checkpoint0014.pth
specular,1.0,0.0,1.0,0.21600612998008728,0.6218583583831787,0.8340277671813965,far_left,0.5,0.5,0.5,60,timeout,63,fixed,Fixed camera,checkpoint/2026-05-09-22-32-06/checkpoint0014.pth
specular,0.0,1.0,0.0,1.8223392963409424,0.6429770588874817,0.6382620334625244,far_left,0.5,0.5,0.5,25,collision,64,fixed,Fixed camera,checkpoint/2026-05-09-22-32-06/checkpoint0014.pth
specular,1.0,0.0,1.0,0.231542706489563,0.5976132750511169,0.8349320292472839,far_left,0.5,0.5,0.5,60,timeout,65,fixed,Fixed camera,checkpoint/2026-05-09-22-32-06/checkpoint0014.pth
specular,0.0,1.0,0.0,1.7760822772979736,0.6760155558586121,0.6254220008850098,far_right,0.5,0.5,0.5,25,collision,66,fixed,Fixed camera,checkpoint/2026-05-09-22-32-06/checkpoint0014.pth
specular,1.0,0.0,1.0,0.11464415490627289,0.5959315896034241,0.8437379598617554,left,0.5,0.5,0.5,60,timeout,67,fixed,Fixed camera,checkpoint/2026-05-09-22-32-06/checkpoint0014.pth
specular,0.0,1.0,0.0,1.8114875555038452,0.6494194269180298,0.6559495329856873,far_left,0.5,0.5,0.5,27,collision,68,fixed,Fixed camera,checkpoint/2026-05-09-22-32-06/checkpoint0014.pth
specular,1.0,0.0,1.0,0.15028487145900726,0.6212273240089417,0.8354021906852722,far_right,0.5,0.5,0.5,60,timeout,69,fixed,Fixed camera,checkpoint/2026-05-09-22-32-06/checkpoint0014.pth
specular,1.0,0.0,1.0,0.11777108162641525,0.588622510433197,0.8497107028961182,right,0.5,0.5,0.5,60,timeout,70,fixed,Fixed camera,checkpoint/2026-05-09-22-32-06/checkpoint0014.pth
specular,1.0,0.0,1.0,0.2766043245792389,0.5772347450256348,0.841063916683197,far_right,0.5,0.5,0.5,60,timeout,71,fixed,Fixed camera,checkpoint/2026-05-09-22-32-06/checkpoint0014.pth
specular,1.0,0.0,1.0,0.2211044579744339,0.6069010496139526,0.8500627279281616,far_left,0.5,0.5,0.5,60,timeout,72,fixed,Fixed camera,checkpoint/2026-05-09-22-32-06/checkpoint0014.pth
specular,1.0,0.0,1.0,0.13719911873340607,0.6333057284355164,0.8340253829956055,far_right,0.5,0.5,0.5,60,timeout,73,fixed,Fixed camera,checkpoint/2026-05-09-22-32-06/checkpoint0014.pth
specular,1.0,0.0,1.0,0.2488376796245575,0.5588745474815369,0.8529803156852722,right,0.5,0.5,0.5,60,timeout,74,fixed,Fixed camera,checkpoint/2026-05-09-22-32-06/checkpoint0014.pth
specular,1.0,0.0,1.0,0.058156002312898636,0.5980884432792664,0.8501808643341064,left,0.5,0.5,0.5,60,timeout,75,fixed,Fixed camera,checkpoint/2026-05-09-22-32-06/checkpoint0014.pth
specular,1.0,0.0,1.0,0.08440321683883667,0.6062931418418884,0.8474923372268677,left,0.5,0.5,0.5,60,timeout,76,fixed,Fixed camera,checkpoint/2026-05-09-22-32-06/checkpoint0014.pth
specular,0.0,1.0,0.0,1.7270057201385498,0.6753412485122681,0.6159608960151672,left,0.5,0.5,0.5,24,collision,77,fixed,Fixed camera,checkpoint/2026-05-09-22-32-06/checkpoint0014.pth
specular,0.0,1.0,0.0,1.7897001504898071,0.6689152717590332,0.6627994179725647,far_right,0.5,0.5,0.5,27,collision,78,fixed,Fixed camera,checkpoint/2026-05-09-22-32-06/checkpoint0014.pth
specular,0.0,1.0,0.0,1.56783127784729,0.6972686052322388,0.6241597533226013,far_right,0.5,0.5,0.5,27,collision,79,fixed,Fixed camera,checkpoint/2026-05-09-22-32-06/checkpoint0014.pth
specular,1.0,0.0,1.0,0.10989253222942352,0.6013405919075012,0.8591073751449585,right,0.5,0.5,0.5,60,timeout,80,fixed,Fixed camera,checkpoint/2026-05-09-22-32-06/checkpoint0014.pth
specular,1.0,0.0,1.0,0.03573296591639519,0.601091206073761,0.8516589999198914,right,0.5,0.5,0.5,60,timeout,81,fixed,Fixed camera,checkpoint/2026-05-09-22-32-06/checkpoint0014.pth
specular,1.0,0.0,1.0,0.08257269114255905,0.6372067332267761,0.8472367525100708,far_right,0.5,0.5,0.5,60,timeout,82,fixed,Fixed camera,checkpoint/2026-05-09-22-32-06/checkpoint0014.pth
specular,1.0,0.0,1.0,0.1537569910287857,0.6163138151168823,0.8395182490348816,far_right,0.5,0.5,0.5,60,timeout,83,fixed,Fixed camera,checkpoint/2026-05-09-22-32-06/checkpoint0014.pth
specular,1.0,0.0,1.0,0.20136550068855286,0.5983476042747498,0.8418595790863037,far_left,0.5,0.5,0.5,60,timeout,84,fixed,Fixed camera,checkpoint/2026-05-09-22-32-06/checkpoint0014.pth
specular,1.0,0.0,1.0,0.1389896422624588,0.595111608505249,0.8427107930183411,right,0.5,0.5,0.5,60,timeout,85,fixed,Fixed camera,checkpoint/2026-05-09-22-32-06/checkpoint0014.pth
specular,1.0,0.0,1.0,0.13992999494075775,0.6117352843284607,0.835956871509552,left,0.5,0.5,0.5,60,timeout,86,fixed,Fixed camera,checkpoint/2026-05-09-22-32-06/checkpoint0014.pth
specular,0.0,1.0,0.0,1.5300003290176392,0.707114040851593,0.6731386184692383,far_right,0.5,0.5,0.5,31,collision,87,fixed,Fixed camera,checkpoint/2026-05-09-22-32-06/checkpoint0014.pth
specular,0.0,1.0,0.0,1.7864508628845215,0.6695408225059509,0.6282986402511597,far_right,0.5,0.5,0.5,26,collision,88,fixed,Fixed camera,checkpoint/2026-05-09-22-32-06/checkpoint0014.pth
specular,0.0,1.0,0.0,1.5106236934661865,0.7234393358230591,0.6282523274421692,left,0.5,0.5,0.5,26,collision,89,fixed,Fixed camera,checkpoint/2026-05-09-22-32-06/checkpoint0014.pth
specular,0.0,1.0,0.0,1.8071177005767822,0.6311137080192566,0.6370188593864441,far_left,0.5,0.5,0.5,28,collision,90,fixed,Fixed camera,checkpoint/2026-05-09-22-32-06/checkpoint0014.pth
specular,1.0,0.0,1.0,0.14594204723834991,0.5954993367195129,0.8452257513999939,far_right,0.5,0.5,0.5,60,timeout,91,fixed,Fixed camera,checkpoint/2026-05-09-22-32-06/checkpoint0014.pth
specular,1.0,0.0,1.0,0.1962551325559616,0.6448490023612976,0.8371817469596863,far_right,0.5,0.5,0.5,60,timeout,92,fixed,Fixed camera,checkpoint/2026-05-09-22-32-06/checkpoint0014.pth
specular,1.0,0.0,1.0,0.1068430244922638,0.6087571978569031,0.8471354842185974,left,0.5,0.5,0.5,60,timeout,93,fixed,Fixed camera,checkpoint/2026-05-09-22-32-06/checkpoint0014.pth
specular,1.0,0.0,1.0,0.21498233079910278,0.612491250038147,0.8330777883529663,far_left,0.5,0.5,0.5,60,timeout,94,fixed,Fixed camera,checkpoint/2026-05-09-22-32-06/checkpoint0014.pth
specular,1.0,0.0,1.0,0.14786918461322784,0.6147178411483765,0.8426576852798462,far_right,0.5,0.5,0.5,60,timeout,95,fixed,Fixed camera,checkpoint/2026-05-09-22-32-06/checkpoint0014.pth
specular,1.0,0.0,1.0,0.15641890466213226,0.59293532371521,0.843971848487854,right,0.5,0.5,0.5,60,timeout,96,fixed,Fixed camera,checkpoint/2026-05-09-22-32-06/checkpoint0014.pth
specular,1.0,0.0,1.0,0.14397448301315308,0.601905345916748,0.8480903506278992,left,0.5,0.5,0.5,60,timeout,97,fixed,Fixed camera,checkpoint/2026-05-09-22-32-06/checkpoint0014.pth
specular,1.0,0.0,1.0,0.04970220848917961,0.6022518277168274,0.8558570146560669,left,0.5,0.5,0.5,60,timeout,98,fixed,Fixed camera,checkpoint/2026-05-09-22-32-06/checkpoint0014.pth
specular,1.0,0.0,1.0,0.11544027179479599,0.584375262260437,0.8440563082695007,right,0.5,0.5,0.5,60,timeout,99,fixed,Fixed camera,checkpoint/2026-05-09-22-32-06/checkpoint0014.pth
specular,1.0,0.0,1.0,0.17540602385997772,0.6416006684303284,0.8402464985847473,far_left,0.5,0.5,0.5,60,timeout,100,fixed,Fixed camera,checkpoint/2026-05-09-22-32-06/checkpoint0014.pth
specular,1.0,0.0,1.0,0.21944434940814972,0.5491108298301697,0.8502171039581299,right,0.5,0.5,0.5,60,timeout,101,fixed,Fixed camera,checkpoint/2026-05-09-22-32-06/checkpoint0014.pth
specular,1.0,0.0,1.0,0.22234773635864258,0.5746785998344421,0.8335937857627869,left,0.5,0.5,0.5,60,timeout,102,fixed,Fixed camera,checkpoint/2026-05-09-22-32-06/checkpoint0014.pth
specular,1.0,0.0,1.0,0.06494183838367462,0.605478823184967,0.8464457392692566,right,0.5,0.5,0.5,60,timeout,103,fixed,Fixed camera,checkpoint/2026-05-09-22-32-06/checkpoint0014.pth
specular,1.0,0.0,1.0,0.13294154405593872,0.5833504796028137,0.8472897410392761,right,0.5,0.5,0.5,60,timeout,104,fixed,Fixed camera,checkpoint/2026-05-09-22-32-06/checkpoint0014.pth
specular,1.0,0.0,1.0,0.13512368500232697,0.6071569323539734,0.8325183391571045,far_right,0.5,0.5,0.5,60,timeout,105,fixed,Fixed camera,checkpoint/2026-05-09-22-32-06/checkpoint0014.pth
specular,0.0,1.0,0.0,1.8293707370758057,0.6342249512672424,0.631793737411499,far_left,0.5,0.5,0.5,25,collision,106,fixed,Fixed camera,checkpoint/2026-05-09-22-32-06/checkpoint0014.pth
specular,1.0,0.0,1.0,0.15438315272331238,0.5873515605926514,0.8522304892539978,right,0.5,0.5,0.5,60,timeout,107,fixed,Fixed camera,checkpoint/2026-05-09-22-32-06/checkpoint0014.pth
specular,0.0,1.0,0.0,1.6682020425796509,0.69307541847229,0.6066576838493347,left,0.5,0.5,0.5,24,collision,108,fixed,Fixed camera,checkpoint/2026-05-09-22-32-06/checkpoint0014.pth
specular,0.0,1.0,0.0,1.7470756769180298,0.6635828614234924,0.6135903596878052,left,0.5,0.5,0.5,23,collision,109,fixed,Fixed camera,checkpoint/2026-05-09-22-32-06/checkpoint0014.pth
specular,1.0,0.0,1.0,0.11180276423692703,0.6144906878471375,0.8410977125167847,right,0.5,0.5,0.5,60,timeout,110,fixed,Fixed camera,checkpoint/2026-05-09-22-32-06/checkpoint0014.pth
specular,1.0,0.0,1.0,0.04885779321193695,0.5973872542381287,0.847653865814209,right,0.5,0.5,0.5,60,timeout,111,fixed,Fixed camera,checkpoint/2026-05-09-22-32-06/checkpoint0014.pth
specular,0.0,1.0,0.0,1.8091001510620117,0.6812386512756348,0.6388707756996155,far_left,0.5,0.5,0.5,25,collision,112,fixed,Fixed camera,checkpoint/2026-05-09-22-32-06/checkpoint0014.pth
specular,0.0,1.0,0.0,1.803019404411316,0.6525999903678894,0.6442586183547974,far_right,0.5,0.5,0.5,27,collision,113,fixed,Fixed camera,checkpoint/2026-05-09-22-32-06/checkpoint0014.pth
specular,0.0,1.0,0.0,1.6938974857330322,0.7086611390113831,0.6598204374313354,far_left,0.5,0.5,0.5,29,collision,114,fixed,Fixed camera,checkpoint/2026-05-09-22-32-06/checkpoint0014.pth
specular,1.0,0.0,1.0,0.050443634390830994,0.6098710894584656,0.8464024066925049,left,0.5,0.5,0.5,60,timeout,115,fixed,Fixed camera,checkpoint/2026-05-09-22-32-06/checkpoint0014.pth
specular,0.0,1.0,0.0,1.650468111038208,0.6818501949310303,0.6118981242179871,far_right,0.5,0.5,0.5,26,collision,116,fixed,Fixed camera,checkpoint/2026-05-09-22-32-06/checkpoint0014.pth
specular,0.0,1.0,0.0,1.8547532558441162,0.635810136795044,0.672278881072998,far_right,0.5,0.5,0.5,25,collision,117,fixed,Fixed camera,checkpoint/2026-05-09-22-32-06/checkpoint0014.pth
specular,1.0,0.0,1.0,0.1345270574092865,0.6081504225730896,0.836600661277771,right,0.5,0.5,0.5,60,timeout,118,fixed,Fixed camera,checkpoint/2026-05-09-22-32-06/checkpoint0014.pth
specular,0.0,1.0,0.0,1.6814215183258057,0.6427105069160461,0.6038541793823242,right,0.5,0.5,0.5,26,collision,119,fixed,Fixed camera,checkpoint/2026-05-09-22-32-06/checkpoint0014.pth
specular,1.0,0.0,1.0,0.09781629592180252,0.5997776985168457,0.8420910835266113,left,0.5,0.5,0.5,60,timeout,120,fixed,Fixed camera,checkpoint/2026-05-09-22-32-06/checkpoint0014.pth
specular,0.0,1.0,0.0,1.7817014455795288,0.6721389889717102,0.6306423544883728,far_right,0.5,0.5,0.5,24,collision,121,fixed,Fixed camera,checkpoint/2026-05-09-22-32-06/checkpoint0014.pth
specular,1.0,0.0,1.0,0.21234017610549927,0.5882540941238403,0.8425540328025818,far_right,0.5,0.5,0.5,60,timeout,122,fixed,Fixed camera,checkpoint/2026-05-09-22-32-06/checkpoint0014.pth
specular,1.0,0.0,1.0,0.11005684733390808,0.6052555441856384,0.8500989079475403,left,0.5,0.5,0.5,60,timeout,123,fixed,Fixed camera,checkpoint/2026-05-09-22-32-06/checkpoint0014.pth
specular,0.0,1.0,0.0,1.7604990005493164,0.692285418510437,0.6109966039657593,far_left,0.5,0.5,0.5,25,collision,124,fixed,Fixed camera,checkpoint/2026-05-09-22-32-06/checkpoint0014.pth
specular,1.0,0.0,1.0,0.0787656381726265,0.599345862865448,0.8416836261749268,left,0.5,0.5,0.5,60,timeout,125,fixed,Fixed camera,checkpoint/2026-05-09-22-32-06/checkpoint0014.pth
specular,1.0,0.0,1.0,0.0722481831908226,0.6222230195999146,0.8349393010139465,left,0.5,0.5,0.5,60,timeout,126,fixed,Fixed camera,checkpoint/2026-05-09-22-32-06/checkpoint0014.pth
specular,1.0,0.0,1.0,0.19727475941181183,0.5644633769989014,0.8399474620819092,left,0.5,0.5,0.5,60,timeout,127,fixed,Fixed camera,checkpoint/2026-05-09-22-32-06/checkpoint0014.pth
specular,1.0,0.0,1.0,0.140171080827713,0.5975521206855774,0.8432726263999939,left,0.5,0.5,0.5,60,timeout,128,fixed,Fixed camera,checkpoint/2026-05-09-22-32-06/checkpoint0014.pth
specular,0.0,1.0,0.0,1.6856573820114136,0.6749080419540405,0.6138238310813904,left,0.5,0.5,0.5,25,collision,129,fixed,Fixed camera,checkpoint/2026-05-09-22-32-06/checkpoint0014.pth
specular,1.0,0.0,1.0,0.10588235408067703,0.6270790696144104,0.8407769799232483,far_left,0.5,0.5,0.5,60,timeout,130,fixed,Fixed camera,checkpoint/2026-05-09-22-32-06/checkpoint0014.pth
specular,1.0,0.0,1.0,0.06681213527917862,0.5981570482254028,0.8422743678092957,left,0.5,0.5,0.5,60,timeout,131,fixed,Fixed camera,checkpoint/2026-05-09-22-32-06/checkpoint0014.pth
specular,1.0,0.0,1.0,0.035456862300634384,0.607357919216156,0.8450303673744202,left,0.5,0.5,0.5,60,timeout,132,fixed,Fixed camera,checkpoint/2026-05-09-22-32-06/checkpoint0014.pth
specular,1.0,0.0,1.0,0.14640814065933228,0.6254391074180603,0.8419271111488342,far_left,0.5,0.5,0.5,60,timeout,133,fixed,Fixed camera,checkpoint/2026-05-09-22-32-06/checkpoint0014.pth
specular,1.0,0.0,1.0,0.15419211983680725,0.5877205729484558,0.8465254306793213,left,0.5,0.5,0.5,60,timeout,134,fixed,Fixed camera,checkpoint/2026-05-09-22-32-06/checkpoint0014.pth
specular,1.0,0.0,1.0,0.07850377261638641,0.6070007085800171,0.8363281488418579,far_right,0.5,0.5,0.5,60,timeout,135,fixed,Fixed camera,checkpoint/2026-05-09-22-32-06/checkpoint0014.pth
specular,1.0,0.0,1.0,0.08117543160915375,0.6219393610954285,0.846901535987854,far_right,0.5,0.5,0.5,60,timeout,136,fixed,Fixed camera,checkpoint/2026-05-09-22-32-06/checkpoint0014.pth
specular,1.0,0.0,1.0,0.21834641695022583,0.595866322517395,0.8430266380310059,right,0.5,0.5,0.5,60,timeout,137,fixed,Fixed camera,checkpoint/2026-05-09-22-32-06/checkpoint0014.pth
specular,1.0,0.0,1.0,0.12274336814880371,0.5826855301856995,0.8431062698364258,left,0.5,0.5,0.5,60,timeout,138,fixed,Fixed camera,checkpoint/2026-05-09-22-32-06/checkpoint0014.pth
specular,1.0,0.0,1.0,0.08943910896778107,0.603759229183197,0.8391854763031006,right,0.5,0.5,0.5,60,timeout,139,fixed,Fixed camera,checkpoint/2026-05-09-22-32-06/checkpoint0014.pth
specular,0.0,1.0,0.0,1.748857021331787,0.7001503705978394,0.6205590963363647,far_right,0.5,0.5,0.5,24,collision,140,fixed,Fixed camera,checkpoint/2026-05-09-22-32-06/checkpoint0014.pth
specular,0.0,1.0,0.0,1.7342987060546875,0.679714024066925,0.6076703667640686,left,0.5,0.5,0.5,24,collision,141,fixed,Fixed camera,checkpoint/2026-05-09-22-32-06/checkpoint0014.pth
specular,1.0,0.0,1.0,0.1387452334165573,0.5909584164619446,0.8452135920524597,left,0.5,0.5,0.5,60,timeout,142,fixed,Fixed camera,checkpoint/2026-05-09-22-32-06/checkpoint0014.pth
specular,0.0,1.0,0.0,1.8093622922897339,0.6858107447624207,0.64283287525177,far_left,0.5,0.5,0.5,24,collision,143,fixed,Fixed camera,checkpoint/2026-05-09-22-32-06/checkpoint0014.pth
specular,1.0,0.0,1.0,0.21386919915676117,0.6056044697761536,0.8390914797782898,far_right,0.5,0.5,0.5,60,timeout,144,fixed,Fixed camera,checkpoint/2026-05-09-22-32-06/checkpoint0014.pth
specular,0.0,1.0,0.0,1.7149091958999634,0.6961127519607544,0.6142122745513916,right,0.5,0.5,0.5,24,collision,145,fixed,Fixed camera,checkpoint/2026-05-09-22-32-06/checkpoint0014.pth
specular,1.0,0.0,1.0,0.0719517320394516,0.6401981115341187,0.836933434009552,far_right,0.5,0.5,0.5,60,timeout,146,fixed,Fixed camera,checkpoint/2026-05-09-22-32-06/checkpoint0014.pth
specular,1.0,0.0,1.0,0.14945349097251892,0.631231963634491,0.8424673080444336,far_left,0.5,0.5,0.5,60,timeout,147,fixed,Fixed camera,checkpoint/2026-05-09-22-32-06/checkpoint0014.pth
specular,0.0,1.0,0.0,1.806240200996399,0.6530871391296387,0.6478530168533325,far_right,0.5,0.5,0.5,26,collision,148,fixed,Fixed camera,checkpoint/2026-05-09-22-32-06/checkpoint0014.pth
specular,1.0,0.0,1.0,0.13254931569099426,0.6009501218795776,0.8456356525421143,far_left,0.5,0.5,0.5,60,timeout,149,fixed,Fixed camera,checkpoint/2026-05-09-22-32-06/checkpoint0014.pth
specular,0.0,1.0,0.0,1.8300107717514038,0.6650494933128357,0.66104656457901,far_left,0.5,0.5,0.5,27,collision,150,fixed,Fixed camera,checkpoint/2026-05-09-22-32-06/checkpoint0014.pth
specular,1.0,0.0,1.0,0.18659153580665588,0.5834620594978333,0.843998372554779,right,0.5,0.5,0.5,60,timeout,151,fixed,Fixed camera,checkpoint/2026-05-09-22-32-06/checkpoint0014.pth
specular,1.0,0.0,1.0,0.12311757355928421,0.6085390448570251,0.836933434009552,far_right,0.5,0.5,0.5,60,timeout,152,fixed,Fixed camera,checkpoint/2026-05-09-22-32-06/checkpoint0014.pth
specular,1.0,0.0,1.0,0.24177297949790955,0.5919851064682007,0.8385103940963745,far_right,0.5,0.5,0.5,60,timeout,153,fixed,Fixed camera,checkpoint/2026-05-09-22-32-06/checkpoint0014.pth
specular,1.0,0.0,1.0,0.12215593457221985,0.6118641495704651,0.8355445265769958,far_left,0.5,0.5,0.5,60,timeout,154,fixed,Fixed camera,checkpoint/2026-05-09-22-32-06/checkpoint0014.pth
specular,1.0,0.0,1.0,0.15299785137176514,0.6559554934501648,0.8378785848617554,far_left,0.5,0.5,0.5,60,timeout,155,fixed,Fixed camera,checkpoint/2026-05-09-22-32-06/checkpoint0014.pth
specular,0.0,1.0,0.0,1.7882308959960938,0.6973726749420166,0.634343683719635,far_right,0.5,0.5,0.5,25,collision,156,fixed,Fixed camera,checkpoint/2026-05-09-22-32-06/checkpoint0014.pth
specular,0.0,1.0,0.0,1.7575913667678833,0.665000855922699,0.6119477152824402,far_left,0.5,0.5,0.5,24,collision,157,fixed,Fixed camera,checkpoint/2026-05-09-22-32-06/checkpoint0014.pth
specular,1.0,0.0,1.0,0.06770571321249008,0.5972076654434204,0.8392651081085205,far_left,0.5,0.5,0.5,60,timeout,158,fixed,Fixed camera,checkpoint/2026-05-09-22-32-06/checkpoint0014.pth
specular,0.0,1.0,0.0,1.8194276094436646,0.6658050417900085,0.6440566778182983,far_left,0.5,0.5,0.5,26,collision,159,fixed,Fixed camera,checkpoint/2026-05-09-22-32-06/checkpoint0014.pth
specular,0.0,1.0,0.0,1.8260531425476074,0.6559797525405884,0.6348032355308533,far_left,0.5,0.5,0.5,26,collision,160,fixed,Fixed camera,checkpoint/2026-05-09-22-32-06/checkpoint0014.pth
specular,1.0,0.0,1.0,0.1929006576538086,0.588407576084137,0.8430652618408203,far_right,0.5,0.5,0.5,60,timeout,161,fixed,Fixed camera,checkpoint/2026-05-09-22-32-06/checkpoint0014.pth
specular,0.0,1.0,0.0,1.7784312963485718,0.6542871594429016,0.6165786981582642,far_left,0.5,0.5,0.5,25,collision,162,fixed,Fixed camera,checkpoint/2026-05-09-22-32-06/checkpoint0014.pth
specular,1.0,0.0,1.0,0.16164623200893402,0.6095359921455383,0.8385874629020691,far_left,0.5,0.5,0.5,60,timeout,163,fixed,Fixed camera,checkpoint/2026-05-09-22-32-06/checkpoint0014.pth
specular,0.0,1.0,0.0,1.6841070652008057,0.6742593050003052,0.6093435883522034,right,0.5,0.5,0.5,24,collision,164,fixed,Fixed camera,checkpoint/2026-05-09-22-32-06/checkpoint0014.pth
specular,1.0,0.0,1.0,0.14106762409210205,0.6075924038887024,0.8379654288291931,far_left,0.5,0.5,0.5,60,timeout,165,fixed,Fixed camera,checkpoint/2026-05-09-22-32-06/checkpoint0014.pth
specular,1.0,0.0,1.0,0.0900038480758667,0.5733137726783752,0.8488715291023254,left,0.5,0.5,0.5,60,timeout,166,fixed,Fixed camera,checkpoint/2026-05-09-22-32-06/checkpoint0014.pth
specular,1.0,0.0,1.0,0.10685013234615326,0.61931312084198,0.8406323194503784,right,0.5,0.5,0.5,60,timeout,167,fixed,Fixed camera,checkpoint/2026-05-09-22-32-06/checkpoint0014.pth
specular,1.0,0.0,1.0,0.14187927544116974,0.6214455962181091,0.8374035954475403,far_right,0.5,0.5,0.5,60,timeout,168,fixed,Fixed camera,checkpoint/2026-05-09-22-32-06/checkpoint0014.pth
specular,1.0,0.0,1.0,0.15039409697055817,0.5932908058166504,0.840931236743927,left,0.5,0.5,0.5,60,timeout,169,fixed,Fixed camera,checkpoint/2026-05-09-22-32-06/checkpoint0014.pth
specular,0.0,1.0,0.0,1.5655382871627808,0.7085379958152771,0.6436786651611328,far_left,0.5,0.5,0.5,29,collision,170,fixed,Fixed camera,checkpoint/2026-05-09-22-32-06/checkpoint0014.pth
specular,0.0,1.0,0.0,1.6929430961608887,0.7032067179679871,0.6107099652290344,far_right,0.5,0.5,0.5,23,collision,171,fixed,Fixed camera,checkpoint/2026-05-09-22-32-06/checkpoint0014.pth
specular,1.0,0.0,1.0,0.10345809161663055,0.6491944193840027,0.833473265171051,far_right,0.5,0.5,0.5,60,timeout,172,fixed,Fixed camera,checkpoint/2026-05-09-22-32-06/checkpoint0014.pth
specular,1.0,0.0,1.0,0.19643667340278625,0.6090996861457825,0.8359423875808716,left,0.5,0.5,0.5,60,timeout,173,fixed,Fixed camera,checkpoint/2026-05-09-22-32-06/checkpoint0014.pth
specular,1.0,0.0,1.0,0.1852259635925293,0.6176194548606873,0.8408902883529663,far_left,0.5,0.5,0.5,60,timeout,174,fixed,Fixed camera,checkpoint/2026-05-09-22-32-06/checkpoint0014.pth
specular,0.0,1.0,0.0,1.769740343093872,0.6939300298690796,0.6258159279823303,far_right,0.5,0.5,0.5,26,collision,175,fixed,Fixed camera,checkpoint/2026-05-09-22-32-06/checkpoint0014.pth
specular,0.0,1.0,0.0,1.7764019966125488,0.6730058193206787,0.6404513120651245,far_left,0.5,0.5,0.5,26,collision,176,fixed,Fixed camera,checkpoint/2026-05-09-22-32-06/checkpoint0014.pth
specular,1.0,0.0,1.0,0.04700843244791031,0.6186766624450684,0.8360869884490967,left,0.5,0.5,0.5,60,timeout,177,fixed,Fixed camera,checkpoint/2026-05-09-22-32-06/checkpoint0014.pth
specular,0.0,1.0,0.0,1.697492003440857,0.6558381915092468,0.617059588432312,far_right,0.5,0.5,0.5,27,collision,178,fixed,Fixed camera,checkpoint/2026-05-09-22-32-06/checkpoint0014.pth
specular,1.0,0.0,1.0,0.08989566564559937,0.6084519028663635,0.8443215489387512,right,0.5,0.5,0.5,60,timeout,179,fixed,Fixed camera,checkpoint/2026-05-09-22-32-06/checkpoint0014.pth
specular,1.0,0.0,1.0,0.12622900307178497,0.593946099281311,0.845167875289917,left,0.5,0.5,0.5,60,timeout,180,fixed,Fixed camera,checkpoint/2026-05-09-22-32-06/checkpoint0014.pth
specular,1.0,0.0,1.0,0.230692058801651,0.6202003955841064,0.8394749164581299,far_right,0.5,0.5,0.5,60,timeout,181,fixed,Fixed camera,checkpoint/2026-05-09-22-32-06/checkpoint0014.pth
specular,0.0,1.0,0.0,1.7812001705169678,0.6746101379394531,0.6285648345947266,far_right,0.5,0.5,0.5,26,collision,182,fixed,Fixed camera,checkpoint/2026-05-09-22-32-06/checkpoint0014.pth
specular,1.0,0.0,1.0,0.11700436472892761,0.607822597026825,0.8459635972976685,left,0.5,0.5,0.5,60,timeout,183,fixed,Fixed camera,checkpoint/2026-05-09-22-32-06/checkpoint0014.pth
specular,0.0,1.0,0.0,1.696712613105774,0.6900362968444824,0.6085950136184692,left,0.5,0.5,0.5,24,collision,184,fixed,Fixed camera,checkpoint/2026-05-09-22-32-06/checkpoint0014.pth
specular,1.0,0.0,1.0,0.16074462234973907,0.5740190148353577,0.843723475933075,right,0.5,0.5,0.5,60,timeout,185,fixed,Fixed camera,checkpoint/2026-05-09-22-32-06/checkpoint0014.pth
specular,1.0,0.0,1.0,0.12817539274692535,0.6210024952888489,0.839752197265625,far_left,0.5,0.5,0.5,60,timeout,186,fixed,Fixed camera,checkpoint/2026-05-09-22-32-06/checkpoint0014.pth
specular,1.0,0.0,1.0,0.05179455503821373,0.6199480891227722,0.8475863337516785,far_left,0.5,0.5,0.5,60,timeout,187,fixed,Fixed camera,checkpoint/2026-05-09-22-32-06/checkpoint0014.pth
specular,1.0,0.0,1.0,0.22330644726753235,0.6297308802604675,0.8429133296012878,far_left,0.5,0.5,0.5,60,timeout,188,fixed,Fixed camera,checkpoint/2026-05-09-22-32-06/checkpoint0014.pth
specular,1.0,0.0,1.0,0.08768142759799957,0.6058316230773926,0.8437114357948303,left,0.5,0.5,0.5,60,timeout,189,fixed,Fixed camera,checkpoint/2026-05-09-22-32-06/checkpoint0014.pth
specular,0.0,1.0,0.0,1.6353033781051636,0.7005770802497864,0.6074163317680359,far_left,0.5,0.5,0.5,27,collision,190,fixed,Fixed camera,checkpoint/2026-05-09-22-32-06/checkpoint0014.pth
specular,1.0,0.0,1.0,0.15206541121006012,0.6072795391082764,0.8474392294883728,far_right,0.5,0.5,0.5,60,timeout,191,fixed,Fixed camera,checkpoint/2026-05-09-22-32-06/checkpoint0014.pth
specular,1.0,0.0,1.0,0.14075061678886414,0.5919016599655151,0.834760844707489,right,0.5,0.5,0.5,60,timeout,192,fixed,Fixed camera,checkpoint/2026-05-09-22-32-06/checkpoint0014.pth
specular,1.0,0.0,1.0,0.13751819729804993,0.585279107093811,0.8494961261749268,right,0.5,0.5,0.5,60,timeout,193,fixed,Fixed camera,checkpoint/2026-05-09-22-32-06/checkpoint0014.pth
specular,1.0,0.0,1.0,0.11576484888792038,0.6095401048660278,0.8415654301643372,right,0.5,0.5,0.5,60,timeout,194,fixed,Fixed camera,checkpoint/2026-05-09-22-32-06/checkpoint0014.pth
specular,1.0,0.0,1.0,0.1698860079050064,0.5791715979576111,0.8467423915863037,right,0.5,0.5,0.5,60,timeout,195,fixed,Fixed camera,checkpoint/2026-05-09-22-32-06/checkpoint0014.pth
specular,1.0,0.0,1.0,0.10187054425477982,0.5972374081611633,0.8426119089126587,left,0.5,0.5,0.5,60,timeout,196,fixed,Fixed camera,checkpoint/2026-05-09-22-32-06/checkpoint0014.pth
specular,0.0,1.0,0.0,1.8266066312789917,0.6537438631057739,0.660006046295166,far_left,0.5,0.5,0.5,27,collision,197,fixed,Fixed camera,checkpoint/2026-05-09-22-32-06/checkpoint0014.pth
specular,1.0,0.0,1.0,0.0714571624994278,0.6038557887077332,0.8451871871948242,right,0.5,0.5,0.5,60,timeout,198,fixed,Fixed camera,checkpoint/2026-05-09-22-32-06/checkpoint0014.pth
specular,0.0,1.0,0.0,1.8284025192260742,0.648410439491272,0.66529780626297,far_left,0.5,0.5,0.5,27,collision,199,fixed,Fixed camera,checkpoint/2026-05-09-22-32-06/checkpoint0014.pth
specular,0.0,1.0,0.0,1.7926243543624878,0.663909912109375,0.6260730624198914,far_left,0.5,0.5,0.5,25,collision,200,fixed,Fixed camera,checkpoint/2026-05-09-22-32-06/checkpoint0014.pth
specular,0.0,1.0,0.0,1.551419734954834,0.6881556510925293,0.6091955900192261,left,0.5,0.5,0.5,26,collision,201,fixed,Fixed camera,checkpoint/2026-05-09-22-32-06/checkpoint0014.pth
specular,0.0,1.0,0.0,1.7296879291534424,0.6593064069747925,0.6079584360122681,far_left,0.5,0.5,0.5,25,collision,202,fixed,Fixed camera,checkpoint/2026-05-09-22-32-06/checkpoint0014.pth
specular,0.0,1.0,0.0,1.755528211593628,0.6651022434234619,0.6318634152412415,far_left,0.5,0.5,0.5,26,collision,203,fixed,Fixed camera,checkpoint/2026-05-09-22-32-06/checkpoint0014.pth
specular,1.0,0.0,1.0,0.0839943140745163,0.5957847833633423,0.8478564620018005,left,0.5,0.5,0.5,60,timeout,204,fixed,Fixed camera,checkpoint/2026-05-09-22-32-06/checkpoint0014.pth
specular,1.0,0.0,1.0,0.12702639400959015,0.5848378539085388,0.8460696935653687,left,0.5,0.5,0.5,60,timeout,205,fixed,Fixed camera,checkpoint/2026-05-09-22-32-06/checkpoint0014.pth
specular,1.0,0.0,1.0,0.08804818242788315,0.5995389819145203,0.842768669128418,left,0.5,0.5,0.5,60,timeout,206,fixed,Fixed camera,checkpoint/2026-05-09-22-32-06/checkpoint0014.pth
specular,1.0,0.0,1.0,0.15456555783748627,0.5716100335121155,0.8365740776062012,left,0.5,0.5,0.5,60,timeout,207,fixed,Fixed camera,checkpoint/2026-05-09-22-32-06/checkpoint0014.pth
specular,1.0,0.0,1.0,0.1848391592502594,0.5917966365814209,0.8430748581886292,left,0.5,0.5,0.5,60,timeout,208,fixed,Fixed camera,checkpoint/2026-05-09-22-32-06/checkpoint0014.pth
specular,1.0,0.0,1.0,0.1350969672203064,0.604143500328064,0.84583580493927,left,0.5,0.5,0.5,60,timeout,209,fixed,Fixed camera,checkpoint/2026-05-09-22-32-06/checkpoint0014.pth
specular,0.0,1.0,0.0,1.5317740440368652,0.7311465740203857,0.6190803647041321,right,0.5,0.5,0.5,25,collision,210,fixed,Fixed camera,checkpoint/2026-05-09-22-32-06/checkpoint0014.pth
specular,1.0,0.0,1.0,0.20983387529850006,0.611930251121521,0.8429567217826843,far_right,0.5,0.5,0.5,60,timeout,211,fixed,Fixed camera,checkpoint/2026-05-09-22-32-06/checkpoint0014.pth
specular,1.0,0.0,1.0,0.2200358510017395,0.5907885432243347,0.8416666984558105,right,0.5,0.5,0.5,60,timeout,212,fixed,Fixed camera,checkpoint/2026-05-09-22-32-06/checkpoint0014.pth
specular,0.0,1.0,0.0,1.7848821878433228,0.6429620981216431,0.6330462694168091,far_left,0.5,0.5,0.5,27,collision,213,fixed,Fixed camera,checkpoint/2026-05-09-22-32-06/checkpoint0014.pth
specular,0.0,1.0,0.0,1.7699235677719116,0.6557764410972595,0.6129164695739746,far_left,0.5,0.5,0.5,24,collision,214,fixed,Fixed camera,checkpoint/2026-05-09-22-32-06/checkpoint0014.pth
specular,0.0,1.0,0.0,1.8019092082977295,0.6521374583244324,0.6545751690864563,far_right,0.5,0.5,0.5,27,collision,215,fixed,Fixed camera,checkpoint/2026-05-09-22-32-06/checkpoint0014.pth
specular,0.0,1.0,0.0,1.7990822792053223,0.6226304769515991,0.6183208227157593,far_right,0.5,0.5,0.5,25,collision,216,fixed,Fixed camera,checkpoint/2026-05-09-22-32-06/checkpoint0014.pth
specular,0.0,1.0,0.0,1.8289755582809448,0.6593388319015503,0.646909773349762,far_left,0.5,0.5,0.5,26,collision,217,fixed,Fixed camera,checkpoint/2026-05-09-22-32-06/checkpoint0014.pth
specular,0.0,1.0,0.0,1.7417770624160767,0.6758973002433777,0.6262478828430176,far_left,0.5,0.5,0.5,25,collision,218,fixed,Fixed camera,checkpoint/2026-05-09-22-32-06/checkpoint0014.pth
specular,1.0,0.0,1.0,0.12453765422105789,0.5828829407691956,0.8598356246948242,right,0.5,0.5,0.5,60,timeout,219,fixed,Fixed camera,checkpoint/2026-05-09-22-32-06/checkpoint0014.pth
specular,1.0,0.0,1.0,0.13608168065547943,0.6151943802833557,0.8477937579154968,far_left,0.5,0.5,0.5,60,timeout,220,fixed,Fixed camera,checkpoint/2026-05-09-22-32-06/checkpoint0014.pth
specular,1.0,0.0,1.0,0.08871479332447052,0.5887026786804199,0.8476442098617554,right,0.5,0.5,0.5,60,timeout,221,fixed,Fixed camera,checkpoint/2026-05-09-22-32-06/checkpoint0014.pth
specular,0.0,1.0,0.0,1.7901380062103271,0.663917064666748,0.6259812712669373,far_left,0.5,0.5,0.5,24,collision,222,fixed,Fixed camera,checkpoint/2026-05-09-22-32-06/checkpoint0014.pth
specular,1.0,0.0,1.0,0.1251687854528427,0.5698741674423218,0.8423322439193726,right,0.5,0.5,0.5,60,timeout,223,fixed,Fixed camera,checkpoint/2026-05-09-22-32-06/checkpoint0014.pth
specular,1.0,0.0,1.0,0.148840069770813,0.5887681841850281,0.843885064125061,left,0.5,0.5,0.5,60,timeout,224,fixed,Fixed camera,checkpoint/2026-05-09-22-32-06/checkpoint0014.pth
specular,1.0,0.0,1.0,0.10639351606369019,0.6073267459869385,0.8416547179222107,far_left,0.5,0.5,0.5,60,timeout,225,fixed,Fixed camera,checkpoint/2026-05-09-22-32-06/checkpoint0014.pth
specular,1.0,0.0,1.0,0.13633482158184052,0.5879397988319397,0.8388190269470215,left,0.5,0.5,0.5,60,timeout,226,fixed,Fixed camera,checkpoint/2026-05-09-22-32-06/checkpoint0014.pth
specular,0.0,1.0,0.0,1.782975196838379,0.6536731123924255,0.6215036511421204,far_left,0.5,0.5,0.5,25,collision,227,fixed,Fixed camera,checkpoint/2026-05-09-22-32-06/checkpoint0014.pth
specular,1.0,0.0,1.0,0.1501510590314865,0.6531726717948914,0.8428482413291931,far_right,0.5,0.5,0.5,60,timeout,228,fixed,Fixed camera,checkpoint/2026-05-09-22-32-06/checkpoint0014.pth
specular,1.0,0.0,1.0,0.17867717146873474,0.6297567486763,0.8344907760620117,far_left,0.5,0.5,0.5,60,timeout,229,fixed,Fixed camera,checkpoint/2026-05-09-22-32-06/checkpoint0014.pth
specular,1.0,0.0,1.0,0.20548474788665771,0.5767754912376404,0.8527898788452148,left,0.5,0.5,0.5,60,timeout,230,fixed,Fixed camera,checkpoint/2026-05-09-22-32-06/checkpoint0014.pth
specular,0.0,1.0,0.0,1.8425240516662598,0.6673296093940735,0.6470948457717896,far_right,0.5,0.5,0.5,26,collision,231,fixed,Fixed camera,checkpoint/2026-05-09-22-32-06/checkpoint0014.pth
specular,1.0,0.0,1.0,0.07074196636676788,0.603562593460083,0.8477816581726074,left,0.5,0.5,0.5,60,timeout,232,fixed,Fixed camera,checkpoint/2026-05-09-22-32-06/checkpoint0014.pth
specular,1.0,0.0,1.0,0.122278593480587,0.5860866904258728,0.8496866226196289,left,0.5,0.5,0.5,60,timeout,233,fixed,Fixed camera,checkpoint/2026-05-09-22-32-06/checkpoint0014.pth
specular,0.0,1.0,0.0,1.8142207860946655,0.6689936518669128,0.6422165036201477,far_left,0.5,0.5,0.5,26,collision,234,fixed,Fixed camera,checkpoint/2026-05-09-22-32-06/checkpoint0014.pth
specular,0.0,1.0,0.0,1.6614898443222046,0.6907557249069214,0.6079825162887573,far_left,0.5,0.5,0.5,25,collision,235,fixed,Fixed camera,checkpoint/2026-05-09-22-32-06/checkpoint0014.pth
specular,0.0,1.0,0.0,1.6870614290237427,0.6434083580970764,0.6058275699615479,left,0.5,0.5,0.5,26,collision,236,fixed,Fixed camera,checkpoint/2026-05-09-22-32-06/checkpoint0014.pth
specular,0.0,1.0,0.0,1.6534111499786377,0.6851485371589661,0.6090396046638489,right,0.5,0.5,0.5,23,collision,237,fixed,Fixed camera,checkpoint/2026-05-09-22-32-06/checkpoint0014.pth
specular,1.0,0.0,1.0,0.04496462643146515,0.5909053683280945,0.8472294807434082,right,0.5,0.5,0.5,60,timeout,238,fixed,Fixed camera,checkpoint/2026-05-09-22-32-06/checkpoint0014.pth
specular,0.0,1.0,0.0,1.8255594968795776,0.6279882192611694,0.6399919986724854,far_left,0.5,0.5,0.5,25,collision,239,fixed,Fixed camera,checkpoint/2026-05-09-22-32-06/checkpoint0014.pth
specular,1.0,0.0,1.0,0.09874237328767776,0.6181609034538269,0.8420814871788025,left,0.5,0.5,0.5,60,timeout,240,fixed,Fixed camera,checkpoint/2026-05-09-22-32-06/checkpoint0014.pth
specular,0.0,1.0,0.0,1.8567434549331665,0.6586732864379883,0.6604275703430176,far_right,0.5,0.5,0.5,25,collision,241,fixed,Fixed camera,checkpoint/2026-05-09-22-32-06/checkpoint0014.pth
specular,1.0,0.0,1.0,0.14208079874515533,0.5840046405792236,0.8413171172142029,right,0.5,0.5,0.5,60,timeout,242,fixed,Fixed camera,checkpoint/2026-05-09-22-32-06/checkpoint0014.pth
specular,1.0,0.0,1.0,0.12516850233078003,0.6145623922348022,0.8463108539581299,right,0.5,0.5,0.5,60,timeout,243,fixed,Fixed camera,checkpoint/2026-05-09-22-32-06/checkpoint0014.pth
specular,1.0,0.0,1.0,0.09007919579744339,0.6001499891281128,0.83744215965271,right,0.5,0.5,0.5,60,timeout,244,fixed,Fixed camera,checkpoint/2026-05-09-22-32-06/checkpoint0014.pth
specular,1.0,0.0,1.0,0.17137743532657623,0.6454178094863892,0.8403381109237671,far_right,0.5,0.5,0.5,60,timeout,245,fixed,Fixed camera,checkpoint/2026-05-09-22-32-06/checkpoint0014.pth
specular,1.0,0.0,1.0,0.09734880924224854,0.6137648820877075,0.8490740656852722,left,0.5,0.5,0.5,60,timeout,246,fixed,Fixed camera,checkpoint/2026-05-09-22-32-06/checkpoint0014.pth
specular,0.0,1.0,0.0,1.8375362157821655,0.6361861228942871,0.6541013121604919,far_right,0.5,0.5,0.5,28,collision,247,fixed,Fixed camera,checkpoint/2026-05-09-22-32-06/checkpoint0014.pth
specular,1.0,0.0,1.0,0.15981356799602509,0.5894113779067993,0.8304471373558044,left,0.5,0.5,0.5,60,timeout,248,fixed,Fixed camera,checkpoint/2026-05-09-22-32-06/checkpoint0014.pth
specular,0.0,1.0,0.0,1.5054254531860352,0.73680579662323,0.622175931930542,left,0.5,0.5,0.5,26,collision,249,fixed,Fixed camera,checkpoint/2026-05-09-22-32-06/checkpoint0014.pth
specular,0.0,1.0,0.0,1.7882658243179321,0.6762344241142273,0.622566819190979,far_left,0.5,0.5,0.5,23,collision,250,fixed,Fixed camera,checkpoint/2026-05-09-22-32-06/checkpoint0014.pth
specular,1.0,0.0,1.0,0.17663174867630005,0.6168992519378662,0.8382282853126526,far_left,0.5,0.5,0.5,60,timeout,251,fixed,Fixed camera,checkpoint/2026-05-09-22-32-06/checkpoint0014.pth
specular,1.0,0.0,1.0,0.15974898636341095,0.5840418934822083,0.844526469707489,right,0.5,0.5,0.5,60,timeout,252,fixed,Fixed camera,checkpoint/2026-05-09-22-32-06/checkpoint0014.pth
specular,0.0,1.0,0.0,1.7701624631881714,0.6573489904403687,0.6200026869773865,far_left,0.5,0.5,0.5,25,collision,253,fixed,Fixed camera,checkpoint/2026-05-09-22-32-06/checkpoint0014.pth
specular,1.0,0.0,1.0,0.24367842078208923,0.5856656432151794,0.8412013053894043,far_right,0.5,0.5,0.5,60,timeout,254,fixed,Fixed camera,checkpoint/2026-05-09-22-32-06/checkpoint0014.pth
specular,0.0,1.0,0.0,1.7109155654907227,0.6885784864425659,0.6481910347938538,far_left,0.5,0.5,0.5,28,collision,255,fixed,Fixed camera,checkpoint/2026-05-09-22-32-06/checkpoint0014.pth
specular,1.0,0.0,1.0,0.12750539183616638,0.5843169093132019,0.8380642533302307,left,0.5,0.5,0.5,60,timeout,256,fixed,Fixed camera,checkpoint/2026-05-09-22-32-06/checkpoint0014.pth
specular,1.0,0.0,1.0,0.13151150941848755,0.604761004447937,0.8311125636100769,far_right,0.5,0.5,0.5,60,timeout,257,fixed,Fixed camera,checkpoint/2026-05-09-22-32-06/checkpoint0014.pth
specular,1.0,0.0,1.0,0.10739008337259293,0.5761887431144714,0.845922589302063,left,0.5,0.5,0.5,60,timeout,258,fixed,Fixed camera,checkpoint/2026-05-09-22-32-06/checkpoint0014.pth
specular,0.0,1.0,0.0,1.7846643924713135,0.6812554597854614,0.6389409303665161,far_left,0.5,0.5,0.5,26,collision,259,fixed,Fixed camera,checkpoint/2026-05-09-22-32-06/checkpoint0014.pth
specular,0.0,1.0,0.0,1.5124543905258179,0.7167300581932068,0.6300191879272461,far_left,0.5,0.5,0.5,27,collision,260,fixed,Fixed camera,checkpoint/2026-05-09-22-32-06/checkpoint0014.pth
specular,1.0,0.0,1.0,0.10384505242109299,0.5952184200286865,0.8489897847175598,right,0.5,0.5,0.5,60,timeout,261,fixed,Fixed camera,checkpoint/2026-05-09-22-32-06/checkpoint0014.pth
specular,1.0,0.0,1.0,0.12256190180778503,0.6418941020965576,0.8446639180183411,far_left,0.5,0.5,0.5,60,timeout,262,fixed,Fixed camera,checkpoint/2026-05-09-22-32-06/checkpoint0014.pth
specular,0.0,1.0,0.0,1.8438974618911743,0.6933326721191406,0.6658738851547241,far_left,0.5,0.5,0.5,26,collision,263,fixed,Fixed camera,checkpoint/2026-05-09-22-32-06/checkpoint0014.pth
specular,1.0,0.0,1.0,0.22255246341228485,0.6185485124588013,0.8247877955436707,far_right,0.5,0.5,0.5,60,timeout,264,fixed,Fixed camera,checkpoint/2026-05-09-22-32-06/checkpoint0014.pth
specular,1.0,0.0,1.0,0.01902191899716854,0.6132394075393677,0.8466845750808716,left,0.5,0.5,0.5,60,timeout,265,fixed,Fixed camera,checkpoint/2026-05-09-22-32-06/checkpoint0014.pth
specular,1.0,0.0,1.0,0.10137099772691727,0.5882559418678284,0.8435378074645996,left,0.5,0.5,0.5,60,timeout,266,fixed,Fixed camera,checkpoint/2026-05-09-22-32-06/checkpoint0014.pth
specular,1.0,0.0,1.0,0.0929543599486351,0.665640652179718,0.8329765200614929,far_left,0.5,0.5,0.5,60,timeout,267,fixed,Fixed camera,checkpoint/2026-05-09-22-32-06/checkpoint0014.pth
specular,1.0,0.0,1.0,0.14243756234645844,0.5900356769561768,0.8508777618408203,left,0.5,0.5,0.5,60,timeout,268,fixed,Fixed camera,checkpoint/2026-05-09-22-32-06/checkpoint0014.pth
specular,1.0,0.0,1.0,0.14597181975841522,0.607477068901062,0.8356626033782959,far_right,0.5,0.5,0.5,60,timeout,269,fixed,Fixed camera,checkpoint/2026-05-09-22-32-06/checkpoint0014.pth
specular,1.0,0.0,1.0,0.011933558620512486,0.6265622973442078,0.8475478291511536,right,0.5,0.5,0.5,60,timeout,270,fixed,Fixed camera,checkpoint/2026-05-09-22-32-06/checkpoint0014.pth
specular,1.0,0.0,1.0,0.15016497671604156,0.6041051149368286,0.8439502120018005,right,0.5,0.5,0.5,60,timeout,271,fixed,Fixed camera,checkpoint/2026-05-09-22-32-06/checkpoint0014.pth
specular,1.0,0.0,1.0,0.16875143349170685,0.6187122464179993,0.8502146601676941,far_right,0.5,0.5,0.5,60,timeout,272,fixed,Fixed camera,checkpoint/2026-05-09-22-32-06/checkpoint0014.pth
specular,1.0,0.0,1.0,0.166471466422081,0.6223413348197937,0.8388333916664124,far_right,0.5,0.5,0.5,60,timeout,273,fixed,Fixed camera,checkpoint/2026-05-09-22-32-06/checkpoint0014.pth
specular,1.0,0.0,1.0,0.23559528589248657,0.5727239847183228,0.8463566303253174,left,0.5,0.5,0.5,60,timeout,274,fixed,Fixed camera,checkpoint/2026-05-09-22-32-06/checkpoint0014.pth
specular,1.0,0.0,1.0,0.23674681782722473,0.5994945764541626,0.8250988721847534,far_right,0.5,0.5,0.5,60,timeout,275,fixed,Fixed camera,checkpoint/2026-05-09-22-32-06/checkpoint0014.pth
specular,0.0,1.0,0.0,1.7730536460876465,0.6676129698753357,0.6184663772583008,far_right,0.5,0.5,0.5,26,collision,276,fixed,Fixed camera,checkpoint/2026-05-09-22-32-06/checkpoint0014.pth
specular,0.0,1.0,0.0,1.6051511764526367,0.7185350060462952,0.6014304161071777,left,0.5,0.5,0.5,24,collision,277,fixed,Fixed camera,checkpoint/2026-05-09-22-32-06/checkpoint0014.pth
specular,0.0,1.0,0.0,1.4661630392074585,0.783446192741394,0.6272393465042114,left,0.5,0.5,0.5,24,collision,278,fixed,Fixed camera,checkpoint/2026-05-09-22-32-06/checkpoint0014.pth
specular,0.0,1.0,0.0,1.7430018186569214,0.684128999710083,0.6170994639396667,far_left,0.5,0.5,0.5,24,collision,279,fixed,Fixed camera,checkpoint/2026-05-09-22-32-06/checkpoint0014.pth
specular,1.0,0.0,1.0,0.14611181616783142,0.6041802763938904,0.8391879200935364,left,0.5,0.5,0.5,60,timeout,280,fixed,Fixed camera,checkpoint/2026-05-09-22-32-06/checkpoint0014.pth
specular,1.0,0.0,1.0,0.11799391359090805,0.5906098484992981,0.8390673995018005,left,0.5,0.5,0.5,60,timeout,281,fixed,Fixed camera,checkpoint/2026-05-09-22-32-06/checkpoint0014.pth
specular,1.0,0.0,1.0,0.18316318094730377,0.5754424929618835,0.853402316570282,right,0.5,0.5,0.5,60,timeout,282,fixed,Fixed camera,checkpoint/2026-05-09-22-32-06/checkpoint0014.pth
specular,1.0,0.0,1.0,0.13751225173473358,0.6187512278556824,0.8382692337036133,far_right,0.5,0.5,0.5,60,timeout,283,fixed,Fixed camera,checkpoint/2026-05-09-22-32-06/checkpoint0014.pth
specular,0.0,1.0,0.0,1.7547121047973633,0.7041482925415039,0.6059422492980957,far_right,0.5,0.5,0.5,23,collision,284,fixed,Fixed camera,checkpoint/2026-05-09-22-32-06/checkpoint0014.pth
specular,1.0,0.0,1.0,0.10534834116697311,0.5952394008636475,0.8453246355056763,right,0.5,0.5,0.5,60,timeout,285,fixed,Fixed camera,checkpoint/2026-05-09-22-32-06/checkpoint0014.pth
specular,1.0,0.0,1.0,0.28589552640914917,0.6073651909828186,0.8377411961555481,far_left,0.5,0.5,0.5,60,timeout,286,fixed,Fixed camera,checkpoint/2026-05-09-22-32-06/checkpoint0014.pth
specular,1.0,0.0,1.0,0.11535505205392838,0.6161730289459229,0.8402971029281616,far_right,0.5,0.5,0.5,60,timeout,287,fixed,Fixed camera,checkpoint/2026-05-09-22-32-06/checkpoint0014.pth
specular,1.0,0.0,1.0,0.18225854635238647,0.5943209528923035,0.8354384303092957,right,0.5,0.5,0.5,60,timeout,288,fixed,Fixed camera,checkpoint/2026-05-09-22-32-06/checkpoint0014.pth
specular,1.0,0.0,1.0,0.16641807556152344,0.6356413960456848,0.8314164280891418,far_left,0.5,0.5,0.5,60,timeout,289,fixed,Fixed camera,checkpoint/2026-05-09-22-32-06/checkpoint0014.pth
specular,1.0,0.0,1.0,0.1607813686132431,0.6519092321395874,0.8409843444824219,far_right,0.5,0.5,0.5,60,timeout,290,fixed,Fixed camera,checkpoint/2026-05-09-22-32-06/checkpoint0014.pth
specular,0.0,1.0,0.0,1.743239164352417,0.684370756149292,0.6112833619117737,right,0.5,0.5,0.5,22,collision,291,fixed,Fixed camera,checkpoint/2026-05-09-22-32-06/checkpoint0014.pth
specular,1.0,0.0,1.0,0.1796361356973648,0.5855327844619751,0.8365692496299744,far_left,0.5,0.5,0.5,60,timeout,292,fixed,Fixed camera,checkpoint/2026-05-09-22-32-06/checkpoint0014.pth
specular,1.0,0.0,1.0,0.11442679166793823,0.5795378684997559,0.8351128697395325,right,0.5,0.5,0.5,60,timeout,293,fixed,Fixed camera,checkpoint/2026-05-09-22-32-06/checkpoint0014.pth
specular,1.0,0.0,1.0,0.14688663184642792,0.6182519197463989,0.841177225112915,far_right,0.5,0.5,0.5,60,timeout,294,fixed,Fixed camera,checkpoint/2026-05-09-22-32-06/checkpoint0014.pth
specular,0.0,1.0,0.0,1.5910695791244507,0.6995795369148254,0.6261073350906372,far_right,0.5,0.5,0.5,27,collision,295,fixed,Fixed camera,checkpoint/2026-05-09-22-32-06/checkpoint0014.pth
specular,1.0,0.0,1.0,0.1869608610868454,0.5758457779884338,0.8500338196754456,left,0.5,0.5,0.5,60,timeout,296,fixed,Fixed camera,checkpoint/2026-05-09-22-32-06/checkpoint0014.pth
specular,1.0,0.0,1.0,0.1631094068288803,0.625348687171936,0.8478009700775146,far_right,0.5,0.5,0.5,60,timeout,297,fixed,Fixed camera,checkpoint/2026-05-09-22-32-06/checkpoint0014.pth
specular,0.0,1.0,0.0,1.817037582397461,0.6525468230247498,0.6588320136070251,far_right,0.5,0.5,0.5,27,collision,298,fixed,Fixed camera,checkpoint/2026-05-09-22-32-06/checkpoint0014.pth
specular,1.0,0.0,1.0,0.14910073578357697,0.5684501528739929,0.8422743082046509,left,0.5,0.5,0.5,60,timeout,299,fixed,Fixed camera,checkpoint/2026-05-09-22-32-06/checkpoint0014.pth
dark,1.0,0.0,1.0,0.0890125259757042,0.6278920769691467,0.7932388782501221,far_right,0.5,0.5,0.5,60,timeout,0,fixed,Fixed camera,checkpoint/2026-05-09-22-32-06/checkpoint0014.pth
dark,1.0,0.0,1.0,0.04390483349561691,0.6015669107437134,0.7910180687904358,right,0.5,0.5,0.5,60,timeout,1,fixed,Fixed camera,checkpoint/2026-05-09-22-32-06/checkpoint0014.pth
dark,1.0,0.0,1.0,0.06667626649141312,0.610406756401062,0.7943769097328186,left,0.5,0.5,0.5,60,timeout,2,fixed,Fixed camera,checkpoint/2026-05-09-22-32-06/checkpoint0014.pth
dark,1.0,0.0,1.0,0.12486433982849121,0.5808767080307007,0.7901958227157593,left,0.5,0.5,0.5,60,timeout,3,fixed,Fixed camera,checkpoint/2026-05-09-22-32-06/checkpoint0014.pth
dark,1.0,0.0,1.0,0.11623474955558777,0.6039649844169617,0.7848717570304871,right,0.5,0.5,0.5,60,timeout,4,fixed,Fixed camera,checkpoint/2026-05-09-22-32-06/checkpoint0014.pth
dark,1.0,0.0,1.0,0.15510773658752441,0.593344509601593,0.7892144322395325,left,0.5,0.5,0.5,60,timeout,5,fixed,Fixed camera,checkpoint/2026-05-09-22-32-06/checkpoint0014.pth
dark,1.0,0.0,1.0,0.1381666660308838,0.5976959466934204,0.7921320796012878,right,0.5,0.5,0.5,60,timeout,6,fixed,Fixed camera,checkpoint/2026-05-09-22-32-06/checkpoint0014.pth
dark,0.0,1.0,0.0,1.6780505180358887,0.6749029755592346,0.48689740896224976,left,0.5,0.5,0.5,24,collision,7,fixed,Fixed camera,checkpoint/2026-05-09-22-32-06/checkpoint0014.pth
dark,1.0,0.0,1.0,0.09991398453712463,0.6178708672523499,0.8009620904922485,left,0.5,0.5,0.5,60,timeout,8,fixed,Fixed camera,checkpoint/2026-05-09-22-32-06/checkpoint0014.pth
dark,1.0,0.0,1.0,0.15799640119075775,0.61018967628479,0.7823784947395325,far_right,0.5,0.5,0.5,60,timeout,9,fixed,Fixed camera,checkpoint/2026-05-09-22-32-06/checkpoint0014.pth
dark,1.0,0.0,1.0,0.20019324123859406,0.6460956931114197,0.7793065905570984,far_left,0.5,0.5,0.5,60,timeout,10,fixed,Fixed camera,checkpoint/2026-05-09-22-32-06/checkpoint0014.pth
dark,1.0,0.0,1.0,0.10488387197256088,0.6052242517471313,0.7769556045532227,right,0.5,0.5,0.5,60,timeout,11,fixed,Fixed camera,checkpoint/2026-05-09-22-32-06/checkpoint0014.pth
dark,0.0,1.0,0.0,1.7759276628494263,0.6965817213058472,0.526897668838501,far_right,0.5,0.5,0.5,25,collision,12,fixed,Fixed camera,checkpoint/2026-05-09-22-32-06/checkpoint0014.pth
dark,0.0,1.0,0.0,1.66413414478302,0.7010979056358337,0.4911978840827942,far_left,0.5,0.5,0.5,26,collision,13,fixed,Fixed camera,checkpoint/2026-05-09-22-32-06/checkpoint0014.pth
dark,0.0,1.0,0.0,1.6568683385849,0.6706016659736633,0.4881051182746887,left,0.5,0.5,0.5,24,collision,14,fixed,Fixed camera,checkpoint/2026-05-09-22-32-06/checkpoint0014.pth
dark,1.0,0.0,1.0,0.12763231992721558,0.6481257677078247,0.7944493293762207,far_left,0.5,0.5,0.5,60,timeout,15,fixed,Fixed camera,checkpoint/2026-05-09-22-32-06/checkpoint0014.pth
dark,1.0,0.0,1.0,0.12202216684818268,0.5858823657035828,0.7852985858917236,right,0.5,0.5,0.5,60,timeout,16,fixed,Fixed camera,checkpoint/2026-05-09-22-32-06/checkpoint0014.pth
dark,1.0,0.0,1.0,0.1794537752866745,0.6018084287643433,0.7884235978126526,far_right,0.5,0.5,0.5,60,timeout,17,fixed,Fixed camera,checkpoint/2026-05-09-22-32-06/checkpoint0014.pth
dark,1.0,0.0,1.0,0.15860074758529663,0.62226402759552,0.7866778373718262,far_right,0.5,0.5,0.5,60,timeout,18,fixed,Fixed camera,checkpoint/2026-05-09-22-32-06/checkpoint0014.pth
dark,0.0,1.0,0.0,1.635920763015747,0.690826952457428,0.5468700528144836,far_right,0.5,0.5,0.5,30,collision,19,fixed,Fixed camera,checkpoint/2026-05-09-22-32-06/checkpoint0014.pth
dark,0.0,1.0,0.0,1.7276756763458252,0.6628145575523376,0.509765625,far_right,0.5,0.5,0.5,27,collision,20,fixed,Fixed camera,checkpoint/2026-05-09-22-32-06/checkpoint0014.pth
dark,1.0,0.0,1.0,0.16037912666797638,0.5966066122055054,0.7938922643661499,right,0.5,0.5,0.5,60,timeout,21,fixed,Fixed camera,checkpoint/2026-05-09-22-32-06/checkpoint0014.pth
dark,1.0,0.0,1.0,0.20471887290477753,0.5799920558929443,0.8090495467185974,left,0.5,0.5,0.5,60,timeout,22,fixed,Fixed camera,checkpoint/2026-05-09-22-32-06/checkpoint0014.pth
dark,0.0,1.0,0.0,1.8452677726745605,0.625420331954956,0.5522976517677307,far_right,0.5,0.5,0.5,28,collision,23,fixed,Fixed camera,checkpoint/2026-05-09-22-32-06/checkpoint0014.pth
dark,1.0,0.0,1.0,0.059431131929159164,0.5903443694114685,0.7857301235198975,right,0.5,0.5,0.5,60,timeout,24,fixed,Fixed camera,checkpoint/2026-05-09-22-32-06/checkpoint0014.pth
dark,1.0,0.0,1.0,0.16280215978622437,0.6306374669075012,0.7791545987129211,far_right,0.5,0.5,0.5,60,timeout,25,fixed,Fixed camera,checkpoint/2026-05-09-22-32-06/checkpoint0014.pth
dark,1.0,0.0,1.0,0.1288914680480957,0.5864446759223938,0.7891252040863037,left,0.5,0.5,0.5,60,timeout,26,fixed,Fixed camera,checkpoint/2026-05-09-22-32-06/checkpoint0014.pth
dark,1.0,0.0,1.0,0.12200823426246643,0.6022059321403503,0.793858528137207,right,0.5,0.5,0.5,60,timeout,27,fixed,Fixed camera,checkpoint/2026-05-09-22-32-06/checkpoint0014.pth
dark,1.0,0.0,1.0,0.18651778995990753,0.628031849861145,0.7709057331085205,far_right,0.5,0.5,0.5,60,timeout,28,fixed,Fixed camera,checkpoint/2026-05-09-22-32-06/checkpoint0014.pth
dark,0.0,1.0,0.0,1.6694388389587402,0.6781413555145264,0.5048010945320129,far_left,0.5,0.5,0.5,28,collision,29,fixed,Fixed camera,checkpoint/2026-05-09-22-32-06/checkpoint0014.pth
dark,1.0,0.0,1.0,0.16767209768295288,0.605234682559967,0.788775622844696,far_left,0.5,0.5,0.5,60,timeout,30,fixed,Fixed camera,checkpoint/2026-05-09-22-32-06/checkpoint0014.pth
dark,0.0,1.0,0.0,1.6670267581939697,0.6579040884971619,0.48858320713043213,left,0.5,0.5,0.5,24,collision,31,fixed,Fixed camera,checkpoint/2026-05-09-22-32-06/checkpoint0014.pth
dark,0.0,1.0,0.0,1.8148118257522583,0.6857070922851562,0.5617163777351379,far_left,0.5,0.5,0.5,25,collision,32,fixed,Fixed camera,checkpoint/2026-05-09-22-32-06/checkpoint0014.pth
dark,0.0,1.0,0.0,1.821125864982605,0.6567158699035645,0.5469139814376831,far_left,0.5,0.5,0.5,27,collision,33,fixed,Fixed camera,checkpoint/2026-05-09-22-32-06/checkpoint0014.pth
dark,0.0,1.0,0.0,1.8127914667129517,0.6770066618919373,0.5672973990440369,far_right,0.5,0.5,0.5,26,collision,34,fixed,Fixed camera,checkpoint/2026-05-09-22-32-06/checkpoint0014.pth
dark,1.0,0.0,1.0,0.13052475452423096,0.586266815662384,0.7785011529922485,left,0.5,0.5,0.5,60,timeout,35,fixed,Fixed camera,checkpoint/2026-05-09-22-32-06/checkpoint0014.pth
dark,1.0,0.0,1.0,0.1404760330915451,0.6007817387580872,0.7945191860198975,far_left,0.5,0.5,0.5,60,timeout,36,fixed,Fixed camera,checkpoint/2026-05-09-22-32-06/checkpoint0014.pth
dark,0.0,1.0,0.0,1.6928452253341675,0.7121605277061462,0.499817818403244,far_left,0.5,0.5,0.5,28,collision,37,fixed,Fixed camera,checkpoint/2026-05-09-22-32-06/checkpoint0014.pth
dark,1.0,0.0,1.0,0.16527561843395233,0.6192418932914734,0.7881680130958557,far_right,0.5,0.5,0.5,60,timeout,38,fixed,Fixed camera,checkpoint/2026-05-09-22-32-06/checkpoint0014.pth
dark,1.0,0.0,1.0,0.1286565214395523,0.5900346636772156,0.7953028678894043,left,0.5,0.5,0.5,60,timeout,39,fixed,Fixed camera,checkpoint/2026-05-09-22-32-06/checkpoint0014.pth
dark,0.0,1.0,0.0,1.6867367029190063,0.703340470790863,0.48692888021469116,left,0.5,0.5,0.5,24,collision,40,fixed,Fixed camera,checkpoint/2026-05-09-22-32-06/checkpoint0014.pth
dark,0.0,1.0,0.0,1.8538745641708374,0.6679748296737671,0.5714178085327148,far_right,0.5,0.5,0.5,26,collision,41,fixed,Fixed camera,checkpoint/2026-05-09-22-32-06/checkpoint0014.pth
dark,1.0,0.0,1.0,0.11286840587854385,0.6133564114570618,0.7937909960746765,right,0.5,0.5,0.5,60,timeout,42,fixed,Fixed camera,checkpoint/2026-05-09-22-32-06/checkpoint0014.pth
dark,0.0,1.0,0.0,1.8382525444030762,0.6634690761566162,0.5407323241233826,far_left,0.5,0.5,0.5,25,collision,43,fixed,Fixed camera,checkpoint/2026-05-09-22-32-06/checkpoint0014.pth
dark,0.0,1.0,0.0,1.6685292720794678,0.7182015776634216,0.48786693811416626,right,0.5,0.5,0.5,23,collision,44,fixed,Fixed camera,checkpoint/2026-05-09-22-32-06/checkpoint0014.pth
dark,1.0,0.0,1.0,0.14505517482757568,0.5942819118499756,0.794304609298706,far_left,0.5,0.5,0.5,60,timeout,45,fixed,Fixed camera,checkpoint/2026-05-09-22-32-06/checkpoint0014.pth
dark,0.0,1.0,0.0,1.6505168676376343,0.7191409468650818,0.5386927723884583,far_left,0.5,0.5,0.5,28,collision,46,fixed,Fixed camera,checkpoint/2026-05-09-22-32-06/checkpoint0014.pth
dark,1.0,0.0,1.0,0.0870712548494339,0.6026474833488464,0.7933400869369507,left,0.5,0.5,0.5,60,timeout,47,fixed,Fixed camera,checkpoint/2026-05-09-22-32-06/checkpoint0014.pth
dark,1.0,0.0,1.0,0.1905716210603714,0.6339832544326782,0.7867428660392761,far_left,0.5,0.5,0.5,60,timeout,48,fixed,Fixed camera,checkpoint/2026-05-09-22-32-06/checkpoint0014.pth
dark,0.0,1.0,0.0,1.6186981201171875,0.7113887667655945,0.49736112356185913,far_right,0.5,0.5,0.5,26,collision,49,fixed,Fixed camera,checkpoint/2026-05-09-22-32-06/checkpoint0014.pth
dark,1.0,0.0,1.0,0.16283860802650452,0.5684460401535034,0.7943817973136902,right,0.5,0.5,0.5,60,timeout,50,fixed,Fixed camera,checkpoint/2026-05-09-22-32-06/checkpoint0014.pth
dark,1.0,0.0,1.0,0.32015419006347656,0.5717242360115051,0.7928023934364319,right,0.5,0.5,0.5,60,timeout,51,fixed,Fixed camera,checkpoint/2026-05-09-22-32-06/checkpoint0014.pth
dark,1.0,0.0,1.0,0.053967252373695374,0.5979544520378113,0.8044126033782959,right,0.5,0.5,0.5,60,timeout,52,fixed,Fixed camera,checkpoint/2026-05-09-22-32-06/checkpoint0014.pth
dark,1.0,0.0,1.0,0.12301542609930038,0.6498353481292725,0.7771918177604675,far_right,0.5,0.5,0.5,60,timeout,53,fixed,Fixed camera,checkpoint/2026-05-09-22-32-06/checkpoint0014.pth
dark,1.0,0.0,1.0,0.17191261053085327,0.5730301141738892,0.7860990762710571,left,0.5,0.5,0.5,60,timeout,54,fixed,Fixed camera,checkpoint/2026-05-09-22-32-06/checkpoint0014.pth
dark,0.0,1.0,0.0,1.7627547979354858,0.6786523461341858,0.5133605003356934,far_left,0.5,0.5,0.5,24,collision,55,fixed,Fixed camera,checkpoint/2026-05-09-22-32-06/checkpoint0014.pth
dark,1.0,0.0,1.0,0.11113674938678741,0.6111048460006714,0.7998843193054199,far_left,0.5,0.5,0.5,60,timeout,56,fixed,Fixed camera,checkpoint/2026-05-09-22-32-06/checkpoint0014.pth
dark,0.0,1.0,0.0,1.6745394468307495,0.7233006954193115,0.49789664149284363,far_left,0.5,0.5,0.5,27,collision,57,fixed,Fixed camera,checkpoint/2026-05-09-22-32-06/checkpoint0014.pth
dark,1.0,0.0,1.0,0.14520582556724548,0.5965965390205383,0.789923369884491,left,0.5,0.5,0.5,60,timeout,58,fixed,Fixed camera,checkpoint/2026-05-09-22-32-06/checkpoint0014.pth
dark,0.0,1.0,0.0,1.7786728143692017,0.6667512655258179,0.5218400359153748,far_left,0.5,0.5,0.5,25,collision,59,fixed,Fixed camera,checkpoint/2026-05-09-22-32-06/checkpoint0014.pth
dark,1.0,0.0,1.0,0.07538260519504547,0.5955060124397278,0.8003979325294495,left,0.5,0.5,0.5,60,timeout,60,fixed,Fixed camera,checkpoint/2026-05-09-22-32-06/checkpoint0014.pth
dark,0.0,1.0,0.0,1.808286190032959,0.6795171499252319,0.5389358997344971,far_right,0.5,0.5,0.5,25,collision,61,fixed,Fixed camera,checkpoint/2026-05-09-22-32-06/checkpoint0014.pth
dark,1.0,0.0,1.0,0.18329231441020966,0.5973396897315979,0.7900945544242859,right,0.5,0.5,0.5,60,timeout,62,fixed,Fixed camera,checkpoint/2026-05-09-22-32-06/checkpoint0014.pth
dark,0.0,1.0,0.0,1.7749954462051392,0.6699000597000122,0.5303645730018616,far_right,0.5,0.5,0.5,26,collision,63,fixed,Fixed camera,checkpoint/2026-05-09-22-32-06/checkpoint0014.pth
dark,1.0,0.0,1.0,0.13967077434062958,0.5883110165596008,0.7913363575935364,left,0.5,0.5,0.5,60,timeout,64,fixed,Fixed camera,checkpoint/2026-05-09-22-32-06/checkpoint0014.pth
dark,0.0,1.0,0.0,1.6228317022323608,0.7125824689865112,0.511707603931427,far_left,0.5,0.5,0.5,27,collision,65,fixed,Fixed camera,checkpoint/2026-05-09-22-32-06/checkpoint0014.pth
dark,1.0,0.0,1.0,0.2638251483440399,0.5900088548660278,0.7743827700614929,far_right,0.5,0.5,0.5,60,timeout,66,fixed,Fixed camera,checkpoint/2026-05-09-22-32-06/checkpoint0014.pth
dark,1.0,0.0,1.0,0.10019189119338989,0.6004952192306519,0.7917632460594177,left,0.5,0.5,0.5,60,timeout,67,fixed,Fixed camera,checkpoint/2026-05-09-22-32-06/checkpoint0014.pth
dark,1.0,0.0,1.0,0.06891990453004837,0.6002370119094849,0.8057942986488342,left,0.5,0.5,0.5,60,timeout,68,fixed,Fixed camera,checkpoint/2026-05-09-22-32-06/checkpoint0014.pth
dark,1.0,0.0,1.0,0.2085869461297989,0.5745049715042114,0.7832369208335876,right,0.5,0.5,0.5,60,timeout,69,fixed,Fixed camera,checkpoint/2026-05-09-22-32-06/checkpoint0014.pth
dark,0.0,1.0,0.0,1.8554658889770508,0.6633884906768799,0.5782585740089417,far_right,0.5,0.5,0.5,27,collision,70,fixed,Fixed camera,checkpoint/2026-05-09-22-32-06/checkpoint0014.pth
dark,1.0,0.0,1.0,0.14056067168712616,0.6071279048919678,0.7930435538291931,far_left,0.5,0.5,0.5,60,timeout,71,fixed,Fixed camera,checkpoint/2026-05-09-22-32-06/checkpoint0014.pth
dark,1.0,0.0,1.0,0.1636146605014801,0.5951212644577026,0.7991754412651062,right,0.5,0.5,0.5,60,timeout,72,fixed,Fixed camera,checkpoint/2026-05-09-22-32-06/checkpoint0014.pth
dark,1.0,0.0,1.0,0.08792644739151001,0.5855823159217834,0.7881196737289429,left,0.5,0.5,0.5,60,timeout,73,fixed,Fixed camera,checkpoint/2026-05-09-22-32-06/checkpoint0014.pth
dark,0.0,1.0,0.0,1.6964871883392334,0.6540361046791077,0.5006886720657349,far_left,0.5,0.5,0.5,26,collision,74,fixed,Fixed camera,checkpoint/2026-05-09-22-32-06/checkpoint0014.pth
dark,1.0,0.0,1.0,0.18430297076702118,0.5949357748031616,0.7820819020271301,right,0.5,0.5,0.5,60,timeout,75,fixed,Fixed camera,checkpoint/2026-05-09-22-32-06/checkpoint0014.pth
dark,1.0,0.0,1.0,0.1357950121164322,0.6065661311149597,0.7951123714447021,right,0.5,0.5,0.5,60,timeout,76,fixed,Fixed camera,checkpoint/2026-05-09-22-32-06/checkpoint0014.pth
dark,1.0,0.0,1.0,0.1903964877128601,0.6383646726608276,0.7698785662651062,far_left,0.5,0.5,0.5,60,timeout,77,fixed,Fixed camera,checkpoint/2026-05-09-22-32-06/checkpoint0014.pth
dark,1.0,0.0,1.0,0.12651583552360535,0.6105337738990784,0.7923973202705383,far_right,0.5,0.5,0.5,60,timeout,78,fixed,Fixed camera,checkpoint/2026-05-09-22-32-06/checkpoint0014.pth
dark,1.0,0.0,1.0,0.15869073569774628,0.5951179265975952,0.7861377000808716,far_right,0.5,0.5,0.5,60,timeout,79,fixed,Fixed camera,checkpoint/2026-05-09-22-32-06/checkpoint0014.pth
dark,1.0,0.0,1.0,0.18787828087806702,0.5800846219062805,0.7842521071434021,right,0.5,0.5,0.5,60,timeout,80,fixed,Fixed camera,checkpoint/2026-05-09-22-32-06/checkpoint0014.pth
dark,0.0,1.0,0.0,1.5926393270492554,0.6833605766296387,0.49036699533462524,right,0.5,0.5,0.5,25,collision,81,fixed,Fixed camera,checkpoint/2026-05-09-22-32-06/checkpoint0014.pth
dark,0.0,1.0,0.0,1.7967191934585571,0.6728391647338867,0.5466724038124084,far_right,0.5,0.5,0.5,26,collision,82,fixed,Fixed camera,checkpoint/2026-05-09-22-32-06/checkpoint0014.pth
dark,1.0,0.0,1.0,0.2486370950937271,0.631507396697998,0.7707176208496094,far_left,0.5,0.5,0.5,60,timeout,83,fixed,Fixed camera,checkpoint/2026-05-09-22-32-06/checkpoint0014.pth
dark,0.0,1.0,0.0,1.7767349481582642,0.6757639646530151,0.5295659899711609,far_left,0.5,0.5,0.5,26,collision,84,fixed,Fixed camera,checkpoint/2026-05-09-22-32-06/checkpoint0014.pth
dark,1.0,0.0,1.0,0.1675637662410736,0.6599897742271423,0.7823688983917236,far_right,0.5,0.5,0.5,60,timeout,85,fixed,Fixed camera,checkpoint/2026-05-09-22-32-06/checkpoint0014.pth
dark,0.0,1.0,0.0,1.8149328231811523,0.6775977611541748,0.5631872415542603,far_left,0.5,0.5,0.5,25,collision,86,fixed,Fixed camera,checkpoint/2026-05-09-22-32-06/checkpoint0014.pth
dark,0.0,1.0,0.0,1.6229684352874756,0.7377814650535583,0.5528635382652283,far_right,0.5,0.5,0.5,29,collision,87,fixed,Fixed camera,checkpoint/2026-05-09-22-32-06/checkpoint0014.pth
dark,0.0,1.0,0.0,1.7420849800109863,0.6783040165901184,0.503352701663971,far_left,0.5,0.5,0.5,24,collision,88,fixed,Fixed camera,checkpoint/2026-05-09-22-32-06/checkpoint0014.pth
dark,1.0,0.0,1.0,0.08293522894382477,0.5935946106910706,0.7972391247749329,right,0.5,0.5,0.5,60,timeout,89,fixed,Fixed camera,checkpoint/2026-05-09-22-32-06/checkpoint0014.pth
dark,0.0,1.0,0.0,1.7605012655258179,0.6683531999588013,0.5273215174674988,far_right,0.5,0.5,0.5,27,collision,90,fixed,Fixed camera,checkpoint/2026-05-09-22-32-06/checkpoint0014.pth
dark,1.0,0.0,1.0,0.10492987185716629,0.606730043888092,0.7743538022041321,right,0.5,0.5,0.5,60,timeout,91,fixed,Fixed camera,checkpoint/2026-05-09-22-32-06/checkpoint0014.pth
dark,1.0,0.0,1.0,0.19455960392951965,0.6153481006622314,0.7887466549873352,far_right,0.5,0.5,0.5,60,timeout,92,fixed,Fixed camera,checkpoint/2026-05-09-22-32-06/checkpoint0014.pth
dark,0.0,1.0,0.0,1.6488256454467773,0.724568247795105,0.5252861976623535,far_right,0.5,0.5,0.5,28,collision,93,fixed,Fixed camera,checkpoint/2026-05-09-22-32-06/checkpoint0014.pth
dark,1.0,0.0,1.0,0.15399973094463348,0.6263263821601868,0.7842351794242859,far_left,0.5,0.5,0.5,60,timeout,94,fixed,Fixed camera,checkpoint/2026-05-09-22-32-06/checkpoint0014.pth
dark,0.0,1.0,0.0,1.7984484434127808,0.6388030648231506,0.5445977449417114,far_left,0.5,0.5,0.5,28,collision,95,fixed,Fixed camera,checkpoint/2026-05-09-22-32-06/checkpoint0014.pth
dark,1.0,0.0,1.0,0.15896475315093994,0.6022809743881226,0.7902657389640808,far_right,0.5,0.5,0.5,60,timeout,96,fixed,Fixed camera,checkpoint/2026-05-09-22-32-06/checkpoint0014.pth
dark,1.0,0.0,1.0,0.11711934208869934,0.6087955832481384,0.7819324135780334,left,0.5,0.5,0.5,60,timeout,97,fixed,Fixed camera,checkpoint/2026-05-09-22-32-06/checkpoint0014.pth
dark,1.0,0.0,1.0,0.08522496372461319,0.6286184191703796,0.7878689169883728,far_left,0.5,0.5,0.5,60,timeout,98,fixed,Fixed camera,checkpoint/2026-05-09-22-32-06/checkpoint0014.pth
dark,1.0,0.0,1.0,0.16715362668037415,0.5596606135368347,0.7965471148490906,right,0.5,0.5,0.5,60,timeout,99,fixed,Fixed camera,checkpoint/2026-05-09-22-32-06/checkpoint0014.pth
dark,0.0,1.0,0.0,1.6799880266189575,0.7221643328666687,0.48865610361099243,left,0.5,0.5,0.5,23,collision,100,fixed,Fixed camera,checkpoint/2026-05-09-22-32-06/checkpoint0014.pth
dark,0.0,1.0,0.0,1.831178069114685,0.6587497591972351,0.562832236289978,far_left,0.5,0.5,0.5,28,collision,101,fixed,Fixed camera,checkpoint/2026-05-09-22-32-06/checkpoint0014.pth
dark,1.0,0.0,1.0,0.11663037538528442,0.5927922129631042,0.7941190004348755,right,0.5,0.5,0.5,60,timeout,102,fixed,Fixed camera,checkpoint/2026-05-09-22-32-06/checkpoint0014.pth
dark,1.0,0.0,1.0,0.09394022077322006,0.5950936079025269,0.8087915182113647,left,0.5,0.5,0.5,60,timeout,103,fixed,Fixed camera,checkpoint/2026-05-09-22-32-06/checkpoint0014.pth
dark,1.0,0.0,1.0,0.08266698569059372,0.6199995875358582,0.7865331172943115,far_right,0.5,0.5,0.5,60,timeout,104,fixed,Fixed camera,checkpoint/2026-05-09-22-32-06/checkpoint0014.pth
dark,1.0,0.0,1.0,0.08205234259366989,0.649846076965332,0.7829355597496033,far_left,0.5,0.5,0.5,60,timeout,105,fixed,Fixed camera,checkpoint/2026-05-09-22-32-06/checkpoint0014.pth
dark,1.0,0.0,1.0,0.12087874114513397,0.5978962779045105,0.7875434756278992,left,0.5,0.5,0.5,60,timeout,106,fixed,Fixed camera,checkpoint/2026-05-09-22-32-06/checkpoint0014.pth
dark,1.0,0.0,1.0,0.16194561123847961,0.5882304310798645,0.7803747653961182,right,0.5,0.5,0.5,60,timeout,107,fixed,Fixed camera,checkpoint/2026-05-09-22-32-06/checkpoint0014.pth
dark,1.0,0.0,1.0,0.10644087940454483,0.5955987572669983,0.7831283807754517,left,0.5,0.5,0.5,60,timeout,108,fixed,Fixed camera,checkpoint/2026-05-09-22-32-06/checkpoint0014.pth
dark,1.0,0.0,1.0,0.2201848030090332,0.5949676632881165,0.7863908410072327,far_right,0.5,0.5,0.5,60,timeout,109,fixed,Fixed camera,checkpoint/2026-05-09-22-32-06/checkpoint0014.pth
dark,1.0,0.0,1.0,0.09780115634202957,0.6188733577728271,0.80189049243927,far_right,0.5,0.5,0.5,60,timeout,110,fixed,Fixed camera,checkpoint/2026-05-09-22-32-06/checkpoint0014.pth
dark,1.0,0.0,1.0,0.09827727824449539,0.6355651021003723,0.7789713740348816,far_left,0.5,0.5,0.5,60,timeout,111,fixed,Fixed camera,checkpoint/2026-05-09-22-32-06/checkpoint0014.pth
dark,1.0,0.0,1.0,0.18832138180732727,0.6122596859931946,0.7822073101997375,far_right,0.5,0.5,0.5,60,timeout,112,fixed,Fixed camera,checkpoint/2026-05-09-22-32-06/checkpoint0014.pth
dark,1.0,0.0,1.0,0.13220633566379547,0.6058992147445679,0.8021075129508972,right,0.5,0.5,0.5,60,timeout,113,fixed,Fixed camera,checkpoint/2026-05-09-22-32-06/checkpoint0014.pth
dark,1.0,0.0,1.0,0.1718846708536148,0.6268777251243591,0.7610677480697632,far_right,0.5,0.5,0.5,60,timeout,114,fixed,Fixed camera,checkpoint/2026-05-09-22-32-06/checkpoint0014.pth
dark,0.0,1.0,0.0,1.7032970190048218,0.7101792693138123,0.4912298917770386,right,0.5,0.5,0.5,22,collision,115,fixed,Fixed camera,checkpoint/2026-05-09-22-32-06/checkpoint0014.pth
dark,1.0,0.0,1.0,0.07358509302139282,0.590435266494751,0.8010513782501221,right,0.5,0.5,0.5,60,timeout,116,fixed,Fixed camera,checkpoint/2026-05-09-22-32-06/checkpoint0014.pth
dark,1.0,0.0,1.0,0.13807888329029083,0.6113610863685608,0.784375011920929,far_left,0.5,0.5,0.5,60,timeout,117,fixed,Fixed camera,checkpoint/2026-05-09-22-32-06/checkpoint0014.pth
dark,1.0,0.0,1.0,0.06348951160907745,0.6051567196846008,0.7971764206886292,left,0.5,0.5,0.5,60,timeout,118,fixed,Fixed camera,checkpoint/2026-05-09-22-32-06/checkpoint0014.pth
dark,0.0,1.0,0.0,1.7297451496124268,0.6902562379837036,0.501383900642395,far_left,0.5,0.5,0.5,24,collision,119,fixed,Fixed camera,checkpoint/2026-05-09-22-32-06/checkpoint0014.pth
dark,1.0,0.0,1.0,0.11309372633695602,0.5892261862754822,0.794499933719635,left,0.5,0.5,0.5,60,timeout,120,fixed,Fixed camera,checkpoint/2026-05-09-22-32-06/checkpoint0014.pth
dark,0.0,1.0,0.0,1.8414312601089478,0.6749693155288696,0.5635308623313904,far_left,0.5,0.5,0.5,25,collision,121,fixed,Fixed camera,checkpoint/2026-05-09-22-32-06/checkpoint0014.pth
dark,1.0,0.0,1.0,0.10128099471330643,0.6342607140541077,0.7832152247428894,far_right,0.5,0.5,0.5,60,timeout,122,fixed,Fixed camera,checkpoint/2026-05-09-22-32-06/checkpoint0014.pth
dark,0.0,1.0,0.0,1.8544381856918335,0.6654118895530701,0.5603358745574951,far_left,0.5,0.5,0.5,25,collision,123,fixed,Fixed camera,checkpoint/2026-05-09-22-32-06/checkpoint0014.pth
dark,1.0,0.0,1.0,0.07614196836948395,0.5933215618133545,0.7933449149131775,left,0.5,0.5,0.5,60,timeout,124,fixed,Fixed camera,checkpoint/2026-05-09-22-32-06/checkpoint0014.pth
dark,1.0,0.0,1.0,0.12645937502384186,0.5720060467720032,0.8026692867279053,right,0.5,0.5,0.5,60,timeout,125,fixed,Fixed camera,checkpoint/2026-05-09-22-32-06/checkpoint0014.pth
dark,1.0,0.0,1.0,0.21035441756248474,0.6089271903038025,0.7813103199005127,far_left,0.5,0.5,0.5,60,timeout,126,fixed,Fixed camera,checkpoint/2026-05-09-22-32-06/checkpoint0014.pth
dark,0.0,1.0,0.0,1.7637372016906738,0.6686558723449707,0.5083309412002563,far_left,0.5,0.5,0.5,25,collision,127,fixed,Fixed camera,checkpoint/2026-05-09-22-32-06/checkpoint0014.pth
dark,1.0,0.0,1.0,0.20278024673461914,0.5742548704147339,0.7855902910232544,left,0.5,0.5,0.5,60,timeout,128,fixed,Fixed camera,checkpoint/2026-05-09-22-32-06/checkpoint0014.pth
dark,1.0,0.0,1.0,0.14940832555294037,0.5893383622169495,0.7936752438545227,far_left,0.5,0.5,0.5,60,timeout,129,fixed,Fixed camera,checkpoint/2026-05-09-22-32-06/checkpoint0014.pth
dark,0.0,1.0,0.0,1.7391786575317383,0.6569570302963257,0.5105613470077515,far_right,0.5,0.5,0.5,26,collision,130,fixed,Fixed camera,checkpoint/2026-05-09-22-32-06/checkpoint0014.pth
dark,0.0,1.0,0.0,1.7068718671798706,0.6974430084228516,0.48604533076286316,right,0.5,0.5,0.5,23,collision,131,fixed,Fixed camera,checkpoint/2026-05-09-22-32-06/checkpoint0014.pth
dark,1.0,0.0,1.0,0.1283857822418213,0.6161906719207764,0.7891059517860413,right,0.5,0.5,0.5,60,timeout,132,fixed,Fixed camera,checkpoint/2026-05-09-22-32-06/checkpoint0014.pth
dark,1.0,0.0,1.0,0.1981474906206131,0.6465190052986145,0.7903380990028381,far_right,0.5,0.5,0.5,60,timeout,133,fixed,Fixed camera,checkpoint/2026-05-09-22-32-06/checkpoint0014.pth
dark,1.0,0.0,1.0,0.21554860472679138,0.5858748555183411,0.7847535610198975,far_right,0.5,0.5,0.5,60,timeout,134,fixed,Fixed camera,checkpoint/2026-05-09-22-32-06/checkpoint0014.pth
dark,0.0,1.0,0.0,1.8369622230529785,0.6271762251853943,0.5497221946716309,far_right,0.5,0.5,0.5,26,collision,135,fixed,Fixed camera,checkpoint/2026-05-09-22-32-06/checkpoint0014.pth
dark,1.0,0.0,1.0,0.13171806931495667,0.5994694232940674,0.7920934557914734,right,0.5,0.5,0.5,60,timeout,136,fixed,Fixed camera,checkpoint/2026-05-09-22-32-06/checkpoint0014.pth
dark,1.0,0.0,1.0,0.09344165027141571,0.613710343837738,0.788966178894043,left,0.5,0.5,0.5,60,timeout,137,fixed,Fixed camera,checkpoint/2026-05-09-22-32-06/checkpoint0014.pth
dark,1.0,0.0,1.0,0.11986856162548065,0.6079041957855225,0.7848162651062012,far_right,0.5,0.5,0.5,60,timeout,138,fixed,Fixed camera,checkpoint/2026-05-09-22-32-06/checkpoint0014.pth
dark,0.0,1.0,0.0,1.8303922414779663,0.6465558409690857,0.561103343963623,far_right,0.5,0.5,0.5,27,collision,139,fixed,Fixed camera,checkpoint/2026-05-09-22-32-06/checkpoint0014.pth
dark,0.0,1.0,0.0,1.7462892532348633,0.6706622242927551,0.5201099514961243,far_left,0.5,0.5,0.5,26,collision,140,fixed,Fixed camera,checkpoint/2026-05-09-22-32-06/checkpoint0014.pth
dark,0.0,1.0,0.0,1.8111457824707031,0.6690477132797241,0.5340772271156311,far_left,0.5,0.5,0.5,25,collision,141,fixed,Fixed camera,checkpoint/2026-05-09-22-32-06/checkpoint0014.pth
dark,1.0,0.0,1.0,0.07688740640878677,0.6887742877006531,0.7909818887710571,far_left,0.5,0.5,0.5,60,timeout,142,fixed,Fixed camera,checkpoint/2026-05-09-22-32-06/checkpoint0014.pth
dark,1.0,0.0,1.0,0.10454531759023666,0.6332049369812012,0.7809823751449585,far_left,0.5,0.5,0.5,60,timeout,143,fixed,Fixed camera,checkpoint/2026-05-09-22-32-06/checkpoint0014.pth
dark,1.0,0.0,1.0,0.07118351012468338,0.5952545404434204,0.7973162531852722,left,0.5,0.5,0.5,60,timeout,144,fixed,Fixed camera,checkpoint/2026-05-09-22-32-06/checkpoint0014.pth
dark,1.0,0.0,1.0,0.09015905112028122,0.5991440415382385,0.7887442708015442,left,0.5,0.5,0.5,60,timeout,145,fixed,Fixed camera,checkpoint/2026-05-09-22-32-06/checkpoint0014.pth
dark,1.0,0.0,1.0,0.12194858491420746,0.5953337550163269,0.7780237793922424,far_right,0.5,0.5,0.5,60,timeout,146,fixed,Fixed camera,checkpoint/2026-05-09-22-32-06/checkpoint0014.pth
dark,1.0,0.0,1.0,0.25946083664894104,0.6280208826065063,0.7798249125480652,far_right,0.5,0.5,0.5,60,timeout,147,fixed,Fixed camera,checkpoint/2026-05-09-22-32-06/checkpoint0014.pth
dark,1.0,0.0,1.0,0.10081623494625092,0.6253139972686768,0.7639468312263489,far_left,0.5,0.5,0.5,60,timeout,148,fixed,Fixed camera,checkpoint/2026-05-09-22-32-06/checkpoint0014.pth
dark,0.0,1.0,0.0,1.7345304489135742,0.6978631615638733,0.502285897731781,far_left,0.5,0.5,0.5,26,collision,149,fixed,Fixed camera,checkpoint/2026-05-09-22-32-06/checkpoint0014.pth
dark,1.0,0.0,1.0,0.07189261168241501,0.6033387184143066,0.7880449891090393,right,0.5,0.5,0.5,60,timeout,150,fixed,Fixed camera,checkpoint/2026-05-09-22-32-06/checkpoint0014.pth
dark,0.0,1.0,0.0,1.821460485458374,0.6369442343711853,0.5680673718452454,far_right,0.5,0.5,0.5,28,collision,151,fixed,Fixed camera,checkpoint/2026-05-09-22-32-06/checkpoint0014.pth
dark,1.0,0.0,1.0,0.1300620138645172,0.6004250645637512,0.7987751364707947,right,0.5,0.5,0.5,60,timeout,152,fixed,Fixed camera,checkpoint/2026-05-09-22-32-06/checkpoint0014.pth
dark,1.0,0.0,1.0,0.1783452332019806,0.5881282687187195,0.7917197346687317,right,0.5,0.5,0.5,60,timeout,153,fixed,Fixed camera,checkpoint/2026-05-09-22-32-06/checkpoint0014.pth
dark,1.0,0.0,1.0,0.09121287614107132,0.5918622016906738,0.7878762483596802,left,0.5,0.5,0.5,60,timeout,154,fixed,Fixed camera,checkpoint/2026-05-09-22-32-06/checkpoint0014.pth
dark,1.0,0.0,1.0,0.12579531967639923,0.6107703447341919,0.775834321975708,far_right,0.5,0.5,0.5,60,timeout,155,fixed,Fixed camera,checkpoint/2026-05-09-22-32-06/checkpoint0014.pth
dark,1.0,0.0,1.0,0.1076517403125763,0.593881368637085,0.7997757792472839,left,0.5,0.5,0.5,60,timeout,156,fixed,Fixed camera,checkpoint/2026-05-09-22-32-06/checkpoint0014.pth
dark,1.0,0.0,1.0,0.1665915697813034,0.6146758794784546,0.7879509329795837,far_right,0.5,0.5,0.5,60,timeout,157,fixed,Fixed camera,checkpoint/2026-05-09-22-32-06/checkpoint0014.pth
dark,1.0,0.0,1.0,0.09840161353349686,0.5873404741287231,0.7908927202224731,left,0.5,0.5,0.5,60,timeout,158,fixed,Fixed camera,checkpoint/2026-05-09-22-32-06/checkpoint0014.pth
dark,0.0,1.0,0.0,1.671095609664917,0.7064453363418579,0.5493397116661072,far_left,0.5,0.5,0.5,29,collision,159,fixed,Fixed camera,checkpoint/2026-05-09-22-32-06/checkpoint0014.pth
dark,1.0,0.0,1.0,0.28146782517433167,0.5817162990570068,0.7897208333015442,far_right,0.5,0.5,0.5,60,timeout,160,fixed,Fixed camera,checkpoint/2026-05-09-22-32-06/checkpoint0014.pth
dark,1.0,0.0,1.0,0.16980327665805817,0.6026915311813354,0.7964072227478027,far_left,0.5,0.5,0.5,60,timeout,161,fixed,Fixed camera,checkpoint/2026-05-09-22-32-06/checkpoint0014.pth
dark,1.0,0.0,1.0,0.12175177037715912,0.6183736324310303,0.7802976369857788,far_right,0.5,0.5,0.5,60,timeout,162,fixed,Fixed camera,checkpoint/2026-05-09-22-32-06/checkpoint0014.pth
dark,1.0,0.0,1.0,0.04031545668840408,0.6365452408790588,0.7924166321754456,far_right,0.5,0.5,0.5,60,timeout,163,fixed,Fixed camera,checkpoint/2026-05-09-22-32-06/checkpoint0014.pth
dark,1.0,0.0,1.0,0.1621292680501938,0.5813753604888916,0.8007282614707947,left,0.5,0.5,0.5,60,timeout,164,fixed,Fixed camera,checkpoint/2026-05-09-22-32-06/checkpoint0014.pth
dark,0.0,1.0,0.0,1.731918215751648,0.6930049061775208,0.5229552388191223,far_right,0.5,0.5,0.5,28,collision,165,fixed,Fixed camera,checkpoint/2026-05-09-22-32-06/checkpoint0014.pth
dark,1.0,0.0,1.0,0.1834091991186142,0.5746546983718872,0.7918692827224731,left,0.5,0.5,0.5,60,timeout,166,fixed,Fixed camera,checkpoint/2026-05-09-22-32-06/checkpoint0014.pth
dark,1.0,0.0,1.0,0.15446577966213226,0.5984216928482056,0.7769050002098083,right,0.5,0.5,0.5,60,timeout,167,fixed,Fixed camera,checkpoint/2026-05-09-22-32-06/checkpoint0014.pth
dark,0.0,1.0,0.0,1.8184776306152344,0.659107506275177,0.5417056679725647,far_left,0.5,0.5,0.5,27,collision,168,fixed,Fixed camera,checkpoint/2026-05-09-22-32-06/checkpoint0014.pth
dark,0.0,1.0,0.0,1.8009591102600098,0.6939311027526855,0.5325882434844971,far_right,0.5,0.5,0.5,25,collision,169,fixed,Fixed camera,checkpoint/2026-05-09-22-32-06/checkpoint0014.pth
dark,1.0,0.0,1.0,0.16740325093269348,0.6023871302604675,0.8021919131278992,left,0.5,0.5,0.5,60,timeout,170,fixed,Fixed camera,checkpoint/2026-05-09-22-32-06/checkpoint0014.pth
dark,1.0,0.0,1.0,0.14589741826057434,0.6127039194107056,0.7869478464126587,far_left,0.5,0.5,0.5,60,timeout,171,fixed,Fixed camera,checkpoint/2026-05-09-22-32-06/checkpoint0014.pth
dark,1.0,0.0,1.0,0.17737580835819244,0.6014750599861145,0.7880883812904358,far_left,0.5,0.5,0.5,60,timeout,172,fixed,Fixed camera,checkpoint/2026-05-09-22-32-06/checkpoint0014.pth
dark,1.0,0.0,1.0,0.1045142114162445,0.6050001382827759,0.7828848958015442,right,0.5,0.5,0.5,60,timeout,173,fixed,Fixed camera,checkpoint/2026-05-09-22-32-06/checkpoint0014.pth
dark,1.0,0.0,1.0,0.1450306475162506,0.6111436486244202,0.7840543389320374,far_right,0.5,0.5,0.5,60,timeout,174,fixed,Fixed camera,checkpoint/2026-05-09-22-32-06/checkpoint0014.pth
dark,1.0,0.0,1.0,0.17735233902931213,0.5970340371131897,0.7950497269630432,far_left,0.5,0.5,0.5,60,timeout,175,fixed,Fixed camera,checkpoint/2026-05-09-22-32-06/checkpoint0014.pth
dark,1.0,0.0,1.0,0.11670786887407303,0.6183831691741943,0.7838373184204102,far_right,0.5,0.5,0.5,60,timeout,176,fixed,Fixed camera,checkpoint/2026-05-09-22-32-06/checkpoint0014.pth
dark,1.0,0.0,1.0,0.16947779059410095,0.6060022711753845,0.7947555184364319,left,0.5,0.5,0.5,60,timeout,177,fixed,Fixed camera,checkpoint/2026-05-09-22-32-06/checkpoint0014.pth
dark,1.0,0.0,1.0,0.09749025851488113,0.5882946252822876,0.7973814010620117,left,0.5,0.5,0.5,60,timeout,178,fixed,Fixed camera,checkpoint/2026-05-09-22-32-06/checkpoint0014.pth
dark,1.0,0.0,1.0,0.07339516282081604,0.5935353636741638,0.7889226675033569,right,0.5,0.5,0.5,60,timeout,179,fixed,Fixed camera,checkpoint/2026-05-09-22-32-06/checkpoint0014.pth
dark,1.0,0.0,1.0,0.06567616760730743,0.6119019985198975,0.7792559862136841,left,0.5,0.5,0.5,60,timeout,180,fixed,Fixed camera,checkpoint/2026-05-09-22-32-06/checkpoint0014.pth
dark,1.0,0.0,1.0,0.1688033789396286,0.6428706049919128,0.7787230610847473,far_right,0.5,0.5,0.5,60,timeout,181,fixed,Fixed camera,checkpoint/2026-05-09-22-32-06/checkpoint0014.pth
dark,1.0,0.0,1.0,0.06219875067472458,0.6053627133369446,0.7916739583015442,left,0.5,0.5,0.5,60,timeout,182,fixed,Fixed camera,checkpoint/2026-05-09-22-32-06/checkpoint0014.pth
dark,0.0,1.0,0.0,1.767215609550476,0.6563828587532043,0.5124722719192505,far_left,0.5,0.5,0.5,25,collision,183,fixed,Fixed camera,checkpoint/2026-05-09-22-32-06/checkpoint0014.pth
dark,1.0,0.0,1.0,0.18157324194908142,0.6151572465896606,0.7744309306144714,far_left,0.5,0.5,0.5,60,timeout,184,fixed,Fixed camera,checkpoint/2026-05-09-22-32-06/checkpoint0014.pth
dark,1.0,0.0,1.0,0.2545072138309479,0.5788865685462952,0.7905381917953491,far_right,0.5,0.5,0.5,60,timeout,185,fixed,Fixed camera,checkpoint/2026-05-09-22-32-06/checkpoint0014.pth
dark,1.0,0.0,1.0,0.22704394161701202,0.5918937921524048,0.7872757315635681,far_right,0.5,0.5,0.5,60,timeout,186,fixed,Fixed camera,checkpoint/2026-05-09-22-32-06/checkpoint0014.pth
dark,1.0,0.0,1.0,0.20925617218017578,0.6125308275222778,0.7728902101516724,far_left,0.5,0.5,0.5,60,timeout,187,fixed,Fixed camera,checkpoint/2026-05-09-22-32-06/checkpoint0014.pth
dark,1.0,0.0,1.0,0.13935650885105133,0.6126768589019775,0.7873770594596863,far_right,0.5,0.5,0.5,60,timeout,188,fixed,Fixed camera,checkpoint/2026-05-09-22-32-06/checkpoint0014.pth
dark,0.0,1.0,0.0,1.5035088062286377,0.7321328520774841,0.4911024570465088,far_left,0.5,0.5,0.5,27,collision,189,fixed,Fixed camera,checkpoint/2026-05-09-22-32-06/checkpoint0014.pth
dark,1.0,0.0,1.0,0.0978245735168457,0.5955206155776978,0.7915365099906921,left,0.5,0.5,0.5,60,timeout,190,fixed,Fixed camera,checkpoint/2026-05-09-22-32-06/checkpoint0014.pth
dark,1.0,0.0,1.0,0.2020605504512787,0.5872541069984436,0.7901211380958557,right,0.5,0.5,0.5,60,timeout,191,fixed,Fixed camera,checkpoint/2026-05-09-22-32-06/checkpoint0014.pth
dark,0.0,1.0,0.0,1.7246534824371338,0.6524349451065063,0.5032685995101929,far_right,0.5,0.5,0.5,28,collision,192,fixed,Fixed camera,checkpoint/2026-05-09-22-32-06/checkpoint0014.pth
dark,1.0,0.0,1.0,0.17259719967842102,0.6233742833137512,0.7929349541664124,far_right,0.5,0.5,0.5,60,timeout,193,fixed,Fixed camera,checkpoint/2026-05-09-22-32-06/checkpoint0014.pth
dark,1.0,0.0,1.0,0.12568926811218262,0.5901501178741455,0.8062862157821655,left,0.5,0.5,0.5,60,timeout,194,fixed,Fixed camera,checkpoint/2026-05-09-22-32-06/checkpoint0014.pth
dark,1.0,0.0,1.0,0.18739096820354462,0.630051851272583,0.7740861773490906,far_right,0.5,0.5,0.5,60,timeout,195,fixed,Fixed camera,checkpoint/2026-05-09-22-32-06/checkpoint0014.pth
dark,1.0,0.0,1.0,0.20789654552936554,0.5909361243247986,0.789923369884491,far_left,0.5,0.5,0.5,60,timeout,196,fixed,Fixed camera,checkpoint/2026-05-09-22-32-06/checkpoint0014.pth
dark,0.0,1.0,0.0,1.7825260162353516,0.6534321308135986,0.5349615216255188,far_right,0.5,0.5,0.5,27,collision,197,fixed,Fixed camera,checkpoint/2026-05-09-22-32-06/checkpoint0014.pth
dark,1.0,0.0,1.0,0.15550054609775543,0.5854865312576294,0.7935547232627869,right,0.5,0.5,0.5,60,timeout,198,fixed,Fixed camera,checkpoint/2026-05-09-22-32-06/checkpoint0014.pth
dark,1.0,0.0,1.0,0.07759489864110947,0.6161025166511536,0.7924648523330688,right,0.5,0.5,0.5,60,timeout,199,fixed,Fixed camera,checkpoint/2026-05-09-22-32-06/checkpoint0014.pth
dark,1.0,0.0,1.0,0.17156866192817688,0.577722430229187,0.8081139326095581,left,0.5,0.5,0.5,60,timeout,200,fixed,Fixed camera,checkpoint/2026-05-09-22-32-06/checkpoint0014.pth
dark,1.0,0.0,1.0,0.1249924749135971,0.6173714995384216,0.7829186320304871,far_left,0.5,0.5,0.5,60,timeout,201,fixed,Fixed camera,checkpoint/2026-05-09-22-32-06/checkpoint0014.pth
dark,0.0,1.0,0.0,1.6448594331741333,0.7132205963134766,0.4856639504432678,right,0.5,0.5,0.5,23,collision,202,fixed,Fixed camera,checkpoint/2026-05-09-22-32-06/checkpoint0014.pth
dark,1.0,0.0,1.0,0.16391217708587646,0.5950111746788025,0.7971475124359131,left,0.5,0.5,0.5,60,timeout,203,fixed,Fixed camera,checkpoint/2026-05-09-22-32-06/checkpoint0014.pth
dark,1.0,0.0,1.0,0.15671245753765106,0.5984665751457214,0.7868056297302246,right,0.5,0.5,0.5,60,timeout,204,fixed,Fixed camera,checkpoint/2026-05-09-22-32-06/checkpoint0014.pth
dark,1.0,0.0,1.0,0.13084761798381805,0.5930476188659668,0.7909963130950928,right,0.5,0.5,0.5,60,timeout,205,fixed,Fixed camera,checkpoint/2026-05-09-22-32-06/checkpoint0014.pth
dark,0.0,1.0,0.0,1.770646333694458,0.6468642950057983,0.518773078918457,far_right,0.5,0.5,0.5,26,collision,206,fixed,Fixed camera,checkpoint/2026-05-09-22-32-06/checkpoint0014.pth
dark,1.0,0.0,1.0,0.1182931438088417,0.6053184866905212,0.7994623184204102,left,0.5,0.5,0.5,60,timeout,207,fixed,Fixed camera,checkpoint/2026-05-09-22-32-06/checkpoint0014.pth
dark,1.0,0.0,1.0,0.10199668258428574,0.581712543964386,0.8028284311294556,right,0.5,0.5,0.5,60,timeout,208,fixed,Fixed camera,checkpoint/2026-05-09-22-32-06/checkpoint0014.pth
dark,0.0,1.0,0.0,1.7092312574386597,0.6457828879356384,0.511386513710022,far_left,0.5,0.5,0.5,28,collision,209,fixed,Fixed camera,checkpoint/2026-05-09-22-32-06/checkpoint0014.pth
dark,0.0,1.0,0.0,1.4129503965377808,0.7638841867446899,0.5141550898551941,left,0.5,0.5,0.5,26,collision,210,fixed,Fixed camera,checkpoint/2026-05-09-22-32-06/checkpoint0014.pth
dark,1.0,0.0,1.0,0.18439167737960815,0.6072878837585449,0.7804301977157593,far_right,0.5,0.5,0.5,60,timeout,211,fixed,Fixed camera,checkpoint/2026-05-09-22-32-06/checkpoint0014.pth
dark,1.0,0.0,1.0,0.13744713366031647,0.6223503351211548,0.784864604473114,far_right,0.5,0.5,0.5,60,timeout,212,fixed,Fixed camera,checkpoint/2026-05-09-22-32-06/checkpoint0014.pth
dark,0.0,1.0,0.0,1.7054277658462524,0.678703784942627,0.4941340386867523,left,0.5,0.5,0.5,23,collision,213,fixed,Fixed camera,checkpoint/2026-05-09-22-32-06/checkpoint0014.pth
dark,1.0,0.0,1.0,0.22989040613174438,0.5762695074081421,0.7811825275421143,right,0.5,0.5,0.5,60,timeout,214,fixed,Fixed camera,checkpoint/2026-05-09-22-32-06/checkpoint0014.pth
dark,0.0,1.0,0.0,1.7109142541885376,0.6918268203735352,0.5028243660926819,far_left,0.5,0.5,0.5,24,collision,215,fixed,Fixed camera,checkpoint/2026-05-09-22-32-06/checkpoint0014.pth
dark,1.0,0.0,1.0,0.09436151385307312,0.6135597825050354,0.7823472023010254,far_right,0.5,0.5,0.5,60,timeout,216,fixed,Fixed camera,checkpoint/2026-05-09-22-32-06/checkpoint0014.pth
dark,1.0,0.0,1.0,0.09977728128433228,0.6035898923873901,0.7898919582366943,right,0.5,0.5,0.5,60,timeout,217,fixed,Fixed camera,checkpoint/2026-05-09-22-32-06/checkpoint0014.pth
dark,1.0,0.0,1.0,0.18283124268054962,0.617432713508606,0.7817250490188599,far_right,0.5,0.5,0.5,60,timeout,218,fixed,Fixed camera,checkpoint/2026-05-09-22-32-06/checkpoint0014.pth
dark,0.0,1.0,0.0,1.7524923086166382,0.6689079403877258,0.5164988040924072,far_left,0.5,0.5,0.5,26,collision,219,fixed,Fixed camera,checkpoint/2026-05-09-22-32-06/checkpoint0014.pth
dark,0.0,1.0,0.0,1.7510381937026978,0.6753178238868713,0.5110011696815491,far_left,0.5,0.5,0.5,26,collision,220,fixed,Fixed camera,checkpoint/2026-05-09-22-32-06/checkpoint0014.pth
dark,1.0,0.0,1.0,0.11905144155025482,0.6005757451057434,0.7842593193054199,right,0.5,0.5,0.5,60,timeout,221,fixed,Fixed camera,checkpoint/2026-05-09-22-32-06/checkpoint0014.pth
dark,1.0,0.0,1.0,0.18122351169586182,0.6441706418991089,0.774766206741333,far_left,0.5,0.5,0.5,60,timeout,222,fixed,Fixed camera,checkpoint/2026-05-09-22-32-06/checkpoint0014.pth
dark,0.0,1.0,0.0,1.7379515171051025,0.6813057661056519,0.5149619579315186,far_left,0.5,0.5,0.5,25,collision,223,fixed,Fixed camera,checkpoint/2026-05-09-22-32-06/checkpoint0014.pth
dark,0.0,1.0,0.0,1.6815165281295776,0.6766210794448853,0.4911559224128723,left,0.5,0.5,0.5,24,collision,224,fixed,Fixed camera,checkpoint/2026-05-09-22-32-06/checkpoint0014.pth
dark,0.0,1.0,0.0,1.7236605882644653,0.6518998146057129,0.49600332975387573,far_left,0.5,0.5,0.5,25,collision,225,fixed,Fixed camera,checkpoint/2026-05-09-22-32-06/checkpoint0014.pth
dark,1.0,0.0,1.0,0.21693965792655945,0.5825369954109192,0.7926312685012817,left,0.5,0.5,0.5,60,timeout,226,fixed,Fixed camera,checkpoint/2026-05-09-22-32-06/checkpoint0014.pth
dark,1.0,0.0,1.0,0.26170268654823303,0.5655678510665894,0.8021195530891418,left,0.5,0.5,0.5,60,timeout,227,fixed,Fixed camera,checkpoint/2026-05-09-22-32-06/checkpoint0014.pth
dark,1.0,0.0,1.0,0.1179906502366066,0.5833972692489624,0.7928361892700195,left,0.5,0.5,0.5,60,timeout,228,fixed,Fixed camera,checkpoint/2026-05-09-22-32-06/checkpoint0014.pth
dark,1.0,0.0,1.0,0.03794648125767708,0.6188117265701294,0.7845413684844971,right,0.5,0.5,0.5,60,timeout,229,fixed,Fixed camera,checkpoint/2026-05-09-22-32-06/checkpoint0014.pth
dark,1.0,0.0,1.0,0.09929357469081879,0.5763241052627563,0.8069348335266113,left,0.5,0.5,0.5,60,timeout,230,fixed,Fixed camera,checkpoint/2026-05-09-22-32-06/checkpoint0014.pth
dark,1.0,0.0,1.0,0.11816847324371338,0.5955495238304138,0.7902150750160217,left,0.5,0.5,0.5,60,timeout,231,fixed,Fixed camera,checkpoint/2026-05-09-22-32-06/checkpoint0014.pth
dark,0.0,1.0,0.0,1.5959899425506592,0.7349838614463806,0.5393797159194946,far_left,0.5,0.5,0.5,27,collision,232,fixed,Fixed camera,checkpoint/2026-05-09-22-32-06/checkpoint0014.pth
dark,0.0,1.0,0.0,1.8246756792068481,0.6615500450134277,0.5365005731582642,far_left,0.5,0.5,0.5,25,collision,233,fixed,Fixed camera,checkpoint/2026-05-09-22-32-06/checkpoint0014.pth
dark,0.0,1.0,0.0,1.7717137336730957,0.6580348610877991,0.514863908290863,far_right,0.5,0.5,0.5,24,collision,234,fixed,Fixed camera,checkpoint/2026-05-09-22-32-06/checkpoint0014.pth
dark,0.0,1.0,0.0,1.6310029029846191,0.7088322043418884,0.5288577079772949,far_right,0.5,0.5,0.5,29,collision,235,fixed,Fixed camera,checkpoint/2026-05-09-22-32-06/checkpoint0014.pth
dark,1.0,0.0,1.0,0.13922128081321716,0.6011542081832886,0.7907576560974121,left,0.5,0.5,0.5,60,timeout,236,fixed,Fixed camera,checkpoint/2026-05-09-22-32-06/checkpoint0014.pth
dark,1.0,0.0,1.0,0.12419286370277405,0.5980516672134399,0.8006510734558105,right,0.5,0.5,0.5,60,timeout,237,fixed,Fixed camera,checkpoint/2026-05-09-22-32-06/checkpoint0014.pth
dark,1.0,0.0,1.0,0.05832096189260483,0.5961660146713257,0.8009501099586487,left,0.5,0.5,0.5,60,timeout,238,fixed,Fixed camera,checkpoint/2026-05-09-22-32-06/checkpoint0014.pth
dark,0.0,1.0,0.0,1.6562696695327759,0.7078003883361816,0.4800528287887573,far_right,0.5,0.5,0.5,25,collision,239,fixed,Fixed camera,checkpoint/2026-05-09-22-32-06/checkpoint0014.pth
dark,1.0,0.0,1.0,0.10221025347709656,0.6201417446136475,0.7826533913612366,far_right,0.5,0.5,0.5,60,timeout,240,fixed,Fixed camera,checkpoint/2026-05-09-22-32-06/checkpoint0014.pth
dark,1.0,0.0,1.0,0.10146041214466095,0.5935206413269043,0.7916112542152405,left,0.5,0.5,0.5,60,timeout,241,fixed,Fixed camera,checkpoint/2026-05-09-22-32-06/checkpoint0014.pth
dark,1.0,0.0,1.0,0.17300410568714142,0.6237666010856628,0.7904779314994812,far_left,0.5,0.5,0.5,60,timeout,242,fixed,Fixed camera,checkpoint/2026-05-09-22-32-06/checkpoint0014.pth
dark,1.0,0.0,1.0,0.15370242297649384,0.5925437211990356,0.7962890863418579,left,0.5,0.5,0.5,60,timeout,243,fixed,Fixed camera,checkpoint/2026-05-09-22-32-06/checkpoint0014.pth
dark,1.0,0.0,1.0,0.12475650757551193,0.5989073514938354,0.803291380405426,left,0.5,0.5,0.5,60,timeout,244,fixed,Fixed camera,checkpoint/2026-05-09-22-32-06/checkpoint0014.pth
dark,0.0,1.0,0.0,1.7424415349960327,0.6911054849624634,0.50640469789505,far_left,0.5,0.5,0.5,27,collision,245,fixed,Fixed camera,checkpoint/2026-05-09-22-32-06/checkpoint0014.pth
dark,0.0,1.0,0.0,1.5629241466522217,0.6912408471107483,0.510323703289032,far_left,0.5,0.5,0.5,29,collision,246,fixed,Fixed camera,checkpoint/2026-05-09-22-32-06/checkpoint0014.pth
dark,0.0,1.0,0.0,1.7606019973754883,0.671335756778717,0.5075231790542603,far_left,0.5,0.5,0.5,24,collision,247,fixed,Fixed camera,checkpoint/2026-05-09-22-32-06/checkpoint0014.pth
dark,0.0,1.0,0.0,1.843734622001648,0.6596444845199585,0.5478993058204651,far_left,0.5,0.5,0.5,26,collision,248,fixed,Fixed camera,checkpoint/2026-05-09-22-32-06/checkpoint0014.pth
dark,1.0,0.0,1.0,0.0663149505853653,0.6022654175758362,0.7916064262390137,right,0.5,0.5,0.5,60,timeout,249,fixed,Fixed camera,checkpoint/2026-05-09-22-32-06/checkpoint0014.pth
dark,1.0,0.0,1.0,0.08837400376796722,0.6012112498283386,0.7931665182113647,left,0.5,0.5,0.5,60,timeout,250,fixed,Fixed camera,checkpoint/2026-05-09-22-32-06/checkpoint0014.pth
dark,0.0,1.0,0.0,1.7714425325393677,0.6717103719711304,0.521292507648468,far_left,0.5,0.5,0.5,24,collision,251,fixed,Fixed camera,checkpoint/2026-05-09-22-32-06/checkpoint0014.pth
dark,0.0,1.0,0.0,1.8111493587493896,0.674481213092804,0.5550984144210815,far_right,0.5,0.5,0.5,26,collision,252,fixed,Fixed camera,checkpoint/2026-05-09-22-32-06/checkpoint0014.pth
dark,1.0,0.0,1.0,0.07387637346982956,0.6066831350326538,0.7881173491477966,left,0.5,0.5,0.5,60,timeout,253,fixed,Fixed camera,checkpoint/2026-05-09-22-32-06/checkpoint0014.pth
dark,1.0,0.0,1.0,0.06430002301931381,0.6126285195350647,0.7960359454154968,left,0.5,0.5,0.5,60,timeout,254,fixed,Fixed camera,checkpoint/2026-05-09-22-32-06/checkpoint0014.pth
dark,0.0,1.0,0.0,1.6183650493621826,0.7135310769081116,0.48456019163131714,far_left,0.5,0.5,0.5,26,collision,255,fixed,Fixed camera,checkpoint/2026-05-09-22-32-06/checkpoint0014.pth
dark,1.0,0.0,1.0,0.1026088297367096,0.621514618396759,0.7924648523330688,right,0.5,0.5,0.5,60,timeout,256,fixed,Fixed camera,checkpoint/2026-05-09-22-32-06/checkpoint0014.pth
dark,1.0,0.0,1.0,0.09814509749412537,0.6018665432929993,0.7877869606018066,right,0.5,0.5,0.5,60,timeout,257,fixed,Fixed camera,checkpoint/2026-05-09-22-32-06/checkpoint0014.pth
dark,0.0,1.0,0.0,1.6887643337249756,0.7263321280479431,0.519976794719696,far_right,0.5,0.5,0.5,26,collision,258,fixed,Fixed camera,checkpoint/2026-05-09-22-32-06/checkpoint0014.pth
dark,1.0,0.0,1.0,0.14676572382450104,0.5924798250198364,0.8007137775421143,right,0.5,0.5,0.5,60,timeout,259,fixed,Fixed camera,checkpoint/2026-05-09-22-32-06/checkpoint0014.pth
dark,1.0,0.0,1.0,0.05495297536253929,0.6034294366836548,0.7842521071434021,right,0.5,0.5,0.5,60,timeout,260,fixed,Fixed camera,checkpoint/2026-05-09-22-32-06/checkpoint0014.pth
dark,0.0,1.0,0.0,1.625759243965149,0.7336981296539307,0.47435462474823,right,0.5,0.5,0.5,24,collision,261,fixed,Fixed camera,checkpoint/2026-05-09-22-32-06/checkpoint0014.pth
dark,1.0,0.0,1.0,0.1955849677324295,0.6199352741241455,0.7713759541511536,far_right,0.5,0.5,0.5,60,timeout,262,fixed,Fixed camera,checkpoint/2026-05-09-22-32-06/checkpoint0014.pth
dark,0.0,1.0,0.0,1.6272140741348267,0.7385258078575134,0.5134896039962769,far_right,0.5,0.5,0.5,26,collision,263,fixed,Fixed camera,checkpoint/2026-05-09-22-32-06/checkpoint0014.pth
dark,1.0,0.0,1.0,0.11527731269598007,0.6191507577896118,0.7818142175674438,far_left,0.5,0.5,0.5,60,timeout,264,fixed,Fixed camera,checkpoint/2026-05-09-22-32-06/checkpoint0014.pth
dark,1.0,0.0,1.0,0.10731495916843414,0.611346423625946,0.786243736743927,left,0.5,0.5,0.5,60,timeout,265,fixed,Fixed camera,checkpoint/2026-05-09-22-32-06/checkpoint0014.pth
dark,1.0,0.0,1.0,0.1575055569410324,0.5899914503097534,0.7976441979408264,left,0.5,0.5,0.5,60,timeout,266,fixed,Fixed camera,checkpoint/2026-05-09-22-32-06/checkpoint0014.pth
dark,1.0,0.0,1.0,0.1022222638130188,0.5937530994415283,0.7980589866638184,left,0.5,0.5,0.5,60,timeout,267,fixed,Fixed camera,checkpoint/2026-05-09-22-32-06/checkpoint0014.pth
dark,1.0,0.0,1.0,0.1915217638015747,0.5875294804573059,0.7805628180503845,left,0.5,0.5,0.5,60,timeout,268,fixed,Fixed camera,checkpoint/2026-05-09-22-32-06/checkpoint0014.pth
dark,1.0,0.0,1.0,0.11284871399402618,0.6037288904190063,0.791876494884491,left,0.5,0.5,0.5,60,timeout,269,fixed,Fixed camera,checkpoint/2026-05-09-22-32-06/checkpoint0014.pth
dark,1.0,0.0,1.0,0.04938364028930664,0.6149290800094604,0.7990186214447021,far_left,0.5,0.5,0.5,60,timeout,270,fixed,Fixed camera,checkpoint/2026-05-09-22-32-06/checkpoint0014.pth
dark,1.0,0.0,1.0,0.08543991297483444,0.6325818300247192,0.7786337733268738,far_left,0.5,0.5,0.5,60,timeout,271,fixed,Fixed camera,checkpoint/2026-05-09-22-32-06/checkpoint0014.pth
dark,1.0,0.0,1.0,0.163041353225708,0.5731825232505798,0.8041691184043884,right,0.5,0.5,0.5,60,timeout,272,fixed,Fixed camera,checkpoint/2026-05-09-22-32-06/checkpoint0014.pth
dark,1.0,0.0,1.0,0.21072185039520264,0.5901634693145752,0.7884693741798401,right,0.5,0.5,0.5,60,timeout,273,fixed,Fixed camera,checkpoint/2026-05-09-22-32-06/checkpoint0014.pth
dark,1.0,0.0,1.0,0.03790515661239624,0.6009741425514221,0.7978516221046448,left,0.5,0.5,0.5,60,timeout,274,fixed,Fixed camera,checkpoint/2026-05-09-22-32-06/checkpoint0014.pth
dark,1.0,0.0,1.0,0.08278796821832657,0.5807498097419739,0.8013479709625244,left,0.5,0.5,0.5,60,timeout,275,fixed,Fixed camera,checkpoint/2026-05-09-22-32-06/checkpoint0014.pth
dark,1.0,0.0,1.0,0.13831393420696259,0.5887653827667236,0.7870057225227356,right,0.5,0.5,0.5,60,timeout,276,fixed,Fixed camera,checkpoint/2026-05-09-22-32-06/checkpoint0014.pth
dark,1.0,0.0,1.0,0.16474013030529022,0.604790449142456,0.7823447585105896,far_left,0.5,0.5,0.5,60,timeout,277,fixed,Fixed camera,checkpoint/2026-05-09-22-32-06/checkpoint0014.pth
dark,1.0,0.0,1.0,0.1105053648352623,0.5935184359550476,0.7902634143829346,left,0.5,0.5,0.5,60,timeout,278,fixed,Fixed camera,checkpoint/2026-05-09-22-32-06/checkpoint0014.pth
dark,1.0,0.0,1.0,0.17439906299114227,0.5719613432884216,0.800356924533844,right,0.5,0.5,0.5,60,timeout,279,fixed,Fixed camera,checkpoint/2026-05-09-22-32-06/checkpoint0014.pth
dark,1.0,0.0,1.0,0.08042943477630615,0.6391211748123169,0.7759693264961243,far_left,0.5,0.5,0.5,60,timeout,280,fixed,Fixed camera,checkpoint/2026-05-09-22-32-06/checkpoint0014.pth
dark,0.0,1.0,0.0,1.7517485618591309,0.6774561405181885,0.5061458349227905,far_left,0.5,0.5,0.5,26,collision,281,fixed,Fixed camera,checkpoint/2026-05-09-22-32-06/checkpoint0014.pth
dark,1.0,0.0,1.0,0.15262848138809204,0.6139730215072632,0.7780526876449585,far_left,0.5,0.5,0.5,60,timeout,282,fixed,Fixed camera,checkpoint/2026-05-09-22-32-06/checkpoint0014.pth
dark,0.0,1.0,0.0,1.7983943223953247,0.7085307240486145,0.5222143530845642,far_left,0.5,0.5,0.5,23,collision,283,fixed,Fixed camera,checkpoint/2026-05-09-22-32-06/checkpoint0014.pth
dark,1.0,0.0,1.0,0.12521398067474365,0.5901251435279846,0.790815532207489,right,0.5,0.5,0.5,60,timeout,284,fixed,Fixed camera,checkpoint/2026-05-09-22-32-06/checkpoint0014.pth
dark,0.0,1.0,0.0,1.544350504875183,0.6869643330574036,0.5251237154006958,far_right,0.5,0.5,0.5,30,collision,285,fixed,Fixed camera,checkpoint/2026-05-09-22-32-06/checkpoint0014.pth
dark,0.0,1.0,0.0,1.7549513578414917,0.7158638834953308,0.521213173866272,far_right,0.5,0.5,0.5,25,collision,286,fixed,Fixed camera,checkpoint/2026-05-09-22-32-06/checkpoint0014.pth
dark,0.0,1.0,0.0,1.7713415622711182,0.6681181788444519,0.5128760933876038,far_right,0.5,0.5,0.5,26,collision,287,fixed,Fixed camera,checkpoint/2026-05-09-22-32-06/checkpoint0014.pth
dark,1.0,0.0,1.0,0.04605085775256157,0.5928715467453003,0.7972150444984436,right,0.5,0.5,0.5,60,timeout,288,fixed,Fixed camera,checkpoint/2026-05-09-22-32-06/checkpoint0014.pth
dark,1.0,0.0,1.0,0.10361552983522415,0.5981239676475525,0.8049214482307434,right,0.5,0.5,0.5,60,timeout,289,fixed,Fixed camera,checkpoint/2026-05-09-22-32-06/checkpoint0014.pth
dark,1.0,0.0,1.0,0.11848340183496475,0.6263909935951233,0.7769797444343567,far_right,0.5,0.5,0.5,60,timeout,290,fixed,Fixed camera,checkpoint/2026-05-09-22-32-06/checkpoint0014.pth
dark,0.0,1.0,0.0,1.7871431112289429,0.6366156339645386,0.5379855036735535,far_right,0.5,0.5,0.5,28,collision,291,fixed,Fixed camera,checkpoint/2026-05-09-22-32-06/checkpoint0014.pth
dark,1.0,0.0,1.0,0.11324697732925415,0.6089663505554199,0.7910422682762146,right,0.5,0.5,0.5,60,timeout,292,fixed,Fixed camera,checkpoint/2026-05-09-22-32-06/checkpoint0014.pth
dark,0.0,1.0,0.0,1.8063275814056396,0.6546610593795776,0.5297800898551941,far_right,0.5,0.5,0.5,26,collision,293,fixed,Fixed camera,checkpoint/2026-05-09-22-32-06/checkpoint0014.pth
dark,1.0,0.0,1.0,0.17253844439983368,0.6067838072776794,0.773996889591217,far_left,0.5,0.5,0.5,60,timeout,294,fixed,Fixed camera,checkpoint/2026-05-09-22-32-06/checkpoint0014.pth
dark,1.0,0.0,1.0,0.1912461370229721,0.6082198619842529,0.7862582206726074,far_right,0.5,0.5,0.5,60,timeout,295,fixed,Fixed camera,checkpoint/2026-05-09-22-32-06/checkpoint0014.pth
dark,0.0,1.0,0.0,1.6141996383666992,0.7213327884674072,0.47372931241989136,left,0.5,0.5,0.5,25,collision,296,fixed,Fixed camera,checkpoint/2026-05-09-22-32-06/checkpoint0014.pth
dark,1.0,0.0,1.0,0.14993956685066223,0.6586814522743225,0.7773100137710571,far_right,0.5,0.5,0.5,60,timeout,297,fixed,Fixed camera,checkpoint/2026-05-09-22-32-06/checkpoint0014.pth
dark,0.0,1.0,0.0,1.7387739419937134,0.6802918910980225,0.48877447843551636,left,0.5,0.5,0.5,23,collision,298,fixed,Fixed camera,checkpoint/2026-05-09-22-32-06/checkpoint0014.pth
dark,0.0,1.0,0.0,1.6955821514129639,0.6853841543197632,0.48930656909942627,far_right,0.5,0.5,0.5,24,collision,299,fixed,Fixed camera,checkpoint/2026-05-09-22-32-06/checkpoint0014.pth
