scene_name,success_rate,collision_rate,goal_reach_rate,final_goal_dist,avg_speed,fill_rate,slit_slot,power_mean,exposure_mean,gain_mean,steps,stop_reason,episode_idx,method,method_label,checkpoint
glare,0.0,1.0,0.0,1.8408418893814087,0.6948691606521606,0.9388383030891418,far_right,0.7869771122932434,0.09798526018857956,0.11339685320854187,29,collision,0,flightonly,Flight-only learned camera,checkpoint/2026-05-10-02-45-09/checkpoint0014.pth
glare,0.0,1.0,0.0,1.7599728107452393,0.6864405870437622,0.9415348172187805,far_left,0.7786678671836853,0.10744157433509827,0.12436715513467789,28,collision,1,flightonly,Flight-only learned camera,checkpoint/2026-05-10-02-45-09/checkpoint0014.pth
glare,0.0,1.0,0.0,1.8165638446807861,0.6860114336013794,0.933800458908081,far_left,0.7879547476768494,0.1011275127530098,0.11625838279724121,29,collision,2,flightonly,Flight-only learned camera,checkpoint/2026-05-10-02-45-09/checkpoint0014.pth
glare,1.0,0.0,1.0,0.05678068846464157,0.6896905899047852,0.9717304110527039,far_right,0.6882896423339844,0.2523142695426941,0.2573834955692291,60,timeout,3,flightonly,Flight-only learned camera,checkpoint/2026-05-10-02-45-09/checkpoint0014.pth
glare,0.0,1.0,0.0,1.799657940864563,0.701336145401001,0.9496941566467285,far_right,0.7900254726409912,0.09855227172374725,0.1140790730714798,29,collision,4,flightonly,Flight-only learned camera,checkpoint/2026-05-10-02-45-09/checkpoint0014.pth
glare,0.0,1.0,0.0,1.7892903089523315,0.6811432242393494,0.9442068338394165,far_left,0.7760087251663208,0.10459988564252853,0.12101606279611588,29,collision,5,flightonly,Flight-only learned camera,checkpoint/2026-05-10-02-45-09/checkpoint0014.pth
glare,1.0,0.0,1.0,0.160381019115448,0.6685769557952881,0.9735099077224731,right,0.6892259120941162,0.24415399134159088,0.2503940165042877,60,timeout,6,flightonly,Flight-only learned camera,checkpoint/2026-05-10-02-45-09/checkpoint0014.pth
glare,0.0,1.0,0.0,1.6904405355453491,0.672318696975708,0.9540583491325378,far_right,0.7859221696853638,0.0924634262919426,0.10865936428308487,32,collision,7,flightonly,Flight-only learned camera,checkpoint/2026-05-10-02-45-09/checkpoint0014.pth
glare,1.0,0.0,1.0,0.21033376455307007,0.68364018201828,0.9724513292312622,far_right,0.6807006001472473,0.24847956001758575,0.2558574676513672,60,timeout,8,flightonly,Flight-only learned camera,checkpoint/2026-05-10-02-45-09/checkpoint0014.pth
glare,1.0,0.0,1.0,0.11915756016969681,0.6606650352478027,0.9765384793281555,right,0.6700375080108643,0.25992724299430847,0.2665530741214752,60,timeout,9,flightonly,Flight-only learned camera,checkpoint/2026-05-10-02-45-09/checkpoint0014.pth
glare,1.0,0.0,1.0,0.18109454214572906,0.6645339131355286,0.9773944020271301,left,0.6507551670074463,0.2664799094200134,0.2740102708339691,60,timeout,10,flightonly,Flight-only learned camera,checkpoint/2026-05-10-02-45-09/checkpoint0014.pth
glare,0.0,1.0,0.0,1.7999706268310547,0.6708705425262451,0.9526090621948242,far_right,0.7839329242706299,0.09497284144163132,0.11242324858903885,31,collision,11,flightonly,Flight-only learned camera,checkpoint/2026-05-10-02-45-09/checkpoint0014.pth
glare,0.0,1.0,0.0,1.7682520151138306,0.6531232595443726,0.9513240456581116,far_right,0.7862966060638428,0.09671929478645325,0.1126159206032753,30,collision,12,flightonly,Flight-only learned camera,checkpoint/2026-05-10-02-45-09/checkpoint0014.pth
glare,0.0,1.0,0.0,1.8029694557189941,0.6980879902839661,0.9450430870056152,far_right,0.7924270629882812,0.0931362435221672,0.10815861821174622,30,collision,13,flightonly,Flight-only learned camera,checkpoint/2026-05-10-02-45-09/checkpoint0014.pth
glare,1.0,0.0,1.0,0.15032848715782166,0.6579529643058777,0.9760417342185974,right,0.6567793488502502,0.267984002828598,0.27385032176971436,60,timeout,14,flightonly,Flight-only learned camera,checkpoint/2026-05-10-02-45-09/checkpoint0014.pth
glare,1.0,0.0,1.0,0.14128971099853516,0.6608862280845642,0.9722222685813904,left,0.6616395115852356,0.2604021728038788,0.26699990034103394,60,timeout,15,flightonly,Flight-only learned camera,checkpoint/2026-05-10-02-45-09/checkpoint0014.pth
glare,1.0,0.0,1.0,0.08456871658563614,0.6638017892837524,0.9725285172462463,left,0.6526954770088196,0.2686469554901123,0.2751808762550354,60,timeout,16,flightonly,Flight-only learned camera,checkpoint/2026-05-10-02-45-09/checkpoint0014.pth
glare,1.0,0.0,1.0,0.11889911442995071,0.6641418933868408,0.9772136211395264,far_left,0.649964451789856,0.2725522518157959,0.2793418765068054,60,timeout,17,flightonly,Flight-only learned camera,checkpoint/2026-05-10-02-45-09/checkpoint0014.pth
glare,0.0,1.0,0.0,1.8439210653305054,0.6850243806838989,0.9328952431678772,far_left,0.7812415957450867,0.09990689158439636,0.11524859070777893,30,collision,18,flightonly,Flight-only learned camera,checkpoint/2026-05-10-02-45-09/checkpoint0014.pth
glare,1.0,0.0,1.0,0.1970594972372055,0.66562420129776,0.9729577302932739,far_left,0.6637119054794312,0.25944942235946655,0.26365458965301514,60,timeout,19,flightonly,Flight-only learned camera,checkpoint/2026-05-10-02-45-09/checkpoint0014.pth
glare,1.0,0.0,1.0,0.13413964211940765,0.6497097611427307,0.9722898602485657,left,0.6546245813369751,0.2663872241973877,0.27056053280830383,60,timeout,20,flightonly,Flight-only learned camera,checkpoint/2026-05-10-02-45-09/checkpoint0014.pth
glare,0.0,1.0,0.0,1.8441048860549927,0.6796280145645142,0.9504210352897644,far_right,0.7883975505828857,0.09531097859144211,0.11246651411056519,30,collision,21,flightonly,Flight-only learned camera,checkpoint/2026-05-10-02-45-09/checkpoint0014.pth
glare,0.0,1.0,0.0,1.8081262111663818,0.6885983943939209,0.942503809928894,far_left,0.7796628475189209,0.10004324465990067,0.11635278910398483,30,collision,22,flightonly,Flight-only learned camera,checkpoint/2026-05-10-02-45-09/checkpoint0014.pth
glare,1.0,0.0,1.0,0.13138499855995178,0.6450436115264893,0.973384439945221,left,0.6558957695960999,0.26654475927352905,0.2713176906108856,60,timeout,23,flightonly,Flight-only learned camera,checkpoint/2026-05-10-02-45-09/checkpoint0014.pth
glare,0.0,1.0,0.0,1.8094406127929688,0.6942283511161804,0.9388744831085205,far_left,0.7896214127540588,0.1014305129647255,0.11523224413394928,29,collision,24,flightonly,Flight-only learned camera,checkpoint/2026-05-10-02-45-09/checkpoint0014.pth
glare,0.0,1.0,0.0,1.7344114780426025,0.6838915348052979,0.9472994208335876,far_right,0.791339635848999,0.09112967550754547,0.10686732083559036,31,collision,25,flightonly,Flight-only learned camera,checkpoint/2026-05-10-02-45-09/checkpoint0014.pth
glare,0.0,1.0,0.0,1.8215992450714111,0.6860101819038391,0.9411376118659973,far_right,0.7901641726493835,0.09513521939516068,0.10949019342660904,29,collision,26,flightonly,Flight-only learned camera,checkpoint/2026-05-10-02-45-09/checkpoint0014.pth
glare,0.0,1.0,0.0,1.790035605430603,0.6738891005516052,0.9437831044197083,far_right,0.8019722104072571,0.09501750767230988,0.10685312002897263,29,collision,27,flightonly,Flight-only learned camera,checkpoint/2026-05-10-02-45-09/checkpoint0014.pth
glare,1.0,0.0,1.0,0.1253635138273239,0.6519410610198975,0.9732156991958618,right,0.6845749020576477,0.25782081484794617,0.2627212107181549,60,timeout,28,flightonly,Flight-only learned camera,checkpoint/2026-05-10-02-45-09/checkpoint0014.pth
glare,1.0,0.0,1.0,0.18414989113807678,0.6459497809410095,0.9729095101356506,left,0.6606770753860474,0.2615966498851776,0.2670453190803528,60,timeout,29,flightonly,Flight-only learned camera,checkpoint/2026-05-10-02-45-09/checkpoint0014.pth
glare,0.0,1.0,0.0,1.801086664199829,0.6921430826187134,0.941985011100769,far_right,0.8026139736175537,0.09316091984510422,0.10527737438678741,29,collision,30,flightonly,Flight-only learned camera,checkpoint/2026-05-10-02-45-09/checkpoint0014.pth
glare,0.0,1.0,0.0,1.7157577276229858,0.7028408646583557,0.9500492811203003,far_left,0.7940578460693359,0.09930198639631271,0.11484323441982269,28,collision,31,flightonly,Flight-only learned camera,checkpoint/2026-05-10-02-45-09/checkpoint0014.pth
glare,1.0,0.0,1.0,0.21012482047080994,0.6029961109161377,0.856660008430481,left,0.6187600493431091,0.38163313269615173,0.3910910487174988,60,timeout,32,flightonly,Flight-only learned camera,checkpoint/2026-05-10-02-45-09/checkpoint0014.pth
glare,1.0,0.0,1.0,0.15176956355571747,0.6472010016441345,0.9729601144790649,left,0.652450680732727,0.27131780982017517,0.2758267819881439,60,timeout,33,flightonly,Flight-only learned camera,checkpoint/2026-05-10-02-45-09/checkpoint0014.pth
glare,1.0,0.0,1.0,0.14456969499588013,0.6646711230278015,0.9738305807113647,far_left,0.6541587114334106,0.2715916335582733,0.274895042181015,60,timeout,34,flightonly,Flight-only learned camera,checkpoint/2026-05-10-02-45-09/checkpoint0014.pth
glare,1.0,0.0,1.0,0.20898602902889252,0.6734896898269653,0.9746986627578735,far_left,0.6516403555870056,0.24799273908138275,0.2622264325618744,60,timeout,35,flightonly,Flight-only learned camera,checkpoint/2026-05-10-02-45-09/checkpoint0014.pth
glare,1.0,0.0,1.0,0.20246244966983795,0.6521412134170532,0.9753665328025818,far_right,0.6711814999580383,0.25323814153671265,0.26035183668136597,60,timeout,36,flightonly,Flight-only learned camera,checkpoint/2026-05-10-02-45-09/checkpoint0014.pth
glare,0.0,1.0,0.0,1.79702627658844,0.6734463572502136,0.9443928003311157,far_left,0.7759608030319214,0.10452165454626083,0.12135199457406998,29,collision,37,flightonly,Flight-only learned camera,checkpoint/2026-05-10-02-45-09/checkpoint0014.pth
glare,1.0,0.0,1.0,0.21339356899261475,0.6852161884307861,0.9734809398651123,far_right,0.6905096173286438,0.24457021057605743,0.25207096338272095,60,timeout,38,flightonly,Flight-only learned camera,checkpoint/2026-05-10-02-45-09/checkpoint0014.pth
glare,0.0,1.0,0.0,1.7417422533035278,0.6699405312538147,0.9393136501312256,far_left,0.8011536002159119,0.09770754724740982,0.10866671800613403,29,collision,39,flightonly,Flight-only learned camera,checkpoint/2026-05-10-02-45-09/checkpoint0014.pth
glare,1.0,0.0,1.0,0.19889231026172638,0.7055504322052002,0.9732784032821655,far_right,0.6753767728805542,0.23523055016994476,0.24814839661121368,60,timeout,40,flightonly,Flight-only learned camera,checkpoint/2026-05-10-02-45-09/checkpoint0014.pth
glare,0.0,1.0,0.0,1.7983943223953247,0.6863673329353333,0.9391224980354309,far_left,0.7885425686836243,0.1011653020977974,0.11573895812034607,29,collision,41,flightonly,Flight-only learned camera,checkpoint/2026-05-10-02-45-09/checkpoint0014.pth
glare,1.0,0.0,1.0,0.13782307505607605,0.6509925127029419,0.9759501218795776,right,0.6675627827644348,0.2674088180065155,0.2720206677913666,60,timeout,42,flightonly,Flight-only learned camera,checkpoint/2026-05-10-02-45-09/checkpoint0014.pth
glare,1.0,0.0,1.0,0.12236135452985764,0.6242813467979431,0.8528187870979309,left,0.6159412264823914,0.3894522786140442,0.3992226719856262,60,timeout,43,flightonly,Flight-only learned camera,checkpoint/2026-05-10-02-45-09/checkpoint0014.pth
glare,0.0,1.0,0.0,1.8207213878631592,0.6778498291969299,0.9513320922851562,far_right,0.7838342189788818,0.09938894212245941,0.11702476441860199,29,collision,44,flightonly,Flight-only learned camera,checkpoint/2026-05-10-02-45-09/checkpoint0014.pth
glare,0.0,1.0,0.0,1.7708699703216553,0.7009308934211731,0.9415251016616821,far_right,0.798705518245697,0.09493206441402435,0.10759607702493668,29,collision,45,flightonly,Flight-only learned camera,checkpoint/2026-05-10-02-45-09/checkpoint0014.pth
glare,1.0,0.0,1.0,0.14098253846168518,0.6622913479804993,0.9777657985687256,right,0.6648572683334351,0.2607641816139221,0.26876771450042725,60,timeout,46,flightonly,Flight-only learned camera,checkpoint/2026-05-10-02-45-09/checkpoint0014.pth
glare,0.0,1.0,0.0,1.7851827144622803,0.6935057640075684,0.9438008069992065,far_right,0.7880522608757019,0.092906653881073,0.10873991996049881,30,collision,47,flightonly,Flight-only learned camera,checkpoint/2026-05-10-02-45-09/checkpoint0014.pth
glare,0.0,1.0,0.0,1.6957011222839355,0.718980610370636,0.9444552063941956,far_left,0.8019087910652161,0.09758371859788895,0.1116412878036499,28,collision,48,flightonly,Flight-only learned camera,checkpoint/2026-05-10-02-45-09/checkpoint0014.pth
glare,1.0,0.0,1.0,0.1905381828546524,0.646144688129425,0.977141261100769,right,0.6638765335083008,0.26784902811050415,0.2747344970703125,60,timeout,49,flightonly,Flight-only learned camera,checkpoint/2026-05-10-02-45-09/checkpoint0014.pth
glare,1.0,0.0,1.0,0.18801410496234894,0.6643769145011902,0.9731433987617493,far_left,0.6566325426101685,0.26529809832572937,0.2703999876976013,60,timeout,50,flightonly,Flight-only learned camera,checkpoint/2026-05-10-02-45-09/checkpoint0014.pth
glare,0.0,1.0,0.0,1.7688565254211426,0.6866720914840698,0.9492911696434021,far_right,0.7883937954902649,0.09209851920604706,0.10876787453889847,31,collision,51,flightonly,Flight-only learned camera,checkpoint/2026-05-10-02-45-09/checkpoint0014.pth
glare,1.0,0.0,1.0,0.2926642596721649,0.6754315495491028,0.9770327806472778,far_right,0.6722022891044617,0.22890503704547882,0.24482856690883636,60,timeout,52,flightonly,Flight-only learned camera,checkpoint/2026-05-10-02-45-09/checkpoint0014.pth
glare,1.0,0.0,1.0,0.18957208096981049,0.669148862361908,0.971146821975708,far_left,0.6598171591758728,0.253982275724411,0.262426495552063,60,timeout,53,flightonly,Flight-only learned camera,checkpoint/2026-05-10-02-45-09/checkpoint0014.pth
glare,1.0,0.0,1.0,0.1593467742204666,0.6549052000045776,0.9645545482635498,left,0.6531209945678711,0.27274757623672485,0.27474382519721985,60,timeout,54,flightonly,Flight-only learned camera,checkpoint/2026-05-10-02-45-09/checkpoint0014.pth
glare,1.0,0.0,1.0,0.14845867455005646,0.682452380657196,0.9756679534912109,far_right,0.6667702794075012,0.2556833028793335,0.2641545534133911,60,timeout,55,flightonly,Flight-only learned camera,checkpoint/2026-05-10-02-45-09/checkpoint0014.pth
glare,1.0,0.0,1.0,0.15272636711597443,0.6453884243965149,0.9753134846687317,left,0.6526994705200195,0.27027326822280884,0.27683025598526,60,timeout,56,flightonly,Flight-only learned camera,checkpoint/2026-05-10-02-45-09/checkpoint0014.pth
glare,1.0,0.0,1.0,0.16751690208911896,0.6711753010749817,0.9758294820785522,right,0.6725582480430603,0.2588099539279938,0.2655206024646759,60,timeout,57,flightonly,Flight-only learned camera,checkpoint/2026-05-10-02-45-09/checkpoint0014.pth
glare,1.0,0.0,1.0,0.16706979274749756,0.6648734211921692,0.9770785570144653,far_right,0.6658255457878113,0.2509121298789978,0.2611296772956848,60,timeout,58,flightonly,Flight-only learned camera,checkpoint/2026-05-10-02-45-09/checkpoint0014.pth
glare,1.0,0.0,1.0,0.15859612822532654,0.6541110277175903,0.973881185054779,left,0.6555207967758179,0.2664318084716797,0.2722676694393158,60,timeout,59,flightonly,Flight-only learned camera,checkpoint/2026-05-10-02-45-09/checkpoint0014.pth
glare,1.0,0.0,1.0,0.22525463998317719,0.6362832188606262,0.9664641618728638,left,0.6518529653549194,0.27112364768981934,0.2719492018222809,60,timeout,60,flightonly,Flight-only learned camera,checkpoint/2026-05-10-02-45-09/checkpoint0014.pth
glare,0.0,1.0,0.0,1.815453052520752,0.6956388354301453,0.9465163946151733,far_left,0.7754407525062561,0.10421106964349747,0.12092402577400208,29,collision,61,flightonly,Flight-only learned camera,checkpoint/2026-05-10-02-45-09/checkpoint0014.pth
glare,0.0,1.0,0.0,1.7654799222946167,0.6934633851051331,0.9412116408348083,far_left,0.7876027822494507,0.09985999017953873,0.11416374146938324,30,collision,62,flightonly,Flight-only learned camera,checkpoint/2026-05-10-02-45-09/checkpoint0014.pth
glare,1.0,0.0,1.0,0.13675561547279358,0.6466382741928101,0.9729118943214417,right,0.6580895185470581,0.27630192041397095,0.27944618463516235,60,timeout,63,flightonly,Flight-only learned camera,checkpoint/2026-05-10-02-45-09/checkpoint0014.pth
glare,1.0,0.0,1.0,0.17536813020706177,0.6628764271736145,0.9751760363578796,far_right,0.6739968061447144,0.24812012910842896,0.25610148906707764,60,timeout,64,flightonly,Flight-only learned camera,checkpoint/2026-05-10-02-45-09/checkpoint0014.pth
glare,1.0,0.0,1.0,0.1584356427192688,0.627976655960083,0.9320626258850098,left,0.6314812302589417,0.3370714783668518,0.34049710631370544,60,timeout,65,flightonly,Flight-only learned camera,checkpoint/2026-05-10-02-45-09/checkpoint0014.pth
glare,1.0,0.0,1.0,0.17962782084941864,0.6740706562995911,0.9777560830116272,far_left,0.6592767238616943,0.25727519392967224,0.2660423815250397,60,timeout,66,flightonly,Flight-only learned camera,checkpoint/2026-05-10-02-45-09/checkpoint0014.pth
glare,0.0,1.0,0.0,1.7584232091903687,0.6621353030204773,0.9479066729545593,far_right,0.7926350235939026,0.09457303583621979,0.10943184047937393,30,collision,67,flightonly,Flight-only learned camera,checkpoint/2026-05-10-02-45-09/checkpoint0014.pth
glare,0.0,1.0,0.0,1.840025782585144,0.6740906834602356,0.9264697432518005,far_left,0.7861121296882629,0.0993582233786583,0.11348898708820343,30,collision,68,flightonly,Flight-only learned camera,checkpoint/2026-05-10-02-45-09/checkpoint0014.pth
glare,1.0,0.0,1.0,0.17347341775894165,0.6391376256942749,0.9747396111488342,left,0.6615941524505615,0.2614598274230957,0.2685311734676361,60,timeout,69,flightonly,Flight-only learned camera,checkpoint/2026-05-10-02-45-09/checkpoint0014.pth
glare,1.0,0.0,1.0,0.0781807228922844,0.6598417162895203,0.9732711911201477,right,0.672419011592865,0.26193028688430786,0.26641586422920227,60,timeout,70,flightonly,Flight-only learned camera,checkpoint/2026-05-10-02-45-09/checkpoint0014.pth
glare,1.0,0.0,1.0,0.12794139981269836,0.6458680033683777,0.9753038883209229,right,0.6618008017539978,0.2619081139564514,0.26826223731040955,60,timeout,71,flightonly,Flight-only learned camera,checkpoint/2026-05-10-02-45-09/checkpoint0014.pth
glare,1.0,0.0,1.0,0.15380023419857025,0.6880887150764465,0.9730348587036133,far_right,0.6873087882995605,0.2438802421092987,0.25024905800819397,60,timeout,72,flightonly,Flight-only learned camera,checkpoint/2026-05-10-02-45-09/checkpoint0014.pth
glare,0.0,1.0,0.0,1.7940596342086792,0.6952812671661377,0.9408703446388245,far_left,0.7873643040657043,0.10497286915779114,0.11919988691806793,28,collision,73,flightonly,Flight-only learned camera,checkpoint/2026-05-10-02-45-09/checkpoint0014.pth
glare,1.0,0.0,1.0,0.16688421368598938,0.6339932084083557,0.9692009687423706,left,0.6614726781845093,0.2698971927165985,0.2731109857559204,60,timeout,74,flightonly,Flight-only learned camera,checkpoint/2026-05-10-02-45-09/checkpoint0014.pth
glare,0.0,1.0,0.0,1.802020788192749,0.6857914924621582,0.9478309154510498,far_left,0.7744200825691223,0.1065966859459877,0.12325868010520935,28,collision,75,flightonly,Flight-only learned camera,checkpoint/2026-05-10-02-45-09/checkpoint0014.pth
glare,1.0,0.0,1.0,0.2021346539258957,0.6504189968109131,0.977642834186554,far_left,0.6573582291603088,0.26176968216896057,0.2697196900844574,60,timeout,76,flightonly,Flight-only learned camera,checkpoint/2026-05-10-02-45-09/checkpoint0014.pth
glare,1.0,0.0,1.0,0.16865059733390808,0.6459852457046509,0.9729215502738953,right,0.6811821460723877,0.26597416400909424,0.2697853446006775,60,timeout,77,flightonly,Flight-only learned camera,checkpoint/2026-05-10-02-45-09/checkpoint0014.pth
glare,0.0,1.0,0.0,1.7106080055236816,0.7085959315299988,0.9486504197120667,far_right,0.7929657697677612,0.09677641093730927,0.11085786670446396,29,collision,78,flightonly,Flight-only learned camera,checkpoint/2026-05-10-02-45-09/checkpoint0014.pth
glare,1.0,0.0,1.0,0.16776910424232483,0.6925907135009766,0.9732229113578796,far_right,0.6712513566017151,0.24541547894477844,0.2564830183982849,60,timeout,79,flightonly,Flight-only learned camera,checkpoint/2026-05-10-02-45-09/checkpoint0014.pth
glare,1.0,0.0,1.0,0.15059050917625427,0.6334455609321594,0.9751977920532227,left,0.6524396538734436,0.27717673778533936,0.2821210026741028,60,timeout,80,flightonly,Flight-only learned camera,checkpoint/2026-05-10-02-45-09/checkpoint0014.pth
glare,1.0,0.0,1.0,0.21138964593410492,0.645245373249054,0.9771074652671814,right,0.6670137643814087,0.2609477639198303,0.26854559779167175,60,timeout,81,flightonly,Flight-only learned camera,checkpoint/2026-05-10-02-45-09/checkpoint0014.pth
glare,1.0,0.0,1.0,0.21191182732582092,0.6529767513275146,0.9748795032501221,far_left,0.6604611873626709,0.25830262899398804,0.26389187574386597,60,timeout,82,flightonly,Flight-only learned camera,checkpoint/2026-05-10-02-45-09/checkpoint0014.pth
glare,0.0,1.0,0.0,1.7672191858291626,0.6697679758071899,0.9420108795166016,far_left,0.7857710123062134,0.10115678608417511,0.11635446548461914,29,collision,83,flightonly,Flight-only learned camera,checkpoint/2026-05-10-02-45-09/checkpoint0014.pth
glare,0.0,1.0,0.0,1.8321397304534912,0.6821262240409851,0.9520823359489441,far_left,0.7708078622817993,0.10324852913618088,0.12047266960144043,30,collision,84,flightonly,Flight-only learned camera,checkpoint/2026-05-10-02-45-09/checkpoint0014.pth
glare,1.0,0.0,1.0,0.15365248918533325,0.6484605669975281,0.9689453840255737,left,0.6654273271560669,0.26098716259002686,0.2662189304828644,60,timeout,85,flightonly,Flight-only learned camera,checkpoint/2026-05-10-02-45-09/checkpoint0014.pth
glare,0.0,1.0,0.0,1.6882754564285278,0.7041592001914978,0.9425422549247742,far_right,0.8073650002479553,0.09528683125972748,0.10732606798410416,28,collision,86,flightonly,Flight-only learned camera,checkpoint/2026-05-10-02-45-09/checkpoint0014.pth
glare,1.0,0.0,1.0,0.13205069303512573,0.6582988500595093,0.9719353318214417,left,0.6545585989952087,0.272083044052124,0.2751274108886719,60,timeout,87,flightonly,Flight-only learned camera,checkpoint/2026-05-10-02-45-09/checkpoint0014.pth
glare,1.0,0.0,1.0,0.18313515186309814,0.6583103537559509,0.9668090343475342,left,0.6505492329597473,0.27141040563583374,0.27198657393455505,60,timeout,88,flightonly,Flight-only learned camera,checkpoint/2026-05-10-02-45-09/checkpoint0014.pth
glare,0.0,1.0,0.0,1.7898491621017456,0.6542150974273682,0.9494668245315552,far_right,0.7921116948127747,0.09811128675937653,0.11255989968776703,29,collision,89,flightonly,Flight-only learned camera,checkpoint/2026-05-10-02-45-09/checkpoint0014.pth
glare,0.0,1.0,0.0,1.797883152961731,0.6821627020835876,0.9418135285377502,far_left,0.7851181030273438,0.10416526347398758,0.1192854642868042,28,collision,90,flightonly,Flight-only learned camera,checkpoint/2026-05-10-02-45-09/checkpoint0014.pth
glare,1.0,0.0,1.0,0.10579875856637955,0.6743369698524475,0.969526469707489,far_left,0.6571363210678101,0.2678196132183075,0.2716432213783264,60,timeout,91,flightonly,Flight-only learned camera,checkpoint/2026-05-10-02-45-09/checkpoint0014.pth
glare,1.0,0.0,1.0,0.12975993752479553,0.6458332538604736,0.975250780582428,left,0.6530481576919556,0.27120575308799744,0.2772452235221863,60,timeout,92,flightonly,Flight-only learned camera,checkpoint/2026-05-10-02-45-09/checkpoint0014.pth
glare,0.0,1.0,0.0,1.7575912475585938,0.6950560212135315,0.9438009262084961,far_right,0.7928665280342102,0.09310756623744965,0.10741698741912842,30,collision,93,flightonly,Flight-only learned camera,checkpoint/2026-05-10-02-45-09/checkpoint0014.pth
glare,1.0,0.0,1.0,0.1653478741645813,0.6544240713119507,0.9710792899131775,left,0.6559178233146667,0.26906871795654297,0.2734368145465851,60,timeout,94,flightonly,Flight-only learned camera,checkpoint/2026-05-10-02-45-09/checkpoint0014.pth
glare,1.0,0.0,1.0,0.1373353898525238,0.6528580784797668,0.9739077687263489,right,0.6792062520980835,0.259857177734375,0.2637287974357605,60,timeout,95,flightonly,Flight-only learned camera,checkpoint/2026-05-10-02-45-09/checkpoint0014.pth
glare,1.0,0.0,1.0,0.23743140697479248,0.6950284838676453,0.9732036590576172,far_right,0.6708034873008728,0.23712028563022614,0.2507394850254059,60,timeout,96,flightonly,Flight-only learned camera,checkpoint/2026-05-10-02-45-09/checkpoint0014.pth
glare,1.0,0.0,1.0,0.04915759712457657,0.6703934073448181,0.9715422987937927,right,0.6633130311965942,0.267231822013855,0.2717098295688629,60,timeout,97,flightonly,Flight-only learned camera,checkpoint/2026-05-10-02-45-09/checkpoint0014.pth
glare,1.0,0.0,1.0,0.2071865200996399,0.6633540391921997,0.9750000238418579,far_right,0.6690848469734192,0.25352343916893005,0.2609192132949829,60,timeout,98,flightonly,Flight-only learned camera,checkpoint/2026-05-10-02-45-09/checkpoint0014.pth
glare,1.0,0.0,1.0,0.22990821301937103,0.6811738014221191,0.9731940627098083,far_right,0.6835907697677612,0.23838216066360474,0.24712404608726501,60,timeout,99,flightonly,Flight-only learned camera,checkpoint/2026-05-10-02-45-09/checkpoint0014.pth
glare,0.0,1.0,0.0,1.7108789682388306,0.6780208945274353,0.9483256936073303,far_left,0.7807705402374268,0.10131191462278366,0.11721810698509216,30,collision,100,flightonly,Flight-only learned camera,checkpoint/2026-05-10-02-45-09/checkpoint0014.pth
glare,1.0,0.0,1.0,0.14827395975589752,0.6560729742050171,0.9724055528640747,right,0.6922358274459839,0.2526179254055023,0.2559450566768646,60,timeout,101,flightonly,Flight-only learned camera,checkpoint/2026-05-10-02-45-09/checkpoint0014.pth
glare,1.0,0.0,1.0,0.2309667468070984,0.6777902841567993,0.975605309009552,far_right,0.6730473041534424,0.2458861917257309,0.2548511028289795,60,timeout,102,flightonly,Flight-only learned camera,checkpoint/2026-05-10-02-45-09/checkpoint0014.pth
glare,1.0,0.0,1.0,0.21988321840763092,0.6427592039108276,0.9753641486167908,far_left,0.6560145616531372,0.2648519277572632,0.2713203430175781,60,timeout,103,flightonly,Flight-only learned camera,checkpoint/2026-05-10-02-45-09/checkpoint0014.pth
glare,1.0,0.0,1.0,0.10962006449699402,0.6611803770065308,0.9735002517700195,right,0.6848494410514832,0.25993800163269043,0.2634281814098358,60,timeout,104,flightonly,Flight-only learned camera,checkpoint/2026-05-10-02-45-09/checkpoint0014.pth
glare,0.0,1.0,0.0,1.851399302482605,0.6808555126190186,0.9449604749679565,far_left,0.7737733721733093,0.10072629898786545,0.11698905378580093,31,collision,105,flightonly,Flight-only learned camera,checkpoint/2026-05-10-02-45-09/checkpoint0014.pth
glare,0.0,1.0,0.0,1.6765977144241333,0.682942807674408,0.9518694877624512,far_left,0.7928288578987122,0.0978490486741066,0.11312701553106308,29,collision,106,flightonly,Flight-only learned camera,checkpoint/2026-05-10-02-45-09/checkpoint0014.pth
glare,1.0,0.0,1.0,0.1959662139415741,0.6381851434707642,0.9662688374519348,left,0.6512348055839539,0.2758522033691406,0.27688872814178467,60,timeout,107,flightonly,Flight-only learned camera,checkpoint/2026-05-10-02-45-09/checkpoint0014.pth
glare,1.0,0.0,1.0,0.09645859897136688,0.6783158183097839,0.975385844707489,right,0.6739807724952698,0.2552066743373871,0.26335564255714417,60,timeout,108,flightonly,Flight-only learned camera,checkpoint/2026-05-10-02-45-09/checkpoint0014.pth
glare,0.0,1.0,0.0,1.8067885637283325,0.6621142625808716,0.938189685344696,far_left,0.7679285407066345,0.10270646959543228,0.1199997067451477,31,collision,109,flightonly,Flight-only learned camera,checkpoint/2026-05-10-02-45-09/checkpoint0014.pth
glare,1.0,0.0,1.0,0.14804191887378693,0.6752736568450928,0.9733218550682068,far_right,0.6927414536476135,0.25162220001220703,0.2579990327358246,60,timeout,110,flightonly,Flight-only learned camera,checkpoint/2026-05-10-02-45-09/checkpoint0014.pth
glare,1.0,0.0,1.0,0.10658060759305954,0.65329909324646,0.9735171794891357,right,0.6588888764381409,0.2739521265029907,0.27948662638664246,60,timeout,111,flightonly,Flight-only learned camera,checkpoint/2026-05-10-02-45-09/checkpoint0014.pth
glare,0.0,1.0,0.0,1.735203742980957,0.7072391510009766,0.9424858689308167,far_left,0.7966145873069763,0.10126178711652756,0.11408589780330658,27,collision,112,flightonly,Flight-only learned camera,checkpoint/2026-05-10-02-45-09/checkpoint0014.pth
glare,1.0,0.0,1.0,0.07287497073411942,0.6531181931495667,0.9738956689834595,left,0.652438759803772,0.270824134349823,0.27657192945480347,60,timeout,113,flightonly,Flight-only learned camera,checkpoint/2026-05-10-02-45-09/checkpoint0014.pth
glare,0.0,1.0,0.0,1.7153338193893433,0.6804609894752502,0.9532996416091919,far_right,0.7856150269508362,0.09650660306215286,0.11304794996976852,30,collision,114,flightonly,Flight-only learned camera,checkpoint/2026-05-10-02-45-09/checkpoint0014.pth
glare,1.0,0.0,1.0,0.17822910845279694,0.6610493063926697,0.9777247905731201,far_left,0.6611359119415283,0.2477688491344452,0.2580277621746063,60,timeout,115,flightonly,Flight-only learned camera,checkpoint/2026-05-10-02-45-09/checkpoint0014.pth
glare,0.0,1.0,0.0,1.8194462060928345,0.6790362000465393,0.9422898888587952,far_right,0.7950941920280457,0.0946897640824318,0.10793708264827728,29,collision,116,flightonly,Flight-only learned camera,checkpoint/2026-05-10-02-45-09/checkpoint0014.pth
glare,0.0,1.0,0.0,1.7615278959274292,0.6794553399085999,0.9463102221488953,far_left,0.7717252373695374,0.10333434492349625,0.12109353393316269,30,collision,117,flightonly,Flight-only learned camera,checkpoint/2026-05-10-02-45-09/checkpoint0014.pth
glare,1.0,0.0,1.0,0.1740354597568512,0.5684857964515686,0.7848066687583923,left,0.6200485825538635,0.511471152305603,0.508299708366394,60,timeout,118,flightonly,Flight-only learned camera,checkpoint/2026-05-10-02-45-09/checkpoint0014.pth
glare,1.0,0.0,1.0,0.17452220618724823,0.6514261364936829,0.9710383415222168,left,0.6503212451934814,0.2757074534893036,0.28042131662368774,60,timeout,119,flightonly,Flight-only learned camera,checkpoint/2026-05-10-02-45-09/checkpoint0014.pth
glare,1.0,0.0,1.0,0.17908324301242828,0.6017752289772034,0.8273534774780273,left,0.6266422867774963,0.41033703088760376,0.41788163781166077,60,timeout,120,flightonly,Flight-only learned camera,checkpoint/2026-05-10-02-45-09/checkpoint0014.pth
glare,1.0,0.0,1.0,0.20200812816619873,0.6409251093864441,0.9773752093315125,right,0.6663898825645447,0.2619926631450653,0.2696846127510071,60,timeout,121,flightonly,Flight-only learned camera,checkpoint/2026-05-10-02-45-09/checkpoint0014.pth
glare,1.0,0.0,1.0,0.1062382385134697,0.6595816612243652,0.9736425280570984,right,0.6695209741592407,0.2669685482978821,0.27108174562454224,60,timeout,122,flightonly,Flight-only learned camera,checkpoint/2026-05-10-02-45-09/checkpoint0014.pth
glare,0.0,1.0,0.0,1.8394184112548828,0.6652712225914001,0.9450729489326477,far_right,0.7878149747848511,0.09399302303791046,0.11040804535150528,30,collision,123,flightonly,Flight-only learned camera,checkpoint/2026-05-10-02-45-09/checkpoint0014.pth
glare,0.0,1.0,0.0,1.848097801208496,0.6776484847068787,0.9452401995658875,far_right,0.7915717363357544,0.095782570540905,0.11204943060874939,29,collision,124,flightonly,Flight-only learned camera,checkpoint/2026-05-10-02-45-09/checkpoint0014.pth
glare,0.0,1.0,0.0,1.8318910598754883,0.6850228905677795,0.9280312657356262,far_left,0.7828425168991089,0.09933074563741684,0.11389153450727463,30,collision,125,flightonly,Flight-only learned camera,checkpoint/2026-05-10-02-45-09/checkpoint0014.pth
glare,1.0,0.0,1.0,0.15201589465141296,0.6619607210159302,0.9755763411521912,right,0.6767477989196777,0.25267112255096436,0.2601529359817505,60,timeout,126,flightonly,Flight-only learned camera,checkpoint/2026-05-10-02-45-09/checkpoint0014.pth
glare,1.0,0.0,1.0,0.12721285223960876,0.6435195207595825,0.9710986614227295,left,0.6602625846862793,0.26886698603630066,0.273745596408844,60,timeout,127,flightonly,Flight-only learned camera,checkpoint/2026-05-10-02-45-09/checkpoint0014.pth
glare,1.0,0.0,1.0,0.12484279274940491,0.668870210647583,0.9739704728126526,right,0.6672338843345642,0.2590872049331665,0.2661747932434082,60,timeout,128,flightonly,Flight-only learned camera,checkpoint/2026-05-10-02-45-09/checkpoint0014.pth
glare,1.0,0.0,1.0,0.09673229604959488,0.6433026790618896,0.9752894043922424,right,0.657414972782135,0.27321943640708923,0.2782065272331238,60,timeout,129,flightonly,Flight-only learned camera,checkpoint/2026-05-10-02-45-09/checkpoint0014.pth
glare,1.0,0.0,1.0,0.19776175916194916,0.6893689632415771,0.9729939103126526,far_left,0.6507479548454285,0.24947243928909302,0.2622756361961365,60,timeout,130,flightonly,Flight-only learned camera,checkpoint/2026-05-10-02-45-09/checkpoint0014.pth
glare,0.0,1.0,0.0,1.7552783489227295,0.7123354077339172,0.9405543208122253,far_left,0.7966064810752869,0.10105422884225845,0.11455727368593216,28,collision,131,flightonly,Flight-only learned camera,checkpoint/2026-05-10-02-45-09/checkpoint0014.pth
glare,1.0,0.0,1.0,0.14422975480556488,0.6557859182357788,0.9749711155891418,left,0.6508368253707886,0.2725563049316406,0.277936190366745,60,timeout,132,flightonly,Flight-only learned camera,checkpoint/2026-05-10-02-45-09/checkpoint0014.pth
glare,1.0,0.0,1.0,0.1881493180990219,0.6540272235870361,0.9714868664741516,far_right,0.6868920922279358,0.2555832266807556,0.25990796089172363,60,timeout,133,flightonly,Flight-only learned camera,checkpoint/2026-05-10-02-45-09/checkpoint0014.pth
glare,1.0,0.0,1.0,0.19043613970279694,0.6479763388633728,0.9699291586875916,left,0.6528964638710022,0.26886114478111267,0.2743917405605316,60,timeout,134,flightonly,Flight-only learned camera,checkpoint/2026-05-10-02-45-09/checkpoint0014.pth
glare,0.0,1.0,0.0,1.7480179071426392,0.6940013766288757,0.9495960474014282,far_right,0.7869536280632019,0.09895280748605728,0.11531694233417511,29,collision,135,flightonly,Flight-only learned camera,checkpoint/2026-05-10-02-45-09/checkpoint0014.pth
glare,1.0,0.0,1.0,0.1318317949771881,0.6331069469451904,0.9735364317893982,right,0.6642341613769531,0.2758132517337799,0.27797257900238037,60,timeout,136,flightonly,Flight-only learned camera,checkpoint/2026-05-10-02-45-09/checkpoint0014.pth
glare,0.0,1.0,0.0,1.8533507585525513,0.6278908848762512,0.9327934980392456,far_left,0.7770617008209229,0.09504538029432297,0.11153501272201538,33,collision,137,flightonly,Flight-only learned camera,checkpoint/2026-05-10-02-45-09/checkpoint0014.pth
glare,1.0,0.0,1.0,0.2130116969347,0.6787329912185669,0.9760175347328186,far_right,0.6788249015808105,0.23111817240715027,0.24369196593761444,60,timeout,138,flightonly,Flight-only learned camera,checkpoint/2026-05-10-02-45-09/checkpoint0014.pth
glare,1.0,0.0,1.0,0.21458812057971954,0.6602671146392822,0.9763599634170532,far_left,0.6675772666931152,0.2417958527803421,0.25068414211273193,60,timeout,139,flightonly,Flight-only learned camera,checkpoint/2026-05-10-02-45-09/checkpoint0014.pth
glare,1.0,0.0,1.0,0.20906850695610046,0.6613243818283081,0.9748215675354004,far_left,0.6597762107849121,0.25947773456573486,0.26606956124305725,60,timeout,140,flightonly,Flight-only learned camera,checkpoint/2026-05-10-02-45-09/checkpoint0014.pth
glare,1.0,0.0,1.0,0.13891686499118805,0.6886916160583496,0.9731047749519348,far_right,0.6947426199913025,0.22656552493572235,0.2369115650653839,60,timeout,141,flightonly,Flight-only learned camera,checkpoint/2026-05-10-02-45-09/checkpoint0014.pth
glare,1.0,0.0,1.0,0.17644080519676208,0.6539678573608398,0.9710359573364258,far_left,0.6634042263031006,0.25593727827072144,0.26226887106895447,60,timeout,142,flightonly,Flight-only learned camera,checkpoint/2026-05-10-02-45-09/checkpoint0014.pth
glare,1.0,0.0,1.0,0.12071145325899124,0.66648930311203,0.9764612913131714,right,0.6617165207862854,0.2670474648475647,0.27335670590400696,60,timeout,143,flightonly,Flight-only learned camera,checkpoint/2026-05-10-02-45-09/checkpoint0014.pth
glare,1.0,0.0,1.0,0.13300861418247223,0.6426842212677002,0.9778718948364258,right,0.661695659160614,0.2699662148952484,0.2761562764644623,60,timeout,144,flightonly,Flight-only learned camera,checkpoint/2026-05-10-02-45-09/checkpoint0014.pth
glare,1.0,0.0,1.0,0.09545333683490753,0.6587643623352051,0.9750675559043884,left,0.6491761803627014,0.2778555750846863,0.2833857536315918,60,timeout,145,flightonly,Flight-only learned camera,checkpoint/2026-05-10-02-45-09/checkpoint0014.pth
glare,1.0,0.0,1.0,0.1210235208272934,0.6486700773239136,0.9716604948043823,right,0.6762358546257019,0.2735946774482727,0.2763773202896118,60,timeout,146,flightonly,Flight-only learned camera,checkpoint/2026-05-10-02-45-09/checkpoint0014.pth
glare,1.0,0.0,1.0,0.12172015011310577,0.6579043865203857,0.9741488695144653,left,0.6591452360153198,0.2630213797092438,0.26840364933013916,60,timeout,147,flightonly,Flight-only learned camera,checkpoint/2026-05-10-02-45-09/checkpoint0014.pth
glare,1.0,0.0,1.0,0.20547448098659515,0.690454363822937,0.9724971652030945,far_right,0.6762864589691162,0.23905955255031586,0.24989698827266693,60,timeout,148,flightonly,Flight-only learned camera,checkpoint/2026-05-10-02-45-09/checkpoint0014.pth
glare,1.0,0.0,1.0,0.22494816780090332,0.6092526912689209,0.9365258812904358,left,0.6492153406143188,0.32013851404190063,0.3206987977027893,60,timeout,149,flightonly,Flight-only learned camera,checkpoint/2026-05-10-02-45-09/checkpoint0014.pth
glare,1.0,0.0,1.0,0.13413645327091217,0.5746591091156006,0.7770496010780334,left,0.6161620020866394,0.535843014717102,0.5301920771598816,60,timeout,150,flightonly,Flight-only learned camera,checkpoint/2026-05-10-02-45-09/checkpoint0014.pth
glare,1.0,0.0,1.0,0.21330013871192932,0.6873115301132202,0.9598163366317749,far_left,0.6647887229919434,0.2331441342830658,0.2472143918275833,60,timeout,151,flightonly,Flight-only learned camera,checkpoint/2026-05-10-02-45-09/checkpoint0014.pth
glare,1.0,0.0,1.0,0.1280307173728943,0.6623388528823853,0.9461854100227356,left,0.6391197443008423,0.30558493733406067,0.30843988060951233,60,timeout,152,flightonly,Flight-only learned camera,checkpoint/2026-05-10-02-45-09/checkpoint0014.pth
glare,0.0,1.0,0.0,1.8381925821304321,0.6794697642326355,0.9484900236129761,far_left,0.7765101790428162,0.10613852739334106,0.12163787335157394,28,collision,153,flightonly,Flight-only learned camera,checkpoint/2026-05-10-02-45-09/checkpoint0014.pth
glare,1.0,0.0,1.0,0.08943292498588562,0.6118767857551575,0.839978814125061,left,0.6305118799209595,0.41607940196990967,0.42043960094451904,60,timeout,154,flightonly,Flight-only learned camera,checkpoint/2026-05-10-02-45-09/checkpoint0014.pth
glare,1.0,0.0,1.0,0.11491651833057404,0.6539545655250549,0.9714193344116211,left,0.6524971127510071,0.27303069829940796,0.27716124057769775,60,timeout,155,flightonly,Flight-only learned camera,checkpoint/2026-05-10-02-45-09/checkpoint0014.pth
glare,1.0,0.0,1.0,0.06569494307041168,0.6567243337631226,0.9170356392860413,left,0.6489765644073486,0.34310466051101685,0.34517017006874084,60,timeout,156,flightonly,Flight-only learned camera,checkpoint/2026-05-10-02-45-09/checkpoint0014.pth
glare,1.0,0.0,1.0,0.11667521297931671,0.6437930464744568,0.9771678447723389,right,0.6542789340019226,0.27547043561935425,0.28104647994041443,60,timeout,157,flightonly,Flight-only learned camera,checkpoint/2026-05-10-02-45-09/checkpoint0014.pth
glare,0.0,1.0,0.0,1.787024974822998,0.6418949961662292,0.9289407730102539,far_left,0.7861198782920837,0.09625006467103958,0.11174412816762924,32,collision,158,flightonly,Flight-only learned camera,checkpoint/2026-05-10-02-45-09/checkpoint0014.pth
glare,1.0,0.0,1.0,0.1663168966770172,0.6648025512695312,0.972036600112915,far_right,0.683208703994751,0.2491164207458496,0.25488752126693726,60,timeout,159,flightonly,Flight-only learned camera,checkpoint/2026-05-10-02-45-09/checkpoint0014.pth
glare,1.0,0.0,1.0,0.16310639679431915,0.6648944616317749,0.9694179892539978,left,0.6535879969596863,0.2677823007106781,0.27121493220329285,60,timeout,160,flightonly,Flight-only learned camera,checkpoint/2026-05-10-02-45-09/checkpoint0014.pth
glare,1.0,0.0,1.0,0.16538909077644348,0.6493256688117981,0.9768012762069702,right,0.674588680267334,0.25283488631248474,0.2609257400035858,60,timeout,161,flightonly,Flight-only learned camera,checkpoint/2026-05-10-02-45-09/checkpoint0014.pth
glare,1.0,0.0,1.0,0.15421269834041595,0.6475551724433899,0.9748191833496094,left,0.6557990312576294,0.2688480019569397,0.27494749426841736,60,timeout,162,flightonly,Flight-only learned camera,checkpoint/2026-05-10-02-45-09/checkpoint0014.pth
glare,1.0,0.0,1.0,0.0995749682188034,0.6630523800849915,0.9709950089454651,right,0.6695576310157776,0.26663362979888916,0.27087414264678955,60,timeout,163,flightonly,Flight-only learned camera,checkpoint/2026-05-10-02-45-09/checkpoint0014.pth
glare,1.0,0.0,1.0,0.17710398137569427,0.6781666278839111,0.9750482439994812,far_left,0.6387116312980652,0.26833948493003845,0.281282901763916,60,timeout,164,flightonly,Flight-only learned camera,checkpoint/2026-05-10-02-45-09/checkpoint0014.pth
glare,1.0,0.0,1.0,0.10330869257450104,0.6825133562088013,0.9696879982948303,far_left,0.6651887893676758,0.25605690479278564,0.26153460144996643,60,timeout,165,flightonly,Flight-only learned camera,checkpoint/2026-05-10-02-45-09/checkpoint0014.pth
glare,0.0,1.0,0.0,1.858032464981079,0.6609035730361938,0.9492549896240234,far_left,0.7761147618293762,0.10455743223428726,0.12023494392633438,29,collision,166,flightonly,Flight-only learned camera,checkpoint/2026-05-10-02-45-09/checkpoint0014.pth
glare,0.0,1.0,0.0,1.7569161653518677,0.700130045413971,0.9377782940864563,far_right,0.8045799732208252,0.09960346668958664,0.11057674139738083,27,collision,167,flightonly,Flight-only learned camera,checkpoint/2026-05-10-02-45-09/checkpoint0014.pth
glare,1.0,0.0,1.0,0.16608764231204987,0.6895739436149597,0.9721981287002563,far_right,0.6766475439071655,0.23896469175815582,0.24950432777404785,60,timeout,168,flightonly,Flight-only learned camera,checkpoint/2026-05-10-02-45-09/checkpoint0014.pth
glare,0.0,1.0,0.0,1.7878566980361938,0.6590979695320129,0.9460957050323486,far_left,0.7740172147750854,0.10473667830228806,0.12084463238716125,30,collision,169,flightonly,Flight-only learned camera,checkpoint/2026-05-10-02-45-09/checkpoint0014.pth
glare,1.0,0.0,1.0,0.09437399357557297,0.660965621471405,0.9755787253379822,right,0.6584896445274353,0.27182334661483765,0.2781457304954529,60,timeout,170,flightonly,Flight-only learned camera,checkpoint/2026-05-10-02-45-09/checkpoint0014.pth
glare,1.0,0.0,1.0,0.1513107568025589,0.6415253281593323,0.9728395342826843,right,0.6660412549972534,0.25831687450408936,0.2650654911994934,60,timeout,171,flightonly,Flight-only learned camera,checkpoint/2026-05-10-02-45-09/checkpoint0014.pth
glare,1.0,0.0,1.0,0.15407522022724152,0.6443406939506531,0.9749277234077454,right,0.6751256585121155,0.252154141664505,0.2591370940208435,60,timeout,172,flightonly,Flight-only learned camera,checkpoint/2026-05-10-02-45-09/checkpoint0014.pth
glare,1.0,0.0,1.0,0.11839309334754944,0.6645302176475525,0.9741706252098083,left,0.6518948674201965,0.2727816700935364,0.2782894968986511,60,timeout,173,flightonly,Flight-only learned camera,checkpoint/2026-05-10-02-45-09/checkpoint0014.pth
glare,1.0,0.0,1.0,0.26586025953292847,0.6901564002037048,0.9763672351837158,far_right,0.6840505599975586,0.22029165923595428,0.23445095121860504,60,timeout,174,flightonly,Flight-only learned camera,checkpoint/2026-05-10-02-45-09/checkpoint0014.pth
glare,1.0,0.0,1.0,0.1203671395778656,0.6538959741592407,0.9690996408462524,left,0.6624249219894409,0.26733654737472534,0.27210283279418945,60,timeout,175,flightonly,Flight-only learned camera,checkpoint/2026-05-10-02-45-09/checkpoint0014.pth
glare,0.0,1.0,0.0,1.717178225517273,0.6992213129997253,0.942599892616272,far_left,0.7906478047370911,0.10080557316541672,0.11517150700092316,29,collision,176,flightonly,Flight-only learned camera,checkpoint/2026-05-10-02-45-09/checkpoint0014.pth
glare,1.0,0.0,1.0,0.13605599105358124,0.6588656902313232,0.9764829277992249,right,0.6661888360977173,0.2687865197658539,0.27402263879776,60,timeout,177,flightonly,Flight-only learned camera,checkpoint/2026-05-10-02-45-09/checkpoint0014.pth
glare,1.0,0.0,1.0,0.2051824927330017,0.6937795281410217,0.973235011100769,far_left,0.6456838250160217,0.250904381275177,0.2664825916290283,60,timeout,178,flightonly,Flight-only learned camera,checkpoint/2026-05-10-02-45-09/checkpoint0014.pth
glare,1.0,0.0,1.0,0.18186670541763306,0.6569392681121826,0.9723934531211853,far_left,0.6584733724594116,0.262942910194397,0.2691422998905182,60,timeout,179,flightonly,Flight-only learned camera,checkpoint/2026-05-10-02-45-09/checkpoint0014.pth
glare,1.0,0.0,1.0,0.1910044401884079,0.6656090021133423,0.9694421291351318,far_left,0.6690748929977417,0.25231969356536865,0.257689893245697,60,timeout,180,flightonly,Flight-only learned camera,checkpoint/2026-05-10-02-45-09/checkpoint0014.pth
glare,0.0,1.0,0.0,1.824612021446228,0.6761456727981567,0.9516633152961731,far_right,0.7821224331855774,0.09789112210273743,0.11632472276687622,30,collision,181,flightonly,Flight-only learned camera,checkpoint/2026-05-10-02-45-09/checkpoint0014.pth
glare,1.0,0.0,1.0,0.10536828637123108,0.6472340226173401,0.9753834009170532,right,0.6613709926605225,0.2684755027294159,0.2740066647529602,60,timeout,182,flightonly,Flight-only learned camera,checkpoint/2026-05-10-02-45-09/checkpoint0014.pth
glare,1.0,0.0,1.0,0.17233680188655853,0.6740797162055969,0.9750409722328186,far_right,0.6674750447273254,0.2579610347747803,0.26581576466560364,60,timeout,183,flightonly,Flight-only learned camera,checkpoint/2026-05-10-02-45-09/checkpoint0014.pth
glare,0.0,1.0,0.0,1.8167816400527954,0.6682882308959961,0.9482446312904358,far_right,0.787250816822052,0.09160659462213516,0.10902991890907288,31,collision,184,flightonly,Flight-only learned camera,checkpoint/2026-05-10-02-45-09/checkpoint0014.pth
glare,0.0,1.0,0.0,1.848054051399231,0.6864410042762756,0.9446769952774048,far_right,0.7876440286636353,0.09751592576503754,0.1137610673904419,29,collision,185,flightonly,Flight-only learned camera,checkpoint/2026-05-10-02-45-09/checkpoint0014.pth
glare,0.0,1.0,0.0,1.676687240600586,0.7024213671684265,0.939497709274292,left,0.7941024899482727,0.11136370897293091,0.12257251143455505,27,collision,186,flightonly,Flight-only learned camera,checkpoint/2026-05-10-02-45-09/checkpoint0014.pth
glare,1.0,0.0,1.0,0.15386012196540833,0.6484532952308655,0.9677783250808716,left,0.6553230285644531,0.26586300134658813,0.2694641947746277,60,timeout,187,flightonly,Flight-only learned camera,checkpoint/2026-05-10-02-45-09/checkpoint0014.pth
glare,0.0,1.0,0.0,1.777164340019226,0.6691626310348511,0.941974937915802,far_left,0.7657607197761536,0.10455912351608276,0.12273061275482178,30,collision,188,flightonly,Flight-only learned camera,checkpoint/2026-05-10-02-45-09/checkpoint0014.pth
glare,1.0,0.0,1.0,0.20005075633525848,0.6366015672683716,0.9769869446754456,right,0.6584107875823975,0.2754037380218506,0.2804998457431793,60,timeout,189,flightonly,Flight-only learned camera,checkpoint/2026-05-10-02-45-09/checkpoint0014.pth
glare,1.0,0.0,1.0,0.11201589554548264,0.6659610271453857,0.9765239953994751,right,0.6623278856277466,0.26020994782447815,0.2674044072628021,60,timeout,190,flightonly,Flight-only learned camera,checkpoint/2026-05-10-02-45-09/checkpoint0014.pth
glare,1.0,0.0,1.0,0.15592268109321594,0.6702804565429688,0.9750289916992188,far_left,0.6620993614196777,0.24996545910835266,0.2591489255428314,60,timeout,191,flightonly,Flight-only learned camera,checkpoint/2026-05-10-02-45-09/checkpoint0014.pth
glare,1.0,0.0,1.0,0.07894323021173477,0.6626594662666321,0.9767409563064575,right,0.6540482044219971,0.26964911818504333,0.2765190899372101,60,timeout,192,flightonly,Flight-only learned camera,checkpoint/2026-05-10-02-45-09/checkpoint0014.pth
glare,1.0,0.0,1.0,0.1585359424352646,0.6882471442222595,0.9765504598617554,far_left,0.6537029147148132,0.25624996423721313,0.26723024249076843,60,timeout,193,flightonly,Flight-only learned camera,checkpoint/2026-05-10-02-45-09/checkpoint0014.pth
glare,0.0,1.0,0.0,1.780801773071289,0.6696052551269531,0.9500145316123962,far_left,0.7910257577896118,0.10385581851005554,0.1177176982164383,27,collision,194,flightonly,Flight-only learned camera,checkpoint/2026-05-10-02-45-09/checkpoint0014.pth
glare,0.0,1.0,0.0,1.7531884908676147,0.7158240079879761,0.9461400508880615,left,0.7947880625724792,0.10521848499774933,0.11920268833637238,26,collision,195,flightonly,Flight-only learned camera,checkpoint/2026-05-10-02-45-09/checkpoint0014.pth
glare,0.0,1.0,0.0,1.8609635829925537,0.6798616647720337,0.9362477660179138,far_left,0.7822017669677734,0.10722733289003372,0.12079508602619171,30,collision,196,flightonly,Flight-only learned camera,checkpoint/2026-05-10-02-45-09/checkpoint0014.pth
glare,1.0,0.0,1.0,0.1418902575969696,0.6688961386680603,0.9735508561134338,far_right,0.6714484095573425,0.2522503733634949,0.26005819439888,60,timeout,197,flightonly,Flight-only learned camera,checkpoint/2026-05-10-02-45-09/checkpoint0014.pth
glare,1.0,0.0,1.0,0.19820454716682434,0.6576073169708252,0.9693504571914673,far_left,0.6598226428031921,0.2675814628601074,0.2723563611507416,60,timeout,198,flightonly,Flight-only learned camera,checkpoint/2026-05-10-02-45-09/checkpoint0014.pth
glare,0.0,1.0,0.0,1.8423793315887451,0.6675873398780823,0.9539082050323486,far_right,0.7813845872879028,0.09642091393470764,0.11414354294538498,30,collision,199,flightonly,Flight-only learned camera,checkpoint/2026-05-10-02-45-09/checkpoint0014.pth
glare,1.0,0.0,1.0,0.13124172389507294,0.6452594995498657,0.9408300518989563,left,0.6454752683639526,0.3224847912788391,0.32524895668029785,60,timeout,200,flightonly,Flight-only learned camera,checkpoint/2026-05-10-02-45-09/checkpoint0014.pth
glare,0.0,1.0,0.0,1.7849137783050537,0.7133389115333557,0.9423880577087402,far_right,0.7958099246025085,0.09394102543592453,0.10741867870092392,29,collision,201,flightonly,Flight-only learned camera,checkpoint/2026-05-10-02-45-09/checkpoint0014.pth
glare,1.0,0.0,1.0,0.16165675222873688,0.6492340564727783,0.9740620851516724,left,0.6632837057113647,0.2615152895450592,0.2671527862548828,60,timeout,202,flightonly,Flight-only learned camera,checkpoint/2026-05-10-02-45-09/checkpoint0014.pth
glare,1.0,0.0,1.0,0.22851434350013733,0.7028819918632507,0.972791314125061,far_left,0.6542295813560486,0.24788333475589752,0.25992414355278015,60,timeout,203,flightonly,Flight-only learned camera,checkpoint/2026-05-10-02-45-09/checkpoint0014.pth
glare,1.0,0.0,1.0,0.14543235301971436,0.6668460965156555,0.9756366014480591,right,0.6747592091560364,0.25193679332733154,0.2594870626926422,60,timeout,204,flightonly,Flight-only learned camera,checkpoint/2026-05-10-02-45-09/checkpoint0014.pth
glare,0.0,1.0,0.0,1.817233920097351,0.6750662326812744,0.948939323425293,far_right,0.788091778755188,0.09562626481056213,0.11244393140077591,30,collision,205,flightonly,Flight-only learned camera,checkpoint/2026-05-10-02-45-09/checkpoint0014.pth
glare,1.0,0.0,1.0,0.15719415247440338,0.6498218774795532,0.9750844836235046,right,0.674579381942749,0.2596115171909332,0.2652372717857361,60,timeout,206,flightonly,Flight-only learned camera,checkpoint/2026-05-10-02-45-09/checkpoint0014.pth
glare,0.0,1.0,0.0,1.7951589822769165,0.6999266743659973,0.95097416639328,far_right,0.7865338921546936,0.09317155927419662,0.11165173351764679,31,collision,207,flightonly,Flight-only learned camera,checkpoint/2026-05-10-02-45-09/checkpoint0014.pth
glare,1.0,0.0,1.0,0.19918517768383026,0.6783745288848877,0.9769362807273865,far_right,0.6695011258125305,0.24789462983608246,0.2577659487724304,60,timeout,208,flightonly,Flight-only learned camera,checkpoint/2026-05-10-02-45-09/checkpoint0014.pth
glare,1.0,0.0,1.0,0.2156088799238205,0.6274886131286621,0.844275712966919,left,0.6192634701728821,0.3825778663158417,0.39198756217956543,60,timeout,209,flightonly,Flight-only learned camera,checkpoint/2026-05-10-02-45-09/checkpoint0014.pth
glare,0.0,1.0,0.0,1.8305391073226929,0.6537757515907288,0.9422696232795715,far_left,0.7696311473846436,0.10008043050765991,0.11688637733459473,32,collision,210,flightonly,Flight-only learned camera,checkpoint/2026-05-10-02-45-09/checkpoint0014.pth
glare,1.0,0.0,1.0,0.2001272290945053,0.6767723560333252,0.9735822677612305,far_right,0.6816393136978149,0.24277624487876892,0.2516864538192749,60,timeout,211,flightonly,Flight-only learned camera,checkpoint/2026-05-10-02-45-09/checkpoint0014.pth
glare,1.0,0.0,1.0,0.20727957785129547,0.6601579189300537,0.9739728569984436,right,0.6852285265922546,0.253276526927948,0.25855812430381775,60,timeout,212,flightonly,Flight-only learned camera,checkpoint/2026-05-10-02-45-09/checkpoint0014.pth
glare,1.0,0.0,1.0,0.17431509494781494,0.6316608190536499,0.9759235978126526,left,0.6547370553016663,0.2711407542228699,0.27692630887031555,60,timeout,213,flightonly,Flight-only learned camera,checkpoint/2026-05-10-02-45-09/checkpoint0014.pth
glare,0.0,1.0,0.0,1.7790888547897339,0.6665071845054626,0.938368022441864,far_left,0.7988395690917969,0.09854345768690109,0.11048682034015656,30,collision,214,flightonly,Flight-only learned camera,checkpoint/2026-05-10-02-45-09/checkpoint0014.pth
glare,1.0,0.0,1.0,0.14929617941379547,0.6281208395957947,0.9767096638679504,right,0.6658809781074524,0.2621738612651825,0.26883140206336975,60,timeout,215,flightonly,Flight-only learned camera,checkpoint/2026-05-10-02-45-09/checkpoint0014.pth
glare,0.0,1.0,0.0,1.7389183044433594,0.7342379689216614,0.9340277910232544,far_right,0.8213706612586975,0.10266424715518951,0.1088772714138031,26,collision,216,flightonly,Flight-only learned camera,checkpoint/2026-05-10-02-45-09/checkpoint0014.pth
glare,1.0,0.0,1.0,0.10131710767745972,0.6571707129478455,0.9766927361488342,right,0.6621729731559753,0.26715338230133057,0.27350929379463196,60,timeout,217,flightonly,Flight-only learned camera,checkpoint/2026-05-10-02-45-09/checkpoint0014.pth
glare,1.0,0.0,1.0,0.18976424634456635,0.6669105887413025,0.9729408621788025,far_right,0.6902937889099121,0.24638889729976654,0.25212305784225464,60,timeout,218,flightonly,Flight-only learned camera,checkpoint/2026-05-10-02-45-09/checkpoint0014.pth
glare,0.0,1.0,0.0,1.8279550075531006,0.6753701567649841,0.947352945804596,far_right,0.7886338233947754,0.09427028894424438,0.11120600998401642,30,collision,219,flightonly,Flight-only learned camera,checkpoint/2026-05-10-02-45-09/checkpoint0014.pth
glare,0.0,1.0,0.0,1.794930100440979,0.7028406858444214,0.9269129037857056,far_left,0.7828422784805298,0.10112868249416351,0.11649731546640396,29,collision,220,flightonly,Flight-only learned camera,checkpoint/2026-05-10-02-45-09/checkpoint0014.pth
glare,0.0,1.0,0.0,1.776419997215271,0.6733944416046143,0.9251929521560669,far_left,0.7770988345146179,0.09901133924722672,0.11566037684679031,31,collision,221,flightonly,Flight-only learned camera,checkpoint/2026-05-10-02-45-09/checkpoint0014.pth
glare,0.0,1.0,0.0,1.7708890438079834,0.688101053237915,0.9462323188781738,far_right,0.7990631461143494,0.09557746350765228,0.10846273601055145,29,collision,222,flightonly,Flight-only learned camera,checkpoint/2026-05-10-02-45-09/checkpoint0014.pth
glare,1.0,0.0,1.0,0.11042066663503647,0.650154173374176,0.9743224382400513,right,0.665809154510498,0.26010653376579285,0.26630455255508423,60,timeout,223,flightonly,Flight-only learned camera,checkpoint/2026-05-10-02-45-09/checkpoint0014.pth
glare,0.0,1.0,0.0,1.7979475259780884,0.6560529470443726,0.9512242078781128,far_right,0.7886059284210205,0.0960654765367508,0.11217278242111206,30,collision,224,flightonly,Flight-only learned camera,checkpoint/2026-05-10-02-45-09/checkpoint0014.pth
glare,1.0,0.0,1.0,0.1694362610578537,0.661459743976593,0.9742453098297119,right,0.6847419738769531,0.2568909525871277,0.2615775465965271,60,timeout,225,flightonly,Flight-only learned camera,checkpoint/2026-05-10-02-45-09/checkpoint0014.pth
glare,1.0,0.0,1.0,0.25104305148124695,0.6983010172843933,0.9735966920852661,far_right,0.6761659383773804,0.23526282608509064,0.24726973474025726,60,timeout,226,flightonly,Flight-only learned camera,checkpoint/2026-05-10-02-45-09/checkpoint0014.pth
glare,0.0,1.0,0.0,1.8284270763397217,0.6779986023902893,0.9234327077865601,far_left,0.7870242595672607,0.09819692373275757,0.11307591199874878,31,collision,227,flightonly,Flight-only learned camera,checkpoint/2026-05-10-02-45-09/checkpoint0014.pth
glare,1.0,0.0,1.0,0.13465143740177155,0.6616628766059875,0.9779056310653687,right,0.6656757593154907,0.26077619194984436,0.2687038481235504,60,timeout,228,flightonly,Flight-only learned camera,checkpoint/2026-05-10-02-45-09/checkpoint0014.pth
glare,1.0,0.0,1.0,0.08693332225084305,0.6592214703559875,0.9764323234558105,right,0.6693264245986938,0.26005473732948303,0.26756158471107483,60,timeout,229,flightonly,Flight-only learned camera,checkpoint/2026-05-10-02-45-09/checkpoint0014.pth
glare,1.0,0.0,1.0,0.13242599368095398,0.6543745398521423,0.9447627067565918,left,0.6361898183822632,0.30870798230171204,0.31338152289390564,60,timeout,230,flightonly,Flight-only learned camera,checkpoint/2026-05-10-02-45-09/checkpoint0014.pth
glare,0.0,1.0,0.0,1.8015409708023071,0.6967625021934509,0.9437004327774048,far_left,0.7714503407478333,0.10665608197450638,0.12305782735347748,29,collision,231,flightonly,Flight-only learned camera,checkpoint/2026-05-10-02-45-09/checkpoint0014.pth
glare,1.0,0.0,1.0,0.15734869241714478,0.6145136952400208,0.8405213356018066,left,0.627967357635498,0.3956258296966553,0.40400558710098267,60,timeout,232,flightonly,Flight-only learned camera,checkpoint/2026-05-10-02-45-09/checkpoint0014.pth
glare,1.0,0.0,1.0,0.19496221840381622,0.6915827989578247,0.9657986760139465,far_left,0.6455947160720825,0.24726688861846924,0.26378655433654785,60,timeout,233,flightonly,Flight-only learned camera,checkpoint/2026-05-10-02-45-09/checkpoint0014.pth
glare,0.0,1.0,0.0,1.8523601293563843,0.6779289841651917,0.9475625157356262,far_right,0.7884790897369385,0.09418853372335434,0.11068945378065109,30,collision,234,flightonly,Flight-only learned camera,checkpoint/2026-05-10-02-45-09/checkpoint0014.pth
glare,1.0,0.0,1.0,0.12614430487155914,0.6771173477172852,0.9741561412811279,right,0.6789278984069824,0.2587447762489319,0.2642940580844879,60,timeout,235,flightonly,Flight-only learned camera,checkpoint/2026-05-10-02-45-09/checkpoint0014.pth
glare,1.0,0.0,1.0,0.22446149587631226,0.6703078150749207,0.9750892519950867,far_right,0.671065628528595,0.2419559359550476,0.2529243230819702,60,timeout,236,flightonly,Flight-only learned camera,checkpoint/2026-05-10-02-45-09/checkpoint0014.pth
glare,1.0,0.0,1.0,0.12533476948738098,0.6568995714187622,0.9766710996627808,right,0.6628649234771729,0.26835334300994873,0.2744470238685608,60,timeout,237,flightonly,Flight-only learned camera,checkpoint/2026-05-10-02-45-09/checkpoint0014.pth
glare,1.0,0.0,1.0,0.17612868547439575,0.6640889644622803,0.9778091907501221,far_left,0.6544356346130371,0.265006422996521,0.27270790934562683,60,timeout,238,flightonly,Flight-only learned camera,checkpoint/2026-05-10-02-45-09/checkpoint0014.pth
glare,0.0,1.0,0.0,1.781438946723938,0.7059377431869507,0.9466966390609741,far_right,0.7917765974998474,0.08981845527887344,0.10544310510158539,31,collision,239,flightonly,Flight-only learned camera,checkpoint/2026-05-10-02-45-09/checkpoint0014.pth
glare,0.0,1.0,0.0,1.8565396070480347,0.6749546527862549,0.9491438865661621,far_right,0.7872006893157959,0.09528300166130066,0.11257849633693695,30,collision,240,flightonly,Flight-only learned camera,checkpoint/2026-05-10-02-45-09/checkpoint0014.pth
glare,1.0,0.0,1.0,0.20966406166553497,0.6874962449073792,0.9776186943054199,far_right,0.6760435104370117,0.2344168722629547,0.24624890089035034,60,timeout,241,flightonly,Flight-only learned camera,checkpoint/2026-05-10-02-45-09/checkpoint0014.pth
glare,1.0,0.0,1.0,0.21198038756847382,0.6657651662826538,0.9751856923103333,far_right,0.6793209314346313,0.24790561199188232,0.25622594356536865,60,timeout,242,flightonly,Flight-only learned camera,checkpoint/2026-05-10-02-45-09/checkpoint0014.pth
glare,1.0,0.0,1.0,0.1813586950302124,0.6993338465690613,0.9746841192245483,far_left,0.6479114294052124,0.25366318225860596,0.2687649428844452,60,timeout,243,flightonly,Flight-only learned camera,checkpoint/2026-05-10-02-45-09/checkpoint0014.pth
glare,1.0,0.0,1.0,0.13491110503673553,0.6585253477096558,0.9733748435974121,right,0.6913437247276306,0.2466089129447937,0.25196373462677,60,timeout,244,flightonly,Flight-only learned camera,checkpoint/2026-05-10-02-45-09/checkpoint0014.pth
glare,1.0,0.0,1.0,0.10035192966461182,0.6530928611755371,0.9403067827224731,left,0.6343210339546204,0.31625059247016907,0.3211682140827179,60,timeout,245,flightonly,Flight-only learned camera,checkpoint/2026-05-10-02-45-09/checkpoint0014.pth
glare,0.0,1.0,0.0,1.6887048482894897,0.7095912098884583,0.9444278478622437,right,0.8135657906532288,0.09647052735090256,0.10895779728889465,27,collision,246,flightonly,Flight-only learned camera,checkpoint/2026-05-10-02-45-09/checkpoint0014.pth
glare,1.0,0.0,1.0,0.27547594904899597,0.7118793725967407,0.9731723070144653,far_right,0.688196063041687,0.21532778441905975,0.2297137826681137,60,timeout,247,flightonly,Flight-only learned camera,checkpoint/2026-05-10-02-45-09/checkpoint0014.pth
glare,0.0,1.0,0.0,1.7639646530151367,0.6853696703910828,0.9445322751998901,far_right,0.818048894405365,0.09200693666934967,0.10299845784902573,29,collision,248,flightonly,Flight-only learned camera,checkpoint/2026-05-10-02-45-09/checkpoint0014.pth
glare,0.0,1.0,0.0,1.8071247339248657,0.7167335152626038,0.9525313377380371,far_right,0.7824019193649292,0.09665528684854507,0.11463075876235962,30,collision,249,flightonly,Flight-only learned camera,checkpoint/2026-05-10-02-45-09/checkpoint0014.pth
glare,1.0,0.0,1.0,0.18576081097126007,0.6434057950973511,0.967373251914978,left,0.6493210792541504,0.2795577645301819,0.28420162200927734,60,timeout,250,flightonly,Flight-only learned camera,checkpoint/2026-05-10-02-45-09/checkpoint0014.pth
glare,1.0,0.0,1.0,0.13236059248447418,0.6335707902908325,0.8400198221206665,left,0.6317245960235596,0.39151695370674133,0.39911162853240967,60,timeout,251,flightonly,Flight-only learned camera,checkpoint/2026-05-10-02-45-09/checkpoint0014.pth
glare,1.0,0.0,1.0,0.15867666900157928,0.6237718462944031,0.8417366743087769,left,0.6236711144447327,0.3911159038543701,0.4027256965637207,60,timeout,252,flightonly,Flight-only learned camera,checkpoint/2026-05-10-02-45-09/checkpoint0014.pth
glare,1.0,0.0,1.0,0.0769597738981247,0.6510701775550842,0.9742573499679565,right,0.666384756565094,0.26859050989151,0.2731475234031677,60,timeout,253,flightonly,Flight-only learned camera,checkpoint/2026-05-10-02-45-09/checkpoint0014.pth
glare,1.0,0.0,1.0,0.19625326991081238,0.6459216475486755,0.9734833836555481,far_left,0.6656128168106079,0.25231578946113586,0.2586146593093872,60,timeout,254,flightonly,Flight-only learned camera,checkpoint/2026-05-10-02-45-09/checkpoint0014.pth
glare,1.0,0.0,1.0,0.1444711685180664,0.66611647605896,0.9750699996948242,far_left,0.6582174301147461,0.25879770517349243,0.26530909538269043,60,timeout,255,flightonly,Flight-only learned camera,checkpoint/2026-05-10-02-45-09/checkpoint0014.pth
glare,1.0,0.0,1.0,0.1580730825662613,0.671943187713623,0.9769386649131775,right,0.6709181666374207,0.2536023259162903,0.26239728927612305,60,timeout,256,flightonly,Flight-only learned camera,checkpoint/2026-05-10-02-45-09/checkpoint0014.pth
glare,1.0,0.0,1.0,0.19877409934997559,0.6472728848457336,0.972499668598175,left,0.6577382683753967,0.26746630668640137,0.27118510007858276,60,timeout,257,flightonly,Flight-only learned camera,checkpoint/2026-05-10-02-45-09/checkpoint0014.pth
glare,1.0,0.0,1.0,0.18353380262851715,0.6592932939529419,0.9757596254348755,right,0.6769009232521057,0.25411808490753174,0.26166704297065735,60,timeout,258,flightonly,Flight-only learned camera,checkpoint/2026-05-10-02-45-09/checkpoint0014.pth
glare,0.0,1.0,0.0,1.7983702421188354,0.6865620017051697,0.9395604133605957,far_left,0.7737763524055481,0.10204040259122849,0.1190604642033577,30,collision,259,flightonly,Flight-only learned camera,checkpoint/2026-05-10-02-45-09/checkpoint0014.pth
glare,1.0,0.0,1.0,0.15954779088497162,0.650367259979248,0.974295973777771,right,0.6755959987640381,0.26652348041534424,0.26990389823913574,60,timeout,260,flightonly,Flight-only learned camera,checkpoint/2026-05-10-02-45-09/checkpoint0014.pth
glare,0.0,1.0,0.0,1.818015217781067,0.6752650737762451,0.9426670670509338,far_left,0.7815116047859192,0.10269676148891449,0.11833865940570831,29,collision,261,flightonly,Flight-only learned camera,checkpoint/2026-05-10-02-45-09/checkpoint0014.pth
glare,1.0,0.0,1.0,0.18802891671657562,0.6709604263305664,0.9686439633369446,far_left,0.6708807349205017,0.2473519742488861,0.2542070746421814,60,timeout,262,flightonly,Flight-only learned camera,checkpoint/2026-05-10-02-45-09/checkpoint0014.pth
glare,0.0,1.0,0.0,1.7842504978179932,0.6735981106758118,0.9487606287002563,far_right,0.7868725061416626,0.092673659324646,0.10998883843421936,31,collision,263,flightonly,Flight-only learned camera,checkpoint/2026-05-10-02-45-09/checkpoint0014.pth
glare,1.0,0.0,1.0,0.2298220545053482,0.6586292386054993,0.9770640730857849,far_right,0.6654120683670044,0.2564466893672943,0.2643263638019562,60,timeout,264,flightonly,Flight-only learned camera,checkpoint/2026-05-10-02-45-09/checkpoint0014.pth
glare,0.0,1.0,0.0,1.7822847366333008,0.6663127541542053,0.9337818622589111,far_left,0.7686285972595215,0.1025037094950676,0.12108445912599564,31,collision,265,flightonly,Flight-only learned camera,checkpoint/2026-05-10-02-45-09/checkpoint0014.pth
glare,0.0,1.0,0.0,1.7251473665237427,0.7276740670204163,0.9353355169296265,far_left,0.7949827909469604,0.10533303022384644,0.11863648146390915,27,collision,266,flightonly,Flight-only learned camera,checkpoint/2026-05-10-02-45-09/checkpoint0014.pth
glare,0.0,1.0,0.0,1.757911205291748,0.6963179707527161,0.9391430616378784,far_left,0.7885312438011169,0.10145261138677597,0.1160174012184143,29,collision,267,flightonly,Flight-only learned camera,checkpoint/2026-05-10-02-45-09/checkpoint0014.pth
glare,1.0,0.0,1.0,0.14847390353679657,0.6979557871818542,0.971392810344696,far_left,0.6526545286178589,0.2532089948654175,0.26601171493530273,60,timeout,268,flightonly,Flight-only learned camera,checkpoint/2026-05-10-02-45-09/checkpoint0014.pth
glare,1.0,0.0,1.0,0.208675816655159,0.6368663311004639,0.9746914505958557,left,0.6583501696586609,0.263931006193161,0.2694201171398163,60,timeout,269,flightonly,Flight-only learned camera,checkpoint/2026-05-10-02-45-09/checkpoint0014.pth
glare,1.0,0.0,1.0,0.189271941781044,0.6400458216667175,0.9676794409751892,left,0.6613016128540039,0.2569063603878021,0.2600007951259613,60,timeout,270,flightonly,Flight-only learned camera,checkpoint/2026-05-10-02-45-09/checkpoint0014.pth
glare,0.0,1.0,0.0,1.7212960720062256,0.721622884273529,0.9436514377593994,far_right,0.8031541109085083,0.09652114659547806,0.10863323509693146,28,collision,271,flightonly,Flight-only learned camera,checkpoint/2026-05-10-02-45-09/checkpoint0014.pth
glare,1.0,0.0,1.0,0.12968574464321136,0.6570677757263184,0.9719738364219666,left,0.6591583490371704,0.2621593475341797,0.26873281598091125,60,timeout,272,flightonly,Flight-only learned camera,checkpoint/2026-05-10-02-45-09/checkpoint0014.pth
glare,0.0,1.0,0.0,1.736296534538269,0.709206223487854,0.9476326704025269,far_right,0.7925187349319458,0.09977260231971741,0.11379092186689377,28,collision,273,flightonly,Flight-only learned camera,checkpoint/2026-05-10-02-45-09/checkpoint0014.pth
glare,1.0,0.0,1.0,0.15526141226291656,0.6685417294502258,0.9723934531211853,far_left,0.6547385454177856,0.2650752663612366,0.2706089913845062,60,timeout,274,flightonly,Flight-only learned camera,checkpoint/2026-05-10-02-45-09/checkpoint0014.pth
glare,0.0,1.0,0.0,1.8257964849472046,0.6865038275718689,0.9421944618225098,far_right,0.7908918261528015,0.09225337207317352,0.10694141685962677,30,collision,275,flightonly,Flight-only learned camera,checkpoint/2026-05-10-02-45-09/checkpoint0014.pth
glare,1.0,0.0,1.0,0.1896297037601471,0.6677206754684448,0.9713493585586548,far_left,0.6645668148994446,0.25884950160980225,0.26465293765068054,60,timeout,276,flightonly,Flight-only learned camera,checkpoint/2026-05-10-02-45-09/checkpoint0014.pth
glare,0.0,1.0,0.0,1.7901501655578613,0.6920387744903564,0.9388577938079834,far_right,0.8069800138473511,0.09925252199172974,0.11006898432970047,27,collision,277,flightonly,Flight-only learned camera,checkpoint/2026-05-10-02-45-09/checkpoint0014.pth
glare,1.0,0.0,1.0,0.09860071539878845,0.667818546295166,0.9727864861488342,far_right,0.6768461465835571,0.2614005506038666,0.266714483499527,60,timeout,278,flightonly,Flight-only learned camera,checkpoint/2026-05-10-02-45-09/checkpoint0014.pth
glare,1.0,0.0,1.0,0.12866170704364777,0.6573497653007507,0.9675130844116211,left,0.6510182023048401,0.27780526876449585,0.2807857096195221,60,timeout,279,flightonly,Flight-only learned camera,checkpoint/2026-05-10-02-45-09/checkpoint0014.pth
glare,1.0,0.0,1.0,0.12613052129745483,0.6507828235626221,0.9749422073364258,right,0.6589257121086121,0.2727774381637573,0.27802976965904236,60,timeout,280,flightonly,Flight-only learned camera,checkpoint/2026-05-10-02-45-09/checkpoint0014.pth
glare,0.0,1.0,0.0,1.69307279586792,0.6945949196815491,0.9319487810134888,left,0.801642656326294,0.10425082594156265,0.11194292455911636,28,collision,281,flightonly,Flight-only learned camera,checkpoint/2026-05-10-02-45-09/checkpoint0014.pth
glare,1.0,0.0,1.0,0.1576904058456421,0.6587120294570923,0.9755956530570984,far_right,0.6769207119941711,0.24671360850334167,0.25433188676834106,60,timeout,282,flightonly,Flight-only learned camera,checkpoint/2026-05-10-02-45-09/checkpoint0014.pth
glare,1.0,0.0,1.0,0.18171902000904083,0.6903523206710815,0.9712384939193726,far_left,0.6626087427139282,0.25109291076660156,0.2602671980857849,60,timeout,283,flightonly,Flight-only learned camera,checkpoint/2026-05-10-02-45-09/checkpoint0014.pth
glare,1.0,0.0,1.0,0.13080564141273499,0.6520629525184631,0.9646219611167908,left,0.6533324718475342,0.2688520550727844,0.27342283725738525,60,timeout,284,flightonly,Flight-only learned camera,checkpoint/2026-05-10-02-45-09/checkpoint0014.pth
glare,0.0,1.0,0.0,1.801375389099121,0.7050164937973022,0.9441137909889221,far_right,0.7901531457901001,0.09631790965795517,0.11254022270441055,29,collision,285,flightonly,Flight-only learned camera,checkpoint/2026-05-10-02-45-09/checkpoint0014.pth
glare,1.0,0.0,1.0,0.15796011686325073,0.6416712403297424,0.9776813983917236,right,0.6614243984222412,0.26970794796943665,0.27614709734916687,60,timeout,286,flightonly,Flight-only learned camera,checkpoint/2026-05-10-02-45-09/checkpoint0014.pth
glare,1.0,0.0,1.0,0.2013881951570511,0.7134537696838379,0.9688054919242859,far_left,0.6708397269248962,0.2321496158838272,0.24565936625003815,60,timeout,287,flightonly,Flight-only learned camera,checkpoint/2026-05-10-02-45-09/checkpoint0014.pth
glare,1.0,0.0,1.0,0.1682654470205307,0.6392434239387512,0.9740692377090454,left,0.6541336178779602,0.2698575258255005,0.27567431330680847,60,timeout,288,flightonly,Flight-only learned camera,checkpoint/2026-05-10-02-45-09/checkpoint0014.pth
glare,1.0,0.0,1.0,0.16604869067668915,0.6704872846603394,0.9766397476196289,far_right,0.6680082082748413,0.25091785192489624,0.2605821490287781,60,timeout,289,flightonly,Flight-only learned camera,checkpoint/2026-05-10-02-45-09/checkpoint0014.pth
glare,1.0,0.0,1.0,0.19812335073947906,0.652742862701416,0.9774812459945679,right,0.670809268951416,0.2547239065170288,0.2632438540458679,60,timeout,290,flightonly,Flight-only learned camera,checkpoint/2026-05-10-02-45-09/checkpoint0014.pth
glare,1.0,0.0,1.0,0.1312262862920761,0.652201771736145,0.9764781594276428,left,0.6541734933853149,0.2676563262939453,0.27462729811668396,60,timeout,291,flightonly,Flight-only learned camera,checkpoint/2026-05-10-02-45-09/checkpoint0014.pth
glare,1.0,0.0,1.0,0.1677243709564209,0.6695754528045654,0.9768446683883667,right,0.6686733961105347,0.25450414419174194,0.2628761827945709,60,timeout,292,flightonly,Flight-only learned camera,checkpoint/2026-05-10-02-45-09/checkpoint0014.pth
glare,1.0,0.0,1.0,0.1950404942035675,0.6433421969413757,0.9687934517860413,left,0.664948582649231,0.26119086146354675,0.2655438184738159,60,timeout,293,flightonly,Flight-only learned camera,checkpoint/2026-05-10-02-45-09/checkpoint0014.pth
glare,1.0,0.0,1.0,0.20689283311367035,0.6557183861732483,0.9758777022361755,right,0.6712204813957214,0.25561055541038513,0.2631039023399353,60,timeout,294,flightonly,Flight-only learned camera,checkpoint/2026-05-10-02-45-09/checkpoint0014.pth
glare,1.0,0.0,1.0,0.11583705246448517,0.6446576118469238,0.9742645621299744,right,0.6671445369720459,0.27422091364860535,0.27720507979393005,60,timeout,295,flightonly,Flight-only learned camera,checkpoint/2026-05-10-02-45-09/checkpoint0014.pth
glare,1.0,0.0,1.0,0.14758747816085815,0.6315984129905701,0.9270303845405579,left,0.6322073936462402,0.33351024985313416,0.3363551199436188,60,timeout,296,flightonly,Flight-only learned camera,checkpoint/2026-05-10-02-45-09/checkpoint0014.pth
glare,1.0,0.0,1.0,0.14678438007831573,0.6642296314239502,0.9772473573684692,right,0.6759657263755798,0.24601370096206665,0.25546175241470337,60,timeout,297,flightonly,Flight-only learned camera,checkpoint/2026-05-10-02-45-09/checkpoint0014.pth
glare,1.0,0.0,1.0,0.21756254136562347,0.6431429386138916,0.9675372242927551,left,0.657461941242218,0.2619676887989044,0.26335763931274414,60,timeout,298,flightonly,Flight-only learned camera,checkpoint/2026-05-10-02-45-09/checkpoint0014.pth
glare,1.0,0.0,1.0,0.18740394711494446,0.6848812103271484,0.9755498170852661,far_right,0.6702716946601868,0.24495463073253632,0.2560841739177704,60,timeout,299,flightonly,Flight-only learned camera,checkpoint/2026-05-10-02-45-09/checkpoint0014.pth
specular,1.0,0.0,1.0,0.08085110038518906,0.6044361591339111,0.9930001497268677,right,0.4459424614906311,0.44216838479042053,0.4196162223815918,60,timeout,0,flightonly,Flight-only learned camera,checkpoint/2026-05-10-02-45-09/checkpoint0014.pth
specular,0.0,1.0,0.0,1.7290987968444824,0.7042374014854431,0.9820162057876587,left,0.3787633776664734,0.3916324973106384,0.35841548442840576,24,collision,1,flightonly,Flight-only learned camera,checkpoint/2026-05-10-02-45-09/checkpoint0014.pth
specular,1.0,0.0,1.0,0.15786659717559814,0.6129039525985718,0.9931279420852661,left,0.4422295391559601,0.43393558263778687,0.4156416654586792,60,timeout,2,flightonly,Flight-only learned camera,checkpoint/2026-05-10-02-45-09/checkpoint0014.pth
specular,1.0,0.0,1.0,0.19513390958309174,0.6252585649490356,0.9930074214935303,far_left,0.4366346001625061,0.42372092604637146,0.41023528575897217,60,timeout,3,flightonly,Flight-only learned camera,checkpoint/2026-05-10-02-45-09/checkpoint0014.pth
specular,1.0,0.0,1.0,0.08089545369148254,0.6257104277610779,0.9933425188064575,right,0.4430205821990967,0.43275192379951477,0.418402761220932,60,timeout,4,flightonly,Flight-only learned camera,checkpoint/2026-05-10-02-45-09/checkpoint0014.pth
specular,1.0,0.0,1.0,0.09434759616851807,0.6331112384796143,0.9932026863098145,right,0.44311919808387756,0.4338442087173462,0.4186989665031433,60,timeout,5,flightonly,Flight-only learned camera,checkpoint/2026-05-10-02-45-09/checkpoint0014.pth
specular,0.0,1.0,0.0,1.7821577787399292,0.6527575254440308,0.9842525720596313,far_right,0.3767291009426117,0.3978036940097809,0.3636329472064972,27,collision,6,flightonly,Flight-only learned camera,checkpoint/2026-05-10-02-45-09/checkpoint0014.pth
specular,1.0,0.0,1.0,0.1217273399233818,0.6174489855766296,0.993185818195343,left,0.44234055280685425,0.43084922432899475,0.41529467701911926,60,timeout,7,flightonly,Flight-only learned camera,checkpoint/2026-05-10-02-45-09/checkpoint0014.pth
specular,1.0,0.0,1.0,0.24213385581970215,0.6536910533905029,0.993079662322998,far_left,0.42923542857170105,0.42300307750701904,0.4035685956478119,60,timeout,8,flightonly,Flight-only learned camera,checkpoint/2026-05-10-02-45-09/checkpoint0014.pth
specular,1.0,0.0,1.0,0.21093882620334625,0.6073107719421387,0.9922309517860413,far_left,0.4390294551849365,0.4351682960987091,0.41330215334892273,60,timeout,9,flightonly,Flight-only learned camera,checkpoint/2026-05-10-02-45-09/checkpoint0014.pth
specular,1.0,0.0,1.0,0.0971376821398735,0.6182463765144348,0.9930025339126587,right,0.4448239505290985,0.43819400668144226,0.417479932308197,60,timeout,10,flightonly,Flight-only learned camera,checkpoint/2026-05-10-02-45-09/checkpoint0014.pth
specular,1.0,0.0,1.0,0.2555578947067261,0.5974040031433105,0.993183434009552,right,0.44379866123199463,0.4319923520088196,0.418495774269104,60,timeout,11,flightonly,Flight-only learned camera,checkpoint/2026-05-10-02-45-09/checkpoint0014.pth
specular,1.0,0.0,1.0,0.13467620313167572,0.6099059581756592,0.9933063983917236,right,0.43975183367729187,0.4300174415111542,0.4147137403488159,60,timeout,12,flightonly,Flight-only learned camera,checkpoint/2026-05-10-02-45-09/checkpoint0014.pth
specular,1.0,0.0,1.0,0.13670308887958527,0.6105006337165833,0.9920862913131714,right,0.445880264043808,0.44594806432724,0.41894635558128357,60,timeout,13,flightonly,Flight-only learned camera,checkpoint/2026-05-10-02-45-09/checkpoint0014.pth
specular,0.0,1.0,0.0,1.8061952590942383,0.6507079601287842,0.9833354949951172,far_left,0.3740314841270447,0.39850592613220215,0.35484081506729126,28,collision,14,flightonly,Flight-only learned camera,checkpoint/2026-05-10-02-45-09/checkpoint0014.pth
specular,1.0,0.0,1.0,0.12043747305870056,0.6175857782363892,0.9931352138519287,left,0.44299498200416565,0.43172746896743774,0.4144028127193451,60,timeout,15,flightonly,Flight-only learned camera,checkpoint/2026-05-10-02-45-09/checkpoint0014.pth
specular,1.0,0.0,1.0,0.26108962297439575,0.6432654857635498,0.9930024743080139,far_right,0.44158098101615906,0.4210148751735687,0.4080040156841278,60,timeout,16,flightonly,Flight-only learned camera,checkpoint/2026-05-10-02-45-09/checkpoint0014.pth
specular,1.0,0.0,1.0,0.18621505796909332,0.5943694710731506,0.9925830364227295,right,0.4461807310581207,0.44594573974609375,0.41938960552215576,60,timeout,17,flightonly,Flight-only learned camera,checkpoint/2026-05-10-02-45-09/checkpoint0014.pth
specular,1.0,0.0,1.0,0.17904645204544067,0.6458396315574646,0.9932316541671753,far_right,0.44069164991378784,0.430200457572937,0.41510534286499023,60,timeout,18,flightonly,Flight-only learned camera,checkpoint/2026-05-10-02-45-09/checkpoint0014.pth
specular,1.0,0.0,1.0,0.17581979930400848,0.5978154540061951,0.9931978583335876,right,0.44512319564819336,0.4358682334423065,0.4207226634025574,60,timeout,19,flightonly,Flight-only learned camera,checkpoint/2026-05-10-02-45-09/checkpoint0014.pth
specular,0.0,1.0,0.0,1.8491512537002563,0.6372448205947876,0.9854342937469482,far_right,0.38544565439224243,0.3899783492088318,0.36149778962135315,29,collision,20,flightonly,Flight-only learned camera,checkpoint/2026-05-10-02-45-09/checkpoint0014.pth
specular,1.0,0.0,1.0,0.20548094809055328,0.6284304857254028,0.9930965900421143,far_left,0.43594712018966675,0.42202427983283997,0.40874072909355164,60,timeout,21,flightonly,Flight-only learned camera,checkpoint/2026-05-10-02-45-09/checkpoint0014.pth
specular,1.0,0.0,1.0,0.16536450386047363,0.585205614566803,0.9931206703186035,right,0.44455304741859436,0.4307044446468353,0.4164314270019531,60,timeout,22,flightonly,Flight-only learned camera,checkpoint/2026-05-10-02-45-09/checkpoint0014.pth
specular,1.0,0.0,1.0,0.1382732391357422,0.6025899648666382,0.9932436943054199,right,0.44217562675476074,0.4327934682369232,0.4170988202095032,60,timeout,23,flightonly,Flight-only learned camera,checkpoint/2026-05-10-02-45-09/checkpoint0014.pth
specular,1.0,0.0,1.0,0.15795409679412842,0.6647700071334839,0.9917969107627869,far_right,0.4444233775138855,0.4095250964164734,0.40499523282051086,60,timeout,24,flightonly,Flight-only learned camera,checkpoint/2026-05-10-02-45-09/checkpoint0014.pth
specular,1.0,0.0,1.0,0.14878958463668823,0.6166720390319824,0.993161678314209,far_right,0.44085344672203064,0.43488478660583496,0.4156525135040283,60,timeout,25,flightonly,Flight-only learned camera,checkpoint/2026-05-10-02-45-09/checkpoint0014.pth
specular,1.0,0.0,1.0,0.13986186683177948,0.6375483274459839,0.9928988814353943,far_right,0.4381665289402008,0.4282661974430084,0.4135567545890808,60,timeout,26,flightonly,Flight-only learned camera,checkpoint/2026-05-10-02-45-09/checkpoint0014.pth
specular,0.0,1.0,0.0,1.7815542221069336,0.6737573742866516,0.9846483469009399,far_right,0.3770004212856293,0.3954782783985138,0.36199885606765747,28,collision,27,flightonly,Flight-only learned camera,checkpoint/2026-05-10-02-45-09/checkpoint0014.pth
specular,1.0,0.0,1.0,0.13962458074092865,0.6107161641120911,0.9921537637710571,right,0.44593366980552673,0.4457949697971344,0.4175673723220825,60,timeout,28,flightonly,Flight-only learned camera,checkpoint/2026-05-10-02-45-09/checkpoint0014.pth
specular,1.0,0.0,1.0,0.1793525516986847,0.5978936553001404,0.9931737780570984,left,0.4439883530139923,0.43531984090805054,0.41701433062553406,60,timeout,29,flightonly,Flight-only learned camera,checkpoint/2026-05-10-02-45-09/checkpoint0014.pth
specular,1.0,0.0,1.0,0.20057842135429382,0.6514641642570496,0.9931568503379822,far_left,0.43309733271598816,0.42574527859687805,0.4074442684650421,60,timeout,30,flightonly,Flight-only learned camera,checkpoint/2026-05-10-02-45-09/checkpoint0014.pth
specular,0.0,1.0,0.0,1.6293879747390747,0.7146567106246948,0.9822470545768738,right,0.3790750503540039,0.40375110507011414,0.35921257734298706,25,collision,31,flightonly,Flight-only learned camera,checkpoint/2026-05-10-02-45-09/checkpoint0014.pth
specular,1.0,0.0,1.0,0.17426176369190216,0.6274920701980591,0.9929953217506409,far_right,0.4375966787338257,0.4263457655906677,0.41444504261016846,60,timeout,32,flightonly,Flight-only learned camera,checkpoint/2026-05-10-02-45-09/checkpoint0014.pth
specular,1.0,0.0,1.0,0.04899701848626137,0.6230512261390686,0.9929687976837158,left,0.4431995451450348,0.43469247221946716,0.4146099090576172,60,timeout,33,flightonly,Flight-only learned camera,checkpoint/2026-05-10-02-45-09/checkpoint0014.pth
specular,1.0,0.0,1.0,0.10233192145824432,0.6439220905303955,0.9930025339126587,far_right,0.441141277551651,0.43008801341056824,0.4164300262928009,60,timeout,34,flightonly,Flight-only learned camera,checkpoint/2026-05-10-02-45-09/checkpoint0014.pth
specular,1.0,0.0,1.0,0.08803293108940125,0.6326891779899597,0.9928843975067139,far_left,0.4407683312892914,0.43256068229675293,0.4139136075973511,60,timeout,35,flightonly,Flight-only learned camera,checkpoint/2026-05-10-02-45-09/checkpoint0014.pth
specular,1.0,0.0,1.0,0.12987376749515533,0.65257328748703,0.9933642745018005,far_right,0.4378473460674286,0.42668837308883667,0.4121915400028229,60,timeout,36,flightonly,Flight-only learned camera,checkpoint/2026-05-10-02-45-09/checkpoint0014.pth
specular,1.0,0.0,1.0,0.0560089610517025,0.6252112984657288,0.9931110739707947,left,0.44272536039352417,0.4352877140045166,0.4155495762825012,60,timeout,37,flightonly,Flight-only learned camera,checkpoint/2026-05-10-02-45-09/checkpoint0014.pth
specular,1.0,0.0,1.0,0.21578967571258545,0.6013844609260559,0.9933739304542542,left,0.44503048062324524,0.4359050989151001,0.41992437839508057,60,timeout,38,flightonly,Flight-only learned camera,checkpoint/2026-05-10-02-45-09/checkpoint0014.pth
specular,1.0,0.0,1.0,0.14825107157230377,0.6338335871696472,0.992322564125061,far_left,0.4385027289390564,0.4314698874950409,0.41292381286621094,60,timeout,39,flightonly,Flight-only learned camera,checkpoint/2026-05-10-02-45-09/checkpoint0014.pth
specular,0.0,1.0,0.0,1.715919852256775,0.7054307460784912,0.9813730120658875,far_left,0.37408900260925293,0.39458566904067993,0.3605961799621582,25,collision,40,flightonly,Flight-only learned camera,checkpoint/2026-05-10-02-45-09/checkpoint0014.pth
specular,1.0,0.0,1.0,0.22401604056358337,0.6003162860870361,0.9932388663291931,left,0.4466824233531952,0.43080663681030273,0.4161800742149353,60,timeout,41,flightonly,Flight-only learned camera,checkpoint/2026-05-10-02-45-09/checkpoint0014.pth
specular,1.0,0.0,1.0,0.20526988804340363,0.668025016784668,0.9928193092346191,far_right,0.44246914982795715,0.4201405942440033,0.40868231654167175,60,timeout,42,flightonly,Flight-only learned camera,checkpoint/2026-05-10-02-45-09/checkpoint0014.pth
specular,1.0,0.0,1.0,0.13006466627120972,0.6362103819847107,0.9931423664093018,far_right,0.43704089522361755,0.4277307987213135,0.414020299911499,60,timeout,43,flightonly,Flight-only learned camera,checkpoint/2026-05-10-02-45-09/checkpoint0014.pth
specular,1.0,0.0,1.0,0.08368957787752151,0.6232991814613342,0.9933691024780273,right,0.4408228099346161,0.4286043345928192,0.41593819856643677,60,timeout,44,flightonly,Flight-only learned camera,checkpoint/2026-05-10-02-45-09/checkpoint0014.pth
specular,1.0,0.0,1.0,0.08285088837146759,0.5984998941421509,0.9934052228927612,left,0.4476085305213928,0.4388720691204071,0.4217076897621155,60,timeout,45,flightonly,Flight-only learned camera,checkpoint/2026-05-10-02-45-09/checkpoint0014.pth
specular,1.0,0.0,1.0,0.08797237277030945,0.64031583070755,0.991314709186554,far_right,0.4557613730430603,0.4129829704761505,0.39700111746788025,60,timeout,46,flightonly,Flight-only learned camera,checkpoint/2026-05-10-02-45-09/checkpoint0014.pth
specular,1.0,0.0,1.0,0.061700038611888885,0.6166653037071228,0.9931448698043823,right,0.4420663118362427,0.4335207939147949,0.4169503152370453,60,timeout,47,flightonly,Flight-only learned camera,checkpoint/2026-05-10-02-45-09/checkpoint0014.pth
specular,0.0,1.0,0.0,1.790339469909668,0.6957584023475647,0.9816666841506958,far_left,0.3705953061580658,0.4048827588558197,0.36021408438682556,26,collision,48,flightonly,Flight-only learned camera,checkpoint/2026-05-10-02-45-09/checkpoint0014.pth
specular,0.0,1.0,0.0,1.7614096403121948,0.6924980878829956,0.9846107363700867,far_left,0.3700803518295288,0.3893195390701294,0.3538095951080322,28,collision,49,flightonly,Flight-only learned camera,checkpoint/2026-05-10-02-45-09/checkpoint0014.pth
specular,1.0,0.0,1.0,0.08367621898651123,0.6234622001647949,0.9929494857788086,right,0.4445485770702362,0.438212513923645,0.41846805810928345,60,timeout,50,flightonly,Flight-only learned camera,checkpoint/2026-05-10-02-45-09/checkpoint0014.pth
specular,0.0,1.0,0.0,1.800380825996399,0.6868870258331299,0.9824700355529785,far_right,0.3739554286003113,0.4029862880706787,0.3648102283477783,25,collision,51,flightonly,Flight-only learned camera,checkpoint/2026-05-10-02-45-09/checkpoint0014.pth
specular,1.0,0.0,1.0,0.11112677305936813,0.6112846732139587,0.993161678314209,right,0.44547414779663086,0.43064558506011963,0.4193418025970459,60,timeout,52,flightonly,Flight-only learned camera,checkpoint/2026-05-10-02-45-09/checkpoint0014.pth
specular,1.0,0.0,1.0,0.1262696087360382,0.6305477023124695,0.9919440746307373,right,0.4467625021934509,0.4439455568790436,0.4179850220680237,60,timeout,53,flightonly,Flight-only learned camera,checkpoint/2026-05-10-02-45-09/checkpoint0014.pth
specular,1.0,0.0,1.0,0.11857910454273224,0.6071838736534119,0.9917487502098083,left,0.4480867385864258,0.4459811747074127,0.41972029209136963,60,timeout,54,flightonly,Flight-only learned camera,checkpoint/2026-05-10-02-45-09/checkpoint0014.pth
specular,1.0,0.0,1.0,0.13394635915756226,0.6170044541358948,0.9932581186294556,right,0.44372159242630005,0.4337823688983917,0.4193863868713379,60,timeout,55,flightonly,Flight-only learned camera,checkpoint/2026-05-10-02-45-09/checkpoint0014.pth
specular,0.0,1.0,0.0,1.8019239902496338,0.6841003894805908,0.9812700152397156,far_left,0.37387290596961975,0.39930784702301025,0.3484783172607422,27,collision,56,flightonly,Flight-only learned camera,checkpoint/2026-05-10-02-45-09/checkpoint0014.pth
specular,1.0,0.0,1.0,0.0766095444560051,0.6202859282493591,0.9922454357147217,right,0.44347402453422546,0.4435030221939087,0.4161151349544525,60,timeout,57,flightonly,Flight-only learned camera,checkpoint/2026-05-10-02-45-09/checkpoint0014.pth
specular,1.0,0.0,1.0,0.1840182989835739,0.6314257383346558,0.9929905533790588,far_left,0.43697023391723633,0.4250906705856323,0.41105541586875916,60,timeout,58,flightonly,Flight-only learned camera,checkpoint/2026-05-10-02-45-09/checkpoint0014.pth
specular,1.0,0.0,1.0,0.12232519686222076,0.6130391359329224,0.9928892254829407,right,0.4456937313079834,0.4398357570171356,0.4183879792690277,60,timeout,59,flightonly,Flight-only learned camera,checkpoint/2026-05-10-02-45-09/checkpoint0014.pth
specular,0.0,1.0,0.0,1.7494996786117554,0.6628736853599548,0.9852017164230347,far_left,0.3697895407676697,0.38983282446861267,0.3536207377910614,29,collision,60,flightonly,Flight-only learned camera,checkpoint/2026-05-10-02-45-09/checkpoint0014.pth
specular,1.0,0.0,1.0,0.09833426773548126,0.6387367844581604,0.9928820133209229,far_right,0.4389670789241791,0.42844003438949585,0.4136499762535095,60,timeout,61,flightonly,Flight-only learned camera,checkpoint/2026-05-10-02-45-09/checkpoint0014.pth
specular,1.0,0.0,1.0,0.15886294841766357,0.5999671220779419,0.9922526478767395,right,0.4471094012260437,0.43856173753738403,0.4173758625984192,60,timeout,62,flightonly,Flight-only learned camera,checkpoint/2026-05-10-02-45-09/checkpoint0014.pth
specular,1.0,0.0,1.0,0.20770946145057678,0.6373065114021301,0.9919825792312622,far_left,0.43277496099472046,0.4344090223312378,0.4061473309993744,60,timeout,63,flightonly,Flight-only learned camera,checkpoint/2026-05-10-02-45-09/checkpoint0014.pth
specular,0.0,1.0,0.0,1.7928911447525024,0.6630064249038696,0.9811168313026428,far_left,0.37655967473983765,0.411284476518631,0.3610938489437103,26,collision,64,flightonly,Flight-only learned camera,checkpoint/2026-05-10-02-45-09/checkpoint0014.pth
specular,1.0,0.0,1.0,0.21230800449848175,0.618428647518158,0.9921007752418518,far_left,0.4398813545703888,0.4370916485786438,0.4136146008968353,60,timeout,65,flightonly,Flight-only learned camera,checkpoint/2026-05-10-02-45-09/checkpoint0014.pth
specular,1.0,0.0,1.0,0.18516992032527924,0.6414496302604675,0.9933184385299683,far_right,0.43791308999061584,0.42774590849876404,0.41314321756362915,60,timeout,66,flightonly,Flight-only learned camera,checkpoint/2026-05-10-02-45-09/checkpoint0014.pth
specular,1.0,0.0,1.0,0.12014440447092056,0.6096872091293335,0.9924286603927612,left,0.4435417652130127,0.44452452659606934,0.41779041290283203,60,timeout,67,flightonly,Flight-only learned camera,checkpoint/2026-05-10-02-45-09/checkpoint0014.pth
specular,0.0,1.0,0.0,1.8161858320236206,0.6574977040290833,0.9844285249710083,far_left,0.37033143639564514,0.401334673166275,0.35698142647743225,28,collision,68,flightonly,Flight-only learned camera,checkpoint/2026-05-10-02-45-09/checkpoint0014.pth
specular,1.0,0.0,1.0,0.15460552275180817,0.640609860420227,0.991900622844696,far_right,0.44698211550712585,0.4155538082122803,0.39909783005714417,60,timeout,69,flightonly,Flight-only learned camera,checkpoint/2026-05-10-02-45-09/checkpoint0014.pth
specular,1.0,0.0,1.0,0.133269265294075,0.6066548824310303,0.993159294128418,right,0.444484680891037,0.43645209074020386,0.42024877667427063,60,timeout,70,flightonly,Flight-only learned camera,checkpoint/2026-05-10-02-45-09/checkpoint0014.pth
specular,1.0,0.0,1.0,0.2603881061077118,0.5913783311843872,0.9932532906532288,far_right,0.44170480966567993,0.43164920806884766,0.417292058467865,60,timeout,71,flightonly,Flight-only learned camera,checkpoint/2026-05-10-02-45-09/checkpoint0014.pth
specular,1.0,0.0,1.0,0.20640689134597778,0.6268184781074524,0.9923973679542542,far_left,0.4393729865550995,0.4286971390247345,0.41313275694847107,60,timeout,72,flightonly,Flight-only learned camera,checkpoint/2026-05-10-02-45-09/checkpoint0014.pth
specular,1.0,0.0,1.0,0.13236719369888306,0.6527743339538574,0.9931833744049072,far_right,0.4331780672073364,0.4234083294868469,0.4102622866630554,60,timeout,73,flightonly,Flight-only learned camera,checkpoint/2026-05-10-02-45-09/checkpoint0014.pth
specular,1.0,0.0,1.0,0.19539180397987366,0.5870023965835571,0.9933739304542542,right,0.4429037272930145,0.4305873513221741,0.4171917736530304,60,timeout,74,flightonly,Flight-only learned camera,checkpoint/2026-05-10-02-45-09/checkpoint0014.pth
specular,1.0,0.0,1.0,0.06515611708164215,0.6093155145645142,0.9932485222816467,left,0.445803165435791,0.4356022775173187,0.42054256796836853,60,timeout,75,flightonly,Flight-only learned camera,checkpoint/2026-05-10-02-45-09/checkpoint0014.pth
specular,1.0,0.0,1.0,0.0686371847987175,0.6262587308883667,0.9930194020271301,left,0.4440496563911438,0.4337460994720459,0.41683703660964966,60,timeout,76,flightonly,Flight-only learned camera,checkpoint/2026-05-10-02-45-09/checkpoint0014.pth
specular,0.0,1.0,0.0,1.6965248584747314,0.7006441950798035,0.9825423955917358,left,0.3761216104030609,0.4008193016052246,0.3579626977443695,25,collision,77,flightonly,Flight-only learned camera,checkpoint/2026-05-10-02-45-09/checkpoint0014.pth
specular,0.0,1.0,0.0,1.8213086128234863,0.6734564900398254,0.9816595315933228,far_right,0.3728008270263672,0.3967437744140625,0.35979118943214417,27,collision,78,flightonly,Flight-only learned camera,checkpoint/2026-05-10-02-45-09/checkpoint0014.pth
specular,1.0,0.0,1.0,0.17951469123363495,0.6090834140777588,0.9929230213165283,far_right,0.4399099051952362,0.43507418036460876,0.4139133095741272,60,timeout,79,flightonly,Flight-only learned camera,checkpoint/2026-05-10-02-45-09/checkpoint0014.pth
specular,1.0,0.0,1.0,0.10808239132165909,0.6188753843307495,0.9931327700614929,right,0.4453605115413666,0.43528464436531067,0.42037782073020935,60,timeout,80,flightonly,Flight-only learned camera,checkpoint/2026-05-10-02-45-09/checkpoint0014.pth
specular,1.0,0.0,1.0,0.06593911349773407,0.6168685555458069,0.9933112263679504,right,0.4440143406391144,0.43360382318496704,0.4194505214691162,60,timeout,81,flightonly,Flight-only learned camera,checkpoint/2026-05-10-02-45-09/checkpoint0014.pth
specular,0.0,1.0,0.0,1.7384692430496216,0.6942791938781738,0.9809473156929016,far_right,0.3708285689353943,0.3995949923992157,0.35884660482406616,27,collision,82,flightonly,Flight-only learned camera,checkpoint/2026-05-10-02-45-09/checkpoint0014.pth
specular,1.0,0.0,1.0,0.17219127714633942,0.6306172013282776,0.992937445640564,far_right,0.44167542457580566,0.4248482882976532,0.41040387749671936,60,timeout,83,flightonly,Flight-only learned camera,checkpoint/2026-05-10-02-45-09/checkpoint0014.pth
specular,1.0,0.0,1.0,0.19122838973999023,0.6163322925567627,0.9929736256599426,far_left,0.43997400999069214,0.4292773902416229,0.41294029355049133,60,timeout,84,flightonly,Flight-only learned camera,checkpoint/2026-05-10-02-45-09/checkpoint0014.pth
specular,1.0,0.0,1.0,0.11685840785503387,0.617754340171814,0.9932485222816467,right,0.4401423931121826,0.43008744716644287,0.41542673110961914,60,timeout,85,flightonly,Flight-only learned camera,checkpoint/2026-05-10-02-45-09/checkpoint0014.pth
specular,1.0,0.0,1.0,0.1559685617685318,0.6285837292671204,0.9931279420852661,left,0.44079723954200745,0.4298555552959442,0.41271936893463135,60,timeout,86,flightonly,Flight-only learned camera,checkpoint/2026-05-10-02-45-09/checkpoint0014.pth
specular,0.0,1.0,0.0,1.8271667957305908,0.6827582120895386,0.9819656014442444,far_right,0.37113550305366516,0.4024509787559509,0.3611849844455719,27,collision,87,flightonly,Flight-only learned camera,checkpoint/2026-05-10-02-45-09/checkpoint0014.pth
specular,0.0,1.0,0.0,1.7549793720245361,0.6895718574523926,0.9846420884132385,far_right,0.37451407313346863,0.40056267380714417,0.3618255853652954,27,collision,88,flightonly,Flight-only learned camera,checkpoint/2026-05-10-02-45-09/checkpoint0014.pth
specular,1.0,0.0,1.0,0.16858625411987305,0.6115643978118896,0.9931786060333252,left,0.443988174200058,0.4291897714138031,0.4140819013118744,60,timeout,89,flightonly,Flight-only learned camera,checkpoint/2026-05-10-02-45-09/checkpoint0014.pth
specular,1.0,0.0,1.0,0.19689543545246124,0.6468092799186707,0.9931254982948303,far_left,0.43094757199287415,0.42331570386886597,0.4033508598804474,60,timeout,90,flightonly,Flight-only learned camera,checkpoint/2026-05-10-02-45-09/checkpoint0014.pth
specular,1.0,0.0,1.0,0.13088417053222656,0.6160408854484558,0.9931014180183411,far_right,0.44204798340797424,0.43114542961120605,0.4168376624584198,60,timeout,91,flightonly,Flight-only learned camera,checkpoint/2026-05-10-02-45-09/checkpoint0014.pth
specular,0.0,1.0,0.0,1.809271216392517,0.6564363837242126,0.9825872182846069,far_right,0.38582560420036316,0.3939041197299957,0.3582511842250824,29,collision,92,flightonly,Flight-only learned camera,checkpoint/2026-05-10-02-45-09/checkpoint0014.pth
specular,1.0,0.0,1.0,0.10371194034814835,0.6192380785942078,0.99251788854599,left,0.4441681206226349,0.4389592111110687,0.41673797369003296,60,timeout,93,flightonly,Flight-only learned camera,checkpoint/2026-05-10-02-45-09/checkpoint0014.pth
specular,1.0,0.0,1.0,0.21332736313343048,0.6310257315635681,0.9929687976837158,far_left,0.436591774225235,0.42486774921417236,0.4105241894721985,60,timeout,94,flightonly,Flight-only learned camera,checkpoint/2026-05-10-02-45-09/checkpoint0014.pth
specular,1.0,0.0,1.0,0.1479286551475525,0.6352941393852234,0.9927180409431458,far_right,0.43643662333488464,0.42734283208847046,0.4110267758369446,60,timeout,95,flightonly,Flight-only learned camera,checkpoint/2026-05-10-02-45-09/checkpoint0014.pth
specular,1.0,0.0,1.0,0.13184583187103271,0.5990750789642334,0.9928747415542603,right,0.44377443194389343,0.4399634897708893,0.41793063282966614,60,timeout,96,flightonly,Flight-only learned camera,checkpoint/2026-05-10-02-45-09/checkpoint0014.pth
specular,1.0,0.0,1.0,0.1305764764547348,0.6210137009620667,0.9931978583335876,left,0.44334879517555237,0.43580564856529236,0.4169711768627167,60,timeout,97,flightonly,Flight-only learned camera,checkpoint/2026-05-10-02-45-09/checkpoint0014.pth
specular,1.0,0.0,1.0,0.06939802318811417,0.6177523136138916,0.992963969707489,left,0.44540542364120483,0.43414098024368286,0.41811901330947876,60,timeout,98,flightonly,Flight-only learned camera,checkpoint/2026-05-10-02-45-09/checkpoint0014.pth
specular,1.0,0.0,1.0,0.1338353455066681,0.5973318815231323,0.9922767281532288,right,0.4428595006465912,0.44157859683036804,0.4147186577320099,60,timeout,99,flightonly,Flight-only learned camera,checkpoint/2026-05-10-02-45-09/checkpoint0014.pth
specular,1.0,0.0,1.0,0.19424468278884888,0.6531913876533508,0.9931520223617554,far_left,0.4350590109825134,0.423217236995697,0.40690290927886963,60,timeout,100,flightonly,Flight-only learned camera,checkpoint/2026-05-10-02-45-09/checkpoint0014.pth
specular,1.0,0.0,1.0,0.18874138593673706,0.5739150047302246,0.9933980107307434,right,0.44304966926574707,0.434712678194046,0.4188821613788605,60,timeout,101,flightonly,Flight-only learned camera,checkpoint/2026-05-10-02-45-09/checkpoint0014.pth
specular,1.0,0.0,1.0,0.20095399022102356,0.5932658910751343,0.9931544661521912,left,0.439756840467453,0.4363519549369812,0.41565221548080444,60,timeout,102,flightonly,Flight-only learned camera,checkpoint/2026-05-10-02-45-09/checkpoint0014.pth
specular,1.0,0.0,1.0,0.06040352210402489,0.6221231818199158,0.9918186664581299,right,0.4474978744983673,0.44470661878585815,0.41886788606643677,60,timeout,103,flightonly,Flight-only learned camera,checkpoint/2026-05-10-02-45-09/checkpoint0014.pth
specular,1.0,0.0,1.0,0.12508879601955414,0.600965678691864,0.9923587441444397,right,0.4428381025791168,0.44415947794914246,0.416803240776062,60,timeout,104,flightonly,Flight-only learned camera,checkpoint/2026-05-10-02-45-09/checkpoint0014.pth
specular,1.0,0.0,1.0,0.14392906427383423,0.6240560412406921,0.992963969707489,far_right,0.4389244318008423,0.42792466282844543,0.4121808707714081,60,timeout,105,flightonly,Flight-only learned camera,checkpoint/2026-05-10-02-45-09/checkpoint0014.pth
specular,0.0,1.0,0.0,1.785091757774353,0.6590105891227722,0.981585681438446,far_left,0.3753383159637451,0.41694721579551697,0.36173591017723083,26,collision,106,flightonly,Flight-only learned camera,checkpoint/2026-05-10-02-45-09/checkpoint0014.pth
specular,1.0,0.0,1.0,0.1440766155719757,0.6052410006523132,0.9930652379989624,right,0.4444396495819092,0.43495792150497437,0.4162134826183319,60,timeout,107,flightonly,Flight-only learned camera,checkpoint/2026-05-10-02-45-09/checkpoint0014.pth
specular,1.0,0.0,1.0,0.1302536129951477,0.6065577864646912,0.9931930303573608,left,0.4445543587207794,0.4328644573688507,0.4150940179824829,60,timeout,108,flightonly,Flight-only learned camera,checkpoint/2026-05-10-02-45-09/checkpoint0014.pth
specular,1.0,0.0,1.0,0.037834059447050095,0.6204484701156616,0.992713212966919,left,0.4451994001865387,0.4405280649662018,0.417127788066864,60,timeout,109,flightonly,Flight-only learned camera,checkpoint/2026-05-10-02-45-09/checkpoint0014.pth
specular,1.0,0.0,1.0,0.1105683445930481,0.6290063261985779,0.9925950765609741,right,0.44249919056892395,0.4407362639904022,0.4164496660232544,60,timeout,110,flightonly,Flight-only learned camera,checkpoint/2026-05-10-02-45-09/checkpoint0014.pth
specular,1.0,0.0,1.0,0.06158329173922539,0.6129858493804932,0.9931665062904358,right,0.44372522830963135,0.43144863843917847,0.4162071943283081,60,timeout,111,flightonly,Flight-only learned camera,checkpoint/2026-05-10-02-45-09/checkpoint0014.pth
specular,0.0,1.0,0.0,1.8048683404922485,0.691356897354126,0.9833680391311646,far_left,0.3700745403766632,0.3949054777622223,0.35431501269340515,26,collision,112,flightonly,Flight-only learned camera,checkpoint/2026-05-10-02-45-09/checkpoint0014.pth
specular,1.0,0.0,1.0,0.18992190062999725,0.6558735370635986,0.9930508136749268,far_right,0.44064202904701233,0.4227484464645386,0.4101369082927704,60,timeout,113,flightonly,Flight-only learned camera,checkpoint/2026-05-10-02-45-09/checkpoint0014.pth
specular,0.0,1.0,0.0,1.6320853233337402,0.7168562412261963,0.9861159324645996,far_left,0.37251588702201843,0.38697338104248047,0.3522096276283264,31,collision,114,flightonly,Flight-only learned camera,checkpoint/2026-05-10-02-45-09/checkpoint0014.pth
specular,1.0,0.0,1.0,0.05649711564183235,0.6267515420913696,0.9933280944824219,left,0.4440835416316986,0.4367704689502716,0.41877952218055725,60,timeout,115,flightonly,Flight-only learned camera,checkpoint/2026-05-10-02-45-09/checkpoint0014.pth
specular,1.0,0.0,1.0,0.12354947626590729,0.6188352108001709,0.9928168654441833,far_right,0.44031089544296265,0.428830087184906,0.4127947688102722,60,timeout,116,flightonly,Flight-only learned camera,checkpoint/2026-05-10-02-45-09/checkpoint0014.pth
specular,0.0,1.0,0.0,1.864151954650879,0.6478956341743469,0.9803645014762878,far_right,0.3887317478656769,0.40297651290893555,0.3585091233253479,26,collision,117,flightonly,Flight-only learned camera,checkpoint/2026-05-10-02-45-09/checkpoint0014.pth
specular,1.0,0.0,1.0,0.1540519744157791,0.6186161637306213,0.9929953217506409,right,0.4426930546760559,0.4369754493236542,0.41598907113075256,60,timeout,118,flightonly,Flight-only learned camera,checkpoint/2026-05-10-02-45-09/checkpoint0014.pth
specular,1.0,0.0,1.0,0.09577029943466187,0.619892418384552,0.993077278137207,right,0.43934717774391174,0.42516621947288513,0.41016581654548645,60,timeout,119,flightonly,Flight-only learned camera,checkpoint/2026-05-10-02-45-09/checkpoint0014.pth
specular,1.0,0.0,1.0,0.09690885245800018,0.6140430569648743,0.9922309517860413,left,0.4435904920101166,0.4426710605621338,0.41736337542533875,60,timeout,120,flightonly,Flight-only learned camera,checkpoint/2026-05-10-02-45-09/checkpoint0014.pth
specular,0.0,1.0,0.0,1.7628087997436523,0.6894007921218872,0.9827052354812622,far_right,0.37762999534606934,0.39374059438705444,0.36441561579704285,25,collision,121,flightonly,Flight-only learned camera,checkpoint/2026-05-10-02-45-09/checkpoint0014.pth
specular,1.0,0.0,1.0,0.2119235396385193,0.604385495185852,0.993161678314209,far_right,0.44071733951568604,0.43148374557495117,0.4155280888080597,60,timeout,122,flightonly,Flight-only learned camera,checkpoint/2026-05-10-02-45-09/checkpoint0014.pth
specular,1.0,0.0,1.0,0.11535441875457764,0.6215453743934631,0.9925492405891418,left,0.4457486569881439,0.44343918561935425,0.4177904725074768,60,timeout,123,flightonly,Flight-only learned camera,checkpoint/2026-05-10-02-45-09/checkpoint0014.pth
specular,1.0,0.0,1.0,0.14411236345767975,0.6407523155212402,0.993159294128418,far_left,0.4392947852611542,0.4259054958820343,0.4128010869026184,60,timeout,124,flightonly,Flight-only learned camera,checkpoint/2026-05-10-02-45-09/checkpoint0014.pth
specular,1.0,0.0,1.0,0.08701001107692719,0.6146062612533569,0.9931496381759644,left,0.44310274720191956,0.4341961145401001,0.4160618782043457,60,timeout,125,flightonly,Flight-only learned camera,checkpoint/2026-05-10-02-45-09/checkpoint0014.pth
specular,1.0,0.0,1.0,0.09113238006830215,0.6358540654182434,0.9930652379989624,left,0.44057169556617737,0.4274783730506897,0.41253143548965454,60,timeout,126,flightonly,Flight-only learned camera,checkpoint/2026-05-10-02-45-09/checkpoint0014.pth
specular,1.0,0.0,1.0,0.2191663235425949,0.5781763792037964,0.9929905533790588,left,0.44297417998313904,0.43515151739120483,0.4155290424823761,60,timeout,127,flightonly,Flight-only learned camera,checkpoint/2026-05-10-02-45-09/checkpoint0014.pth
specular,1.0,0.0,1.0,0.14605547487735748,0.6140063405036926,0.9925468564033508,left,0.44320446252822876,0.43748459219932556,0.41579997539520264,60,timeout,128,flightonly,Flight-only learned camera,checkpoint/2026-05-10-02-45-09/checkpoint0014.pth
specular,0.0,1.0,0.0,1.6383907794952393,0.6987188458442688,0.9836863279342651,left,0.380574494600296,0.38736891746520996,0.35622602701187134,26,collision,129,flightonly,Flight-only learned camera,checkpoint/2026-05-10-02-45-09/checkpoint0014.pth
specular,1.0,0.0,1.0,0.14543385803699493,0.6376680731773376,0.9923563599586487,far_left,0.4384441077709198,0.4338154196739197,0.4136275053024292,60,timeout,130,flightonly,Flight-only learned camera,checkpoint/2026-05-10-02-45-09/checkpoint0014.pth
specular,1.0,0.0,1.0,0.08064054697751999,0.6119016408920288,0.9932316541671753,left,0.4418172538280487,0.4343441128730774,0.4168069660663605,60,timeout,131,flightonly,Flight-only learned camera,checkpoint/2026-05-10-02-45-09/checkpoint0014.pth
specular,1.0,0.0,1.0,0.061622608453035355,0.61623615026474,0.9926337003707886,left,0.4417341351509094,0.44092175364494324,0.4154760539531708,60,timeout,132,flightonly,Flight-only learned camera,checkpoint/2026-05-10-02-45-09/checkpoint0014.pth
specular,1.0,0.0,1.0,0.1328795701265335,0.6423828601837158,0.9919198751449585,far_left,0.4389244019985199,0.43709611892700195,0.41391515731811523,60,timeout,133,flightonly,Flight-only learned camera,checkpoint/2026-05-10-02-45-09/checkpoint0014.pth
specular,1.0,0.0,1.0,0.10758838802576065,0.6142200827598572,0.9932364821434021,left,0.44575023651123047,0.4374196529388428,0.42051541805267334,60,timeout,134,flightonly,Flight-only learned camera,checkpoint/2026-05-10-02-45-09/checkpoint0014.pth
specular,1.0,0.0,1.0,0.10778346657752991,0.617553174495697,0.9928964376449585,far_right,0.4398772120475769,0.43886739015579224,0.41377800703048706,60,timeout,135,flightonly,Flight-only learned camera,checkpoint/2026-05-10-02-45-09/checkpoint0014.pth
specular,1.0,0.0,1.0,0.0935777798295021,0.6316640973091125,0.9914520978927612,far_right,0.44624871015548706,0.4416610896587372,0.4151817560195923,60,timeout,136,flightonly,Flight-only learned camera,checkpoint/2026-05-10-02-45-09/checkpoint0014.pth
specular,1.0,0.0,1.0,0.21110697090625763,0.6163936853408813,0.993074893951416,right,0.44058388471603394,0.43175190687179565,0.4162864089012146,60,timeout,137,flightonly,Flight-only learned camera,checkpoint/2026-05-10-02-45-09/checkpoint0014.pth
specular,1.0,0.0,1.0,0.1369270533323288,0.5945598483085632,0.9924166202545166,left,0.44335588812828064,0.4402480721473694,0.41681426763534546,60,timeout,138,flightonly,Flight-only learned camera,checkpoint/2026-05-10-02-45-09/checkpoint0014.pth
specular,1.0,0.0,1.0,0.09885791689157486,0.6135474443435669,0.9922647476196289,right,0.445586234331131,0.44661155343055725,0.4171258509159088,60,timeout,139,flightonly,Flight-only learned camera,checkpoint/2026-05-10-02-45-09/checkpoint0014.pth
specular,0.0,1.0,0.0,1.7345325946807861,0.713333785533905,0.9826690554618835,far_right,0.3816337585449219,0.387227863073349,0.35965272784233093,25,collision,140,flightonly,Flight-only learned camera,checkpoint/2026-05-10-02-45-09/checkpoint0014.pth
specular,1.0,0.0,1.0,0.07196144759654999,0.6406322717666626,0.9919946789741516,left,0.4449589252471924,0.4449986517429352,0.417644202709198,60,timeout,141,flightonly,Flight-only learned camera,checkpoint/2026-05-10-02-45-09/checkpoint0014.pth
specular,1.0,0.0,1.0,0.10892199724912643,0.6110342144966125,0.9930531978607178,left,0.44492819905281067,0.43545371294021606,0.4170193374156952,60,timeout,142,flightonly,Flight-only learned camera,checkpoint/2026-05-10-02-45-09/checkpoint0014.pth
specular,0.0,1.0,0.0,1.8145004510879517,0.6957434415817261,0.98291015625,far_left,0.36947259306907654,0.3959979712963104,0.356706827878952,25,collision,143,flightonly,Flight-only learned camera,checkpoint/2026-05-10-02-45-09/checkpoint0014.pth
specular,1.0,0.0,1.0,0.2065652310848236,0.6290575861930847,0.9915702939033508,far_right,0.45108455419540405,0.4129447638988495,0.3968784511089325,60,timeout,144,flightonly,Flight-only learned camera,checkpoint/2026-05-10-02-45-09/checkpoint0014.pth
specular,0.0,1.0,0.0,1.6681197881698608,0.7218701839447021,0.9813308119773865,right,0.3793388605117798,0.4142289161682129,0.365794837474823,25,collision,145,flightonly,Flight-only learned camera,checkpoint/2026-05-10-02-45-09/checkpoint0014.pth
specular,1.0,0.0,1.0,0.09159036725759506,0.6543514728546143,0.9921899437904358,far_right,0.4452097713947296,0.4172397255897522,0.4014584720134735,60,timeout,146,flightonly,Flight-only learned camera,checkpoint/2026-05-10-02-45-09/checkpoint0014.pth
specular,1.0,0.0,1.0,0.1632159948348999,0.6408249139785767,0.9921586513519287,far_left,0.43558812141418457,0.4357930123806,0.4106675088405609,60,timeout,147,flightonly,Flight-only learned camera,checkpoint/2026-05-10-02-45-09/checkpoint0014.pth
specular,0.0,1.0,0.0,1.8085099458694458,0.659999430179596,0.9841914176940918,far_right,0.3779589831829071,0.39444074034690857,0.3602149188518524,27,collision,148,flightonly,Flight-only learned camera,checkpoint/2026-05-10-02-45-09/checkpoint0014.pth
specular,1.0,0.0,1.0,0.12838728725910187,0.6193815469741821,0.992341935634613,far_left,0.44085732102394104,0.43545082211494446,0.41516828536987305,60,timeout,149,flightonly,Flight-only learned camera,checkpoint/2026-05-10-02-45-09/checkpoint0014.pth
specular,0.0,1.0,0.0,1.8400688171386719,0.6683362126350403,0.9835230708122253,far_left,0.3753311336040497,0.3984301686286926,0.356535941362381,28,collision,150,flightonly,Flight-only learned camera,checkpoint/2026-05-10-02-45-09/checkpoint0014.pth
specular,1.0,0.0,1.0,0.16931934654712677,0.6070184111595154,0.9932340383529663,right,0.4426611065864563,0.4308032989501953,0.4172897934913635,60,timeout,151,flightonly,Flight-only learned camera,checkpoint/2026-05-10-02-45-09/checkpoint0014.pth
specular,1.0,0.0,1.0,0.11260096728801727,0.629939615726471,0.99329674243927,far_right,0.43719613552093506,0.4288674592971802,0.4139689803123474,60,timeout,152,flightonly,Flight-only learned camera,checkpoint/2026-05-10-02-45-09/checkpoint0014.pth
specular,1.0,0.0,1.0,0.2028389573097229,0.6113548874855042,0.9919440746307373,far_right,0.444865345954895,0.4296785593032837,0.4088064134120941,60,timeout,153,flightonly,Flight-only learned camera,checkpoint/2026-05-10-02-45-09/checkpoint0014.pth
specular,1.0,0.0,1.0,0.1395489126443863,0.6257081031799316,0.992185115814209,far_left,0.439412385225296,0.43298035860061646,0.4124869108200073,60,timeout,154,flightonly,Flight-only learned camera,checkpoint/2026-05-10-02-45-09/checkpoint0014.pth
specular,0.0,1.0,0.0,1.803987979888916,0.680823564529419,0.9824299216270447,far_left,0.36929866671562195,0.4015233814716339,0.35401636362075806,28,collision,155,flightonly,Flight-only learned camera,checkpoint/2026-05-10-02-45-09/checkpoint0014.pth
specular,0.0,1.0,0.0,1.772064447402954,0.7120199203491211,0.9817591905593872,far_right,0.3724324703216553,0.39928123354911804,0.3633638024330139,26,collision,156,flightonly,Flight-only learned camera,checkpoint/2026-05-10-02-45-09/checkpoint0014.pth
specular,0.0,1.0,0.0,1.7136746644973755,0.6921238303184509,0.9797695875167847,far_left,0.3789135813713074,0.4088592529296875,0.3633759915828705,25,collision,157,flightonly,Flight-only learned camera,checkpoint/2026-05-10-02-45-09/checkpoint0014.pth
specular,1.0,0.0,1.0,0.08962403982877731,0.6131844520568848,0.9931641221046448,far_left,0.44306597113609314,0.4225510358810425,0.409915566444397,60,timeout,158,flightonly,Flight-only learned camera,checkpoint/2026-05-10-02-45-09/checkpoint0014.pth
specular,0.0,1.0,0.0,1.8097708225250244,0.6758876442909241,0.9815204739570618,far_left,0.3750099837779999,0.39354097843170166,0.3442976474761963,27,collision,159,flightonly,Flight-only learned camera,checkpoint/2026-05-10-02-45-09/checkpoint0014.pth
specular,0.0,1.0,0.0,1.8112034797668457,0.6704336404800415,0.9842804074287415,far_left,0.3692168593406677,0.3928605020046234,0.3548879623413086,27,collision,160,flightonly,Flight-only learned camera,checkpoint/2026-05-10-02-45-09/checkpoint0014.pth
specular,1.0,0.0,1.0,0.18395966291427612,0.6101352572441101,0.9929447174072266,far_right,0.4392719566822052,0.4280070960521698,0.41419336199760437,60,timeout,161,flightonly,Flight-only learned camera,checkpoint/2026-05-10-02-45-09/checkpoint0014.pth
specular,0.0,1.0,0.0,1.7519890069961548,0.6755039691925049,0.9831481575965881,far_left,0.373360276222229,0.3844068944454193,0.3575599193572998,26,collision,162,flightonly,Flight-only learned camera,checkpoint/2026-05-10-02-45-09/checkpoint0014.pth
specular,1.0,0.0,1.0,0.1628454029560089,0.6273684501647949,0.9930194020271301,far_left,0.4371338188648224,0.424142062664032,0.4118482768535614,60,timeout,163,flightonly,Flight-only learned camera,checkpoint/2026-05-10-02-45-09/checkpoint0014.pth
specular,1.0,0.0,1.0,0.11938261985778809,0.614256739616394,0.9928240776062012,right,0.44349056482315063,0.4395305812358856,0.41617608070373535,60,timeout,164,flightonly,Flight-only learned camera,checkpoint/2026-05-10-02-45-09/checkpoint0014.pth
specular,1.0,0.0,1.0,0.14845803380012512,0.6257539987564087,0.9924962520599365,far_left,0.43757930397987366,0.43282550573349,0.4119466245174408,60,timeout,165,flightonly,Flight-only learned camera,checkpoint/2026-05-10-02-45-09/checkpoint0014.pth
specular,1.0,0.0,1.0,0.11497648060321808,0.585822582244873,0.9933353066444397,left,0.44491225481033325,0.4371126890182495,0.4200451672077179,60,timeout,166,flightonly,Flight-only learned camera,checkpoint/2026-05-10-02-45-09/checkpoint0014.pth
specular,1.0,0.0,1.0,0.09869370609521866,0.6361599564552307,0.993161678314209,right,0.4425678849220276,0.4344533383846283,0.41768592596054077,60,timeout,167,flightonly,Flight-only learned camera,checkpoint/2026-05-10-02-45-09/checkpoint0014.pth
specular,1.0,0.0,1.0,0.1610216498374939,0.6352072954177856,0.9930700659751892,far_right,0.43740445375442505,0.4275178611278534,0.4143187701702118,60,timeout,168,flightonly,Flight-only learned camera,checkpoint/2026-05-10-02-45-09/checkpoint0014.pth
specular,1.0,0.0,1.0,0.14677980542182922,0.6096456050872803,0.9930315017700195,left,0.4432080090045929,0.44086211919784546,0.4161040186882019,60,timeout,169,flightonly,Flight-only learned camera,checkpoint/2026-05-10-02-45-09/checkpoint0014.pth
specular,1.0,0.0,1.0,0.1990087330341339,0.6431938409805298,0.9928867816925049,far_left,0.43393003940582275,0.42574813961982727,0.40846744179725647,60,timeout,170,flightonly,Flight-only learned camera,checkpoint/2026-05-10-02-45-09/checkpoint0014.pth
specular,0.0,1.0,0.0,1.7400234937667847,0.7050149440765381,0.9804753661155701,far_right,0.3780501186847687,0.4151650369167328,0.36435794830322266,23,collision,171,flightonly,Flight-only learned camera,checkpoint/2026-05-10-02-45-09/checkpoint0014.pth
specular,1.0,0.0,1.0,0.1191614493727684,0.666788637638092,0.9920043349266052,far_right,0.43495282530784607,0.4210319221019745,0.40737172961235046,60,timeout,172,flightonly,Flight-only learned camera,checkpoint/2026-05-10-02-45-09/checkpoint0014.pth
specular,1.0,0.0,1.0,0.2031656950712204,0.624790608882904,0.9926601052284241,left,0.43990710377693176,0.43621307611465454,0.4139355421066284,60,timeout,173,flightonly,Flight-only learned camera,checkpoint/2026-05-10-02-45-09/checkpoint0014.pth
specular,1.0,0.0,1.0,0.21813875436782837,0.6248793005943298,0.9927253127098083,far_left,0.4344182014465332,0.4317988157272339,0.4100034236907959,60,timeout,174,flightonly,Flight-only learned camera,checkpoint/2026-05-10-02-45-09/checkpoint0014.pth
specular,0.0,1.0,0.0,1.8135548830032349,0.7014495134353638,0.9804224371910095,far_right,0.3705764710903168,0.3967345058917999,0.3575179874897003,26,collision,175,flightonly,Flight-only learned camera,checkpoint/2026-05-10-02-45-09/checkpoint0014.pth
specular,0.0,1.0,0.0,1.767720341682434,0.6794273853302002,0.9842859506607056,far_left,0.37019720673561096,0.3939998745918274,0.3544635772705078,27,collision,176,flightonly,Flight-only learned camera,checkpoint/2026-05-10-02-45-09/checkpoint0014.pth
specular,1.0,0.0,1.0,0.0705026164650917,0.6293352842330933,0.9930797219276428,left,0.4435437023639679,0.43426454067230225,0.41705140471458435,60,timeout,177,flightonly,Flight-only learned camera,checkpoint/2026-05-10-02-45-09/checkpoint0014.pth
specular,0.0,1.0,0.0,1.7507987022399902,0.6587203145027161,0.9818042516708374,far_right,0.39591190218925476,0.3752512037754059,0.3364957869052887,27,collision,178,flightonly,Flight-only learned camera,checkpoint/2026-05-10-02-45-09/checkpoint0014.pth
specular,1.0,0.0,1.0,0.10058970004320145,0.6210225820541382,0.9933473467826843,right,0.44011953473091125,0.43032774329185486,0.4159688651561737,60,timeout,179,flightonly,Flight-only learned camera,checkpoint/2026-05-10-02-45-09/checkpoint0014.pth
specular,1.0,0.0,1.0,0.11082480847835541,0.6123561263084412,0.992433488368988,left,0.44319745898246765,0.44334205985069275,0.4168236553668976,60,timeout,180,flightonly,Flight-only learned camera,checkpoint/2026-05-10-02-45-09/checkpoint0014.pth
specular,1.0,0.0,1.0,0.23656804859638214,0.6373989582061768,0.992409348487854,far_right,0.43815967440605164,0.42701467871665955,0.4117574989795685,60,timeout,181,flightonly,Flight-only learned camera,checkpoint/2026-05-10-02-45-09/checkpoint0014.pth
specular,0.0,1.0,0.0,1.8164812326431274,0.6828243136405945,0.982083261013031,far_right,0.37222936749458313,0.40039488673210144,0.36300358176231384,26,collision,182,flightonly,Flight-only learned camera,checkpoint/2026-05-10-02-45-09/checkpoint0014.pth
specular,1.0,0.0,1.0,0.09219572693109512,0.6235023736953735,0.9931568503379822,left,0.44485029578208923,0.43670183420181274,0.41741883754730225,60,timeout,183,flightonly,Flight-only learned camera,checkpoint/2026-05-10-02-45-09/checkpoint0014.pth
specular,0.0,1.0,0.0,1.6530760526657104,0.7139760851860046,0.9827052354812622,left,0.3781602084636688,0.39227479696273804,0.35666152834892273,25,collision,184,flightonly,Flight-only learned camera,checkpoint/2026-05-10-02-45-09/checkpoint0014.pth
specular,1.0,0.0,1.0,0.14390410482883453,0.5967861413955688,0.99329674243927,right,0.44070324301719666,0.4288080036640167,0.4158148169517517,60,timeout,185,flightonly,Flight-only learned camera,checkpoint/2026-05-10-02-45-09/checkpoint0014.pth
specular,1.0,0.0,1.0,0.14049309492111206,0.6388996243476868,0.9931496381759644,far_left,0.43961185216903687,0.4248223900794983,0.4137895703315735,60,timeout,186,flightonly,Flight-only learned camera,checkpoint/2026-05-10-02-45-09/checkpoint0014.pth
specular,1.0,0.0,1.0,0.0829334482550621,0.6314775347709656,0.9921730756759644,far_left,0.44172435998916626,0.4352337718009949,0.41558513045310974,60,timeout,187,flightonly,Flight-only learned camera,checkpoint/2026-05-10-02-45-09/checkpoint0014.pth
specular,1.0,0.0,1.0,0.2116091102361679,0.6452257633209229,0.9922093152999878,far_left,0.4340852200984955,0.4277128577232361,0.4048909842967987,60,timeout,188,flightonly,Flight-only learned camera,checkpoint/2026-05-10-02-45-09/checkpoint0014.pth
specular,1.0,0.0,1.0,0.09730608016252518,0.6226407289505005,0.9932388663291931,left,0.44828709959983826,0.4273432493209839,0.4139125943183899,60,timeout,189,flightonly,Flight-only learned camera,checkpoint/2026-05-10-02-45-09/checkpoint0014.pth
specular,1.0,0.0,1.0,0.175945445895195,0.6362777948379517,0.9918041825294495,far_left,0.4405367076396942,0.4380022883415222,0.4127080738544464,60,timeout,190,flightonly,Flight-only learned camera,checkpoint/2026-05-10-02-45-09/checkpoint0014.pth
specular,1.0,0.0,1.0,0.1359328180551529,0.6302458643913269,0.9932316541671753,far_right,0.4411082863807678,0.43005985021591187,0.41719844937324524,60,timeout,191,flightonly,Flight-only learned camera,checkpoint/2026-05-10-02-45-09/checkpoint0014.pth
specular,1.0,0.0,1.0,0.13714879751205444,0.6128740906715393,0.993270218372345,right,0.43915948271751404,0.42633846402168274,0.4133921265602112,60,timeout,192,flightonly,Flight-only learned camera,checkpoint/2026-05-10-02-45-09/checkpoint0014.pth
specular,1.0,0.0,1.0,0.12864799797534943,0.6019992232322693,0.9919464588165283,right,0.4457111060619354,0.4434342384338379,0.416965126991272,60,timeout,193,flightonly,Flight-only learned camera,checkpoint/2026-05-10-02-45-09/checkpoint0014.pth
specular,1.0,0.0,1.0,0.1107456311583519,0.6196869611740112,0.9917993545532227,right,0.44817546010017395,0.4462745189666748,0.4189234673976898,60,timeout,194,flightonly,Flight-only learned camera,checkpoint/2026-05-10-02-45-09/checkpoint0014.pth
specular,1.0,0.0,1.0,0.17633867263793945,0.5967520475387573,0.9930965900421143,right,0.4428519904613495,0.43553513288497925,0.4164040684700012,60,timeout,195,flightonly,Flight-only learned camera,checkpoint/2026-05-10-02-45-09/checkpoint0014.pth
specular,1.0,0.0,1.0,0.09596775472164154,0.6171849966049194,0.9932147860527039,left,0.442246675491333,0.4367544949054718,0.4161240756511688,60,timeout,196,flightonly,Flight-only learned camera,checkpoint/2026-05-10-02-45-09/checkpoint0014.pth
specular,0.0,1.0,0.0,1.8333154916763306,0.658320963382721,0.9831854104995728,far_left,0.3729870915412903,0.39946120977401733,0.3556932508945465,28,collision,197,flightonly,Flight-only learned camera,checkpoint/2026-05-10-02-45-09/checkpoint0014.pth
specular,1.0,0.0,1.0,0.059604473412036896,0.6169877648353577,0.9928675293922424,right,0.44492006301879883,0.44058579206466675,0.4175986051559448,60,timeout,198,flightonly,Flight-only learned camera,checkpoint/2026-05-10-02-45-09/checkpoint0014.pth
specular,0.0,1.0,0.0,1.8361263275146484,0.6530239582061768,0.9836088418960571,far_left,0.3731112480163574,0.4011673331260681,0.3568671941757202,28,collision,199,flightonly,Flight-only learned camera,checkpoint/2026-05-10-02-45-09/checkpoint0014.pth
specular,0.0,1.0,0.0,1.7677096128463745,0.6842240691184998,0.9833448529243469,far_left,0.3724341094493866,0.39211973547935486,0.3583351671695709,26,collision,200,flightonly,Flight-only learned camera,checkpoint/2026-05-10-02-45-09/checkpoint0014.pth
specular,1.0,0.0,1.0,0.08850564807653427,0.6132320761680603,0.9933473467826843,left,0.44193994998931885,0.4346987009048462,0.4173642098903656,60,timeout,201,flightonly,Flight-only learned camera,checkpoint/2026-05-10-02-45-09/checkpoint0014.pth
specular,0.0,1.0,0.0,1.6994565725326538,0.684961199760437,0.9829803109169006,far_left,0.3726121187210083,0.39466047286987305,0.3585702180862427,26,collision,202,flightonly,Flight-only learned camera,checkpoint/2026-05-10-02-45-09/checkpoint0014.pth
specular,0.0,1.0,0.0,1.7972123622894287,0.663463830947876,0.9818634390830994,far_left,0.3694200813770294,0.410797655582428,0.3589789569377899,26,collision,203,flightonly,Flight-only learned camera,checkpoint/2026-05-10-02-45-09/checkpoint0014.pth
specular,1.0,0.0,1.0,0.10158918797969818,0.6064817309379578,0.9930315017700195,left,0.44421643018722534,0.4390762448310852,0.4169882535934448,60,timeout,204,flightonly,Flight-only learned camera,checkpoint/2026-05-10-02-45-09/checkpoint0014.pth
specular,1.0,0.0,1.0,0.12450952082872391,0.6018975973129272,0.9933642745018005,left,0.4440140724182129,0.43632370233535767,0.4189302623271942,60,timeout,205,flightonly,Flight-only learned camera,checkpoint/2026-05-10-02-45-09/checkpoint0014.pth
specular,1.0,0.0,1.0,0.0956747829914093,0.6157920956611633,0.9931471943855286,left,0.44365862011909485,0.4385354518890381,0.4170053005218506,60,timeout,206,flightonly,Flight-only learned camera,checkpoint/2026-05-10-02-45-09/checkpoint0014.pth
specular,1.0,0.0,1.0,0.1790391206741333,0.5823841691017151,0.9922814965248108,left,0.44524672627449036,0.4397237002849579,0.4163777232170105,60,timeout,207,flightonly,Flight-only learned camera,checkpoint/2026-05-10-02-45-09/checkpoint0014.pth
specular,1.0,0.0,1.0,0.16509617865085602,0.6035847663879395,0.9930266737937927,left,0.44325485825538635,0.4415019452571869,0.4163707196712494,60,timeout,208,flightonly,Flight-only learned camera,checkpoint/2026-05-10-02-45-09/checkpoint0014.pth
specular,1.0,0.0,1.0,0.14671997725963593,0.6138341426849365,0.9923877120018005,left,0.4447687268257141,0.4468099772930145,0.4184147119522095,60,timeout,209,flightonly,Flight-only learned camera,checkpoint/2026-05-10-02-45-09/checkpoint0014.pth
specular,1.0,0.0,1.0,0.12151749432086945,0.6133516430854797,0.9932533502578735,right,0.44426393508911133,0.4342435598373413,0.4195742905139923,60,timeout,210,flightonly,Flight-only learned camera,checkpoint/2026-05-10-02-45-09/checkpoint0014.pth
specular,1.0,0.0,1.0,0.16318956017494202,0.6367304921150208,0.9933232665061951,far_right,0.4388594627380371,0.42960989475250244,0.4151655435562134,60,timeout,211,flightonly,Flight-only learned camera,checkpoint/2026-05-10-02-45-09/checkpoint0014.pth
specular,1.0,0.0,1.0,0.21865542232990265,0.5935195088386536,0.9931786060333252,right,0.4399569034576416,0.4337623119354248,0.41440582275390625,60,timeout,212,flightonly,Flight-only learned camera,checkpoint/2026-05-10-02-45-09/checkpoint0014.pth
specular,0.0,1.0,0.0,1.757088303565979,0.6634835600852966,0.9820066690444946,far_left,0.37083834409713745,0.4092598557472229,0.35416483879089355,28,collision,213,flightonly,Flight-only learned camera,checkpoint/2026-05-10-02-45-09/checkpoint0014.pth
specular,1.0,0.0,1.0,0.11824362725019455,0.630863606929779,0.9921200275421143,far_left,0.4411550760269165,0.4346543848514557,0.4144340753555298,60,timeout,214,flightonly,Flight-only learned camera,checkpoint/2026-05-10-02-45-09/checkpoint0014.pth
specular,0.0,1.0,0.0,1.8546257019042969,0.6473559737205505,0.9841524362564087,far_right,0.3829837441444397,0.38995933532714844,0.3579079806804657,27,collision,215,flightonly,Flight-only learned camera,checkpoint/2026-05-10-02-45-09/checkpoint0014.pth
specular,0.0,1.0,0.0,1.7740596532821655,0.644121527671814,0.9830265641212463,far_right,0.38609611988067627,0.3837706744670868,0.3501712679862976,26,collision,216,flightonly,Flight-only learned camera,checkpoint/2026-05-10-02-45-09/checkpoint0014.pth
specular,0.0,1.0,0.0,1.8069708347320557,0.6675342917442322,0.9834123253822327,far_left,0.3718082010746002,0.3982602059841156,0.3534502685070038,27,collision,217,flightonly,Flight-only learned camera,checkpoint/2026-05-10-02-45-09/checkpoint0014.pth
specular,1.0,0.0,1.0,0.16574561595916748,0.6429806351661682,0.9932003021240234,far_left,0.43778789043426514,0.4245457649230957,0.41014882922172546,60,timeout,218,flightonly,Flight-only learned camera,checkpoint/2026-05-10-02-45-09/checkpoint0014.pth
specular,1.0,0.0,1.0,0.10954759269952774,0.6014335751533508,0.9921344518661499,right,0.44633784890174866,0.44299134612083435,0.41934096813201904,60,timeout,219,flightonly,Flight-only learned camera,checkpoint/2026-05-10-02-45-09/checkpoint0014.pth
specular,1.0,0.0,1.0,0.12446672469377518,0.6350746750831604,0.992652952671051,far_left,0.4403107464313507,0.43015119433403015,0.41421541571617126,60,timeout,220,flightonly,Flight-only learned camera,checkpoint/2026-05-10-02-45-09/checkpoint0014.pth
specular,1.0,0.0,1.0,0.10009349137544632,0.6022011041641235,0.9931689500808716,right,0.44291162490844727,0.4363221824169159,0.41773688793182373,60,timeout,221,flightonly,Flight-only learned camera,checkpoint/2026-05-10-02-45-09/checkpoint0014.pth
specular,0.0,1.0,0.0,1.7566070556640625,0.6868124008178711,0.9801191091537476,far_left,0.37753260135650635,0.40914905071258545,0.3635570704936981,25,collision,222,flightonly,Flight-only learned camera,checkpoint/2026-05-10-02-45-09/checkpoint0014.pth
specular,1.0,0.0,1.0,0.13006336987018585,0.5846062898635864,0.9931785464286804,right,0.44170501828193665,0.4379116892814636,0.41607680916786194,60,timeout,223,flightonly,Flight-only learned camera,checkpoint/2026-05-10-02-45-09/checkpoint0014.pth
specular,1.0,0.0,1.0,0.15297715365886688,0.6090261340141296,0.9931906461715698,left,0.4472448229789734,0.42377912998199463,0.4106893837451935,60,timeout,224,flightonly,Flight-only learned camera,checkpoint/2026-05-10-02-45-09/checkpoint0014.pth
specular,1.0,0.0,1.0,0.1241229772567749,0.6253817677497864,0.9930411577224731,far_left,0.4404849708080292,0.4257088601589203,0.41355085372924805,60,timeout,225,flightonly,Flight-only learned camera,checkpoint/2026-05-10-02-45-09/checkpoint0014.pth
specular,1.0,0.0,1.0,0.13486912846565247,0.6044299006462097,0.9929977059364319,left,0.44140365719795227,0.4395076036453247,0.41412970423698425,60,timeout,226,flightonly,Flight-only learned camera,checkpoint/2026-05-10-02-45-09/checkpoint0014.pth
specular,0.0,1.0,0.0,1.7496368885040283,0.673349916934967,0.9825347661972046,far_left,0.37378138303756714,0.39340126514434814,0.358662873506546,26,collision,227,flightonly,Flight-only learned camera,checkpoint/2026-05-10-02-45-09/checkpoint0014.pth
specular,1.0,0.0,1.0,0.18982118368148804,0.6626046299934387,0.9930338859558105,far_right,0.43921753764152527,0.4254285991191864,0.4116290509700775,60,timeout,228,flightonly,Flight-only learned camera,checkpoint/2026-05-10-02-45-09/checkpoint0014.pth
specular,1.0,0.0,1.0,0.20200414955615997,0.6441015005111694,0.9930821061134338,far_left,0.4316028356552124,0.4248333275318146,0.40570586919784546,60,timeout,229,flightonly,Flight-only learned camera,checkpoint/2026-05-10-02-45-09/checkpoint0014.pth
specular,1.0,0.0,1.0,0.15609978139400482,0.5983069539070129,0.9933691024780273,left,0.44509002566337585,0.43537020683288574,0.4194217324256897,60,timeout,230,flightonly,Flight-only learned camera,checkpoint/2026-05-10-02-45-09/checkpoint0014.pth
specular,0.0,1.0,0.0,1.8394235372543335,0.6813591718673706,0.9841747879981995,far_right,0.37569600343704224,0.39244168996810913,0.3581537902355194,27,collision,231,flightonly,Flight-only learned camera,checkpoint/2026-05-10-02-45-09/checkpoint0014.pth
specular,1.0,0.0,1.0,0.0807647705078125,0.614245593547821,0.9919126629829407,left,0.4482842981815338,0.4461391866207123,0.41750240325927734,60,timeout,232,flightonly,Flight-only learned camera,checkpoint/2026-05-10-02-45-09/checkpoint0014.pth
specular,1.0,0.0,1.0,0.11597688496112823,0.6032118797302246,0.9931086897850037,left,0.44603368639945984,0.4383727014064789,0.41811856627464294,60,timeout,233,flightonly,Flight-only learned camera,checkpoint/2026-05-10-02-45-09/checkpoint0014.pth
specular,0.0,1.0,0.0,1.8046048879623413,0.6802818775177002,0.984213650226593,far_left,0.3695851266384125,0.3947027325630188,0.3543120324611664,27,collision,234,flightonly,Flight-only learned camera,checkpoint/2026-05-10-02-45-09/checkpoint0014.pth
specular,0.0,1.0,0.0,1.70254385471344,0.6958109736442566,0.981421172618866,far_left,0.3779911994934082,0.41211074590682983,0.3609157204627991,25,collision,235,flightonly,Flight-only learned camera,checkpoint/2026-05-10-02-45-09/checkpoint0014.pth
specular,1.0,0.0,1.0,0.20110125839710236,0.6031424403190613,0.9923080801963806,left,0.4430374205112457,0.44642317295074463,0.4171397089958191,60,timeout,236,flightonly,Flight-only learned camera,checkpoint/2026-05-10-02-45-09/checkpoint0014.pth
specular,1.0,0.0,1.0,0.07864247262477875,0.5926994681358337,0.991852343082428,right,0.44429972767829895,0.4449214041233063,0.4163883924484253,60,timeout,237,flightonly,Flight-only learned camera,checkpoint/2026-05-10-02-45-09/checkpoint0014.pth
specular,1.0,0.0,1.0,0.05887861177325249,0.6050528883934021,0.9928675889968872,right,0.4413321018218994,0.43942496180534363,0.4149923026561737,60,timeout,238,flightonly,Flight-only learned camera,checkpoint/2026-05-10-02-45-09/checkpoint0014.pth
specular,0.0,1.0,0.0,1.8083122968673706,0.648006796836853,0.9821122288703918,far_left,0.3711791932582855,0.4075928330421448,0.36013805866241455,26,collision,239,flightonly,Flight-only learned camera,checkpoint/2026-05-10-02-45-09/checkpoint0014.pth
specular,1.0,0.0,1.0,0.09659131616353989,0.6301946043968201,0.9929254651069641,left,0.443576842546463,0.440635621547699,0.4157927334308624,60,timeout,240,flightonly,Flight-only learned camera,checkpoint/2026-05-10-02-45-09/checkpoint0014.pth
specular,0.0,1.0,0.0,1.8552277088165283,0.6654952168464661,0.9836747646331787,far_right,0.37812483310699463,0.39637893438339233,0.35979148745536804,26,collision,241,flightonly,Flight-only learned camera,checkpoint/2026-05-10-02-45-09/checkpoint0014.pth
specular,1.0,0.0,1.0,0.15152624249458313,0.5994721055030823,0.9925034046173096,right,0.4452873766422272,0.44152751564979553,0.41657793521881104,60,timeout,242,flightonly,Flight-only learned camera,checkpoint/2026-05-10-02-45-09/checkpoint0014.pth
specular,1.0,0.0,1.0,0.10106024146080017,0.6330721378326416,0.9931568503379822,right,0.44225645065307617,0.43197548389434814,0.4182884991168976,60,timeout,243,flightonly,Flight-only learned camera,checkpoint/2026-05-10-02-45-09/checkpoint0014.pth
specular,1.0,0.0,1.0,0.0960674062371254,0.6166889667510986,0.9932268261909485,right,0.43940019607543945,0.4310314953327179,0.41462042927742004,60,timeout,244,flightonly,Flight-only learned camera,checkpoint/2026-05-10-02-45-09/checkpoint0014.pth
specular,1.0,0.0,1.0,0.1933833211660385,0.659572422504425,0.9924889206886292,far_right,0.4386427700519562,0.4233725965023041,0.4092569947242737,60,timeout,245,flightonly,Flight-only learned camera,checkpoint/2026-05-10-02-45-09/checkpoint0014.pth
specular,1.0,0.0,1.0,0.08517689257860184,0.6322397589683533,0.9927831292152405,left,0.444258451461792,0.43944820761680603,0.4164969027042389,60,timeout,246,flightonly,Flight-only learned camera,checkpoint/2026-05-10-02-45-09/checkpoint0014.pth
specular,0.0,1.0,0.0,1.7632725238800049,0.6590930223464966,0.9851831793785095,far_right,0.3873399496078491,0.3830733597278595,0.35403621196746826,30,collision,247,flightonly,Flight-only learned camera,checkpoint/2026-05-10-02-45-09/checkpoint0014.pth
specular,1.0,0.0,1.0,0.18273919820785522,0.6042258143424988,0.9927542209625244,left,0.44055885076522827,0.43685778975486755,0.413745641708374,60,timeout,248,flightonly,Flight-only learned camera,checkpoint/2026-05-10-02-45-09/checkpoint0014.pth
specular,1.0,0.0,1.0,0.07821565121412277,0.6226030588150024,0.9932388663291931,left,0.44823381304740906,0.42647942900657654,0.4133046269416809,60,timeout,249,flightonly,Flight-only learned camera,checkpoint/2026-05-10-02-45-09/checkpoint0014.pth
specular,0.0,1.0,0.0,1.6969202756881714,0.7192555665969849,0.9825786352157593,far_left,0.37286436557769775,0.38746556639671326,0.35952648520469666,25,collision,250,flightonly,Flight-only learned camera,checkpoint/2026-05-10-02-45-09/checkpoint0014.pth
specular,1.0,0.0,1.0,0.16357681155204773,0.6380795836448669,0.9930676817893982,far_left,0.43791434168815613,0.42261049151420593,0.410238116979599,60,timeout,251,flightonly,Flight-only learned camera,checkpoint/2026-05-10-02-45-09/checkpoint0014.pth
specular,1.0,0.0,1.0,0.1619207262992859,0.5991061329841614,0.9925274848937988,right,0.44338637590408325,0.439827561378479,0.41514164209365845,60,timeout,252,flightonly,Flight-only learned camera,checkpoint/2026-05-10-02-45-09/checkpoint0014.pth
specular,0.0,1.0,0.0,1.7533423900604248,0.6742445230484009,0.9821642637252808,far_left,0.37421879172325134,0.3926975131034851,0.3598400056362152,26,collision,253,flightonly,Flight-only learned camera,checkpoint/2026-05-10-02-45-09/checkpoint0014.pth
specular,1.0,0.0,1.0,0.238878533244133,0.5965619683265686,0.9924768805503845,far_right,0.4404023587703705,0.4353015124797821,0.4129617512226105,60,timeout,254,flightonly,Flight-only learned camera,checkpoint/2026-05-10-02-45-09/checkpoint0014.pth
specular,1.0,0.0,1.0,0.20939013361930847,0.6513658165931702,0.9920886754989624,far_left,0.4355734586715698,0.4271448254585266,0.40497541427612305,60,timeout,255,flightonly,Flight-only learned camera,checkpoint/2026-05-10-02-45-09/checkpoint0014.pth
specular,1.0,0.0,1.0,0.12626422941684723,0.6006902456283569,0.9928458333015442,left,0.4422660768032074,0.44096770882606506,0.41600850224494934,60,timeout,256,flightonly,Flight-only learned camera,checkpoint/2026-05-10-02-45-09/checkpoint0014.pth
specular,1.0,0.0,1.0,0.12799999117851257,0.6230098605155945,0.9932413101196289,far_right,0.43903887271881104,0.42700114846229553,0.4136013984680176,60,timeout,257,flightonly,Flight-only learned camera,checkpoint/2026-05-10-02-45-09/checkpoint0014.pth
specular,1.0,0.0,1.0,0.10083954781293869,0.5898504853248596,0.9923877120018005,left,0.44603461027145386,0.4486405849456787,0.418925940990448,60,timeout,258,flightonly,Flight-only learned camera,checkpoint/2026-05-10-02-45-09/checkpoint0014.pth
specular,0.0,1.0,0.0,1.776990532875061,0.6931895613670349,0.9810976386070251,far_left,0.37065792083740234,0.40894195437431335,0.3565082252025604,27,collision,259,flightonly,Flight-only learned camera,checkpoint/2026-05-10-02-45-09/checkpoint0014.pth
specular,0.0,1.0,0.0,1.6815519332885742,0.6988940238952637,0.9831655025482178,far_left,0.37430480122566223,0.38563650846481323,0.35536855459213257,26,collision,260,flightonly,Flight-only learned camera,checkpoint/2026-05-10-02-45-09/checkpoint0014.pth
specular,1.0,0.0,1.0,0.09575415402650833,0.6074011325836182,0.9925974607467651,right,0.4428480267524719,0.4426904022693634,0.4165918231010437,60,timeout,261,flightonly,Flight-only learned camera,checkpoint/2026-05-10-02-45-09/checkpoint0014.pth
specular,1.0,0.0,1.0,0.1364760845899582,0.6574113368988037,0.9921996593475342,far_left,0.4380703866481781,0.4339178502559662,0.4130173623561859,60,timeout,262,flightonly,Flight-only learned camera,checkpoint/2026-05-10-02-45-09/checkpoint0014.pth
specular,0.0,1.0,0.0,1.8624826669692993,0.6919520497322083,0.9816373586654663,far_left,0.38066366314888,0.387032151222229,0.3475201427936554,27,collision,263,flightonly,Flight-only learned camera,checkpoint/2026-05-10-02-45-09/checkpoint0014.pth
specular,1.0,0.0,1.0,0.21247561275959015,0.6404427886009216,0.9932870864868164,far_right,0.43497347831726074,0.4235140085220337,0.41033390164375305,60,timeout,264,flightonly,Flight-only learned camera,checkpoint/2026-05-10-02-45-09/checkpoint0014.pth
specular,1.0,0.0,1.0,0.04051462933421135,0.6260966658592224,0.9918981790542603,left,0.4455271065235138,0.439271479845047,0.4158589243888855,60,timeout,265,flightonly,Flight-only learned camera,checkpoint/2026-05-10-02-45-09/checkpoint0014.pth
specular,1.0,0.0,1.0,0.08544605225324631,0.6072384119033813,0.9930724501609802,left,0.4441893398761749,0.4414688050746918,0.41802990436553955,60,timeout,266,flightonly,Flight-only learned camera,checkpoint/2026-05-10-02-45-09/checkpoint0014.pth
specular,1.0,0.0,1.0,0.12824749946594238,0.6696200370788574,0.9931400418281555,far_left,0.4329432249069214,0.4208815097808838,0.40495550632476807,60,timeout,267,flightonly,Flight-only learned camera,checkpoint/2026-05-10-02-45-09/checkpoint0014.pth
specular,1.0,0.0,1.0,0.1270846575498581,0.609968364238739,0.9929808974266052,left,0.4436684548854828,0.4382430911064148,0.4183235168457031,60,timeout,268,flightonly,Flight-only learned camera,checkpoint/2026-05-10-02-45-09/checkpoint0014.pth
specular,1.0,0.0,1.0,0.13556571304798126,0.6264355182647705,0.9930049777030945,far_right,0.43795937299728394,0.42684680223464966,0.41325652599334717,60,timeout,269,flightonly,Flight-only learned camera,checkpoint/2026-05-10-02-45-09/checkpoint0014.pth
specular,1.0,0.0,1.0,0.02144506387412548,0.6423192620277405,0.9931786060333252,right,0.44217607378959656,0.43140870332717896,0.417240172624588,60,timeout,270,flightonly,Flight-only learned camera,checkpoint/2026-05-10-02-45-09/checkpoint0014.pth
specular,1.0,0.0,1.0,0.1551961898803711,0.6123425364494324,0.9932340383529663,right,0.442205011844635,0.4302639961242676,0.41771072149276733,60,timeout,271,flightonly,Flight-only learned camera,checkpoint/2026-05-10-02-45-09/checkpoint0014.pth
specular,1.0,0.0,1.0,0.17247557640075684,0.6369754076004028,0.9927276968955994,far_right,0.4403723180294037,0.43196195363998413,0.41543057560920715,60,timeout,272,flightonly,Flight-only learned camera,checkpoint/2026-05-10-02-45-09/checkpoint0014.pth
specular,1.0,0.0,1.0,0.1706109642982483,0.6398731470108032,0.9931086301803589,far_right,0.43667808175086975,0.42722952365875244,0.4117580056190491,60,timeout,273,flightonly,Flight-only learned camera,checkpoint/2026-05-10-02-45-09/checkpoint0014.pth
specular,1.0,0.0,1.0,0.17448827624320984,0.6010581254959106,0.9930604100227356,left,0.4453525245189667,0.4356418251991272,0.41923773288726807,60,timeout,274,flightonly,Flight-only learned camera,checkpoint/2026-05-10-02-45-09/checkpoint0014.pth
specular,1.0,0.0,1.0,0.23836228251457214,0.6216967701911926,0.991517186164856,far_right,0.45153704285621643,0.40975114703178406,0.3940742313861847,60,timeout,275,flightonly,Flight-only learned camera,checkpoint/2026-05-10-02-45-09/checkpoint0014.pth
specular,0.0,1.0,0.0,1.753580927848816,0.6822521686553955,0.9840022325515747,far_right,0.37499040365219116,0.39581528306007385,0.3646686375141144,27,collision,276,flightonly,Flight-only learned camera,checkpoint/2026-05-10-02-45-09/checkpoint0014.pth
specular,1.0,0.0,1.0,0.057334378361701965,0.6189619898796082,0.9931327700614929,left,0.44444411993026733,0.4363369941711426,0.42014041543006897,60,timeout,277,flightonly,Flight-only learned camera,checkpoint/2026-05-10-02-45-09/checkpoint0014.pth
specular,1.0,0.0,1.0,0.05585787445306778,0.6291182637214661,0.9933570027351379,left,0.4463881850242615,0.43696990609169006,0.42115575075149536,60,timeout,278,flightonly,Flight-only learned camera,checkpoint/2026-05-10-02-45-09/checkpoint0014.pth
specular,0.0,1.0,0.0,1.7123209238052368,0.7068094611167908,0.9817889928817749,far_left,0.37253642082214355,0.3894038796424866,0.3590853214263916,25,collision,279,flightonly,Flight-only learned camera,checkpoint/2026-05-10-02-45-09/checkpoint0014.pth
specular,1.0,0.0,1.0,0.12807582318782806,0.6265475749969482,0.9931906461715698,left,0.44242510199546814,0.4356519877910614,0.4165201783180237,60,timeout,280,flightonly,Flight-only learned camera,checkpoint/2026-05-10-02-45-09/checkpoint0014.pth
specular,1.0,0.0,1.0,0.13707660138607025,0.6034680604934692,0.9931038618087769,left,0.44442176818847656,0.43355315923690796,0.4181250333786011,60,timeout,281,flightonly,Flight-only learned camera,checkpoint/2026-05-10-02-45-09/checkpoint0014.pth
specular,1.0,0.0,1.0,0.17102886736392975,0.5995547771453857,0.9931375980377197,right,0.4435323178768158,0.43151503801345825,0.416049987077713,60,timeout,282,flightonly,Flight-only learned camera,checkpoint/2026-05-10-02-45-09/checkpoint0014.pth
specular,1.0,0.0,1.0,0.13508178293704987,0.634326159954071,0.9929929375648499,far_right,0.4410276710987091,0.4281715750694275,0.4171232581138611,60,timeout,283,flightonly,Flight-only learned camera,checkpoint/2026-05-10-02-45-09/checkpoint0014.pth
specular,0.0,1.0,0.0,1.7103509902954102,0.7287340760231018,0.9787075519561768,far_right,0.3808214068412781,0.4059830605983734,0.3607071340084076,24,collision,284,flightonly,Flight-only learned camera,checkpoint/2026-05-10-02-45-09/checkpoint0014.pth
specular,1.0,0.0,1.0,0.11984159797430038,0.6064214110374451,0.992428719997406,right,0.4423092305660248,0.4418163001537323,0.41554656624794006,60,timeout,285,flightonly,Flight-only learned camera,checkpoint/2026-05-10-02-45-09/checkpoint0014.pth
specular,1.0,0.0,1.0,0.302308052778244,0.6190656423568726,0.9930484294891357,far_left,0.43173328042030334,0.42487236857414246,0.40490081906318665,60,timeout,286,flightonly,Flight-only learned camera,checkpoint/2026-05-10-02-45-09/checkpoint0014.pth
specular,1.0,0.0,1.0,0.11596845835447311,0.6362693905830383,0.9926963448524475,far_right,0.44048139452934265,0.42962202429771423,0.4125671684741974,60,timeout,287,flightonly,Flight-only learned camera,checkpoint/2026-05-10-02-45-09/checkpoint0014.pth
specular,1.0,0.0,1.0,0.18525823950767517,0.6110592484474182,0.9930459856987,right,0.44040626287460327,0.436338871717453,0.4146539866924286,60,timeout,288,flightonly,Flight-only learned camera,checkpoint/2026-05-10-02-45-09/checkpoint0014.pth
specular,1.0,0.0,1.0,0.15559428930282593,0.6492799520492554,0.9921345114707947,far_left,0.43333467841148376,0.4336986243724823,0.4078351855278015,60,timeout,289,flightonly,Flight-only learned camera,checkpoint/2026-05-10-02-45-09/checkpoint0014.pth
specular,0.0,1.0,0.0,1.8243488073349,0.6630827784538269,0.9849108457565308,far_right,0.38025304675102234,0.39350318908691406,0.36079391837120056,28,collision,290,flightonly,Flight-only learned camera,checkpoint/2026-05-10-02-45-09/checkpoint0014.pth
specular,0.0,1.0,0.0,1.7068318128585815,0.7055355310440063,0.9811133146286011,right,0.3782496452331543,0.3877372741699219,0.35866841673851013,23,collision,291,flightonly,Flight-only learned camera,checkpoint/2026-05-10-02-45-09/checkpoint0014.pth
specular,1.0,0.0,1.0,0.16820424795150757,0.6079232692718506,0.9925130605697632,far_left,0.4367256462574005,0.4316273629665375,0.4112464487552643,60,timeout,292,flightonly,Flight-only learned camera,checkpoint/2026-05-10-02-45-09/checkpoint0014.pth
specular,1.0,0.0,1.0,0.09449058026075363,0.5956968665122986,0.9929784536361694,right,0.4398542642593384,0.4317820370197296,0.4115840494632721,60,timeout,293,flightonly,Flight-only learned camera,checkpoint/2026-05-10-02-45-09/checkpoint0014.pth
specular,1.0,0.0,1.0,0.14346857368946075,0.6333496570587158,0.9930555820465088,far_right,0.4402017295360565,0.4283732771873474,0.4150807857513428,60,timeout,294,flightonly,Flight-only learned camera,checkpoint/2026-05-10-02-45-09/checkpoint0014.pth
specular,1.0,0.0,1.0,0.17618761956691742,0.6259382963180542,0.9926577806472778,far_right,0.4453526437282562,0.42350220680236816,0.40666520595550537,60,timeout,295,flightonly,Flight-only learned camera,checkpoint/2026-05-10-02-45-09/checkpoint0014.pth
specular,1.0,0.0,1.0,0.14968568086624146,0.593370795249939,0.993299126625061,left,0.44535818696022034,0.43953269720077515,0.42002105712890625,60,timeout,296,flightonly,Flight-only learned camera,checkpoint/2026-05-10-02-45-09/checkpoint0014.pth
specular,1.0,0.0,1.0,0.18498022854328156,0.6411535739898682,0.9923177361488342,far_right,0.4396092891693115,0.4299142062664032,0.4137146770954132,60,timeout,297,flightonly,Flight-only learned camera,checkpoint/2026-05-10-02-45-09/checkpoint0014.pth
specular,0.0,1.0,0.0,1.8130474090576172,0.6600542664527893,0.984905481338501,far_right,0.3818710446357727,0.3922598958015442,0.36103856563568115,28,collision,298,flightonly,Flight-only learned camera,checkpoint/2026-05-10-02-45-09/checkpoint0014.pth
specular,1.0,0.0,1.0,0.1528412103652954,0.5844898819923401,0.9933618307113647,left,0.443194717168808,0.4365597665309906,0.41855141520500183,60,timeout,299,flightonly,Flight-only learned camera,checkpoint/2026-05-10-02-45-09/checkpoint0014.pth
dark,1.0,0.0,1.0,0.08406484127044678,0.6034796237945557,0.9820457696914673,far_right,0.5886887311935425,0.5817127823829651,0.5764672756195068,60,timeout,0,flightonly,Flight-only learned camera,checkpoint/2026-05-10-02-45-09/checkpoint0014.pth
dark,1.0,0.0,1.0,0.04329843074083328,0.5741397142410278,0.9822723865509033,right,0.5820823311805725,0.5763968229293823,0.5686013698577881,60,timeout,1,flightonly,Flight-only learned camera,checkpoint/2026-05-10-02-45-09/checkpoint0014.pth
dark,1.0,0.0,1.0,0.0740971714258194,0.5839501023292542,0.9823713302612305,left,0.5809198021888733,0.5769188404083252,0.5682629942893982,60,timeout,2,flightonly,Flight-only learned camera,checkpoint/2026-05-10-02-45-09/checkpoint0014.pth
dark,1.0,0.0,1.0,0.14608411490917206,0.5521857142448425,0.9825882911682129,left,0.5834457278251648,0.5824028253555298,0.5746598839759827,60,timeout,3,flightonly,Flight-only learned camera,checkpoint/2026-05-10-02-45-09/checkpoint0014.pth
dark,1.0,0.0,1.0,0.13455550372600555,0.5818164944648743,0.9824870228767395,right,0.5869606137275696,0.5801767110824585,0.5730008482933044,60,timeout,4,flightonly,Flight-only learned camera,checkpoint/2026-05-10-02-45-09/checkpoint0014.pth
dark,1.0,0.0,1.0,0.14881478250026703,0.5731996893882751,0.9825690388679504,left,0.5792727470397949,0.582384467124939,0.5712845325469971,60,timeout,5,flightonly,Flight-only learned camera,checkpoint/2026-05-10-02-45-09/checkpoint0014.pth
dark,1.0,0.0,1.0,0.08945697546005249,0.5774771571159363,0.9823182225227356,right,0.5828979015350342,0.5761468410491943,0.5694903135299683,60,timeout,6,flightonly,Flight-only learned camera,checkpoint/2026-05-10-02-45-09/checkpoint0014.pth
dark,1.0,0.0,1.0,0.13060703873634338,0.5633075833320618,0.9825931191444397,left,0.5787321925163269,0.5814661383628845,0.5714172720909119,60,timeout,7,flightonly,Flight-only learned camera,checkpoint/2026-05-10-02-45-09/checkpoint0014.pth
dark,1.0,0.0,1.0,0.08728198707103729,0.5970045328140259,0.9823881387710571,left,0.5797792077064514,0.5762664079666138,0.5686721801757812,60,timeout,8,flightonly,Flight-only learned camera,checkpoint/2026-05-10-02-45-09/checkpoint0014.pth
dark,1.0,0.0,1.0,0.12817516922950745,0.5921621918678284,0.9818456768989563,far_right,0.5928494930267334,0.5895847082138062,0.5815293788909912,60,timeout,9,flightonly,Flight-only learned camera,checkpoint/2026-05-10-02-45-09/checkpoint0014.pth
dark,1.0,0.0,1.0,0.198211207985878,0.6207125186920166,0.9822290539741516,far_left,0.5918017625808716,0.6031556129455566,0.5903947353363037,60,timeout,10,flightonly,Flight-only learned camera,checkpoint/2026-05-10-02-45-09/checkpoint0014.pth
dark,1.0,0.0,1.0,0.12648926675319672,0.5795328617095947,0.9821590781211853,right,0.5880690217018127,0.5811766386032104,0.5748048424720764,60,timeout,11,flightonly,Flight-only learned camera,checkpoint/2026-05-10-02-45-09/checkpoint0014.pth
dark,1.0,0.0,1.0,0.2043236792087555,0.602466881275177,0.9819782972335815,far_right,0.592247724533081,0.5866774320602417,0.5783029198646545,60,timeout,12,flightonly,Flight-only learned camera,checkpoint/2026-05-10-02-45-09/checkpoint0014.pth
dark,0.0,1.0,0.0,1.7051647901535034,0.6850787401199341,0.9529929161071777,far_left,0.6757701635360718,0.7151649594306946,0.6996440291404724,24,collision,13,flightonly,Flight-only learned camera,checkpoint/2026-05-10-02-45-09/checkpoint0014.pth
dark,1.0,0.0,1.0,0.12644827365875244,0.5581232905387878,0.98275226354599,left,0.5781382918357849,0.581936776638031,0.5709967017173767,60,timeout,14,flightonly,Flight-only learned camera,checkpoint/2026-05-10-02-45-09/checkpoint0014.pth
dark,1.0,0.0,1.0,0.11262696981430054,0.6237477660179138,0.9822096824645996,far_left,0.5848497152328491,0.5912523865699768,0.5787343382835388,60,timeout,15,flightonly,Flight-only learned camera,checkpoint/2026-05-10-02-45-09/checkpoint0014.pth
dark,1.0,0.0,1.0,0.10924294590950012,0.5641360878944397,0.9822121262550354,right,0.584006667137146,0.5790254473686218,0.5724957585334778,60,timeout,16,flightonly,Flight-only learned camera,checkpoint/2026-05-10-02-45-09/checkpoint0014.pth
dark,1.0,0.0,1.0,0.19546881318092346,0.5748600363731384,0.9821880459785461,far_right,0.5864166617393494,0.5834320187568665,0.5752794742584229,60,timeout,17,flightonly,Flight-only learned camera,checkpoint/2026-05-10-02-45-09/checkpoint0014.pth
dark,1.0,0.0,1.0,0.1577443778514862,0.5969935655593872,0.981997549533844,far_right,0.5911816954612732,0.5861884951591492,0.5800398588180542,60,timeout,18,flightonly,Flight-only learned camera,checkpoint/2026-05-10-02-45-09/checkpoint0014.pth
dark,0.0,1.0,0.0,1.6273874044418335,0.6754401326179504,0.9611080288887024,far_right,0.6900700330734253,0.7060442566871643,0.6934061646461487,29,collision,19,flightonly,Flight-only learned camera,checkpoint/2026-05-10-02-45-09/checkpoint0014.pth
dark,1.0,0.0,1.0,0.1428280621767044,0.6034855842590332,0.9818311333656311,far_right,0.5955080986022949,0.590783417224884,0.582538366317749,60,timeout,20,flightonly,Flight-only learned camera,checkpoint/2026-05-10-02-45-09/checkpoint0014.pth
dark,1.0,0.0,1.0,0.16233386099338531,0.575510561466217,0.9822410941123962,right,0.5846465229988098,0.5792978405952454,0.5729483366012573,60,timeout,21,flightonly,Flight-only learned camera,checkpoint/2026-05-10-02-45-09/checkpoint0014.pth
dark,1.0,0.0,1.0,0.19095946848392487,0.5549903512001038,0.9823471307754517,left,0.5764375329017639,0.5743475556373596,0.5650948286056519,60,timeout,22,flightonly,Flight-only learned camera,checkpoint/2026-05-10-02-45-09/checkpoint0014.pth
dark,1.0,0.0,1.0,0.20144517719745636,0.6209916472434998,0.9820554256439209,far_right,0.603079617023468,0.5947204828262329,0.5856824517250061,60,timeout,23,flightonly,Flight-only learned camera,checkpoint/2026-05-10-02-45-09/checkpoint0014.pth
dark,1.0,0.0,1.0,0.07575426250696182,0.5670260190963745,0.982332706451416,right,0.5841355323791504,0.5777448415756226,0.5697929859161377,60,timeout,24,flightonly,Flight-only learned camera,checkpoint/2026-05-10-02-45-09/checkpoint0014.pth
dark,1.0,0.0,1.0,0.16790176928043365,0.6076406240463257,0.9817081689834595,far_right,0.595562756061554,0.590064287185669,0.5820063352584839,60,timeout,25,flightonly,Flight-only learned camera,checkpoint/2026-05-10-02-45-09/checkpoint0014.pth
dark,1.0,0.0,1.0,0.12371405214071274,0.5654141902923584,0.9826558232307434,left,0.5812097191810608,0.5828258395195007,0.5724858641624451,60,timeout,26,flightonly,Flight-only learned camera,checkpoint/2026-05-10-02-45-09/checkpoint0014.pth
dark,1.0,0.0,1.0,0.11041096597909927,0.5798169374465942,0.982192873954773,right,0.5795713067054749,0.574739933013916,0.5666556358337402,60,timeout,27,flightonly,Flight-only learned camera,checkpoint/2026-05-10-02-45-09/checkpoint0014.pth
dark,1.0,0.0,1.0,0.17777864634990692,0.6029718518257141,0.9817057847976685,far_right,0.5951864123344421,0.5905450582504272,0.58315509557724,60,timeout,28,flightonly,Flight-only learned camera,checkpoint/2026-05-10-02-45-09/checkpoint0014.pth
dark,0.0,1.0,0.0,1.6224912405014038,0.6747954487800598,0.9585169553756714,far_left,0.6761337518692017,0.7186493873596191,0.7025027275085449,27,collision,29,flightonly,Flight-only learned camera,checkpoint/2026-05-10-02-45-09/checkpoint0014.pth
dark,1.0,0.0,1.0,0.15787938237190247,0.5804627537727356,0.9821615219116211,far_left,0.5838205218315125,0.5827324390411377,0.5748634934425354,60,timeout,30,flightonly,Flight-only learned camera,checkpoint/2026-05-10-02-45-09/checkpoint0014.pth
dark,1.0,0.0,1.0,0.1770811825990677,0.5620861053466797,0.982643723487854,left,0.577508807182312,0.582690954208374,0.5707190632820129,60,timeout,31,flightonly,Flight-only learned camera,checkpoint/2026-05-10-02-45-09/checkpoint0014.pth
dark,0.0,1.0,0.0,1.8070651292800903,0.6764363050460815,0.9536156058311462,far_left,0.6772230267524719,0.7149895429611206,0.6999937295913696,24,collision,32,flightonly,Flight-only learned camera,checkpoint/2026-05-10-02-45-09/checkpoint0014.pth
dark,1.0,0.0,1.0,0.18614128232002258,0.6073592305183411,0.9823254942893982,far_left,0.5911616086959839,0.6011554598808289,0.5880941152572632,60,timeout,33,flightonly,Flight-only learned camera,checkpoint/2026-05-10-02-45-09/checkpoint0014.pth
dark,0.0,1.0,0.0,1.7210707664489746,0.6913572549819946,0.9518340826034546,far_right,0.687631368637085,0.7042272090911865,0.6903629302978516,27,collision,34,flightonly,Flight-only learned camera,checkpoint/2026-05-10-02-45-09/checkpoint0014.pth
dark,1.0,0.0,1.0,0.13168786466121674,0.562488317489624,0.9824315905570984,left,0.5831214785575867,0.5874218940734863,0.5755331516265869,60,timeout,35,flightonly,Flight-only learned camera,checkpoint/2026-05-10-02-45-09/checkpoint0014.pth
dark,1.0,0.0,1.0,0.1441224068403244,0.5735747814178467,0.9821373224258423,far_left,0.5787174701690674,0.5832477807998657,0.5710060596466064,60,timeout,36,flightonly,Flight-only learned camera,checkpoint/2026-05-10-02-45-09/checkpoint0014.pth
dark,1.0,0.0,1.0,0.18090464174747467,0.632449746131897,0.9821760058403015,far_left,0.5865945219993591,0.5945970416069031,0.5828031301498413,60,timeout,37,flightonly,Flight-only learned camera,checkpoint/2026-05-10-02-45-09/checkpoint0014.pth
dark,1.0,0.0,1.0,0.19131457805633545,0.5900241136550903,0.9818866848945618,far_right,0.5853955745697021,0.5828087329864502,0.572854220867157,60,timeout,38,flightonly,Flight-only learned camera,checkpoint/2026-05-10-02-45-09/checkpoint0014.pth
dark,1.0,0.0,1.0,0.12673375010490417,0.5719698667526245,0.9828487038612366,left,0.5810642838478088,0.5822768211364746,0.5727844834327698,60,timeout,39,flightonly,Flight-only learned camera,checkpoint/2026-05-10-02-45-09/checkpoint0014.pth
dark,1.0,0.0,1.0,0.0931159257888794,0.5836362242698669,0.9821832180023193,left,0.5839046835899353,0.5804561972618103,0.5723357796669006,60,timeout,40,flightonly,Flight-only learned camera,checkpoint/2026-05-10-02-45-09/checkpoint0014.pth
dark,1.0,0.0,1.0,0.159631609916687,0.6320250034332275,0.9798780083656311,far_right,0.5898178219795227,0.5802915096282959,0.5728997588157654,60,timeout,41,flightonly,Flight-only learned camera,checkpoint/2026-05-10-02-45-09/checkpoint0014.pth
dark,1.0,0.0,1.0,0.10875314474105835,0.5893883109092712,0.9823592305183411,right,0.5838776230812073,0.5785002112388611,0.5720841288566589,60,timeout,42,flightonly,Flight-only learned camera,checkpoint/2026-05-10-02-45-09/checkpoint0014.pth
dark,0.0,1.0,0.0,1.8016104698181152,0.6614665985107422,0.9532634019851685,far_left,0.6743185520172119,0.7173472046852112,0.7003487348556519,24,collision,43,flightonly,Flight-only learned camera,checkpoint/2026-05-10-02-45-09/checkpoint0014.pth
dark,1.0,0.0,1.0,0.07173289358615875,0.5871587991714478,0.9825400710105896,right,0.5800294280052185,0.5751096606254578,0.5684901475906372,60,timeout,44,flightonly,Flight-only learned camera,checkpoint/2026-05-10-02-45-09/checkpoint0014.pth
dark,1.0,0.0,1.0,0.13226868212223053,0.5736056566238403,0.9820289015769958,far_left,0.5808975100517273,0.5821653604507446,0.5712875723838806,60,timeout,45,flightonly,Flight-only learned camera,checkpoint/2026-05-10-02-45-09/checkpoint0014.pth
dark,1.0,0.0,1.0,0.19698184728622437,0.611899197101593,0.9820457696914673,far_left,0.586338460445404,0.593696653842926,0.5814605951309204,60,timeout,46,flightonly,Flight-only learned camera,checkpoint/2026-05-10-02-45-09/checkpoint0014.pth
dark,1.0,0.0,1.0,0.06255695223808289,0.5827774405479431,0.9824700951576233,left,0.5799346566200256,0.5812300443649292,0.5717180967330933,60,timeout,47,flightonly,Flight-only learned camera,checkpoint/2026-05-10-02-45-09/checkpoint0014.pth
dark,1.0,0.0,1.0,0.19278937578201294,0.6058768033981323,0.9821109175682068,far_left,0.5833265781402588,0.5913188457489014,0.579736590385437,60,timeout,48,flightonly,Flight-only learned camera,checkpoint/2026-05-10-02-45-09/checkpoint0014.pth
dark,0.0,1.0,0.0,1.6952898502349854,0.6815165281295776,0.9532948732376099,far_right,0.6881691813468933,0.7057588696479797,0.6992577314376831,24,collision,49,flightonly,Flight-only learned camera,checkpoint/2026-05-10-02-45-09/checkpoint0014.pth
dark,1.0,0.0,1.0,0.1822672337293625,0.5424856543540955,0.9824291467666626,right,0.5816963911056519,0.5784005522727966,0.5690444111824036,60,timeout,50,flightonly,Flight-only learned camera,checkpoint/2026-05-10-02-45-09/checkpoint0014.pth
dark,1.0,0.0,1.0,0.3399364948272705,0.5621092915534973,0.9826003313064575,right,0.5881430506706238,0.5842347741127014,0.5786621570587158,60,timeout,51,flightonly,Flight-only learned camera,checkpoint/2026-05-10-02-45-09/checkpoint0014.pth
dark,1.0,0.0,1.0,0.059017397463321686,0.5739195942878723,0.9821542501449585,right,0.5773528218269348,0.5704547166824341,0.5623393654823303,60,timeout,52,flightonly,Flight-only learned camera,checkpoint/2026-05-10-02-45-09/checkpoint0014.pth
dark,1.0,0.0,1.0,0.12973669171333313,0.6223491430282593,0.9819034934043884,far_right,0.5991960167884827,0.5936201214790344,0.5865464806556702,60,timeout,53,flightonly,Flight-only learned camera,checkpoint/2026-05-10-02-45-09/checkpoint0014.pth
dark,1.0,0.0,1.0,0.20161473751068115,0.5481716394424438,0.982667863368988,left,0.5793335437774658,0.5830693244934082,0.5708279013633728,60,timeout,54,flightonly,Flight-only learned camera,checkpoint/2026-05-10-02-45-09/checkpoint0014.pth
dark,0.0,1.0,0.0,1.736688256263733,0.6751800179481506,0.9512837529182434,far_left,0.6731125712394714,0.7106947898864746,0.6959666609764099,23,collision,55,flightonly,Flight-only learned camera,checkpoint/2026-05-10-02-45-09/checkpoint0014.pth
dark,1.0,0.0,1.0,0.10879891365766525,0.5864625573158264,0.9821036458015442,far_left,0.5755237340927124,0.5784547328948975,0.5674844980239868,60,timeout,56,flightonly,Flight-only learned camera,checkpoint/2026-05-10-02-45-09/checkpoint0014.pth
dark,0.0,1.0,0.0,1.6092336177825928,0.7221439480781555,0.9559606909751892,far_left,0.6744248867034912,0.7185397148132324,0.7009924054145813,26,collision,57,flightonly,Flight-only learned camera,checkpoint/2026-05-10-02-45-09/checkpoint0014.pth
dark,1.0,0.0,1.0,0.13780391216278076,0.5732256770133972,0.9825111031532288,left,0.5762953758239746,0.5791933536529541,0.5675416588783264,60,timeout,58,flightonly,Flight-only learned camera,checkpoint/2026-05-10-02-45-09/checkpoint0014.pth
dark,1.0,0.0,1.0,0.12004946172237396,0.5912923216819763,0.9820192456245422,far_left,0.5844898819923401,0.5909109711647034,0.5783225893974304,60,timeout,59,flightonly,Flight-only learned camera,checkpoint/2026-05-10-02-45-09/checkpoint0014.pth
dark,1.0,0.0,1.0,0.08412014693021774,0.5729711651802063,0.9825642108917236,left,0.579939603805542,0.5772399306297302,0.5693430304527283,60,timeout,60,flightonly,Flight-only learned camera,checkpoint/2026-05-10-02-45-09/checkpoint0014.pth
dark,0.0,1.0,0.0,1.795399785041809,0.668282151222229,0.9516468048095703,far_right,0.6917570233345032,0.7067305445671082,0.6968024969100952,24,collision,61,flightonly,Flight-only learned camera,checkpoint/2026-05-10-02-45-09/checkpoint0014.pth
dark,1.0,0.0,1.0,0.18600009381771088,0.5721085667610168,0.9824556708335876,right,0.5812400579452515,0.5777345895767212,0.5686196684837341,60,timeout,62,flightonly,Flight-only learned camera,checkpoint/2026-05-10-02-45-09/checkpoint0014.pth
dark,0.0,1.0,0.0,1.7685996294021606,0.6612921953201294,0.9540232419967651,far_right,0.6926825046539307,0.7086323499679565,0.6977101564407349,25,collision,63,flightonly,Flight-only learned camera,checkpoint/2026-05-10-02-45-09/checkpoint0014.pth
dark,1.0,0.0,1.0,0.1443384289741516,0.5652549266815186,0.9828463196754456,left,0.579674482345581,0.5827755331993103,0.5727061629295349,60,timeout,64,flightonly,Flight-only learned camera,checkpoint/2026-05-10-02-45-09/checkpoint0014.pth
dark,1.0,0.0,1.0,0.25098779797554016,0.606509804725647,0.9820482134819031,far_left,0.5794321298599243,0.5873385667800903,0.5754621028900146,60,timeout,65,flightonly,Flight-only learned camera,checkpoint/2026-05-10-02-45-09/checkpoint0014.pth
dark,1.0,0.0,1.0,0.24966497719287872,0.5725050568580627,0.9825955629348755,far_right,0.5905613899230957,0.5845783352851868,0.5805348753929138,60,timeout,66,flightonly,Flight-only learned camera,checkpoint/2026-05-10-02-45-09/checkpoint0014.pth
dark,1.0,0.0,1.0,0.09664728492498398,0.5756686329841614,0.9824846386909485,left,0.5746819972991943,0.5780942440032959,0.5664724111557007,60,timeout,67,flightonly,Flight-only learned camera,checkpoint/2026-05-10-02-45-09/checkpoint0014.pth
dark,1.0,0.0,1.0,0.056684624403715134,0.5756466388702393,0.9826558232307434,left,0.5766122341156006,0.574081301689148,0.564792811870575,60,timeout,68,flightonly,Flight-only learned camera,checkpoint/2026-05-10-02-45-09/checkpoint0014.pth
dark,1.0,0.0,1.0,0.20868076384067535,0.5560137033462524,0.9824122786521912,right,0.588358998298645,0.5843124985694885,0.5776333212852478,60,timeout,69,flightonly,Flight-only learned camera,checkpoint/2026-05-10-02-45-09/checkpoint0014.pth
dark,0.0,1.0,0.0,1.7248950004577637,0.6839118599891663,0.9590352177619934,far_right,0.6863669157028198,0.7060077786445618,0.6917945146560669,28,collision,70,flightonly,Flight-only learned camera,checkpoint/2026-05-10-02-45-09/checkpoint0014.pth
dark,1.0,0.0,1.0,0.12116216868162155,0.5837770700454712,0.981992781162262,far_left,0.5801050662994385,0.583593487739563,0.5719943046569824,60,timeout,71,flightonly,Flight-only learned camera,checkpoint/2026-05-10-02-45-09/checkpoint0014.pth
dark,1.0,0.0,1.0,0.14973849058151245,0.5746824741363525,0.9823544025421143,right,0.5817043781280518,0.574652373790741,0.5671895146369934,60,timeout,72,flightonly,Flight-only learned camera,checkpoint/2026-05-10-02-45-09/checkpoint0014.pth
dark,1.0,0.0,1.0,0.09468929469585419,0.5616896748542786,0.9823737144470215,left,0.5796421766281128,0.5832361578941345,0.5711430311203003,60,timeout,73,flightonly,Flight-only learned camera,checkpoint/2026-05-10-02-45-09/checkpoint0014.pth
dark,1.0,0.0,1.0,0.140268012881279,0.5895026326179504,0.9822893142700195,far_left,0.5894879102706909,0.5873302221298218,0.5798552632331848,60,timeout,74,flightonly,Flight-only learned camera,checkpoint/2026-05-10-02-45-09/checkpoint0014.pth
dark,1.0,0.0,1.0,0.19702030718326569,0.5705894827842712,0.9824484586715698,right,0.5878461003303528,0.584183931350708,0.5784456729888916,60,timeout,75,flightonly,Flight-only learned camera,checkpoint/2026-05-10-02-45-09/checkpoint0014.pth
dark,1.0,0.0,1.0,0.13835562765598297,0.5825352072715759,0.9824532866477966,right,0.5808508396148682,0.5767427086830139,0.5690492391586304,60,timeout,76,flightonly,Flight-only learned camera,checkpoint/2026-05-10-02-45-09/checkpoint0014.pth
dark,1.0,0.0,1.0,0.19515541195869446,0.6089927554130554,0.9820433855056763,far_left,0.5863426327705383,0.5939738750457764,0.5830075144767761,60,timeout,77,flightonly,Flight-only learned camera,checkpoint/2026-05-10-02-45-09/checkpoint0014.pth
dark,1.0,0.0,1.0,0.11309580504894257,0.5830355882644653,0.9828607439994812,far_right,0.585221529006958,0.5810757279396057,0.5726773738861084,60,timeout,78,flightonly,Flight-only learned camera,checkpoint/2026-05-10-02-45-09/checkpoint0014.pth
dark,1.0,0.0,1.0,0.1861833930015564,0.5702924132347107,0.9827715158462524,far_right,0.5852667093276978,0.5809600949287415,0.5723602175712585,60,timeout,79,flightonly,Flight-only learned camera,checkpoint/2026-05-10-02-45-09/checkpoint0014.pth
dark,1.0,0.0,1.0,0.18890605866909027,0.5537948608398438,0.9825063347816467,right,0.5861859917640686,0.5817111134529114,0.5753651857376099,60,timeout,80,flightonly,Flight-only learned camera,checkpoint/2026-05-10-02-45-09/checkpoint0014.pth
dark,1.0,0.0,1.0,0.18225789070129395,0.5586544275283813,0.982528030872345,right,0.5833246111869812,0.579261839389801,0.5723236799240112,60,timeout,81,flightonly,Flight-only learned camera,checkpoint/2026-05-10-02-45-09/checkpoint0014.pth
dark,0.0,1.0,0.0,1.7964532375335693,0.6646977663040161,0.9548851847648621,far_right,0.6878320574760437,0.7082416415214539,0.6968153715133667,25,collision,82,flightonly,Flight-only learned camera,checkpoint/2026-05-10-02-45-09/checkpoint0014.pth
dark,1.0,0.0,1.0,0.257523775100708,0.5993950963020325,0.9821904301643372,far_left,0.5963167548179626,0.5982098579406738,0.58963942527771,60,timeout,83,flightonly,Flight-only learned camera,checkpoint/2026-05-10-02-45-09/checkpoint0014.pth
dark,1.0,0.0,1.0,0.15873771905899048,0.615767240524292,0.9824315905570984,far_left,0.5864353775978088,0.5954148769378662,0.5829237103462219,60,timeout,84,flightonly,Flight-only learned camera,checkpoint/2026-05-10-02-45-09/checkpoint0014.pth
dark,1.0,0.0,1.0,0.19921493530273438,0.6299083828926086,0.9818841814994812,far_right,0.5966578722000122,0.5863960385322571,0.5786778926849365,60,timeout,85,flightonly,Flight-only learned camera,checkpoint/2026-05-10-02-45-09/checkpoint0014.pth
dark,0.0,1.0,0.0,1.8170950412750244,0.6611589193344116,0.9533137679100037,far_left,0.6763545870780945,0.7143862247467041,0.6987007260322571,24,collision,86,flightonly,Flight-only learned camera,checkpoint/2026-05-10-02-45-09/checkpoint0014.pth
dark,1.0,0.0,1.0,0.259337842464447,0.6205065846443176,0.9819517135620117,far_right,0.5954007506370544,0.5858833193778992,0.5773282647132874,60,timeout,87,flightonly,Flight-only learned camera,checkpoint/2026-05-10-02-45-09/checkpoint0014.pth
dark,0.0,1.0,0.0,1.6843234300613403,0.6775495409965515,0.9515796303749084,far_left,0.6750805974006653,0.7124902606010437,0.6984121203422546,23,collision,88,flightonly,Flight-only learned camera,checkpoint/2026-05-10-02-45-09/checkpoint0014.pth
dark,1.0,0.0,1.0,0.09864142537117004,0.5653806924819946,0.9821494221687317,right,0.5797376036643982,0.5739951133728027,0.565399706363678,60,timeout,89,flightonly,Flight-only learned camera,checkpoint/2026-05-10-02-45-09/checkpoint0014.pth
dark,1.0,0.0,1.0,0.2672356367111206,0.5995510220527649,0.9817781448364258,far_right,0.5952709317207336,0.5856691002845764,0.5779255032539368,60,timeout,90,flightonly,Flight-only learned camera,checkpoint/2026-05-10-02-45-09/checkpoint0014.pth
dark,1.0,0.0,1.0,0.12353309243917465,0.5802479386329651,0.9824315905570984,right,0.5898331999778748,0.5862194299697876,0.5804757475852966,60,timeout,91,flightonly,Flight-only learned camera,checkpoint/2026-05-10-02-45-09/checkpoint0014.pth
dark,1.0,0.0,1.0,0.1742173433303833,0.5942690968513489,0.9818505048751831,far_right,0.5892437696456909,0.5825538039207458,0.5752084255218506,60,timeout,92,flightonly,Flight-only learned camera,checkpoint/2026-05-10-02-45-09/checkpoint0014.pth
dark,0.0,1.0,0.0,1.6871246099472046,0.7013876438140869,0.9564756751060486,far_right,0.6906079053878784,0.7106198072433472,0.6996037364006042,26,collision,93,flightonly,Flight-only learned camera,checkpoint/2026-05-10-02-45-09/checkpoint0014.pth
dark,1.0,0.0,1.0,0.17217998206615448,0.59812331199646,0.9820554256439209,far_left,0.5871061682701111,0.5870381593704224,0.5785221457481384,60,timeout,94,flightonly,Flight-only learned camera,checkpoint/2026-05-10-02-45-09/checkpoint0014.pth
dark,0.0,1.0,0.0,1.8486140966415405,0.6186780333518982,0.9571585059165955,far_left,0.6782655715942383,0.7171958684921265,0.7015212774276733,26,collision,95,flightonly,Flight-only learned camera,checkpoint/2026-05-10-02-45-09/checkpoint0014.pth
dark,1.0,0.0,1.0,0.1521325707435608,0.575991153717041,0.982556939125061,far_right,0.5887070894241333,0.5842245817184448,0.5793827176094055,60,timeout,96,flightonly,Flight-only learned camera,checkpoint/2026-05-10-02-45-09/checkpoint0014.pth
dark,1.0,0.0,1.0,0.1344471126794815,0.58058762550354,0.9826244711875916,left,0.5876906514167786,0.5840045213699341,0.5772054195404053,60,timeout,97,flightonly,Flight-only learned camera,checkpoint/2026-05-10-02-45-09/checkpoint0014.pth
dark,1.0,0.0,1.0,0.08578638732433319,0.5981913805007935,0.9819204211235046,far_left,0.5813153982162476,0.5870524644851685,0.5756152272224426,60,timeout,98,flightonly,Flight-only learned camera,checkpoint/2026-05-10-02-45-09/checkpoint0014.pth
dark,1.0,0.0,1.0,0.19421587884426117,0.5361549854278564,0.9823858141899109,right,0.5811648368835449,0.5772888660430908,0.5679988861083984,60,timeout,99,flightonly,Flight-only learned camera,checkpoint/2026-05-10-02-45-09/checkpoint0014.pth
dark,0.0,1.0,0.0,1.6276464462280273,0.7188247442245483,0.9499972462654114,left,0.6822637319564819,0.7097693085670471,0.7001338601112366,22,collision,100,flightonly,Flight-only learned camera,checkpoint/2026-05-10-02-45-09/checkpoint0014.pth
dark,0.0,1.0,0.0,1.6883467435836792,0.6785034537315369,0.9618831276893616,far_left,0.6730509400367737,0.7191275954246521,0.7005980014801025,29,collision,101,flightonly,Flight-only learned camera,checkpoint/2026-05-10-02-45-09/checkpoint0014.pth
dark,1.0,0.0,1.0,0.13141249120235443,0.5697816610336304,0.9822820425033569,right,0.5833392143249512,0.5794442892074585,0.5725144743919373,60,timeout,102,flightonly,Flight-only learned camera,checkpoint/2026-05-10-02-45-09/checkpoint0014.pth
dark,1.0,0.0,1.0,0.06611989438533783,0.5763593316078186,0.9825762510299683,left,0.576504647731781,0.5735401511192322,0.5643200874328613,60,timeout,103,flightonly,Flight-only learned camera,checkpoint/2026-05-10-02-45-09/checkpoint0014.pth
dark,1.0,0.0,1.0,0.09814798831939697,0.5939803123474121,0.9824700951576233,far_right,0.5884659290313721,0.5838620662689209,0.5784659385681152,60,timeout,104,flightonly,Flight-only learned camera,checkpoint/2026-05-10-02-45-09/checkpoint0014.pth
dark,1.0,0.0,1.0,0.09109769761562347,0.6260517239570618,0.9822652339935303,far_left,0.5844371914863586,0.587584912776947,0.5780080556869507,60,timeout,105,flightonly,Flight-only learned camera,checkpoint/2026-05-10-02-45-09/checkpoint0014.pth
dark,1.0,0.0,1.0,0.12046018242835999,0.5730267763137817,0.982441246509552,left,0.5806024074554443,0.5831785798072815,0.5714247822761536,60,timeout,106,flightonly,Flight-only learned camera,checkpoint/2026-05-10-02-45-09/checkpoint0014.pth
dark,1.0,0.0,1.0,0.1657104790210724,0.5655767917633057,0.9823905825614929,right,0.5889288783073425,0.5832747220993042,0.5767266750335693,60,timeout,107,flightonly,Flight-only learned camera,checkpoint/2026-05-10-02-45-09/checkpoint0014.pth
dark,1.0,0.0,1.0,0.11524127423763275,0.5706109404563904,0.9822820425033569,left,0.5865893363952637,0.5849970579147339,0.576927125453949,60,timeout,108,flightonly,Flight-only learned camera,checkpoint/2026-05-10-02-45-09/checkpoint0014.pth
dark,1.0,0.0,1.0,0.24940817058086395,0.5718867182731628,0.9827956557273865,far_right,0.5884708762168884,0.5845493674278259,0.5791154503822327,60,timeout,109,flightonly,Flight-only learned camera,checkpoint/2026-05-10-02-45-09/checkpoint0014.pth
dark,1.0,0.0,1.0,0.12057434022426605,0.5894542932510376,0.9826606512069702,far_right,0.5832962393760681,0.5790054798126221,0.5726445913314819,60,timeout,110,flightonly,Flight-only learned camera,checkpoint/2026-05-10-02-45-09/checkpoint0014.pth
dark,1.0,0.0,1.0,0.06843576580286026,0.6137188076972961,0.9820168018341064,far_left,0.5846168398857117,0.5880770683288574,0.578674852848053,60,timeout,111,flightonly,Flight-only learned camera,checkpoint/2026-05-10-02-45-09/checkpoint0014.pth
dark,1.0,0.0,1.0,0.18087948858737946,0.5863937735557556,0.9817588329315186,far_right,0.5924072861671448,0.5866392850875854,0.5782662034034729,60,timeout,112,flightonly,Flight-only learned camera,checkpoint/2026-05-10-02-45-09/checkpoint0014.pth
dark,1.0,0.0,1.0,0.11983281373977661,0.5869520306587219,0.9823809862136841,right,0.5844870209693909,0.5800483822822571,0.5742836594581604,60,timeout,113,flightonly,Flight-only learned camera,checkpoint/2026-05-10-02-45-09/checkpoint0014.pth
dark,1.0,0.0,1.0,0.07385345548391342,0.6192840933799744,0.9819540977478027,far_right,0.5989194512367249,0.5941274166107178,0.5898194313049316,60,timeout,114,flightonly,Flight-only learned camera,checkpoint/2026-05-10-02-45-09/checkpoint0014.pth
dark,1.0,0.0,1.0,0.15630114078521729,0.5649515390396118,0.9821012616157532,right,0.574445903301239,0.5720336437225342,0.5613998770713806,60,timeout,115,flightonly,Flight-only learned camera,checkpoint/2026-05-10-02-45-09/checkpoint0014.pth
dark,1.0,0.0,1.0,0.06681939959526062,0.5712101459503174,0.9824725389480591,right,0.5792050361633301,0.5747843384742737,0.5666722655296326,60,timeout,116,flightonly,Flight-only learned camera,checkpoint/2026-05-10-02-45-09/checkpoint0014.pth
dark,1.0,0.0,1.0,0.14426350593566895,0.5874701738357544,0.9821157455444336,far_left,0.5822082757949829,0.5851796865463257,0.5753998160362244,60,timeout,117,flightonly,Flight-only learned camera,checkpoint/2026-05-10-02-45-09/checkpoint0014.pth
dark,1.0,0.0,1.0,0.056474972516298294,0.5790258646011353,0.9822965264320374,left,0.5796133875846863,0.5771040916442871,0.5682903528213501,60,timeout,118,flightonly,Flight-only learned camera,checkpoint/2026-05-10-02-45-09/checkpoint0014.pth
dark,0.0,1.0,0.0,1.7059471607208252,0.6903237700462341,0.9516322612762451,far_left,0.6799570918083191,0.7116777896881104,0.6999697685241699,23,collision,119,flightonly,Flight-only learned camera,checkpoint/2026-05-10-02-45-09/checkpoint0014.pth
dark,1.0,0.0,1.0,0.10418272763490677,0.5685208439826965,0.9822700023651123,left,0.5806335806846619,0.5770840048789978,0.5690827369689941,60,timeout,120,flightonly,Flight-only learned camera,checkpoint/2026-05-10-02-45-09/checkpoint0014.pth
dark,0.0,1.0,0.0,1.7297284603118896,0.6903523206710815,0.9570370316505432,far_left,0.6730377078056335,0.7182347178459167,0.7005339860916138,26,collision,121,flightonly,Flight-only learned camera,checkpoint/2026-05-10-02-45-09/checkpoint0014.pth
dark,1.0,0.0,1.0,0.12996956706047058,0.6087444424629211,0.9821012616157532,far_right,0.5951221585273743,0.5889580249786377,0.5829691886901855,60,timeout,122,flightonly,Flight-only learned camera,checkpoint/2026-05-10-02-45-09/checkpoint0014.pth
dark,1.0,0.0,1.0,0.16700878739356995,0.6229408383369446,0.9823133945465088,far_left,0.5870861411094666,0.5960791707038879,0.5830217003822327,60,timeout,123,flightonly,Flight-only learned camera,checkpoint/2026-05-10-02-45-09/checkpoint0014.pth
dark,1.0,0.0,1.0,0.07369732856750488,0.5732002854347229,0.9822820425033569,left,0.5818135738372803,0.5815896391868591,0.5724961161613464,60,timeout,124,flightonly,Flight-only learned camera,checkpoint/2026-05-10-02-45-09/checkpoint0014.pth
dark,1.0,0.0,1.0,0.1358754187822342,0.5487598776817322,0.9823495745658875,right,0.5776039361953735,0.5756180882453918,0.5656260251998901,60,timeout,125,flightonly,Flight-only learned camera,checkpoint/2026-05-10-02-45-09/checkpoint0014.pth
dark,1.0,0.0,1.0,0.20824764668941498,0.5850321650505066,0.9820264577865601,far_left,0.5848504900932312,0.5888200402259827,0.5789322257041931,60,timeout,126,flightonly,Flight-only learned camera,checkpoint/2026-05-10-02-45-09/checkpoint0014.pth
dark,0.0,1.0,0.0,1.7239328622817993,0.6721460223197937,0.9527853727340698,far_left,0.6733484268188477,0.7170596122741699,0.7001478672027588,24,collision,127,flightonly,Flight-only learned camera,checkpoint/2026-05-10-02-45-09/checkpoint0014.pth
dark,1.0,0.0,1.0,0.19012759625911713,0.5505325794219971,0.9826341271400452,left,0.5817946195602417,0.5857476592063904,0.5756475925445557,60,timeout,128,flightonly,Flight-only learned camera,checkpoint/2026-05-10-02-45-09/checkpoint0014.pth
dark,1.0,0.0,1.0,0.14271050691604614,0.5657625198364258,0.9823134541511536,far_left,0.5822063684463501,0.5805337429046631,0.5723849534988403,60,timeout,129,flightonly,Flight-only learned camera,checkpoint/2026-05-10-02-45-09/checkpoint0014.pth
dark,1.0,0.0,1.0,0.18317200243473053,0.5937856435775757,0.9822193384170532,far_right,0.5949116349220276,0.5894254446029663,0.5843325853347778,60,timeout,130,flightonly,Flight-only learned camera,checkpoint/2026-05-10-02-45-09/checkpoint0014.pth
dark,0.0,1.0,0.0,1.6614707708358765,0.6999032497406006,0.9495977163314819,right,0.6814228892326355,0.7068114876747131,0.6968507170677185,22,collision,131,flightonly,Flight-only learned camera,checkpoint/2026-05-10-02-45-09/checkpoint0014.pth
dark,1.0,0.0,1.0,0.14514687657356262,0.5919478535652161,0.9825208187103271,right,0.587196409702301,0.5817350149154663,0.5771109461784363,60,timeout,132,flightonly,Flight-only learned camera,checkpoint/2026-05-10-02-45-09/checkpoint0014.pth
dark,1.0,0.0,1.0,0.241873100399971,0.6179981827735901,0.9817563891410828,far_right,0.5945677757263184,0.5847103595733643,0.5774943828582764,60,timeout,133,flightonly,Flight-only learned camera,checkpoint/2026-05-10-02-45-09/checkpoint0014.pth
dark,1.0,0.0,1.0,0.2215890884399414,0.5602025389671326,0.9828752279281616,far_right,0.5879719257354736,0.5852175951004028,0.5792558193206787,60,timeout,134,flightonly,Flight-only learned camera,checkpoint/2026-05-10-02-45-09/checkpoint0014.pth
dark,0.0,1.0,0.0,1.760765790939331,0.6337672472000122,0.9565335512161255,far_right,0.6928555369377136,0.7103233337402344,0.6994431614875793,26,collision,135,flightonly,Flight-only learned camera,checkpoint/2026-05-10-02-45-09/checkpoint0014.pth
dark,1.0,0.0,1.0,0.15711480379104614,0.575839102268219,0.982446014881134,right,0.5840926170349121,0.579237163066864,0.5731626152992249,60,timeout,136,flightonly,Flight-only learned camera,checkpoint/2026-05-10-02-45-09/checkpoint0014.pth
dark,1.0,0.0,1.0,0.11113399267196655,0.5875601768493652,0.9823881387710571,left,0.5837825536727905,0.582137405872345,0.5726355910301208,60,timeout,137,flightonly,Flight-only learned camera,checkpoint/2026-05-10-02-45-09/checkpoint0014.pth
dark,1.0,0.0,1.0,0.13453145325183868,0.583807110786438,0.9824725389480591,far_right,0.591581404209137,0.5875998735427856,0.5818411707878113,60,timeout,138,flightonly,Flight-only learned camera,checkpoint/2026-05-10-02-45-09/checkpoint0014.pth
dark,0.0,1.0,0.0,1.8251335620880127,0.6298259496688843,0.9566839933395386,far_right,0.6899459958076477,0.7101955413818359,0.6988449692726135,26,collision,139,flightonly,Flight-only learned camera,checkpoint/2026-05-10-02-45-09/checkpoint0014.pth
dark,0.0,1.0,0.0,1.7835623025894165,0.650807797908783,0.9533137679100037,far_left,0.6756763458251953,0.7148172855377197,0.6994694471359253,24,collision,140,flightonly,Flight-only learned camera,checkpoint/2026-05-10-02-45-09/checkpoint0014.pth
dark,0.0,1.0,0.0,1.7958542108535767,0.6644417643547058,0.9541314244270325,far_left,0.6753204464912415,0.7170297503471375,0.7007704973220825,24,collision,141,flightonly,Flight-only learned camera,checkpoint/2026-05-10-02-45-09/checkpoint0014.pth
dark,0.0,1.0,0.0,1.7496601343154907,0.6909807920455933,0.9553915858268738,far_left,0.6769809722900391,0.7171319723129272,0.7014314532279968,25,collision,142,flightonly,Flight-only learned camera,checkpoint/2026-05-10-02-45-09/checkpoint0014.pth
dark,1.0,0.0,1.0,0.11987423896789551,0.6067497730255127,0.982108473777771,far_left,0.589664101600647,0.589438796043396,0.5814549922943115,60,timeout,143,flightonly,Flight-only learned camera,checkpoint/2026-05-10-02-45-09/checkpoint0014.pth
dark,1.0,0.0,1.0,0.07153100520372391,0.5742838382720947,0.9825015068054199,left,0.5779311060905457,0.5765407681465149,0.5677813291549683,60,timeout,144,flightonly,Flight-only learned camera,checkpoint/2026-05-10-02-45-09/checkpoint0014.pth
dark,1.0,0.0,1.0,0.10303725302219391,0.570935070514679,0.9823206663131714,left,0.5840808749198914,0.5812968015670776,0.5724825263023376,60,timeout,145,flightonly,Flight-only learned camera,checkpoint/2026-05-10-02-45-09/checkpoint0014.pth
dark,1.0,0.0,1.0,0.13984790444374084,0.5679103136062622,0.9826847314834595,far_right,0.5885615944862366,0.584130048751831,0.5759631395339966,60,timeout,146,flightonly,Flight-only learned camera,checkpoint/2026-05-10-02-45-09/checkpoint0014.pth
dark,1.0,0.0,1.0,0.2303355634212494,0.605932891368866,0.9814983606338501,far_right,0.5921949744224548,0.5866783261299133,0.5790449976921082,60,timeout,147,flightonly,Flight-only learned camera,checkpoint/2026-05-10-02-45-09/checkpoint0014.pth
dark,1.0,0.0,1.0,0.08787985891103745,0.6025274991989136,0.9823182225227356,far_left,0.5904602408409119,0.5956943035125732,0.5848023891448975,60,timeout,148,flightonly,Flight-only learned camera,checkpoint/2026-05-10-02-45-09/checkpoint0014.pth
dark,0.0,1.0,0.0,1.6070611476898193,0.7058839201927185,0.9570775628089905,far_left,0.6766575574874878,0.7164238095283508,0.7010297775268555,26,collision,149,flightonly,Flight-only learned camera,checkpoint/2026-05-10-02-45-09/checkpoint0014.pth
dark,1.0,0.0,1.0,0.08511487394571304,0.5777282118797302,0.9824725389480591,right,0.5836886167526245,0.5797512531280518,0.5709478259086609,60,timeout,150,flightonly,Flight-only learned camera,checkpoint/2026-05-10-02-45-09/checkpoint0014.pth
dark,1.0,0.0,1.0,0.2033163458108902,0.6187483668327332,0.9809172749519348,far_right,0.5942628979682922,0.5891198515892029,0.5799899697303772,60,timeout,151,flightonly,Flight-only learned camera,checkpoint/2026-05-10-02-45-09/checkpoint0014.pth
dark,1.0,0.0,1.0,0.11562910676002502,0.5776697397232056,0.9823785424232483,right,0.5825992226600647,0.5804015398025513,0.5739283561706543,60,timeout,152,flightonly,Flight-only learned camera,checkpoint/2026-05-10-02-45-09/checkpoint0014.pth
dark,1.0,0.0,1.0,0.17218194901943207,0.5700523853302002,0.9825063347816467,right,0.5849219560623169,0.5808164477348328,0.5734063982963562,60,timeout,153,flightonly,Flight-only learned camera,checkpoint/2026-05-10-02-45-09/checkpoint0014.pth
dark,1.0,0.0,1.0,0.11159052699804306,0.5672329664230347,0.9822603464126587,left,0.582676351070404,0.5822361707687378,0.57242351770401,60,timeout,154,flightonly,Flight-only learned camera,checkpoint/2026-05-10-02-45-09/checkpoint0014.pth
dark,1.0,0.0,1.0,0.12795089185237885,0.585490882396698,0.9825714826583862,far_right,0.5917639136314392,0.5882827639579773,0.583154559135437,60,timeout,155,flightonly,Flight-only learned camera,checkpoint/2026-05-10-02-45-09/checkpoint0014.pth
dark,1.0,0.0,1.0,0.12843994796276093,0.5677553415298462,0.9826992750167847,left,0.5801926255226135,0.5773910880088806,0.5701130032539368,60,timeout,156,flightonly,Flight-only learned camera,checkpoint/2026-05-10-02-45-09/checkpoint0014.pth
dark,1.0,0.0,1.0,0.17586912214756012,0.5957664847373962,0.9817588329315186,far_right,0.5926859378814697,0.5861536860466003,0.5802453756332397,60,timeout,157,flightonly,Flight-only learned camera,checkpoint/2026-05-10-02-45-09/checkpoint0014.pth
dark,1.0,0.0,1.0,0.09040128439664841,0.5648269653320312,0.9825159311294556,left,0.5797707438468933,0.5829933881759644,0.5717809200286865,60,timeout,158,flightonly,Flight-only learned camera,checkpoint/2026-05-10-02-45-09/checkpoint0014.pth
dark,1.0,0.0,1.0,0.22999384999275208,0.6218997240066528,0.9822314381599426,far_left,0.5941703915596008,0.5921170711517334,0.5843333005905151,60,timeout,159,flightonly,Flight-only learned camera,checkpoint/2026-05-10-02-45-09/checkpoint0014.pth
dark,1.0,0.0,1.0,0.24420933425426483,0.5688065886497498,0.982417106628418,far_right,0.5878634452819824,0.5859261751174927,0.579330325126648,60,timeout,160,flightonly,Flight-only learned camera,checkpoint/2026-05-10-02-45-09/checkpoint0014.pth
dark,1.0,0.0,1.0,0.20087480545043945,0.5849462151527405,0.9817684888839722,far_left,0.5780075192451477,0.5830977559089661,0.5705788731575012,60,timeout,161,flightonly,Flight-only learned camera,checkpoint/2026-05-10-02-45-09/checkpoint0014.pth
dark,1.0,0.0,1.0,0.12113487720489502,0.5950037240982056,0.9823062419891357,far_right,0.5923317670822144,0.5855238437652588,0.5804863572120667,60,timeout,162,flightonly,Flight-only learned camera,checkpoint/2026-05-10-02-45-09/checkpoint0014.pth
dark,1.0,0.0,1.0,0.06161171570420265,0.6052316427230835,0.9826944470405579,far_right,0.5877963900566101,0.5837964415550232,0.5789646506309509,60,timeout,163,flightonly,Flight-only learned camera,checkpoint/2026-05-10-02-45-09/checkpoint0014.pth
dark,1.0,0.0,1.0,0.15940624475479126,0.5572848320007324,0.9823254942893982,left,0.5773671865463257,0.5789852738380432,0.5671820640563965,60,timeout,164,flightonly,Flight-only learned camera,checkpoint/2026-05-10-02-45-09/checkpoint0014.pth
dark,0.0,1.0,0.0,1.704808235168457,0.6782832741737366,0.9586449861526489,far_right,0.6916394829750061,0.7103536128997803,0.6977357268333435,27,collision,165,flightonly,Flight-only learned camera,checkpoint/2026-05-10-02-45-09/checkpoint0014.pth
dark,1.0,0.0,1.0,0.18449266254901886,0.5461336970329285,0.9825400710105896,left,0.5793374180793762,0.578892171382904,0.5688362121582031,60,timeout,166,flightonly,Flight-only learned camera,checkpoint/2026-05-10-02-45-09/checkpoint0014.pth
dark,1.0,0.0,1.0,0.15152597427368164,0.5761098265647888,0.9824798107147217,right,0.5876182317733765,0.5839200615882874,0.5773065090179443,60,timeout,167,flightonly,Flight-only learned camera,checkpoint/2026-05-10-02-45-09/checkpoint0014.pth
dark,0.0,1.0,0.0,1.7882940769195557,0.6564686298370361,0.9570659399032593,far_left,0.6761987805366516,0.7191882729530334,0.7021735906600952,26,collision,168,flightonly,Flight-only learned camera,checkpoint/2026-05-10-02-45-09/checkpoint0014.pth
dark,1.0,0.0,1.0,0.1378515660762787,0.6101381182670593,0.9816527366638184,far_right,0.5932650566101074,0.5857086777687073,0.5773646235466003,60,timeout,169,flightonly,Flight-only learned camera,checkpoint/2026-05-10-02-45-09/checkpoint0014.pth
dark,1.0,0.0,1.0,0.17396117746829987,0.5710188746452332,0.9822941422462463,left,0.5768422484397888,0.573814868927002,0.5636041164398193,60,timeout,170,flightonly,Flight-only learned camera,checkpoint/2026-05-10-02-45-09/checkpoint0014.pth
dark,1.0,0.0,1.0,0.14521893858909607,0.5889615416526794,0.981799840927124,far_left,0.5810489058494568,0.5864443778991699,0.5750572085380554,60,timeout,171,flightonly,Flight-only learned camera,checkpoint/2026-05-10-02-45-09/checkpoint0014.pth
dark,1.0,0.0,1.0,0.1784231811761856,0.5766947269439697,0.9817467927932739,far_left,0.5811396837234497,0.587858259677887,0.5750254988670349,60,timeout,172,flightonly,Flight-only learned camera,checkpoint/2026-05-10-02-45-09/checkpoint0014.pth
dark,1.0,0.0,1.0,0.126937597990036,0.5814645290374756,0.9825690388679504,right,0.5867826342582703,0.5826414823532104,0.5763852596282959,60,timeout,173,flightonly,Flight-only learned camera,checkpoint/2026-05-10-02-45-09/checkpoint0014.pth
dark,1.0,0.0,1.0,0.139445498585701,0.5894049406051636,0.9822242259979248,far_right,0.5893097519874573,0.5846472978591919,0.5795946717262268,60,timeout,174,flightonly,Flight-only learned camera,checkpoint/2026-05-10-02-45-09/checkpoint0014.pth
dark,1.0,0.0,1.0,0.18062296509742737,0.5782745480537415,0.9820192456245422,far_left,0.5800755023956299,0.5798117518424988,0.5705331563949585,60,timeout,175,flightonly,Flight-only learned camera,checkpoint/2026-05-10-02-45-09/checkpoint0014.pth
dark,1.0,0.0,1.0,0.09307132661342621,0.5956864953041077,0.9822965264320374,far_right,0.5923255085945129,0.5875549912452698,0.5840084552764893,60,timeout,176,flightonly,Flight-only learned camera,checkpoint/2026-05-10-02-45-09/checkpoint0014.pth
dark,1.0,0.0,1.0,0.17090335488319397,0.5825179219245911,0.98235684633255,left,0.5796087980270386,0.5769645571708679,0.5675409436225891,60,timeout,177,flightonly,Flight-only learned camera,checkpoint/2026-05-10-02-45-09/checkpoint0014.pth
dark,1.0,0.0,1.0,0.0850595235824585,0.5641952753067017,0.9823206663131714,left,0.5796695947647095,0.5779752135276794,0.5684961080551147,60,timeout,178,flightonly,Flight-only learned camera,checkpoint/2026-05-10-02-45-09/checkpoint0014.pth
dark,1.0,0.0,1.0,0.08068739622831345,0.569786787033081,0.9821904301643372,right,0.5833535194396973,0.5792409777641296,0.5715044736862183,60,timeout,179,flightonly,Flight-only learned camera,checkpoint/2026-05-10-02-45-09/checkpoint0014.pth
dark,1.0,0.0,1.0,0.07832694798707962,0.5879571437835693,0.9825279712677002,left,0.5834599137306213,0.5826268792152405,0.5731604099273682,60,timeout,180,flightonly,Flight-only learned camera,checkpoint/2026-05-10-02-45-09/checkpoint0014.pth
dark,1.0,0.0,1.0,0.19028407335281372,0.6133988499641418,0.9817588329315186,far_right,0.5958357453346252,0.5871738791465759,0.5808170437812805,60,timeout,181,flightonly,Flight-only learned camera,checkpoint/2026-05-10-02-45-09/checkpoint0014.pth
dark,1.0,0.0,1.0,0.05685855448246002,0.5817520618438721,0.9823520183563232,left,0.584351658821106,0.5823061466217041,0.5732371211051941,60,timeout,182,flightonly,Flight-only learned camera,checkpoint/2026-05-10-02-45-09/checkpoint0014.pth
dark,0.0,1.0,0.0,1.7253096103668213,0.657767117023468,0.9532759189605713,far_left,0.6743326783180237,0.7139581441879272,0.6981916427612305,24,collision,183,flightonly,Flight-only learned camera,checkpoint/2026-05-10-02-45-09/checkpoint0014.pth
dark,1.0,0.0,1.0,0.18863029778003693,0.586047887802124,0.9823062419891357,far_left,0.5895690321922302,0.5912055373191833,0.5819900631904602,60,timeout,184,flightonly,Flight-only learned camera,checkpoint/2026-05-10-02-45-09/checkpoint0014.pth
dark,1.0,0.0,1.0,0.24513058364391327,0.5576884150505066,0.9826003313064575,far_right,0.5883587002754211,0.5846160054206848,0.5784513354301453,60,timeout,185,flightonly,Flight-only learned camera,checkpoint/2026-05-10-02-45-09/checkpoint0014.pth
dark,0.0,1.0,0.0,1.5704270601272583,0.7062610983848572,0.9573809504508972,far_right,0.6889470815658569,0.7127978205680847,0.7052988409996033,25,collision,186,flightonly,Flight-only learned camera,checkpoint/2026-05-10-02-45-09/checkpoint0014.pth
dark,1.0,0.0,1.0,0.21144042909145355,0.5879479050636292,0.9820216298103333,far_left,0.591286838054657,0.5950530767440796,0.5852817296981812,60,timeout,187,flightonly,Flight-only learned camera,checkpoint/2026-05-10-02-45-09/checkpoint0014.pth
dark,1.0,0.0,1.0,0.15451762080192566,0.5875135660171509,0.9822121262550354,far_right,0.58577960729599,0.5838019847869873,0.5745869278907776,60,timeout,188,flightonly,Flight-only learned camera,checkpoint/2026-05-10-02-45-09/checkpoint0014.pth
dark,1.0,0.0,1.0,0.16586054861545563,0.5906087756156921,0.9821133017539978,far_left,0.5830065011978149,0.5870489478111267,0.5759456753730774,60,timeout,189,flightonly,Flight-only learned camera,checkpoint/2026-05-10-02-45-09/checkpoint0014.pth
dark,1.0,0.0,1.0,0.10707920789718628,0.5675978660583496,0.9828246235847473,left,0.5835978984832764,0.5807932019233704,0.5729988813400269,60,timeout,190,flightonly,Flight-only learned camera,checkpoint/2026-05-10-02-45-09/checkpoint0014.pth
dark,1.0,0.0,1.0,0.16792359948158264,0.5709790587425232,0.982556939125061,right,0.5844434499740601,0.580620527267456,0.5743622183799744,60,timeout,191,flightonly,Flight-only learned camera,checkpoint/2026-05-10-02-45-09/checkpoint0014.pth
dark,0.0,1.0,0.0,1.7469532489776611,0.6423919796943665,0.9564988613128662,far_right,0.6885524392127991,0.7086328864097595,0.6980729699134827,26,collision,192,flightonly,Flight-only learned camera,checkpoint/2026-05-10-02-45-09/checkpoint0014.pth
dark,1.0,0.0,1.0,0.18246851861476898,0.6019724607467651,0.9819879531860352,far_right,0.5936750769615173,0.5869264006614685,0.5795895457267761,60,timeout,193,flightonly,Flight-only learned camera,checkpoint/2026-05-10-02-45-09/checkpoint0014.pth
dark,1.0,0.0,1.0,0.09974439442157745,0.5695777535438538,0.9825907349586487,left,0.5761427879333496,0.5774455070495605,0.5677237510681152,60,timeout,194,flightonly,Flight-only learned camera,checkpoint/2026-05-10-02-45-09/checkpoint0014.pth
dark,1.0,0.0,1.0,0.19243068993091583,0.6037049889564514,0.9815828204154968,far_right,0.5966398119926453,0.5895371437072754,0.581381618976593,60,timeout,195,flightonly,Flight-only learned camera,checkpoint/2026-05-10-02-45-09/checkpoint0014.pth
dark,1.0,0.0,1.0,0.20294766128063202,0.5745427012443542,0.9822627902030945,far_left,0.5816597938537598,0.5819491147994995,0.5720646977424622,60,timeout,196,flightonly,Flight-only learned camera,checkpoint/2026-05-10-02-45-09/checkpoint0014.pth
dark,0.0,1.0,0.0,1.7700814008712769,0.6434558033943176,0.9564640522003174,far_right,0.6911224722862244,0.7102862596511841,0.6985621452331543,26,collision,197,flightonly,Flight-only learned camera,checkpoint/2026-05-10-02-45-09/checkpoint0014.pth
dark,1.0,0.0,1.0,0.1679581105709076,0.5585277676582336,0.9823544025421143,right,0.584018349647522,0.5820949077606201,0.5733159780502319,60,timeout,198,flightonly,Flight-only learned camera,checkpoint/2026-05-10-02-45-09/checkpoint0014.pth
dark,1.0,0.0,1.0,0.06156734749674797,0.5943200588226318,0.9823423027992249,right,0.5848780274391174,0.5791165828704834,0.5729318261146545,60,timeout,199,flightonly,Flight-only learned camera,checkpoint/2026-05-10-02-45-09/checkpoint0014.pth
dark,1.0,0.0,1.0,0.16307929158210754,0.5571639537811279,0.982441246509552,left,0.5806980729103088,0.5774746537208557,0.5699691772460938,60,timeout,200,flightonly,Flight-only learned camera,checkpoint/2026-05-10-02-45-09/checkpoint0014.pth
dark,1.0,0.0,1.0,0.14069519937038422,0.5918943881988525,0.9820554256439209,far_left,0.5872765183448792,0.5930154323577881,0.5822864770889282,60,timeout,201,flightonly,Flight-only learned camera,checkpoint/2026-05-10-02-45-09/checkpoint0014.pth
dark,1.0,0.0,1.0,0.15076810121536255,0.5637615919113159,0.9824001789093018,right,0.5805374979972839,0.5761446952819824,0.5680257678031921,60,timeout,202,flightonly,Flight-only learned camera,checkpoint/2026-05-10-02-45-09/checkpoint0014.pth
dark,1.0,0.0,1.0,0.160000741481781,0.5700580477714539,0.982443630695343,left,0.5773271918296814,0.5772183537483215,0.5668676495552063,60,timeout,203,flightonly,Flight-only learned camera,checkpoint/2026-05-10-02-45-09/checkpoint0014.pth
dark,1.0,0.0,1.0,0.16808123886585236,0.5737878680229187,0.9825232028961182,right,0.5807448625564575,0.5791847705841064,0.5713066458702087,60,timeout,204,flightonly,Flight-only learned camera,checkpoint/2026-05-10-02-45-09/checkpoint0014.pth
dark,1.0,0.0,1.0,0.12295034527778625,0.5697658658027649,0.9824942946434021,right,0.5795871615409851,0.5780609846115112,0.5702231526374817,60,timeout,205,flightonly,Flight-only learned camera,checkpoint/2026-05-10-02-45-09/checkpoint0014.pth
dark,0.0,1.0,0.0,1.8116209506988525,0.6328718066215515,0.9523261785507202,far_right,0.6905769109725952,0.7067599892616272,0.6964731216430664,24,collision,206,flightonly,Flight-only learned camera,checkpoint/2026-05-10-02-45-09/checkpoint0014.pth
dark,1.0,0.0,1.0,0.10767776519060135,0.5831612944602966,0.9824267625808716,left,0.5779241323471069,0.5777411460876465,0.5668344497680664,60,timeout,207,flightonly,Flight-only learned camera,checkpoint/2026-05-10-02-45-09/checkpoint0014.pth
dark,1.0,0.0,1.0,0.1020563542842865,0.5600275993347168,0.9824725389480591,right,0.5780990123748779,0.5759466886520386,0.5661265254020691,60,timeout,208,flightonly,Flight-only learned camera,checkpoint/2026-05-10-02-45-09/checkpoint0014.pth
dark,1.0,0.0,1.0,0.12730391323566437,0.6042153835296631,0.9819324612617493,far_left,0.5867148041725159,0.5968283414840698,0.5851799249649048,60,timeout,209,flightonly,Flight-only learned camera,checkpoint/2026-05-10-02-45-09/checkpoint0014.pth
dark,1.0,0.0,1.0,0.0803670585155487,0.5881806015968323,0.9824991226196289,left,0.5786048173904419,0.5781868100166321,0.5694940090179443,60,timeout,210,flightonly,Flight-only learned camera,checkpoint/2026-05-10-02-45-09/checkpoint0014.pth
dark,1.0,0.0,1.0,0.196970134973526,0.5861732363700867,0.9822410941123962,far_right,0.592343807220459,0.5886232852935791,0.5835883021354675,60,timeout,211,flightonly,Flight-only learned camera,checkpoint/2026-05-10-02-45-09/checkpoint0014.pth
dark,1.0,0.0,1.0,0.14127801358699799,0.6017469763755798,0.9820530414581299,far_right,0.5882623195648193,0.5835051536560059,0.5767840147018433,60,timeout,212,flightonly,Flight-only learned camera,checkpoint/2026-05-10-02-45-09/checkpoint0014.pth
dark,1.0,0.0,1.0,0.05174839124083519,0.5897381901741028,0.9825497269630432,left,0.5799518823623657,0.5776374936103821,0.569601833820343,60,timeout,213,flightonly,Flight-only learned camera,checkpoint/2026-05-10-02-45-09/checkpoint0014.pth
dark,1.0,0.0,1.0,0.20472216606140137,0.5632979869842529,0.9824122786521912,right,0.5842940807342529,0.583530843257904,0.5771073698997498,60,timeout,214,flightonly,Flight-only learned camera,checkpoint/2026-05-10-02-45-09/checkpoint0014.pth
dark,0.0,1.0,0.0,1.6935210227966309,0.686683714389801,0.9515269994735718,far_left,0.6749570369720459,0.7129162549972534,0.6984018683433533,23,collision,215,flightonly,Flight-only learned camera,checkpoint/2026-05-10-02-45-09/checkpoint0014.pth
dark,1.0,0.0,1.0,0.09747467190027237,0.5898577570915222,0.9823592305183411,far_right,0.5919753909111023,0.5882386565208435,0.5833187699317932,60,timeout,216,flightonly,Flight-only learned camera,checkpoint/2026-05-10-02-45-09/checkpoint0014.pth
dark,1.0,0.0,1.0,0.09264863282442093,0.5840808153152466,0.9824581146240234,right,0.5820836424827576,0.5770106911659241,0.5695695877075195,60,timeout,217,flightonly,Flight-only learned camera,checkpoint/2026-05-10-02-45-09/checkpoint0014.pth
dark,0.0,1.0,0.0,1.7637025117874146,0.6528666019439697,0.9540111422538757,far_right,0.6913825869560242,0.7096461057662964,0.6992758512496948,25,collision,218,flightonly,Flight-only learned camera,checkpoint/2026-05-10-02-45-09/checkpoint0014.pth
dark,0.0,1.0,0.0,1.7995933294296265,0.6460899114608765,0.9528797268867493,far_left,0.6759305596351624,0.7148400545120239,0.6991351842880249,24,collision,219,flightonly,Flight-only learned camera,checkpoint/2026-05-10-02-45-09/checkpoint0014.pth
dark,0.0,1.0,0.0,1.7919820547103882,0.6553481817245483,0.9528986215591431,far_left,0.6742461919784546,0.7158458828926086,0.6994249224662781,24,collision,220,flightonly,Flight-only learned camera,checkpoint/2026-05-10-02-45-09/checkpoint0014.pth
dark,1.0,0.0,1.0,0.12772580981254578,0.5787045955657959,0.9825111031532288,right,0.5887172818183899,0.5842105746269226,0.5778993368148804,60,timeout,221,flightonly,Flight-only learned camera,checkpoint/2026-05-10-02-45-09/checkpoint0014.pth
dark,1.0,0.0,1.0,0.2112245410680771,0.6144884824752808,0.982337474822998,far_left,0.5876355767250061,0.5953122973442078,0.5833916068077087,60,timeout,222,flightonly,Flight-only learned camera,checkpoint/2026-05-10-02-45-09/checkpoint0014.pth
dark,0.0,1.0,0.0,1.7925580739974976,0.6576441526412964,0.9506062865257263,far_left,0.6732822060585022,0.7160599827766418,0.6996749639511108,23,collision,223,flightonly,Flight-only learned camera,checkpoint/2026-05-10-02-45-09/checkpoint0014.pth
dark,1.0,0.0,1.0,0.10936092585325241,0.5699121356010437,0.9824749231338501,left,0.5839336514472961,0.5806631445884705,0.5727535486221313,60,timeout,224,flightonly,Flight-only learned camera,checkpoint/2026-05-10-02-45-09/checkpoint0014.pth
dark,0.0,1.0,0.0,1.7564668655395508,0.6382638812065125,0.9515269994735718,far_left,0.678637683391571,0.7112892866134644,0.697737991809845,23,collision,225,flightonly,Flight-only learned camera,checkpoint/2026-05-10-02-45-09/checkpoint0014.pth
dark,1.0,0.0,1.0,0.20493821799755096,0.5639614462852478,0.9822266101837158,left,0.5842223167419434,0.5816662311553955,0.5724589228630066,60,timeout,226,flightonly,Flight-only learned camera,checkpoint/2026-05-10-02-45-09/checkpoint0014.pth
dark,1.0,0.0,1.0,0.25121790170669556,0.5518774390220642,0.982556939125061,left,0.5741114616394043,0.5799259543418884,0.5667034387588501,60,timeout,227,flightonly,Flight-only learned camera,checkpoint/2026-05-10-02-45-09/checkpoint0014.pth
dark,1.0,0.0,1.0,0.14647161960601807,0.5643424987792969,0.9824532866477966,left,0.5771019458770752,0.579001784324646,0.567371129989624,60,timeout,228,flightonly,Flight-only learned camera,checkpoint/2026-05-10-02-45-09/checkpoint0014.pth
dark,1.0,0.0,1.0,0.03157605975866318,0.5970107316970825,0.9823206663131714,right,0.5866850018501282,0.58150714635849,0.5754503607749939,60,timeout,229,flightonly,Flight-only learned camera,checkpoint/2026-05-10-02-45-09/checkpoint0014.pth
dark,1.0,0.0,1.0,0.12003428488969803,0.5489186644554138,0.9821663498878479,left,0.5748134851455688,0.574963390827179,0.5630118250846863,60,timeout,230,flightonly,Flight-only learned camera,checkpoint/2026-05-10-02-45-09/checkpoint0014.pth
dark,1.0,0.0,1.0,0.09201820939779282,0.5754693150520325,0.9822723865509033,left,0.5814638733863831,0.5797656178474426,0.5702323913574219,60,timeout,231,flightonly,Flight-only learned camera,checkpoint/2026-05-10-02-45-09/checkpoint0014.pth
dark,1.0,0.0,1.0,0.23067019879817963,0.6118224263191223,0.9822579622268677,far_left,0.5839434862136841,0.5833791494369507,0.5745062828063965,60,timeout,232,flightonly,Flight-only learned camera,checkpoint/2026-05-10-02-45-09/checkpoint0014.pth
dark,0.0,1.0,0.0,1.7922483682632446,0.6609249114990234,0.9536659717559814,far_left,0.6742900013923645,0.7176963090896606,0.7008928060531616,24,collision,233,flightonly,Flight-only learned camera,checkpoint/2026-05-10-02-45-09/checkpoint0014.pth
dark,0.0,1.0,0.0,1.7435156106948853,0.6546874642372131,0.9520991444587708,far_right,0.6871573328971863,0.7106375694274902,0.7012340426445007,23,collision,234,flightonly,Flight-only learned camera,checkpoint/2026-05-10-02-45-09/checkpoint0014.pth
dark,1.0,0.0,1.0,0.19979289174079895,0.6080436110496521,0.9818432331085205,far_right,0.5961639881134033,0.5883142352104187,0.5800105929374695,60,timeout,235,flightonly,Flight-only learned camera,checkpoint/2026-05-10-02-45-09/checkpoint0014.pth
dark,1.0,0.0,1.0,0.12960563600063324,0.5799005031585693,0.9826220870018005,left,0.5796542167663574,0.5813710689544678,0.571679949760437,60,timeout,236,flightonly,Flight-only learned camera,checkpoint/2026-05-10-02-45-09/checkpoint0014.pth
dark,1.0,0.0,1.0,0.11474431306123734,0.5756117701530457,0.9825930595397949,right,0.5775541663169861,0.5753087401390076,0.5674264430999756,60,timeout,237,flightonly,Flight-only learned camera,checkpoint/2026-05-10-02-45-09/checkpoint0014.pth
dark,1.0,0.0,1.0,0.04600578546524048,0.5735968351364136,0.9824050068855286,left,0.5759958028793335,0.5791906714439392,0.5670251250267029,60,timeout,238,flightonly,Flight-only learned camera,checkpoint/2026-05-10-02-45-09/checkpoint0014.pth
dark,1.0,0.0,1.0,0.13411472737789154,0.5773881673812866,0.9827570915222168,far_right,0.5856181979179382,0.5792462229728699,0.5713487267494202,60,timeout,239,flightonly,Flight-only learned camera,checkpoint/2026-05-10-02-45-09/checkpoint0014.pth
dark,1.0,0.0,1.0,0.11380548030138016,0.5941691398620605,0.9826582670211792,far_right,0.5903201103210449,0.5869488716125488,0.580801784992218,60,timeout,240,flightonly,Flight-only learned camera,checkpoint/2026-05-10-02-45-09/checkpoint0014.pth
dark,1.0,0.0,1.0,0.08509805053472519,0.5684413909912109,0.9827402234077454,left,0.5807828307151794,0.5825048685073853,0.5724242329597473,60,timeout,241,flightonly,Flight-only learned camera,checkpoint/2026-05-10-02-45-09/checkpoint0014.pth
dark,1.0,0.0,1.0,0.1678168773651123,0.5972539782524109,0.9824700951576233,far_left,0.5850638151168823,0.5895037651062012,0.5781956315040588,60,timeout,242,flightonly,Flight-only learned camera,checkpoint/2026-05-10-02-45-09/checkpoint0014.pth
dark,1.0,0.0,1.0,0.1698591113090515,0.5640769004821777,0.9823736548423767,left,0.5779110193252563,0.5776103138923645,0.5674091577529907,60,timeout,243,flightonly,Flight-only learned camera,checkpoint/2026-05-10-02-45-09/checkpoint0014.pth
dark,1.0,0.0,1.0,0.11274980753660202,0.5804919004440308,0.9823302626609802,left,0.5805652737617493,0.5780003666877747,0.568080723285675,60,timeout,244,flightonly,Flight-only learned camera,checkpoint/2026-05-10-02-45-09/checkpoint0014.pth
dark,1.0,0.0,1.0,0.1576031744480133,0.6194454431533813,0.9822314381599426,far_left,0.5853714942932129,0.593359649181366,0.5816930532455444,60,timeout,245,flightonly,Flight-only learned camera,checkpoint/2026-05-10-02-45-09/checkpoint0014.pth
dark,1.0,0.0,1.0,0.15937329828739166,0.6046835780143738,0.9819782972335815,far_left,0.5880280137062073,0.5929601788520813,0.5831754803657532,60,timeout,246,flightonly,Flight-only learned camera,checkpoint/2026-05-10-02-45-09/checkpoint0014.pth
dark,0.0,1.0,0.0,1.7139908075332642,0.6750746965408325,0.9513297080993652,far_left,0.6801049709320068,0.7126901745796204,0.7006915211677551,23,collision,247,flightonly,Flight-only learned camera,checkpoint/2026-05-10-02-45-09/checkpoint0014.pth
dark,0.0,1.0,0.0,1.8262923955917358,0.6501882672309875,0.9557592868804932,far_left,0.6759648323059082,0.7163158655166626,0.6999117732048035,25,collision,248,flightonly,Flight-only learned camera,checkpoint/2026-05-10-02-45-09/checkpoint0014.pth
dark,1.0,0.0,1.0,0.05926262214779854,0.579208493232727,0.9824653267860413,right,0.5844523310661316,0.5810765624046326,0.573032796382904,60,timeout,249,flightonly,Flight-only learned camera,checkpoint/2026-05-10-02-45-09/checkpoint0014.pth
dark,1.0,0.0,1.0,0.08952976018190384,0.5769863724708557,0.9826630353927612,left,0.5779051780700684,0.5826225876808167,0.5711064338684082,60,timeout,250,flightonly,Flight-only learned camera,checkpoint/2026-05-10-02-45-09/checkpoint0014.pth
dark,0.0,1.0,0.0,1.7416813373565674,0.6715410351753235,0.9500735998153687,far_left,0.6737055778503418,0.7151486873626709,0.6985753178596497,23,collision,251,flightonly,Flight-only learned camera,checkpoint/2026-05-10-02-45-09/checkpoint0014.pth
dark,0.0,1.0,0.0,1.8169009685516357,0.6577872633934021,0.9549274444580078,far_right,0.6904575228691101,0.7090150713920593,0.6977679133415222,25,collision,252,flightonly,Flight-only learned camera,checkpoint/2026-05-10-02-45-09/checkpoint0014.pth
dark,1.0,0.0,1.0,0.07627329230308533,0.5847786068916321,0.9824652671813965,left,0.5794768333435059,0.5822303295135498,0.5714870691299438,60,timeout,253,flightonly,Flight-only learned camera,checkpoint/2026-05-10-02-45-09/checkpoint0014.pth
dark,1.0,0.0,1.0,0.04189467057585716,0.5898621082305908,0.982643723487854,left,0.5804979205131531,0.5806041955947876,0.5721883177757263,60,timeout,254,flightonly,Flight-only learned camera,checkpoint/2026-05-10-02-45-09/checkpoint0014.pth
dark,1.0,0.0,1.0,0.14415965974330902,0.5911270380020142,0.9823278784751892,far_left,0.5851146578788757,0.5849640965461731,0.5764137506484985,60,timeout,255,flightonly,Flight-only learned camera,checkpoint/2026-05-10-02-45-09/checkpoint0014.pth
dark,1.0,0.0,1.0,0.08600657433271408,0.601926326751709,0.9826968312263489,right,0.5848190784454346,0.5786959528923035,0.5740216970443726,60,timeout,256,flightonly,Flight-only learned camera,checkpoint/2026-05-10-02-45-09/checkpoint0014.pth
dark,1.0,0.0,1.0,0.10328029841184616,0.5771828889846802,0.982525646686554,right,0.5848897099494934,0.5806807279586792,0.5738188624382019,60,timeout,257,flightonly,Flight-only learned camera,checkpoint/2026-05-10-02-45-09/checkpoint0014.pth
dark,0.0,1.0,0.0,1.6769354343414307,0.7122271060943604,0.9536012411117554,far_right,0.6925147771835327,0.7078428268432617,0.6973438262939453,25,collision,258,flightonly,Flight-only learned camera,checkpoint/2026-05-10-02-45-09/checkpoint0014.pth
dark,1.0,0.0,1.0,0.1913749724626541,0.5640282034873962,0.9826388955116272,right,0.584578275680542,0.5791906118392944,0.5741007328033447,60,timeout,259,flightonly,Flight-only learned camera,checkpoint/2026-05-10-02-45-09/checkpoint0014.pth
dark,1.0,0.0,1.0,0.04698630049824715,0.5821433663368225,0.9822458624839783,right,0.5835672616958618,0.5788229703903198,0.5723029375076294,60,timeout,260,flightonly,Flight-only learned camera,checkpoint/2026-05-10-02-45-09/checkpoint0014.pth
dark,1.0,0.0,1.0,0.10820608586072922,0.5806175470352173,0.9823544025421143,right,0.5804761648178101,0.5755086541175842,0.5688016414642334,60,timeout,261,flightonly,Flight-only learned camera,checkpoint/2026-05-10-02-45-09/checkpoint0014.pth
dark,1.0,0.0,1.0,0.2076629400253296,0.5904614925384521,0.9818601012229919,far_right,0.5948249101638794,0.5901477932929993,0.5844081044197083,60,timeout,262,flightonly,Flight-only learned camera,checkpoint/2026-05-10-02-45-09/checkpoint0014.pth
dark,1.0,0.0,1.0,0.0458185113966465,0.6124932169914246,0.9820626378059387,far_right,0.5892613530158997,0.5809070467948914,0.5772557854652405,60,timeout,263,flightonly,Flight-only learned camera,checkpoint/2026-05-10-02-45-09/checkpoint0014.pth
dark,1.0,0.0,1.0,0.12581337988376617,0.5923489928245544,0.982084333896637,far_left,0.5867738127708435,0.587584376335144,0.5788019895553589,60,timeout,264,flightonly,Flight-only learned camera,checkpoint/2026-05-10-02-45-09/checkpoint0014.pth
dark,1.0,0.0,1.0,0.11912301927804947,0.5847973823547363,0.9823713302612305,left,0.5856831073760986,0.5861763954162598,0.576405942440033,60,timeout,265,flightonly,Flight-only learned camera,checkpoint/2026-05-10-02-45-09/checkpoint0014.pth
dark,1.0,0.0,1.0,0.16953366994857788,0.5659404993057251,0.9821518659591675,left,0.5794937610626221,0.5771415829658508,0.5670174956321716,60,timeout,266,flightonly,Flight-only learned camera,checkpoint/2026-05-10-02-45-09/checkpoint0014.pth
dark,1.0,0.0,1.0,0.11459897458553314,0.5647621154785156,0.9822096824645996,left,0.5795559883117676,0.5772565603256226,0.5674875974655151,60,timeout,267,flightonly,Flight-only learned camera,checkpoint/2026-05-10-02-45-09/checkpoint0014.pth
dark,1.0,0.0,1.0,0.19408755004405975,0.5663807392120361,0.9823110699653625,left,0.5856760740280151,0.5850798487663269,0.5767342448234558,60,timeout,268,flightonly,Flight-only learned camera,checkpoint/2026-05-10-02-45-09/checkpoint0014.pth
dark,1.0,0.0,1.0,0.08985753357410431,0.5810860991477966,0.9823809266090393,left,0.584099531173706,0.5814114212989807,0.5727365016937256,60,timeout,269,flightonly,Flight-only learned camera,checkpoint/2026-05-10-02-45-09/checkpoint0014.pth
dark,1.0,0.0,1.0,0.045733753591775894,0.5910869240760803,0.9816503524780273,far_left,0.5802770853042603,0.5808469653129578,0.5705944299697876,60,timeout,270,flightonly,Flight-only learned camera,checkpoint/2026-05-10-02-45-09/checkpoint0014.pth
dark,1.0,0.0,1.0,0.06958185136318207,0.6111000180244446,0.9818335771560669,far_left,0.5835446119308472,0.5915401577949524,0.5794306993484497,60,timeout,271,flightonly,Flight-only learned camera,checkpoint/2026-05-10-02-45-09/checkpoint0014.pth
dark,1.0,0.0,1.0,0.16401883959770203,0.5536723732948303,0.982530415058136,right,0.5778936743736267,0.5752291083335876,0.567747950553894,60,timeout,272,flightonly,Flight-only learned camera,checkpoint/2026-05-10-02-45-09/checkpoint0014.pth
dark,1.0,0.0,1.0,0.19807733595371246,0.5705696940422058,0.9823423027992249,right,0.585205614566803,0.5803797245025635,0.5731305480003357,60,timeout,273,flightonly,Flight-only learned camera,checkpoint/2026-05-10-02-45-09/checkpoint0014.pth
dark,1.0,0.0,1.0,0.05180513486266136,0.5716564655303955,0.982419490814209,left,0.5782069563865662,0.5786523222923279,0.5676095485687256,60,timeout,274,flightonly,Flight-only learned camera,checkpoint/2026-05-10-02-45-09/checkpoint0014.pth
dark,1.0,0.0,1.0,0.1257726401090622,0.5643026232719421,0.9824798107147217,left,0.5792896151542664,0.5778956413269043,0.5693354606628418,60,timeout,275,flightonly,Flight-only learned camera,checkpoint/2026-05-10-02-45-09/checkpoint0014.pth
dark,1.0,0.0,1.0,0.14903463423252106,0.565750241279602,0.9823495745658875,right,0.5822589993476868,0.5792849659919739,0.5721369981765747,60,timeout,276,flightonly,Flight-only learned camera,checkpoint/2026-05-10-02-45-09/checkpoint0014.pth
dark,1.0,0.0,1.0,0.16474466025829315,0.5755129456520081,0.9822772145271301,far_left,0.5851727724075317,0.5845762491226196,0.57648766040802,60,timeout,277,flightonly,Flight-only learned camera,checkpoint/2026-05-10-02-45-09/checkpoint0014.pth
dark,1.0,0.0,1.0,0.11377765238285065,0.5699572563171387,0.9823616743087769,left,0.5847752690315247,0.5809754729270935,0.57416170835495,60,timeout,278,flightonly,Flight-only learned camera,checkpoint/2026-05-10-02-45-09/checkpoint0014.pth
dark,1.0,0.0,1.0,0.11866869032382965,0.557057797908783,0.9823447465896606,right,0.5794147849082947,0.5760084986686707,0.568386435508728,60,timeout,279,flightonly,Flight-only learned camera,checkpoint/2026-05-10-02-45-09/checkpoint0014.pth
dark,1.0,0.0,1.0,0.09111916273832321,0.6140893697738647,0.9820722341537476,far_left,0.5843457579612732,0.5947378277778625,0.5826072096824646,60,timeout,280,flightonly,Flight-only learned camera,checkpoint/2026-05-10-02-45-09/checkpoint0014.pth
dark,0.0,1.0,0.0,1.759103536605835,0.6629883050918579,0.952703595161438,far_left,0.671086847782135,0.7173486948013306,0.6994054317474365,24,collision,281,flightonly,Flight-only learned camera,checkpoint/2026-05-10-02-45-09/checkpoint0014.pth
dark,1.0,0.0,1.0,0.15877372026443481,0.5890694856643677,0.9819661974906921,far_left,0.5811321139335632,0.5867388844490051,0.574874758720398,60,timeout,282,flightonly,Flight-only learned camera,checkpoint/2026-05-10-02-45-09/checkpoint0014.pth
dark,0.0,1.0,0.0,1.7679617404937744,0.7091699242591858,0.9475653767585754,far_left,0.6702464818954468,0.7146984934806824,0.6972314715385437,22,collision,283,flightonly,Flight-only learned camera,checkpoint/2026-05-10-02-45-09/checkpoint0014.pth
dark,1.0,0.0,1.0,0.14469705522060394,0.5681602358818054,0.9826269149780273,right,0.5849534869194031,0.5802708268165588,0.572638213634491,60,timeout,284,flightonly,Flight-only learned camera,checkpoint/2026-05-10-02-45-09/checkpoint0014.pth
dark,0.0,1.0,0.0,1.7499397993087769,0.6367194652557373,0.9567071199417114,far_right,0.6925553679466248,0.7109764814376831,0.7010011672973633,26,collision,285,flightonly,Flight-only learned camera,checkpoint/2026-05-10-02-45-09/checkpoint0014.pth
dark,0.0,1.0,0.0,1.7532029151916504,0.6945276856422424,0.9530558586120605,far_right,0.6923378109931946,0.7086232900619507,0.6993228197097778,24,collision,286,flightonly,Flight-only learned camera,checkpoint/2026-05-10-02-45-09/checkpoint0014.pth
dark,1.0,0.0,1.0,0.18508881330490112,0.5977100729942322,0.9818649291992188,far_right,0.5958856344223022,0.5896504521369934,0.5836631059646606,60,timeout,287,flightonly,Flight-only learned camera,checkpoint/2026-05-10-02-45-09/checkpoint0014.pth
dark,1.0,0.0,1.0,0.035222817212343216,0.5679119229316711,0.9825232028961182,right,0.5785844922065735,0.5763385891914368,0.5665385723114014,60,timeout,288,flightonly,Flight-only learned camera,checkpoint/2026-05-10-02-45-09/checkpoint0014.pth
dark,1.0,0.0,1.0,0.10407766699790955,0.5721641778945923,0.9823905825614929,right,0.5781967639923096,0.5733531713485718,0.5653835535049438,60,timeout,289,flightonly,Flight-only learned camera,checkpoint/2026-05-10-02-45-09/checkpoint0014.pth
dark,1.0,0.0,1.0,0.09101056307554245,0.6068872213363647,0.9820023775100708,far_right,0.5928598046302795,0.5883551836013794,0.5817599892616272,60,timeout,290,flightonly,Flight-only learned camera,checkpoint/2026-05-10-02-45-09/checkpoint0014.pth
dark,1.0,0.0,1.0,0.15117746591567993,0.6116903424263,0.9819324612617493,far_right,0.6000075340270996,0.5923939347267151,0.5836171507835388,60,timeout,291,flightonly,Flight-only learned camera,checkpoint/2026-05-10-02-45-09/checkpoint0014.pth
dark,1.0,0.0,1.0,0.11138670891523361,0.5823757648468018,0.9821012616157532,right,0.5833608508110046,0.5786541104316711,0.570026159286499,60,timeout,292,flightonly,Flight-only learned camera,checkpoint/2026-05-10-02-45-09/checkpoint0014.pth
dark,1.0,0.0,1.0,0.22557111084461212,0.598653256893158,0.9819324612617493,far_right,0.5951879024505615,0.5898633599281311,0.58193439245224,60,timeout,293,flightonly,Flight-only learned camera,checkpoint/2026-05-10-02-45-09/checkpoint0014.pth
dark,1.0,0.0,1.0,0.20347455143928528,0.5806032419204712,0.9817973971366882,far_left,0.585361123085022,0.5914029479026794,0.5793805122375488,60,timeout,294,flightonly,Flight-only learned camera,checkpoint/2026-05-10-02-45-09/checkpoint0014.pth
dark,1.0,0.0,1.0,0.1851162314414978,0.5841061472892761,0.9820843935012817,far_right,0.5864999294281006,0.5820930600166321,0.5729235410690308,60,timeout,295,flightonly,Flight-only learned camera,checkpoint/2026-05-10-02-45-09/checkpoint0014.pth
dark,1.0,0.0,1.0,0.1970081776380539,0.5670138597488403,0.9821012616157532,left,0.5823719501495361,0.5803642868995667,0.5699701309204102,60,timeout,296,flightonly,Flight-only learned camera,checkpoint/2026-05-10-02-45-09/checkpoint0014.pth
dark,1.0,0.0,1.0,0.1792220175266266,0.6373765468597412,0.9817949533462524,far_right,0.5988479852676392,0.5914722084999084,0.5827932953834534,60,timeout,297,flightonly,Flight-only learned camera,checkpoint/2026-05-10-02-45-09/checkpoint0014.pth
dark,1.0,0.0,1.0,0.04377317056059837,0.5797050595283508,0.982330322265625,left,0.5825705528259277,0.5813022255897522,0.5734952688217163,60,timeout,298,flightonly,Flight-only learned camera,checkpoint/2026-05-10-02-45-09/checkpoint0014.pth
dark,0.0,1.0,0.0,1.5494654178619385,0.7087563276290894,0.9539679288864136,far_right,0.6871523857116699,0.7111536264419556,0.6990784406661987,24,collision,299,flightonly,Flight-only learned camera,checkpoint/2026-05-10-02-45-09/checkpoint0014.pth
