scene_name,success_rate,collision_rate,goal_reach_rate,final_goal_dist,avg_speed,fill_rate,slit_slot,power_mean,exposure_mean,gain_mean,steps,stop_reason,episode_idx,method,method_label,checkpoint
glare,0.0,1.0,0.0,1.8317294120788574,0.6856829524040222,0.5875952243804932,far_right,0.4219591021537781,0.3944021165370941,0.5017173290252686,25,collision,0,nondiff,Non-diff learned camera,checkpoint/2026-05-09-22-34-42/checkpoint0014.pth
glare,0.0,1.0,0.0,1.8095117807388306,0.6564565300941467,0.545132577419281,far_left,0.42790964245796204,0.41206857562065125,0.504806399345398,24,collision,1,nondiff,Non-diff learned camera,checkpoint/2026-05-09-22-34-42/checkpoint0014.pth
glare,0.0,1.0,0.0,1.784301519393921,0.6814420819282532,0.5452777743339539,far_left,0.4342253506183624,0.4270385503768921,0.5049979090690613,26,collision,2,nondiff,Non-diff learned camera,checkpoint/2026-05-09-22-34-42/checkpoint0014.pth
glare,1.0,0.0,1.0,0.030588941648602486,0.6563695669174194,0.7510368824005127,far_right,0.4076138436794281,0.3664810359477997,0.5093793869018555,60,timeout,3,nondiff,Non-diff learned camera,checkpoint/2026-05-09-22-34-42/checkpoint0014.pth
glare,1.0,0.0,1.0,0.1779439002275467,0.6686915159225464,0.7571084499359131,far_right,0.4097577929496765,0.37003570795059204,0.5085875988006592,60,timeout,4,nondiff,Non-diff learned camera,checkpoint/2026-05-09-22-34-42/checkpoint0014.pth
glare,0.0,1.0,0.0,1.7923170328140259,0.6674627661705017,0.5216435194015503,far_left,0.4303581118583679,0.41793662309646606,0.5048245191574097,26,collision,5,nondiff,Non-diff learned camera,checkpoint/2026-05-09-22-34-42/checkpoint0014.pth
glare,1.0,0.0,1.0,0.16193270683288574,0.6265599131584167,0.7454885840415955,right,0.4078732430934906,0.366626113653183,0.5093104243278503,60,timeout,6,nondiff,Non-diff learned camera,checkpoint/2026-05-09-22-34-42/checkpoint0014.pth
glare,1.0,0.0,1.0,0.13820208609104156,0.6507886052131653,0.7288074493408203,far_right,0.4095298647880554,0.3693811297416687,0.5086591839790344,60,timeout,7,nondiff,Non-diff learned camera,checkpoint/2026-05-09-22-34-42/checkpoint0014.pth
glare,1.0,0.0,1.0,0.2150357961654663,0.644197940826416,0.751444399356842,far_right,0.4077931344509125,0.3666742444038391,0.5093483924865723,60,timeout,8,nondiff,Non-diff learned camera,checkpoint/2026-05-09-22-34-42/checkpoint0014.pth
glare,1.0,0.0,1.0,0.10770843178033829,0.6241264939308167,0.7749253511428833,right,0.40781739354133606,0.36681869626045227,0.5093764662742615,60,timeout,9,nondiff,Non-diff learned camera,checkpoint/2026-05-09-22-34-42/checkpoint0014.pth
glare,0.0,1.0,0.0,1.6421189308166504,0.7254721522331238,0.48354312777519226,left,0.4208499789237976,0.3943948447704315,0.5041286945343018,25,collision,10,nondiff,Non-diff learned camera,checkpoint/2026-05-09-22-34-42/checkpoint0014.pth
glare,0.0,1.0,0.0,1.7817891836166382,0.6632521152496338,0.5128868818283081,far_right,0.4198527932167053,0.3891555070877075,0.5030950903892517,28,collision,11,nondiff,Non-diff learned camera,checkpoint/2026-05-09-22-34-42/checkpoint0014.pth
glare,1.0,0.0,1.0,0.12530291080474854,0.6573362350463867,0.7418524026870728,far_right,0.4098808467388153,0.36964359879493713,0.5085188150405884,60,timeout,12,nondiff,Non-diff learned camera,checkpoint/2026-05-09-22-34-42/checkpoint0014.pth
glare,1.0,0.0,1.0,0.1959581822156906,0.6598788499832153,0.7431014180183411,far_right,0.40880465507507324,0.36866456270217896,0.5089704990386963,60,timeout,13,nondiff,Non-diff learned camera,checkpoint/2026-05-09-22-34-42/checkpoint0014.pth
glare,1.0,0.0,1.0,0.15186120569705963,0.6219898462295532,0.7621045708656311,right,0.4075404405593872,0.3669595420360565,0.5093293786048889,60,timeout,14,nondiff,Non-diff learned camera,checkpoint/2026-05-09-22-34-42/checkpoint0014.pth
glare,1.0,0.0,1.0,0.1598079651594162,0.6174796223640442,0.7710069417953491,left,0.40726515650749207,0.36680081486701965,0.5092369318008423,60,timeout,15,nondiff,Non-diff learned camera,checkpoint/2026-05-09-22-34-42/checkpoint0014.pth
glare,1.0,0.0,1.0,0.07374309003353119,0.6281725764274597,0.7638962268829346,left,0.40890735387802124,0.3681727945804596,0.5091493725776672,60,timeout,16,nondiff,Non-diff learned camera,checkpoint/2026-05-09-22-34-42/checkpoint0014.pth
glare,1.0,0.0,1.0,0.129166379570961,0.6273244619369507,0.7728660702705383,far_left,0.40974435210227966,0.3728340268135071,0.5082132816314697,60,timeout,17,nondiff,Non-diff learned camera,checkpoint/2026-05-09-22-34-42/checkpoint0014.pth
glare,1.0,0.0,1.0,0.21855531632900238,0.6571817994117737,0.7578511238098145,far_left,0.42059940099716187,0.40145382285118103,0.5043696165084839,60,timeout,18,nondiff,Non-diff learned camera,checkpoint/2026-05-09-22-34-42/checkpoint0014.pth
glare,1.0,0.0,1.0,0.22354361414909363,0.6155378222465515,0.7551142573356628,far_left,0.40967613458633423,0.37396395206451416,0.5074736475944519,60,timeout,19,nondiff,Non-diff learned camera,checkpoint/2026-05-09-22-34-42/checkpoint0014.pth
glare,1.0,0.0,1.0,0.13521741330623627,0.6105708479881287,0.7618079781532288,left,0.40800318121910095,0.36863628029823303,0.5089114308357239,60,timeout,20,nondiff,Non-diff learned camera,checkpoint/2026-05-09-22-34-42/checkpoint0014.pth
glare,0.0,1.0,0.0,1.8104344606399536,0.6795243620872498,0.5476874113082886,far_right,0.42063143849372864,0.39141571521759033,0.5024887323379517,27,collision,21,nondiff,Non-diff learned camera,checkpoint/2026-05-09-22-34-42/checkpoint0014.pth
glare,0.0,1.0,0.0,1.7879832983016968,0.6859568953514099,0.5400363206863403,far_left,0.43303024768829346,0.4243689477443695,0.5047840476036072,27,collision,22,nondiff,Non-diff learned camera,checkpoint/2026-05-09-22-34-42/checkpoint0014.pth
glare,1.0,0.0,1.0,0.12646670639514923,0.6075538992881775,0.7669488787651062,left,0.40847671031951904,0.3690008223056793,0.5088813304901123,60,timeout,23,nondiff,Non-diff learned camera,checkpoint/2026-05-09-22-34-42/checkpoint0014.pth
glare,0.0,1.0,0.0,1.842638373374939,0.6653051376342773,0.5577377676963806,far_left,0.43290460109710693,0.4240865111351013,0.5051005482673645,25,collision,24,nondiff,Non-diff learned camera,checkpoint/2026-05-09-22-34-42/checkpoint0014.pth
glare,1.0,0.0,1.0,0.25028154253959656,0.6303674578666687,0.7463687062263489,far_right,0.40879324078559875,0.3686767518520355,0.5089449286460876,60,timeout,25,nondiff,Non-diff learned camera,checkpoint/2026-05-09-22-34-42/checkpoint0014.pth
glare,0.0,1.0,0.0,1.8204237222671509,0.6788160800933838,0.549612283706665,far_right,0.42125633358955383,0.39258521795272827,0.5021867156028748,26,collision,26,nondiff,Non-diff learned camera,checkpoint/2026-05-09-22-34-42/checkpoint0014.pth
glare,1.0,0.0,1.0,0.19264693558216095,0.6432378888130188,0.7424648404121399,far_right,0.4083889126777649,0.3676866590976715,0.5091552138328552,60,timeout,27,nondiff,Non-diff learned camera,checkpoint/2026-05-09-22-34-42/checkpoint0014.pth
glare,1.0,0.0,1.0,0.09465157240629196,0.623099148273468,0.7671634554862976,right,0.40730878710746765,0.36597952246665955,0.5094543099403381,60,timeout,28,nondiff,Non-diff learned camera,checkpoint/2026-05-09-22-34-42/checkpoint0014.pth
glare,1.0,0.0,1.0,0.2064300924539566,0.6006041765213013,0.7540919184684753,left,0.4073651134967804,0.36684706807136536,0.5092352628707886,60,timeout,29,nondiff,Non-diff learned camera,checkpoint/2026-05-09-22-34-42/checkpoint0014.pth
glare,0.0,1.0,0.0,1.807480812072754,0.6758366227149963,0.5281018614768982,far_right,0.4208534061908722,0.39086470007896423,0.5027061104774475,26,collision,30,nondiff,Non-diff learned camera,checkpoint/2026-05-09-22-34-42/checkpoint0014.pth
glare,0.0,1.0,0.0,1.7578319311141968,0.6801007986068726,0.5129243731498718,far_left,0.42156773805618286,0.39656203985214233,0.504090428352356,25,collision,31,nondiff,Non-diff learned camera,checkpoint/2026-05-09-22-34-42/checkpoint0014.pth
glare,1.0,0.0,1.0,0.2249571830034256,0.5878826379776001,0.7748312950134277,left,0.40693745017051697,0.366691917181015,0.5091458559036255,60,timeout,32,nondiff,Non-diff learned camera,checkpoint/2026-05-09-22-34-42/checkpoint0014.pth
glare,1.0,0.0,1.0,0.13126204907894135,0.6177448630332947,0.7674817442893982,left,0.409385085105896,0.369291216135025,0.5088602900505066,60,timeout,33,nondiff,Non-diff learned camera,checkpoint/2026-05-09-22-34-42/checkpoint0014.pth
glare,1.0,0.0,1.0,0.0934390053153038,0.632614254951477,0.7733169794082642,far_left,0.4091588854789734,0.3727897107601166,0.5080491304397583,60,timeout,34,nondiff,Non-diff learned camera,checkpoint/2026-05-09-22-34-42/checkpoint0014.pth
glare,1.0,0.0,1.0,0.19896996021270752,0.6385753154754639,0.7461467981338501,far_left,0.41533684730529785,0.3875335454940796,0.5063023567199707,60,timeout,35,nondiff,Non-diff learned camera,checkpoint/2026-05-09-22-34-42/checkpoint0014.pth
glare,1.0,0.0,1.0,0.20488861203193665,0.6138384938240051,0.7546730637550354,far_right,0.40834033489227295,0.3673803508281708,0.509225070476532,60,timeout,36,nondiff,Non-diff learned camera,checkpoint/2026-05-09-22-34-42/checkpoint0014.pth
glare,0.0,1.0,0.0,1.7862160205841064,0.6559740900993347,0.5369328856468201,far_left,0.43137916922569275,0.4205789566040039,0.5048791170120239,26,collision,37,nondiff,Non-diff learned camera,checkpoint/2026-05-09-22-34-42/checkpoint0014.pth
glare,1.0,0.0,1.0,0.2052803486585617,0.6435971856117249,0.7447410821914673,far_right,0.4080895185470581,0.36716538667678833,0.5092188715934753,60,timeout,38,nondiff,Non-diff learned camera,checkpoint/2026-05-09-22-34-42/checkpoint0014.pth
glare,0.0,1.0,0.0,1.756754755973816,0.6468814611434937,0.5091087818145752,far_left,0.42251288890838623,0.39911630749702454,0.5043471455574036,26,collision,39,nondiff,Non-diff learned camera,checkpoint/2026-05-09-22-34-42/checkpoint0014.pth
glare,1.0,0.0,1.0,0.1782951056957245,0.6678637266159058,0.7457176446914673,far_right,0.4088285565376282,0.3686109185218811,0.5089997053146362,60,timeout,40,nondiff,Non-diff learned camera,checkpoint/2026-05-09-22-34-42/checkpoint0014.pth
glare,0.0,1.0,0.0,1.8038270473480225,0.6712188720703125,0.5310184955596924,far_left,0.42888396978378296,0.4143904745578766,0.504910945892334,26,collision,41,nondiff,Non-diff learned camera,checkpoint/2026-05-09-22-34-42/checkpoint0014.pth
glare,1.0,0.0,1.0,0.1907445192337036,0.6011782288551331,0.7725260853767395,right,0.407543808221817,0.3664289712905884,0.5095104575157166,60,timeout,42,nondiff,Non-diff learned camera,checkpoint/2026-05-09-22-34-42/checkpoint0014.pth
glare,1.0,0.0,1.0,0.12172447144985199,0.6131485104560852,0.7694950699806213,left,0.4072205126285553,0.36704885959625244,0.509137749671936,60,timeout,43,nondiff,Non-diff learned camera,checkpoint/2026-05-09-22-34-42/checkpoint0014.pth
glare,0.0,1.0,0.0,1.7718170881271362,0.6834211349487305,0.5132100582122803,far_right,0.42050787806510925,0.3904002904891968,0.502768337726593,27,collision,44,nondiff,Non-diff learned camera,checkpoint/2026-05-09-22-34-42/checkpoint0014.pth
glare,0.0,1.0,0.0,1.7168868780136108,0.6987133026123047,0.4952368438243866,far_right,0.42009225487709045,0.38919708132743835,0.5031265020370483,27,collision,45,nondiff,Non-diff learned camera,checkpoint/2026-05-09-22-34-42/checkpoint0014.pth
glare,1.0,0.0,1.0,0.14008785784244537,0.6275621056556702,0.7601949572563171,right,0.4100160300731659,0.3689323663711548,0.5088739395141602,60,timeout,46,nondiff,Non-diff learned camera,checkpoint/2026-05-09-22-34-42/checkpoint0014.pth
glare,0.0,1.0,0.0,1.8250237703323364,0.6854552030563354,0.5469791889190674,far_right,0.42113783955574036,0.3921287953853607,0.5023747682571411,26,collision,47,nondiff,Non-diff learned camera,checkpoint/2026-05-09-22-34-42/checkpoint0014.pth
glare,0.0,1.0,0.0,1.7881661653518677,0.6857090592384338,0.5141027569770813,far_left,0.42342159152030945,0.4013136625289917,0.5040815472602844,24,collision,48,nondiff,Non-diff learned camera,checkpoint/2026-05-09-22-34-42/checkpoint0014.pth
glare,1.0,0.0,1.0,0.1992085576057434,0.6083126664161682,0.7727407217025757,right,0.40906015038490295,0.3680238723754883,0.5091097950935364,60,timeout,49,nondiff,Non-diff learned camera,checkpoint/2026-05-09-22-34-42/checkpoint0014.pth
glare,1.0,0.0,1.0,0.18158921599388123,0.6224724054336548,0.7714217305183411,far_left,0.4112250506877899,0.37857475876808167,0.5070184469223022,60,timeout,50,nondiff,Non-diff learned camera,checkpoint/2026-05-09-22-34-42/checkpoint0014.pth
glare,1.0,0.0,1.0,0.1642562597990036,0.66323322057724,0.7318190932273865,far_right,0.4093422591686249,0.36936843395233154,0.5088030099868774,60,timeout,51,nondiff,Non-diff learned camera,checkpoint/2026-05-09-22-34-42/checkpoint0014.pth
glare,0.0,1.0,0.0,1.817421317100525,0.6622227430343628,0.517051100730896,far_right,0.41988614201545715,0.38995009660720825,0.5028104782104492,29,collision,52,nondiff,Non-diff learned camera,checkpoint/2026-05-09-22-34-42/checkpoint0014.pth
glare,1.0,0.0,1.0,0.19632193446159363,0.6279172301292419,0.7529731392860413,far_left,0.41459229588508606,0.38673534989356995,0.5057973265647888,60,timeout,53,nondiff,Non-diff learned camera,checkpoint/2026-05-09-22-34-42/checkpoint0014.pth
glare,0.0,1.0,0.0,1.7390329837799072,0.6802780628204346,0.5104104280471802,left,0.4196099042892456,0.3909285366535187,0.5038853883743286,24,collision,54,nondiff,Non-diff learned camera,checkpoint/2026-05-09-22-34-42/checkpoint0014.pth
glare,1.0,0.0,1.0,0.14801202714443207,0.6441569328308105,0.7669825553894043,far_right,0.408464252948761,0.3678833842277527,0.509046733379364,60,timeout,55,nondiff,Non-diff learned camera,checkpoint/2026-05-09-22-34-42/checkpoint0014.pth
glare,1.0,0.0,1.0,0.1622801423072815,0.6037817597389221,0.7692611813545227,left,0.4087745249271393,0.3681516945362091,0.5090705156326294,60,timeout,56,nondiff,Non-diff learned camera,checkpoint/2026-05-09-22-34-42/checkpoint0014.pth
glare,1.0,0.0,1.0,0.1496753692626953,0.6321580410003662,0.7562886476516724,right,0.4081576466560364,0.3670814633369446,0.5092973113059998,60,timeout,57,nondiff,Non-diff learned camera,checkpoint/2026-05-09-22-34-42/checkpoint0014.pth
glare,0.0,1.0,0.0,1.5806012153625488,0.7036892771720886,0.4726455509662628,far_right,0.4193395674228668,0.3872867822647095,0.5036283731460571,28,collision,58,nondiff,Non-diff learned camera,checkpoint/2026-05-09-22-34-42/checkpoint0014.pth
glare,0.0,1.0,0.0,1.6949036121368408,0.683415412902832,0.4902886152267456,left,0.4196760058403015,0.3909282684326172,0.5040007829666138,25,collision,59,nondiff,Non-diff learned camera,checkpoint/2026-05-09-22-34-42/checkpoint0014.pth
glare,1.0,0.0,1.0,0.23876281082630157,0.597672700881958,0.7651403546333313,left,0.40771734714508057,0.3685414791107178,0.5086697936058044,60,timeout,60,nondiff,Non-diff learned camera,checkpoint/2026-05-09-22-34-42/checkpoint0014.pth
glare,0.0,1.0,0.0,1.826847791671753,0.6829514503479004,0.5708008408546448,far_left,0.4349728226661682,0.4289492964744568,0.5050875544548035,25,collision,61,nondiff,Non-diff learned camera,checkpoint/2026-05-09-22-34-42/checkpoint0014.pth
glare,1.0,0.0,1.0,0.25707483291625977,0.6313765645027161,0.7596306204795837,far_left,0.4182562828063965,0.3960755169391632,0.5049522519111633,60,timeout,62,nondiff,Non-diff learned camera,checkpoint/2026-05-09-22-34-42/checkpoint0014.pth
glare,1.0,0.0,1.0,0.18638120591640472,0.6063617467880249,0.7733627557754517,right,0.4069593548774719,0.36629927158355713,0.5093777775764465,60,timeout,63,nondiff,Non-diff learned camera,checkpoint/2026-05-09-22-34-42/checkpoint0014.pth
glare,1.0,0.0,1.0,0.17467528581619263,0.6255632042884827,0.7540943622589111,far_right,0.4082377851009369,0.3676512539386749,0.5091526508331299,60,timeout,64,nondiff,Non-diff learned camera,checkpoint/2026-05-09-22-34-42/checkpoint0014.pth
glare,1.0,0.0,1.0,0.24547886848449707,0.5834860801696777,0.7730903029441833,left,0.40894871950149536,0.36846208572387695,0.5090343952178955,60,timeout,65,nondiff,Non-diff learned camera,checkpoint/2026-05-09-22-34-42/checkpoint0014.pth
glare,0.0,1.0,0.0,1.7353466749191284,0.6916202306747437,0.500578761100769,far_left,0.42205625772476196,0.3979780375957489,0.5040003657341003,25,collision,66,nondiff,Non-diff learned camera,checkpoint/2026-05-09-22-34-42/checkpoint0014.pth
glare,0.0,1.0,0.0,1.6932059526443481,0.6602305769920349,0.48903143405914307,far_right,0.419607013463974,0.388028085231781,0.5034226179122925,28,collision,67,nondiff,Non-diff learned camera,checkpoint/2026-05-09-22-34-42/checkpoint0014.pth
glare,0.0,1.0,0.0,1.8018289804458618,0.6771665811538696,0.5523282289505005,far_left,0.43750670552253723,0.43343913555145264,0.504625141620636,27,collision,68,nondiff,Non-diff learned camera,checkpoint/2026-05-09-22-34-42/checkpoint0014.pth
glare,1.0,0.0,1.0,0.17566552758216858,0.600005030632019,0.7489511370658875,left,0.40816450119018555,0.36774611473083496,0.5090963840484619,60,timeout,69,nondiff,Non-diff learned camera,checkpoint/2026-05-09-22-34-42/checkpoint0014.pth
glare,1.0,0.0,1.0,0.0754098892211914,0.6215649247169495,0.7585455775260925,right,0.40740570425987244,0.36628803610801697,0.5094792246818542,60,timeout,70,nondiff,Non-diff learned camera,checkpoint/2026-05-09-22-34-42/checkpoint0014.pth
glare,1.0,0.0,1.0,0.12508361041545868,0.614652693271637,0.7695651054382324,right,0.4076758325099945,0.3671437203884125,0.5092095136642456,60,timeout,71,nondiff,Non-diff learned camera,checkpoint/2026-05-09-22-34-42/checkpoint0014.pth
glare,1.0,0.0,1.0,0.11716530472040176,0.6552125811576843,0.7437355518341064,far_right,0.40793898701667786,0.36679965257644653,0.5093068480491638,60,timeout,72,nondiff,Non-diff learned camera,checkpoint/2026-05-09-22-34-42/checkpoint0014.pth
glare,0.0,1.0,0.0,1.7859137058258057,0.6747511625289917,0.5287482738494873,far_left,0.4281289577484131,0.41233545541763306,0.5047258138656616,25,collision,73,nondiff,Non-diff learned camera,checkpoint/2026-05-09-22-34-42/checkpoint0014.pth
glare,1.0,0.0,1.0,0.12993095815181732,0.6024295091629028,0.7661458849906921,left,0.40695539116859436,0.36617568135261536,0.5092557668685913,60,timeout,74,nondiff,Non-diff learned camera,checkpoint/2026-05-09-22-34-42/checkpoint0014.pth
glare,0.0,1.0,0.0,1.8454951047897339,0.6656780242919922,0.571715235710144,far_left,0.4354402422904968,0.4295456111431122,0.5050414204597473,24,collision,75,nondiff,Non-diff learned camera,checkpoint/2026-05-09-22-34-42/checkpoint0014.pth
glare,1.0,0.0,1.0,0.22510772943496704,0.6066888570785522,0.7634115219116211,far_left,0.41056591272354126,0.37385988235473633,0.5080548524856567,60,timeout,76,nondiff,Non-diff learned camera,checkpoint/2026-05-09-22-34-42/checkpoint0014.pth
glare,1.0,0.0,1.0,0.18582198023796082,0.6094686985015869,0.7615692615509033,right,0.4073023200035095,0.365977942943573,0.5094709396362305,60,timeout,77,nondiff,Non-diff learned camera,checkpoint/2026-05-09-22-34-42/checkpoint0014.pth
glare,0.0,1.0,0.0,1.7224360704421997,0.6932072043418884,0.4998900592327118,far_right,0.420205682516098,0.3890097737312317,0.5032432079315186,26,collision,78,nondiff,Non-diff learned camera,checkpoint/2026-05-09-22-34-42/checkpoint0014.pth
glare,1.0,0.0,1.0,0.15424084663391113,0.6607369184494019,0.7538121938705444,far_right,0.40856796503067017,0.36806419491767883,0.5091136693954468,60,timeout,79,nondiff,Non-diff learned camera,checkpoint/2026-05-09-22-34-42/checkpoint0014.pth
glare,1.0,0.0,1.0,0.16803967952728271,0.5941020250320435,0.7765456438064575,left,0.40821918845176697,0.36762022972106934,0.5092043876647949,60,timeout,80,nondiff,Non-diff learned camera,checkpoint/2026-05-09-22-34-42/checkpoint0014.pth
glare,0.0,1.0,0.0,1.6744173765182495,0.6803410053253174,0.49866175651550293,right,0.41990774869918823,0.3879711329936981,0.503971517086029,25,collision,81,nondiff,Non-diff learned camera,checkpoint/2026-05-09-22-34-42/checkpoint0014.pth
glare,1.0,0.0,1.0,0.23572278022766113,0.6164658069610596,0.7553964257240295,far_left,0.40962517261505127,0.37340542674064636,0.5077888369560242,60,timeout,82,nondiff,Non-diff learned camera,checkpoint/2026-05-09-22-34-42/checkpoint0014.pth
glare,0.0,1.0,0.0,1.8131303787231445,0.6401016116142273,0.5504919290542603,far_left,0.4299137592315674,0.41689810156822205,0.5050176382064819,25,collision,83,nondiff,Non-diff learned camera,checkpoint/2026-05-09-22-34-42/checkpoint0014.pth
glare,0.0,1.0,0.0,1.8453397750854492,0.6824643611907959,0.5721527934074402,far_left,0.43694213032722473,0.4328262209892273,0.5048322677612305,26,collision,84,nondiff,Non-diff learned camera,checkpoint/2026-05-09-22-34-42/checkpoint0014.pth
glare,1.0,0.0,1.0,0.163278266787529,0.6076412796974182,0.7503400444984436,left,0.407309353351593,0.36667120456695557,0.5090726017951965,60,timeout,85,nondiff,Non-diff learned camera,checkpoint/2026-05-09-22-34-42/checkpoint0014.pth
glare,1.0,0.0,1.0,0.10451522469520569,0.6330208778381348,0.7690466046333313,far_right,0.4076283276081085,0.3666194975376129,0.5093685984611511,60,timeout,86,nondiff,Non-diff learned camera,checkpoint/2026-05-09-22-34-42/checkpoint0014.pth
glare,0.0,1.0,0.0,1.6786766052246094,0.7059562802314758,0.49732035398483276,left,0.4204151928424835,0.39284446835517883,0.503938615322113,24,collision,87,nondiff,Non-diff learned camera,checkpoint/2026-05-09-22-34-42/checkpoint0014.pth
glare,1.0,0.0,1.0,0.155203714966774,0.6269627213478088,0.7638985514640808,left,0.4078059494495392,0.3690139353275299,0.5084256529808044,60,timeout,88,nondiff,Non-diff learned camera,checkpoint/2026-05-09-22-34-42/checkpoint0014.pth
glare,1.0,0.0,1.0,0.20083265006542206,0.6186909079551697,0.7536145448684692,far_right,0.40932485461235046,0.36901596188545227,0.5087931156158447,60,timeout,89,nondiff,Non-diff learned camera,checkpoint/2026-05-09-22-34-42/checkpoint0014.pth
glare,0.0,1.0,0.0,1.8261240720748901,0.6657666563987732,0.537175714969635,far_left,0.4303606152534485,0.418122261762619,0.5049646496772766,25,collision,90,nondiff,Non-diff learned camera,checkpoint/2026-05-09-22-34-42/checkpoint0014.pth
glare,1.0,0.0,1.0,0.08142857998609543,0.6417726278305054,0.7652392387390137,far_left,0.4097082316875458,0.3744979798793793,0.5074493885040283,60,timeout,91,nondiff,Non-diff learned camera,checkpoint/2026-05-09-22-34-42/checkpoint0014.pth
glare,1.0,0.0,1.0,0.1468765288591385,0.6090749502182007,0.7714313864707947,left,0.4087945520877838,0.36820176243782043,0.5090465545654297,60,timeout,92,nondiff,Non-diff learned camera,checkpoint/2026-05-09-22-34-42/checkpoint0014.pth
glare,0.0,1.0,0.0,1.8315988779067993,0.6609119772911072,0.5302141308784485,far_right,0.42059075832366943,0.3909168243408203,0.5026863813400269,26,collision,93,nondiff,Non-diff learned camera,checkpoint/2026-05-09-22-34-42/checkpoint0014.pth
glare,1.0,0.0,1.0,0.1720481961965561,0.6157734394073486,0.7649474143981934,left,0.408235639333725,0.36853572726249695,0.5089768767356873,60,timeout,94,nondiff,Non-diff learned camera,checkpoint/2026-05-09-22-34-42/checkpoint0014.pth
glare,1.0,0.0,1.0,0.16003353893756866,0.6136645674705505,0.7625724077224731,right,0.4074264168739319,0.36612188816070557,0.5094994306564331,60,timeout,95,nondiff,Non-diff learned camera,checkpoint/2026-05-09-22-34-42/checkpoint0014.pth
glare,0.0,1.0,0.0,1.7134528160095215,0.7044403553009033,0.5093057751655579,far_right,0.4197770655155182,0.38954511284828186,0.5029702186584473,29,collision,96,nondiff,Non-diff learned camera,checkpoint/2026-05-09-22-34-42/checkpoint0014.pth
glare,1.0,0.0,1.0,0.04208385944366455,0.6356745958328247,0.7761237025260925,right,0.407015323638916,0.3660002052783966,0.509548544883728,60,timeout,97,nondiff,Non-diff learned camera,checkpoint/2026-05-09-22-34-42/checkpoint0014.pth
glare,1.0,0.0,1.0,0.21364876627922058,0.6215116381645203,0.755350649356842,far_right,0.40837562084198,0.36753129959106445,0.5091871619224548,60,timeout,98,nondiff,Non-diff learned camera,checkpoint/2026-05-09-22-34-42/checkpoint0014.pth
glare,1.0,0.0,1.0,0.2423815131187439,0.6382479667663574,0.735710859298706,far_right,0.4084402918815613,0.3677900731563568,0.509113609790802,60,timeout,99,nondiff,Non-diff learned camera,checkpoint/2026-05-09-22-34-42/checkpoint0014.pth
glare,0.0,1.0,0.0,1.8093822002410889,0.6424651145935059,0.5363946557044983,far_left,0.4267003536224365,0.40914979577064514,0.504848837852478,26,collision,100,nondiff,Non-diff learned camera,checkpoint/2026-05-09-22-34-42/checkpoint0014.pth
glare,1.0,0.0,1.0,0.1225656196475029,0.6238641142845154,0.7548611164093018,right,0.4075850248336792,0.3663041591644287,0.5094051361083984,60,timeout,101,nondiff,Non-diff learned camera,checkpoint/2026-05-09-22-34-42/checkpoint0014.pth
glare,1.0,0.0,1.0,0.22093838453292847,0.6351239681243896,0.7445891499519348,far_right,0.40900638699531555,0.36823973059654236,0.5089693069458008,60,timeout,102,nondiff,Non-diff learned camera,checkpoint/2026-05-09-22-34-42/checkpoint0014.pth
glare,0.0,1.0,0.0,1.7325109243392944,0.6702794432640076,0.5096511244773865,far_left,0.42393288016319275,0.4028767943382263,0.5045515298843384,25,collision,103,nondiff,Non-diff learned camera,checkpoint/2026-05-09-22-34-42/checkpoint0014.pth
glare,1.0,0.0,1.0,0.10595228523015976,0.6252409815788269,0.7650632858276367,right,0.4074319303035736,0.3661952018737793,0.5094059109687805,60,timeout,104,nondiff,Non-diff learned camera,checkpoint/2026-05-09-22-34-42/checkpoint0014.pth
glare,0.0,1.0,0.0,1.8521584272384644,0.6819956302642822,0.5634180903434753,far_left,0.4373987913131714,0.433395653963089,0.5046464800834656,27,collision,105,nondiff,Non-diff learned camera,checkpoint/2026-05-09-22-34-42/checkpoint0014.pth
glare,0.0,1.0,0.0,1.6909226179122925,0.6595913767814636,0.5055381655693054,far_left,0.42263445258140564,0.3993377685546875,0.5042386054992676,26,collision,106,nondiff,Non-diff learned camera,checkpoint/2026-05-09-22-34-42/checkpoint0014.pth
glare,1.0,0.0,1.0,0.17535512149333954,0.6101296544075012,0.7797911763191223,left,0.4072733223438263,0.3676486015319824,0.5089668035507202,60,timeout,107,nondiff,Non-diff learned camera,checkpoint/2026-05-09-22-34-42/checkpoint0014.pth
glare,1.0,0.0,1.0,0.04770323261618614,0.6507620811462402,0.7639491558074951,right,0.40832948684692383,0.3672572076320648,0.5092248320579529,60,timeout,108,nondiff,Non-diff learned camera,checkpoint/2026-05-09-22-34-42/checkpoint0014.pth
glare,1.0,0.0,1.0,0.25307655334472656,0.6436672806739807,0.7537327408790588,far_left,0.42028307914733887,0.4003135859966278,0.505085289478302,60,timeout,109,nondiff,Non-diff learned camera,checkpoint/2026-05-09-22-34-42/checkpoint0014.pth
glare,1.0,0.0,1.0,0.1729893982410431,0.6371331214904785,0.7588782906532288,far_right,0.40782231092453003,0.36677712202072144,0.5093338489532471,60,timeout,110,nondiff,Non-diff learned camera,checkpoint/2026-05-09-22-34-42/checkpoint0014.pth
glare,1.0,0.0,1.0,0.0938401147723198,0.6216458678245544,0.7733362317085266,right,0.40730205178260803,0.3665151596069336,0.5094289779663086,60,timeout,111,nondiff,Non-diff learned camera,checkpoint/2026-05-09-22-34-42/checkpoint0014.pth
glare,0.0,1.0,0.0,1.784231424331665,0.6797217726707458,0.5247710347175598,far_left,0.42231810092926025,0.39857780933380127,0.5040847063064575,24,collision,112,nondiff,Non-diff learned camera,checkpoint/2026-05-09-22-34-42/checkpoint0014.pth
glare,0.0,1.0,0.0,1.5706603527069092,0.7271162867546082,0.4747299551963806,left,0.4190654158592224,0.3882776200771332,0.5041295289993286,25,collision,113,nondiff,Non-diff learned camera,checkpoint/2026-05-09-22-34-42/checkpoint0014.pth
glare,1.0,0.0,1.0,0.2638159692287445,0.6232285499572754,0.7543812990188599,far_right,0.4099218547344208,0.3696293830871582,0.5085639953613281,60,timeout,114,nondiff,Non-diff learned camera,checkpoint/2026-05-09-22-34-42/checkpoint0014.pth
glare,0.0,1.0,0.0,1.5102264881134033,0.6914030313491821,0.4589482247829437,far_left,0.42291247844696045,0.39971402287483215,0.5040480494499207,29,collision,115,nondiff,Non-diff learned camera,checkpoint/2026-05-09-22-34-42/checkpoint0014.pth
glare,0.0,1.0,0.0,1.7564802169799805,0.6830188035964966,0.5196369886398315,far_right,0.42028653621673584,0.38972386717796326,0.503020703792572,27,collision,116,nondiff,Non-diff learned camera,checkpoint/2026-05-09-22-34-42/checkpoint0014.pth
glare,0.0,1.0,0.0,1.8328185081481934,0.6503016352653503,0.549699068069458,far_left,0.4315789043903351,0.42113351821899414,0.504983127117157,26,collision,117,nondiff,Non-diff learned camera,checkpoint/2026-05-09-22-34-42/checkpoint0014.pth
glare,1.0,0.0,1.0,0.19711020588874817,0.5932438969612122,0.7775681018829346,left,0.4075537919998169,0.36755552887916565,0.5091228485107422,60,timeout,118,nondiff,Non-diff learned camera,checkpoint/2026-05-09-22-34-42/checkpoint0014.pth
glare,1.0,0.0,1.0,0.17025242745876312,0.6145626306533813,0.7721548080444336,left,0.40755191445350647,0.36707624793052673,0.5093157887458801,60,timeout,119,nondiff,Non-diff learned camera,checkpoint/2026-05-09-22-34-42/checkpoint0014.pth
glare,0.0,1.0,0.0,1.6020134687423706,0.7090365290641785,0.4642047882080078,left,0.4191147983074188,0.38885366916656494,0.5041841864585876,25,collision,120,nondiff,Non-diff learned camera,checkpoint/2026-05-09-22-34-42/checkpoint0014.pth
glare,1.0,0.0,1.0,0.1600887030363083,0.6128644347190857,0.7627725601196289,right,0.40936514735221863,0.36843329668045044,0.5089738965034485,60,timeout,121,nondiff,Non-diff learned camera,checkpoint/2026-05-09-22-34-42/checkpoint0014.pth
glare,1.0,0.0,1.0,0.09214241057634354,0.6242344379425049,0.7689887285232544,right,0.40722379088401794,0.3659992218017578,0.509552538394928,60,timeout,122,nondiff,Non-diff learned camera,checkpoint/2026-05-09-22-34-42/checkpoint0014.pth
glare,0.0,1.0,0.0,1.8419195413589478,0.6532560586929321,0.5674883723258972,far_right,0.4212193191051483,0.39194801449775696,0.5023540258407593,26,collision,123,nondiff,Non-diff learned camera,checkpoint/2026-05-09-22-34-42/checkpoint0014.pth
glare,0.0,1.0,0.0,1.8023394346237183,0.6790727376937866,0.5814698934555054,far_right,0.4213729798793793,0.39281797409057617,0.5020833611488342,26,collision,124,nondiff,Non-diff learned camera,checkpoint/2026-05-09-22-34-42/checkpoint0014.pth
glare,0.0,1.0,0.0,1.7944310903549194,0.6884480714797974,0.5473480224609375,far_left,0.4361388385295868,0.4310346245765686,0.5046834349632263,27,collision,125,nondiff,Non-diff learned camera,checkpoint/2026-05-09-22-34-42/checkpoint0014.pth
glare,1.0,0.0,1.0,0.12122872471809387,0.6297997832298279,0.7531540393829346,right,0.40825334191322327,0.3671863079071045,0.5092887878417969,60,timeout,126,nondiff,Non-diff learned camera,checkpoint/2026-05-09-22-34-42/checkpoint0014.pth
glare,1.0,0.0,1.0,0.13314618170261383,0.6048770546913147,0.7630618810653687,left,0.4072338342666626,0.3667142391204834,0.5092800259590149,60,timeout,127,nondiff,Non-diff learned camera,checkpoint/2026-05-09-22-34-42/checkpoint0014.pth
glare,1.0,0.0,1.0,0.09998472034931183,0.6352359056472778,0.7614535689353943,right,0.40754029154777527,0.36666858196258545,0.5094043016433716,60,timeout,128,nondiff,Non-diff learned camera,checkpoint/2026-05-09-22-34-42/checkpoint0014.pth
glare,1.0,0.0,1.0,0.11594554781913757,0.6003497838973999,0.771952211856842,right,0.4075331389904022,0.36687663197517395,0.5094512104988098,60,timeout,129,nondiff,Non-diff learned camera,checkpoint/2026-05-09-22-34-42/checkpoint0014.pth
glare,1.0,0.0,1.0,0.16497154533863068,0.6501032710075378,0.7595100998878479,far_left,0.4162377119064331,0.3909831941127777,0.5058272480964661,60,timeout,130,nondiff,Non-diff learned camera,checkpoint/2026-05-09-22-34-42/checkpoint0014.pth
glare,0.0,1.0,0.0,1.754307508468628,0.6960344314575195,0.5153778791427612,far_left,0.42687857151031494,0.40937066078186035,0.5048381686210632,25,collision,131,nondiff,Non-diff learned camera,checkpoint/2026-05-09-22-34-42/checkpoint0014.pth
glare,1.0,0.0,1.0,0.13942037522792816,0.6181314587593079,0.777765691280365,left,0.4086831212043762,0.36875635385513306,0.5090141892433167,60,timeout,132,nondiff,Non-diff learned camera,checkpoint/2026-05-09-22-34-42/checkpoint0014.pth
glare,1.0,0.0,1.0,0.1677505522966385,0.6203964948654175,0.7689067721366882,far_right,0.40744441747665405,0.36608076095581055,0.5094518661499023,60,timeout,133,nondiff,Non-diff learned camera,checkpoint/2026-05-09-22-34-42/checkpoint0014.pth
glare,1.0,0.0,1.0,0.16851182281970978,0.6109511256217957,0.7656853199005127,left,0.40767234563827515,0.3672698438167572,0.5092414021492004,60,timeout,134,nondiff,Non-diff learned camera,checkpoint/2026-05-09-22-34-42/checkpoint0014.pth
glare,0.0,1.0,0.0,1.7768216133117676,0.6760813593864441,0.5079455971717834,far_right,0.42064329981803894,0.3903152644634247,0.502811074256897,26,collision,135,nondiff,Non-diff learned camera,checkpoint/2026-05-09-22-34-42/checkpoint0014.pth
glare,1.0,0.0,1.0,0.16937890648841858,0.5894400477409363,0.7849248647689819,right,0.40696191787719727,0.36572298407554626,0.5096502304077148,60,timeout,136,nondiff,Non-diff learned camera,checkpoint/2026-05-09-22-34-42/checkpoint0014.pth
glare,0.0,1.0,0.0,1.8428033590316772,0.623365581035614,0.5599062442779541,far_left,0.437420517206192,0.4337726831436157,0.5044410824775696,29,collision,137,nondiff,Non-diff learned camera,checkpoint/2026-05-09-22-34-42/checkpoint0014.pth
glare,1.0,0.0,1.0,0.18253232538700104,0.6441454887390137,0.7365596294403076,far_right,0.4090304374694824,0.3684006631374359,0.5089273452758789,60,timeout,138,nondiff,Non-diff learned camera,checkpoint/2026-05-09-22-34-42/checkpoint0014.pth
glare,0.0,1.0,0.0,1.7411235570907593,0.6366395354270935,0.5034834146499634,far_left,0.4215332269668579,0.3966187834739685,0.5043954849243164,27,collision,139,nondiff,Non-diff learned camera,checkpoint/2026-05-09-22-34-42/checkpoint0014.pth
glare,0.0,1.0,0.0,1.7542246580123901,0.6794139742851257,0.5111822485923767,far_left,0.4240858554840088,0.40313729643821716,0.5045151114463806,25,collision,140,nondiff,Non-diff learned camera,checkpoint/2026-05-09-22-34-42/checkpoint0014.pth
glare,1.0,0.0,1.0,0.11209321022033691,0.6561774015426636,0.7250072956085205,far_right,0.40869733691215515,0.36788609623908997,0.5089985728263855,60,timeout,141,nondiff,Non-diff learned camera,checkpoint/2026-05-09-22-34-42/checkpoint0014.pth
glare,1.0,0.0,1.0,0.1932867020368576,0.6099410057067871,0.7689911127090454,far_left,0.40995630621910095,0.37514254450798035,0.5073191523551941,60,timeout,142,nondiff,Non-diff learned camera,checkpoint/2026-05-09-22-34-42/checkpoint0014.pth
glare,1.0,0.0,1.0,0.1322658210992813,0.6283556818962097,0.7697120904922485,right,0.4077085852622986,0.3666718304157257,0.5094842314720154,60,timeout,143,nondiff,Non-diff learned camera,checkpoint/2026-05-09-22-34-42/checkpoint0014.pth
glare,1.0,0.0,1.0,0.12374698370695114,0.6067293882369995,0.7743417620658875,right,0.4103730618953705,0.3692835569381714,0.5088155269622803,60,timeout,144,nondiff,Non-diff learned camera,checkpoint/2026-05-09-22-34-42/checkpoint0014.pth
glare,1.0,0.0,1.0,0.1046237051486969,0.6185532212257385,0.7887032628059387,left,0.4079960584640503,0.3673684597015381,0.5093317031860352,60,timeout,145,nondiff,Non-diff learned camera,checkpoint/2026-05-09-22-34-42/checkpoint0014.pth
glare,1.0,0.0,1.0,0.13450442254543304,0.6100854277610779,0.7921175956726074,right,0.4067634046077728,0.3653346002101898,0.509702742099762,60,timeout,146,nondiff,Non-diff learned camera,checkpoint/2026-05-09-22-34-42/checkpoint0014.pth
glare,1.0,0.0,1.0,0.07274182885885239,0.6277309656143188,0.7685137987136841,left,0.4087054431438446,0.37073349952697754,0.5084609985351562,60,timeout,147,nondiff,Non-diff learned camera,checkpoint/2026-05-09-22-34-42/checkpoint0014.pth
glare,1.0,0.0,1.0,0.19410593807697296,0.6558995842933655,0.7460986375808716,far_right,0.40846097469329834,0.3679795265197754,0.5091176629066467,60,timeout,148,nondiff,Non-diff learned camera,checkpoint/2026-05-09-22-34-42/checkpoint0014.pth
glare,1.0,0.0,1.0,0.2497357279062271,0.591640830039978,0.7512152791023254,left,0.40760740637779236,0.36782318353652954,0.5087797045707703,60,timeout,149,nondiff,Non-diff learned camera,checkpoint/2026-05-09-22-34-42/checkpoint0014.pth
glare,1.0,0.0,1.0,0.17616313695907593,0.6053945422172546,0.7566189169883728,left,0.40828582644462585,0.3682651221752167,0.5090452432632446,60,timeout,150,nondiff,Non-diff learned camera,checkpoint/2026-05-09-22-34-42/checkpoint0014.pth
glare,1.0,0.0,1.0,0.1964692771434784,0.6508978009223938,0.743188202381134,far_left,0.419606477022171,0.39905911684036255,0.5043722987174988,60,timeout,151,nondiff,Non-diff learned camera,checkpoint/2026-05-09-22-34-42/checkpoint0014.pth
glare,1.0,0.0,1.0,0.13268212974071503,0.627384603023529,0.759010910987854,left,0.40725743770599365,0.3670022487640381,0.5090847015380859,60,timeout,152,nondiff,Non-diff learned camera,checkpoint/2026-05-09-22-34-42/checkpoint0014.pth
glare,0.0,1.0,0.0,1.7889106273651123,0.6864551305770874,0.5772087574005127,far_left,0.4353306293487549,0.42936989665031433,0.5049116611480713,25,collision,153,nondiff,Non-diff learned camera,checkpoint/2026-05-09-22-34-42/checkpoint0014.pth
glare,0.0,1.0,0.0,1.4765745401382446,0.715168297290802,0.46078169345855713,left,0.4182797074317932,0.3871353268623352,0.5044775009155273,27,collision,154,nondiff,Non-diff learned camera,checkpoint/2026-05-09-22-34-42/checkpoint0014.pth
glare,0.0,1.0,0.0,1.7259831428527832,0.6735855937004089,0.5065733194351196,left,0.41976580023765564,0.3911050856113434,0.5038650631904602,24,collision,155,nondiff,Non-diff learned camera,checkpoint/2026-05-09-22-34-42/checkpoint0014.pth
glare,1.0,0.0,1.0,0.06814537942409515,0.6320288777351379,0.7541353702545166,left,0.40751713514328003,0.3677082359790802,0.5089017748832703,60,timeout,156,nondiff,Non-diff learned camera,checkpoint/2026-05-09-22-34-42/checkpoint0014.pth
glare,1.0,0.0,1.0,0.1456567347049713,0.60578852891922,0.7742429375648499,right,0.40901681780815125,0.3682035505771637,0.509121835231781,60,timeout,157,nondiff,Non-diff learned camera,checkpoint/2026-05-09-22-34-42/checkpoint0014.pth
glare,0.0,1.0,0.0,1.8277760744094849,0.6213112473487854,0.5413987040519714,far_left,0.43283647298812866,0.4240228831768036,0.504585325717926,28,collision,158,nondiff,Non-diff learned camera,checkpoint/2026-05-09-22-34-42/checkpoint0014.pth
glare,0.0,1.0,0.0,1.699272871017456,0.6855267882347107,0.5080323815345764,far_right,0.41998597979545593,0.3882923722267151,0.5035436153411865,26,collision,159,nondiff,Non-diff learned camera,checkpoint/2026-05-09-22-34-42/checkpoint0014.pth
glare,0.0,1.0,0.0,1.6408716440200806,0.7219977378845215,0.4854058623313904,left,0.41935381293296814,0.3899674117565155,0.5042343139648438,25,collision,160,nondiff,Non-diff learned camera,checkpoint/2026-05-09-22-34-42/checkpoint0014.pth
glare,1.0,0.0,1.0,0.16368351876735687,0.6084736585617065,0.7631462216377258,right,0.40874534845352173,0.36787277460098267,0.5090612769126892,60,timeout,161,nondiff,Non-diff learned camera,checkpoint/2026-05-09-22-34-42/checkpoint0014.pth
glare,1.0,0.0,1.0,0.17180554568767548,0.604949414730072,0.7631220817565918,left,0.40787646174430847,0.367390513420105,0.5092440843582153,60,timeout,162,nondiff,Non-diff learned camera,checkpoint/2026-05-09-22-34-42/checkpoint0014.pth
glare,1.0,0.0,1.0,0.07990952581167221,0.6258882880210876,0.7701750993728638,right,0.4070483148097992,0.36589834094047546,0.5094995498657227,60,timeout,163,nondiff,Non-diff learned camera,checkpoint/2026-05-09-22-34-42/checkpoint0014.pth
glare,0.0,1.0,0.0,1.5729981660842896,0.7496657967567444,0.4959213137626648,far_left,0.4304334223270416,0.41740554571151733,0.5044375658035278,27,collision,164,nondiff,Non-diff learned camera,checkpoint/2026-05-09-22-34-42/checkpoint0014.pth
glare,0.0,1.0,0.0,1.7336828708648682,0.674221932888031,0.5044097304344177,far_left,0.4241796135902405,0.4032403528690338,0.5044342279434204,26,collision,165,nondiff,Non-diff learned camera,checkpoint/2026-05-09-22-34-42/checkpoint0014.pth
glare,0.0,1.0,0.0,1.82918119430542,0.6698908805847168,0.565983772277832,far_left,0.4361463487148285,0.4313969016075134,0.5049915313720703,26,collision,166,nondiff,Non-diff learned camera,checkpoint/2026-05-09-22-34-42/checkpoint0014.pth
glare,0.0,1.0,0.0,1.7026894092559814,0.6966915130615234,0.4928385615348816,far_right,0.42060884833335876,0.3896598517894745,0.5031737089157104,25,collision,167,nondiff,Non-diff learned camera,checkpoint/2026-05-09-22-34-42/checkpoint0014.pth
glare,0.0,1.0,0.0,1.7606370449066162,0.6629545092582703,0.5114628076553345,far_right,0.420171856880188,0.3896997272968292,0.5030204057693481,27,collision,168,nondiff,Non-diff learned camera,checkpoint/2026-05-09-22-34-42/checkpoint0014.pth
glare,0.0,1.0,0.0,1.7701165676116943,0.6443309783935547,0.5211227536201477,far_left,0.42883726954460144,0.4140716791152954,0.5047639012336731,27,collision,169,nondiff,Non-diff learned camera,checkpoint/2026-05-09-22-34-42/checkpoint0014.pth
glare,1.0,0.0,1.0,0.04938189312815666,0.6276431083679199,0.7685306072235107,right,0.4079025089740753,0.3672100305557251,0.5093242526054382,60,timeout,170,nondiff,Non-diff learned camera,checkpoint/2026-05-09-22-34-42/checkpoint0014.pth
glare,1.0,0.0,1.0,0.1334715038537979,0.612637460231781,0.7527561187744141,right,0.40753528475761414,0.36688661575317383,0.5092026591300964,60,timeout,171,nondiff,Non-diff learned camera,checkpoint/2026-05-09-22-34-42/checkpoint0014.pth
glare,1.0,0.0,1.0,0.15008386969566345,0.6075552701950073,0.754767119884491,right,0.4076824486255646,0.3665776252746582,0.5093588829040527,60,timeout,172,nondiff,Non-diff learned camera,checkpoint/2026-05-09-22-34-42/checkpoint0014.pth
glare,1.0,0.0,1.0,0.09879837930202484,0.6356137990951538,0.7731699347496033,left,0.4099295735359192,0.37010639905929565,0.5086376667022705,60,timeout,173,nondiff,Non-diff learned camera,checkpoint/2026-05-09-22-34-42/checkpoint0014.pth
glare,1.0,0.0,1.0,0.21038365364074707,0.6582708954811096,0.7208887934684753,far_right,0.41001513600349426,0.37028416991233826,0.5084705352783203,60,timeout,174,nondiff,Non-diff learned camera,checkpoint/2026-05-09-22-34-42/checkpoint0014.pth
glare,0.0,1.0,0.0,1.5401923656463623,0.7067222595214844,0.4642997682094574,left,0.418783038854599,0.38710615038871765,0.5042446851730347,26,collision,175,nondiff,Non-diff learned camera,checkpoint/2026-05-09-22-34-42/checkpoint0014.pth
glare,0.0,1.0,0.0,1.8022552728652954,0.6597396731376648,0.5387973189353943,far_left,0.42672452330589294,0.40925097465515137,0.5049716830253601,25,collision,176,nondiff,Non-diff learned camera,checkpoint/2026-05-09-22-34-42/checkpoint0014.pth
glare,1.0,0.0,1.0,0.12929826974868774,0.6214845180511475,0.7725188136100769,right,0.40784952044487,0.3667612075805664,0.5094542503356934,60,timeout,177,nondiff,Non-diff learned camera,checkpoint/2026-05-09-22-34-42/checkpoint0014.pth
glare,0.0,1.0,0.0,1.741410255432129,0.7170634865760803,0.506226658821106,far_left,0.4317571222782135,0.42122605443000793,0.5048534274101257,27,collision,178,nondiff,Non-diff learned camera,checkpoint/2026-05-09-22-34-42/checkpoint0014.pth
glare,0.0,1.0,0.0,1.7059518098831177,0.6947261691093445,0.5045934915542603,far_left,0.42357921600341797,0.40173619985580444,0.5043303370475769,25,collision,179,nondiff,Non-diff learned camera,checkpoint/2026-05-09-22-34-42/checkpoint0014.pth
glare,1.0,0.0,1.0,0.18411928415298462,0.6334927082061768,0.7533830404281616,far_left,0.41118723154067993,0.3780118227005005,0.506727933883667,60,timeout,180,nondiff,Non-diff learned camera,checkpoint/2026-05-09-22-34-42/checkpoint0014.pth
glare,0.0,1.0,0.0,1.8048404455184937,0.6746924519538879,0.530754804611206,far_right,0.42056459188461304,0.390794962644577,0.5026560425758362,27,collision,181,nondiff,Non-diff learned camera,checkpoint/2026-05-09-22-34-42/checkpoint0014.pth
glare,1.0,0.0,1.0,0.09272300451993942,0.6109386682510376,0.772234320640564,right,0.4072955846786499,0.3665180206298828,0.5094403624534607,60,timeout,182,nondiff,Non-diff learned camera,checkpoint/2026-05-09-22-34-42/checkpoint0014.pth
glare,1.0,0.0,1.0,0.151556596159935,0.645819902420044,0.7610267400741577,far_right,0.4089912176132202,0.3684304654598236,0.508902907371521,60,timeout,183,nondiff,Non-diff learned camera,checkpoint/2026-05-09-22-34-42/checkpoint0014.pth
glare,0.0,1.0,0.0,1.8515043258666992,0.6590756773948669,0.5679866075515747,far_right,0.4209352135658264,0.3917812407016754,0.502303421497345,27,collision,184,nondiff,Non-diff learned camera,checkpoint/2026-05-09-22-34-42/checkpoint0014.pth
glare,0.0,1.0,0.0,1.8653794527053833,0.6797472834587097,0.6020327806472778,far_right,0.4219912886619568,0.39496946334838867,0.5015589594841003,25,collision,185,nondiff,Non-diff learned camera,checkpoint/2026-05-09-22-34-42/checkpoint0014.pth
glare,0.0,1.0,0.0,1.6686385869979858,0.6873065829277039,0.4909517467021942,left,0.4192540645599365,0.3899533748626709,0.5040782690048218,25,collision,186,nondiff,Non-diff learned camera,checkpoint/2026-05-09-22-34-42/checkpoint0014.pth
glare,1.0,0.0,1.0,0.16086174547672272,0.6083386540412903,0.7567660212516785,left,0.4077245891094208,0.36821648478507996,0.5086901187896729,60,timeout,187,nondiff,Non-diff learned camera,checkpoint/2026-05-09-22-34-42/checkpoint0014.pth
glare,0.0,1.0,0.0,1.8229761123657227,0.6486067771911621,0.5394386053085327,far_left,0.4318024218082428,0.4214197099208832,0.505012035369873,26,collision,188,nondiff,Non-diff learned camera,checkpoint/2026-05-09-22-34-42/checkpoint0014.pth
glare,1.0,0.0,1.0,0.24380697309970856,0.595405638217926,0.781867265701294,right,0.4081976115703583,0.36716893315315247,0.5093612670898438,60,timeout,189,nondiff,Non-diff learned camera,checkpoint/2026-05-09-22-34-42/checkpoint0014.pth
glare,1.0,0.0,1.0,0.09816180169582367,0.6320865750312805,0.7623240351676941,right,0.407937616109848,0.36713340878486633,0.5092908143997192,60,timeout,190,nondiff,Non-diff learned camera,checkpoint/2026-05-09-22-34-42/checkpoint0014.pth
glare,0.0,1.0,0.0,1.7306910753250122,0.6764063835144043,0.5041319131851196,far_left,0.4217527210712433,0.3970177471637726,0.5043236613273621,26,collision,191,nondiff,Non-diff learned camera,checkpoint/2026-05-09-22-34-42/checkpoint0014.pth
glare,1.0,0.0,1.0,0.04653964564204216,0.6365994811058044,0.7728443741798401,right,0.4093492031097412,0.3683689534664154,0.5090761780738831,60,timeout,192,nondiff,Non-diff learned camera,checkpoint/2026-05-09-22-34-42/checkpoint0014.pth
glare,0.0,1.0,0.0,1.7477856874465942,0.6879878640174866,0.5032523274421692,far_left,0.4265250563621521,0.4083951413631439,0.5044346451759338,26,collision,193,nondiff,Non-diff learned camera,checkpoint/2026-05-09-22-34-42/checkpoint0014.pth
glare,0.0,1.0,0.0,1.808958888053894,0.6485843658447266,0.5334705114364624,far_left,0.4249129593372345,0.40496116876602173,0.5048010349273682,24,collision,194,nondiff,Non-diff learned camera,checkpoint/2026-05-09-22-34-42/checkpoint0014.pth
glare,0.0,1.0,0.0,1.7057774066925049,0.7143732309341431,0.5063657164573669,left,0.4218026101589203,0.39701080322265625,0.504070520401001,24,collision,195,nondiff,Non-diff learned camera,checkpoint/2026-05-09-22-34-42/checkpoint0014.pth
glare,0.0,1.0,0.0,1.8567454814910889,0.6740977168083191,0.5736284852027893,far_left,0.43853774666786194,0.43510669469833374,0.5047082304954529,26,collision,196,nondiff,Non-diff learned camera,checkpoint/2026-05-09-22-34-42/checkpoint0014.pth
glare,1.0,0.0,1.0,0.13645154237747192,0.6356918811798096,0.7599948048591614,far_right,0.40796583890914917,0.36693689227104187,0.5093305706977844,60,timeout,197,nondiff,Non-diff learned camera,checkpoint/2026-05-09-22-34-42/checkpoint0014.pth
glare,0.0,1.0,0.0,1.7368955612182617,0.67453932762146,0.5096089243888855,far_left,0.42306825518608093,0.40043896436691284,0.504184365272522,25,collision,198,nondiff,Non-diff learned camera,checkpoint/2026-05-09-22-34-42/checkpoint0014.pth
glare,0.0,1.0,0.0,1.7710334062576294,0.681472659111023,0.5420417785644531,far_right,0.42031800746917725,0.39085283875465393,0.5025572776794434,28,collision,199,nondiff,Non-diff learned camera,checkpoint/2026-05-09-22-34-42/checkpoint0014.pth
glare,1.0,0.0,1.0,0.11743780225515366,0.6141608357429504,0.7662977576255798,left,0.40924423933029175,0.3689632713794708,0.5089257955551147,60,timeout,200,nondiff,Non-diff learned camera,checkpoint/2026-05-09-22-34-42/checkpoint0014.pth
glare,0.0,1.0,0.0,1.7720308303833008,0.7029023766517639,0.5260242819786072,far_right,0.4209393262863159,0.39138486981391907,0.5025002360343933,26,collision,201,nondiff,Non-diff learned camera,checkpoint/2026-05-09-22-34-42/checkpoint0014.pth
glare,1.0,0.0,1.0,0.17436805367469788,0.60721755027771,0.758056104183197,left,0.4074244797229767,0.3667755424976349,0.5093044638633728,60,timeout,202,nondiff,Non-diff learned camera,checkpoint/2026-05-09-22-34-42/checkpoint0014.pth
glare,0.0,1.0,0.0,1.6080243587493896,0.7264629602432251,0.47245991230010986,far_left,0.43176230788230896,0.42071378231048584,0.504188060760498,29,collision,203,nondiff,Non-diff learned camera,checkpoint/2026-05-09-22-34-42/checkpoint0014.pth
glare,0.0,1.0,0.0,1.719932198524475,0.6838761568069458,0.5042980909347534,right,0.42034196853637695,0.3887607753276825,0.5035048723220825,25,collision,204,nondiff,Non-diff learned camera,checkpoint/2026-05-09-22-34-42/checkpoint0014.pth
glare,0.0,1.0,0.0,1.808136224746704,0.6652233600616455,0.5344050526618958,far_right,0.42046651244163513,0.39070549607276917,0.5026873350143433,27,collision,205,nondiff,Non-diff learned camera,checkpoint/2026-05-09-22-34-42/checkpoint0014.pth
glare,1.0,0.0,1.0,0.15477052330970764,0.6138435006141663,0.7656347155570984,right,0.4076051712036133,0.36643239855766296,0.5094446539878845,60,timeout,206,nondiff,Non-diff learned camera,checkpoint/2026-05-09-22-34-42/checkpoint0014.pth
glare,1.0,0.0,1.0,0.21896833181381226,0.6663078665733337,0.7651452422142029,far_right,0.4092658460140228,0.369295209646225,0.5088058710098267,60,timeout,207,nondiff,Non-diff learned camera,checkpoint/2026-05-09-22-34-42/checkpoint0014.pth
glare,0.0,1.0,0.0,1.5822056531906128,0.724791407585144,0.471177339553833,far_right,0.419297456741333,0.38697928190231323,0.5037540793418884,28,collision,208,nondiff,Non-diff learned camera,checkpoint/2026-05-09-22-34-42/checkpoint0014.pth
glare,1.0,0.0,1.0,0.1915781944990158,0.6116901636123657,0.7606819272041321,left,0.4073026776313782,0.3670906126499176,0.5091214179992676,60,timeout,209,nondiff,Non-diff learned camera,checkpoint/2026-05-09-22-34-42/checkpoint0014.pth
glare,0.0,1.0,0.0,1.8068519830703735,0.656282365322113,0.5636520385742188,far_left,0.43720898032188416,0.43322938680648804,0.504554808139801,28,collision,210,nondiff,Non-diff learned camera,checkpoint/2026-05-09-22-34-42/checkpoint0014.pth
glare,1.0,0.0,1.0,0.19460321962833405,0.6350075006484985,0.7461540699005127,far_right,0.40806645154953003,0.3672490417957306,0.5092684030532837,60,timeout,211,nondiff,Non-diff learned camera,checkpoint/2026-05-09-22-34-42/checkpoint0014.pth
glare,1.0,0.0,1.0,0.21563708782196045,0.6176332235336304,0.7504799365997314,right,0.40761858224868774,0.36651721596717834,0.5093653202056885,60,timeout,212,nondiff,Non-diff learned camera,checkpoint/2026-05-09-22-34-42/checkpoint0014.pth
glare,1.0,0.0,1.0,0.19077257812023163,0.5951767563819885,0.7635247707366943,left,0.4093286097049713,0.36846891045570374,0.5090432167053223,60,timeout,213,nondiff,Non-diff learned camera,checkpoint/2026-05-09-22-34-42/checkpoint0014.pth
glare,0.0,1.0,0.0,1.759278655052185,0.651301920413971,0.5182236433029175,far_left,0.42902272939682007,0.4145454168319702,0.504832923412323,27,collision,214,nondiff,Non-diff learned camera,checkpoint/2026-05-09-22-34-42/checkpoint0014.pth
glare,1.0,0.0,1.0,0.1552746593952179,0.5899350643157959,0.7628641724586487,right,0.409035325050354,0.3681739568710327,0.5090323686599731,60,timeout,215,nondiff,Non-diff learned camera,checkpoint/2026-05-09-22-34-42/checkpoint0014.pth
glare,0.0,1.0,0.0,1.791239619255066,0.7004973292350769,0.5269689559936523,far_right,0.4217168688774109,0.3919772803783417,0.5027036070823669,23,collision,216,nondiff,Non-diff learned camera,checkpoint/2026-05-09-22-34-42/checkpoint0014.pth
glare,1.0,0.0,1.0,0.07971680164337158,0.6252071857452393,0.7740548253059387,right,0.40770822763442993,0.3667609393596649,0.509425938129425,60,timeout,217,nondiff,Non-diff learned camera,checkpoint/2026-05-09-22-34-42/checkpoint0014.pth
glare,1.0,0.0,1.0,0.19494369626045227,0.6350459456443787,0.7423949241638184,far_right,0.4079427421092987,0.3667043149471283,0.5093273520469666,60,timeout,218,nondiff,Non-diff learned camera,checkpoint/2026-05-09-22-34-42/checkpoint0014.pth
glare,0.0,1.0,0.0,1.8034086227416992,0.6734738349914551,0.5525507926940918,far_right,0.4206627607345581,0.3909813463687897,0.5025822520256042,27,collision,219,nondiff,Non-diff learned camera,checkpoint/2026-05-09-22-34-42/checkpoint0014.pth
glare,0.0,1.0,0.0,1.8006266355514526,0.6904951930046082,0.5729649066925049,far_left,0.43534812331199646,0.42967793345451355,0.5050463676452637,25,collision,220,nondiff,Non-diff learned camera,checkpoint/2026-05-09-22-34-42/checkpoint0014.pth
glare,1.0,0.0,1.0,0.17294150590896606,0.651450514793396,0.7524330615997314,far_left,0.4194656312465668,0.39873847365379333,0.5046824812889099,60,timeout,221,nondiff,Non-diff learned camera,checkpoint/2026-05-09-22-34-42/checkpoint0014.pth
glare,0.0,1.0,0.0,1.7908574342727661,0.6614254713058472,0.519079864025116,far_right,0.4202066957950592,0.38922473788261414,0.5031195878982544,26,collision,222,nondiff,Non-diff learned camera,checkpoint/2026-05-09-22-34-42/checkpoint0014.pth
glare,1.0,0.0,1.0,0.10799261927604675,0.6169503331184387,0.7647762894630432,right,0.40747684240341187,0.3665280342102051,0.5094554424285889,60,timeout,223,nondiff,Non-diff learned camera,checkpoint/2026-05-09-22-34-42/checkpoint0014.pth
glare,1.0,0.0,1.0,0.2099950611591339,0.6478829979896545,0.7443070411682129,far_right,0.4101044237613678,0.3701992928981781,0.5085119009017944,60,timeout,224,nondiff,Non-diff learned camera,checkpoint/2026-05-09-22-34-42/checkpoint0014.pth
glare,1.0,0.0,1.0,0.16262243688106537,0.6221920251846313,0.7608242034912109,right,0.4074536859989166,0.36617064476013184,0.5094588994979858,60,timeout,225,nondiff,Non-diff learned camera,checkpoint/2026-05-09-22-34-42/checkpoint0014.pth
glare,1.0,0.0,1.0,0.24182099103927612,0.6569013595581055,0.7485436797142029,far_right,0.4088115990161896,0.3685901165008545,0.5090071558952332,60,timeout,226,nondiff,Non-diff learned camera,checkpoint/2026-05-09-22-34-42/checkpoint0014.pth
glare,0.0,1.0,0.0,1.839816927909851,0.6713358759880066,0.5629451870918274,far_left,0.4376292824745178,0.43369919061660767,0.504625141620636,27,collision,227,nondiff,Non-diff learned camera,checkpoint/2026-05-09-22-34-42/checkpoint0014.pth
glare,1.0,0.0,1.0,0.10572398453950882,0.626949667930603,0.763054609298706,right,0.4101245701313019,0.3690842390060425,0.5088371634483337,60,timeout,228,nondiff,Non-diff learned camera,checkpoint/2026-05-09-22-34-42/checkpoint0014.pth
glare,1.0,0.0,1.0,0.0709366723895073,0.6217154860496521,0.7609278559684753,right,0.4088355004787445,0.3679271936416626,0.5090380907058716,60,timeout,229,nondiff,Non-diff learned camera,checkpoint/2026-05-09-22-34-42/checkpoint0014.pth
glare,1.0,0.0,1.0,0.15353599190711975,0.6162577271461487,0.7615789771080017,left,0.40817779302597046,0.367830365896225,0.5091581344604492,60,timeout,230,nondiff,Non-diff learned camera,checkpoint/2026-05-09-22-34-42/checkpoint0014.pth
glare,0.0,1.0,0.0,1.7877229452133179,0.6916784644126892,0.5283622741699219,far_left,0.4327174723148346,0.42353180050849915,0.5048772096633911,26,collision,231,nondiff,Non-diff learned camera,checkpoint/2026-05-09-22-34-42/checkpoint0014.pth
glare,1.0,0.0,1.0,0.14552710950374603,0.6071261167526245,0.7689043879508972,left,0.4074174761772156,0.36739644408226013,0.5090888142585754,60,timeout,232,nondiff,Non-diff learned camera,checkpoint/2026-05-09-22-34-42/checkpoint0014.pth
glare,1.0,0.0,1.0,0.13905026018619537,0.6617065072059631,0.7520182728767395,far_left,0.4171135723590851,0.39262697100639343,0.5057204961776733,60,timeout,233,nondiff,Non-diff learned camera,checkpoint/2026-05-09-22-34-42/checkpoint0014.pth
glare,0.0,1.0,0.0,1.8284244537353516,0.6794390678405762,0.5545650720596313,far_right,0.42060860991477966,0.3912920653820038,0.5024803280830383,27,collision,234,nondiff,Non-diff learned camera,checkpoint/2026-05-09-22-34-42/checkpoint0014.pth
glare,1.0,0.0,1.0,0.1198614165186882,0.6406815052032471,0.7645833492279053,right,0.40756773948669434,0.36641427874565125,0.5094218254089355,60,timeout,235,nondiff,Non-diff learned camera,checkpoint/2026-05-09-22-34-42/checkpoint0014.pth
glare,1.0,0.0,1.0,0.20292362570762634,0.6332516074180603,0.7478829622268677,far_right,0.40891730785369873,0.368673712015152,0.5088502168655396,60,timeout,236,nondiff,Non-diff learned camera,checkpoint/2026-05-09-22-34-42/checkpoint0014.pth
glare,1.0,0.0,1.0,0.11605589091777802,0.6207110285758972,0.7750314474105835,right,0.4083690047264099,0.367342472076416,0.5093204975128174,60,timeout,237,nondiff,Non-diff learned camera,checkpoint/2026-05-09-22-34-42/checkpoint0014.pth
glare,1.0,0.0,1.0,0.16823551058769226,0.642002284526825,0.7715470790863037,far_left,0.41066330671310425,0.3740366995334625,0.5079963207244873,60,timeout,238,nondiff,Non-diff learned camera,checkpoint/2026-05-09-22-34-42/checkpoint0014.pth
glare,1.0,0.0,1.0,0.1265459954738617,0.6859712600708008,0.7314260601997375,far_right,0.4089367985725403,0.36899977922439575,0.5088894963264465,60,timeout,239,nondiff,Non-diff learned camera,checkpoint/2026-05-09-22-34-42/checkpoint0014.pth
glare,0.0,1.0,0.0,1.7907637357711792,0.6860820055007935,0.5218889117240906,far_right,0.4200330078601837,0.3899229168891907,0.502891480922699,28,collision,240,nondiff,Non-diff learned camera,checkpoint/2026-05-09-22-34-42/checkpoint0014.pth
glare,1.0,0.0,1.0,0.1416158527135849,0.6574773788452148,0.7391034960746765,far_right,0.4102090299129486,0.369699627161026,0.5085347890853882,60,timeout,241,nondiff,Non-diff learned camera,checkpoint/2026-05-09-22-34-42/checkpoint0014.pth
glare,1.0,0.0,1.0,0.1701427698135376,0.6326035857200623,0.7520037889480591,far_right,0.4079163074493408,0.36685431003570557,0.5093078017234802,60,timeout,242,nondiff,Non-diff learned camera,checkpoint/2026-05-09-22-34-42/checkpoint0014.pth
glare,1.0,0.0,1.0,0.1743888109922409,0.6576542258262634,0.7520520091056824,far_left,0.4154597818851471,0.38763245940208435,0.5064831972122192,60,timeout,243,nondiff,Non-diff learned camera,checkpoint/2026-05-09-22-34-42/checkpoint0014.pth
glare,1.0,0.0,1.0,0.13103124499320984,0.6200745105743408,0.7471065521240234,right,0.40782734751701355,0.36653265357017517,0.5092755556106567,60,timeout,244,nondiff,Non-diff learned camera,checkpoint/2026-05-09-22-34-42/checkpoint0014.pth
glare,0.0,1.0,0.0,1.7004402875900269,0.6878781914710999,0.5044220685958862,left,0.4193290174007416,0.3894093930721283,0.5039191246032715,24,collision,245,nondiff,Non-diff learned camera,checkpoint/2026-05-09-22-34-42/checkpoint0014.pth
glare,0.0,1.0,0.0,1.6879138946533203,0.683178186416626,0.5041390061378479,right,0.4205990433692932,0.3893111050128937,0.5036060810089111,24,collision,246,nondiff,Non-diff learned camera,checkpoint/2026-05-09-22-34-42/checkpoint0014.pth
glare,0.0,1.0,0.0,1.8119391202926636,0.6818451285362244,0.49197298288345337,far_right,0.4192536473274231,0.38819772005081177,0.5033081769943237,30,collision,247,nondiff,Non-diff learned camera,checkpoint/2026-05-09-22-34-42/checkpoint0014.pth
glare,0.0,1.0,0.0,1.7916195392608643,0.6596903800964355,0.5140335559844971,far_right,0.42025816440582275,0.3891310393810272,0.503139078617096,26,collision,248,nondiff,Non-diff learned camera,checkpoint/2026-05-09-22-34-42/checkpoint0014.pth
glare,0.0,1.0,0.0,1.8507318496704102,0.7011200785636902,0.5537442564964294,far_right,0.4211789667606354,0.39265936613082886,0.5021626949310303,26,collision,249,nondiff,Non-diff learned camera,checkpoint/2026-05-09-22-34-42/checkpoint0014.pth
glare,1.0,0.0,1.0,0.17321093380451202,0.6117200255393982,0.7676143646240234,left,0.40762820839881897,0.36716750264167786,0.5092863440513611,60,timeout,250,nondiff,Non-diff learned camera,checkpoint/2026-05-09-22-34-42/checkpoint0014.pth
glare,1.0,0.0,1.0,0.1244613528251648,0.6232826709747314,0.7629823684692383,left,0.4073357582092285,0.36744019389152527,0.5089098811149597,60,timeout,251,nondiff,Non-diff learned camera,checkpoint/2026-05-09-22-34-42/checkpoint0014.pth
glare,1.0,0.0,1.0,0.19463343918323517,0.6018242239952087,0.7684558629989624,left,0.40747448801994324,0.36740902066230774,0.5090643763542175,60,timeout,252,nondiff,Non-diff learned camera,checkpoint/2026-05-09-22-34-42/checkpoint0014.pth
glare,1.0,0.0,1.0,0.05243084207177162,0.6188905835151672,0.7726708054542542,right,0.40734684467315674,0.36627647280693054,0.5094816088676453,60,timeout,253,nondiff,Non-diff learned camera,checkpoint/2026-05-09-22-34-42/checkpoint0014.pth
glare,1.0,0.0,1.0,0.18751147389411926,0.6126827597618103,0.7496961951255798,far_left,0.4098359942436218,0.374146044254303,0.507449209690094,60,timeout,254,nondiff,Non-diff learned camera,checkpoint/2026-05-09-22-34-42/checkpoint0014.pth
glare,1.0,0.0,1.0,0.1477247178554535,0.6260409951210022,0.7617838978767395,far_left,0.4102703928947449,0.3752666711807251,0.5076262354850769,60,timeout,255,nondiff,Non-diff learned camera,checkpoint/2026-05-09-22-34-42/checkpoint0014.pth
glare,1.0,0.0,1.0,0.1574256271123886,0.6380016803741455,0.7526138424873352,right,0.4091414213180542,0.3682169020175934,0.5090435147285461,60,timeout,256,nondiff,Non-diff learned camera,checkpoint/2026-05-09-22-34-42/checkpoint0014.pth
glare,1.0,0.0,1.0,0.19683118164539337,0.6089308857917786,0.7660662531852722,left,0.40814051032066345,0.3689735531806946,0.5088276863098145,60,timeout,257,nondiff,Non-diff learned camera,checkpoint/2026-05-09-22-34-42/checkpoint0014.pth
glare,1.0,0.0,1.0,0.16773054003715515,0.6243420243263245,0.7500844597816467,right,0.40808314085006714,0.3669295310974121,0.5093037486076355,60,timeout,258,nondiff,Non-diff learned camera,checkpoint/2026-05-09-22-34-42/checkpoint0014.pth
glare,0.0,1.0,0.0,1.7904961109161377,0.6869553327560425,0.5484831929206848,far_left,0.43425071239471436,0.42716723680496216,0.5048686265945435,27,collision,259,nondiff,Non-diff learned camera,checkpoint/2026-05-09-22-34-42/checkpoint0014.pth
glare,1.0,0.0,1.0,0.20921535789966583,0.6054519414901733,0.762381911277771,right,0.4073387384414673,0.3661172389984131,0.5094954967498779,60,timeout,260,nondiff,Non-diff learned camera,checkpoint/2026-05-09-22-34-42/checkpoint0014.pth
glare,0.0,1.0,0.0,1.7943881750106812,0.6651061177253723,0.5538772940635681,far_left,0.4338729679584503,0.42638739943504333,0.5049735307693481,26,collision,261,nondiff,Non-diff learned camera,checkpoint/2026-05-09-22-34-42/checkpoint0014.pth
glare,1.0,0.0,1.0,0.17493917047977448,0.6335194110870361,0.740543007850647,far_left,0.41136306524276733,0.3781591057777405,0.5066832304000854,60,timeout,262,nondiff,Non-diff learned camera,checkpoint/2026-05-09-22-34-42/checkpoint0014.pth
glare,1.0,0.0,1.0,0.10877372324466705,0.6844898462295532,0.7539883255958557,far_right,0.4093843996524811,0.36954009532928467,0.508743405342102,60,timeout,263,nondiff,Non-diff learned camera,checkpoint/2026-05-09-22-34-42/checkpoint0014.pth
glare,1.0,0.0,1.0,0.2117965966463089,0.6234318614006042,0.7614125609397888,far_right,0.4089730679988861,0.36844706535339355,0.5089129209518433,60,timeout,264,nondiff,Non-diff learned camera,checkpoint/2026-05-09-22-34-42/checkpoint0014.pth
glare,0.0,1.0,0.0,1.8208820819854736,0.6498668789863586,0.5539196133613586,far_left,0.43421775102615356,0.42713233828544617,0.5049126744270325,27,collision,265,nondiff,Non-diff learned camera,checkpoint/2026-05-09-22-34-42/checkpoint0014.pth
glare,0.0,1.0,0.0,1.7573506832122803,0.7059467434883118,0.5244502425193787,far_left,0.42805373668670654,0.41230112314224243,0.5046762228012085,24,collision,266,nondiff,Non-diff learned camera,checkpoint/2026-05-09-22-34-42/checkpoint0014.pth
glare,0.0,1.0,0.0,1.75229012966156,0.6788630485534668,0.511475682258606,far_left,0.42886945605278015,0.41417643427848816,0.5048779845237732,26,collision,267,nondiff,Non-diff learned camera,checkpoint/2026-05-09-22-34-42/checkpoint0014.pth
glare,1.0,0.0,1.0,0.12616927921772003,0.6653045415878296,0.7695698142051697,far_left,0.41581568121910095,0.39018309116363525,0.5056994557380676,60,timeout,268,nondiff,Non-diff learned camera,checkpoint/2026-05-09-22-34-42/checkpoint0014.pth
glare,0.0,1.0,0.0,1.6444801092147827,0.6969248652458191,0.478581964969635,left,0.4191156327724457,0.3880721926689148,0.5041075348854065,25,collision,269,nondiff,Non-diff learned camera,checkpoint/2026-05-09-22-34-42/checkpoint0014.pth
glare,1.0,0.0,1.0,0.19529695808887482,0.5995538234710693,0.7592882513999939,left,0.40789535641670227,0.3687843084335327,0.5086372494697571,60,timeout,270,nondiff,Non-diff learned camera,checkpoint/2026-05-09-22-34-42/checkpoint0014.pth
glare,0.0,1.0,0.0,1.7272579669952393,0.7045788764953613,0.513442873954773,far_right,0.42075031995773315,0.39012083411216736,0.5029776096343994,25,collision,271,nondiff,Non-diff learned camera,checkpoint/2026-05-09-22-34-42/checkpoint0014.pth
glare,1.0,0.0,1.0,0.0854780375957489,0.6273813843727112,0.7611737847328186,left,0.40744689106941223,0.3669930696487427,0.5092042684555054,60,timeout,272,nondiff,Non-diff learned camera,checkpoint/2026-05-09-22-34-42/checkpoint0014.pth
glare,0.0,1.0,0.0,1.6757183074951172,0.7074410319328308,0.49038195610046387,far_right,0.42015281319618225,0.3888789415359497,0.5032580494880676,26,collision,273,nondiff,Non-diff learned camera,checkpoint/2026-05-09-22-34-42/checkpoint0014.pth
glare,0.0,1.0,0.0,1.770843267440796,0.6603366136550903,0.5184430480003357,far_left,0.4218546450138092,0.39721181988716125,0.5040597319602966,24,collision,274,nondiff,Non-diff learned camera,checkpoint/2026-05-09-22-34-42/checkpoint0014.pth
glare,1.0,0.0,1.0,0.18942593038082123,0.6711159944534302,0.7653019428253174,far_right,0.4086399972438812,0.3682711720466614,0.5090097188949585,60,timeout,275,nondiff,Non-diff learned camera,checkpoint/2026-05-09-22-34-42/checkpoint0014.pth
glare,1.0,0.0,1.0,0.1871027648448944,0.633499801158905,0.7653019428253174,far_left,0.4116859436035156,0.37965822219848633,0.506605863571167,60,timeout,276,nondiff,Non-diff learned camera,checkpoint/2026-05-09-22-34-42/checkpoint0014.pth
glare,0.0,1.0,0.0,1.7337660789489746,0.6913183927536011,0.5180363059043884,far_right,0.4209669530391693,0.3911591172218323,0.5026470422744751,25,collision,277,nondiff,Non-diff learned camera,checkpoint/2026-05-09-22-34-42/checkpoint0014.pth
glare,1.0,0.0,1.0,0.10056150704622269,0.6328248381614685,0.7703776359558105,far_right,0.40754085779190063,0.36650049686431885,0.5094176530838013,60,timeout,278,nondiff,Non-diff learned camera,checkpoint/2026-05-09-22-34-42/checkpoint0014.pth
glare,1.0,0.0,1.0,0.11571667343378067,0.6190105676651001,0.7811511754989624,left,0.40668705105781555,0.36594048142433167,0.5093492865562439,60,timeout,279,nondiff,Non-diff learned camera,checkpoint/2026-05-09-22-34-42/checkpoint0014.pth
glare,1.0,0.0,1.0,0.11413779854774475,0.6188822984695435,0.7746601104736328,right,0.40741246938705444,0.3668181300163269,0.5094065070152283,60,timeout,280,nondiff,Non-diff learned camera,checkpoint/2026-05-09-22-34-42/checkpoint0014.pth
glare,0.0,1.0,0.0,1.742469072341919,0.6619932055473328,0.5043704509735107,left,0.42019301652908325,0.39276349544525146,0.5041313171386719,25,collision,281,nondiff,Non-diff learned camera,checkpoint/2026-05-09-22-34-42/checkpoint0014.pth
glare,0.0,1.0,0.0,1.7383650541305542,0.6518045663833618,0.49351850152015686,far_right,0.4197712540626526,0.3879435658454895,0.5036906599998474,26,collision,282,nondiff,Non-diff learned camera,checkpoint/2026-05-09-22-34-42/checkpoint0014.pth
glare,1.0,0.0,1.0,0.17196978628635406,0.6435646414756775,0.7599512934684753,far_left,0.4124250113964081,0.3812714219093323,0.5065309405326843,60,timeout,283,nondiff,Non-diff learned camera,checkpoint/2026-05-09-22-34-42/checkpoint0014.pth
glare,1.0,0.0,1.0,0.1184285581111908,0.6212121844291687,0.7605493068695068,left,0.4072035551071167,0.36671388149261475,0.5092068314552307,60,timeout,284,nondiff,Non-diff learned camera,checkpoint/2026-05-09-22-34-42/checkpoint0014.pth
glare,0.0,1.0,0.0,1.7980204820632935,0.6994640231132507,0.5448148250579834,far_right,0.4209831655025482,0.3914019763469696,0.5025539994239807,26,collision,285,nondiff,Non-diff learned camera,checkpoint/2026-05-09-22-34-42/checkpoint0014.pth
glare,1.0,0.0,1.0,0.1534765213727951,0.6052959561347961,0.7769579887390137,right,0.4101400077342987,0.3690629303455353,0.508837878704071,60,timeout,286,nondiff,Non-diff learned camera,checkpoint/2026-05-09-22-34-42/checkpoint0014.pth
glare,1.0,0.0,1.0,0.1591760367155075,0.6741384267807007,0.733220100402832,far_left,0.418855756521225,0.3972530663013458,0.5045140385627747,60,timeout,287,nondiff,Non-diff learned camera,checkpoint/2026-05-09-22-34-42/checkpoint0014.pth
glare,1.0,0.0,1.0,0.17913424968719482,0.605819582939148,0.7604432702064514,left,0.40789294242858887,0.36739975214004517,0.5091705322265625,60,timeout,288,nondiff,Non-diff learned camera,checkpoint/2026-05-09-22-34-42/checkpoint0014.pth
glare,0.0,1.0,0.0,1.717347502708435,0.664795994758606,0.4912095069885254,far_right,0.4201507568359375,0.3889197111129761,0.5032519698143005,26,collision,289,nondiff,Non-diff learned camera,checkpoint/2026-05-09-22-34-42/checkpoint0014.pth
glare,1.0,0.0,1.0,0.19103877246379852,0.6200801730155945,0.7544729113578796,right,0.4098151624202728,0.3688088357448578,0.5088451504707336,60,timeout,290,nondiff,Non-diff learned camera,checkpoint/2026-05-09-22-34-42/checkpoint0014.pth
glare,1.0,0.0,1.0,0.13800249993801117,0.6115550398826599,0.7666522264480591,left,0.4091123938560486,0.3698410093784332,0.5088208317756653,60,timeout,291,nondiff,Non-diff learned camera,checkpoint/2026-05-09-22-34-42/checkpoint0014.pth
glare,1.0,0.0,1.0,0.15814583003520966,0.6315172910690308,0.759235143661499,right,0.4104481041431427,0.36964359879493713,0.5085878372192383,60,timeout,292,nondiff,Non-diff learned camera,checkpoint/2026-05-09-22-34-42/checkpoint0014.pth
glare,1.0,0.0,1.0,0.22938115894794464,0.6005319952964783,0.756303071975708,left,0.40718281269073486,0.3663789927959442,0.5091214179992676,60,timeout,293,nondiff,Non-diff learned camera,checkpoint/2026-05-09-22-34-42/checkpoint0014.pth
glare,0.0,1.0,0.0,1.7059749364852905,0.694145143032074,0.49911388754844666,right,0.4204384982585907,0.38881802558898926,0.5034463405609131,25,collision,294,nondiff,Non-diff learned camera,checkpoint/2026-05-09-22-34-42/checkpoint0014.pth
glare,0.0,1.0,0.0,1.523044228553772,0.7409639358520508,0.4678879976272583,right,0.4200458228588104,0.388101190328598,0.5039640665054321,25,collision,295,nondiff,Non-diff learned camera,checkpoint/2026-05-09-22-34-42/checkpoint0014.pth
glare,1.0,0.0,1.0,0.17620991170406342,0.5975638628005981,0.7625603079795837,left,0.4071018099784851,0.36684396862983704,0.5091092586517334,60,timeout,296,nondiff,Non-diff learned camera,checkpoint/2026-05-09-22-34-42/checkpoint0014.pth
glare,1.0,0.0,1.0,0.1350065916776657,0.6253348588943481,0.7432388663291931,right,0.4091311991214752,0.36816903948783875,0.5090206265449524,60,timeout,297,nondiff,Non-diff learned camera,checkpoint/2026-05-09-22-34-42/checkpoint0014.pth
glare,0.0,1.0,0.0,1.7202516794204712,0.6457980275154114,0.5026967525482178,left,0.419406533241272,0.3909089267253876,0.5043219923973083,26,collision,298,nondiff,Non-diff learned camera,checkpoint/2026-05-09-22-34-42/checkpoint0014.pth
glare,1.0,0.0,1.0,0.1618579775094986,0.6541494131088257,0.7479794025421143,far_right,0.4089277982711792,0.36862465739250183,0.5089538097381592,60,timeout,299,nondiff,Non-diff learned camera,checkpoint/2026-05-09-22-34-42/checkpoint0014.pth
specular,1.0,0.0,1.0,0.08848985284566879,0.6146920919418335,0.9728949666023254,right,0.4051152467727661,0.3634174168109894,0.5103405714035034,60,timeout,0,nondiff,Non-diff learned camera,checkpoint/2026-05-09-22-34-42/checkpoint0014.pth
specular,0.0,1.0,0.0,1.7416402101516724,0.6917976140975952,0.9265927076339722,left,0.41977766156196594,0.39378616213798523,0.5042760968208313,24,collision,1,nondiff,Non-diff learned camera,checkpoint/2026-05-09-22-34-42/checkpoint0014.pth
specular,0.0,1.0,0.0,1.7553520202636719,0.6819151043891907,0.92629075050354,left,0.4196211099624634,0.3934638202190399,0.5044540166854858,24,collision,2,nondiff,Non-diff learned camera,checkpoint/2026-05-09-22-34-42/checkpoint0014.pth
specular,0.0,1.0,0.0,1.7912784814834595,0.6538828015327454,0.8755439519882202,far_left,0.4260915219783783,0.4111005663871765,0.5053297877311707,26,collision,3,nondiff,Non-diff learned camera,checkpoint/2026-05-09-22-34-42/checkpoint0014.pth
specular,1.0,0.0,1.0,0.08612420409917831,0.6286758184432983,0.9722198843955994,right,0.4075104296207428,0.36571046710014343,0.5099480748176575,60,timeout,4,nondiff,Non-diff learned camera,checkpoint/2026-05-09-22-34-42/checkpoint0014.pth
specular,1.0,0.0,1.0,0.144300639629364,0.6335917711257935,0.9726900458335876,right,0.4067521393299103,0.36506929993629456,0.5101093053817749,60,timeout,5,nondiff,Non-diff learned camera,checkpoint/2026-05-09-22-34-42/checkpoint0014.pth
specular,0.0,1.0,0.0,1.7918304204940796,0.6450095772743225,0.930956244468689,far_right,0.41681790351867676,0.38672149181365967,0.5038635730743408,27,collision,6,nondiff,Non-diff learned camera,checkpoint/2026-05-09-22-34-42/checkpoint0014.pth
specular,0.0,1.0,0.0,1.6932932138442993,0.6672570109367371,0.9284517765045166,left,0.41916346549987793,0.39228349924087524,0.5045769214630127,25,collision,7,nondiff,Non-diff learned camera,checkpoint/2026-05-09-22-34-42/checkpoint0014.pth
specular,0.0,1.0,0.0,1.8145711421966553,0.6396405696868896,0.8066096901893616,far_left,0.43435290455818176,0.42916932702064514,0.5050657987594604,29,collision,8,nondiff,Non-diff learned camera,checkpoint/2026-05-09-22-34-42/checkpoint0014.pth
specular,0.0,1.0,0.0,1.713223934173584,0.6600368618965149,0.9163367748260498,far_left,0.42399364709854126,0.4048658013343811,0.5043515563011169,26,collision,9,nondiff,Non-diff learned camera,checkpoint/2026-05-09-22-34-42/checkpoint0014.pth
specular,1.0,0.0,1.0,0.107439324259758,0.6305240392684937,0.971342146396637,right,0.4055546224117279,0.36356258392333984,0.5103257894515991,60,timeout,10,nondiff,Non-diff learned camera,checkpoint/2026-05-09-22-34-42/checkpoint0014.pth
specular,1.0,0.0,1.0,0.24272067844867706,0.602042555809021,0.9725285172462463,right,0.40678152441978455,0.3650435209274292,0.5100783109664917,60,timeout,11,nondiff,Non-diff learned camera,checkpoint/2026-05-09-22-34-42/checkpoint0014.pth
specular,1.0,0.0,1.0,0.16045227646827698,0.6167553067207336,0.9718364477157593,right,0.4058596193790436,0.3639291822910309,0.510336697101593,60,timeout,12,nondiff,Non-diff learned camera,checkpoint/2026-05-09-22-34-42/checkpoint0014.pth
specular,1.0,0.0,1.0,0.1384175568819046,0.6232349276542664,0.9708767533302307,right,0.4048946499824524,0.36303675174713135,0.5103543400764465,60,timeout,13,nondiff,Non-diff learned camera,checkpoint/2026-05-09-22-34-42/checkpoint0014.pth
specular,0.0,1.0,0.0,1.8417277336120605,0.6473262906074524,0.8072472214698792,far_left,0.43461647629737854,0.4296264946460724,0.5053340792655945,27,collision,14,nondiff,Non-diff learned camera,checkpoint/2026-05-09-22-34-42/checkpoint0014.pth
specular,1.0,0.0,1.0,0.13865850865840912,0.6212207078933716,0.9712915420532227,left,0.40755459666252136,0.36974242329597473,0.508502721786499,60,timeout,15,nondiff,Non-diff learned camera,checkpoint/2026-05-09-22-34-42/checkpoint0014.pth
specular,1.0,0.0,1.0,0.27002039551734924,0.6535951495170593,0.9688175916671753,far_right,0.40682703256607056,0.36684709787368774,0.5095359086990356,60,timeout,16,nondiff,Non-diff learned camera,checkpoint/2026-05-09-22-34-42/checkpoint0014.pth
specular,1.0,0.0,1.0,0.21959882974624634,0.6022436022758484,0.9719136357307434,right,0.404884934425354,0.36297255754470825,0.5104072093963623,60,timeout,17,nondiff,Non-diff learned camera,checkpoint/2026-05-09-22-34-42/checkpoint0014.pth
specular,0.0,1.0,0.0,1.779695987701416,0.6853670477867126,0.9311676621437073,far_right,0.4168430268764496,0.38714227080345154,0.5038905739784241,27,collision,18,nondiff,Non-diff learned camera,checkpoint/2026-05-09-22-34-42/checkpoint0014.pth
specular,1.0,0.0,1.0,0.162874236702919,0.611600935459137,0.9726201295852661,right,0.40723544359207153,0.3654489815235138,0.5100409984588623,60,timeout,19,nondiff,Non-diff learned camera,checkpoint/2026-05-09-22-34-42/checkpoint0014.pth
specular,0.0,1.0,0.0,1.8482933044433594,0.6346893310546875,0.9342758059501648,far_right,0.41627952456474304,0.38686659932136536,0.5037531852722168,29,collision,20,nondiff,Non-diff learned camera,checkpoint/2026-05-09-22-34-42/checkpoint0014.pth
specular,0.0,1.0,0.0,1.7673580646514893,0.6512971520423889,0.865974485874176,far_left,0.4264797270298004,0.4125356078147888,0.5054012537002563,27,collision,21,nondiff,Non-diff learned camera,checkpoint/2026-05-09-22-34-42/checkpoint0014.pth
specular,1.0,0.0,1.0,0.2038489729166031,0.5874533653259277,0.9717086553573608,right,0.4063132107257843,0.36462509632110596,0.510067880153656,60,timeout,22,nondiff,Non-diff learned camera,checkpoint/2026-05-09-22-34-42/checkpoint0014.pth
specular,1.0,0.0,1.0,0.22254660725593567,0.597980260848999,0.9719232320785522,right,0.40620437264442444,0.3644407093524933,0.5101868510246277,60,timeout,23,nondiff,Non-diff learned camera,checkpoint/2026-05-09-22-34-42/checkpoint0014.pth
specular,0.0,1.0,0.0,1.80245840549469,0.6885308027267456,0.9266171455383301,far_right,0.41654300689697266,0.3872959017753601,0.5037045478820801,28,collision,24,nondiff,Non-diff learned camera,checkpoint/2026-05-09-22-34-42/checkpoint0014.pth
specular,0.0,1.0,0.0,1.5582377910614014,0.7533242702484131,0.9344618320465088,far_right,0.4156987965106964,0.38293084502220154,0.5049498677253723,27,collision,25,nondiff,Non-diff learned camera,checkpoint/2026-05-09-22-34-42/checkpoint0014.pth
specular,0.0,1.0,0.0,1.7246663570404053,0.6829904913902283,0.930856466293335,far_right,0.4167116582393646,0.3856051564216614,0.5041930079460144,26,collision,26,nondiff,Non-diff learned camera,checkpoint/2026-05-09-22-34-42/checkpoint0014.pth
specular,0.0,1.0,0.0,1.783816933631897,0.6706026196479797,0.933395504951477,far_right,0.4162675440311432,0.38591569662094116,0.5040441751480103,28,collision,27,nondiff,Non-diff learned camera,checkpoint/2026-05-09-22-34-42/checkpoint0014.pth
specular,1.0,0.0,1.0,0.15834297239780426,0.6229605078697205,0.9690249562263489,right,0.4052376449108124,0.363178014755249,0.5102022290229797,60,timeout,28,nondiff,Non-diff learned camera,checkpoint/2026-05-09-22-34-42/checkpoint0014.pth
specular,1.0,0.0,1.0,0.2107858955860138,0.6017958521842957,0.9718629717826843,left,0.4060366749763489,0.36510783433914185,0.509852409362793,60,timeout,29,nondiff,Non-diff learned camera,checkpoint/2026-05-09-22-34-42/checkpoint0014.pth
specular,0.0,1.0,0.0,1.7480508089065552,0.6774659156799316,0.8238515257835388,far_left,0.4300300180912018,0.420487642288208,0.5052588582038879,27,collision,30,nondiff,Non-diff learned camera,checkpoint/2026-05-09-22-34-42/checkpoint0014.pth
specular,0.0,1.0,0.0,1.6482173204421997,0.7108663320541382,0.9289278984069824,right,0.41637668013572693,0.38397252559661865,0.5049915313720703,25,collision,31,nondiff,Non-diff learned camera,checkpoint/2026-05-09-22-34-42/checkpoint0014.pth
specular,1.0,0.0,1.0,0.1820530742406845,0.6389467120170593,0.9713060259819031,far_right,0.40755027532577515,0.3667061924934387,0.5093979835510254,60,timeout,32,nondiff,Non-diff learned camera,checkpoint/2026-05-09-22-34-42/checkpoint0014.pth
specular,1.0,0.0,1.0,0.08178456127643585,0.6269851922988892,0.9715785384178162,left,0.4062330424785614,0.36621400713920593,0.5094102621078491,60,timeout,33,nondiff,Non-diff learned camera,checkpoint/2026-05-09-22-34-42/checkpoint0014.pth
specular,1.0,0.0,1.0,0.13741441071033478,0.6501531600952148,0.9712384343147278,far_right,0.4070926904678345,0.3662526607513428,0.5095720291137695,60,timeout,34,nondiff,Non-diff learned camera,checkpoint/2026-05-09-22-34-42/checkpoint0014.pth
specular,0.0,1.0,0.0,1.7179731130599976,0.6908713579177856,0.9257330298423767,far_left,0.4219270348548889,0.39986562728881836,0.5045124888420105,25,collision,35,nondiff,Non-diff learned camera,checkpoint/2026-05-09-22-34-42/checkpoint0014.pth
specular,0.0,1.0,0.0,1.623146414756775,0.7374899983406067,0.936187207698822,far_right,0.4157266318798065,0.38430893421173096,0.5045887231826782,28,collision,36,nondiff,Non-diff learned camera,checkpoint/2026-05-09-22-34-42/checkpoint0014.pth
specular,0.0,1.0,0.0,1.7617369890213013,0.6860248446464539,0.9249510169029236,left,0.42031562328338623,0.3952549993991852,0.50413978099823,24,collision,37,nondiff,Non-diff learned camera,checkpoint/2026-05-09-22-34-42/checkpoint0014.pth
specular,1.0,0.0,1.0,0.22583834826946259,0.6035935282707214,0.9726828336715698,left,0.4068908989429474,0.36546459794044495,0.509978175163269,60,timeout,38,nondiff,Non-diff learned camera,checkpoint/2026-05-09-22-34-42/checkpoint0014.pth
specular,0.0,1.0,0.0,1.8070087432861328,0.6562820672988892,0.9098488688468933,far_left,0.42441046237945557,0.4064587950706482,0.5046712756156921,25,collision,39,nondiff,Non-diff learned camera,checkpoint/2026-05-09-22-34-42/checkpoint0014.pth
specular,0.0,1.0,0.0,1.7875745296478271,0.6743486523628235,0.9074262976646423,far_left,0.42488861083984375,0.4077073037624359,0.5049172639846802,24,collision,40,nondiff,Non-diff learned camera,checkpoint/2026-05-09-22-34-42/checkpoint0014.pth
specular,0.0,1.0,0.0,1.7160427570343018,0.7000002861022949,0.9260202646255493,left,0.4196352958679199,0.3933063745498657,0.5042027831077576,24,collision,41,nondiff,Non-diff learned camera,checkpoint/2026-05-09-22-34-42/checkpoint0014.pth
specular,0.0,1.0,0.0,1.623979926109314,0.7237383723258972,0.9389661550521851,far_right,0.4149463474750519,0.3834936320781708,0.5047028660774231,31,collision,42,nondiff,Non-diff learned camera,checkpoint/2026-05-09-22-34-42/checkpoint0014.pth
specular,1.0,0.0,1.0,0.16095110774040222,0.6476043462753296,0.9710142016410828,far_right,0.40756723284721375,0.3670702874660492,0.5094590783119202,60,timeout,43,nondiff,Non-diff learned camera,checkpoint/2026-05-09-22-34-42/checkpoint0014.pth
specular,1.0,0.0,1.0,0.12382833659648895,0.6255552172660828,0.9723162651062012,right,0.4075857698917389,0.3659481108188629,0.5098045468330383,60,timeout,44,nondiff,Non-diff learned camera,checkpoint/2026-05-09-22-34-42/checkpoint0014.pth
specular,1.0,0.0,1.0,0.06513267010450363,0.6133615374565125,0.9724971652030945,left,0.40761297941207886,0.36609187722206116,0.509859025478363,60,timeout,45,nondiff,Non-diff learned camera,checkpoint/2026-05-09-22-34-42/checkpoint0014.pth
specular,1.0,0.0,1.0,0.10153011232614517,0.6451514363288879,0.9687283635139465,far_right,0.4053499698638916,0.3636729419231415,0.5101910829544067,60,timeout,46,nondiff,Non-diff learned camera,checkpoint/2026-05-09-22-34-42/checkpoint0014.pth
specular,1.0,0.0,1.0,0.05857348069548607,0.627292275428772,0.9721016883850098,right,0.40567871928215027,0.3638737201690674,0.5103326439857483,60,timeout,47,nondiff,Non-diff learned camera,checkpoint/2026-05-09-22-34-42/checkpoint0014.pth
specular,0.0,1.0,0.0,1.7682324647903442,0.697513997554779,0.8219850063323975,far_left,0.43096473813056946,0.42240816354751587,0.5050838589668274,26,collision,48,nondiff,Non-diff learned camera,checkpoint/2026-05-09-22-34-42/checkpoint0014.pth
specular,0.0,1.0,0.0,1.8215253353118896,0.6733996272087097,0.822262704372406,far_left,0.4312673509120941,0.4235782027244568,0.5054282546043396,26,collision,49,nondiff,Non-diff learned camera,checkpoint/2026-05-09-22-34-42/checkpoint0014.pth
specular,0.0,1.0,0.0,1.6742037534713745,0.7177581191062927,0.9289399981498718,right,0.4169956147670746,0.3853154182434082,0.5043463110923767,25,collision,50,nondiff,Non-diff learned camera,checkpoint/2026-05-09-22-34-42/checkpoint0014.pth
specular,0.0,1.0,0.0,1.8040038347244263,0.6828585863113403,0.9263660311698914,far_right,0.4179663062095642,0.3892037570476532,0.5032403469085693,25,collision,51,nondiff,Non-diff learned camera,checkpoint/2026-05-09-22-34-42/checkpoint0014.pth
specular,1.0,0.0,1.0,0.0785110741853714,0.6212943196296692,0.9722150564193726,right,0.40771886706352234,0.3661726117134094,0.5097840428352356,60,timeout,52,nondiff,Non-diff learned camera,checkpoint/2026-05-09-22-34-42/checkpoint0014.pth
specular,1.0,0.0,1.0,0.13451716303825378,0.6461136341094971,0.9693408012390137,right,0.40509143471717834,0.3629446029663086,0.510303258895874,60,timeout,53,nondiff,Non-diff learned camera,checkpoint/2026-05-09-22-34-42/checkpoint0014.pth
specular,1.0,0.0,1.0,0.15515002608299255,0.6142756342887878,0.9686463475227356,left,0.4054304361343384,0.3643531799316406,0.5097979307174683,60,timeout,54,nondiff,Non-diff learned camera,checkpoint/2026-05-09-22-34-42/checkpoint0014.pth
specular,1.0,0.0,1.0,0.20819711685180664,0.6129205226898193,0.9727744460105896,right,0.40717336535453796,0.36547350883483887,0.5100597739219666,60,timeout,55,nondiff,Non-diff learned camera,checkpoint/2026-05-09-22-34-42/checkpoint0014.pth
specular,0.0,1.0,0.0,1.8103911876678467,0.6780775785446167,0.8125115633010864,far_left,0.43364593386650085,0.42762768268585205,0.5052921772003174,26,collision,56,nondiff,Non-diff learned camera,checkpoint/2026-05-09-22-34-42/checkpoint0014.pth
specular,1.0,0.0,1.0,0.14122292399406433,0.6200507283210754,0.9697676301002502,right,0.40482571721076965,0.3626418709754944,0.5103461742401123,60,timeout,57,nondiff,Non-diff learned camera,checkpoint/2026-05-09-22-34-42/checkpoint0014.pth
specular,0.0,1.0,0.0,1.8112962245941162,0.6619535684585571,0.886188268661499,far_left,0.42572468519210815,0.4102596640586853,0.5053085088729858,25,collision,58,nondiff,Non-diff learned camera,checkpoint/2026-05-09-22-34-42/checkpoint0014.pth
specular,1.0,0.0,1.0,0.1269056648015976,0.6241901516914368,0.9715278148651123,right,0.4052358865737915,0.3631918132305145,0.5103689432144165,60,timeout,59,nondiff,Non-diff learned camera,checkpoint/2026-05-09-22-34-42/checkpoint0014.pth
specular,0.0,1.0,0.0,1.8451088666915894,0.6331429481506348,0.81020188331604,far_left,0.4318438768386841,0.42480212450027466,0.5054877996444702,27,collision,60,nondiff,Non-diff learned camera,checkpoint/2026-05-09-22-34-42/checkpoint0014.pth
specular,1.0,0.0,1.0,0.11725299805402756,0.6449764370918274,0.9708647131919861,far_right,0.40602508187294006,0.3646504580974579,0.5100051164627075,60,timeout,61,nondiff,Non-diff learned camera,checkpoint/2026-05-09-22-34-42/checkpoint0014.pth
specular,1.0,0.0,1.0,0.21356849372386932,0.6054379940032959,0.971255362033844,right,0.4048573672771454,0.36277371644973755,0.5103722214698792,60,timeout,62,nondiff,Non-diff learned camera,checkpoint/2026-05-09-22-34-42/checkpoint0014.pth
specular,0.0,1.0,0.0,1.807732105255127,0.6528313159942627,0.8019220232963562,far_left,0.43260371685028076,0.42595916986465454,0.5051363706588745,27,collision,63,nondiff,Non-diff learned camera,checkpoint/2026-05-09-22-34-42/checkpoint0014.pth
specular,0.0,1.0,0.0,1.771168828010559,0.6644688248634338,0.8297569155693054,far_left,0.42940184473991394,0.4190773367881775,0.5052517056465149,26,collision,64,nondiff,Non-diff learned camera,checkpoint/2026-05-09-22-34-42/checkpoint0014.pth
specular,0.0,1.0,0.0,1.762107491493225,0.6596093773841858,0.8669097423553467,far_left,0.427214652299881,0.4130474627017975,0.504792332649231,26,collision,65,nondiff,Non-diff learned camera,checkpoint/2026-05-09-22-34-42/checkpoint0014.pth
specular,1.0,0.0,1.0,0.20419897139072418,0.6466939449310303,0.9709539413452148,far_right,0.4072701334953308,0.36682194471359253,0.5095511078834534,60,timeout,66,nondiff,Non-diff learned camera,checkpoint/2026-05-09-22-34-42/checkpoint0014.pth
specular,1.0,0.0,1.0,0.1267339289188385,0.6207330226898193,0.9713807106018066,left,0.40514883399009705,0.3634851276874542,0.5102468729019165,60,timeout,67,nondiff,Non-diff learned camera,checkpoint/2026-05-09-22-34-42/checkpoint0014.pth
specular,0.0,1.0,0.0,1.8257099390029907,0.6496585011482239,0.8128172159194946,far_left,0.43406572937965393,0.4287624955177307,0.5054429173469543,27,collision,68,nondiff,Non-diff learned camera,checkpoint/2026-05-09-22-34-42/checkpoint0014.pth
specular,1.0,0.0,1.0,0.1741020232439041,0.647892951965332,0.9687645435333252,far_right,0.4056239128112793,0.36400848627090454,0.5100545287132263,60,timeout,69,nondiff,Non-diff learned camera,checkpoint/2026-05-09-22-34-42/checkpoint0014.pth
specular,1.0,0.0,1.0,0.13778156042099,0.6192333698272705,0.9724658131599426,right,0.40716812014579773,0.36536741256713867,0.5100609660148621,60,timeout,70,nondiff,Non-diff learned camera,checkpoint/2026-05-09-22-34-42/checkpoint0014.pth
specular,1.0,0.0,1.0,0.27128225564956665,0.6002609729766846,0.9714989066123962,far_right,0.40711739659309387,0.3660595118999481,0.5096080303192139,60,timeout,71,nondiff,Non-diff learned camera,checkpoint/2026-05-09-22-34-42/checkpoint0014.pth
specular,0.0,1.0,0.0,1.7333266735076904,0.683134913444519,0.9220438003540039,far_left,0.4237027168273926,0.40449103713035583,0.5044485330581665,25,collision,72,nondiff,Non-diff learned camera,checkpoint/2026-05-09-22-34-42/checkpoint0014.pth
specular,1.0,0.0,1.0,0.14317181706428528,0.6634331345558167,0.9707369208335876,far_right,0.4073450565338135,0.3667244017124176,0.5095604658126831,60,timeout,73,nondiff,Non-diff learned camera,checkpoint/2026-05-09-22-34-42/checkpoint0014.pth
specular,1.0,0.0,1.0,0.24606038630008698,0.5871361494064331,0.9723789691925049,right,0.40688958764076233,0.3651715815067291,0.5100528597831726,60,timeout,74,nondiff,Non-diff learned camera,checkpoint/2026-05-09-22-34-42/checkpoint0014.pth
specular,1.0,0.0,1.0,0.06781435757875443,0.6265577077865601,0.9730324149131775,left,0.40684249997138977,0.3651253581047058,0.5100477337837219,60,timeout,75,nondiff,Non-diff learned camera,checkpoint/2026-05-09-22-34-42/checkpoint0014.pth
specular,0.0,1.0,0.0,1.7018922567367554,0.7070420384407043,0.9269638061523438,left,0.4180128872394562,0.38873741030693054,0.5045974254608154,24,collision,76,nondiff,Non-diff learned camera,checkpoint/2026-05-09-22-34-42/checkpoint0014.pth
specular,0.0,1.0,0.0,1.797855019569397,0.6628425717353821,0.9241332411766052,left,0.420131117105484,0.394992470741272,0.5043421983718872,24,collision,77,nondiff,Non-diff learned camera,checkpoint/2026-05-09-22-34-42/checkpoint0014.pth
specular,0.0,1.0,0.0,1.8392655849456787,0.6657691597938538,0.9273838996887207,far_right,0.4170793890953064,0.3875744342803955,0.5035150647163391,27,collision,78,nondiff,Non-diff learned camera,checkpoint/2026-05-09-22-34-42/checkpoint0014.pth
specular,0.0,1.0,0.0,1.5559662580490112,0.7112358808517456,0.9358443021774292,far_right,0.4152347445487976,0.3819430470466614,0.5050889253616333,28,collision,79,nondiff,Non-diff learned camera,checkpoint/2026-05-09-22-34-42/checkpoint0014.pth
specular,1.0,0.0,1.0,0.11295676231384277,0.627875030040741,0.9722536206245422,right,0.4063296318054199,0.36483898758888245,0.5099745988845825,60,timeout,80,nondiff,Non-diff learned camera,checkpoint/2026-05-09-22-34-42/checkpoint0014.pth
specular,1.0,0.0,1.0,0.07567480951547623,0.6253224015235901,0.9725695252418518,right,0.40778714418411255,0.36596789956092834,0.5099027156829834,60,timeout,81,nondiff,Non-diff learned camera,checkpoint/2026-05-09-22-34-42/checkpoint0014.pth
specular,1.0,0.0,1.0,0.13814805448055267,0.6573131084442139,0.9675781726837158,far_right,0.40599775314331055,0.3649498522281647,0.5099021792411804,60,timeout,82,nondiff,Non-diff learned camera,checkpoint/2026-05-09-22-34-42/checkpoint0014.pth
specular,1.0,0.0,1.0,0.17190027236938477,0.6423677206039429,0.9709153175354004,far_right,0.40617212653160095,0.365047425031662,0.5098859667778015,60,timeout,83,nondiff,Non-diff learned camera,checkpoint/2026-05-09-22-34-42/checkpoint0014.pth
specular,0.0,1.0,0.0,1.7661657333374023,0.6663774251937866,0.8925238847732544,far_left,0.42563891410827637,0.4095253646373749,0.5050027370452881,25,collision,84,nondiff,Non-diff learned camera,checkpoint/2026-05-09-22-34-42/checkpoint0014.pth
specular,1.0,0.0,1.0,0.16783837974071503,0.6187396049499512,0.9719811677932739,right,0.40594345331192017,0.36414313316345215,0.5102270245552063,60,timeout,85,nondiff,Non-diff learned camera,checkpoint/2026-05-09-22-34-42/checkpoint0014.pth
specular,0.0,1.0,0.0,1.6983745098114014,0.6932003498077393,0.9310243129730225,left,0.4189445674419403,0.39186879992485046,0.5047428011894226,26,collision,86,nondiff,Non-diff learned camera,checkpoint/2026-05-09-22-34-42/checkpoint0014.pth
specular,0.0,1.0,0.0,1.7980436086654663,0.6819846630096436,0.9304162263870239,far_right,0.4163424074649811,0.3861507475376129,0.503974974155426,28,collision,87,nondiff,Non-diff learned camera,checkpoint/2026-05-09-22-34-42/checkpoint0014.pth
specular,0.0,1.0,0.0,1.772614598274231,0.682692289352417,0.9319077730178833,far_right,0.41654089093208313,0.38598018884658813,0.5040560960769653,27,collision,88,nondiff,Non-diff learned camera,checkpoint/2026-05-09-22-34-42/checkpoint0014.pth
specular,1.0,0.0,1.0,0.19475708901882172,0.6055547595024109,0.9712963700294495,left,0.40791085362434387,0.3699319362640381,0.508752703666687,60,timeout,89,nondiff,Non-diff learned camera,checkpoint/2026-05-09-22-34-42/checkpoint0014.pth
specular,0.0,1.0,0.0,1.819575548171997,0.6312445402145386,0.8069701790809631,far_left,0.4334447383880615,0.4274517297744751,0.5052305459976196,28,collision,90,nondiff,Non-diff learned camera,checkpoint/2026-05-09-22-34-42/checkpoint0014.pth
specular,1.0,0.0,1.0,0.1565721184015274,0.624579668045044,0.9717713594436646,far_right,0.4072471857070923,0.36614298820495605,0.5095164775848389,60,timeout,91,nondiff,Non-diff learned camera,checkpoint/2026-05-09-22-34-42/checkpoint0014.pth
specular,1.0,0.0,1.0,0.2194458395242691,0.6686094999313354,0.966705322265625,far_right,0.4065840244293213,0.36620110273361206,0.5094841718673706,60,timeout,92,nondiff,Non-diff learned camera,checkpoint/2026-05-09-22-34-42/checkpoint0014.pth
specular,0.0,1.0,0.0,1.6439034938812256,0.7074906229972839,0.9265046119689941,left,0.4200102686882019,0.3946276903152466,0.5042678713798523,25,collision,93,nondiff,Non-diff learned camera,checkpoint/2026-05-09-22-34-42/checkpoint0014.pth
specular,0.0,1.0,0.0,1.710659146308899,0.6660386919975281,0.8861289024353027,far_left,0.42567434906959534,0.41000062227249146,0.5052156448364258,27,collision,94,nondiff,Non-diff learned camera,checkpoint/2026-05-09-22-34-42/checkpoint0014.pth
specular,1.0,0.0,1.0,0.1636231690645218,0.6417985558509827,0.9702595472335815,far_right,0.406011164188385,0.3647961914539337,0.5099815726280212,60,timeout,95,nondiff,Non-diff learned camera,checkpoint/2026-05-09-22-34-42/checkpoint0014.pth
specular,1.0,0.0,1.0,0.17215490341186523,0.6142035722732544,0.9723982810974121,right,0.4051997661590576,0.3633114695549011,0.5103121995925903,60,timeout,96,nondiff,Non-diff learned camera,checkpoint/2026-05-09-22-34-42/checkpoint0014.pth
specular,1.0,0.0,1.0,0.15481261909008026,0.6279914975166321,0.9724537134170532,left,0.40539997816085815,0.3640667498111725,0.5100715160369873,60,timeout,97,nondiff,Non-diff learned camera,checkpoint/2026-05-09-22-34-42/checkpoint0014.pth
specular,0.0,1.0,0.0,1.7343015670776367,0.7123895287513733,0.9235519170761108,left,0.41839227080345154,0.38941168785095215,0.504338264465332,23,collision,98,nondiff,Non-diff learned camera,checkpoint/2026-05-09-22-34-42/checkpoint0014.pth
specular,1.0,0.0,1.0,0.15259453654289246,0.6050252318382263,0.9698061943054199,right,0.4047521948814392,0.36246901750564575,0.5104560256004333,60,timeout,99,nondiff,Non-diff learned camera,checkpoint/2026-05-09-22-34-42/checkpoint0014.pth
specular,0.0,1.0,0.0,1.8163641691207886,0.6635551452636719,0.8148437142372131,far_left,0.4310411810874939,0.422829270362854,0.5054805874824524,26,collision,100,nondiff,Non-diff learned camera,checkpoint/2026-05-09-22-34-42/checkpoint0014.pth
specular,1.0,0.0,1.0,0.2377876192331314,0.5740392804145813,0.9726586937904358,right,0.4078234136104584,0.36609962582588196,0.5098851323127747,60,timeout,101,nondiff,Non-diff learned camera,checkpoint/2026-05-09-22-34-42/checkpoint0014.pth
specular,1.0,0.0,1.0,0.269704669713974,0.5941485166549683,0.9720800518989563,left,0.405632346868515,0.36392632126808167,0.5102023482322693,60,timeout,102,nondiff,Non-diff learned camera,checkpoint/2026-05-09-22-34-42/checkpoint0014.pth
specular,1.0,0.0,1.0,0.10060833394527435,0.6286804676055908,0.9696469902992249,right,0.40511953830718994,0.36314380168914795,0.5102847814559937,60,timeout,103,nondiff,Non-diff learned camera,checkpoint/2026-05-09-22-34-42/checkpoint0014.pth
specular,1.0,0.0,1.0,0.15898633003234863,0.6063602566719055,0.9707320928573608,right,0.40495285391807556,0.362991601228714,0.510362446308136,60,timeout,104,nondiff,Non-diff learned camera,checkpoint/2026-05-09-22-34-42/checkpoint0014.pth
specular,1.0,0.0,1.0,0.14792421460151672,0.6372799277305603,0.9714217185974121,far_right,0.40579572319984436,0.3642546236515045,0.5100523829460144,60,timeout,105,nondiff,Non-diff learned camera,checkpoint/2026-05-09-22-34-42/checkpoint0014.pth
specular,0.0,1.0,0.0,1.7723479270935059,0.6561952233314514,0.823582112789154,far_left,0.4302283823490143,0.42070651054382324,0.5052434802055359,26,collision,106,nondiff,Non-diff learned camera,checkpoint/2026-05-09-22-34-42/checkpoint0014.pth
specular,1.0,0.0,1.0,0.15752661228179932,0.6131760478019714,0.972205400466919,right,0.40509530901908875,0.3630276024341583,0.5104462504386902,60,timeout,107,nondiff,Non-diff learned camera,checkpoint/2026-05-09-22-34-42/checkpoint0014.pth
specular,0.0,1.0,0.0,1.7430778741836548,0.6830514669418335,0.9265234470367432,left,0.41857069730758667,0.3904937207698822,0.5044648051261902,24,collision,108,nondiff,Non-diff learned camera,checkpoint/2026-05-09-22-34-42/checkpoint0014.pth
specular,0.0,1.0,0.0,1.712477684020996,0.6797159314155579,0.9245232343673706,left,0.41912901401519775,0.3921765089035034,0.5043308734893799,24,collision,109,nondiff,Non-diff learned camera,checkpoint/2026-05-09-22-34-42/checkpoint0014.pth
specular,1.0,0.0,1.0,0.11203433573246002,0.6427823901176453,0.9703028798103333,right,0.40533626079559326,0.3634944260120392,0.5102373361587524,60,timeout,110,nondiff,Non-diff learned camera,checkpoint/2026-05-09-22-34-42/checkpoint0014.pth
specular,1.0,0.0,1.0,0.05328619107604027,0.6267173290252686,0.9722439050674438,right,0.4057536721229553,0.36388102173805237,0.5102319717407227,60,timeout,111,nondiff,Non-diff learned camera,checkpoint/2026-05-09-22-34-42/checkpoint0014.pth
specular,0.0,1.0,0.0,1.8340495824813843,0.6789665222167969,0.8173285722732544,far_left,0.431654691696167,0.42389923334121704,0.5053781270980835,25,collision,112,nondiff,Non-diff learned camera,checkpoint/2026-05-09-22-34-42/checkpoint0014.pth
specular,0.0,1.0,0.0,1.8137140274047852,0.6563984155654907,0.9328650236129761,far_right,0.416522741317749,0.386942982673645,0.5037721991539001,28,collision,113,nondiff,Non-diff learned camera,checkpoint/2026-05-09-22-34-42/checkpoint0014.pth
specular,1.0,0.0,1.0,0.21473003923892975,0.6593946814537048,0.917790412902832,far_left,0.41886648535728455,0.4001615047454834,0.5048741102218628,60,timeout,114,nondiff,Non-diff learned camera,checkpoint/2026-05-09-22-34-42/checkpoint0014.pth
specular,1.0,0.0,1.0,0.09138715267181396,0.6307110786437988,0.9728878140449524,left,0.4058065414428711,0.3644300401210785,0.5100813508033752,60,timeout,115,nondiff,Non-diff learned camera,checkpoint/2026-05-09-22-34-42/checkpoint0014.pth
specular,0.0,1.0,0.0,1.7169818878173828,0.6792058944702148,0.9309548735618591,far_right,0.4165489971637726,0.3852698504924774,0.5042423009872437,26,collision,116,nondiff,Non-diff learned camera,checkpoint/2026-05-09-22-34-42/checkpoint0014.pth
specular,0.0,1.0,0.0,1.8436306715011597,0.6496160626411438,0.919918954372406,far_right,0.4181646704673767,0.3909416198730469,0.5025925040245056,26,collision,117,nondiff,Non-diff learned camera,checkpoint/2026-05-09-22-34-42/checkpoint0014.pth
specular,1.0,0.0,1.0,0.13370414078235626,0.6365240216255188,0.97136390209198,right,0.40559110045433044,0.3637227714061737,0.5101909637451172,60,timeout,118,nondiff,Non-diff learned camera,checkpoint/2026-05-09-22-34-42/checkpoint0014.pth
specular,1.0,0.0,1.0,0.09808441996574402,0.629418134689331,0.9713156819343567,right,0.4057440459728241,0.3637593686580658,0.5102147459983826,60,timeout,119,nondiff,Non-diff learned camera,checkpoint/2026-05-09-22-34-42/checkpoint0014.pth
specular,1.0,0.0,1.0,0.10465534031391144,0.6231833696365356,0.9707369804382324,left,0.4052385687828064,0.36382392048835754,0.5100694894790649,60,timeout,120,nondiff,Non-diff learned camera,checkpoint/2026-05-09-22-34-42/checkpoint0014.pth
specular,0.0,1.0,0.0,1.7627341747283936,0.6862034797668457,0.927909255027771,far_right,0.4177808165550232,0.38804811239242554,0.5035417675971985,25,collision,121,nondiff,Non-diff learned camera,checkpoint/2026-05-09-22-34-42/checkpoint0014.pth
specular,1.0,0.0,1.0,0.19683176279067993,0.6180309057235718,0.971342146396637,far_right,0.40618619322776794,0.36485418677330017,0.5099098086357117,60,timeout,122,nondiff,Non-diff learned camera,checkpoint/2026-05-09-22-34-42/checkpoint0014.pth
specular,0.0,1.0,0.0,1.6894652843475342,0.7073681950569153,0.9232022762298584,left,0.41913729906082153,0.3918842673301697,0.504374623298645,24,collision,123,nondiff,Non-diff learned camera,checkpoint/2026-05-09-22-34-42/checkpoint0014.pth
specular,1.0,0.0,1.0,0.16202718019485474,0.6312727928161621,0.9443287253379822,far_left,0.4135821759700775,0.3866250514984131,0.5065385699272156,60,timeout,124,nondiff,Non-diff learned camera,checkpoint/2026-05-09-22-34-42/checkpoint0014.pth
specular,1.0,0.0,1.0,0.0912499949336052,0.6246262192726135,0.9720269441604614,left,0.40568652749061584,0.36466705799102783,0.5100166201591492,60,timeout,125,nondiff,Non-diff learned camera,checkpoint/2026-05-09-22-34-42/checkpoint0014.pth
specular,0.0,1.0,0.0,1.7157872915267944,0.6878788471221924,0.9305439591407776,left,0.4202001392841339,0.3953515589237213,0.5044022798538208,26,collision,126,nondiff,Non-diff learned camera,checkpoint/2026-05-09-22-34-42/checkpoint0014.pth
specular,1.0,0.0,1.0,0.23970161378383636,0.5832025408744812,0.9716628789901733,left,0.406026154756546,0.3657890558242798,0.5095527768135071,60,timeout,127,nondiff,Non-diff learned camera,checkpoint/2026-05-09-22-34-42/checkpoint0014.pth
specular,0.0,1.0,0.0,1.754127025604248,0.7010128498077393,0.923151969909668,left,0.42104414105415344,0.3973377048969269,0.5041424036026001,24,collision,128,nondiff,Non-diff learned camera,checkpoint/2026-05-09-22-34-42/checkpoint0014.pth
specular,0.0,1.0,0.0,1.760265588760376,0.6609711050987244,0.9277826547622681,left,0.41912660002708435,0.3929407298564911,0.5047385096549988,25,collision,129,nondiff,Non-diff learned camera,checkpoint/2026-05-09-22-34-42/checkpoint0014.pth
specular,0.0,1.0,0.0,1.8097455501556396,0.6720750331878662,0.8514118194580078,far_left,0.42806476354599,0.41573524475097656,0.5051416158676147,25,collision,130,nondiff,Non-diff learned camera,checkpoint/2026-05-09-22-34-42/checkpoint0014.pth
specular,1.0,0.0,1.0,0.08926363289356232,0.6200605630874634,0.9723837971687317,left,0.4059508144855499,0.3644166588783264,0.5101073980331421,60,timeout,131,nondiff,Non-diff learned camera,checkpoint/2026-05-09-22-34-42/checkpoint0014.pth
specular,1.0,0.0,1.0,0.06300733238458633,0.6292840838432312,0.9708985090255737,left,0.40525558590888977,0.3638589382171631,0.5100857615470886,60,timeout,132,nondiff,Non-diff learned camera,checkpoint/2026-05-09-22-34-42/checkpoint0014.pth
specular,0.0,1.0,0.0,1.7252845764160156,0.6746180653572083,0.8689625263214111,far_left,0.427187979221344,0.4134390652179718,0.5049900412559509,27,collision,133,nondiff,Non-diff learned camera,checkpoint/2026-05-09-22-34-42/checkpoint0014.pth
specular,1.0,0.0,1.0,0.18811528384685516,0.6103804707527161,0.9724971652030945,left,0.40636757016181946,0.365181028842926,0.5100297927856445,60,timeout,134,nondiff,Non-diff learned camera,checkpoint/2026-05-09-22-34-42/checkpoint0014.pth
specular,1.0,0.0,1.0,0.11318430304527283,0.6315657496452332,0.9709418416023254,far_right,0.40547606348991394,0.3635638654232025,0.5102266669273376,60,timeout,135,nondiff,Non-diff learned camera,checkpoint/2026-05-09-22-34-42/checkpoint0014.pth
specular,1.0,0.0,1.0,0.10087879747152328,0.6467798948287964,0.968217134475708,far_right,0.40510568022727966,0.36304065585136414,0.5103632807731628,60,timeout,136,nondiff,Non-diff learned camera,checkpoint/2026-05-09-22-34-42/checkpoint0014.pth
specular,1.0,0.0,1.0,0.22192437946796417,0.6242206692695618,0.971696674823761,right,0.4063815772533417,0.36501574516296387,0.5099253058433533,60,timeout,137,nondiff,Non-diff learned camera,checkpoint/2026-05-09-22-34-42/checkpoint0014.pth
specular,1.0,0.0,1.0,0.14806438982486725,0.6050370931625366,0.9711347818374634,left,0.40540799498558044,0.3641679286956787,0.5100247859954834,60,timeout,138,nondiff,Non-diff learned camera,checkpoint/2026-05-09-22-34-42/checkpoint0014.pth
specular,1.0,0.0,1.0,0.1151529997587204,0.629621148109436,0.9695433974266052,right,0.40501877665519714,0.362734854221344,0.5103420615196228,60,timeout,139,nondiff,Non-diff learned camera,checkpoint/2026-05-09-22-34-42/checkpoint0014.pth
specular,0.0,1.0,0.0,1.7337291240692139,0.7143318057060242,0.9283251762390137,far_right,0.4175022840499878,0.38733744621276855,0.5037111639976501,25,collision,140,nondiff,Non-diff learned camera,checkpoint/2026-05-09-22-34-42/checkpoint0014.pth
specular,0.0,1.0,0.0,1.7057524919509888,0.6938521265983582,0.922935962677002,left,0.41972029209136963,0.39373359084129333,0.504390299320221,25,collision,141,nondiff,Non-diff learned camera,checkpoint/2026-05-09-22-34-42/checkpoint0014.pth
specular,1.0,0.0,1.0,0.16041633486747742,0.6116421222686768,0.9718171954154968,left,0.40580350160598755,0.3649607002735138,0.5098914504051208,60,timeout,142,nondiff,Non-diff learned camera,checkpoint/2026-05-09-22-34-42/checkpoint0014.pth
specular,0.0,1.0,0.0,1.8397095203399658,0.6799860000610352,0.8245899677276611,far_left,0.4308100938796997,0.42205363512039185,0.5055221319198608,24,collision,143,nondiff,Non-diff learned camera,checkpoint/2026-05-09-22-34-42/checkpoint0014.pth
specular,1.0,0.0,1.0,0.24033771455287933,0.6306441426277161,0.9691286087036133,far_right,0.40545010566711426,0.3637787401676178,0.510201096534729,60,timeout,144,nondiff,Non-diff learned camera,checkpoint/2026-05-09-22-34-42/checkpoint0014.pth
specular,0.0,1.0,0.0,1.6927109956741333,0.7169150114059448,0.9280780553817749,right,0.41712522506713867,0.38568371534347534,0.5042651295661926,25,collision,145,nondiff,Non-diff learned camera,checkpoint/2026-05-09-22-34-42/checkpoint0014.pth
specular,1.0,0.0,1.0,0.09381910413503647,0.6648830771446228,0.9692491292953491,far_right,0.4056636393070221,0.36407625675201416,0.5100669860839844,60,timeout,146,nondiff,Non-diff learned camera,checkpoint/2026-05-09-22-34-42/checkpoint0014.pth
specular,1.0,0.0,1.0,0.17982350289821625,0.6428313851356506,0.9232663512229919,far_left,0.41663306951522827,0.3955753743648529,0.5046474933624268,60,timeout,147,nondiff,Non-diff learned camera,checkpoint/2026-05-09-22-34-42/checkpoint0014.pth
specular,0.0,1.0,0.0,1.7973383665084839,0.6592472195625305,0.9296263456344604,far_right,0.4170098900794983,0.3882019817829132,0.5035111904144287,27,collision,148,nondiff,Non-diff learned camera,checkpoint/2026-05-09-22-34-42/checkpoint0014.pth
specular,0.0,1.0,0.0,1.690295696258545,0.7099735736846924,0.9221282005310059,far_left,0.4230138957500458,0.4023898243904114,0.5044453144073486,25,collision,149,nondiff,Non-diff learned camera,checkpoint/2026-05-09-22-34-42/checkpoint0014.pth
specular,0.0,1.0,0.0,1.8398734331130981,0.6660040020942688,0.8126335740089417,far_left,0.43514639139175415,0.4304283857345581,0.5053203105926514,27,collision,150,nondiff,Non-diff learned camera,checkpoint/2026-05-09-22-34-42/checkpoint0014.pth
specular,1.0,0.0,1.0,0.20815014839172363,0.6074491143226624,0.9722632765769958,right,0.40611255168914795,0.3644624948501587,0.5101097226142883,60,timeout,151,nondiff,Non-diff learned camera,checkpoint/2026-05-09-22-34-42/checkpoint0014.pth
specular,1.0,0.0,1.0,0.1330660730600357,0.6372525691986084,0.9713277220726013,far_right,0.4074690341949463,0.36625877022743225,0.5096355080604553,60,timeout,152,nondiff,Non-diff learned camera,checkpoint/2026-05-09-22-34-42/checkpoint0014.pth
specular,1.0,0.0,1.0,0.22996054589748383,0.620851457118988,0.9693166613578796,far_right,0.40539050102233887,0.3635441064834595,0.5101951360702515,60,timeout,153,nondiff,Non-diff learned camera,checkpoint/2026-05-09-22-34-42/checkpoint0014.pth
specular,0.0,1.0,0.0,1.7676513195037842,0.6565879583358765,0.8753587007522583,far_left,0.42668822407722473,0.4120323061943054,0.5048950910568237,26,collision,154,nondiff,Non-diff learned camera,checkpoint/2026-05-09-22-34-42/checkpoint0014.pth
specular,0.0,1.0,0.0,1.8392447233200073,0.6708586812019348,0.8056279420852661,far_left,0.43395593762397766,0.42839986085891724,0.505266547203064,27,collision,155,nondiff,Non-diff learned camera,checkpoint/2026-05-09-22-34-42/checkpoint0014.pth
specular,0.0,1.0,0.0,1.7822481393814087,0.7072428464889526,0.9277083277702332,far_right,0.4173312783241272,0.3880399763584137,0.5035384893417358,26,collision,156,nondiff,Non-diff learned camera,checkpoint/2026-05-09-22-34-42/checkpoint0014.pth
specular,0.0,1.0,0.0,1.810124158859253,0.653223991394043,0.9124647974967957,far_left,0.4243171215057373,0.4057999551296234,0.5044447779655457,24,collision,157,nondiff,Non-diff learned camera,checkpoint/2026-05-09-22-34-42/checkpoint0014.pth
specular,0.0,1.0,0.0,1.7631452083587646,0.6441035270690918,0.9266252517700195,far_left,0.42054447531700134,0.39682134985923767,0.5047862529754639,25,collision,158,nondiff,Non-diff learned camera,checkpoint/2026-05-09-22-34-42/checkpoint0014.pth
specular,0.0,1.0,0.0,1.8375978469848633,0.6673988103866577,0.8138599991798401,far_left,0.4334096908569336,0.4272052049636841,0.5052343010902405,26,collision,159,nondiff,Non-diff learned camera,checkpoint/2026-05-09-22-34-42/checkpoint0014.pth
specular,0.0,1.0,0.0,1.7830228805541992,0.6691901087760925,0.819444477558136,far_left,0.4309292137622833,0.422974169254303,0.5053980350494385,27,collision,160,nondiff,Non-diff learned camera,checkpoint/2026-05-09-22-34-42/checkpoint0014.pth
specular,1.0,0.0,1.0,0.20267453789710999,0.614424467086792,0.9708117246627808,far_right,0.4069998860359192,0.36607861518859863,0.5096509456634521,60,timeout,161,nondiff,Non-diff learned camera,checkpoint/2026-05-09-22-34-42/checkpoint0014.pth
specular,0.0,1.0,0.0,1.745936632156372,0.658508837223053,0.9221758842468262,far_left,0.42339152097702026,0.4039137065410614,0.5045499205589294,26,collision,162,nondiff,Non-diff learned camera,checkpoint/2026-05-09-22-34-42/checkpoint0014.pth
specular,0.0,1.0,0.0,1.795805811882019,0.6525747776031494,0.9247263669967651,far_left,0.42277583479881287,0.4026469588279724,0.5047985315322876,25,collision,163,nondiff,Non-diff learned camera,checkpoint/2026-05-09-22-34-42/checkpoint0014.pth
specular,0.0,1.0,0.0,1.748469591140747,0.6705677509307861,0.9246678948402405,right,0.4175359010696411,0.38624539971351624,0.504126787185669,24,collision,164,nondiff,Non-diff learned camera,checkpoint/2026-05-09-22-34-42/checkpoint0014.pth
specular,0.0,1.0,0.0,1.7245910167694092,0.664799153804779,0.9243344664573669,far_left,0.42221713066101074,0.4007021188735962,0.5045039057731628,26,collision,165,nondiff,Non-diff learned camera,checkpoint/2026-05-09-22-34-42/checkpoint0014.pth
specular,1.0,0.0,1.0,0.1219150573015213,0.5951194167137146,0.9726370573043823,left,0.4076490104198456,0.3659746050834656,0.5098710060119629,60,timeout,166,nondiff,Non-diff learned camera,checkpoint/2026-05-09-22-34-42/checkpoint0014.pth
specular,1.0,0.0,1.0,0.10517372190952301,0.6452502012252808,0.9726032614707947,right,0.4058009088039398,0.36409056186676025,0.5102968215942383,60,timeout,167,nondiff,Non-diff learned camera,checkpoint/2026-05-09-22-34-42/checkpoint0014.pth
specular,1.0,0.0,1.0,0.13907073438167572,0.650797963142395,0.9707080125808716,far_right,0.407463401556015,0.36692509055137634,0.5094230771064758,60,timeout,168,nondiff,Non-diff learned camera,checkpoint/2026-05-09-22-34-42/checkpoint0014.pth
specular,1.0,0.0,1.0,0.18251843750476837,0.612776517868042,0.9715446829795837,left,0.4069788157939911,0.36831241846084595,0.508795976638794,60,timeout,169,nondiff,Non-diff learned camera,checkpoint/2026-05-09-22-34-42/checkpoint0014.pth
specular,1.0,0.0,1.0,0.2016810029745102,0.6414543390274048,0.932723343372345,far_left,0.41459977626800537,0.3902636468410492,0.5054690837860107,60,timeout,170,nondiff,Non-diff learned camera,checkpoint/2026-05-09-22-34-42/checkpoint0014.pth
specular,0.0,1.0,0.0,1.7564051151275635,0.7002008557319641,0.922355055809021,far_right,0.41871029138565063,0.38897186517715454,0.5034723877906799,23,collision,171,nondiff,Non-diff learned camera,checkpoint/2026-05-09-22-34-42/checkpoint0014.pth
specular,1.0,0.0,1.0,0.10750950127840042,0.6793826818466187,0.9679495096206665,far_right,0.4060371518135071,0.36488795280456543,0.5098836421966553,60,timeout,172,nondiff,Non-diff learned camera,checkpoint/2026-05-09-22-34-42/checkpoint0014.pth
specular,0.0,1.0,0.0,1.7113244533538818,0.682646632194519,0.9286516308784485,left,0.4200400412082672,0.39503300189971924,0.5043630003929138,26,collision,173,nondiff,Non-diff learned camera,checkpoint/2026-05-09-22-34-42/checkpoint0014.pth
specular,1.0,0.0,1.0,0.18321338295936584,0.6305033564567566,0.9250627160072327,far_left,0.4160676598548889,0.3938281536102295,0.505092203617096,60,timeout,174,nondiff,Non-diff learned camera,checkpoint/2026-05-09-22-34-42/checkpoint0014.pth
specular,0.0,1.0,0.0,1.7719320058822632,0.7017605304718018,0.9254919290542603,far_right,0.41670843958854675,0.3866043984889984,0.5038886070251465,27,collision,175,nondiff,Non-diff learned camera,checkpoint/2026-05-09-22-34-42/checkpoint0014.pth
specular,0.0,1.0,0.0,1.7925617694854736,0.6725992560386658,0.815983772277832,far_left,0.4322555363178253,0.4252544939517975,0.5055217146873474,26,collision,176,nondiff,Non-diff learned camera,checkpoint/2026-05-09-22-34-42/checkpoint0014.pth
specular,1.0,0.0,1.0,0.07059631496667862,0.6404002904891968,0.9718244671821594,left,0.4062751233577728,0.3654125928878784,0.5097683668136597,60,timeout,177,nondiff,Non-diff learned camera,checkpoint/2026-05-09-22-34-42/checkpoint0014.pth
specular,0.0,1.0,0.0,1.7702361345291138,0.6487473845481873,0.928496778011322,far_right,0.4163055717945099,0.3851470351219177,0.5042452812194824,27,collision,178,nondiff,Non-diff learned camera,checkpoint/2026-05-09-22-34-42/checkpoint0014.pth
specular,1.0,0.0,1.0,0.13597697019577026,0.6213662624359131,0.9714603424072266,right,0.40725669264793396,0.3654087781906128,0.5100186467170715,60,timeout,179,nondiff,Non-diff learned camera,checkpoint/2026-05-09-22-34-42/checkpoint0014.pth
specular,1.0,0.0,1.0,0.15214358270168304,0.6179586052894592,0.9706356525421143,left,0.4050500690937042,0.36336445808410645,0.5102607607841492,60,timeout,180,nondiff,Non-diff learned camera,checkpoint/2026-05-09-22-34-42/checkpoint0014.pth
specular,1.0,0.0,1.0,0.2327912598848343,0.6473375558853149,0.9693529009819031,far_right,0.40607964992523193,0.3650670349597931,0.5098974108695984,60,timeout,181,nondiff,Non-diff learned camera,checkpoint/2026-05-09-22-34-42/checkpoint0014.pth
specular,0.0,1.0,0.0,1.7801376581192017,0.6838232278823853,0.9313401579856873,far_right,0.4165736734867096,0.38634487986564636,0.5040218830108643,27,collision,182,nondiff,Non-diff learned camera,checkpoint/2026-05-09-22-34-42/checkpoint0014.pth
specular,1.0,0.0,1.0,0.11618030071258545,0.6276832222938538,0.9721306562423706,left,0.40565696358680725,0.36458635330200195,0.5100091695785522,60,timeout,183,nondiff,Non-diff learned camera,checkpoint/2026-05-09-22-34-42/checkpoint0014.pth
specular,0.0,1.0,0.0,1.7668936252593994,0.6771256923675537,0.9250956177711487,left,0.4205668568611145,0.3960288465023041,0.5042210817337036,24,collision,184,nondiff,Non-diff learned camera,checkpoint/2026-05-09-22-34-42/checkpoint0014.pth
specular,1.0,0.0,1.0,0.18667586147785187,0.5949419736862183,0.9718677997589111,right,0.40762221813201904,0.3659793436527252,0.5097991228103638,60,timeout,185,nondiff,Non-diff learned camera,checkpoint/2026-05-09-22-34-42/checkpoint0014.pth
specular,0.0,1.0,0.0,1.7627348899841309,0.6728761196136475,0.9222487807273865,far_left,0.4236312806606293,0.4044223725795746,0.5048136711120605,25,collision,186,nondiff,Non-diff learned camera,checkpoint/2026-05-09-22-34-42/checkpoint0014.pth
specular,0.0,1.0,0.0,1.763602614402771,0.6934059262275696,0.9107852578163147,far_left,0.42476269602775574,0.4066096544265747,0.504543662071228,24,collision,187,nondiff,Non-diff learned camera,checkpoint/2026-05-09-22-34-42/checkpoint0014.pth
specular,1.0,0.0,1.0,0.24194933474063873,0.6427236199378967,0.9193649291992188,far_left,0.4182339012622833,0.39915403723716736,0.5042263865470886,60,timeout,188,nondiff,Non-diff learned camera,checkpoint/2026-05-09-22-34-42/checkpoint0014.pth
specular,1.0,0.0,1.0,0.104343481361866,0.6282232403755188,0.9722246527671814,left,0.40752649307250977,0.3669813871383667,0.5095177292823792,60,timeout,189,nondiff,Non-diff learned camera,checkpoint/2026-05-09-22-34-42/checkpoint0014.pth
specular,0.0,1.0,0.0,1.6969966888427734,0.6842525601387024,0.920661985874176,far_left,0.423190176486969,0.4029496908187866,0.5043817758560181,27,collision,190,nondiff,Non-diff learned camera,checkpoint/2026-05-09-22-34-42/checkpoint0014.pth
specular,1.0,0.0,1.0,0.14841356873512268,0.6361411213874817,0.9717689752578735,far_right,0.4080927073955536,0.3671053647994995,0.5094221830368042,60,timeout,191,nondiff,Non-diff learned camera,checkpoint/2026-05-09-22-34-42/checkpoint0014.pth
specular,1.0,0.0,1.0,0.16914819180965424,0.6160321831703186,0.9718822836875916,right,0.4063026010990143,0.3645201027393341,0.5100637674331665,60,timeout,192,nondiff,Non-diff learned camera,checkpoint/2026-05-09-22-34-42/checkpoint0014.pth
specular,1.0,0.0,1.0,0.171885147690773,0.6075079441070557,0.9698086380958557,right,0.40467074513435364,0.36237192153930664,0.5105049014091492,60,timeout,193,nondiff,Non-diff learned camera,checkpoint/2026-05-09-22-34-42/checkpoint0014.pth
specular,1.0,0.0,1.0,0.11033564060926437,0.6379467248916626,0.9690274000167847,right,0.404964417219162,0.36266767978668213,0.5103763341903687,60,timeout,194,nondiff,Non-diff learned camera,checkpoint/2026-05-09-22-34-42/checkpoint0014.pth
specular,1.0,0.0,1.0,0.17419417202472687,0.605098307132721,0.9713252782821655,right,0.405816912651062,0.3639259934425354,0.5102018117904663,60,timeout,195,nondiff,Non-diff learned camera,checkpoint/2026-05-09-22-34-42/checkpoint0014.pth
specular,1.0,0.0,1.0,0.15113385021686554,0.6194759607315063,0.9721185564994812,left,0.405621737241745,0.36439213156700134,0.5100592970848083,60,timeout,196,nondiff,Non-diff learned camera,checkpoint/2026-05-09-22-34-42/checkpoint0014.pth
specular,0.0,1.0,0.0,1.844896674156189,0.6535956263542175,0.8175358772277832,far_left,0.4343087375164032,0.42913299798965454,0.5053938627243042,27,collision,197,nondiff,Non-diff learned camera,checkpoint/2026-05-09-22-34-42/checkpoint0014.pth
specular,1.0,0.0,1.0,0.07309355586767197,0.6323512196540833,0.9712722301483154,right,0.40505677461624146,0.3629063665866852,0.5104310512542725,60,timeout,198,nondiff,Non-diff learned camera,checkpoint/2026-05-09-22-34-42/checkpoint0014.pth
specular,0.0,1.0,0.0,1.838972568511963,0.649522602558136,0.8101240396499634,far_left,0.4349049925804138,0.4300597012042999,0.5053555369377136,27,collision,199,nondiff,Non-diff learned camera,checkpoint/2026-05-09-22-34-42/checkpoint0014.pth
specular,0.0,1.0,0.0,1.8313645124435425,0.6567040085792542,0.8445276618003845,far_left,0.4285142421722412,0.4166792631149292,0.505297839641571,25,collision,200,nondiff,Non-diff learned camera,checkpoint/2026-05-09-22-34-42/checkpoint0014.pth
specular,0.0,1.0,0.0,1.4376271963119507,0.716652512550354,0.9372267723083496,left,0.41482460498809814,0.3807527720928192,0.5060750246047974,28,collision,201,nondiff,Non-diff learned camera,checkpoint/2026-05-09-22-34-42/checkpoint0014.pth
specular,0.0,1.0,0.0,1.7921700477600098,0.6445084810256958,0.9237196445465088,far_left,0.4221530854701996,0.4007589519023895,0.5047678351402283,25,collision,202,nondiff,Non-diff learned camera,checkpoint/2026-05-09-22-34-42/checkpoint0014.pth
specular,0.0,1.0,0.0,1.775212049484253,0.6651281714439392,0.8092592358589172,far_left,0.4324779808521271,0.4254295527935028,0.5051702260971069,26,collision,203,nondiff,Non-diff learned camera,checkpoint/2026-05-09-22-34-42/checkpoint0014.pth
specular,1.0,0.0,1.0,0.1140732690691948,0.6172728538513184,0.9717761874198914,left,0.40538913011550903,0.36417216062545776,0.5100817084312439,60,timeout,204,nondiff,Non-diff learned camera,checkpoint/2026-05-09-22-34-42/checkpoint0014.pth
specular,1.0,0.0,1.0,0.12954580783843994,0.6095036864280701,0.9719184637069702,left,0.4064638614654541,0.36529213190078735,0.5099405646324158,60,timeout,205,nondiff,Non-diff learned camera,checkpoint/2026-05-09-22-34-42/checkpoint0014.pth
specular,1.0,0.0,1.0,0.08968879282474518,0.6300102472305298,0.9718196392059326,left,0.40550845861434937,0.3642749488353729,0.5100988149642944,60,timeout,206,nondiff,Non-diff learned camera,checkpoint/2026-05-09-22-34-42/checkpoint0014.pth
specular,1.0,0.0,1.0,0.1961052119731903,0.5903465747833252,0.9691165089607239,left,0.40560147166252136,0.36462506651878357,0.5095937848091125,60,timeout,207,nondiff,Non-diff learned camera,checkpoint/2026-05-09-22-34-42/checkpoint0014.pth
specular,0.0,1.0,0.0,1.69273042678833,0.679755687713623,0.927776575088501,left,0.41903918981552124,0.39184078574180603,0.5044302940368652,25,collision,208,nondiff,Non-diff learned camera,checkpoint/2026-05-09-22-34-42/checkpoint0014.pth
specular,1.0,0.0,1.0,0.15358228981494904,0.6293357014656067,0.9710359573364258,left,0.40501704812049866,0.36322876811027527,0.5103095769882202,60,timeout,209,nondiff,Non-diff learned camera,checkpoint/2026-05-09-22-34-42/checkpoint0014.pth
specular,0.0,1.0,0.0,1.509294033050537,0.7472180128097534,0.9315508604049683,right,0.41591453552246094,0.3830486834049225,0.505129337310791,26,collision,210,nondiff,Non-diff learned camera,checkpoint/2026-05-09-22-34-42/checkpoint0014.pth
specular,1.0,0.0,1.0,0.17363408207893372,0.6477428674697876,0.9712939262390137,far_right,0.4085958003997803,0.36853501200675964,0.5090758204460144,60,timeout,211,nondiff,Non-diff learned camera,checkpoint/2026-05-09-22-34-42/checkpoint0014.pth
specular,1.0,0.0,1.0,0.2498016059398651,0.614862322807312,0.9717617034912109,right,0.40548357367515564,0.3635486662387848,0.5103859305381775,60,timeout,212,nondiff,Non-diff learned camera,checkpoint/2026-05-09-22-34-42/checkpoint0014.pth
specular,0.0,1.0,0.0,1.8033918142318726,0.6450403332710266,0.8099125623703003,far_left,0.4323329031467438,0.4253251552581787,0.5051114559173584,27,collision,213,nondiff,Non-diff learned camera,checkpoint/2026-05-09-22-34-42/checkpoint0014.pth
specular,0.0,1.0,0.0,1.741578221321106,0.6642266511917114,0.9125434756278992,far_left,0.4244609773159027,0.4061362147331238,0.5045949220657349,25,collision,214,nondiff,Non-diff learned camera,checkpoint/2026-05-09-22-34-42/checkpoint0014.pth
specular,0.0,1.0,0.0,1.8490691184997559,0.6488690972328186,0.9297153949737549,far_right,0.4174223840236664,0.3892289102077484,0.5030688643455505,27,collision,215,nondiff,Non-diff learned camera,checkpoint/2026-05-09-22-34-42/checkpoint0014.pth
specular,0.0,1.0,0.0,1.7910560369491577,0.6357413530349731,0.9299015402793884,far_right,0.41681158542633057,0.3860924541950226,0.504013180732727,26,collision,216,nondiff,Non-diff learned camera,checkpoint/2026-05-09-22-34-42/checkpoint0014.pth
specular,0.0,1.0,0.0,1.8409974575042725,0.6616666913032532,0.8118865489959717,far_left,0.43308025598526,0.42673757672309875,0.5053667426109314,26,collision,217,nondiff,Non-diff learned camera,checkpoint/2026-05-09-22-34-42/checkpoint0014.pth
specular,0.0,1.0,0.0,1.7810460329055786,0.6662209033966064,0.8415195941925049,far_left,0.4287264347076416,0.41745275259017944,0.5054062008857727,25,collision,218,nondiff,Non-diff learned camera,checkpoint/2026-05-09-22-34-42/checkpoint0014.pth
specular,1.0,0.0,1.0,0.16488094627857208,0.6028422713279724,0.9719016551971436,right,0.4049503207206726,0.36306440830230713,0.5104736685752869,60,timeout,219,nondiff,Non-diff learned camera,checkpoint/2026-05-09-22-34-42/checkpoint0014.pth
specular,0.0,1.0,0.0,1.7609202861785889,0.6887405514717102,0.9196734428405762,far_left,0.4234580993652344,0.40389102697372437,0.5045186877250671,24,collision,220,nondiff,Non-diff learned camera,checkpoint/2026-05-09-22-34-42/checkpoint0014.pth
specular,1.0,0.0,1.0,0.10463561862707138,0.612683892250061,0.9725043773651123,right,0.40540817379951477,0.3635322153568268,0.5102730393409729,60,timeout,221,nondiff,Non-diff learned camera,checkpoint/2026-05-09-22-34-42/checkpoint0014.pth
specular,0.0,1.0,0.0,1.7517818212509155,0.6790440082550049,0.8698338866233826,far_left,0.42708224058151245,0.41307124495506287,0.505102276802063,25,collision,222,nondiff,Non-diff learned camera,checkpoint/2026-05-09-22-34-42/checkpoint0014.pth
specular,1.0,0.0,1.0,0.16303394734859467,0.5910717844963074,0.9719353318214417,right,0.4052475094795227,0.3632623255252838,0.5103935599327087,60,timeout,223,nondiff,Non-diff learned camera,checkpoint/2026-05-09-22-34-42/checkpoint0014.pth
specular,0.0,1.0,0.0,1.7390419244766235,0.6635634303092957,0.9296814799308777,left,0.4184722304344177,0.39037173986434937,0.5045203566551208,25,collision,224,nondiff,Non-diff learned camera,checkpoint/2026-05-09-22-34-42/checkpoint0014.pth
specular,0.0,1.0,0.0,1.728933572769165,0.6717221140861511,0.9242622256278992,far_left,0.4231840968132019,0.4032403826713562,0.5046402215957642,25,collision,225,nondiff,Non-diff learned camera,checkpoint/2026-05-09-22-34-42/checkpoint0014.pth
specular,0.0,1.0,0.0,1.6620144844055176,0.6733782291412354,0.9305092692375183,left,0.4181951880455017,0.3897056579589844,0.5046941041946411,26,collision,226,nondiff,Non-diff learned camera,checkpoint/2026-05-09-22-34-42/checkpoint0014.pth
specular,0.0,1.0,0.0,1.734942078590393,0.6659584641456604,0.8664699196815491,far_left,0.4269873797893524,0.4131292700767517,0.5051060318946838,26,collision,227,nondiff,Non-diff learned camera,checkpoint/2026-05-09-22-34-42/checkpoint0014.pth
specular,1.0,0.0,1.0,0.18216979503631592,0.6773402690887451,0.9700690507888794,far_right,0.4066258370876312,0.366122305393219,0.509682834148407,60,timeout,228,nondiff,Non-diff learned camera,checkpoint/2026-05-09-22-34-42/checkpoint0014.pth
specular,0.0,1.0,0.0,1.7911347150802612,0.6375706195831299,0.8204795122146606,far_left,0.4299170672893524,0.42019492387771606,0.5053089261054993,27,collision,229,nondiff,Non-diff learned camera,checkpoint/2026-05-09-22-34-42/checkpoint0014.pth
specular,1.0,0.0,1.0,0.21222876012325287,0.5990484952926636,0.9725406169891357,left,0.40692734718322754,0.36542606353759766,0.509952187538147,60,timeout,230,nondiff,Non-diff learned camera,checkpoint/2026-05-09-22-34-42/checkpoint0014.pth
specular,0.0,1.0,0.0,1.843282699584961,0.6747446060180664,0.9304443001747131,far_right,0.416931688785553,0.38775742053985596,0.503508448600769,27,collision,231,nondiff,Non-diff learned camera,checkpoint/2026-05-09-22-34-42/checkpoint0014.pth
specular,0.0,1.0,0.0,1.6591057777404785,0.7000181078910828,0.9230324625968933,left,0.41911470890045166,0.39178377389907837,0.5041589140892029,25,collision,232,nondiff,Non-diff learned camera,checkpoint/2026-05-09-22-34-42/checkpoint0014.pth
specular,1.0,0.0,1.0,0.14169102907180786,0.6097357869148254,0.9719618558883667,left,0.4064783453941345,0.36666783690452576,0.5094591379165649,60,timeout,233,nondiff,Non-diff learned camera,checkpoint/2026-05-09-22-34-42/checkpoint0014.pth
specular,0.0,1.0,0.0,1.8374732732772827,0.6645796298980713,0.8146527409553528,far_left,0.4323311448097229,0.4252634644508362,0.5054528713226318,26,collision,234,nondiff,Non-diff learned camera,checkpoint/2026-05-09-22-34-42/checkpoint0014.pth
specular,0.0,1.0,0.0,1.7299481630325317,0.6776974201202393,0.9251965284347534,far_left,0.4209011495113373,0.39721155166625977,0.504421591758728,25,collision,235,nondiff,Non-diff learned camera,checkpoint/2026-05-09-22-34-42/checkpoint0014.pth
specular,0.0,1.0,0.0,1.7590339183807373,0.6318985819816589,0.924403965473175,left,0.4191076457500458,0.39255276322364807,0.5046390295028687,26,collision,236,nondiff,Non-diff learned camera,checkpoint/2026-05-09-22-34-42/checkpoint0014.pth
specular,0.0,1.0,0.0,1.6195392608642578,0.7051708698272705,0.9218372702598572,right,0.41671377420425415,0.38485628366470337,0.5048999786376953,24,collision,237,nondiff,Non-diff learned camera,checkpoint/2026-05-09-22-34-42/checkpoint0014.pth
specular,1.0,0.0,1.0,0.06114821508526802,0.6163284778594971,0.9712722301483154,right,0.4050673246383667,0.3630172610282898,0.5104093551635742,60,timeout,238,nondiff,Non-diff learned camera,checkpoint/2026-05-09-22-34-42/checkpoint0014.pth
specular,0.0,1.0,0.0,1.7814042568206787,0.6496268510818481,0.8268055319786072,far_left,0.4303748309612274,0.4212692975997925,0.5052818655967712,26,collision,239,nondiff,Non-diff learned camera,checkpoint/2026-05-09-22-34-42/checkpoint0014.pth
specular,0.0,1.0,0.0,1.5713937282562256,0.7269427180290222,0.9310705065727234,left,0.4183892011642456,0.3901437819004059,0.504542887210846,26,collision,240,nondiff,Non-diff learned camera,checkpoint/2026-05-09-22-34-42/checkpoint0014.pth
specular,0.0,1.0,0.0,1.844991683959961,0.6682038903236389,0.9274826645851135,far_right,0.4177868962287903,0.38975784182548523,0.5030825138092041,26,collision,241,nondiff,Non-diff learned camera,checkpoint/2026-05-09-22-34-42/checkpoint0014.pth
specular,1.0,0.0,1.0,0.15970554947853088,0.609833836555481,0.9703319072723389,right,0.4049813747406006,0.36278706789016724,0.5103583335876465,60,timeout,242,nondiff,Non-diff learned camera,checkpoint/2026-05-09-22-34-42/checkpoint0014.pth
specular,1.0,0.0,1.0,0.1286700963973999,0.6444151997566223,0.9716387391090393,right,0.40734922885894775,0.3662918210029602,0.5095784068107605,60,timeout,243,nondiff,Non-diff learned camera,checkpoint/2026-05-09-22-34-42/checkpoint0014.pth
specular,1.0,0.0,1.0,0.09600536525249481,0.626642107963562,0.9718871116638184,right,0.4056050777435303,0.36372244358062744,0.5103265643119812,60,timeout,244,nondiff,Non-diff learned camera,checkpoint/2026-05-09-22-34-42/checkpoint0014.pth
specular,1.0,0.0,1.0,0.2151506245136261,0.6694746613502502,0.9690104722976685,far_right,0.40626367926597595,0.3655416667461395,0.5098099112510681,60,timeout,245,nondiff,Non-diff learned camera,checkpoint/2026-05-09-22-34-42/checkpoint0014.pth
specular,1.0,0.0,1.0,0.12321387231349945,0.6353986263275146,0.9711299538612366,left,0.40650108456611633,0.3671829402446747,0.509076714515686,60,timeout,246,nondiff,Non-diff learned camera,checkpoint/2026-05-09-22-34-42/checkpoint0014.pth
specular,0.0,1.0,0.0,1.8234221935272217,0.6460264921188354,0.9334800839424133,far_right,0.4162316918373108,0.386701375246048,0.503696858882904,29,collision,247,nondiff,Non-diff learned camera,checkpoint/2026-05-09-22-34-42/checkpoint0014.pth
specular,0.0,1.0,0.0,1.729339599609375,0.6659965515136719,0.9293112754821777,left,0.42016851902008057,0.39532041549682617,0.5045267343521118,26,collision,248,nondiff,Non-diff learned camera,checkpoint/2026-05-09-22-34-42/checkpoint0014.pth
specular,1.0,0.0,1.0,0.10371731966733932,0.6279187798500061,0.9724248051643372,left,0.40772172808647156,0.36727067828178406,0.5093549489974976,60,timeout,249,nondiff,Non-diff learned camera,checkpoint/2026-05-09-22-34-42/checkpoint0014.pth
specular,0.0,1.0,0.0,1.7639213800430298,0.6847286224365234,0.9198558926582336,far_left,0.42408594489097595,0.4052789509296417,0.504675030708313,24,collision,250,nondiff,Non-diff learned camera,checkpoint/2026-05-09-22-34-42/checkpoint0014.pth
specular,0.0,1.0,0.0,1.7648980617523193,0.6584435701370239,0.8725867867469788,far_left,0.42660248279571533,0.4125415086746216,0.5053322315216064,26,collision,251,nondiff,Non-diff learned camera,checkpoint/2026-05-09-22-34-42/checkpoint0014.pth
specular,1.0,0.0,1.0,0.18194270133972168,0.6077072620391846,0.9709611535072327,right,0.4048682451248169,0.36261630058288574,0.5104397535324097,60,timeout,252,nondiff,Non-diff learned camera,checkpoint/2026-05-09-22-34-42/checkpoint0014.pth
specular,0.0,1.0,0.0,1.8003244400024414,0.6527409553527832,0.8657588362693787,far_left,0.42725348472595215,0.41381192207336426,0.5050646662712097,25,collision,253,nondiff,Non-diff learned camera,checkpoint/2026-05-09-22-34-42/checkpoint0014.pth
specular,1.0,0.0,1.0,0.2298099249601364,0.607096254825592,0.9699532985687256,far_right,0.4054201543331146,0.36360564827919006,0.5101845860481262,60,timeout,254,nondiff,Non-diff learned camera,checkpoint/2026-05-09-22-34-42/checkpoint0014.pth
specular,1.0,0.0,1.0,0.22678950428962708,0.6515821218490601,0.914928138256073,far_left,0.4196532368659973,0.40235501527786255,0.5037485361099243,60,timeout,255,nondiff,Non-diff learned camera,checkpoint/2026-05-09-22-34-42/checkpoint0014.pth
specular,1.0,0.0,1.0,0.1437392234802246,0.6085957884788513,0.9712070822715759,left,0.405367374420166,0.364007830619812,0.5100073218345642,60,timeout,256,nondiff,Non-diff learned camera,checkpoint/2026-05-09-22-34-42/checkpoint0014.pth
specular,1.0,0.0,1.0,0.13109789788722992,0.6329460740089417,0.9711131453514099,far_right,0.4071046710014343,0.365883469581604,0.5095946788787842,60,timeout,257,nondiff,Non-diff learned camera,checkpoint/2026-05-09-22-34-42/checkpoint0014.pth
specular,1.0,0.0,1.0,0.18383030593395233,0.5881325006484985,0.9700714349746704,left,0.40493273735046387,0.36308857798576355,0.510179340839386,60,timeout,258,nondiff,Non-diff learned camera,checkpoint/2026-05-09-22-34-42/checkpoint0014.pth
specular,0.0,1.0,0.0,1.7944868803024292,0.6863095164299011,0.8122106790542603,far_left,0.4325098395347595,0.425631046295166,0.5052293539047241,26,collision,259,nondiff,Non-diff learned camera,checkpoint/2026-05-09-22-34-42/checkpoint0014.pth
specular,0.0,1.0,0.0,1.7782084941864014,0.6609845161437988,0.9253472089767456,far_left,0.42203110456466675,0.40037664771080017,0.5045459270477295,25,collision,260,nondiff,Non-diff learned camera,checkpoint/2026-05-09-22-34-42/checkpoint0014.pth
specular,1.0,0.0,1.0,0.12190091609954834,0.6184163689613342,0.9714289903640747,right,0.40492355823516846,0.3629993498325348,0.5103605389595032,60,timeout,261,nondiff,Non-diff learned camera,checkpoint/2026-05-09-22-34-42/checkpoint0014.pth
specular,0.0,1.0,0.0,1.7504609823226929,0.7109211087226868,0.8431249856948853,far_left,0.4289388060569763,0.41794416308403015,0.5051776766777039,26,collision,262,nondiff,Non-diff learned camera,checkpoint/2026-05-09-22-34-42/checkpoint0014.pth
specular,0.0,1.0,0.0,1.8648937940597534,0.6911431550979614,0.8137788772583008,far_left,0.43526923656463623,0.4304545521736145,0.5054713487625122,26,collision,263,nondiff,Non-diff learned camera,checkpoint/2026-05-09-22-34-42/checkpoint0014.pth
specular,1.0,0.0,1.0,0.21713010966777802,0.6477537155151367,0.9699773788452148,far_right,0.4077342450618744,0.3674171566963196,0.5093793272972107,60,timeout,264,nondiff,Non-diff learned camera,checkpoint/2026-05-09-22-34-42/checkpoint0014.pth
specular,0.0,1.0,0.0,1.6377681493759155,0.7175650596618652,0.9240753054618835,left,0.4181787669658661,0.3892691135406494,0.5043834447860718,25,collision,265,nondiff,Non-diff learned camera,checkpoint/2026-05-09-22-34-42/checkpoint0014.pth
specular,1.0,0.0,1.0,0.11654944717884064,0.6126818060874939,0.9723838567733765,left,0.4051356911659241,0.3633802831172943,0.5103583931922913,60,timeout,266,nondiff,Non-diff learned camera,checkpoint/2026-05-09-22-34-42/checkpoint0014.pth
specular,0.0,1.0,0.0,1.8021196126937866,0.6686385273933411,0.8192163705825806,far_left,0.4304497539997101,0.42169612646102905,0.5054622888565063,27,collision,267,nondiff,Non-diff learned camera,checkpoint/2026-05-09-22-34-42/checkpoint0014.pth
specular,1.0,0.0,1.0,0.17756998538970947,0.6119341850280762,0.9717761874198914,left,0.40542852878570557,0.36408886313438416,0.5101087093353271,60,timeout,268,nondiff,Non-diff learned camera,checkpoint/2026-05-09-22-34-42/checkpoint0014.pth
specular,0.0,1.0,0.0,1.5877851247787476,0.7025847434997559,0.9355441927909851,far_right,0.4153619110584259,0.3825494945049286,0.5049961805343628,28,collision,269,nondiff,Non-diff learned camera,checkpoint/2026-05-09-22-34-42/checkpoint0014.pth
specular,1.0,0.0,1.0,0.01755107194185257,0.6566351652145386,0.9716483950614929,right,0.4068266451358795,0.36533087491989136,0.5098523497581482,60,timeout,270,nondiff,Non-diff learned camera,checkpoint/2026-05-09-22-34-42/checkpoint0014.pth
specular,0.0,1.0,0.0,1.5162967443466187,0.7307956218719482,0.9345787167549133,right,0.4156021177768707,0.382409930229187,0.505164623260498,27,collision,271,nondiff,Non-diff learned camera,checkpoint/2026-05-09-22-34-42/checkpoint0014.pth
specular,1.0,0.0,1.0,0.21080555021762848,0.6417781710624695,0.9706284999847412,far_right,0.4057556092739105,0.36461377143859863,0.5101108551025391,60,timeout,272,nondiff,Non-diff learned camera,checkpoint/2026-05-09-22-34-42/checkpoint0014.pth
specular,1.0,0.0,1.0,0.18464131653308868,0.6494598984718323,0.9702956676483154,far_right,0.4063694179058075,0.36545589566230774,0.5098645687103271,60,timeout,273,nondiff,Non-diff learned camera,checkpoint/2026-05-09-22-34-42/checkpoint0014.pth
specular,1.0,0.0,1.0,0.26253560185432434,0.5926789045333862,0.9724634289741516,left,0.4065501093864441,0.36562660336494446,0.5099452137947083,60,timeout,274,nondiff,Non-diff learned camera,checkpoint/2026-05-09-22-34-42/checkpoint0014.pth
specular,1.0,0.0,1.0,0.2441496104001999,0.6250379085540771,0.969102144241333,far_right,0.40556269884109497,0.3638782501220703,0.5100833773612976,60,timeout,275,nondiff,Non-diff learned camera,checkpoint/2026-05-09-22-34-42/checkpoint0014.pth
specular,1.0,0.0,1.0,0.12204392999410629,0.6726718544960022,0.9710214734077454,far_right,0.40788447856903076,0.3673361539840698,0.50942462682724,60,timeout,276,nondiff,Non-diff learned camera,checkpoint/2026-05-09-22-34-42/checkpoint0014.pth
specular,0.0,1.0,0.0,1.695766568183899,0.7050779461860657,0.9286307692527771,left,0.4168606400489807,0.3856852352619171,0.5051341652870178,24,collision,277,nondiff,Non-diff learned camera,checkpoint/2026-05-09-22-34-42/checkpoint0014.pth
specular,0.0,1.0,0.0,1.657484531402588,0.7419728636741638,0.9261429905891418,left,0.41750216484069824,0.3870691955089569,0.504769504070282,23,collision,278,nondiff,Non-diff learned camera,checkpoint/2026-05-09-22-34-42/checkpoint0014.pth
specular,0.0,1.0,0.0,1.799692988395691,0.6703707575798035,0.9204156398773193,far_left,0.4236307144165039,0.40425851941108704,0.5046589374542236,24,collision,279,nondiff,Non-diff learned camera,checkpoint/2026-05-09-22-34-42/checkpoint0014.pth
specular,1.0,0.0,1.0,0.16918019950389862,0.629816472530365,0.9723042845726013,left,0.40573281049728394,0.36444351077079773,0.5101128220558167,60,timeout,280,nondiff,Non-diff learned camera,checkpoint/2026-05-09-22-34-42/checkpoint0014.pth
specular,1.0,0.0,1.0,0.1331741213798523,0.6170033812522888,0.9719112515449524,left,0.4077056348323822,0.36649271845817566,0.5096967220306396,60,timeout,281,nondiff,Non-diff learned camera,checkpoint/2026-05-09-22-34-42/checkpoint0014.pth
specular,1.0,0.0,1.0,0.19561587274074554,0.6034467220306396,0.9715422987937927,right,0.40614601969718933,0.3643929958343506,0.510122537612915,60,timeout,282,nondiff,Non-diff learned camera,checkpoint/2026-05-09-22-34-42/checkpoint0014.pth
specular,0.0,1.0,0.0,1.6267098188400269,0.721447229385376,0.93537437915802,far_right,0.4161056876182556,0.38394901156425476,0.5046278834342957,27,collision,283,nondiff,Non-diff learned camera,checkpoint/2026-05-09-22-34-42/checkpoint0014.pth
specular,0.0,1.0,0.0,1.7354485988616943,0.7208414077758789,0.9218939542770386,far_right,0.41814932227134705,0.3880329728126526,0.503553569316864,24,collision,284,nondiff,Non-diff learned camera,checkpoint/2026-05-09-22-34-42/checkpoint0014.pth
specular,1.0,0.0,1.0,0.11681551486253738,0.620869517326355,0.9704982042312622,right,0.4048973023891449,0.3627977967262268,0.5103705525398254,60,timeout,285,nondiff,Non-diff learned camera,checkpoint/2026-05-09-22-34-42/checkpoint0014.pth
specular,0.0,1.0,0.0,1.806247591972351,0.6479412913322449,0.808994472026825,far_left,0.4324450194835663,0.42569500207901,0.505351722240448,27,collision,286,nondiff,Non-diff learned camera,checkpoint/2026-05-09-22-34-42/checkpoint0014.pth
specular,1.0,0.0,1.0,0.11744754761457443,0.6453787684440613,0.9711516499519348,far_right,0.4056876003742218,0.36404743790626526,0.5101574659347534,60,timeout,287,nondiff,Non-diff learned camera,checkpoint/2026-05-09-22-34-42/checkpoint0014.pth
specular,1.0,0.0,1.0,0.17770369350910187,0.6206290125846863,0.9709298610687256,right,0.4055749475955963,0.36388149857521057,0.5101624131202698,60,timeout,288,nondiff,Non-diff learned camera,checkpoint/2026-05-09-22-34-42/checkpoint0014.pth
specular,1.0,0.0,1.0,0.16400952637195587,0.6560863852500916,0.9153597950935364,far_left,0.417400062084198,0.39701032638549805,0.5043482184410095,60,timeout,289,nondiff,Non-diff learned camera,checkpoint/2026-05-09-22-34-42/checkpoint0014.pth
specular,0.0,1.0,0.0,1.823236107826233,0.6665421724319458,0.9330257773399353,far_right,0.4165460765361786,0.3871673047542572,0.5037464499473572,28,collision,290,nondiff,Non-diff learned camera,checkpoint/2026-05-09-22-34-42/checkpoint0014.pth
specular,0.0,1.0,0.0,1.7047486305236816,0.7073671221733093,0.924308180809021,right,0.41789716482162476,0.38698795437812805,0.5043228268623352,23,collision,291,nondiff,Non-diff learned camera,checkpoint/2026-05-09-22-34-42/checkpoint0014.pth
specular,0.0,1.0,0.0,1.756614089012146,0.6206510663032532,0.918541669845581,far_left,0.4236951470375061,0.4042285680770874,0.5044071078300476,26,collision,292,nondiff,Non-diff learned camera,checkpoint/2026-05-09-22-34-42/checkpoint0014.pth
specular,1.0,0.0,1.0,0.13240493834018707,0.6025246977806091,0.9713181257247925,right,0.40519264340400696,0.3629116714000702,0.5103768110275269,60,timeout,293,nondiff,Non-diff learned camera,checkpoint/2026-05-09-22-34-42/checkpoint0014.pth
specular,1.0,0.0,1.0,0.14647935330867767,0.6458551287651062,0.9715253710746765,far_right,0.4067848324775696,0.3656771183013916,0.5096908807754517,60,timeout,294,nondiff,Non-diff learned camera,checkpoint/2026-05-09-22-34-42/checkpoint0014.pth
specular,0.0,1.0,0.0,1.5881390571594238,0.7123127579689026,0.9350512623786926,far_right,0.4153911769390106,0.3829830288887024,0.5047872066497803,28,collision,295,nondiff,Non-diff learned camera,checkpoint/2026-05-09-22-34-42/checkpoint0014.pth
specular,1.0,0.0,1.0,0.20567825436592102,0.5956483483314514,0.9724103808403015,left,0.4059811532497406,0.36485961079597473,0.5100854635238647,60,timeout,296,nondiff,Non-diff learned camera,checkpoint/2026-05-09-22-34-42/checkpoint0014.pth
specular,1.0,0.0,1.0,0.21783678233623505,0.6446369290351868,0.9694131016731262,far_right,0.40605831146240234,0.3650919497013092,0.5099864602088928,60,timeout,297,nondiff,Non-diff learned camera,checkpoint/2026-05-09-22-34-42/checkpoint0014.pth
specular,0.0,1.0,0.0,1.8582528829574585,0.6479315161705017,0.9301215410232544,far_right,0.4173596501350403,0.38878127932548523,0.5033087134361267,27,collision,298,nondiff,Non-diff learned camera,checkpoint/2026-05-09-22-34-42/checkpoint0014.pth
specular,1.0,0.0,1.0,0.18944117426872253,0.5884197950363159,0.9720993638038635,left,0.40733152627944946,0.36601683497428894,0.5098152160644531,60,timeout,299,nondiff,Non-diff learned camera,checkpoint/2026-05-09-22-34-42/checkpoint0014.pth
dark,1.0,0.0,1.0,0.10472294688224792,0.6507816910743713,0.7813898921012878,far_right,0.4086134731769562,0.3681224286556244,0.5089777708053589,60,timeout,0,nondiff,Non-diff learned camera,checkpoint/2026-05-09-22-34-42/checkpoint0014.pth
dark,1.0,0.0,1.0,0.05937926843762398,0.6275336146354675,0.7770520448684692,right,0.40692371129989624,0.3661104440689087,0.5093590021133423,60,timeout,1,nondiff,Non-diff learned camera,checkpoint/2026-05-09-22-34-42/checkpoint0014.pth
dark,1.0,0.0,1.0,0.0988176017999649,0.6333264708518982,0.7793571949005127,left,0.4068404734134674,0.3660859763622284,0.5093330144882202,60,timeout,2,nondiff,Non-diff learned camera,checkpoint/2026-05-09-22-34-42/checkpoint0014.pth
dark,1.0,0.0,1.0,0.1375691145658493,0.6033313870429993,0.77767413854599,left,0.4088556468486786,0.3682308495044708,0.5090242624282837,60,timeout,3,nondiff,Non-diff learned camera,checkpoint/2026-05-09-22-34-42/checkpoint0014.pth
dark,1.0,0.0,1.0,0.13752348721027374,0.6272709369659424,0.7731336951255798,right,0.4072628915309906,0.3657497465610504,0.5094864964485168,60,timeout,4,nondiff,Non-diff learned camera,checkpoint/2026-05-09-22-34-42/checkpoint0014.pth
dark,1.0,0.0,1.0,0.15010596811771393,0.6194867491722107,0.7737848162651062,left,0.40738368034362793,0.367581844329834,0.5088772773742676,60,timeout,5,nondiff,Non-diff learned camera,checkpoint/2026-05-09-22-34-42/checkpoint0014.pth
dark,1.0,0.0,1.0,0.13242152333259583,0.6293094754219055,0.7807556986808777,right,0.40721386671066284,0.3658987283706665,0.5095342397689819,60,timeout,6,nondiff,Non-diff learned camera,checkpoint/2026-05-09-22-34-42/checkpoint0014.pth
dark,0.0,1.0,0.0,1.6471312046051025,0.6887843608856201,0.46427106857299805,left,0.41940221190452576,0.3898812532424927,0.5038803815841675,25,collision,7,nondiff,Non-diff learned camera,checkpoint/2026-05-09-22-34-42/checkpoint0014.pth
dark,1.0,0.0,1.0,0.07247988879680634,0.6403784155845642,0.7848525047302246,left,0.40873467922210693,0.3710010349750519,0.5083376169204712,60,timeout,8,nondiff,Non-diff learned camera,checkpoint/2026-05-09-22-34-42/checkpoint0014.pth
dark,1.0,0.0,1.0,0.1843661218881607,0.6339848041534424,0.7674334645271301,far_right,0.4079674482345581,0.36736318469047546,0.5092161297798157,60,timeout,9,nondiff,Non-diff learned camera,checkpoint/2026-05-09-22-34-42/checkpoint0014.pth
dark,1.0,0.0,1.0,0.19564996659755707,0.6679587364196777,0.7743995785713196,far_left,0.42169567942619324,0.4037910997867584,0.504170298576355,60,timeout,10,nondiff,Non-diff learned camera,checkpoint/2026-05-09-22-34-42/checkpoint0014.pth
dark,1.0,0.0,1.0,0.1175491064786911,0.6316602230072021,0.7606747150421143,right,0.40739500522613525,0.3660465478897095,0.5093772411346436,60,timeout,11,nondiff,Non-diff learned camera,checkpoint/2026-05-09-22-34-42/checkpoint0014.pth
dark,0.0,1.0,0.0,1.7462995052337646,0.714467465877533,0.5053240656852722,far_right,0.42084869742393494,0.39108535647392273,0.5026281476020813,26,collision,12,nondiff,Non-diff learned camera,checkpoint/2026-05-09-22-34-42/checkpoint0014.pth
dark,0.0,1.0,0.0,1.7175458669662476,0.6952469348907471,0.4822048842906952,far_left,0.4269239604473114,0.4092676043510437,0.5042571425437927,26,collision,13,nondiff,Non-diff learned camera,checkpoint/2026-05-09-22-34-42/checkpoint0014.pth
dark,0.0,1.0,0.0,1.732227087020874,0.6608519554138184,0.4779526889324188,left,0.4197978973388672,0.39051300287246704,0.50383061170578,24,collision,14,nondiff,Non-diff learned camera,checkpoint/2026-05-09-22-34-42/checkpoint0014.pth
dark,0.0,1.0,0.0,1.7659887075424194,0.7158276438713074,0.5185822248458862,far_left,0.43649572134017944,0.43097054958343506,0.5043849945068359,26,collision,15,nondiff,Non-diff learned camera,checkpoint/2026-05-09-22-34-42/checkpoint0014.pth
dark,1.0,0.0,1.0,0.14806821942329407,0.6061620116233826,0.7715277671813965,right,0.4083138406276703,0.3672753870487213,0.5092298984527588,60,timeout,16,nondiff,Non-diff learned camera,checkpoint/2026-05-09-22-34-42/checkpoint0014.pth
dark,1.0,0.0,1.0,0.18210850656032562,0.6265032887458801,0.7740162014961243,far_right,0.4074449837207794,0.3663347363471985,0.5094610452651978,60,timeout,17,nondiff,Non-diff learned camera,checkpoint/2026-05-09-22-34-42/checkpoint0014.pth
dark,1.0,0.0,1.0,0.17070084810256958,0.6488762497901917,0.7715880274772644,far_right,0.40799373388290405,0.3673687279224396,0.5091966390609741,60,timeout,18,nondiff,Non-diff learned camera,checkpoint/2026-05-09-22-34-42/checkpoint0014.pth
dark,1.0,0.0,1.0,0.18151089549064636,0.6775623559951782,0.7686800956726074,far_right,0.40858277678489685,0.368381530046463,0.5089060068130493,60,timeout,19,nondiff,Non-diff learned camera,checkpoint/2026-05-09-22-34-42/checkpoint0014.pth
dark,0.0,1.0,0.0,1.7785125970840454,0.6625145673751831,0.5023426413536072,far_right,0.4202667772769928,0.3895476460456848,0.5029885172843933,27,collision,20,nondiff,Non-diff learned camera,checkpoint/2026-05-09-22-34-42/checkpoint0014.pth
dark,1.0,0.0,1.0,0.17789924144744873,0.6188575029373169,0.7788050174713135,right,0.4078322649002075,0.3667075037956238,0.5093138813972473,60,timeout,21,nondiff,Non-diff learned camera,checkpoint/2026-05-09-22-34-42/checkpoint0014.pth
dark,1.0,0.0,1.0,0.1974015235900879,0.6050108075141907,0.7978419661521912,left,0.407444566488266,0.36684557795524597,0.5093774199485779,60,timeout,22,nondiff,Non-diff learned camera,checkpoint/2026-05-09-22-34-42/checkpoint0014.pth
dark,0.0,1.0,0.0,1.8295912742614746,0.6349772810935974,0.5309761762619019,far_right,0.41976699233055115,0.3895666301250458,0.5028490424156189,29,collision,23,nondiff,Non-diff learned camera,checkpoint/2026-05-09-22-34-42/checkpoint0014.pth
dark,1.0,0.0,1.0,0.06126900762319565,0.6168893575668335,0.7714241147041321,right,0.40714266896247864,0.3658452332019806,0.5095240473747253,60,timeout,24,nondiff,Non-diff learned camera,checkpoint/2026-05-09-22-34-42/checkpoint0014.pth
dark,1.0,0.0,1.0,0.19924919307231903,0.6539486050605774,0.7676167488098145,far_right,0.40807265043258667,0.36764127016067505,0.5091081857681274,60,timeout,25,nondiff,Non-diff learned camera,checkpoint/2026-05-09-22-34-42/checkpoint0014.pth
dark,1.0,0.0,1.0,0.17593009769916534,0.6077513694763184,0.7723572850227356,left,0.40750551223754883,0.36715033650398254,0.509215235710144,60,timeout,26,nondiff,Non-diff learned camera,checkpoint/2026-05-09-22-34-42/checkpoint0014.pth
dark,1.0,0.0,1.0,0.1324593871831894,0.6292001605033875,0.7819564938545227,right,0.40712425112724304,0.3659655451774597,0.5095893144607544,60,timeout,27,nondiff,Non-diff learned camera,checkpoint/2026-05-09-22-34-42/checkpoint0014.pth
dark,1.0,0.0,1.0,0.20052428543567657,0.653797447681427,0.7537037134170532,far_right,0.408151775598526,0.3675236701965332,0.509131669998169,60,timeout,28,nondiff,Non-diff learned camera,checkpoint/2026-05-09-22-34-42/checkpoint0014.pth
dark,0.0,1.0,0.0,1.7008479833602905,0.6784921884536743,0.4934788942337036,far_left,0.43269723653793335,0.42255908250808716,0.5040309429168701,28,collision,29,nondiff,Non-diff learned camera,checkpoint/2026-05-09-22-34-42/checkpoint0014.pth
dark,1.0,0.0,1.0,0.18189099431037903,0.6270769834518433,0.7766445279121399,far_left,0.410872220993042,0.3762907087802887,0.5077136158943176,60,timeout,30,nondiff,Non-diff learned camera,checkpoint/2026-05-09-22-34-42/checkpoint0014.pth
dark,0.0,1.0,0.0,1.6477974653244019,0.6722366213798523,0.46791207790374756,left,0.41928598284721375,0.38962501287460327,0.5039241909980774,25,collision,31,nondiff,Non-diff learned camera,checkpoint/2026-05-09-22-34-42/checkpoint0014.pth
dark,0.0,1.0,0.0,1.8316138982772827,0.6884726285934448,0.5546814799308777,far_left,0.43803542852401733,0.43388113379478455,0.5045012831687927,25,collision,32,nondiff,Non-diff learned camera,checkpoint/2026-05-09-22-34-42/checkpoint0014.pth
dark,0.0,1.0,0.0,1.8413141965866089,0.6594524383544922,0.5405927300453186,far_left,0.43783655762672424,0.43392524123191833,0.504285991191864,27,collision,33,nondiff,Non-diff learned camera,checkpoint/2026-05-09-22-34-42/checkpoint0014.pth
dark,0.0,1.0,0.0,1.8345775604248047,0.6821240186691284,0.5605844855308533,far_right,0.42153623700141907,0.39327770471572876,0.5019908547401428,26,collision,34,nondiff,Non-diff learned camera,checkpoint/2026-05-09-22-34-42/checkpoint0014.pth
dark,1.0,0.0,1.0,0.16375300288200378,0.6069751977920532,0.7631028890609741,left,0.4075171947479248,0.36778172850608826,0.5086982250213623,60,timeout,35,nondiff,Non-diff learned camera,checkpoint/2026-05-09-22-34-42/checkpoint0014.pth
dark,0.0,1.0,0.0,1.7565664052963257,0.6809009909629822,0.48645079135894775,far_left,0.42547619342803955,0.40589046478271484,0.5041037201881409,24,collision,36,nondiff,Non-diff learned camera,checkpoint/2026-05-09-22-34-42/checkpoint0014.pth
dark,1.0,0.0,1.0,0.16410844027996063,0.6771431565284729,0.7644580006599426,far_left,0.4171775281429291,0.39305606484413147,0.5053175091743469,60,timeout,37,nondiff,Non-diff learned camera,checkpoint/2026-05-09-22-34-42/checkpoint0014.pth
dark,1.0,0.0,1.0,0.18755796551704407,0.6461392641067505,0.7777223587036133,far_right,0.40728211402893066,0.36589351296424866,0.5095049738883972,60,timeout,38,nondiff,Non-diff learned camera,checkpoint/2026-05-09-22-34-42/checkpoint0014.pth
dark,1.0,0.0,1.0,0.14951848983764648,0.6091710925102234,0.7788556814193726,left,0.40908777713775635,0.36834731698036194,0.5090319514274597,60,timeout,39,nondiff,Non-diff learned camera,checkpoint/2026-05-09-22-34-42/checkpoint0014.pth
dark,0.0,1.0,0.0,1.7523558139801025,0.6949089765548706,0.47838667035102844,left,0.4212711751461029,0.39528101682662964,0.5036060810089111,24,collision,40,nondiff,Non-diff learned camera,checkpoint/2026-05-09-22-34-42/checkpoint0014.pth
dark,0.0,1.0,0.0,1.8696250915527344,0.6783968806266785,0.5650520920753479,far_right,0.4215101897716522,0.39370644092559814,0.5018304586410522,26,collision,41,nondiff,Non-diff learned camera,checkpoint/2026-05-09-22-34-42/checkpoint0014.pth
dark,1.0,0.0,1.0,0.09128642827272415,0.6407249569892883,0.782470166683197,right,0.40796536207199097,0.36682724952697754,0.509347677230835,60,timeout,42,nondiff,Non-diff learned camera,checkpoint/2026-05-09-22-34-42/checkpoint0014.pth
dark,0.0,1.0,0.0,1.789817214012146,0.6843037009239197,0.5223900675773621,far_left,0.43619975447654724,0.43050330877304077,0.50441974401474,26,collision,43,nondiff,Non-diff learned camera,checkpoint/2026-05-09-22-34-42/checkpoint0014.pth
dark,0.0,1.0,0.0,1.6512722969055176,0.7358813881874084,0.4654602110385895,right,0.4204113185405731,0.38946104049682617,0.5038052797317505,24,collision,44,nondiff,Non-diff learned camera,checkpoint/2026-05-09-22-34-42/checkpoint0014.pth
dark,0.0,1.0,0.0,1.7386717796325684,0.6816374659538269,0.4823746979236603,far_left,0.42242905497550964,0.3987157344818115,0.5037224888801575,24,collision,45,nondiff,Non-diff learned camera,checkpoint/2026-05-09-22-34-42/checkpoint0014.pth
dark,0.0,1.0,0.0,1.605387568473816,0.7388546466827393,0.5448598861694336,far_left,0.4377772808074951,0.4334530234336853,0.5037920475006104,29,collision,46,nondiff,Non-diff learned camera,checkpoint/2026-05-09-22-34-42/checkpoint0014.pth
dark,1.0,0.0,1.0,0.09033814817667007,0.6279566884040833,0.7797743678092957,left,0.40791207551956177,0.368146151304245,0.5089312791824341,60,timeout,47,nondiff,Non-diff learned camera,checkpoint/2026-05-09-22-34-42/checkpoint0014.pth
dark,0.0,1.0,0.0,1.784753680229187,0.710326075553894,0.5165393948554993,far_left,0.4369572699069977,0.431680291891098,0.5042807459831238,26,collision,48,nondiff,Non-diff learned camera,checkpoint/2026-05-09-22-34-42/checkpoint0014.pth
dark,0.0,1.0,0.0,1.5909267663955688,0.7273129820823669,0.49122485518455505,far_right,0.4199289381504059,0.3881755471229553,0.5034201145172119,27,collision,49,nondiff,Non-diff learned camera,checkpoint/2026-05-09-22-34-42/checkpoint0014.pth
dark,1.0,0.0,1.0,0.20568953454494476,0.5886548757553101,0.7793089747428894,right,0.40676096081733704,0.3659402132034302,0.509434700012207,60,timeout,50,nondiff,Non-diff learned camera,checkpoint/2026-05-09-22-34-42/checkpoint0014.pth
dark,1.0,0.0,1.0,0.3450804352760315,0.5933356881141663,0.7769652605056763,right,0.40968888998031616,0.36878836154937744,0.5087751150131226,60,timeout,51,nondiff,Non-diff learned camera,checkpoint/2026-05-09-22-34-42/checkpoint0014.pth
dark,1.0,0.0,1.0,0.08417078107595444,0.6209390163421631,0.7909360527992249,right,0.40680333971977234,0.36554497480392456,0.5096747279167175,60,timeout,52,nondiff,Non-diff learned camera,checkpoint/2026-05-09-22-34-42/checkpoint0014.pth
dark,1.0,0.0,1.0,0.15252645313739777,0.6712658405303955,0.7595486640930176,far_right,0.40911462903022766,0.36896130442619324,0.5088057518005371,60,timeout,53,nondiff,Non-diff learned camera,checkpoint/2026-05-09-22-34-42/checkpoint0014.pth
dark,0.0,1.0,0.0,1.6766586303710938,0.6678894758224487,0.46254703402519226,left,0.4191245436668396,0.3886142671108246,0.5041301846504211,25,collision,54,nondiff,Non-diff learned camera,checkpoint/2026-05-09-22-34-42/checkpoint0014.pth
dark,0.0,1.0,0.0,1.7269285917282104,0.6916863322257996,0.4914761781692505,far_left,0.42618411779403687,0.4075537621974945,0.5042550563812256,25,collision,55,nondiff,Non-diff learned camera,checkpoint/2026-05-09-22-34-42/checkpoint0014.pth
dark,1.0,0.0,1.0,0.14835309982299805,0.6275790333747864,0.7880425453186035,far_left,0.40990492701530457,0.37578198313713074,0.5072834491729736,60,timeout,56,nondiff,Non-diff learned camera,checkpoint/2026-05-09-22-34-42/checkpoint0014.pth
dark,0.0,1.0,0.0,1.6284184455871582,0.7350891828536987,0.49038174748420715,far_left,0.43109816312789917,0.4184965193271637,0.5039788484573364,28,collision,57,nondiff,Non-diff learned camera,checkpoint/2026-05-09-22-34-42/checkpoint0014.pth
dark,1.0,0.0,1.0,0.17650708556175232,0.6213142275810242,0.7753978967666626,left,0.4073396325111389,0.3675389885902405,0.5089749097824097,60,timeout,58,nondiff,Non-diff learned camera,checkpoint/2026-05-09-22-34-42/checkpoint0014.pth
dark,0.0,1.0,0.0,1.804276466369629,0.666558027267456,0.5156129598617554,far_left,0.43220847845077515,0.42170771956443787,0.5045063495635986,25,collision,59,nondiff,Non-diff learned camera,checkpoint/2026-05-09-22-34-42/checkpoint0014.pth
dark,1.0,0.0,1.0,0.09685362130403519,0.6211085319519043,0.783728837966919,left,0.40819498896598816,0.367659330368042,0.5091977119445801,60,timeout,60,nondiff,Non-diff learned camera,checkpoint/2026-05-09-22-34-42/checkpoint0014.pth
dark,0.0,1.0,0.0,1.8438482284545898,0.6809302568435669,0.5340893268585205,far_right,0.4216843247413635,0.393333375453949,0.5020033717155457,25,collision,61,nondiff,Non-diff learned camera,checkpoint/2026-05-09-22-34-42/checkpoint0014.pth
dark,1.0,0.0,1.0,0.20595374703407288,0.6167543530464172,0.7743079662322998,right,0.40692612528800964,0.3660498559474945,0.5095160603523254,60,timeout,62,nondiff,Non-diff learned camera,checkpoint/2026-05-09-22-34-42/checkpoint0014.pth
dark,0.0,1.0,0.0,1.8211647272109985,0.668559193611145,0.525688648223877,far_right,0.4210401773452759,0.3919103145599365,0.5023970603942871,26,collision,63,nondiff,Non-diff learned camera,checkpoint/2026-05-09-22-34-42/checkpoint0014.pth
dark,1.0,0.0,1.0,0.14168690145015717,0.6157941222190857,0.7790510058403015,left,0.4085451662540436,0.36816370487213135,0.5090174674987793,60,timeout,64,nondiff,Non-diff learned camera,checkpoint/2026-05-09-22-34-42/checkpoint0014.pth
dark,1.0,0.0,1.0,0.2635677754878998,0.6418398022651672,0.7803482413291931,far_left,0.41667377948760986,0.3925396203994751,0.5051447153091431,60,timeout,65,nondiff,Non-diff learned camera,checkpoint/2026-05-09-22-34-42/checkpoint0014.pth
dark,1.0,0.0,1.0,0.19932067394256592,0.6214966773986816,0.7617429494857788,far_right,0.4086277186870575,0.36780962347984314,0.5089936256408691,60,timeout,66,nondiff,Non-diff learned camera,checkpoint/2026-05-09-22-34-42/checkpoint0014.pth
dark,1.0,0.0,1.0,0.12535491585731506,0.6213228702545166,0.7767699360847473,left,0.4070727229118347,0.3671184778213501,0.5089668035507202,60,timeout,67,nondiff,Non-diff learned camera,checkpoint/2026-05-09-22-34-42/checkpoint0014.pth
dark,1.0,0.0,1.0,0.05924481898546219,0.6277056932449341,0.7923828363418579,left,0.4071124494075775,0.3665488660335541,0.5094187259674072,60,timeout,68,nondiff,Non-diff learned camera,checkpoint/2026-05-09-22-34-42/checkpoint0014.pth
dark,1.0,0.0,1.0,0.2178107053041458,0.5999118089675903,0.7676456570625305,right,0.40793928503990173,0.3667552173137665,0.5093036890029907,60,timeout,69,nondiff,Non-diff learned camera,checkpoint/2026-05-09-22-34-42/checkpoint0014.pth
dark,0.0,1.0,0.0,1.8233940601348877,0.6848740577697754,0.5569970011711121,far_right,0.420384019613266,0.3915269672870636,0.5023106336593628,28,collision,70,nondiff,Non-diff learned camera,checkpoint/2026-05-09-22-34-42/checkpoint0014.pth
dark,1.0,0.0,1.0,0.148017019033432,0.625557005405426,0.7808811068534851,far_left,0.4098464548587799,0.3752184808254242,0.5073677897453308,60,timeout,71,nondiff,Non-diff learned camera,checkpoint/2026-05-09-22-34-42/checkpoint0014.pth
dark,1.0,0.0,1.0,0.18644008040428162,0.6193063259124756,0.7853685021400452,right,0.40704092383384705,0.3657059371471405,0.5095973014831543,60,timeout,72,nondiff,Non-diff learned camera,checkpoint/2026-05-09-22-34-42/checkpoint0014.pth
dark,1.0,0.0,1.0,0.10818706452846527,0.6078018546104431,0.7736931443214417,left,0.40716874599456787,0.3671717643737793,0.5089098215103149,60,timeout,73,nondiff,Non-diff learned camera,checkpoint/2026-05-09-22-34-42/checkpoint0014.pth
dark,0.0,1.0,0.0,1.7580816745758057,0.6459670662879944,0.4883390963077545,far_left,0.4231228530406952,0.40036749839782715,0.5039622187614441,26,collision,74,nondiff,Non-diff learned camera,checkpoint/2026-05-09-22-34-42/checkpoint0014.pth
dark,1.0,0.0,1.0,0.1954983025789261,0.6204102039337158,0.7662399411201477,right,0.40940412878990173,0.3683839738368988,0.5089468359947205,60,timeout,75,nondiff,Non-diff learned camera,checkpoint/2026-05-09-22-34-42/checkpoint0014.pth
dark,1.0,0.0,1.0,0.13387835025787354,0.6296955347061157,0.7800612449645996,right,0.40742939710617065,0.36668431758880615,0.509414792060852,60,timeout,76,nondiff,Non-diff learned camera,checkpoint/2026-05-09-22-34-42/checkpoint0014.pth
dark,1.0,0.0,1.0,0.21504095196723938,0.6549406051635742,0.7591460347175598,far_left,0.4170735776424408,0.39311614632606506,0.50504070520401,60,timeout,77,nondiff,Non-diff learned camera,checkpoint/2026-05-09-22-34-42/checkpoint0014.pth
dark,1.0,0.0,1.0,0.1537397801876068,0.6311880946159363,0.7794222831726074,far_right,0.40725913643836975,0.3658421039581299,0.5095279216766357,60,timeout,78,nondiff,Non-diff learned camera,checkpoint/2026-05-09-22-34-42/checkpoint0014.pth
dark,1.0,0.0,1.0,0.16780000925064087,0.621781587600708,0.7726514339447021,far_right,0.4072522819042206,0.36585092544555664,0.5095115303993225,60,timeout,79,nondiff,Non-diff learned camera,checkpoint/2026-05-09-22-34-42/checkpoint0014.pth
dark,1.0,0.0,1.0,0.22505299746990204,0.5998587608337402,0.7663676738739014,right,0.40859994292259216,0.3680382966995239,0.509053647518158,60,timeout,80,nondiff,Non-diff learned camera,checkpoint/2026-05-09-22-34-42/checkpoint0014.pth
dark,1.0,0.0,1.0,0.21377983689308167,0.5991300940513611,0.7792487144470215,right,0.4082801938056946,0.36735808849334717,0.5092757344245911,60,timeout,81,nondiff,Non-diff learned camera,checkpoint/2026-05-09-22-34-42/checkpoint0014.pth
dark,0.0,1.0,0.0,1.8336389064788818,0.6743627786636353,0.5432175993919373,far_right,0.4213009178638458,0.3929518759250641,0.5020318031311035,26,collision,82,nondiff,Non-diff learned camera,checkpoint/2026-05-09-22-34-42/checkpoint0014.pth
dark,1.0,0.0,1.0,0.20912611484527588,0.6540583372116089,0.7609230279922485,far_left,0.4208173155784607,0.400182843208313,0.5052411556243896,60,timeout,83,nondiff,Non-diff learned camera,checkpoint/2026-05-09-22-34-42/checkpoint0014.pth
dark,0.0,1.0,0.0,1.7915524244308472,0.6802188754081726,0.5216666460037231,far_left,0.4348413050174713,0.42744213342666626,0.5044428706169128,26,collision,84,nondiff,Non-diff learned camera,checkpoint/2026-05-09-22-34-42/checkpoint0014.pth
dark,0.0,1.0,0.0,1.792972207069397,0.6915408968925476,0.5251628756523132,far_right,0.4201957583427429,0.3907356560230255,0.5026124119758606,28,collision,85,nondiff,Non-diff learned camera,checkpoint/2026-05-09-22-34-42/checkpoint0014.pth
dark,0.0,1.0,0.0,1.820382833480835,0.6823589205741882,0.5569661855697632,far_left,0.4382342994213104,0.4343094229698181,0.5045517086982727,25,collision,86,nondiff,Non-diff learned camera,checkpoint/2026-05-09-22-34-42/checkpoint0014.pth
dark,1.0,0.0,1.0,0.27524256706237793,0.669711709022522,0.7783034443855286,far_right,0.40896958112716675,0.3692028224468231,0.5088540315628052,60,timeout,87,nondiff,Non-diff learned camera,checkpoint/2026-05-09-22-34-42/checkpoint0014.pth
dark,0.0,1.0,0.0,1.6976741552352905,0.6927956938743591,0.4818190932273865,far_left,0.4249190092086792,0.4047105014324188,0.5039510726928711,25,collision,88,nondiff,Non-diff learned camera,checkpoint/2026-05-09-22-34-42/checkpoint0014.pth
dark,1.0,0.0,1.0,0.10356245934963226,0.6180776357650757,0.7876254320144653,right,0.406723290681839,0.3653550148010254,0.5097030997276306,60,timeout,89,nondiff,Non-diff learned camera,checkpoint/2026-05-09-22-34-42/checkpoint0014.pth
dark,0.0,1.0,0.0,1.7994786500930786,0.6686585545539856,0.5219907760620117,far_right,0.4205605685710907,0.3910590708255768,0.5025764107704163,27,collision,90,nondiff,Non-diff learned camera,checkpoint/2026-05-09-22-34-42/checkpoint0014.pth
dark,1.0,0.0,1.0,0.1256801337003708,0.6277676820755005,0.756500780582428,right,0.40855154395103455,0.36757948994636536,0.509157657623291,60,timeout,91,nondiff,Non-diff learned camera,checkpoint/2026-05-09-22-34-42/checkpoint0014.pth
dark,1.0,0.0,1.0,0.19674883782863617,0.643767237663269,0.7734761238098145,far_right,0.40752217173576355,0.36650845408439636,0.5093942880630493,60,timeout,92,nondiff,Non-diff learned camera,checkpoint/2026-05-09-22-34-42/checkpoint0014.pth
dark,0.0,1.0,0.0,1.6309518814086914,0.7390081286430359,0.5114656090736389,far_right,0.4193652868270874,0.38831818103790283,0.5032918453216553,29,collision,93,nondiff,Non-diff learned camera,checkpoint/2026-05-09-22-34-42/checkpoint0014.pth
dark,1.0,0.0,1.0,0.19918328523635864,0.6399756073951721,0.775277316570282,far_left,0.414925217628479,0.38685452938079834,0.506486713886261,60,timeout,94,nondiff,Non-diff learned camera,checkpoint/2026-05-09-22-34-42/checkpoint0014.pth
dark,0.0,1.0,0.0,1.8164193630218506,0.6423367261886597,0.5375729203224182,far_left,0.4384397268295288,0.43485185503959656,0.5041338205337524,28,collision,95,nondiff,Non-diff learned camera,checkpoint/2026-05-09-22-34-42/checkpoint0014.pth
dark,1.0,0.0,1.0,0.15205442905426025,0.6226798295974731,0.7736907005310059,far_right,0.41006770730018616,0.3693557679653168,0.5086401700973511,60,timeout,96,nondiff,Non-diff learned camera,checkpoint/2026-05-09-22-34-42/checkpoint0014.pth
dark,0.0,1.0,0.0,1.6809697151184082,0.6762834191322327,0.4692997634410858,left,0.42039209604263306,0.3932492733001709,0.5038204193115234,26,collision,97,nondiff,Non-diff learned camera,checkpoint/2026-05-09-22-34-42/checkpoint0014.pth
dark,0.0,1.0,0.0,1.782350778579712,0.6682168245315552,0.49770328402519226,far_left,0.4272732734680176,0.41027963161468506,0.5043778419494629,25,collision,98,nondiff,Non-diff learned camera,checkpoint/2026-05-09-22-34-42/checkpoint0014.pth
dark,1.0,0.0,1.0,0.19918003678321838,0.584665060043335,0.7807870507240295,right,0.4067797064781189,0.3657621443271637,0.5095241665840149,60,timeout,99,nondiff,Non-diff learned camera,checkpoint/2026-05-09-22-34-42/checkpoint0014.pth
dark,0.0,1.0,0.0,1.5630511045455933,0.7650465369224548,0.4601297080516815,left,0.4193413257598877,0.38841041922569275,0.5041119456291199,25,collision,100,nondiff,Non-diff learned camera,checkpoint/2026-05-09-22-34-42/checkpoint0014.pth
dark,0.0,1.0,0.0,1.7837142944335938,0.6825970411300659,0.5470094084739685,far_left,0.43944987654685974,0.4370301067829132,0.5040441751480103,29,collision,101,nondiff,Non-diff learned camera,checkpoint/2026-05-09-22-34-42/checkpoint0014.pth
dark,1.0,0.0,1.0,0.12649019062519073,0.6201260089874268,0.7785035967826843,right,0.40822848677635193,0.36717677116394043,0.5093164443969727,60,timeout,102,nondiff,Non-diff learned camera,checkpoint/2026-05-09-22-34-42/checkpoint0014.pth
dark,0.0,1.0,0.0,1.6686753034591675,0.7317562103271484,0.46584993600845337,left,0.4205304980278015,0.39126452803611755,0.5035306215286255,23,collision,103,nondiff,Non-diff learned camera,checkpoint/2026-05-09-22-34-42/checkpoint0014.pth
dark,1.0,0.0,1.0,0.09714750945568085,0.6443693041801453,0.772256076335907,far_right,0.4085901379585266,0.36780473589897156,0.5090062618255615,60,timeout,104,nondiff,Non-diff learned camera,checkpoint/2026-05-09-22-34-42/checkpoint0014.pth
dark,1.0,0.0,1.0,0.0832812637090683,0.6687553524971008,0.7738257646560669,far_left,0.41644829511642456,0.3913002610206604,0.5057538151741028,60,timeout,105,nondiff,Non-diff learned camera,checkpoint/2026-05-09-22-34-42/checkpoint0014.pth
dark,1.0,0.0,1.0,0.13998089730739594,0.6198332905769348,0.773683488368988,left,0.4071561396121979,0.36700883507728577,0.5090441107749939,60,timeout,106,nondiff,Non-diff learned camera,checkpoint/2026-05-09-22-34-42/checkpoint0014.pth
dark,1.0,0.0,1.0,0.1799984574317932,0.6130751371383667,0.7642555236816406,right,0.40759074687957764,0.36640235781669617,0.5093388557434082,60,timeout,107,nondiff,Non-diff learned camera,checkpoint/2026-05-09-22-34-42/checkpoint0014.pth
dark,1.0,0.0,1.0,0.13683611154556274,0.6143431663513184,0.7690876126289368,left,0.40871691703796387,0.3703272044658661,0.5083521008491516,60,timeout,108,nondiff,Non-diff learned camera,checkpoint/2026-05-09-22-34-42/checkpoint0014.pth
dark,1.0,0.0,1.0,0.2252880185842514,0.6140804886817932,0.7703607082366943,far_right,0.40939202904701233,0.3686673045158386,0.5088176727294922,60,timeout,109,nondiff,Non-diff learned camera,checkpoint/2026-05-09-22-34-42/checkpoint0014.pth
dark,0.0,1.0,0.0,1.7745552062988281,0.7200546264648438,0.4874526858329773,far_right,0.4220835268497467,0.3922276198863983,0.502536416053772,23,collision,110,nondiff,Non-diff learned camera,checkpoint/2026-05-09-22-34-42/checkpoint0014.pth
dark,1.0,0.0,1.0,0.10040819644927979,0.6572269797325134,0.7680965662002563,far_left,0.41519612073898315,0.3878839313983917,0.5061457753181458,60,timeout,111,nondiff,Non-diff learned camera,checkpoint/2026-05-09-22-34-42/checkpoint0014.pth
dark,1.0,0.0,1.0,0.19903966784477234,0.637584388256073,0.7700015306472778,far_right,0.4077569544315338,0.3669872581958771,0.5092930793762207,60,timeout,112,nondiff,Non-diff learned camera,checkpoint/2026-05-09-22-34-42/checkpoint0014.pth
dark,1.0,0.0,1.0,0.12803295254707336,0.6321678757667542,0.7855806946754456,right,0.4086221158504486,0.367604523897171,0.5091447234153748,60,timeout,113,nondiff,Non-diff learned camera,checkpoint/2026-05-09-22-34-42/checkpoint0014.pth
dark,1.0,0.0,1.0,0.17721357941627502,0.6566735506057739,0.744053840637207,far_right,0.40884673595428467,0.3684757947921753,0.5088856220245361,60,timeout,114,nondiff,Non-diff learned camera,checkpoint/2026-05-09-22-34-42/checkpoint0014.pth
dark,0.0,1.0,0.0,1.663259506225586,0.7278428077697754,0.4716632664203644,right,0.4211081862449646,0.3907338082790375,0.5035662651062012,23,collision,115,nondiff,Non-diff learned camera,checkpoint/2026-05-09-22-34-42/checkpoint0014.pth
dark,1.0,0.0,1.0,0.09028717875480652,0.6161088347434998,0.7884572744369507,right,0.40736308693885803,0.36665114760398865,0.5094274282455444,60,timeout,116,nondiff,Non-diff learned camera,checkpoint/2026-05-09-22-34-42/checkpoint0014.pth
dark,1.0,0.0,1.0,0.1556459367275238,0.6302065849304199,0.7735967040061951,far_left,0.4107263684272766,0.3768504559993744,0.5072433352470398,60,timeout,117,nondiff,Non-diff learned camera,checkpoint/2026-05-09-22-34-42/checkpoint0014.pth
dark,1.0,0.0,1.0,0.08336317539215088,0.6259979605674744,0.7813947200775146,left,0.40732958912849426,0.36675989627838135,0.5093336701393127,60,timeout,118,nondiff,Non-diff learned camera,checkpoint/2026-05-09-22-34-42/checkpoint0014.pth
dark,0.0,1.0,0.0,1.7896802425384521,0.6801028847694397,0.49341410398483276,far_left,0.4236822724342346,0.40189266204833984,0.5037341713905334,24,collision,119,nondiff,Non-diff learned camera,checkpoint/2026-05-09-22-34-42/checkpoint0014.pth
dark,1.0,0.0,1.0,0.14023274183273315,0.6118572354316711,0.7791426181793213,left,0.4075373411178589,0.36709287762641907,0.5092658996582031,60,timeout,120,nondiff,Non-diff learned camera,checkpoint/2026-05-09-22-34-42/checkpoint0014.pth
dark,0.0,1.0,0.0,1.8490022420883179,0.6800256967544556,0.5604142546653748,far_left,0.43853959441185,0.4350576102733612,0.5045187473297119,25,collision,121,nondiff,Non-diff learned camera,checkpoint/2026-05-09-22-34-42/checkpoint0014.pth
dark,1.0,0.0,1.0,0.1604953110218048,0.6540178656578064,0.7657119035720825,far_right,0.4104739725589752,0.37053969502449036,0.5083759427070618,60,timeout,122,nondiff,Non-diff learned camera,checkpoint/2026-05-09-22-34-42/checkpoint0014.pth
dark,0.0,1.0,0.0,1.8062607049942017,0.6900604367256165,0.5400462746620178,far_left,0.438419908285141,0.4346848130226135,0.5043047666549683,26,collision,123,nondiff,Non-diff learned camera,checkpoint/2026-05-09-22-34-42/checkpoint0014.pth
dark,1.0,0.0,1.0,0.09176315367221832,0.6169223189353943,0.7766565084457397,left,0.4079999327659607,0.3676307201385498,0.5091490745544434,60,timeout,124,nondiff,Non-diff learned camera,checkpoint/2026-05-09-22-34-42/checkpoint0014.pth
dark,1.0,0.0,1.0,0.12913794815540314,0.5944302082061768,0.7918523550033569,right,0.406782865524292,0.36563754081726074,0.5096665620803833,60,timeout,125,nondiff,Non-diff learned camera,checkpoint/2026-05-09-22-34-42/checkpoint0014.pth
dark,1.0,0.0,1.0,0.21227005124092102,0.6251607537269592,0.7697892785072327,far_left,0.4126909077167511,0.3815680146217346,0.5067657232284546,60,timeout,126,nondiff,Non-diff learned camera,checkpoint/2026-05-09-22-34-42/checkpoint0014.pth
dark,0.0,1.0,0.0,1.8009012937545776,0.6645786762237549,0.503146767616272,far_left,0.4315408170223236,0.4198208749294281,0.5045899152755737,25,collision,127,nondiff,Non-diff learned camera,checkpoint/2026-05-09-22-34-42/checkpoint0014.pth
dark,1.0,0.0,1.0,0.2228848934173584,0.5965133309364319,0.7696566581726074,left,0.4081762135028839,0.36823704838752747,0.5089954733848572,60,timeout,128,nondiff,Non-diff learned camera,checkpoint/2026-05-09-22-34-42/checkpoint0014.pth
dark,1.0,0.0,1.0,0.15744203329086304,0.6131508350372314,0.7808401584625244,far_left,0.40965092182159424,0.37345290184020996,0.5080460906028748,60,timeout,129,nondiff,Non-diff learned camera,checkpoint/2026-05-09-22-34-42/checkpoint0014.pth
dark,0.0,1.0,0.0,1.7350926399230957,0.6683106422424316,0.4887487292289734,far_right,0.41999781131744385,0.38846126198768616,0.5033180713653564,27,collision,130,nondiff,Non-diff learned camera,checkpoint/2026-05-09-22-34-42/checkpoint0014.pth
dark,0.0,1.0,0.0,1.6696577072143555,0.7156493067741394,0.46625280380249023,right,0.4205893576145172,0.3893831968307495,0.503739058971405,24,collision,131,nondiff,Non-diff learned camera,checkpoint/2026-05-09-22-34-42/checkpoint0014.pth
dark,1.0,0.0,1.0,0.12528927624225616,0.6402374505996704,0.7720414400100708,right,0.40922582149505615,0.36816173791885376,0.5089580416679382,60,timeout,132,nondiff,Non-diff learned camera,checkpoint/2026-05-09-22-34-42/checkpoint0014.pth
dark,0.0,1.0,0.0,1.8288848400115967,0.6930945515632629,0.5415387153625488,far_right,0.42076346278190613,0.39226967096328735,0.5022128820419312,27,collision,133,nondiff,Non-diff learned camera,checkpoint/2026-05-09-22-34-42/checkpoint0014.pth
dark,0.0,1.0,0.0,1.6807602643966675,0.6872997879981995,0.47256940603256226,far_right,0.42013633251190186,0.38790443539619446,0.5036245584487915,26,collision,134,nondiff,Non-diff learned camera,checkpoint/2026-05-09-22-34-42/checkpoint0014.pth
dark,0.0,1.0,0.0,1.8040357828140259,0.6439265608787537,0.5263532400131226,far_right,0.42045894265174866,0.39067256450653076,0.5026499032974243,27,collision,135,nondiff,Non-diff learned camera,checkpoint/2026-05-09-22-34-42/checkpoint0014.pth
dark,1.0,0.0,1.0,0.13928301632404327,0.6231820583343506,0.7789883017539978,right,0.4088815152645111,0.3680306077003479,0.5091204643249512,60,timeout,136,nondiff,Non-diff learned camera,checkpoint/2026-05-09-22-34-42/checkpoint0014.pth
dark,1.0,0.0,1.0,0.13069020211696625,0.6306949853897095,0.7738595008850098,left,0.40808331966400146,0.3700430393218994,0.5082873106002808,60,timeout,137,nondiff,Non-diff learned camera,checkpoint/2026-05-09-22-34-42/checkpoint0014.pth
dark,1.0,0.0,1.0,0.13430297374725342,0.6343671083450317,0.7686222195625305,far_right,0.40800684690475464,0.3671037256717682,0.5091779232025146,60,timeout,138,nondiff,Non-diff learned camera,checkpoint/2026-05-09-22-34-42/checkpoint0014.pth
dark,0.0,1.0,0.0,1.824520468711853,0.6607417464256287,0.5377550721168518,far_right,0.42027437686920166,0.3903394043445587,0.5027046203613281,28,collision,139,nondiff,Non-diff learned camera,checkpoint/2026-05-09-22-34-42/checkpoint0014.pth
dark,0.0,1.0,0.0,1.788151502609253,0.6668219566345215,0.5085300803184509,far_left,0.43083456158638,0.4182415306568146,0.504450798034668,26,collision,140,nondiff,Non-diff learned camera,checkpoint/2026-05-09-22-34-42/checkpoint0014.pth
dark,0.0,1.0,0.0,1.8321486711502075,0.6710028052330017,0.5274040699005127,far_left,0.43431684374809265,0.4265562891960144,0.5046550035476685,25,collision,141,nondiff,Non-diff learned camera,checkpoint/2026-05-09-22-34-42/checkpoint0014.pth
dark,1.0,0.0,1.0,0.0597834438085556,0.7024012804031372,0.7854480743408203,far_left,0.41868147253990173,0.39687076210975647,0.5053108930587769,60,timeout,142,nondiff,Non-diff learned camera,checkpoint/2026-05-09-22-34-42/checkpoint0014.pth
dark,1.0,0.0,1.0,0.12112574279308319,0.653206467628479,0.768882691860199,far_left,0.41667640209198,0.39110735058784485,0.5060757994651794,60,timeout,143,nondiff,Non-diff learned camera,checkpoint/2026-05-09-22-34-42/checkpoint0014.pth
dark,1.0,0.0,1.0,0.09809315204620361,0.6155360341072083,0.7822820544242859,left,0.40807703137397766,0.3684036433696747,0.508959949016571,60,timeout,144,nondiff,Non-diff learned camera,checkpoint/2026-05-09-22-34-42/checkpoint0014.pth
dark,1.0,0.0,1.0,0.10346251726150513,0.621768593788147,0.7730469107627869,left,0.4072125554084778,0.3664622902870178,0.5093898773193359,60,timeout,145,nondiff,Non-diff learned camera,checkpoint/2026-05-09-22-34-42/checkpoint0014.pth
dark,1.0,0.0,1.0,0.14775300025939941,0.6191302537918091,0.7629967331886292,far_right,0.4074419140815735,0.36602550745010376,0.5094132423400879,60,timeout,146,nondiff,Non-diff learned camera,checkpoint/2026-05-09-22-34-42/checkpoint0014.pth
dark,1.0,0.0,1.0,0.23904173076152802,0.656619668006897,0.7646653056144714,far_right,0.40805768966674805,0.3674987852573395,0.509209930896759,60,timeout,147,nondiff,Non-diff learned camera,checkpoint/2026-05-09-22-34-42/checkpoint0014.pth
dark,1.0,0.0,1.0,0.14576494693756104,0.6408969759941101,0.748157799243927,far_left,0.41018933057785034,0.3750048577785492,0.507091224193573,60,timeout,148,nondiff,Non-diff learned camera,checkpoint/2026-05-09-22-34-42/checkpoint0014.pth
dark,0.0,1.0,0.0,1.7014191150665283,0.7121629118919373,0.48648953437805176,far_left,0.4319337010383606,0.420923113822937,0.5042141079902649,27,collision,149,nondiff,Non-diff learned camera,checkpoint/2026-05-09-22-34-42/checkpoint0014.pth
dark,1.0,0.0,1.0,0.0815504938364029,0.6295492053031921,0.7739849090576172,right,0.4069913327693939,0.36600562930107117,0.5094510316848755,60,timeout,150,nondiff,Non-diff learned camera,checkpoint/2026-05-09-22-34-42/checkpoint0014.pth
dark,0.0,1.0,0.0,1.8626142740249634,0.6353206038475037,0.560930073261261,far_right,0.4203396439552307,0.3914128541946411,0.5023958683013916,28,collision,151,nondiff,Non-diff learned camera,checkpoint/2026-05-09-22-34-42/checkpoint0014.pth
dark,1.0,0.0,1.0,0.1488073468208313,0.6195778250694275,0.7822434306144714,right,0.4093639552593231,0.3682023584842682,0.5090234875679016,60,timeout,152,nondiff,Non-diff learned camera,checkpoint/2026-05-09-22-34-42/checkpoint0014.pth
dark,0.0,1.0,0.0,1.6795263290405273,0.6963302493095398,0.47474202513694763,right,0.420477956533432,0.38859909772872925,0.5036898851394653,25,collision,153,nondiff,Non-diff learned camera,checkpoint/2026-05-09-22-34-42/checkpoint0014.pth
dark,1.0,0.0,1.0,0.13395170867443085,0.6131641268730164,0.7716869711875916,left,0.4072125256061554,0.36661040782928467,0.5093410611152649,60,timeout,154,nondiff,Non-diff learned camera,checkpoint/2026-05-09-22-34-42/checkpoint0014.pth
dark,1.0,0.0,1.0,0.14968861639499664,0.634103536605835,0.7598741054534912,far_right,0.4085971415042877,0.3677075505256653,0.5090552568435669,60,timeout,155,nondiff,Non-diff learned camera,checkpoint/2026-05-09-22-34-42/checkpoint0014.pth
dark,1.0,0.0,1.0,0.11621923744678497,0.6172776222229004,0.7847439646720886,left,0.40875792503356934,0.36809298396110535,0.5091260075569153,60,timeout,156,nondiff,Non-diff learned camera,checkpoint/2026-05-09-22-34-42/checkpoint0014.pth
dark,1.0,0.0,1.0,0.20532463490962982,0.6370550990104675,0.7743127942085266,far_right,0.41022202372550964,0.37019363045692444,0.5084923505783081,60,timeout,157,nondiff,Non-diff learned camera,checkpoint/2026-05-09-22-34-42/checkpoint0014.pth
dark,1.0,0.0,1.0,0.10441432148218155,0.6130200624465942,0.7814550399780273,left,0.4075217843055725,0.36765775084495544,0.5090050101280212,60,timeout,158,nondiff,Non-diff learned camera,checkpoint/2026-05-09-22-34-42/checkpoint0014.pth
dark,0.0,1.0,0.0,1.6999496221542358,0.7084976434707642,0.5394396781921387,far_left,0.438518762588501,0.4349132478237152,0.5038788914680481,29,collision,159,nondiff,Non-diff learned camera,checkpoint/2026-05-09-22-34-42/checkpoint0014.pth
dark,1.0,0.0,1.0,0.27462679147720337,0.6106672883033752,0.7727382183074951,far_right,0.4096624255180359,0.3689166009426117,0.5087583065032959,60,timeout,160,nondiff,Non-diff learned camera,checkpoint/2026-05-09-22-34-42/checkpoint0014.pth
dark,1.0,0.0,1.0,0.17484231293201447,0.6235474944114685,0.7849248051643372,far_left,0.4113357663154602,0.37895485758781433,0.5070855617523193,60,timeout,161,nondiff,Non-diff learned camera,checkpoint/2026-05-09-22-34-42/checkpoint0014.pth
dark,0.0,1.0,0.0,1.70206618309021,0.6898087859153748,0.48424702882766724,far_right,0.4199451208114624,0.38853225111961365,0.5032644271850586,27,collision,162,nondiff,Non-diff learned camera,checkpoint/2026-05-09-22-34-42/checkpoint0014.pth
dark,1.0,0.0,1.0,0.06025984138250351,0.6592819690704346,0.7764950394630432,far_right,0.40910181403160095,0.3683083951473236,0.5089117288589478,60,timeout,163,nondiff,Non-diff learned camera,checkpoint/2026-05-09-22-34-42/checkpoint0014.pth
dark,1.0,0.0,1.0,0.1782812923192978,0.6037725210189819,0.7858796715736389,left,0.4067257046699524,0.36625564098358154,0.5092149972915649,60,timeout,164,nondiff,Non-diff learned camera,checkpoint/2026-05-09-22-34-42/checkpoint0014.pth
dark,0.0,1.0,0.0,1.7293272018432617,0.7049843072891235,0.5038029551506042,far_right,0.4195571541786194,0.38916733860969543,0.503013014793396,29,collision,165,nondiff,Non-diff learned camera,checkpoint/2026-05-09-22-34-42/checkpoint0014.pth
dark,1.0,0.0,1.0,0.20092293620109558,0.5947355031967163,0.7804157733917236,left,0.40715423226356506,0.3667507469654083,0.5092841386795044,60,timeout,166,nondiff,Non-diff learned camera,checkpoint/2026-05-09-22-34-42/checkpoint0014.pth
dark,1.0,0.0,1.0,0.21244889497756958,0.6228294968605042,0.7596692442893982,right,0.4087080955505371,0.3678357005119324,0.5090938210487366,60,timeout,167,nondiff,Non-diff learned camera,checkpoint/2026-05-09-22-34-42/checkpoint0014.pth
dark,0.0,1.0,0.0,1.8405697345733643,0.6618642210960388,0.5358351469039917,far_left,0.436827152967453,0.4318743050098419,0.5043769478797913,27,collision,168,nondiff,Non-diff learned camera,checkpoint/2026-05-09-22-34-42/checkpoint0014.pth
dark,0.0,1.0,0.0,1.7791918516159058,0.7116129994392395,0.5142013430595398,far_right,0.4209333062171936,0.3913194239139557,0.5025427341461182,26,collision,169,nondiff,Non-diff learned camera,checkpoint/2026-05-09-22-34-42/checkpoint0014.pth
dark,1.0,0.0,1.0,0.1727711260318756,0.6174675822257996,0.7878978848457336,left,0.40760448575019836,0.36925941705703735,0.5083727240562439,60,timeout,170,nondiff,Non-diff learned camera,checkpoint/2026-05-09-22-34-42/checkpoint0014.pth
dark,1.0,0.0,1.0,0.1647888869047165,0.6331497430801392,0.7780792713165283,far_left,0.4137156903743744,0.38500380516052246,0.5061943531036377,60,timeout,171,nondiff,Non-diff learned camera,checkpoint/2026-05-09-22-34-42/checkpoint0014.pth
dark,0.0,1.0,0.0,1.7447270154953003,0.6799824237823486,0.485882043838501,far_left,0.4265035390853882,0.40855860710144043,0.5042652487754822,25,collision,172,nondiff,Non-diff learned camera,checkpoint/2026-05-09-22-34-42/checkpoint0014.pth
dark,1.0,0.0,1.0,0.10572979599237442,0.6227876543998718,0.7652271389961243,right,0.4089422821998596,0.36817851662635803,0.5090799331665039,60,timeout,173,nondiff,Non-diff learned camera,checkpoint/2026-05-09-22-34-42/checkpoint0014.pth
dark,1.0,0.0,1.0,0.15158389508724213,0.6379902362823486,0.7686464190483093,far_right,0.4086759686470032,0.3678947687149048,0.5090393424034119,60,timeout,174,nondiff,Non-diff learned camera,checkpoint/2026-05-09-22-34-42/checkpoint0014.pth
dark,0.0,1.0,0.0,1.7652599811553955,0.6969083547592163,0.49055203795433044,far_left,0.42749887704849243,0.4107564091682434,0.5043416023254395,24,collision,175,nondiff,Non-diff learned camera,checkpoint/2026-05-09-22-34-42/checkpoint0014.pth
dark,1.0,0.0,1.0,0.12272274494171143,0.6453325152397156,0.7676094174385071,far_right,0.41012874245643616,0.3695491850376129,0.5086032152175903,60,timeout,176,nondiff,Non-diff learned camera,checkpoint/2026-05-09-22-34-42/checkpoint0014.pth
dark,1.0,0.0,1.0,0.18365506827831268,0.6317155361175537,0.7786266207695007,left,0.40741094946861267,0.3683265149593353,0.5085681080818176,60,timeout,177,nondiff,Non-diff learned camera,checkpoint/2026-05-09-22-34-42/checkpoint0014.pth
dark,1.0,0.0,1.0,0.1217864528298378,0.6090454459190369,0.782441258430481,left,0.4071502387523651,0.3666079640388489,0.5093508958816528,60,timeout,178,nondiff,Non-diff learned camera,checkpoint/2026-05-09-22-34-42/checkpoint0014.pth
dark,1.0,0.0,1.0,0.09912902116775513,0.6165325045585632,0.7731988430023193,right,0.40765759348869324,0.3665744960308075,0.5094253420829773,60,timeout,179,nondiff,Non-diff learned camera,checkpoint/2026-05-09-22-34-42/checkpoint0014.pth
dark,1.0,0.0,1.0,0.08815919607877731,0.6338004469871521,0.7639033198356628,left,0.40713196992874146,0.3666177988052368,0.5090726017951965,60,timeout,180,nondiff,Non-diff learned camera,checkpoint/2026-05-09-22-34-42/checkpoint0014.pth
dark,1.0,0.0,1.0,0.2067887783050537,0.6651133298873901,0.7663194537162781,far_right,0.4082071781158447,0.3678077161312103,0.5091171264648438,60,timeout,181,nondiff,Non-diff learned camera,checkpoint/2026-05-09-22-34-42/checkpoint0014.pth
dark,0.0,1.0,0.0,1.7527493238449097,0.6683573722839355,0.4796070158481598,left,0.42091143131256104,0.39443257451057434,0.5035737752914429,24,collision,182,nondiff,Non-diff learned camera,checkpoint/2026-05-09-22-34-42/checkpoint0014.pth
dark,0.0,1.0,0.0,1.8147392272949219,0.6497374176979065,0.5054072737693787,far_left,0.42687833309173584,0.4092985987663269,0.504474401473999,25,collision,183,nondiff,Non-diff learned camera,checkpoint/2026-05-09-22-34-42/checkpoint0014.pth
dark,1.0,0.0,1.0,0.18182028830051422,0.6317461729049683,0.7609617114067078,far_left,0.417194128036499,0.3917606770992279,0.5059391856193542,60,timeout,184,nondiff,Non-diff learned camera,checkpoint/2026-05-09-22-34-42/checkpoint0014.pth
dark,1.0,0.0,1.0,0.25145527720451355,0.6075275540351868,0.7743779420852661,far_right,0.40813663601875305,0.3673114776611328,0.5091898441314697,60,timeout,185,nondiff,Non-diff learned camera,checkpoint/2026-05-09-22-34-42/checkpoint0014.pth
dark,1.0,0.0,1.0,0.2139839380979538,0.6203696131706238,0.7722077965736389,far_right,0.4097592830657959,0.36894622445106506,0.5086925625801086,60,timeout,186,nondiff,Non-diff learned camera,checkpoint/2026-05-09-22-34-42/checkpoint0014.pth
dark,1.0,0.0,1.0,0.20901896059513092,0.631436824798584,0.762808620929718,far_left,0.4167972207069397,0.3912448585033417,0.5059282183647156,60,timeout,187,nondiff,Non-diff learned camera,checkpoint/2026-05-09-22-34-42/checkpoint0014.pth
dark,0.0,1.0,0.0,1.734850287437439,0.6984679102897644,0.47301191091537476,far_right,0.42090433835983276,0.39009663462638855,0.5029744505882263,25,collision,188,nondiff,Non-diff learned camera,checkpoint/2026-05-09-22-34-42/checkpoint0014.pth
dark,0.0,1.0,0.0,1.760249376296997,0.6852377653121948,0.4739764332771301,far_left,0.4227239489555359,0.3995128571987152,0.503848671913147,25,collision,189,nondiff,Non-diff learned camera,checkpoint/2026-05-09-22-34-42/checkpoint0014.pth
dark,1.0,0.0,1.0,0.12036983668804169,0.6141997575759888,0.7769965529441833,left,0.4089358448982239,0.3697461783885956,0.5086709856987,60,timeout,190,nondiff,Non-diff learned camera,checkpoint/2026-05-09-22-34-42/checkpoint0014.pth
dark,1.0,0.0,1.0,0.1929202824831009,0.6173481941223145,0.7740548253059387,right,0.409821480512619,0.3688910901546478,0.5087993144989014,60,timeout,191,nondiff,Non-diff learned camera,checkpoint/2026-05-09-22-34-42/checkpoint0014.pth
dark,0.0,1.0,0.0,1.7839198112487793,0.6499826908111572,0.4968171715736389,far_right,0.41964974999427795,0.3880061209201813,0.5033951997756958,28,collision,192,nondiff,Non-diff learned camera,checkpoint/2026-05-09-22-34-42/checkpoint0014.pth
dark,1.0,0.0,1.0,0.2002350091934204,0.645443856716156,0.7815659046173096,far_right,0.40980657935142517,0.3699644207954407,0.5085188150405884,60,timeout,193,nondiff,Non-diff learned camera,checkpoint/2026-05-09-22-34-42/checkpoint0014.pth
dark,1.0,0.0,1.0,0.0892968401312828,0.6202855706214905,0.790837287902832,left,0.4089354872703552,0.36839020252227783,0.5090236067771912,60,timeout,194,nondiff,Non-diff learned camera,checkpoint/2026-05-09-22-34-42/checkpoint0014.pth
dark,1.0,0.0,1.0,0.21372666954994202,0.6525232791900635,0.7596619725227356,far_right,0.408123642206192,0.3673352897167206,0.5091530680656433,60,timeout,195,nondiff,Non-diff learned camera,checkpoint/2026-05-09-22-34-42/checkpoint0014.pth
dark,1.0,0.0,1.0,0.20015238225460052,0.6156172752380371,0.7739776968955994,far_left,0.4093172252178192,0.37289753556251526,0.5079549551010132,60,timeout,196,nondiff,Non-diff learned camera,checkpoint/2026-05-09-22-34-42/checkpoint0014.pth
dark,0.0,1.0,0.0,1.8366742134094238,0.6486061215400696,0.5274384021759033,far_right,0.4205458462238312,0.3912055790424347,0.5025033950805664,27,collision,197,nondiff,Non-diff learned camera,checkpoint/2026-05-09-22-34-42/checkpoint0014.pth
dark,1.0,0.0,1.0,0.19011583924293518,0.6055430173873901,0.7785904407501221,right,0.4071880877017975,0.3664644956588745,0.5094289779663086,60,timeout,198,nondiff,Non-diff learned camera,checkpoint/2026-05-09-22-34-42/checkpoint0014.pth
dark,1.0,0.0,1.0,0.0982837975025177,0.6395809650421143,0.7775800824165344,right,0.40766289830207825,0.3665560781955719,0.5093785524368286,60,timeout,199,nondiff,Non-diff learned camera,checkpoint/2026-05-09-22-34-42/checkpoint0014.pth
dark,1.0,0.0,1.0,0.14114421606063843,0.607200026512146,0.7931520342826843,left,0.408649206161499,0.3678681254386902,0.5091525912284851,60,timeout,200,nondiff,Non-diff learned camera,checkpoint/2026-05-09-22-34-42/checkpoint0014.pth
dark,0.0,1.0,0.0,1.7887762784957886,0.6567301750183105,0.5110706090927124,far_left,0.4317149221897125,0.4206041693687439,0.5045809149742126,26,collision,201,nondiff,Non-diff learned camera,checkpoint/2026-05-09-22-34-42/checkpoint0014.pth
dark,0.0,1.0,0.0,1.7111741304397583,0.7076120376586914,0.47674664855003357,right,0.42156580090522766,0.39088645577430725,0.5033317804336548,23,collision,202,nondiff,Non-diff learned camera,checkpoint/2026-05-09-22-34-42/checkpoint0014.pth
dark,1.0,0.0,1.0,0.18955430388450623,0.619646430015564,0.7815731167793274,left,0.4072466194629669,0.367846816778183,0.5087430477142334,60,timeout,203,nondiff,Non-diff learned camera,checkpoint/2026-05-09-22-34-42/checkpoint0014.pth
dark,1.0,0.0,1.0,0.18138587474822998,0.6199072599411011,0.7712456583976746,right,0.4082164764404297,0.36732834577560425,0.5093232989311218,60,timeout,204,nondiff,Non-diff learned camera,checkpoint/2026-05-09-22-34-42/checkpoint0014.pth
dark,1.0,0.0,1.0,0.15581510961055756,0.6153321862220764,0.7781057953834534,right,0.40805497765541077,0.36720600724220276,0.5092757940292358,60,timeout,205,nondiff,Non-diff learned camera,checkpoint/2026-05-09-22-34-42/checkpoint0014.pth
dark,0.0,1.0,0.0,1.822967767715454,0.6446269154548645,0.514421284198761,far_right,0.42088842391967773,0.39119982719421387,0.5025138258934021,26,collision,206,nondiff,Non-diff learned camera,checkpoint/2026-05-09-22-34-42/checkpoint0014.pth
dark,1.0,0.0,1.0,0.12754283845424652,0.6262736320495605,0.7890673875808716,left,0.40710973739624023,0.3677253723144531,0.5087796449661255,60,timeout,207,nondiff,Non-diff learned camera,checkpoint/2026-05-09-22-34-42/checkpoint0014.pth
dark,1.0,0.0,1.0,0.10749459266662598,0.6078549027442932,0.7879003286361694,right,0.4069889187812805,0.3658204674720764,0.5096229910850525,60,timeout,208,nondiff,Non-diff learned camera,checkpoint/2026-05-09-22-34-42/checkpoint0014.pth
dark,0.0,1.0,0.0,1.761887550354004,0.6390590071678162,0.5017361044883728,far_left,0.4281066954135895,0.41189950704574585,0.5041812062263489,28,collision,209,nondiff,Non-diff learned camera,checkpoint/2026-05-09-22-34-42/checkpoint0014.pth
dark,0.0,1.0,0.0,1.686426043510437,0.7120161056518555,0.46776872873306274,left,0.42001649737358093,0.3916551470756531,0.5037240386009216,24,collision,210,nondiff,Non-diff learned camera,checkpoint/2026-05-09-22-34-42/checkpoint0014.pth
dark,1.0,0.0,1.0,0.18805477023124695,0.6337294578552246,0.7657142877578735,far_right,0.40896689891815186,0.36834225058555603,0.5088897943496704,60,timeout,211,nondiff,Non-diff learned camera,checkpoint/2026-05-09-22-34-42/checkpoint0014.pth
dark,1.0,0.0,1.0,0.13854669034481049,0.6512339115142822,0.7706862688064575,far_right,0.4080750346183777,0.36718612909317017,0.5092499256134033,60,timeout,212,nondiff,Non-diff learned camera,checkpoint/2026-05-09-22-34-42/checkpoint0014.pth
dark,1.0,0.0,1.0,0.08193822205066681,0.6373608708381653,0.7820746302604675,left,0.40807488560676575,0.36752864718437195,0.5091930627822876,60,timeout,213,nondiff,Non-diff learned camera,checkpoint/2026-05-09-22-34-42/checkpoint0014.pth
dark,1.0,0.0,1.0,0.20366491377353668,0.6067293882369995,0.7640432119369507,right,0.40974974632263184,0.3687705993652344,0.5088286995887756,60,timeout,214,nondiff,Non-diff learned camera,checkpoint/2026-05-09-22-34-42/checkpoint0014.pth
dark,0.0,1.0,0.0,1.7632015943527222,0.6854190230369568,0.4928668439388275,far_left,0.4244510531425476,0.40375739336013794,0.5040818452835083,24,collision,215,nondiff,Non-diff learned camera,checkpoint/2026-05-09-22-34-42/checkpoint0014.pth
dark,1.0,0.0,1.0,0.12062440812587738,0.6391604542732239,0.7691816091537476,far_right,0.40978413820266724,0.3691689968109131,0.5086736679077148,60,timeout,216,nondiff,Non-diff learned camera,checkpoint/2026-05-09-22-34-42/checkpoint0014.pth
dark,1.0,0.0,1.0,0.09853261709213257,0.625952422618866,0.7780647873878479,right,0.40727490186691284,0.36646729707717896,0.5093833208084106,60,timeout,217,nondiff,Non-diff learned camera,checkpoint/2026-05-09-22-34-42/checkpoint0014.pth
dark,0.0,1.0,0.0,1.7645388841629028,0.672214686870575,0.5045740008354187,far_right,0.4204358160495758,0.39034712314605713,0.5027323961257935,27,collision,218,nondiff,Non-diff learned camera,checkpoint/2026-05-09-22-34-42/checkpoint0014.pth
dark,0.0,1.0,0.0,1.7898602485656738,0.6659592986106873,0.5077893137931824,far_left,0.4316464960575104,0.42042282223701477,0.5045475363731384,26,collision,219,nondiff,Non-diff learned camera,checkpoint/2026-05-09-22-34-42/checkpoint0014.pth
dark,0.0,1.0,0.0,1.7857420444488525,0.6726698279380798,0.5034664273262024,far_left,0.43166083097457886,0.42030325531959534,0.504518449306488,26,collision,220,nondiff,Non-diff learned camera,checkpoint/2026-05-09-22-34-42/checkpoint0014.pth
dark,1.0,0.0,1.0,0.1289665400981903,0.6243174076080322,0.7698712348937988,right,0.4079938530921936,0.36692842841148376,0.5092095732688904,60,timeout,221,nondiff,Non-diff learned camera,checkpoint/2026-05-09-22-34-42/checkpoint0014.pth
dark,1.0,0.0,1.0,0.181661918759346,0.655397891998291,0.7664159536361694,far_left,0.4185395836830139,0.39645811915397644,0.5048866868019104,60,timeout,222,nondiff,Non-diff learned camera,checkpoint/2026-05-09-22-34-42/checkpoint0014.pth
dark,0.0,1.0,0.0,1.7760019302368164,0.6787497997283936,0.5078245997428894,far_left,0.43000122904777527,0.4162624478340149,0.5044444799423218,25,collision,223,nondiff,Non-diff learned camera,checkpoint/2026-05-09-22-34-42/checkpoint0014.pth
dark,0.0,1.0,0.0,1.7498140335083008,0.6672712564468384,0.4817897081375122,left,0.42064011096954346,0.3935331404209137,0.5036428570747375,24,collision,224,nondiff,Non-diff learned camera,checkpoint/2026-05-09-22-34-42/checkpoint0014.pth
dark,0.0,1.0,0.0,1.7855886220932007,0.6431624293327332,0.49010777473449707,far_left,0.4221961498260498,0.39821529388427734,0.503889799118042,25,collision,225,nondiff,Non-diff learned camera,checkpoint/2026-05-09-22-34-42/checkpoint0014.pth
dark,1.0,0.0,1.0,0.2377241849899292,0.6042797565460205,0.777143657207489,left,0.4084334969520569,0.37060070037841797,0.5082709789276123,60,timeout,226,nondiff,Non-diff learned camera,checkpoint/2026-05-09-22-34-42/checkpoint0014.pth
dark,1.0,0.0,1.0,0.23493804037570953,0.5931956171989441,0.7866923213005066,left,0.4071788489818573,0.3671417236328125,0.5091051459312439,60,timeout,227,nondiff,Non-diff learned camera,checkpoint/2026-05-09-22-34-42/checkpoint0014.pth
dark,1.0,0.0,1.0,0.15227575600147247,0.6021425724029541,0.7802083492279053,left,0.4071693420410156,0.3669927716255188,0.5092231035232544,60,timeout,228,nondiff,Non-diff learned camera,checkpoint/2026-05-09-22-34-42/checkpoint0014.pth
dark,1.0,0.0,1.0,0.044240646064281464,0.6440274715423584,0.7665437459945679,right,0.40819984674453735,0.36702921986579895,0.5092369318008423,60,timeout,229,nondiff,Non-diff learned camera,checkpoint/2026-05-09-22-34-42/checkpoint0014.pth
dark,1.0,0.0,1.0,0.1344928741455078,0.5957303047180176,0.7915074825286865,left,0.4066466987133026,0.366181343793869,0.5092800855636597,60,timeout,230,nondiff,Non-diff learned camera,checkpoint/2026-05-09-22-34-42/checkpoint0014.pth
dark,1.0,0.0,1.0,0.13385219871997833,0.6204249858856201,0.7747998833656311,left,0.406999409198761,0.3665217161178589,0.5091702938079834,60,timeout,231,nondiff,Non-diff learned camera,checkpoint/2026-05-09-22-34-42/checkpoint0014.pth
dark,0.0,1.0,0.0,1.772574782371521,0.6953306198120117,0.5200918912887573,far_left,0.4349444806575775,0.4277941882610321,0.5046751499176025,25,collision,232,nondiff,Non-diff learned camera,checkpoint/2026-05-09-22-34-42/checkpoint0014.pth
dark,0.0,1.0,0.0,1.7845258712768555,0.6799213886260986,0.5184085369110107,far_left,0.43499788641929626,0.42778292298316956,0.504425585269928,26,collision,233,nondiff,Non-diff learned camera,checkpoint/2026-05-09-22-34-42/checkpoint0014.pth
dark,0.0,1.0,0.0,1.744179606437683,0.6725229024887085,0.4919222593307495,far_right,0.4206927716732025,0.3895711898803711,0.5032410621643066,25,collision,234,nondiff,Non-diff learned camera,checkpoint/2026-05-09-22-34-42/checkpoint0014.pth
dark,1.0,0.0,1.0,0.20877191424369812,0.6597220301628113,0.7678241729736328,far_right,0.40812256932258606,0.367800235748291,0.5090715885162354,60,timeout,235,nondiff,Non-diff learned camera,checkpoint/2026-05-09-22-34-42/checkpoint0014.pth
dark,1.0,0.0,1.0,0.14477984607219696,0.624355137348175,0.7746070027351379,left,0.4080643653869629,0.3681410253047943,0.5089372396469116,60,timeout,236,nondiff,Non-diff learned camera,checkpoint/2026-05-09-22-34-42/checkpoint0014.pth
dark,1.0,0.0,1.0,0.15262265503406525,0.6208445429801941,0.7831838130950928,right,0.4082305133342743,0.3673616647720337,0.5092973709106445,60,timeout,237,nondiff,Non-diff learned camera,checkpoint/2026-05-09-22-34-42/checkpoint0014.pth
dark,1.0,0.0,1.0,0.08821594715118408,0.6206389665603638,0.7863884568214417,left,0.40697452425956726,0.3669574558734894,0.509080708026886,60,timeout,238,nondiff,Non-diff learned camera,checkpoint/2026-05-09-22-34-42/checkpoint0014.pth
dark,0.0,1.0,0.0,1.6365714073181152,0.720975935459137,0.46439817547798157,far_right,0.42008987069129944,0.38797423243522644,0.5036923885345459,26,collision,239,nondiff,Non-diff learned camera,checkpoint/2026-05-09-22-34-42/checkpoint0014.pth
dark,0.0,1.0,0.0,1.7240976095199585,0.6640033721923828,0.47746527194976807,far_right,0.42017263174057007,0.38812965154647827,0.5035266280174255,26,collision,240,nondiff,Non-diff learned camera,checkpoint/2026-05-09-22-34-42/checkpoint0014.pth
dark,1.0,0.0,1.0,0.11005587875843048,0.614457368850708,0.7761743068695068,left,0.407534658908844,0.36709341406822205,0.5092658996582031,60,timeout,241,nondiff,Non-diff learned camera,checkpoint/2026-05-09-22-34-42/checkpoint0014.pth
dark,1.0,0.0,1.0,0.18726861476898193,0.6403599381446838,0.7809655070304871,far_left,0.41714656352996826,0.3929920494556427,0.5058380961418152,60,timeout,242,nondiff,Non-diff learned camera,checkpoint/2026-05-09-22-34-42/checkpoint0014.pth
dark,1.0,0.0,1.0,0.17816878855228424,0.6139246821403503,0.7805339097976685,left,0.4072250723838806,0.36781045794487,0.5088040232658386,60,timeout,243,nondiff,Non-diff learned camera,checkpoint/2026-05-09-22-34-42/checkpoint0014.pth
dark,0.0,1.0,0.0,1.7348800897598267,0.6923897862434387,0.484947144985199,left,0.4209350347518921,0.3941354751586914,0.5037152171134949,23,collision,244,nondiff,Non-diff learned camera,checkpoint/2026-05-09-22-34-42/checkpoint0014.pth
dark,0.0,1.0,0.0,1.6821587085723877,0.7083191871643066,0.4998660683631897,far_left,0.43671202659606934,0.43087291717529297,0.5038476586341858,28,collision,245,nondiff,Non-diff learned camera,checkpoint/2026-05-09-22-34-42/checkpoint0014.pth
dark,1.0,0.0,1.0,0.17350980639457703,0.6422829031944275,0.7614005208015442,far_left,0.4145579934120178,0.3862377405166626,0.5061724185943604,60,timeout,246,nondiff,Non-diff learned camera,checkpoint/2026-05-09-22-34-42/checkpoint0014.pth
dark,0.0,1.0,0.0,1.724063515663147,0.6878865957260132,0.48928195238113403,far_left,0.42289671301841736,0.400038480758667,0.5038647055625916,25,collision,247,nondiff,Non-diff learned camera,checkpoint/2026-05-09-22-34-42/checkpoint0014.pth
dark,0.0,1.0,0.0,1.8533269166946411,0.6627459526062012,0.5433275699615479,far_left,0.4385833144187927,0.4349640905857086,0.5043736696243286,26,collision,248,nondiff,Non-diff learned camera,checkpoint/2026-05-09-22-34-42/checkpoint0014.pth
dark,1.0,0.0,1.0,0.06175078824162483,0.6287039518356323,0.7772449254989624,right,0.4072311222553253,0.366371214389801,0.5094566345214844,60,timeout,249,nondiff,Non-diff learned camera,checkpoint/2026-05-09-22-34-42/checkpoint0014.pth
dark,1.0,0.0,1.0,0.11645784229040146,0.622463583946228,0.7778356075286865,left,0.40764790773391724,0.3678319752216339,0.5089812278747559,60,timeout,250,nondiff,Non-diff learned camera,checkpoint/2026-05-09-22-34-42/checkpoint0014.pth
dark,0.0,1.0,0.0,1.8062763214111328,0.6679234504699707,0.5157005190849304,far_left,0.4308578670024872,0.418476402759552,0.504571795463562,24,collision,251,nondiff,Non-diff learned camera,checkpoint/2026-05-09-22-34-42/checkpoint0014.pth
dark,0.0,1.0,0.0,1.8432812690734863,0.6763453483581543,0.5464062094688416,far_right,0.4213954210281372,0.39309433102607727,0.5020003914833069,26,collision,252,nondiff,Non-diff learned camera,checkpoint/2026-05-09-22-34-42/checkpoint0014.pth
dark,1.0,0.0,1.0,0.10302790254354477,0.6269329190254211,0.7713131904602051,left,0.4077093303203583,0.36802300810813904,0.508874773979187,60,timeout,253,nondiff,Non-diff learned camera,checkpoint/2026-05-09-22-34-42/checkpoint0014.pth
dark,0.0,1.0,0.0,1.715267539024353,0.6879012584686279,0.4746440052986145,left,0.4200141727924347,0.39155808091163635,0.50373375415802,24,collision,254,nondiff,Non-diff learned camera,checkpoint/2026-05-09-22-34-42/checkpoint0014.pth
dark,0.0,1.0,0.0,1.5126961469650269,0.7372918128967285,0.48882782459259033,far_left,0.4219996929168701,0.39711302518844604,0.5038588047027588,28,collision,255,nondiff,Non-diff learned camera,checkpoint/2026-05-09-22-34-42/checkpoint0014.pth
dark,1.0,0.0,1.0,0.10580183565616608,0.6498252749443054,0.7748240828514099,right,0.409732848405838,0.36870598793029785,0.5088735222816467,60,timeout,256,nondiff,Non-diff learned camera,checkpoint/2026-05-09-22-34-42/checkpoint0014.pth
dark,1.0,0.0,1.0,0.12605494260787964,0.6215440630912781,0.77161705493927,right,0.4082718789577484,0.3675604462623596,0.5091976523399353,60,timeout,257,nondiff,Non-diff learned camera,checkpoint/2026-05-09-22-34-42/checkpoint0014.pth
dark,0.0,1.0,0.0,1.6444650888442993,0.7470079064369202,0.51490718126297,far_right,0.4203525185585022,0.39064040780067444,0.5027182102203369,27,collision,258,nondiff,Non-diff learned camera,checkpoint/2026-05-09-22-34-42/checkpoint0014.pth
dark,1.0,0.0,1.0,0.17764215171337128,0.6128367185592651,0.786441445350647,right,0.4089113473892212,0.36799368262290955,0.5090145468711853,60,timeout,259,nondiff,Non-diff learned camera,checkpoint/2026-05-09-22-34-42/checkpoint0014.pth
dark,1.0,0.0,1.0,0.06032433360815048,0.6317408680915833,0.7698302865028381,right,0.4084120988845825,0.36738887429237366,0.509221613407135,60,timeout,260,nondiff,Non-diff learned camera,checkpoint/2026-05-09-22-34-42/checkpoint0014.pth
dark,1.0,0.0,1.0,0.13330231606960297,0.6309895515441895,0.778785765171051,right,0.40822455286979675,0.3671281337738037,0.5093084573745728,60,timeout,261,nondiff,Non-diff learned camera,checkpoint/2026-05-09-22-34-42/checkpoint0014.pth
dark,1.0,0.0,1.0,0.21734659373760223,0.6443657279014587,0.754880428314209,far_right,0.408288836479187,0.3677273392677307,0.5091039538383484,60,timeout,262,nondiff,Non-diff learned camera,checkpoint/2026-05-09-22-34-42/checkpoint0014.pth
dark,1.0,0.0,1.0,0.07438316196203232,0.6607492566108704,0.7815973162651062,far_right,0.4096738398075104,0.36943161487579346,0.5086240172386169,60,timeout,263,nondiff,Non-diff learned camera,checkpoint/2026-05-09-22-34-42/checkpoint0014.pth
dark,1.0,0.0,1.0,0.13153107464313507,0.6374061107635498,0.7714096307754517,far_left,0.4149814248085022,0.38679614663124084,0.5063703060150146,60,timeout,264,nondiff,Non-diff learned camera,checkpoint/2026-05-09-22-34-42/checkpoint0014.pth
dark,0.0,1.0,0.0,1.72170090675354,0.6830111742019653,0.47448277473449707,left,0.4209563136100769,0.39500975608825684,0.5038197040557861,25,collision,265,nondiff,Non-diff learned camera,checkpoint/2026-05-09-22-34-42/checkpoint0014.pth
dark,0.0,1.0,0.0,1.7330528497695923,0.7048524022102356,0.4722156524658203,left,0.4213625490665436,0.3953929543495178,0.5034834146499634,23,collision,266,nondiff,Non-diff learned camera,checkpoint/2026-05-09-22-34-42/checkpoint0014.pth
dark,1.0,0.0,1.0,0.12915752828121185,0.6178763508796692,0.7848138809204102,left,0.4067121744155884,0.36591753363609314,0.509373664855957,60,timeout,267,nondiff,Non-diff learned camera,checkpoint/2026-05-09-22-34-42/checkpoint0014.pth
dark,1.0,0.0,1.0,0.21451565623283386,0.6075028777122498,0.7645375728607178,left,0.409562349319458,0.3729219138622284,0.5078057050704956,60,timeout,268,nondiff,Non-diff learned camera,checkpoint/2026-05-09-22-34-42/checkpoint0014.pth
dark,0.0,1.0,0.0,1.6719930171966553,0.7037961483001709,0.47105878591537476,left,0.42067620158195496,0.3938315808773041,0.5038166642189026,25,collision,269,nondiff,Non-diff learned camera,checkpoint/2026-05-09-22-34-42/checkpoint0014.pth
dark,0.0,1.0,0.0,1.7025222778320312,0.6900947690010071,0.4798774719238281,far_left,0.42244476079940796,0.39866554737091064,0.5037169456481934,24,collision,270,nondiff,Non-diff learned camera,checkpoint/2026-05-09-22-34-42/checkpoint0014.pth
dark,1.0,0.0,1.0,0.09414169937372208,0.6519738435745239,0.7688754200935364,far_left,0.41361260414123535,0.3846186399459839,0.5059264302253723,60,timeout,271,nondiff,Non-diff learned camera,checkpoint/2026-05-09-22-34-42/checkpoint0014.pth
dark,1.0,0.0,1.0,0.12469537556171417,0.6027958393096924,0.7870491147041321,right,0.4089260995388031,0.3679151237010956,0.5091636776924133,60,timeout,272,nondiff,Non-diff learned camera,checkpoint/2026-05-09-22-34-42/checkpoint0014.pth
dark,1.0,0.0,1.0,0.21494127810001373,0.6166349053382874,0.7730010747909546,right,0.4077626168727875,0.3665773570537567,0.5094057321548462,60,timeout,273,nondiff,Non-diff learned camera,checkpoint/2026-05-09-22-34-42/checkpoint0014.pth
dark,1.0,0.0,1.0,0.0928000882267952,0.618604302406311,0.784063994884491,left,0.40672963857650757,0.36625534296035767,0.5092190504074097,60,timeout,274,nondiff,Non-diff learned camera,checkpoint/2026-05-09-22-34-42/checkpoint0014.pth
dark,1.0,0.0,1.0,0.10946992039680481,0.6174206733703613,0.7846113443374634,left,0.4094149172306061,0.3687385618686676,0.508964478969574,60,timeout,275,nondiff,Non-diff learned camera,checkpoint/2026-05-09-22-34-42/checkpoint0014.pth
dark,1.0,0.0,1.0,0.16851501166820526,0.6107730269432068,0.7705947160720825,right,0.4085497558116913,0.367645800113678,0.5091778039932251,60,timeout,276,nondiff,Non-diff learned camera,checkpoint/2026-05-09-22-34-42/checkpoint0014.pth
dark,1.0,0.0,1.0,0.1782255470752716,0.619027853012085,0.7670934796333313,far_left,0.4103080630302429,0.3746253550052643,0.5077049136161804,60,timeout,277,nondiff,Non-diff learned camera,checkpoint/2026-05-09-22-34-42/checkpoint0014.pth
dark,1.0,0.0,1.0,0.11414878815412521,0.6205093264579773,0.7764829397201538,left,0.4082261025905609,0.36756429076194763,0.5091695189476013,60,timeout,278,nondiff,Non-diff learned camera,checkpoint/2026-05-09-22-34-42/checkpoint0014.pth
dark,1.0,0.0,1.0,0.12960684299468994,0.6059014797210693,0.7861691117286682,right,0.4085841774940491,0.36763855814933777,0.5091750621795654,60,timeout,279,nondiff,Non-diff learned camera,checkpoint/2026-05-09-22-34-42/checkpoint0014.pth
dark,0.0,1.0,0.0,1.740705966949463,0.6838251352310181,0.49052929878234863,far_left,0.4326445758342743,0.422558069229126,0.5042074918746948,27,collision,280,nondiff,Non-diff learned camera,checkpoint/2026-05-09-22-34-42/checkpoint0014.pth
dark,0.0,1.0,0.0,1.7861168384552002,0.6752044558525085,0.5010185241699219,far_left,0.43267112970352173,0.4227207899093628,0.5044419765472412,26,collision,281,nondiff,Non-diff learned camera,checkpoint/2026-05-09-22-34-42/checkpoint0014.pth
dark,1.0,0.0,1.0,0.1799156218767166,0.6330759525299072,0.7638286352157593,far_left,0.4115937054157257,0.37925416231155396,0.5067903399467468,60,timeout,282,nondiff,Non-diff learned camera,checkpoint/2026-05-09-22-34-42/checkpoint0014.pth
dark,0.0,1.0,0.0,1.8310818672180176,0.705040454864502,0.5183804631233215,far_left,0.43105873465538025,0.4187031686306,0.5045914649963379,23,collision,283,nondiff,Non-diff learned camera,checkpoint/2026-05-09-22-34-42/checkpoint0014.pth
dark,1.0,0.0,1.0,0.1411455273628235,0.6148961782455444,0.7775222063064575,right,0.4074465036392212,0.36617499589920044,0.5095155239105225,60,timeout,284,nondiff,Non-diff learned camera,checkpoint/2026-05-09-22-34-42/checkpoint0014.pth
dark,0.0,1.0,0.0,1.547511100769043,0.6965221166610718,0.5063223242759705,far_right,0.41851043701171875,0.38593822717666626,0.5038788318634033,31,collision,285,nondiff,Non-diff learned camera,checkpoint/2026-05-09-22-34-42/checkpoint0014.pth
dark,0.0,1.0,0.0,1.7996320724487305,0.7161622047424316,0.510320246219635,far_right,0.42147716879844666,0.392987459897995,0.5021255016326904,25,collision,286,nondiff,Non-diff learned camera,checkpoint/2026-05-09-22-34-42/checkpoint0014.pth
dark,0.0,1.0,0.0,1.763609528541565,0.6822696924209595,0.493100106716156,far_right,0.4201209843158722,0.3891420364379883,0.5031073093414307,27,collision,287,nondiff,Non-diff learned camera,checkpoint/2026-05-09-22-34-42/checkpoint0014.pth
dark,1.0,0.0,1.0,0.04761077091097832,0.6214475035667419,0.7822628021240234,right,0.40701863169670105,0.36604228615760803,0.5096014738082886,60,timeout,288,nondiff,Non-diff learned camera,checkpoint/2026-05-09-22-34-42/checkpoint0014.pth
dark,1.0,0.0,1.0,0.1278756856918335,0.6162256002426147,0.790253758430481,right,0.4074733853340149,0.366738498210907,0.509456217288971,60,timeout,289,nondiff,Non-diff learned camera,checkpoint/2026-05-09-22-34-42/checkpoint0014.pth
dark,1.0,0.0,1.0,0.14174745976924896,0.64937424659729,0.7610388994216919,far_right,0.4077109098434448,0.3666917383670807,0.5093173384666443,60,timeout,290,nondiff,Non-diff learned camera,checkpoint/2026-05-09-22-34-42/checkpoint0014.pth
dark,0.0,1.0,0.0,1.823049545288086,0.640321671962738,0.5282546281814575,far_right,0.42016687989234924,0.390223890542984,0.5026869177818298,28,collision,291,nondiff,Non-diff learned camera,checkpoint/2026-05-09-22-34-42/checkpoint0014.pth
dark,1.0,0.0,1.0,0.14084717631340027,0.6304922699928284,0.775525689125061,right,0.40709593892097473,0.36585912108421326,0.5095037221908569,60,timeout,292,nondiff,Non-diff learned camera,checkpoint/2026-05-09-22-34-42/checkpoint0014.pth
dark,0.0,1.0,0.0,1.7877272367477417,0.6713290214538574,0.5112068057060242,far_right,0.42029815912246704,0.3896859288215637,0.5030009150505066,27,collision,293,nondiff,Non-diff learned camera,checkpoint/2026-05-09-22-34-42/checkpoint0014.pth
dark,0.0,1.0,0.0,1.7158170938491821,0.6753787398338318,0.4787159860134125,far_left,0.42751580476760864,0.410386323928833,0.5040254592895508,27,collision,294,nondiff,Non-diff learned camera,checkpoint/2026-05-09-22-34-42/checkpoint0014.pth
dark,1.0,0.0,1.0,0.19561611115932465,0.6350240111351013,0.7705729603767395,far_right,0.4074719250202179,0.3663070797920227,0.5093992948532104,60,timeout,295,nondiff,Non-diff learned camera,checkpoint/2026-05-09-22-34-42/checkpoint0014.pth
dark,1.0,0.0,1.0,0.21729885041713715,0.6110179424285889,0.7737003564834595,left,0.4081181287765503,0.3704149127006531,0.5079400539398193,60,timeout,296,nondiff,Non-diff learned camera,checkpoint/2026-05-09-22-34-42/checkpoint0014.pth
dark,1.0,0.0,1.0,0.1814408153295517,0.682104766368866,0.7626712322235107,far_right,0.40950465202331543,0.37002506852149963,0.5085552930831909,60,timeout,297,nondiff,Non-diff learned camera,checkpoint/2026-05-09-22-34-42/checkpoint0014.pth
dark,0.0,1.0,0.0,1.7063559293746948,0.698322057723999,0.46501991152763367,left,0.41973039507865906,0.38956427574157715,0.5038822889328003,24,collision,298,nondiff,Non-diff learned camera,checkpoint/2026-05-09-22-34-42/checkpoint0014.pth
dark,0.0,1.0,0.0,1.5919146537780762,0.7205460071563721,0.48175349831581116,far_right,0.42022550106048584,0.388435035943985,0.5033998489379883,26,collision,299,nondiff,Non-diff learned camera,checkpoint/2026-05-09-22-34-42/checkpoint0014.pth
