scene_name,success_rate,collision_rate,goal_reach_rate,final_goal_dist,avg_speed,fill_rate,slit_slot,power_mean,exposure_mean,gain_mean,steps,stop_reason,episode_idx,method,method_label,checkpoint
glare,0.0,1.0,0.0,1.8268537521362305,0.6671860814094543,0.9381001591682434,far_right,0.7884799838066101,0.1001160740852356,0.11524844914674759,28,collision,0,pretrained,Pretrained camera head,checkpoint/closed_loop_teacher_camera_policy_light_v3d_t60_20260510_splitstem/camera_head_pretrained_best.pth
glare,0.0,1.0,0.0,1.7319121360778809,0.6145146489143372,0.9488726258277893,far_left,0.7822645902633667,0.10411996394395828,0.12006237357854843,29,collision,1,pretrained,Pretrained camera head,checkpoint/closed_loop_teacher_camera_policy_light_v3d_t60_20260510_splitstem/camera_head_pretrained_best.pth
glare,0.0,1.0,0.0,1.7778147459030151,0.5911951661109924,0.943965494632721,far_left,0.7775647640228271,0.10431966930627823,0.12168832123279572,30,collision,2,pretrained,Pretrained camera head,checkpoint/closed_loop_teacher_camera_policy_light_v3d_t60_20260510_splitstem/camera_head_pretrained_best.pth
glare,0.0,1.0,0.0,1.7366762161254883,0.6882437467575073,0.9319713115692139,far_right,0.7848612070083618,0.09786830842494965,0.11146627366542816,29,collision,3,pretrained,Pretrained camera head,checkpoint/closed_loop_teacher_camera_policy_light_v3d_t60_20260510_splitstem/camera_head_pretrained_best.pth
glare,0.0,1.0,0.0,1.8263181447982788,0.6497446298599243,0.948929488658905,far_right,0.7823643088340759,0.09852387756109238,0.11358030140399933,29,collision,4,pretrained,Pretrained camera head,checkpoint/closed_loop_teacher_camera_policy_light_v3d_t60_20260510_splitstem/camera_head_pretrained_best.pth
glare,0.0,1.0,0.0,1.7329473495483398,0.5943882465362549,0.9526042342185974,far_left,0.7762466669082642,0.10094399005174637,0.1182643324136734,31,collision,5,pretrained,Pretrained camera head,checkpoint/closed_loop_teacher_camera_policy_light_v3d_t60_20260510_splitstem/camera_head_pretrained_best.pth
glare,0.0,1.0,0.0,1.7824409008026123,0.6286883354187012,0.9343520998954773,right,0.7845242619514465,0.09563541412353516,0.10997257381677628,30,collision,6,pretrained,Pretrained camera head,checkpoint/closed_loop_teacher_camera_policy_light_v3d_t60_20260510_splitstem/camera_head_pretrained_best.pth
glare,0.0,1.0,0.0,1.7574920654296875,0.6038501262664795,0.9512441754341125,far_right,0.7754577994346619,0.0938582718372345,0.11023953557014465,32,collision,7,pretrained,Pretrained camera head,checkpoint/closed_loop_teacher_camera_policy_light_v3d_t60_20260510_splitstem/camera_head_pretrained_best.pth
glare,0.0,1.0,0.0,1.7676355838775635,0.6592981219291687,0.9317801594734192,far_right,0.7855926752090454,0.09915625303983688,0.1125452071428299,29,collision,8,pretrained,Pretrained camera head,checkpoint/closed_loop_teacher_camera_policy_light_v3d_t60_20260510_splitstem/camera_head_pretrained_best.pth
glare,0.0,1.0,0.0,1.589591145515442,0.6899538040161133,0.9436295032501221,right,0.790911853313446,0.09226669371128082,0.10917556285858154,31,collision,9,pretrained,Pretrained camera head,checkpoint/closed_loop_teacher_camera_policy_light_v3d_t60_20260510_splitstem/camera_head_pretrained_best.pth
glare,0.0,1.0,0.0,1.7761988639831543,0.6481673121452332,0.9462307095527649,left,0.7832576036453247,0.10513260215520859,0.11935296654701233,27,collision,10,pretrained,Pretrained camera head,checkpoint/closed_loop_teacher_camera_policy_light_v3d_t60_20260510_splitstem/camera_head_pretrained_best.pth
glare,0.0,1.0,0.0,1.7695883512496948,0.6176120042800903,0.9538016319274902,far_right,0.7775343656539917,0.09317143261432648,0.11058061569929123,32,collision,11,pretrained,Pretrained camera head,checkpoint/closed_loop_teacher_camera_policy_light_v3d_t60_20260510_splitstem/camera_head_pretrained_best.pth
glare,0.0,1.0,0.0,1.7710164785385132,0.6041600704193115,0.9503569006919861,far_right,0.7798360586166382,0.09667927026748657,0.11208821088075638,31,collision,12,pretrained,Pretrained camera head,checkpoint/closed_loop_teacher_camera_policy_light_v3d_t60_20260510_splitstem/camera_head_pretrained_best.pth
glare,0.0,1.0,0.0,1.8167030811309814,0.651212215423584,0.9405930638313293,far_right,0.784953236579895,0.09522495418787003,0.1103467270731926,30,collision,13,pretrained,Pretrained camera head,checkpoint/closed_loop_teacher_camera_policy_light_v3d_t60_20260510_splitstem/camera_head_pretrained_best.pth
glare,0.0,1.0,0.0,1.7656327486038208,0.6587928533554077,0.9386788010597229,right,0.7931824922561646,0.09925518184900284,0.11509273946285248,28,collision,14,pretrained,Pretrained camera head,checkpoint/closed_loop_teacher_camera_policy_light_v3d_t60_20260510_splitstem/camera_head_pretrained_best.pth
glare,0.0,1.0,0.0,1.7831950187683105,0.642224907875061,0.934833824634552,left,0.7957846522331238,0.09734763205051422,0.1135769635438919,29,collision,15,pretrained,Pretrained camera head,checkpoint/closed_loop_teacher_camera_policy_light_v3d_t60_20260510_splitstem/camera_head_pretrained_best.pth
glare,0.0,1.0,0.0,1.7615008354187012,0.6291074752807617,0.9443824291229248,left,0.7914127707481384,0.10410117357969284,0.12222334742546082,29,collision,16,pretrained,Pretrained camera head,checkpoint/closed_loop_teacher_camera_policy_light_v3d_t60_20260510_splitstem/camera_head_pretrained_best.pth
glare,0.0,1.0,0.0,1.7218228578567505,0.6566141843795776,0.9449397325515747,far_left,0.7842410206794739,0.10495439916849136,0.11961232870817184,27,collision,17,pretrained,Pretrained camera head,checkpoint/closed_loop_teacher_camera_policy_light_v3d_t60_20260510_splitstem/camera_head_pretrained_best.pth
glare,0.0,1.0,0.0,1.732740044593811,0.5872790217399597,0.9478466510772705,far_left,0.7624176144599915,0.1030687689781189,0.12421758472919464,32,collision,18,pretrained,Pretrained camera head,checkpoint/closed_loop_teacher_camera_policy_light_v3d_t60_20260510_splitstem/camera_head_pretrained_best.pth
glare,0.0,1.0,0.0,1.749614953994751,0.632695198059082,0.9377222657203674,far_left,0.7902436852455139,0.09963325411081314,0.11388719826936722,29,collision,19,pretrained,Pretrained camera head,checkpoint/closed_loop_teacher_camera_policy_light_v3d_t60_20260510_splitstem/camera_head_pretrained_best.pth
glare,0.0,1.0,0.0,1.7417303323745728,0.6402472257614136,0.9357317686080933,left,0.794191837310791,0.1083168014883995,0.1215682178735733,28,collision,20,pretrained,Pretrained camera head,checkpoint/closed_loop_teacher_camera_policy_light_v3d_t60_20260510_splitstem/camera_head_pretrained_best.pth
glare,0.0,1.0,0.0,1.79654860496521,0.6394259333610535,0.9506555795669556,far_right,0.7830237150192261,0.09701351076364517,0.11360637843608856,30,collision,21,pretrained,Pretrained camera head,checkpoint/closed_loop_teacher_camera_policy_light_v3d_t60_20260510_splitstem/camera_head_pretrained_best.pth
glare,0.0,1.0,0.0,1.7326185703277588,0.5968305468559265,0.9483506679534912,far_left,0.7742362022399902,0.10038026422262192,0.11861762404441833,32,collision,22,pretrained,Pretrained camera head,checkpoint/closed_loop_teacher_camera_policy_light_v3d_t60_20260510_splitstem/camera_head_pretrained_best.pth
glare,0.0,1.0,0.0,1.774854063987732,0.6192750334739685,0.9375160932540894,left,0.7950142621994019,0.10883060842752457,0.12164133042097092,28,collision,23,pretrained,Pretrained camera head,checkpoint/closed_loop_teacher_camera_policy_light_v3d_t60_20260510_splitstem/camera_head_pretrained_best.pth
glare,0.0,1.0,0.0,1.7813504934310913,0.5999137759208679,0.9403685331344604,far_left,0.7788419127464294,0.10425123572349548,0.12072709947824478,30,collision,24,pretrained,Pretrained camera head,checkpoint/closed_loop_teacher_camera_policy_light_v3d_t60_20260510_splitstem/camera_head_pretrained_best.pth
glare,0.0,1.0,0.0,1.7756394147872925,0.6208938956260681,0.9423128962516785,far_right,0.7853398323059082,0.09317755699157715,0.10861144959926605,31,collision,25,pretrained,Pretrained camera head,checkpoint/closed_loop_teacher_camera_policy_light_v3d_t60_20260510_splitstem/camera_head_pretrained_best.pth
glare,0.0,1.0,0.0,1.82945716381073,0.6432701349258423,0.9370177388191223,far_right,0.7888308167457581,0.09995437413454056,0.11425165086984634,28,collision,26,pretrained,Pretrained camera head,checkpoint/closed_loop_teacher_camera_policy_light_v3d_t60_20260510_splitstem/camera_head_pretrained_best.pth
glare,0.0,1.0,0.0,1.799426794052124,0.6315382719039917,0.9400941729545593,far_right,0.7876790761947632,0.09504890441894531,0.10917886346578598,30,collision,27,pretrained,Pretrained camera head,checkpoint/closed_loop_teacher_camera_policy_light_v3d_t60_20260510_splitstem/camera_head_pretrained_best.pth
glare,0.0,1.0,0.0,1.4925514459609985,0.6692943572998047,0.9367539882659912,right,0.7951754331588745,0.08969564735889435,0.10565665364265442,33,collision,28,pretrained,Pretrained camera head,checkpoint/closed_loop_teacher_camera_policy_light_v3d_t60_20260510_splitstem/camera_head_pretrained_best.pth
glare,0.0,1.0,0.0,1.7628282308578491,0.6305346488952637,0.9352265000343323,left,0.7944994568824768,0.0971107929944992,0.11340735852718353,29,collision,29,pretrained,Pretrained camera head,checkpoint/closed_loop_teacher_camera_policy_light_v3d_t60_20260510_splitstem/camera_head_pretrained_best.pth
glare,0.0,1.0,0.0,1.8099150657653809,0.6535995006561279,0.9368439316749573,far_right,0.7879922389984131,0.09681817144155502,0.11094655841588974,29,collision,30,pretrained,Pretrained camera head,checkpoint/closed_loop_teacher_camera_policy_light_v3d_t60_20260510_splitstem/camera_head_pretrained_best.pth
glare,0.0,1.0,0.0,1.7683252096176147,0.6244968771934509,0.9503348469734192,far_left,0.7829087376594543,0.09964629262685776,0.11509199440479279,29,collision,31,pretrained,Pretrained camera head,checkpoint/closed_loop_teacher_camera_policy_light_v3d_t60_20260510_splitstem/camera_head_pretrained_best.pth
glare,0.0,1.0,0.0,1.7807304859161377,0.6781710386276245,0.8567647933959961,left,0.79884934425354,0.19947819411754608,0.21711495518684387,25,collision,32,pretrained,Pretrained camera head,checkpoint/closed_loop_teacher_camera_policy_light_v3d_t60_20260510_splitstem/camera_head_pretrained_best.pth
glare,0.0,1.0,0.0,1.7216546535491943,0.6518200039863586,0.9353298544883728,left,0.795897901058197,0.120033398270607,0.1327921450138092,28,collision,33,pretrained,Pretrained camera head,checkpoint/closed_loop_teacher_camera_policy_light_v3d_t60_20260510_splitstem/camera_head_pretrained_best.pth
glare,0.0,1.0,0.0,1.7646044492721558,0.6576749086380005,0.9347567558288574,far_left,0.7945446968078613,0.10361555963754654,0.11657566577196121,27,collision,34,pretrained,Pretrained camera head,checkpoint/closed_loop_teacher_camera_policy_light_v3d_t60_20260510_splitstem/camera_head_pretrained_best.pth
glare,0.0,1.0,0.0,1.7329747676849365,0.5846022367477417,0.9544737339019775,far_left,0.7724984288215637,0.10011482983827591,0.11757445335388184,32,collision,35,pretrained,Pretrained camera head,checkpoint/closed_loop_teacher_camera_policy_light_v3d_t60_20260510_splitstem/camera_head_pretrained_best.pth
glare,0.0,1.0,0.0,1.788774013519287,0.650680661201477,0.9395094513893127,far_right,0.7862905859947205,0.10083528608083725,0.11488492786884308,28,collision,36,pretrained,Pretrained camera head,checkpoint/closed_loop_teacher_camera_policy_light_v3d_t60_20260510_splitstem/camera_head_pretrained_best.pth
glare,0.0,1.0,0.0,1.7263453006744385,0.59172123670578,0.9519146680831909,far_left,0.7755051255226135,0.10174789279699326,0.11918968707323074,31,collision,37,pretrained,Pretrained camera head,checkpoint/closed_loop_teacher_camera_policy_light_v3d_t60_20260510_splitstem/camera_head_pretrained_best.pth
glare,0.0,1.0,0.0,1.8030720949172974,0.6494505405426025,0.9359344244003296,far_right,0.7936226725578308,0.0968644842505455,0.10975107550621033,29,collision,38,pretrained,Pretrained camera head,checkpoint/closed_loop_teacher_camera_policy_light_v3d_t60_20260510_splitstem/camera_head_pretrained_best.pth
glare,0.0,1.0,0.0,1.737222671508789,0.5852214097976685,0.9396653771400452,far_left,0.7871525287628174,0.09683972597122192,0.11145339161157608,31,collision,39,pretrained,Pretrained camera head,checkpoint/closed_loop_teacher_camera_policy_light_v3d_t60_20260510_splitstem/camera_head_pretrained_best.pth
glare,0.0,1.0,0.0,1.797423243522644,0.6390317678451538,0.9412465691566467,far_right,0.7843499183654785,0.09492654353380203,0.1101682037115097,30,collision,40,pretrained,Pretrained camera head,checkpoint/closed_loop_teacher_camera_policy_light_v3d_t60_20260510_splitstem/camera_head_pretrained_best.pth
glare,0.0,1.0,0.0,1.7453020811080933,0.6033146381378174,0.9429494738578796,far_left,0.7813377976417542,0.10080493241548538,0.11686576157808304,31,collision,41,pretrained,Pretrained camera head,checkpoint/closed_loop_teacher_camera_policy_light_v3d_t60_20260510_splitstem/camera_head_pretrained_best.pth
glare,1.0,0.0,1.0,0.26127365231513977,0.6247250437736511,0.9703463315963745,right,0.669755220413208,0.25786709785461426,0.2620125412940979,60,timeout,42,pretrained,Pretrained camera head,checkpoint/closed_loop_teacher_camera_policy_light_v3d_t60_20260510_splitstem/camera_head_pretrained_best.pth
glare,0.0,1.0,0.0,1.7279894351959229,0.6778832674026489,0.8568981885910034,left,0.7948474884033203,0.19843605160713196,0.217195525765419,26,collision,43,pretrained,Pretrained camera head,checkpoint/closed_loop_teacher_camera_policy_light_v3d_t60_20260510_splitstem/camera_head_pretrained_best.pth
glare,0.0,1.0,0.0,1.8081161975860596,0.6366411447525024,0.9512752294540405,far_right,0.7804548144340515,0.09863916039466858,0.1146218478679657,29,collision,44,pretrained,Pretrained camera head,checkpoint/closed_loop_teacher_camera_policy_light_v3d_t60_20260510_splitstem/camera_head_pretrained_best.pth
glare,0.0,1.0,0.0,1.7907441854476929,0.6579786539077759,0.9372365474700928,far_right,0.788690984249115,0.09707722812891006,0.11102478206157684,29,collision,45,pretrained,Pretrained camera head,checkpoint/closed_loop_teacher_camera_policy_light_v3d_t60_20260510_splitstem/camera_head_pretrained_best.pth
glare,1.0,0.0,1.0,0.3408110737800598,0.6244837045669556,0.9773558974266052,right,0.6708932518959045,0.24015094339847565,0.24918396770954132,60,timeout,46,pretrained,Pretrained camera head,checkpoint/closed_loop_teacher_camera_policy_light_v3d_t60_20260510_splitstem/camera_head_pretrained_best.pth
glare,0.0,1.0,0.0,1.802715539932251,0.6540123224258423,0.9394479990005493,far_right,0.7879427671432495,0.09738222509622574,0.1124628335237503,29,collision,47,pretrained,Pretrained camera head,checkpoint/closed_loop_teacher_camera_policy_light_v3d_t60_20260510_splitstem/camera_head_pretrained_best.pth
glare,0.0,1.0,0.0,1.7766433954238892,0.6310458779335022,0.9409453868865967,far_left,0.7934706211090088,0.1011340543627739,0.11482831090688705,28,collision,48,pretrained,Pretrained camera head,checkpoint/closed_loop_teacher_camera_policy_light_v3d_t60_20260510_splitstem/camera_head_pretrained_best.pth
glare,0.0,0.0,0.0,0.39601999521255493,0.603317379951477,0.976666271686554,right,0.6732636094093323,0.2487471103668213,0.25520801544189453,60,timeout,49,pretrained,Pretrained camera head,checkpoint/closed_loop_teacher_camera_policy_light_v3d_t60_20260510_splitstem/camera_head_pretrained_best.pth
glare,0.0,1.0,0.0,1.754404902458191,0.6245865821838379,0.9344511032104492,far_left,0.7879847884178162,0.1032782569527626,0.11644349247217178,28,collision,50,pretrained,Pretrained camera head,checkpoint/closed_loop_teacher_camera_policy_light_v3d_t60_20260510_splitstem/camera_head_pretrained_best.pth
glare,0.0,1.0,0.0,1.7789809703826904,0.6299995183944702,0.9481481909751892,far_right,0.7837143540382385,0.0930798277258873,0.10926192253828049,31,collision,51,pretrained,Pretrained camera head,checkpoint/closed_loop_teacher_camera_policy_light_v3d_t60_20260510_splitstem/camera_head_pretrained_best.pth
glare,0.0,1.0,0.0,1.7782047986984253,0.5990527272224426,0.9541423916816711,far_right,0.7784549593925476,0.09401847422122955,0.1121969223022461,32,collision,52,pretrained,Pretrained camera head,checkpoint/closed_loop_teacher_camera_policy_light_v3d_t60_20260510_splitstem/camera_head_pretrained_best.pth
glare,0.0,1.0,0.0,1.7766165733337402,0.5804082751274109,0.9388619661331177,far_left,0.7871730327606201,0.10123523324728012,0.11522332578897476,30,collision,53,pretrained,Pretrained camera head,checkpoint/closed_loop_teacher_camera_policy_light_v3d_t60_20260510_splitstem/camera_head_pretrained_best.pth
glare,0.0,1.0,0.0,1.7849339246749878,0.6556723713874817,0.9170172810554504,left,0.8038901090621948,0.12164431810379028,0.13272757828235626,27,collision,54,pretrained,Pretrained camera head,checkpoint/closed_loop_teacher_camera_policy_light_v3d_t60_20260510_splitstem/camera_head_pretrained_best.pth
glare,0.0,1.0,0.0,1.7835302352905273,0.6587105393409729,0.9395415782928467,far_right,0.7934891581535339,0.10099717229604721,0.11371694505214691,28,collision,55,pretrained,Pretrained camera head,checkpoint/closed_loop_teacher_camera_policy_light_v3d_t60_20260510_splitstem/camera_head_pretrained_best.pth
glare,0.0,1.0,0.0,1.7517927885055542,0.6481950879096985,0.948013186454773,left,0.7876575589179993,0.10116466879844666,0.11899890005588531,28,collision,56,pretrained,Pretrained camera head,checkpoint/closed_loop_teacher_camera_policy_light_v3d_t60_20260510_splitstem/camera_head_pretrained_best.pth
glare,0.0,1.0,0.0,1.6786473989486694,0.7082287669181824,0.9416542649269104,right,0.7915894389152527,0.09764210134744644,0.11236252635717392,29,collision,57,pretrained,Pretrained camera head,checkpoint/closed_loop_teacher_camera_policy_light_v3d_t60_20260510_splitstem/camera_head_pretrained_best.pth
glare,0.0,1.0,0.0,1.7996001243591309,0.6218222975730896,0.9473326206207275,far_right,0.7816432118415833,0.10287564247846603,0.11680850386619568,28,collision,58,pretrained,Pretrained camera head,checkpoint/closed_loop_teacher_camera_policy_light_v3d_t60_20260510_splitstem/camera_head_pretrained_best.pth
glare,0.0,1.0,0.0,1.769455909729004,0.629246175289154,0.9411597847938538,left,0.795891523361206,0.10843847692012787,0.12191441655158997,28,collision,59,pretrained,Pretrained camera head,checkpoint/closed_loop_teacher_camera_policy_light_v3d_t60_20260510_splitstem/camera_head_pretrained_best.pth
glare,0.0,1.0,0.0,1.747568130493164,0.6277217268943787,0.9272226691246033,left,0.7971481680870056,0.1080009862780571,0.12010298669338226,28,collision,60,pretrained,Pretrained camera head,checkpoint/closed_loop_teacher_camera_policy_light_v3d_t60_20260510_splitstem/camera_head_pretrained_best.pth
glare,0.0,1.0,0.0,1.7280789613723755,0.6194449067115784,0.95021653175354,far_left,0.7690368890762329,0.10546380281448364,0.1247468888759613,30,collision,61,pretrained,Pretrained camera head,checkpoint/closed_loop_teacher_camera_policy_light_v3d_t60_20260510_splitstem/camera_head_pretrained_best.pth
glare,0.0,1.0,0.0,1.7639365196228027,0.5819882750511169,0.9419078230857849,far_left,0.7759850025177002,0.10268445312976837,0.11997897177934647,31,collision,62,pretrained,Pretrained camera head,checkpoint/closed_loop_teacher_camera_policy_light_v3d_t60_20260510_splitstem/camera_head_pretrained_best.pth
glare,0.0,1.0,0.0,1.7123972177505493,0.6737521290779114,0.9295874238014221,right,0.8009811639785767,0.10096880793571472,0.1154477447271347,27,collision,63,pretrained,Pretrained camera head,checkpoint/closed_loop_teacher_camera_policy_light_v3d_t60_20260510_splitstem/camera_head_pretrained_best.pth
glare,0.0,1.0,0.0,1.782101035118103,0.6293092966079712,0.9408999085426331,far_right,0.7917214035987854,0.0985029861330986,0.11173185706138611,29,collision,64,pretrained,Pretrained camera head,checkpoint/closed_loop_teacher_camera_policy_light_v3d_t60_20260510_splitstem/camera_head_pretrained_best.pth
glare,0.0,1.0,0.0,1.7191765308380127,0.6870550513267517,0.8986053466796875,left,0.7956339120864868,0.16087724268436432,0.1799425631761551,26,collision,65,pretrained,Pretrained camera head,checkpoint/closed_loop_teacher_camera_policy_light_v3d_t60_20260510_splitstem/camera_head_pretrained_best.pth
glare,0.0,1.0,0.0,1.7525655031204224,0.6332438588142395,0.9518953561782837,far_left,0.7813498377799988,0.09992934763431549,0.11560869961977005,29,collision,66,pretrained,Pretrained camera head,checkpoint/closed_loop_teacher_camera_policy_light_v3d_t60_20260510_splitstem/camera_head_pretrained_best.pth
glare,0.0,1.0,0.0,1.7950122356414795,0.6072887778282166,0.9463152289390564,far_right,0.7849051356315613,0.09579715132713318,0.11073213815689087,30,collision,67,pretrained,Pretrained camera head,checkpoint/closed_loop_teacher_camera_policy_light_v3d_t60_20260510_splitstem/camera_head_pretrained_best.pth
glare,0.0,1.0,0.0,1.72911536693573,0.5757110118865967,0.945606529712677,far_left,0.7582308650016785,0.10541030764579773,0.12738670408725739,32,collision,68,pretrained,Pretrained camera head,checkpoint/closed_loop_teacher_camera_policy_light_v3d_t60_20260510_splitstem/camera_head_pretrained_best.pth
glare,0.0,1.0,0.0,1.7672443389892578,0.6059717535972595,0.9478418231010437,left,0.7919546365737915,0.09539349377155304,0.11264186352491379,30,collision,69,pretrained,Pretrained camera head,checkpoint/closed_loop_teacher_camera_policy_light_v3d_t60_20260510_splitstem/camera_head_pretrained_best.pth
glare,1.0,0.0,1.0,0.20801401138305664,0.6284786462783813,0.9675999283790588,right,0.6743937134742737,0.24917076528072357,0.253913015127182,60,timeout,70,pretrained,Pretrained camera head,checkpoint/closed_loop_teacher_camera_policy_light_v3d_t60_20260510_splitstem/camera_head_pretrained_best.pth
glare,0.0,1.0,0.0,1.7301878929138184,0.6250156760215759,0.9467493295669556,right,0.7933925986289978,0.09442521631717682,0.111286461353302,30,collision,71,pretrained,Pretrained camera head,checkpoint/closed_loop_teacher_camera_policy_light_v3d_t60_20260510_splitstem/camera_head_pretrained_best.pth
glare,0.0,1.0,0.0,1.7984193563461304,0.6524069905281067,0.9335787296295166,far_right,0.781547486782074,0.09630314260721207,0.11031821370124817,30,collision,72,pretrained,Pretrained camera head,checkpoint/closed_loop_teacher_camera_policy_light_v3d_t60_20260510_splitstem/camera_head_pretrained_best.pth
glare,0.0,1.0,0.0,1.733799695968628,0.6228673458099365,0.9471634030342102,far_left,0.7802985310554504,0.10246347635984421,0.11847685277462006,30,collision,73,pretrained,Pretrained camera head,checkpoint/closed_loop_teacher_camera_policy_light_v3d_t60_20260510_splitstem/camera_head_pretrained_best.pth
glare,0.0,1.0,0.0,1.7233233451843262,0.6600410342216492,0.9301215410232544,left,0.802971601486206,0.0983918234705925,0.11289570480585098,28,collision,74,pretrained,Pretrained camera head,checkpoint/closed_loop_teacher_camera_policy_light_v3d_t60_20260510_splitstem/camera_head_pretrained_best.pth
glare,0.0,1.0,0.0,1.778472900390625,0.6011276245117188,0.9476541876792908,far_left,0.7719318270683289,0.10895656794309616,0.1268678456544876,28,collision,75,pretrained,Pretrained camera head,checkpoint/closed_loop_teacher_camera_policy_light_v3d_t60_20260510_splitstem/camera_head_pretrained_best.pth
glare,0.0,1.0,0.0,1.7723197937011719,0.6198186278343201,0.9497867226600647,far_left,0.7808811664581299,0.10256391018629074,0.11766912043094635,28,collision,76,pretrained,Pretrained camera head,checkpoint/closed_loop_teacher_camera_policy_light_v3d_t60_20260510_splitstem/camera_head_pretrained_best.pth
glare,0.0,1.0,0.0,1.5019704103469849,0.711807131767273,0.9343606233596802,right,0.7959635853767395,0.09310360252857208,0.10846496373414993,31,collision,77,pretrained,Pretrained camera head,checkpoint/closed_loop_teacher_camera_policy_light_v3d_t60_20260510_splitstem/camera_head_pretrained_best.pth
glare,0.0,1.0,0.0,1.7547097206115723,0.6585337519645691,0.9438967704772949,far_right,0.7894708514213562,0.09956647455692291,0.11314309388399124,29,collision,78,pretrained,Pretrained camera head,checkpoint/closed_loop_teacher_camera_policy_light_v3d_t60_20260510_splitstem/camera_head_pretrained_best.pth
glare,0.0,1.0,0.0,1.7629404067993164,0.6676027178764343,0.939825177192688,far_right,0.7856662273406982,0.09732504189014435,0.11189939081668854,29,collision,79,pretrained,Pretrained camera head,checkpoint/closed_loop_teacher_camera_policy_light_v3d_t60_20260510_splitstem/camera_head_pretrained_best.pth
glare,0.0,1.0,0.0,1.734487533569336,0.6630733609199524,0.9440939426422119,left,0.7954619526863098,0.1019274890422821,0.1176362931728363,27,collision,80,pretrained,Pretrained camera head,checkpoint/closed_loop_teacher_camera_policy_light_v3d_t60_20260510_splitstem/camera_head_pretrained_best.pth
glare,0.0,1.0,0.0,1.764662265777588,0.631218671798706,0.9480399489402771,right,0.7904141545295715,0.09961885958909988,0.11556701362133026,28,collision,81,pretrained,Pretrained camera head,checkpoint/closed_loop_teacher_camera_policy_light_v3d_t60_20260510_splitstem/camera_head_pretrained_best.pth
glare,0.0,1.0,0.0,1.7476935386657715,0.6140097379684448,0.9434472918510437,far_left,0.7887316346168518,0.09959082305431366,0.11415378004312515,29,collision,82,pretrained,Pretrained camera head,checkpoint/closed_loop_teacher_camera_policy_light_v3d_t60_20260510_splitstem/camera_head_pretrained_best.pth
glare,0.0,1.0,0.0,1.7657389640808105,0.5805301070213318,0.9435365200042725,far_left,0.7782427668571472,0.10315977036952972,0.119642473757267,30,collision,83,pretrained,Pretrained camera head,checkpoint/closed_loop_teacher_camera_policy_light_v3d_t60_20260510_splitstem/camera_head_pretrained_best.pth
glare,0.0,1.0,0.0,1.7500159740447998,0.5911149382591248,0.9531298875808716,far_left,0.7526525259017944,0.10687567293643951,0.1296280026435852,31,collision,84,pretrained,Pretrained camera head,checkpoint/closed_loop_teacher_camera_policy_light_v3d_t60_20260510_splitstem/camera_head_pretrained_best.pth
glare,0.0,1.0,0.0,1.7477197647094727,0.6155442595481873,0.9338631629943848,left,0.7986117601394653,0.09439768642187119,0.10984537750482559,30,collision,85,pretrained,Pretrained camera head,checkpoint/closed_loop_teacher_camera_policy_light_v3d_t60_20260510_splitstem/camera_head_pretrained_best.pth
glare,0.0,1.0,0.0,1.7660342454910278,0.659369707107544,0.9336472749710083,far_right,0.7895836234092712,0.09965317696332932,0.11315754055976868,28,collision,86,pretrained,Pretrained camera head,checkpoint/closed_loop_teacher_camera_policy_light_v3d_t60_20260510_splitstem/camera_head_pretrained_best.pth
glare,0.0,1.0,0.0,1.743459939956665,0.6620885729789734,0.9314515590667725,left,0.795941174030304,0.105173759162426,0.11842529475688934,27,collision,87,pretrained,Pretrained camera head,checkpoint/closed_loop_teacher_camera_policy_light_v3d_t60_20260510_splitstem/camera_head_pretrained_best.pth
glare,0.0,1.0,0.0,1.7828437089920044,0.6332147717475891,0.9295535683631897,left,0.7948901057243347,0.10318532586097717,0.11611321568489075,28,collision,88,pretrained,Pretrained camera head,checkpoint/closed_loop_teacher_camera_policy_light_v3d_t60_20260510_splitstem/camera_head_pretrained_best.pth
glare,0.0,1.0,0.0,1.7409300804138184,0.6095700860023499,0.9511478543281555,far_right,0.7769059538841248,0.09510697424411774,0.11143441498279572,31,collision,89,pretrained,Pretrained camera head,checkpoint/closed_loop_teacher_camera_policy_light_v3d_t60_20260510_splitstem/camera_head_pretrained_best.pth
glare,0.0,1.0,0.0,1.7356315851211548,0.6020351052284241,0.9476572871208191,far_left,0.7801924347877502,0.1022808626294136,0.1184559017419815,30,collision,90,pretrained,Pretrained camera head,checkpoint/closed_loop_teacher_camera_policy_light_v3d_t60_20260510_splitstem/camera_head_pretrained_best.pth
glare,0.0,1.0,0.0,1.7507175207138062,0.6438223123550415,0.9339313507080078,far_left,0.7924270629882812,0.10232452303171158,0.11520437151193619,28,collision,91,pretrained,Pretrained camera head,checkpoint/closed_loop_teacher_camera_policy_light_v3d_t60_20260510_splitstem/camera_head_pretrained_best.pth
glare,0.0,1.0,0.0,1.7348064184188843,0.6455181241035461,0.9464966654777527,left,0.790199875831604,0.1006237119436264,0.11838258057832718,28,collision,92,pretrained,Pretrained camera head,checkpoint/closed_loop_teacher_camera_policy_light_v3d_t60_20260510_splitstem/camera_head_pretrained_best.pth
glare,0.0,1.0,0.0,1.8068861961364746,0.6395070552825928,0.9392759799957275,far_right,0.787113606929779,0.09532755613327026,0.10989248007535934,30,collision,93,pretrained,Pretrained camera head,checkpoint/closed_loop_teacher_camera_policy_light_v3d_t60_20260510_splitstem/camera_head_pretrained_best.pth
glare,0.0,1.0,0.0,1.7799592018127441,0.6295304298400879,0.9295963644981384,left,0.8004158735275269,0.11910629272460938,0.13144715130329132,28,collision,94,pretrained,Pretrained camera head,checkpoint/closed_loop_teacher_camera_policy_light_v3d_t60_20260510_splitstem/camera_head_pretrained_best.pth
glare,0.0,1.0,0.0,1.5533227920532227,0.6733552813529968,0.9368185997009277,right,0.7931041121482849,0.09097606688737869,0.10739121586084366,32,collision,95,pretrained,Pretrained camera head,checkpoint/closed_loop_teacher_camera_policy_light_v3d_t60_20260510_splitstem/camera_head_pretrained_best.pth
glare,0.0,1.0,0.0,1.7952775955200195,0.6321300864219666,0.9453623294830322,far_right,0.7848103046417236,0.09614395350217819,0.11232677102088928,30,collision,96,pretrained,Pretrained camera head,checkpoint/closed_loop_teacher_camera_policy_light_v3d_t60_20260510_splitstem/camera_head_pretrained_best.pth
glare,0.0,1.0,0.0,1.7234917879104614,0.6601478457450867,0.9305394291877747,right,0.7971805334091187,0.09887021034955978,0.11342126131057739,28,collision,97,pretrained,Pretrained camera head,checkpoint/closed_loop_teacher_camera_policy_light_v3d_t60_20260510_splitstem/camera_head_pretrained_best.pth
glare,0.0,1.0,0.0,1.7838599681854248,0.635962188243866,0.9408069849014282,far_right,0.7847906351089478,0.09978476911783218,0.11348233371973038,29,collision,98,pretrained,Pretrained camera head,checkpoint/closed_loop_teacher_camera_policy_light_v3d_t60_20260510_splitstem/camera_head_pretrained_best.pth
glare,0.0,1.0,0.0,1.822104573249817,0.6364906430244446,0.9388569593429565,far_right,0.7897776365280151,0.09390085935592651,0.10821911692619324,30,collision,99,pretrained,Pretrained camera head,checkpoint/closed_loop_teacher_camera_policy_light_v3d_t60_20260510_splitstem/camera_head_pretrained_best.pth
glare,0.0,1.0,0.0,1.7470396757125854,0.5809134244918823,0.9529948234558105,far_left,0.7766950130462646,0.09935903549194336,0.11616591364145279,31,collision,100,pretrained,Pretrained camera head,checkpoint/closed_loop_teacher_camera_policy_light_v3d_t60_20260510_splitstem/camera_head_pretrained_best.pth
glare,0.0,1.0,0.0,1.7608566284179688,0.6412402987480164,0.9306433796882629,right,0.7925204038619995,0.0986853539943695,0.11243349313735962,29,collision,101,pretrained,Pretrained camera head,checkpoint/closed_loop_teacher_camera_policy_light_v3d_t60_20260510_splitstem/camera_head_pretrained_best.pth
glare,0.0,1.0,0.0,1.7969789505004883,0.650388777256012,0.9454871416091919,far_right,0.7820574641227722,0.09775906056165695,0.11232924461364746,30,collision,102,pretrained,Pretrained camera head,checkpoint/closed_loop_teacher_camera_policy_light_v3d_t60_20260510_splitstem/camera_head_pretrained_best.pth
glare,0.0,1.0,0.0,1.720048189163208,0.6014187932014465,0.9434834718704224,far_left,0.7882766127586365,0.10005970299243927,0.11442240327596664,29,collision,103,pretrained,Pretrained camera head,checkpoint/closed_loop_teacher_camera_policy_light_v3d_t60_20260510_splitstem/camera_head_pretrained_best.pth
glare,0.0,1.0,0.0,1.7706395387649536,0.6496967673301697,0.9294410347938538,right,0.7953661680221558,0.1007642075419426,0.11415623873472214,28,collision,104,pretrained,Pretrained camera head,checkpoint/closed_loop_teacher_camera_policy_light_v3d_t60_20260510_splitstem/camera_head_pretrained_best.pth
glare,0.0,1.0,0.0,1.7629072666168213,0.5737568736076355,0.9536042213439941,far_left,0.749713659286499,0.10400152206420898,0.12744584679603577,33,collision,105,pretrained,Pretrained camera head,checkpoint/closed_loop_teacher_camera_policy_light_v3d_t60_20260510_splitstem/camera_head_pretrained_best.pth
glare,0.0,1.0,0.0,1.7393417358398438,0.5870081186294556,0.9528505802154541,far_left,0.7804856300354004,0.09850296378135681,0.11421893537044525,30,collision,106,pretrained,Pretrained camera head,checkpoint/closed_loop_teacher_camera_policy_light_v3d_t60_20260510_splitstem/camera_head_pretrained_best.pth
glare,0.0,1.0,0.0,1.7488985061645508,0.645352840423584,0.9199442267417908,left,0.8015663027763367,0.11665700376033783,0.12818017601966858,27,collision,107,pretrained,Pretrained camera head,checkpoint/closed_loop_teacher_camera_policy_light_v3d_t60_20260510_splitstem/camera_head_pretrained_best.pth
glare,0.0,1.0,0.0,1.7389236688613892,0.672404944896698,0.9407471418380737,right,0.793490469455719,0.10038842260837555,0.11525552719831467,28,collision,108,pretrained,Pretrained camera head,checkpoint/closed_loop_teacher_camera_policy_light_v3d_t60_20260510_splitstem/camera_head_pretrained_best.pth
glare,0.0,1.0,0.0,1.740301489830017,0.5593866109848022,0.9552815556526184,far_left,0.7602026462554932,0.10141976177692413,0.12223441898822784,33,collision,109,pretrained,Pretrained camera head,checkpoint/closed_loop_teacher_camera_policy_light_v3d_t60_20260510_splitstem/camera_head_pretrained_best.pth
glare,0.0,1.0,0.0,1.7593441009521484,0.6628792881965637,0.9336366653442383,far_right,0.7962134480476379,0.09959249198436737,0.11168752610683441,28,collision,110,pretrained,Pretrained camera head,checkpoint/closed_loop_teacher_camera_policy_light_v3d_t60_20260510_splitstem/camera_head_pretrained_best.pth
glare,0.0,1.0,0.0,1.5721704959869385,0.71038419008255,0.934963047504425,right,0.7997131943702698,0.0960119217634201,0.1111086755990982,29,collision,111,pretrained,Pretrained camera head,checkpoint/closed_loop_teacher_camera_policy_light_v3d_t60_20260510_splitstem/camera_head_pretrained_best.pth
glare,0.0,1.0,0.0,1.7510708570480347,0.639700710773468,0.9409990310668945,far_left,0.7903202176094055,0.10142510384321213,0.1151978000998497,28,collision,112,pretrained,Pretrained camera head,checkpoint/closed_loop_teacher_camera_policy_light_v3d_t60_20260510_splitstem/camera_head_pretrained_best.pth
glare,0.0,1.0,0.0,1.7724244594573975,0.6562002897262573,0.936309278011322,left,0.792782723903656,0.10330066829919815,0.12022298574447632,27,collision,113,pretrained,Pretrained camera head,checkpoint/closed_loop_teacher_camera_policy_light_v3d_t60_20260510_splitstem/camera_head_pretrained_best.pth
glare,0.0,1.0,0.0,1.7615121603012085,0.6224341988563538,0.9524515271186829,far_right,0.7814090251922607,0.09872183203697205,0.11368641257286072,30,collision,114,pretrained,Pretrained camera head,checkpoint/closed_loop_teacher_camera_policy_light_v3d_t60_20260510_splitstem/camera_head_pretrained_best.pth
glare,0.0,1.0,0.0,1.7655633687973022,0.5753039717674255,0.9536121487617493,far_left,0.7760712504386902,0.09726996719837189,0.11354929953813553,31,collision,115,pretrained,Pretrained camera head,checkpoint/closed_loop_teacher_camera_policy_light_v3d_t60_20260510_splitstem/camera_head_pretrained_best.pth
glare,0.0,1.0,0.0,1.7549264430999756,0.6551946401596069,0.9403136372566223,far_right,0.7840278744697571,0.09513562172651291,0.11026947945356369,30,collision,116,pretrained,Pretrained camera head,checkpoint/closed_loop_teacher_camera_policy_light_v3d_t60_20260510_splitstem/camera_head_pretrained_best.pth
glare,0.0,1.0,0.0,1.7389363050460815,0.5861532092094421,0.951948344707489,far_left,0.7746835350990295,0.10196895897388458,0.11952562630176544,31,collision,117,pretrained,Pretrained camera head,checkpoint/closed_loop_teacher_camera_policy_light_v3d_t60_20260510_splitstem/camera_head_pretrained_best.pth
glare,0.0,1.0,0.0,1.7717158794403076,0.6867411136627197,0.8506040573120117,left,0.7973200678825378,0.21398550271987915,0.23065605759620667,25,collision,118,pretrained,Pretrained camera head,checkpoint/closed_loop_teacher_camera_policy_light_v3d_t60_20260510_splitstem/camera_head_pretrained_best.pth
glare,0.0,1.0,0.0,1.7584822177886963,0.6684951782226562,0.9316184520721436,left,0.7994680404663086,0.10743005573749542,0.12397526204586029,27,collision,119,pretrained,Pretrained camera head,checkpoint/closed_loop_teacher_camera_policy_light_v3d_t60_20260510_splitstem/camera_head_pretrained_best.pth
glare,0.0,1.0,0.0,1.7732208967208862,0.6778460741043091,0.8441419005393982,left,0.7949092388153076,0.2121877670288086,0.2304931879043579,25,collision,120,pretrained,Pretrained camera head,checkpoint/closed_loop_teacher_camera_policy_light_v3d_t60_20260510_splitstem/camera_head_pretrained_best.pth
glare,0.0,1.0,0.0,1.770470380783081,0.6317728757858276,0.9477559328079224,right,0.7884606122970581,0.10122926533222198,0.11713189631700516,28,collision,121,pretrained,Pretrained camera head,checkpoint/closed_loop_teacher_camera_policy_light_v3d_t60_20260510_splitstem/camera_head_pretrained_best.pth
glare,1.0,0.0,1.0,0.22835956513881683,0.6372467279434204,0.9676167964935303,right,0.667572557926178,0.25695696473121643,0.2609148621559143,60,timeout,122,pretrained,Pretrained camera head,checkpoint/closed_loop_teacher_camera_policy_light_v3d_t60_20260510_splitstem/camera_head_pretrained_best.pth
glare,0.0,1.0,0.0,1.798253059387207,0.6346014738082886,0.9448385238647461,far_right,0.7850397825241089,0.09540128707885742,0.11145737767219543,30,collision,123,pretrained,Pretrained camera head,checkpoint/closed_loop_teacher_camera_policy_light_v3d_t60_20260510_splitstem/camera_head_pretrained_best.pth
glare,0.0,1.0,0.0,1.7799304723739624,0.6533421277999878,0.9451368451118469,far_right,0.7878900766372681,0.09814032912254333,0.11382878571748734,29,collision,124,pretrained,Pretrained camera head,checkpoint/closed_loop_teacher_camera_policy_light_v3d_t60_20260510_splitstem/camera_head_pretrained_best.pth
glare,0.0,1.0,0.0,1.742281436920166,0.5899117588996887,0.9445144534111023,far_left,0.7659972906112671,0.10250373929738998,0.12252949178218842,32,collision,125,pretrained,Pretrained camera head,checkpoint/closed_loop_teacher_camera_policy_light_v3d_t60_20260510_splitstem/camera_head_pretrained_best.pth
glare,0.0,1.0,0.0,1.7098798751831055,0.6562603116035461,0.94267338514328,right,0.7911465167999268,0.09548818320035934,0.11180257052183151,30,collision,126,pretrained,Pretrained camera head,checkpoint/closed_loop_teacher_camera_policy_light_v3d_t60_20260510_splitstem/camera_head_pretrained_best.pth
glare,0.0,1.0,0.0,1.77165687084198,0.630158543586731,0.9311878681182861,left,0.7989344000816345,0.09905660897493362,0.11407648026943207,28,collision,127,pretrained,Pretrained camera head,checkpoint/closed_loop_teacher_camera_policy_light_v3d_t60_20260510_splitstem/camera_head_pretrained_best.pth
glare,0.0,1.0,0.0,1.5304832458496094,0.6956484317779541,0.9391660690307617,right,0.791069507598877,0.09028419107198715,0.10772637277841568,32,collision,128,pretrained,Pretrained camera head,checkpoint/closed_loop_teacher_camera_policy_light_v3d_t60_20260510_splitstem/camera_head_pretrained_best.pth
glare,0.0,1.0,0.0,1.7055772542953491,0.649630069732666,0.941208004951477,right,0.7931218147277832,0.09962081164121628,0.115524061024189,28,collision,129,pretrained,Pretrained camera head,checkpoint/closed_loop_teacher_camera_policy_light_v3d_t60_20260510_splitstem/camera_head_pretrained_best.pth
glare,0.0,1.0,0.0,1.7719026803970337,0.5811871886253357,0.9487558007240295,far_left,0.7776070237159729,0.1002468466758728,0.11667849868535995,31,collision,130,pretrained,Pretrained camera head,checkpoint/closed_loop_teacher_camera_policy_light_v3d_t60_20260510_splitstem/camera_head_pretrained_best.pth
glare,0.0,1.0,0.0,1.7629661560058594,0.6283963918685913,0.9419229626655579,far_left,0.7868473529815674,0.10168714821338654,0.1163196936249733,29,collision,131,pretrained,Pretrained camera head,checkpoint/closed_loop_teacher_camera_policy_light_v3d_t60_20260510_splitstem/camera_head_pretrained_best.pth
glare,0.0,1.0,0.0,1.773488998413086,0.6422067284584045,0.940215528011322,left,0.7941031455993652,0.11139506846666336,0.12396074086427689,27,collision,132,pretrained,Pretrained camera head,checkpoint/closed_loop_teacher_camera_policy_light_v3d_t60_20260510_splitstem/camera_head_pretrained_best.pth
glare,0.0,1.0,0.0,1.7634503841400146,0.6573277115821838,0.9300411343574524,far_right,0.7877773642539978,0.10017623752355576,0.11325377225875854,28,collision,133,pretrained,Pretrained camera head,checkpoint/closed_loop_teacher_camera_policy_light_v3d_t60_20260510_splitstem/camera_head_pretrained_best.pth
glare,0.0,1.0,0.0,1.7311519384384155,0.6502898335456848,0.9376809000968933,left,0.8008894324302673,0.10251791775226593,0.11986516416072845,29,collision,134,pretrained,Pretrained camera head,checkpoint/closed_loop_teacher_camera_policy_light_v3d_t60_20260510_splitstem/camera_head_pretrained_best.pth
glare,0.0,1.0,0.0,1.784285545349121,0.6396486759185791,0.9506914019584656,far_right,0.7814610600471497,0.09836497902870178,0.11371255666017532,29,collision,135,pretrained,Pretrained camera head,checkpoint/closed_loop_teacher_camera_policy_light_v3d_t60_20260510_splitstem/camera_head_pretrained_best.pth
glare,1.0,0.0,1.0,0.2413788139820099,0.6145609617233276,0.9680098295211792,right,0.6583306193351746,0.2734087407588959,0.2748993933200836,60,timeout,136,pretrained,Pretrained camera head,checkpoint/closed_loop_teacher_camera_policy_light_v3d_t60_20260510_splitstem/camera_head_pretrained_best.pth
glare,0.0,1.0,0.0,1.7462109327316284,0.5242472290992737,0.9542948007583618,far_left,0.7498841285705566,0.10071849822998047,0.12521138787269592,36,collision,137,pretrained,Pretrained camera head,checkpoint/closed_loop_teacher_camera_policy_light_v3d_t60_20260510_splitstem/camera_head_pretrained_best.pth
glare,0.0,1.0,0.0,1.7391397953033447,0.6157004237174988,0.9511741995811462,far_right,0.7824763059616089,0.09368200600147247,0.10927422344684601,32,collision,138,pretrained,Pretrained camera head,checkpoint/closed_loop_teacher_camera_policy_light_v3d_t60_20260510_splitstem/camera_head_pretrained_best.pth
glare,0.0,1.0,0.0,1.7727296352386475,0.5650858283042908,0.9519302248954773,far_left,0.7821188569068909,0.09461670368909836,0.1108718141913414,32,collision,139,pretrained,Pretrained camera head,checkpoint/closed_loop_teacher_camera_policy_light_v3d_t60_20260510_splitstem/camera_head_pretrained_best.pth
glare,0.0,1.0,0.0,1.7553538084030151,0.6195015907287598,0.9401971697807312,far_left,0.7888948917388916,0.09992151707410812,0.11376696825027466,29,collision,140,pretrained,Pretrained camera head,checkpoint/closed_loop_teacher_camera_policy_light_v3d_t60_20260510_splitstem/camera_head_pretrained_best.pth
glare,0.0,1.0,0.0,1.773590087890625,0.6112932562828064,0.9420036673545837,far_right,0.787013053894043,0.09048697352409363,0.10548769682645798,32,collision,141,pretrained,Pretrained camera head,checkpoint/closed_loop_teacher_camera_policy_light_v3d_t60_20260510_splitstem/camera_head_pretrained_best.pth
glare,0.0,1.0,0.0,1.7369284629821777,0.5969074964523315,0.9376246929168701,far_left,0.7908423542976379,0.09806229174137115,0.11182591319084167,30,collision,142,pretrained,Pretrained camera head,checkpoint/closed_loop_teacher_camera_policy_light_v3d_t60_20260510_splitstem/camera_head_pretrained_best.pth
glare,0.0,1.0,0.0,1.6525959968566895,0.7035928964614868,0.9442223310470581,right,0.791053831577301,0.0969521775841713,0.11366522312164307,29,collision,143,pretrained,Pretrained camera head,checkpoint/closed_loop_teacher_camera_policy_light_v3d_t60_20260510_splitstem/camera_head_pretrained_best.pth
glare,0.0,1.0,0.0,1.6706509590148926,0.6882044076919556,0.9491972923278809,right,0.7904695868492126,0.0997588261961937,0.11627061665058136,28,collision,144,pretrained,Pretrained camera head,checkpoint/closed_loop_teacher_camera_policy_light_v3d_t60_20260510_splitstem/camera_head_pretrained_best.pth
glare,0.0,1.0,0.0,1.7361359596252441,0.6446843147277832,0.9458299875259399,left,0.7903354167938232,0.10369772464036942,0.12094300240278244,27,collision,145,pretrained,Pretrained camera head,checkpoint/closed_loop_teacher_camera_policy_light_v3d_t60_20260510_splitstem/camera_head_pretrained_best.pth
glare,1.0,0.0,1.0,0.19526328146457672,0.6325017213821411,0.9668186902999878,right,0.6631878018379211,0.2726100981235504,0.2744559645652771,60,timeout,146,pretrained,Pretrained camera head,checkpoint/closed_loop_teacher_camera_policy_light_v3d_t60_20260510_splitstem/camera_head_pretrained_best.pth
glare,0.0,1.0,0.0,1.7465053796768188,0.6461254954338074,0.9359996914863586,left,0.791559100151062,0.10096382349729538,0.11477573961019516,28,collision,147,pretrained,Pretrained camera head,checkpoint/closed_loop_teacher_camera_policy_light_v3d_t60_20260510_splitstem/camera_head_pretrained_best.pth
glare,0.0,1.0,0.0,1.820152759552002,0.6468088626861572,0.9385625720024109,far_right,0.788023054599762,0.09476727992296219,0.1092296615242958,30,collision,148,pretrained,Pretrained camera head,checkpoint/closed_loop_teacher_camera_policy_light_v3d_t60_20260510_splitstem/camera_head_pretrained_best.pth
glare,0.0,1.0,0.0,1.7456518411636353,0.6286665201187134,0.8921360373497009,left,0.7999063730239868,0.15248386561870575,0.164747416973114,28,collision,149,pretrained,Pretrained camera head,checkpoint/closed_loop_teacher_camera_policy_light_v3d_t60_20260510_splitstem/camera_head_pretrained_best.pth
glare,0.0,1.0,0.0,1.7466589212417603,0.6764217019081116,0.8579171299934387,left,0.7883128523826599,0.20523089170455933,0.22368408739566803,27,collision,150,pretrained,Pretrained camera head,checkpoint/closed_loop_teacher_camera_policy_light_v3d_t60_20260510_splitstem/camera_head_pretrained_best.pth
glare,0.0,1.0,0.0,1.7633209228515625,0.5350304841995239,0.9463997483253479,far_left,0.7693479657173157,0.09827904403209686,0.11752445250749588,34,collision,151,pretrained,Pretrained camera head,checkpoint/closed_loop_teacher_camera_policy_light_v3d_t60_20260510_splitstem/camera_head_pretrained_best.pth
glare,0.0,1.0,0.0,1.7256630659103394,0.7010316848754883,0.9008247256278992,left,0.8024830222129822,0.13766351342201233,0.15561334788799286,27,collision,152,pretrained,Pretrained camera head,checkpoint/closed_loop_teacher_camera_policy_light_v3d_t60_20260510_splitstem/camera_head_pretrained_best.pth
glare,0.0,1.0,0.0,1.746756911277771,0.612652599811554,0.9499008059501648,far_left,0.7657633423805237,0.10844889283180237,0.1281583160161972,29,collision,153,pretrained,Pretrained camera head,checkpoint/closed_loop_teacher_camera_policy_light_v3d_t60_20260510_splitstem/camera_head_pretrained_best.pth
glare,0.0,1.0,0.0,1.7189126014709473,0.665600597858429,0.8673712015151978,left,0.7904700040817261,0.20027615129947662,0.21799007058143616,27,collision,154,pretrained,Pretrained camera head,checkpoint/closed_loop_teacher_camera_policy_light_v3d_t60_20260510_splitstem/camera_head_pretrained_best.pth
glare,0.0,1.0,0.0,1.7802820205688477,0.6393299102783203,0.9283242225646973,left,0.8020294308662415,0.11661220341920853,0.12832143902778625,27,collision,155,pretrained,Pretrained camera head,checkpoint/closed_loop_teacher_camera_policy_light_v3d_t60_20260510_splitstem/camera_head_pretrained_best.pth
glare,0.0,1.0,0.0,1.7472963333129883,0.638879656791687,0.8936524391174316,left,0.800307035446167,0.15492428839206696,0.16880562901496887,28,collision,156,pretrained,Pretrained camera head,checkpoint/closed_loop_teacher_camera_policy_light_v3d_t60_20260510_splitstem/camera_head_pretrained_best.pth
glare,0.0,1.0,0.0,1.688155174255371,0.6542189121246338,0.9491437077522278,right,0.790241539478302,0.0996791198849678,0.11596442759037018,28,collision,157,pretrained,Pretrained camera head,checkpoint/closed_loop_teacher_camera_policy_light_v3d_t60_20260510_splitstem/camera_head_pretrained_best.pth
glare,0.0,1.0,0.0,1.7266682386398315,0.5359771847724915,0.9478102326393127,far_left,0.7663916349411011,0.09936680644750595,0.11974997073411942,35,collision,158,pretrained,Pretrained camera head,checkpoint/closed_loop_teacher_camera_policy_light_v3d_t60_20260510_splitstem/camera_head_pretrained_best.pth
glare,0.0,1.0,0.0,1.758863091468811,0.6530555486679077,0.933066725730896,far_right,0.7857523560523987,0.09847600758075714,0.11182793974876404,29,collision,159,pretrained,Pretrained camera head,checkpoint/closed_loop_teacher_camera_policy_light_v3d_t60_20260510_splitstem/camera_head_pretrained_best.pth
glare,0.0,1.0,0.0,1.7851167917251587,0.665092945098877,0.9235276579856873,left,0.8003414273262024,0.11563921719789505,0.12736058235168457,27,collision,160,pretrained,Pretrained camera head,checkpoint/closed_loop_teacher_camera_policy_light_v3d_t60_20260510_splitstem/camera_head_pretrained_best.pth
glare,0.0,1.0,0.0,1.7703591585159302,0.620367169380188,0.945870578289032,right,0.7921860218048096,0.09785737842321396,0.1137302964925766,29,collision,161,pretrained,Pretrained camera head,checkpoint/closed_loop_teacher_camera_policy_light_v3d_t60_20260510_splitstem/camera_head_pretrained_best.pth
glare,0.0,1.0,0.0,1.7757043838500977,0.6257697343826294,0.9424618482589722,left,0.7924728989601135,0.10038701444864273,0.11678577214479446,28,collision,162,pretrained,Pretrained camera head,checkpoint/closed_loop_teacher_camera_policy_light_v3d_t60_20260510_splitstem/camera_head_pretrained_best.pth
glare,1.0,0.0,1.0,0.3122933506965637,0.6201944947242737,0.9663195013999939,right,0.6694357991218567,0.2585476040840149,0.2616495192050934,60,timeout,163,pretrained,Pretrained camera head,checkpoint/closed_loop_teacher_camera_policy_light_v3d_t60_20260510_splitstem/camera_head_pretrained_best.pth
glare,0.0,1.0,0.0,1.7451332807540894,0.6325557231903076,0.947573721408844,far_left,0.7804778814315796,0.10682255029678345,0.12193692475557327,28,collision,164,pretrained,Pretrained camera head,checkpoint/closed_loop_teacher_camera_policy_light_v3d_t60_20260510_splitstem/camera_head_pretrained_best.pth
glare,0.0,1.0,0.0,1.7722187042236328,0.6039674282073975,0.9381235837936401,far_left,0.7865726947784424,0.09912289679050446,0.1127297654747963,30,collision,165,pretrained,Pretrained camera head,checkpoint/closed_loop_teacher_camera_policy_light_v3d_t60_20260510_splitstem/camera_head_pretrained_best.pth
glare,0.0,1.0,0.0,1.7301479578018188,0.5845324993133545,0.952898383140564,far_left,0.7594403624534607,0.10540134459733963,0.12661117315292358,31,collision,166,pretrained,Pretrained camera head,checkpoint/closed_loop_teacher_camera_policy_light_v3d_t60_20260510_splitstem/camera_head_pretrained_best.pth
glare,0.0,1.0,0.0,1.7577345371246338,0.668069064617157,0.9313647150993347,far_right,0.7889078259468079,0.10141275823116302,0.11452069133520126,28,collision,167,pretrained,Pretrained camera head,checkpoint/closed_loop_teacher_camera_policy_light_v3d_t60_20260510_splitstem/camera_head_pretrained_best.pth
glare,0.0,1.0,0.0,1.7898327112197876,0.6307699680328369,0.9371757507324219,far_right,0.7886243462562561,0.0950240045785904,0.10928834974765778,30,collision,168,pretrained,Pretrained camera head,checkpoint/closed_loop_teacher_camera_policy_light_v3d_t60_20260510_splitstem/camera_head_pretrained_best.pth
glare,0.0,1.0,0.0,1.768613338470459,0.5618835687637329,0.9537643790245056,far_left,0.7706050872802734,0.10136270523071289,0.11943073570728302,32,collision,169,pretrained,Pretrained camera head,checkpoint/closed_loop_teacher_camera_policy_light_v3d_t60_20260510_splitstem/camera_head_pretrained_best.pth
glare,0.0,1.0,0.0,1.7371845245361328,0.679224967956543,0.9371494650840759,right,0.7948031425476074,0.10155206173658371,0.11691945046186447,27,collision,170,pretrained,Pretrained camera head,checkpoint/closed_loop_teacher_camera_policy_light_v3d_t60_20260510_splitstem/camera_head_pretrained_best.pth
glare,0.0,1.0,0.0,1.7491399049758911,0.6029674410820007,0.9347910284996033,right,0.7982998490333557,0.09403633326292038,0.10951497405767441,30,collision,171,pretrained,Pretrained camera head,checkpoint/closed_loop_teacher_camera_policy_light_v3d_t60_20260510_splitstem/camera_head_pretrained_best.pth
glare,0.0,1.0,0.0,1.630057692527771,0.6191850304603577,0.9405008554458618,right,0.7896328568458557,0.09053869545459747,0.1079232394695282,32,collision,172,pretrained,Pretrained camera head,checkpoint/closed_loop_teacher_camera_policy_light_v3d_t60_20260510_splitstem/camera_head_pretrained_best.pth
glare,0.0,1.0,0.0,1.7683745622634888,0.6528909802436829,0.9390136003494263,left,0.7964709401130676,0.11163970828056335,0.12418995052576065,27,collision,173,pretrained,Pretrained camera head,checkpoint/closed_loop_teacher_camera_policy_light_v3d_t60_20260510_splitstem/camera_head_pretrained_best.pth
glare,0.0,1.0,0.0,1.7811757326126099,0.5814417004585266,0.9557511806488037,far_right,0.7747306227684021,0.09024117141962051,0.1079518124461174,34,collision,174,pretrained,Pretrained camera head,checkpoint/closed_loop_teacher_camera_policy_light_v3d_t60_20260510_splitstem/camera_head_pretrained_best.pth
glare,0.0,1.0,0.0,1.7585686445236206,0.6327937245368958,0.9296393394470215,left,0.8036732077598572,0.09888892620801926,0.11297684907913208,28,collision,175,pretrained,Pretrained camera head,checkpoint/closed_loop_teacher_camera_policy_light_v3d_t60_20260510_splitstem/camera_head_pretrained_best.pth
glare,0.0,1.0,0.0,1.737845540046692,0.6116702556610107,0.9453623294830322,far_left,0.784621000289917,0.099769726395607,0.114887535572052,30,collision,176,pretrained,Pretrained camera head,checkpoint/closed_loop_teacher_camera_policy_light_v3d_t60_20260510_splitstem/camera_head_pretrained_best.pth
glare,0.0,1.0,0.0,1.708658218383789,0.7016409635543823,0.9369158148765564,right,0.7950831651687622,0.10200117528438568,0.11681164056062698,27,collision,177,pretrained,Pretrained camera head,checkpoint/closed_loop_teacher_camera_policy_light_v3d_t60_20260510_splitstem/camera_head_pretrained_best.pth
glare,0.0,1.0,0.0,1.7318545579910278,0.6113743782043457,0.9512201547622681,far_left,0.7727586627006531,0.10204555839300156,0.1203320249915123,31,collision,178,pretrained,Pretrained camera head,checkpoint/closed_loop_teacher_camera_policy_light_v3d_t60_20260510_splitstem/camera_head_pretrained_best.pth
glare,0.0,1.0,0.0,1.7815675735473633,0.6222493052482605,0.9356406927108765,far_left,0.7928333878517151,0.10188329219818115,0.11473480612039566,28,collision,179,pretrained,Pretrained camera head,checkpoint/closed_loop_teacher_camera_policy_light_v3d_t60_20260510_splitstem/camera_head_pretrained_best.pth
glare,0.0,1.0,0.0,1.7710241079330444,0.5836524963378906,0.937390148639679,far_left,0.7903971076011658,0.09850344061851501,0.11177720129489899,30,collision,180,pretrained,Pretrained camera head,checkpoint/closed_loop_teacher_camera_policy_light_v3d_t60_20260510_splitstem/camera_head_pretrained_best.pth
glare,0.0,1.0,0.0,1.7959566116333008,0.6331906914710999,0.9517830014228821,far_right,0.7795065641403198,0.0973181203007698,0.11413288861513138,30,collision,181,pretrained,Pretrained camera head,checkpoint/closed_loop_teacher_camera_policy_light_v3d_t60_20260510_splitstem/camera_head_pretrained_best.pth
glare,0.0,1.0,0.0,1.7141779661178589,0.6557296514511108,0.9378322958946228,right,0.7968147993087769,0.09853971004486084,0.11383833736181259,28,collision,182,pretrained,Pretrained camera head,checkpoint/closed_loop_teacher_camera_policy_light_v3d_t60_20260510_splitstem/camera_head_pretrained_best.pth
glare,0.0,1.0,0.0,1.7580772638320923,0.6831026673316956,0.9436675310134888,far_right,0.7893568873405457,0.102236807346344,0.11551555246114731,28,collision,183,pretrained,Pretrained camera head,checkpoint/closed_loop_teacher_camera_policy_light_v3d_t60_20260510_splitstem/camera_head_pretrained_best.pth
glare,0.0,1.0,0.0,1.7671116590499878,0.6260311007499695,0.9479360580444336,far_right,0.783707857131958,0.09435399621725082,0.11146519333124161,31,collision,184,pretrained,Pretrained camera head,checkpoint/closed_loop_teacher_camera_policy_light_v3d_t60_20260510_splitstem/camera_head_pretrained_best.pth
glare,0.0,1.0,0.0,1.8227832317352295,0.6591343283653259,0.9428101181983948,far_right,0.7860329151153564,0.10117961466312408,0.11705060303211212,28,collision,185,pretrained,Pretrained camera head,checkpoint/closed_loop_teacher_camera_policy_light_v3d_t60_20260510_splitstem/camera_head_pretrained_best.pth
glare,0.0,1.0,0.0,1.75332510471344,0.6396790742874146,0.9389252662658691,left,0.7983078360557556,0.11418884992599487,0.1273302137851715,28,collision,186,pretrained,Pretrained camera head,checkpoint/closed_loop_teacher_camera_policy_light_v3d_t60_20260510_splitstem/camera_head_pretrained_best.pth
glare,0.0,1.0,0.0,1.7324268817901611,0.6350368857383728,0.9259775876998901,left,0.7995615601539612,0.11045335233211517,0.12342432886362076,29,collision,187,pretrained,Pretrained camera head,checkpoint/closed_loop_teacher_camera_policy_light_v3d_t60_20260510_splitstem/camera_head_pretrained_best.pth
glare,0.0,1.0,0.0,1.7710782289505005,0.5667153596878052,0.9530286192893982,far_left,0.7703480124473572,0.10251767933368683,0.12109381705522537,31,collision,188,pretrained,Pretrained camera head,checkpoint/closed_loop_teacher_camera_policy_light_v3d_t60_20260510_splitstem/camera_head_pretrained_best.pth
glare,0.0,0.0,0.0,0.40076717734336853,0.5925658345222473,0.9755305647850037,right,0.6624928116798401,0.2653246819972992,0.2685564160346985,60,timeout,189,pretrained,Pretrained camera head,checkpoint/closed_loop_teacher_camera_policy_light_v3d_t60_20260510_splitstem/camera_head_pretrained_best.pth
glare,0.0,1.0,0.0,1.686675786972046,0.6618558168411255,0.946898877620697,right,0.7893088459968567,0.09445357322692871,0.1115998774766922,30,collision,190,pretrained,Pretrained camera head,checkpoint/closed_loop_teacher_camera_policy_light_v3d_t60_20260510_splitstem/camera_head_pretrained_best.pth
glare,0.0,1.0,0.0,1.7141095399856567,0.6132130026817322,0.9475694298744202,far_left,0.7850241661071777,0.09603829681873322,0.1123124361038208,31,collision,191,pretrained,Pretrained camera head,checkpoint/closed_loop_teacher_camera_policy_light_v3d_t60_20260510_splitstem/camera_head_pretrained_best.pth
glare,0.0,1.0,0.0,1.7895467281341553,0.6634269952774048,0.9468594789505005,right,0.7907936573028564,0.10256924480199814,0.11879874765872955,27,collision,192,pretrained,Pretrained camera head,checkpoint/closed_loop_teacher_camera_policy_light_v3d_t60_20260510_splitstem/camera_head_pretrained_best.pth
glare,0.0,1.0,0.0,1.7445412874221802,0.6161773800849915,0.951034665107727,far_left,0.777976930141449,0.10019739717245102,0.1158902570605278,30,collision,193,pretrained,Pretrained camera head,checkpoint/closed_loop_teacher_camera_policy_light_v3d_t60_20260510_splitstem/camera_head_pretrained_best.pth
glare,0.0,1.0,0.0,1.735671877861023,0.6026840209960938,0.9526858329772949,far_left,0.7756365537643433,0.10235773772001266,0.11876757442951202,29,collision,194,pretrained,Pretrained camera head,checkpoint/closed_loop_teacher_camera_policy_light_v3d_t60_20260510_splitstem/camera_head_pretrained_best.pth
glare,0.0,1.0,0.0,1.770591378211975,0.658721387386322,0.9473880529403687,left,0.7829054594039917,0.10474957525730133,0.11926275491714478,27,collision,195,pretrained,Pretrained camera head,checkpoint/closed_loop_teacher_camera_policy_light_v3d_t60_20260510_splitstem/camera_head_pretrained_best.pth
glare,0.0,1.0,0.0,1.7336655855178833,0.5864272117614746,0.9487940669059753,far_left,0.7558177709579468,0.11002318561077118,0.13335132598876953,32,collision,196,pretrained,Pretrained camera head,checkpoint/closed_loop_teacher_camera_policy_light_v3d_t60_20260510_splitstem/camera_head_pretrained_best.pth
glare,0.0,1.0,0.0,1.7719480991363525,0.6396322250366211,0.9336816668510437,far_right,0.7863703370094299,0.09934994578361511,0.11281923949718475,29,collision,197,pretrained,Pretrained camera head,checkpoint/closed_loop_teacher_camera_policy_light_v3d_t60_20260510_splitstem/camera_head_pretrained_best.pth
glare,0.0,1.0,0.0,1.7282406091690063,0.6162031292915344,0.936290979385376,far_left,0.7915245294570923,0.10051729530096054,0.11366069316864014,29,collision,198,pretrained,Pretrained camera head,checkpoint/closed_loop_teacher_camera_policy_light_v3d_t60_20260510_splitstem/camera_head_pretrained_best.pth
glare,0.0,1.0,0.0,1.7894195318222046,0.6230385899543762,0.9516084790229797,far_right,0.7801905274391174,0.09776230156421661,0.11493853479623795,30,collision,199,pretrained,Pretrained camera head,checkpoint/closed_loop_teacher_camera_policy_light_v3d_t60_20260510_splitstem/camera_head_pretrained_best.pth
glare,0.0,1.0,0.0,1.7884173393249512,0.6628333330154419,0.9011515378952026,left,0.7997034192085266,0.16229288280010223,0.17443442344665527,26,collision,200,pretrained,Pretrained camera head,checkpoint/closed_loop_teacher_camera_policy_light_v3d_t60_20260510_splitstem/camera_head_pretrained_best.pth
glare,0.0,1.0,0.0,1.7723002433776855,0.6779108643531799,0.9384714365005493,far_right,0.7860855460166931,0.09705081582069397,0.11177165806293488,29,collision,201,pretrained,Pretrained camera head,checkpoint/closed_loop_teacher_camera_policy_light_v3d_t60_20260510_splitstem/camera_head_pretrained_best.pth
glare,0.0,1.0,0.0,1.7474476099014282,0.6436207890510559,0.9371797442436218,left,0.7921278476715088,0.09712186455726624,0.11396069824695587,29,collision,202,pretrained,Pretrained camera head,checkpoint/closed_loop_teacher_camera_policy_light_v3d_t60_20260510_splitstem/camera_head_pretrained_best.pth
glare,0.0,1.0,0.0,1.7294548749923706,0.6032117009162903,0.9479913711547852,far_left,0.7755865454673767,0.09894446283578873,0.11654853820800781,32,collision,203,pretrained,Pretrained camera head,checkpoint/closed_loop_teacher_camera_policy_light_v3d_t60_20260510_splitstem/camera_head_pretrained_best.pth
glare,0.0,1.0,0.0,1.7475264072418213,0.6553826332092285,0.941566526889801,right,0.7872304320335388,0.09729070961475372,0.11227092146873474,29,collision,204,pretrained,Pretrained camera head,checkpoint/closed_loop_teacher_camera_policy_light_v3d_t60_20260510_splitstem/camera_head_pretrained_best.pth
glare,0.0,1.0,0.0,1.8049101829528809,0.628961980342865,0.9492237567901611,far_right,0.7839532494544983,0.09595149010419846,0.11155883222818375,30,collision,205,pretrained,Pretrained camera head,checkpoint/closed_loop_teacher_camera_policy_light_v3d_t60_20260510_splitstem/camera_head_pretrained_best.pth
glare,0.0,1.0,0.0,1.5887694358825684,0.6747176051139832,0.9396894574165344,right,0.7933259606361389,0.09264565259218216,0.10916773974895477,31,collision,206,pretrained,Pretrained camera head,checkpoint/closed_loop_teacher_camera_policy_light_v3d_t60_20260510_splitstem/camera_head_pretrained_best.pth
glare,0.0,1.0,0.0,1.770911693572998,0.6575817465782166,0.9503955245018005,far_right,0.7845979332923889,0.0935726910829544,0.11016502231359482,31,collision,207,pretrained,Pretrained camera head,checkpoint/closed_loop_teacher_camera_policy_light_v3d_t60_20260510_splitstem/camera_head_pretrained_best.pth
glare,0.0,1.0,0.0,1.7589951753616333,0.6516948938369751,0.9480355381965637,far_right,0.7836765646934509,0.10024336725473404,0.11466558277606964,29,collision,208,pretrained,Pretrained camera head,checkpoint/closed_loop_teacher_camera_policy_light_v3d_t60_20260510_splitstem/camera_head_pretrained_best.pth
glare,0.0,1.0,0.0,1.7523601055145264,0.7094683647155762,0.8560243248939514,left,0.7935603260993958,0.19795863330364227,0.21697399020195007,26,collision,209,pretrained,Pretrained camera head,checkpoint/closed_loop_teacher_camera_policy_light_v3d_t60_20260510_splitstem/camera_head_pretrained_best.pth
glare,0.0,1.0,0.0,1.7434858083724976,0.5551589727401733,0.9561018347740173,far_left,0.7484210729598999,0.10314609110355377,0.12701843678951263,34,collision,210,pretrained,Pretrained camera head,checkpoint/closed_loop_teacher_camera_policy_light_v3d_t60_20260510_splitstem/camera_head_pretrained_best.pth
glare,0.0,1.0,0.0,1.7593481540679932,0.637776792049408,0.9383081793785095,far_right,0.7931840419769287,0.09537838399410248,0.10886216908693314,30,collision,211,pretrained,Pretrained camera head,checkpoint/closed_loop_teacher_camera_policy_light_v3d_t60_20260510_splitstem/camera_head_pretrained_best.pth
glare,0.0,1.0,0.0,1.587376594543457,0.6780472993850708,0.9372806549072266,right,0.7930275201797485,0.09092516452074051,0.10741013288497925,32,collision,212,pretrained,Pretrained camera head,checkpoint/closed_loop_teacher_camera_policy_light_v3d_t60_20260510_splitstem/camera_head_pretrained_best.pth
glare,0.0,1.0,0.0,1.7556164264678955,0.6435566544532776,0.9490312933921814,left,0.789497971534729,0.10076506435871124,0.11817684024572372,28,collision,213,pretrained,Pretrained camera head,checkpoint/closed_loop_teacher_camera_policy_light_v3d_t60_20260510_splitstem/camera_head_pretrained_best.pth
glare,0.0,1.0,0.0,1.7634177207946777,0.5608373880386353,0.9424469470977783,far_left,0.7792108654975891,0.10007940977811813,0.11667558550834656,32,collision,214,pretrained,Pretrained camera head,checkpoint/closed_loop_teacher_camera_policy_light_v3d_t60_20260510_splitstem/camera_head_pretrained_best.pth
glare,0.0,0.0,0.0,0.47712239623069763,0.570912778377533,0.9756438732147217,right,0.6712186336517334,0.24732668697834015,0.25314876437187195,60,timeout,215,pretrained,Pretrained camera head,checkpoint/closed_loop_teacher_camera_policy_light_v3d_t60_20260510_splitstem/camera_head_pretrained_best.pth
glare,0.0,1.0,0.0,1.784356713294983,0.7001213431358337,0.9270254373550415,far_right,0.7889146208763123,0.1059098094701767,0.11782687902450562,26,collision,216,pretrained,Pretrained camera head,checkpoint/closed_loop_teacher_camera_policy_light_v3d_t60_20260510_splitstem/camera_head_pretrained_best.pth
glare,0.0,0.0,0.0,0.4930550754070282,0.5877383351325989,0.9746431708335876,right,0.664392352104187,0.2546602487564087,0.2586941123008728,60,timeout,217,pretrained,Pretrained camera head,checkpoint/closed_loop_teacher_camera_policy_light_v3d_t60_20260510_splitstem/camera_head_pretrained_best.pth
glare,0.0,1.0,0.0,1.761750340461731,0.6450836062431335,0.9338263273239136,far_right,0.7901033163070679,0.09988602995872498,0.11215975880622864,29,collision,218,pretrained,Pretrained camera head,checkpoint/closed_loop_teacher_camera_policy_light_v3d_t60_20260510_splitstem/camera_head_pretrained_best.pth
glare,0.0,1.0,0.0,1.7761075496673584,0.6431291699409485,0.9479665160179138,far_right,0.7859134078025818,0.09577077627182007,0.1116245687007904,30,collision,219,pretrained,Pretrained camera head,checkpoint/closed_loop_teacher_camera_policy_light_v3d_t60_20260510_splitstem/camera_head_pretrained_best.pth
glare,0.0,1.0,0.0,1.7703818082809448,0.6077544689178467,0.94267737865448,far_left,0.7739173769950867,0.10632113367319107,0.12466675788164139,29,collision,220,pretrained,Pretrained camera head,checkpoint/closed_loop_teacher_camera_policy_light_v3d_t60_20260510_splitstem/camera_head_pretrained_best.pth
glare,0.0,1.0,0.0,1.7271023988723755,0.55840003490448,0.9477900266647339,far_left,0.7630171775817871,0.10231848061084747,0.12322103977203369,33,collision,221,pretrained,Pretrained camera head,checkpoint/closed_loop_teacher_camera_policy_light_v3d_t60_20260510_splitstem/camera_head_pretrained_best.pth
glare,0.0,1.0,0.0,1.78207528591156,0.643406093120575,0.942074716091156,far_right,0.7884987592697144,0.09628933668136597,0.11017747223377228,30,collision,222,pretrained,Pretrained camera head,checkpoint/closed_loop_teacher_camera_policy_light_v3d_t60_20260510_splitstem/camera_head_pretrained_best.pth
glare,0.0,1.0,0.0,1.7023826837539673,0.6287168860435486,0.9380787014961243,right,0.7936105132102966,0.09410617500543594,0.11035022139549255,30,collision,223,pretrained,Pretrained camera head,checkpoint/closed_loop_teacher_camera_policy_light_v3d_t60_20260510_splitstem/camera_head_pretrained_best.pth
glare,0.0,1.0,0.0,1.7765655517578125,0.6102661490440369,0.9524210095405579,far_right,0.7779208421707153,0.09485205262899399,0.11116351187229156,31,collision,224,pretrained,Pretrained camera head,checkpoint/closed_loop_teacher_camera_policy_light_v3d_t60_20260510_splitstem/camera_head_pretrained_best.pth
glare,0.0,1.0,0.0,1.7330803871154785,0.6803575754165649,0.9316754341125488,right,0.7967661023139954,0.0995655432343483,0.11405757814645767,28,collision,225,pretrained,Pretrained camera head,checkpoint/closed_loop_teacher_camera_policy_light_v3d_t60_20260510_splitstem/camera_head_pretrained_best.pth
glare,0.0,1.0,0.0,1.820655345916748,0.635842502117157,0.9424339532852173,far_right,0.7847820520401001,0.09527246654033661,0.11028745025396347,30,collision,226,pretrained,Pretrained camera head,checkpoint/closed_loop_teacher_camera_policy_light_v3d_t60_20260510_splitstem/camera_head_pretrained_best.pth
glare,0.0,1.0,0.0,1.7370156049728394,0.5681004524230957,0.9491193294525146,far_left,0.7558819055557251,0.10446729511022568,0.12749630212783813,33,collision,227,pretrained,Pretrained camera head,checkpoint/closed_loop_teacher_camera_policy_light_v3d_t60_20260510_splitstem/camera_head_pretrained_best.pth
glare,0.0,1.0,0.0,1.6738581657409668,0.6583977937698364,0.9530301690101624,right,0.7856579422950745,0.09527900815010071,0.11297682672739029,30,collision,228,pretrained,Pretrained camera head,checkpoint/closed_loop_teacher_camera_policy_light_v3d_t60_20260510_splitstem/camera_head_pretrained_best.pth
glare,0.0,1.0,0.0,1.709352970123291,0.6481436491012573,0.9462891221046448,right,0.7892895936965942,0.09861043840646744,0.11426064372062683,29,collision,229,pretrained,Pretrained camera head,checkpoint/closed_loop_teacher_camera_policy_light_v3d_t60_20260510_splitstem/camera_head_pretrained_best.pth
glare,0.0,1.0,0.0,1.7578542232513428,0.6752108335494995,0.9100338220596313,left,0.8013823628425598,0.13987690210342407,0.15819895267486572,27,collision,230,pretrained,Pretrained camera head,checkpoint/closed_loop_teacher_camera_policy_light_v3d_t60_20260510_splitstem/camera_head_pretrained_best.pth
glare,0.0,1.0,0.0,1.7642890214920044,0.6020292043685913,0.9499620795249939,far_left,0.7755631804466248,0.104497991502285,0.12132218480110168,30,collision,231,pretrained,Pretrained camera head,checkpoint/closed_loop_teacher_camera_policy_light_v3d_t60_20260510_splitstem/camera_head_pretrained_best.pth
glare,0.0,1.0,0.0,1.7781872749328613,0.6429569721221924,0.8556886911392212,left,0.7955752611160278,0.2033488005399704,0.22145560383796692,26,collision,232,pretrained,Pretrained camera head,checkpoint/closed_loop_teacher_camera_policy_light_v3d_t60_20260510_splitstem/camera_head_pretrained_best.pth
glare,0.0,1.0,0.0,1.7386380434036255,0.5655258893966675,0.953339695930481,far_left,0.7668024301528931,0.10196302831172943,0.12181468307971954,32,collision,233,pretrained,Pretrained camera head,checkpoint/closed_loop_teacher_camera_policy_light_v3d_t60_20260510_splitstem/camera_head_pretrained_best.pth
glare,0.0,1.0,0.0,1.8064936399459839,0.6473109126091003,0.9473080039024353,far_right,0.785050630569458,0.09616537392139435,0.11202895641326904,30,collision,234,pretrained,Pretrained camera head,checkpoint/closed_loop_teacher_camera_policy_light_v3d_t60_20260510_splitstem/camera_head_pretrained_best.pth
glare,0.0,1.0,0.0,1.7653422355651855,0.6825111508369446,0.9305555820465088,right,0.7925952076911926,0.10033048689365387,0.11364935338497162,28,collision,235,pretrained,Pretrained camera head,checkpoint/closed_loop_teacher_camera_policy_light_v3d_t60_20260510_splitstem/camera_head_pretrained_best.pth
glare,0.0,1.0,0.0,1.78545081615448,0.6203745007514954,0.9475225806236267,far_right,0.7869855761528015,0.0954107940196991,0.11014323681592941,30,collision,236,pretrained,Pretrained camera head,checkpoint/closed_loop_teacher_camera_policy_light_v3d_t60_20260510_splitstem/camera_head_pretrained_best.pth
glare,1.0,0.0,1.0,0.25905486941337585,0.6202129125595093,0.9740548133850098,right,0.6657293438911438,0.26113760471343994,0.26589179039001465,60,timeout,237,pretrained,Pretrained camera head,checkpoint/closed_loop_teacher_camera_policy_light_v3d_t60_20260510_splitstem/camera_head_pretrained_best.pth
glare,0.0,1.0,0.0,1.7337391376495361,0.639191746711731,0.9499956965446472,far_left,0.7841433882713318,0.10180678963661194,0.11680549383163452,28,collision,238,pretrained,Pretrained camera head,checkpoint/closed_loop_teacher_camera_policy_light_v3d_t60_20260510_splitstem/camera_head_pretrained_best.pth
glare,0.0,1.0,0.0,1.810568928718567,0.6477118730545044,0.9413677453994751,far_right,0.7856744527816772,0.0929560586810112,0.10862022638320923,31,collision,239,pretrained,Pretrained camera head,checkpoint/closed_loop_teacher_camera_policy_light_v3d_t60_20260510_splitstem/camera_head_pretrained_best.pth
glare,0.0,1.0,0.0,1.7700313329696655,0.6435592770576477,0.9514082074165344,far_right,0.7823192477226257,0.09459959715604782,0.11160527169704437,31,collision,240,pretrained,Pretrained camera head,checkpoint/closed_loop_teacher_camera_policy_light_v3d_t60_20260510_splitstem/camera_head_pretrained_best.pth
glare,0.0,1.0,0.0,1.760682463645935,0.6254255771636963,0.9558318257331848,far_right,0.7773401737213135,0.09495754539966583,0.11103500425815582,32,collision,241,pretrained,Pretrained camera head,checkpoint/closed_loop_teacher_camera_policy_light_v3d_t60_20260510_splitstem/camera_head_pretrained_best.pth
glare,0.0,1.0,0.0,1.7530195713043213,0.6640968322753906,0.9383730292320251,far_right,0.7845122218132019,0.09474089741706848,0.10992548614740372,30,collision,242,pretrained,Pretrained camera head,checkpoint/closed_loop_teacher_camera_policy_light_v3d_t60_20260510_splitstem/camera_head_pretrained_best.pth
glare,0.0,1.0,0.0,1.7710133790969849,0.6069985628128052,0.9506754279136658,far_left,0.7780370116233826,0.1025402620434761,0.11811938881874084,30,collision,243,pretrained,Pretrained camera head,checkpoint/closed_loop_teacher_camera_policy_light_v3d_t60_20260510_splitstem/camera_head_pretrained_best.pth
glare,0.0,1.0,0.0,1.7400833368301392,0.6220434308052063,0.9331746697425842,right,0.7919837832450867,0.0959007516503334,0.11005806177854538,30,collision,244,pretrained,Pretrained camera head,checkpoint/closed_loop_teacher_camera_policy_light_v3d_t60_20260510_splitstem/camera_head_pretrained_best.pth
glare,0.0,1.0,0.0,1.7399089336395264,0.6818141937255859,0.9089376330375671,left,0.7965044975280762,0.14552724361419678,0.16511617600917816,27,collision,245,pretrained,Pretrained camera head,checkpoint/closed_loop_teacher_camera_policy_light_v3d_t60_20260510_splitstem/camera_head_pretrained_best.pth
glare,0.0,1.0,0.0,1.7300341129302979,0.665169894695282,0.937462568283081,right,0.7937735915184021,0.09938345104455948,0.11459057778120041,28,collision,246,pretrained,Pretrained camera head,checkpoint/closed_loop_teacher_camera_policy_light_v3d_t60_20260510_splitstem/camera_head_pretrained_best.pth
glare,0.0,1.0,0.0,1.8215444087982178,0.6113399267196655,0.9447157382965088,far_right,0.7823457717895508,0.08979839086532593,0.10648346692323685,33,collision,247,pretrained,Pretrained camera head,checkpoint/closed_loop_teacher_camera_policy_light_v3d_t60_20260510_splitstem/camera_head_pretrained_best.pth
glare,0.0,1.0,0.0,1.7775017023086548,0.6372325420379639,0.9378442168235779,far_right,0.793470561504364,0.09525396674871445,0.10842529684305191,30,collision,248,pretrained,Pretrained camera head,checkpoint/closed_loop_teacher_camera_policy_light_v3d_t60_20260510_splitstem/camera_head_pretrained_best.pth
glare,0.0,1.0,0.0,1.7650201320648193,0.6778382062911987,0.951558530330658,far_right,0.7798346281051636,0.09728195518255234,0.11419816315174103,30,collision,249,pretrained,Pretrained camera head,checkpoint/closed_loop_teacher_camera_policy_light_v3d_t60_20260510_splitstem/camera_head_pretrained_best.pth
glare,0.0,1.0,0.0,1.771392583847046,0.6615832448005676,0.9300103187561035,left,0.7977185249328613,0.11299049109220505,0.13058476150035858,27,collision,250,pretrained,Pretrained camera head,checkpoint/closed_loop_teacher_camera_policy_light_v3d_t60_20260510_splitstem/camera_head_pretrained_best.pth
glare,0.0,1.0,0.0,1.7668919563293457,0.6638398766517639,0.8622164130210876,left,0.7987078428268433,0.19369100034236908,0.20890434086322784,26,collision,251,pretrained,Pretrained camera head,checkpoint/closed_loop_teacher_camera_policy_light_v3d_t60_20260510_splitstem/camera_head_pretrained_best.pth
glare,0.0,1.0,0.0,1.7913284301757812,0.6734029054641724,0.85546875,left,0.7962298393249512,0.2036437690258026,0.22213000059127808,26,collision,252,pretrained,Pretrained camera head,checkpoint/closed_loop_teacher_camera_policy_light_v3d_t60_20260510_splitstem/camera_head_pretrained_best.pth
glare,1.0,0.0,1.0,0.21200250089168549,0.6223474144935608,0.9690852165222168,right,0.6697554588317871,0.25852227210998535,0.2624850273132324,60,timeout,253,pretrained,Pretrained camera head,checkpoint/closed_loop_teacher_camera_policy_light_v3d_t60_20260510_splitstem/camera_head_pretrained_best.pth
glare,0.0,1.0,0.0,1.755133032798767,0.5780866146087646,0.9404932856559753,far_left,0.7901103496551514,0.09705148637294769,0.11175280064344406,30,collision,254,pretrained,Pretrained camera head,checkpoint/closed_loop_teacher_camera_policy_light_v3d_t60_20260510_splitstem/camera_head_pretrained_best.pth
glare,0.0,1.0,0.0,1.7379164695739746,0.6156246066093445,0.9440518021583557,far_left,0.7887338995933533,0.09988408535718918,0.11410635709762573,29,collision,255,pretrained,Pretrained camera head,checkpoint/closed_loop_teacher_camera_policy_light_v3d_t60_20260510_splitstem/camera_head_pretrained_best.pth
glare,0.0,1.0,0.0,1.7305396795272827,0.6476042866706848,0.9498772621154785,right,0.7875562906265259,0.09576402604579926,0.11278581619262695,30,collision,256,pretrained,Pretrained camera head,checkpoint/closed_loop_teacher_camera_policy_light_v3d_t60_20260510_splitstem/camera_head_pretrained_best.pth
glare,0.0,1.0,0.0,1.741591215133667,0.6505242586135864,0.9365783333778381,left,0.7957907915115356,0.10794500261545181,0.12105902284383774,28,collision,257,pretrained,Pretrained camera head,checkpoint/closed_loop_teacher_camera_policy_light_v3d_t60_20260510_splitstem/camera_head_pretrained_best.pth
glare,0.0,1.0,0.0,1.6922603845596313,0.6575419902801514,0.9428879022598267,right,0.7934584617614746,0.09484807401895523,0.11116920411586761,30,collision,258,pretrained,Pretrained camera head,checkpoint/closed_loop_teacher_camera_policy_light_v3d_t60_20260510_splitstem/camera_head_pretrained_best.pth
glare,0.0,1.0,0.0,1.7736637592315674,0.5896425843238831,0.9501640200614929,far_left,0.772103488445282,0.10168927162885666,0.11990001797676086,31,collision,259,pretrained,Pretrained camera head,checkpoint/closed_loop_teacher_camera_policy_light_v3d_t60_20260510_splitstem/camera_head_pretrained_best.pth
glare,1.0,0.0,1.0,0.1819232553243637,0.6442133784294128,0.9677252173423767,right,0.6707618236541748,0.2544987201690674,0.2587487995624542,60,timeout,260,pretrained,Pretrained camera head,checkpoint/closed_loop_teacher_camera_policy_light_v3d_t60_20260510_splitstem/camera_head_pretrained_best.pth
glare,0.0,1.0,0.0,1.7259643077850342,0.5920402407646179,0.9480324387550354,far_left,0.7723658084869385,0.10344249755144119,0.12220938503742218,31,collision,261,pretrained,Pretrained camera head,checkpoint/closed_loop_teacher_camera_policy_light_v3d_t60_20260510_splitstem/camera_head_pretrained_best.pth
glare,0.0,1.0,0.0,1.7439271211624146,0.5701864361763,0.9401927590370178,far_left,0.7842428684234619,0.09579528868198395,0.11050329357385635,32,collision,262,pretrained,Pretrained camera head,checkpoint/closed_loop_teacher_camera_policy_light_v3d_t60_20260510_splitstem/camera_head_pretrained_best.pth
glare,0.0,1.0,0.0,1.7668547630310059,0.6250031590461731,0.9489680528640747,far_right,0.7839131355285645,0.09386563301086426,0.11020033061504364,31,collision,263,pretrained,Pretrained camera head,checkpoint/closed_loop_teacher_camera_policy_light_v3d_t60_20260510_splitstem/camera_head_pretrained_best.pth
glare,0.0,1.0,0.0,1.7894995212554932,0.6529361605644226,0.9428691267967224,far_right,0.7883087992668152,0.10197632759809494,0.11516284942626953,28,collision,264,pretrained,Pretrained camera head,checkpoint/closed_loop_teacher_camera_policy_light_v3d_t60_20260510_splitstem/camera_head_pretrained_best.pth
glare,0.0,1.0,0.0,1.7419390678405762,0.5632765889167786,0.9529383182525635,far_left,0.7658067345619202,0.1032986119389534,0.12374849617481232,32,collision,265,pretrained,Pretrained camera head,checkpoint/closed_loop_teacher_camera_policy_light_v3d_t60_20260510_splitstem/camera_head_pretrained_best.pth
glare,0.0,1.0,0.0,1.7674429416656494,0.6403116583824158,0.9345230460166931,far_left,0.791834831237793,0.10721459984779358,0.11922894418239594,27,collision,266,pretrained,Pretrained camera head,checkpoint/closed_loop_teacher_camera_policy_light_v3d_t60_20260510_splitstem/camera_head_pretrained_best.pth
glare,0.0,1.0,0.0,1.7659236192703247,0.596896767616272,0.9405930638313293,far_left,0.7829988598823547,0.10263985395431519,0.11808346211910248,30,collision,267,pretrained,Pretrained camera head,checkpoint/closed_loop_teacher_camera_policy_light_v3d_t60_20260510_splitstem/camera_head_pretrained_best.pth
glare,0.0,1.0,0.0,1.784197211265564,0.5859591960906982,0.9416606426239014,far_left,0.7858654260635376,0.10133403539657593,0.11597520858049393,30,collision,268,pretrained,Pretrained camera head,checkpoint/closed_loop_teacher_camera_policy_light_v3d_t60_20260510_splitstem/camera_head_pretrained_best.pth
glare,0.0,1.0,0.0,1.776606559753418,0.6367529630661011,0.9377785921096802,left,0.7957491278648376,0.09909845143556595,0.11507724970579147,28,collision,269,pretrained,Pretrained camera head,checkpoint/closed_loop_teacher_camera_policy_light_v3d_t60_20260510_splitstem/camera_head_pretrained_best.pth
glare,0.0,1.0,0.0,1.761887550354004,0.5958790183067322,0.9326508641242981,left,0.7943029999732971,0.10362990945577621,0.11735326051712036,30,collision,270,pretrained,Pretrained camera head,checkpoint/closed_loop_teacher_camera_policy_light_v3d_t60_20260510_splitstem/camera_head_pretrained_best.pth
glare,0.0,1.0,0.0,1.7550688982009888,0.6810062527656555,0.9355441927909851,far_right,0.7927868962287903,0.10110875219106674,0.11365281045436859,28,collision,271,pretrained,Pretrained camera head,checkpoint/closed_loop_teacher_camera_policy_light_v3d_t60_20260510_splitstem/camera_head_pretrained_best.pth
glare,0.0,1.0,0.0,1.7507226467132568,0.6409172415733337,0.9349372386932373,left,0.7930164933204651,0.0976773202419281,0.1152445524930954,29,collision,272,pretrained,Pretrained camera head,checkpoint/closed_loop_teacher_camera_policy_light_v3d_t60_20260510_splitstem/camera_head_pretrained_best.pth
glare,0.0,1.0,0.0,1.809489130973816,0.6549286842346191,0.9434424638748169,far_right,0.7910197377204895,0.10140173882246017,0.11453510820865631,28,collision,273,pretrained,Pretrained camera head,checkpoint/closed_loop_teacher_camera_policy_light_v3d_t60_20260510_splitstem/camera_head_pretrained_best.pth
glare,0.0,1.0,0.0,1.7753478288650513,0.6240112781524658,0.9366105198860168,far_left,0.7923327088356018,0.10123062133789062,0.11477821320295334,28,collision,274,pretrained,Pretrained camera head,checkpoint/closed_loop_teacher_camera_policy_light_v3d_t60_20260510_splitstem/camera_head_pretrained_best.pth
glare,0.0,1.0,0.0,1.7925970554351807,0.6495718359947205,0.9394556283950806,far_right,0.7868072390556335,0.09526287764310837,0.11071639508008957,30,collision,275,pretrained,Pretrained camera head,checkpoint/closed_loop_teacher_camera_policy_light_v3d_t60_20260510_splitstem/camera_head_pretrained_best.pth
glare,0.0,1.0,0.0,1.7705252170562744,0.6030693054199219,0.9362547993659973,far_left,0.7895751595497131,0.10052536427974701,0.11345143616199493,29,collision,276,pretrained,Pretrained camera head,checkpoint/closed_loop_teacher_camera_policy_light_v3d_t60_20260510_splitstem/camera_head_pretrained_best.pth
glare,0.0,1.0,0.0,1.8099769353866577,0.6555789113044739,0.9335325956344604,far_right,0.7931630611419678,0.10232390463352203,0.1144719198346138,27,collision,277,pretrained,Pretrained camera head,checkpoint/closed_loop_teacher_camera_policy_light_v3d_t60_20260510_splitstem/camera_head_pretrained_best.pth
glare,0.0,1.0,0.0,1.7861220836639404,0.669994592666626,0.9299268126487732,far_right,0.7942220568656921,0.10463263839483261,0.11561949551105499,27,collision,278,pretrained,Pretrained camera head,checkpoint/closed_loop_teacher_camera_policy_light_v3d_t60_20260510_splitstem/camera_head_pretrained_best.pth
glare,0.0,1.0,0.0,1.760553002357483,0.6881623864173889,0.9252025485038757,left,0.7982416152954102,0.10484698414802551,0.11990222334861755,26,collision,279,pretrained,Pretrained camera head,checkpoint/closed_loop_teacher_camera_policy_light_v3d_t60_20260510_splitstem/camera_head_pretrained_best.pth
glare,0.0,1.0,0.0,1.742676019668579,0.660284161567688,0.9369102120399475,right,0.7959117889404297,0.10185157507658005,0.11718931049108505,27,collision,280,pretrained,Pretrained camera head,checkpoint/closed_loop_teacher_camera_policy_light_v3d_t60_20260510_splitstem/camera_head_pretrained_best.pth
glare,0.0,1.0,0.0,1.7675042152404785,0.6145488619804382,0.934095025062561,left,0.7906205654144287,0.09934142976999283,0.11365235596895218,29,collision,281,pretrained,Pretrained camera head,checkpoint/closed_loop_teacher_camera_policy_light_v3d_t60_20260510_splitstem/camera_head_pretrained_best.pth
glare,0.0,1.0,0.0,1.7477093935012817,0.6186754107475281,0.9413484334945679,far_right,0.7828794717788696,0.09299091249704361,0.10886655747890472,31,collision,282,pretrained,Pretrained camera head,checkpoint/closed_loop_teacher_camera_policy_light_v3d_t60_20260510_splitstem/camera_head_pretrained_best.pth
glare,0.0,1.0,0.0,1.7813260555267334,0.6168866157531738,0.9377394914627075,far_left,0.7855890393257141,0.09969272464513779,0.11350736021995544,30,collision,283,pretrained,Pretrained camera head,checkpoint/closed_loop_teacher_camera_policy_light_v3d_t60_20260510_splitstem/camera_head_pretrained_best.pth
glare,0.0,1.0,0.0,1.769279956817627,0.6442307829856873,0.9272118806838989,left,0.8016231656074524,0.10491576790809631,0.121387779712677,28,collision,284,pretrained,Pretrained camera head,checkpoint/closed_loop_teacher_camera_policy_light_v3d_t60_20260510_splitstem/camera_head_pretrained_best.pth
glare,0.0,1.0,0.0,1.7766340970993042,0.6709137558937073,0.9439226388931274,far_right,0.7860826849937439,0.09703060984611511,0.11212757974863052,29,collision,285,pretrained,Pretrained camera head,checkpoint/closed_loop_teacher_camera_policy_light_v3d_t60_20260510_splitstem/camera_head_pretrained_best.pth
glare,0.0,1.0,0.0,1.7057048082351685,0.6742733120918274,0.9492884278297424,right,0.7911382913589478,0.09944981336593628,0.1158265471458435,28,collision,286,pretrained,Pretrained camera head,checkpoint/closed_loop_teacher_camera_policy_light_v3d_t60_20260510_splitstem/camera_head_pretrained_best.pth
glare,0.0,1.0,0.0,1.7434296607971191,0.5690534114837646,0.9439709782600403,far_left,0.7763966917991638,0.09712373465299606,0.11481516808271408,34,collision,287,pretrained,Pretrained camera head,checkpoint/closed_loop_teacher_camera_policy_light_v3d_t60_20260510_splitstem/camera_head_pretrained_best.pth
glare,0.0,1.0,0.0,1.7563663721084595,0.63013756275177,0.9394504427909851,left,0.7918939590454102,0.10038619488477707,0.11767862737178802,28,collision,288,pretrained,Pretrained camera head,checkpoint/closed_loop_teacher_camera_policy_light_v3d_t60_20260510_splitstem/camera_head_pretrained_best.pth
glare,0.0,1.0,0.0,1.751947045326233,0.6311332583427429,0.9485951066017151,far_right,0.7885025143623352,0.09634072333574295,0.11075927317142487,30,collision,289,pretrained,Pretrained camera head,checkpoint/closed_loop_teacher_camera_policy_light_v3d_t60_20260510_splitstem/camera_head_pretrained_best.pth
glare,0.0,1.0,0.0,1.6699669361114502,0.6462131142616272,0.9538532495498657,right,0.786976158618927,0.09321782737970352,0.11115570366382599,31,collision,290,pretrained,Pretrained camera head,checkpoint/closed_loop_teacher_camera_policy_light_v3d_t60_20260510_splitstem/camera_head_pretrained_best.pth
glare,0.0,1.0,0.0,1.787663459777832,0.6321171522140503,0.9424635171890259,left,0.7922950983047485,0.10593939572572708,0.11930317431688309,27,collision,291,pretrained,Pretrained camera head,checkpoint/closed_loop_teacher_camera_policy_light_v3d_t60_20260510_splitstem/camera_head_pretrained_best.pth
glare,0.0,1.0,0.0,1.7836984395980835,0.6471217274665833,0.9512132406234741,right,0.7816226482391357,0.09895996004343033,0.11471475660800934,29,collision,292,pretrained,Pretrained camera head,checkpoint/closed_loop_teacher_camera_policy_light_v3d_t60_20260510_splitstem/camera_head_pretrained_best.pth
glare,0.0,1.0,0.0,1.7729299068450928,0.6240031719207764,0.9321831464767456,left,0.8018534779548645,0.09685272723436356,0.11124110966920853,29,collision,293,pretrained,Pretrained camera head,checkpoint/closed_loop_teacher_camera_policy_light_v3d_t60_20260510_splitstem/camera_head_pretrained_best.pth
glare,0.0,1.0,0.0,1.7537373304367065,0.6550343036651611,0.9390325546264648,right,0.7893750071525574,0.09956955164670944,0.11390189081430435,28,collision,294,pretrained,Pretrained camera head,checkpoint/closed_loop_teacher_camera_policy_light_v3d_t60_20260510_splitstem/camera_head_pretrained_best.pth
glare,1.0,0.0,1.0,0.08305009454488754,0.6510943174362183,0.9678554534912109,right,0.6624101400375366,0.2649134397506714,0.2688303589820862,60,timeout,295,pretrained,Pretrained camera head,checkpoint/closed_loop_teacher_camera_policy_light_v3d_t60_20260510_splitstem/camera_head_pretrained_best.pth
glare,0.0,1.0,0.0,1.7791094779968262,0.6707247495651245,0.886174738407135,left,0.8011775016784668,0.15941162407398224,0.17679303884506226,26,collision,296,pretrained,Pretrained camera head,checkpoint/closed_loop_teacher_camera_policy_light_v3d_t60_20260510_splitstem/camera_head_pretrained_best.pth
glare,0.0,1.0,0.0,1.7327313423156738,0.6216962933540344,0.951191246509552,right,0.7850461602210999,0.09427434206008911,0.11167791485786438,31,collision,297,pretrained,Pretrained camera head,checkpoint/closed_loop_teacher_camera_policy_light_v3d_t60_20260510_splitstem/camera_head_pretrained_best.pth
glare,0.0,1.0,0.0,1.7731742858886719,0.5891190767288208,0.9347761273384094,left,0.7887315154075623,0.098030224442482,0.112420454621315,30,collision,298,pretrained,Pretrained camera head,checkpoint/closed_loop_teacher_camera_policy_light_v3d_t60_20260510_splitstem/camera_head_pretrained_best.pth
glare,0.0,1.0,0.0,1.7846964597702026,0.6285661458969116,0.9467076063156128,far_right,0.7832478880882263,0.09831066429615021,0.11316926032304764,29,collision,299,pretrained,Pretrained camera head,checkpoint/closed_loop_teacher_camera_policy_light_v3d_t60_20260510_splitstem/camera_head_pretrained_best.pth
specular,0.0,1.0,0.0,1.6527965068817139,0.6453556418418884,0.9809027910232544,right,0.3799758851528168,0.4010224938392639,0.36385229229927063,26,collision,0,pretrained,Pretrained camera head,checkpoint/closed_loop_teacher_camera_policy_light_v3d_t60_20260510_splitstem/camera_head_pretrained_best.pth
specular,0.0,1.0,0.0,1.7286134958267212,0.636850893497467,0.9831423759460449,left,0.3797183632850647,0.3968847095966339,0.3624536395072937,26,collision,1,pretrained,Pretrained camera head,checkpoint/closed_loop_teacher_camera_policy_light_v3d_t60_20260510_splitstem/camera_head_pretrained_best.pth
specular,0.0,1.0,0.0,1.718010425567627,0.6299451589584351,0.982633113861084,left,0.3791292607784271,0.40168413519859314,0.3638157248497009,26,collision,2,pretrained,Pretrained camera head,checkpoint/closed_loop_teacher_camera_policy_light_v3d_t60_20260510_splitstem/camera_head_pretrained_best.pth
specular,0.0,1.0,0.0,1.7203871011734009,0.5953022241592407,0.9845625758171082,far_left,0.37869659066200256,0.3982211947441101,0.3665176033973694,28,collision,3,pretrained,Pretrained camera head,checkpoint/closed_loop_teacher_camera_policy_light_v3d_t60_20260510_splitstem/camera_head_pretrained_best.pth
specular,0.0,1.0,0.0,1.6818896532058716,0.6229950189590454,0.9842859506607056,right,0.378738135099411,0.396365225315094,0.369230180978775,27,collision,4,pretrained,Pretrained camera head,checkpoint/closed_loop_teacher_camera_policy_light_v3d_t60_20260510_splitstem/camera_head_pretrained_best.pth
specular,1.0,0.0,1.0,0.08787285536527634,0.6326566934585571,0.9930604100227356,right,0.4365137815475464,0.427661269903183,0.4138585329055786,60,timeout,5,pretrained,Pretrained camera head,checkpoint/closed_loop_teacher_camera_policy_light_v3d_t60_20260510_splitstem/camera_head_pretrained_best.pth
specular,0.0,1.0,0.0,1.764763355255127,0.5744622349739075,0.9839632511138916,far_right,0.3743426501750946,0.3983796238899231,0.36143016815185547,27,collision,6,pretrained,Pretrained camera head,checkpoint/closed_loop_teacher_camera_policy_light_v3d_t60_20260510_splitstem/camera_head_pretrained_best.pth
specular,0.0,1.0,0.0,1.7661393880844116,0.5935916900634766,0.9839062094688416,left,0.3781750798225403,0.4008096158504486,0.36285117268562317,26,collision,7,pretrained,Pretrained camera head,checkpoint/closed_loop_teacher_camera_policy_light_v3d_t60_20260510_splitstem/camera_head_pretrained_best.pth
specular,0.0,1.0,0.0,1.7648543119430542,0.5411487817764282,0.9852181077003479,far_left,0.3748920261859894,0.3984188437461853,0.36106064915657043,30,collision,8,pretrained,Pretrained camera head,checkpoint/closed_loop_teacher_camera_policy_light_v3d_t60_20260510_splitstem/camera_head_pretrained_best.pth
specular,0.0,1.0,0.0,1.7555221319198608,0.5886763334274292,0.98187655210495,far_left,0.3815494179725647,0.4088955223560333,0.36890169978141785,27,collision,9,pretrained,Pretrained camera head,checkpoint/closed_loop_teacher_camera_policy_light_v3d_t60_20260510_splitstem/camera_head_pretrained_best.pth
specular,0.0,1.0,0.0,1.7126716375350952,0.6346844434738159,0.9817245006561279,right,0.3775240182876587,0.4062425196170807,0.35913658142089844,26,collision,10,pretrained,Pretrained camera head,checkpoint/closed_loop_teacher_camera_policy_light_v3d_t60_20260510_splitstem/camera_head_pretrained_best.pth
specular,0.0,1.0,0.0,1.729385256767273,0.6195357441902161,0.983890950679779,right,0.3794088065624237,0.3939818739891052,0.3672473728656769,27,collision,11,pretrained,Pretrained camera head,checkpoint/closed_loop_teacher_camera_policy_light_v3d_t60_20260510_splitstem/camera_head_pretrained_best.pth
specular,0.0,1.0,0.0,1.7308039665222168,0.5977789163589478,0.984352707862854,right,0.3789232075214386,0.3933524489402771,0.36299440264701843,27,collision,12,pretrained,Pretrained camera head,checkpoint/closed_loop_teacher_camera_policy_light_v3d_t60_20260510_splitstem/camera_head_pretrained_best.pth
specular,1.0,0.0,1.0,0.13314002752304077,0.6052353382110596,0.9915822744369507,right,0.4423273503780365,0.4359061121940613,0.4138394296169281,60,timeout,13,pretrained,Pretrained camera head,checkpoint/closed_loop_teacher_camera_policy_light_v3d_t60_20260510_splitstem/camera_head_pretrained_best.pth
specular,0.0,1.0,0.0,1.7662559747695923,0.5542216300964355,0.9832926392555237,far_left,0.3761575520038605,0.4033733010292053,0.3628673851490021,28,collision,14,pretrained,Pretrained camera head,checkpoint/closed_loop_teacher_camera_policy_light_v3d_t60_20260510_splitstem/camera_head_pretrained_best.pth
specular,0.0,1.0,0.0,1.7282615900039673,0.599723756313324,0.9836516976356506,left,0.3796570897102356,0.3988267183303833,0.36318138241767883,27,collision,15,pretrained,Pretrained camera head,checkpoint/closed_loop_teacher_camera_policy_light_v3d_t60_20260510_splitstem/camera_head_pretrained_best.pth
specular,0.0,1.0,0.0,1.723528504371643,0.5545418858528137,0.9848688840866089,far_right,0.3786941468715668,0.40127459168434143,0.36376360058784485,30,collision,16,pretrained,Pretrained camera head,checkpoint/closed_loop_teacher_camera_policy_light_v3d_t60_20260510_splitstem/camera_head_pretrained_best.pth
specular,0.0,1.0,0.0,1.6692613363265991,0.6393154263496399,0.9804976582527161,right,0.3803896903991699,0.4041402041912079,0.36338862776756287,26,collision,17,pretrained,Pretrained camera head,checkpoint/closed_loop_teacher_camera_policy_light_v3d_t60_20260510_splitstem/camera_head_pretrained_best.pth
specular,0.0,1.0,0.0,1.7455366849899292,0.6025500893592834,0.9842971563339233,far_right,0.37368878722190857,0.39909201860427856,0.36191806197166443,27,collision,18,pretrained,Pretrained camera head,checkpoint/closed_loop_teacher_camera_policy_light_v3d_t60_20260510_splitstem/camera_head_pretrained_best.pth
specular,1.0,0.0,1.0,0.18037770688533783,0.641153872013092,0.992850661277771,right,0.4415213465690613,0.4316868185997009,0.4178321659564972,60,timeout,19,pretrained,Pretrained camera head,checkpoint/closed_loop_teacher_camera_policy_light_v3d_t60_20260510_splitstem/camera_head_pretrained_best.pth
specular,0.0,1.0,0.0,1.760737419128418,0.5581071376800537,0.98530513048172,far_right,0.37872636318206787,0.4022594690322876,0.36670440435409546,29,collision,20,pretrained,Pretrained camera head,checkpoint/closed_loop_teacher_camera_policy_light_v3d_t60_20260510_splitstem/camera_head_pretrained_best.pth
specular,0.0,1.0,0.0,1.7574015855789185,0.5788173675537109,0.9846214652061462,far_left,0.3777656555175781,0.39994415640830994,0.3669240176677704,28,collision,21,pretrained,Pretrained camera head,checkpoint/closed_loop_teacher_camera_policy_light_v3d_t60_20260510_splitstem/camera_head_pretrained_best.pth
specular,0.0,1.0,0.0,1.7597150802612305,0.5983054041862488,0.983488917350769,right,0.37709152698516846,0.39864200353622437,0.36207878589630127,25,collision,22,pretrained,Pretrained camera head,checkpoint/closed_loop_teacher_camera_policy_light_v3d_t60_20260510_splitstem/camera_head_pretrained_best.pth
specular,0.0,1.0,0.0,1.7547656297683716,0.6071725487709045,0.9832754135131836,right,0.37854743003845215,0.3973669707775116,0.3666152358055115,26,collision,23,pretrained,Pretrained camera head,checkpoint/closed_loop_teacher_camera_policy_light_v3d_t60_20260510_splitstem/camera_head_pretrained_best.pth
specular,0.0,1.0,0.0,1.769888162612915,0.5906895995140076,0.9825102686882019,far_right,0.3776102662086487,0.40192753076553345,0.3598949909210205,28,collision,24,pretrained,Pretrained camera head,checkpoint/closed_loop_teacher_camera_policy_light_v3d_t60_20260510_splitstem/camera_head_pretrained_best.pth
specular,0.0,1.0,0.0,1.763206958770752,0.6313965320587158,0.9820717573165894,far_right,0.3790445327758789,0.40189704298973083,0.3642992377281189,26,collision,25,pretrained,Pretrained camera head,checkpoint/closed_loop_teacher_camera_policy_light_v3d_t60_20260510_splitstem/camera_head_pretrained_best.pth
specular,0.0,1.0,0.0,1.7621344327926636,0.6104263663291931,0.9830265641212463,far_right,0.37998202443122864,0.40203946828842163,0.3666340112686157,26,collision,26,pretrained,Pretrained camera head,checkpoint/closed_loop_teacher_camera_policy_light_v3d_t60_20260510_splitstem/camera_head_pretrained_best.pth
specular,0.0,1.0,0.0,1.7389070987701416,0.5956410765647888,0.9841499328613281,far_right,0.374411016702652,0.3990975022315979,0.3619100749492645,28,collision,27,pretrained,Pretrained camera head,checkpoint/closed_loop_teacher_camera_policy_light_v3d_t60_20260510_splitstem/camera_head_pretrained_best.pth
specular,0.0,1.0,0.0,1.7185659408569336,0.6162834167480469,0.981381356716156,right,0.3795681893825531,0.40548551082611084,0.3556629419326782,27,collision,28,pretrained,Pretrained camera head,checkpoint/closed_loop_teacher_camera_policy_light_v3d_t60_20260510_splitstem/camera_head_pretrained_best.pth
specular,0.0,1.0,0.0,1.7179694175720215,0.6094242334365845,0.9838687181472778,left,0.37900295853614807,0.39491865038871765,0.3615705966949463,27,collision,29,pretrained,Pretrained camera head,checkpoint/closed_loop_teacher_camera_policy_light_v3d_t60_20260510_splitstem/camera_head_pretrained_best.pth
specular,0.0,1.0,0.0,1.7259386777877808,0.5947569608688354,0.9841392040252686,far_left,0.37650227546691895,0.4011684060096741,0.36175745725631714,28,collision,30,pretrained,Pretrained camera head,checkpoint/closed_loop_teacher_camera_policy_light_v3d_t60_20260510_splitstem/camera_head_pretrained_best.pth
specular,0.0,1.0,0.0,1.7385135889053345,0.6265687346458435,0.9817534685134888,right,0.3768836259841919,0.40409037470817566,0.35710105299949646,26,collision,31,pretrained,Pretrained camera head,checkpoint/closed_loop_teacher_camera_policy_light_v3d_t60_20260510_splitstem/camera_head_pretrained_best.pth
specular,0.0,1.0,0.0,1.7723878622055054,0.5889900326728821,0.9839410185813904,far_right,0.3787726163864136,0.3974953591823578,0.36725038290023804,27,collision,32,pretrained,Pretrained camera head,checkpoint/closed_loop_teacher_camera_policy_light_v3d_t60_20260510_splitstem/camera_head_pretrained_best.pth
specular,0.0,1.0,0.0,1.7261109352111816,0.6122985482215881,0.9827446341514587,left,0.38022708892822266,0.39632484316825867,0.3586517572402954,27,collision,33,pretrained,Pretrained camera head,checkpoint/closed_loop_teacher_camera_policy_light_v3d_t60_20260510_splitstem/camera_head_pretrained_best.pth
specular,0.0,1.0,0.0,1.7501670122146606,0.6261635422706604,0.9828066825866699,far_right,0.37909916043281555,0.40306198596954346,0.3678405284881592,26,collision,34,pretrained,Pretrained camera head,checkpoint/closed_loop_teacher_camera_policy_light_v3d_t60_20260510_splitstem/camera_head_pretrained_best.pth
specular,0.0,1.0,0.0,1.736351490020752,0.6201583743095398,0.981788158416748,far_left,0.37969183921813965,0.4101097881793976,0.36949196457862854,26,collision,35,pretrained,Pretrained camera head,checkpoint/closed_loop_teacher_camera_policy_light_v3d_t60_20260510_splitstem/camera_head_pretrained_best.pth
specular,0.0,1.0,0.0,1.7672967910766602,0.6185308694839478,0.9839062094688416,far_right,0.37516525387763977,0.3997771441936493,0.3656238615512848,26,collision,36,pretrained,Pretrained camera head,checkpoint/closed_loop_teacher_camera_policy_light_v3d_t60_20260510_splitstem/camera_head_pretrained_best.pth
specular,0.0,1.0,0.0,1.787977933883667,0.6221755146980286,0.9817950129508972,left,0.37871047854423523,0.40741366147994995,0.3644578456878662,25,collision,37,pretrained,Pretrained camera head,checkpoint/closed_loop_teacher_camera_policy_light_v3d_t60_20260510_splitstem/camera_head_pretrained_best.pth
specular,0.0,1.0,0.0,1.7279412746429443,0.6251792311668396,0.9840682744979858,left,0.37800297141075134,0.39652660489082336,0.3649906814098358,26,collision,38,pretrained,Pretrained camera head,checkpoint/closed_loop_teacher_camera_policy_light_v3d_t60_20260510_splitstem/camera_head_pretrained_best.pth
specular,0.0,1.0,0.0,1.743090033531189,0.605135440826416,0.9821102619171143,far_left,0.38139909505844116,0.4033665060997009,0.366160124540329,27,collision,39,pretrained,Pretrained camera head,checkpoint/closed_loop_teacher_camera_policy_light_v3d_t60_20260510_splitstem/camera_head_pretrained_best.pth
specular,0.0,1.0,0.0,1.7320338487625122,0.6227444410324097,0.9818691611289978,far_left,0.3811001777648926,0.399859756231308,0.36532360315322876,26,collision,40,pretrained,Pretrained camera head,checkpoint/closed_loop_teacher_camera_policy_light_v3d_t60_20260510_splitstem/camera_head_pretrained_best.pth
specular,0.0,1.0,0.0,1.772081732749939,0.6254595518112183,0.9834045171737671,left,0.37894338369369507,0.39644384384155273,0.36019083857536316,25,collision,41,pretrained,Pretrained camera head,checkpoint/closed_loop_teacher_camera_policy_light_v3d_t60_20260510_splitstem/camera_head_pretrained_best.pth
specular,0.0,1.0,0.0,1.7612013816833496,0.5881529450416565,0.9836087226867676,far_right,0.37619927525520325,0.40151867270469666,0.3619661033153534,28,collision,42,pretrained,Pretrained camera head,checkpoint/closed_loop_teacher_camera_policy_light_v3d_t60_20260510_splitstem/camera_head_pretrained_best.pth
specular,0.0,1.0,0.0,1.7127504348754883,0.5888163447380066,0.9842525720596313,far_right,0.37587642669677734,0.39869844913482666,0.36568161845207214,27,collision,43,pretrained,Pretrained camera head,checkpoint/closed_loop_teacher_camera_policy_light_v3d_t60_20260510_splitstem/camera_head_pretrained_best.pth
specular,0.0,1.0,0.0,1.7680034637451172,0.6209652423858643,0.9839988350868225,right,0.37800249457359314,0.3905584216117859,0.36594435572624207,26,collision,44,pretrained,Pretrained camera head,checkpoint/closed_loop_teacher_camera_policy_light_v3d_t60_20260510_splitstem/camera_head_pretrained_best.pth
specular,0.0,1.0,0.0,1.7081811428070068,0.6323404312133789,0.983314037322998,left,0.37863394618034363,0.39613065123558044,0.3631632328033447,25,collision,45,pretrained,Pretrained camera head,checkpoint/closed_loop_teacher_camera_policy_light_v3d_t60_20260510_splitstem/camera_head_pretrained_best.pth
specular,0.0,1.0,0.0,1.775650978088379,0.6087689399719238,0.9805772304534912,far_right,0.38352879881858826,0.40347012877464294,0.3617963194847107,25,collision,46,pretrained,Pretrained camera head,checkpoint/closed_loop_teacher_camera_policy_light_v3d_t60_20260510_splitstem/camera_head_pretrained_best.pth
specular,0.0,1.0,0.0,1.7727882862091064,0.6190691590309143,0.9811680316925049,right,0.3789156675338745,0.39970940351486206,0.3634837567806244,25,collision,47,pretrained,Pretrained camera head,checkpoint/closed_loop_teacher_camera_policy_light_v3d_t60_20260510_splitstem/camera_head_pretrained_best.pth
specular,0.0,1.0,0.0,1.7444896697998047,0.6096477508544922,0.9821992516517639,far_left,0.3787364959716797,0.4001099765300751,0.35934364795684814,27,collision,48,pretrained,Pretrained camera head,checkpoint/closed_loop_teacher_camera_policy_light_v3d_t60_20260510_splitstem/camera_head_pretrained_best.pth
specular,0.0,1.0,0.0,1.750367522239685,0.5970199108123779,0.9840373992919922,far_left,0.3762170970439911,0.395313560962677,0.3603343665599823,28,collision,49,pretrained,Pretrained camera head,checkpoint/closed_loop_teacher_camera_policy_light_v3d_t60_20260510_splitstem/camera_head_pretrained_best.pth
specular,0.0,1.0,0.0,1.733428955078125,0.6193740963935852,0.9815914630889893,right,0.3800945281982422,0.40049436688423157,0.3602622449398041,26,collision,50,pretrained,Pretrained camera head,checkpoint/closed_loop_teacher_camera_policy_light_v3d_t60_20260510_splitstem/camera_head_pretrained_best.pth
specular,0.0,1.0,0.0,1.7150822877883911,0.6308950781822205,0.9827256798744202,far_right,0.3751872181892395,0.40042781829833984,0.3624708354473114,26,collision,51,pretrained,Pretrained camera head,checkpoint/closed_loop_teacher_camera_policy_light_v3d_t60_20260510_splitstem/camera_head_pretrained_best.pth
specular,0.0,1.0,0.0,1.7617379426956177,0.6429116129875183,0.9825885891914368,right,0.3780466318130493,0.3940584063529968,0.3637453615665436,24,collision,52,pretrained,Pretrained camera head,checkpoint/closed_loop_teacher_camera_policy_light_v3d_t60_20260510_splitstem/camera_head_pretrained_best.pth
specular,0.0,1.0,0.0,1.7296491861343384,0.6267567873001099,0.9807233214378357,right,0.38055649399757385,0.40464577078819275,0.35600700974464417,26,collision,53,pretrained,Pretrained camera head,checkpoint/closed_loop_teacher_camera_policy_light_v3d_t60_20260510_splitstem/camera_head_pretrained_best.pth
specular,0.0,1.0,0.0,1.6910083293914795,0.638610303401947,0.9806770086288452,left,0.3798392713069916,0.40802839398384094,0.36250898241996765,26,collision,54,pretrained,Pretrained camera head,checkpoint/closed_loop_teacher_camera_policy_light_v3d_t60_20260510_splitstem/camera_head_pretrained_best.pth
specular,0.0,0.0,0.0,0.39136967062950134,0.5767999291419983,0.9932292103767395,right,0.43893638253211975,0.43046605587005615,0.41565781831741333,60,timeout,55,pretrained,Pretrained camera head,checkpoint/closed_loop_teacher_camera_policy_light_v3d_t60_20260510_splitstem/camera_head_pretrained_best.pth
specular,0.0,1.0,0.0,1.7149195671081543,0.5936219096183777,0.9826067686080933,far_left,0.37698036432266235,0.3999361991882324,0.3607253432273865,28,collision,56,pretrained,Pretrained camera head,checkpoint/closed_loop_teacher_camera_policy_light_v3d_t60_20260510_splitstem/camera_head_pretrained_best.pth
specular,0.0,1.0,0.0,1.6946889162063599,0.6303127408027649,0.9812923073768616,right,0.37913525104522705,0.39970657229423523,0.3561229705810547,27,collision,57,pretrained,Pretrained camera head,checkpoint/closed_loop_teacher_camera_policy_light_v3d_t60_20260510_splitstem/camera_head_pretrained_best.pth
specular,0.0,1.0,0.0,1.7473183870315552,0.6087803840637207,0.9838074445724487,far_left,0.37970566749572754,0.39616042375564575,0.36511701345443726,27,collision,58,pretrained,Pretrained camera head,checkpoint/closed_loop_teacher_camera_policy_light_v3d_t60_20260510_splitstem/camera_head_pretrained_best.pth
specular,0.0,1.0,0.0,1.7690010070800781,0.6259459257125854,0.9809751510620117,right,0.37833651900291443,0.4070588946342468,0.359119176864624,25,collision,59,pretrained,Pretrained camera head,checkpoint/closed_loop_teacher_camera_policy_light_v3d_t60_20260510_splitstem/camera_head_pretrained_best.pth
specular,0.0,1.0,0.0,1.746567964553833,0.5654458999633789,0.9849278926849365,far_left,0.3749152719974518,0.39358896017074585,0.35860830545425415,29,collision,60,pretrained,Pretrained camera head,checkpoint/closed_loop_teacher_camera_policy_light_v3d_t60_20260510_splitstem/camera_head_pretrained_best.pth
specular,0.0,1.0,0.0,1.7532916069030762,0.6163257360458374,0.9824884533882141,far_right,0.3803490996360779,0.4010671079158783,0.36635175347328186,26,collision,61,pretrained,Pretrained camera head,checkpoint/closed_loop_teacher_camera_policy_light_v3d_t60_20260510_splitstem/camera_head_pretrained_best.pth
specular,0.0,1.0,0.0,1.7833958864212036,0.6339254379272461,0.9796510934829712,right,0.37803563475608826,0.4065515697002411,0.3565729558467865,24,collision,62,pretrained,Pretrained camera head,checkpoint/closed_loop_teacher_camera_policy_light_v3d_t60_20260510_splitstem/camera_head_pretrained_best.pth
specular,0.0,1.0,0.0,1.7676312923431396,0.568762481212616,0.9822048544883728,far_left,0.3784938156604767,0.3994760513305664,0.3568979501724243,28,collision,63,pretrained,Pretrained camera head,checkpoint/closed_loop_teacher_camera_policy_light_v3d_t60_20260510_splitstem/camera_head_pretrained_best.pth
specular,0.0,1.0,0.0,1.75827157497406,0.5885230898857117,0.9820435047149658,far_left,0.3782796263694763,0.401521235704422,0.35997581481933594,27,collision,64,pretrained,Pretrained camera head,checkpoint/closed_loop_teacher_camera_policy_light_v3d_t60_20260510_splitstem/camera_head_pretrained_best.pth
specular,0.0,1.0,0.0,1.7670373916625977,0.578847348690033,0.9819544553756714,far_left,0.3797796964645386,0.406090646982193,0.36522141098976135,27,collision,65,pretrained,Pretrained camera head,checkpoint/closed_loop_teacher_camera_policy_light_v3d_t60_20260510_splitstem/camera_head_pretrained_best.pth
specular,0.0,1.0,0.0,1.75053870677948,0.6139743328094482,0.9838078022003174,far_right,0.374735027551651,0.4015800356864929,0.3649633228778839,26,collision,66,pretrained,Pretrained camera head,checkpoint/closed_loop_teacher_camera_policy_light_v3d_t60_20260510_splitstem/camera_head_pretrained_best.pth
specular,1.0,0.0,1.0,0.1129709854722023,0.6136463284492493,0.9917848706245422,left,0.4392646253108978,0.4334675669670105,0.4126777946949005,60,timeout,67,pretrained,Pretrained camera head,checkpoint/closed_loop_teacher_camera_policy_light_v3d_t60_20260510_splitstem/camera_head_pretrained_best.pth
specular,0.0,1.0,0.0,1.7283427715301514,0.573135256767273,0.9844266772270203,far_left,0.37468281388282776,0.3994300663471222,0.3619202673435211,29,collision,68,pretrained,Pretrained camera head,checkpoint/closed_loop_teacher_camera_policy_light_v3d_t60_20260510_splitstem/camera_head_pretrained_best.pth
specular,0.0,1.0,0.0,1.7393165826797485,0.5965621471405029,0.9821102619171143,far_right,0.3797633945941925,0.3983517587184906,0.3610423803329468,27,collision,69,pretrained,Pretrained camera head,checkpoint/closed_loop_teacher_camera_policy_light_v3d_t60_20260510_splitstem/camera_head_pretrained_best.pth
specular,1.0,0.0,1.0,0.15109287202358246,0.6045970320701599,0.9931110739707947,right,0.4403560757637024,0.432878315448761,0.4176020324230194,60,timeout,70,pretrained,Pretrained camera head,checkpoint/closed_loop_teacher_camera_policy_light_v3d_t60_20260510_splitstem/camera_head_pretrained_best.pth
specular,0.0,1.0,0.0,1.777495265007019,0.5920167565345764,0.9833911657333374,far_right,0.37832099199295044,0.4015040397644043,0.36733630299568176,26,collision,71,pretrained,Pretrained camera head,checkpoint/closed_loop_teacher_camera_policy_light_v3d_t60_20260510_splitstem/camera_head_pretrained_best.pth
specular,0.0,1.0,0.0,1.7528111934661865,0.61329185962677,0.9814236164093018,far_left,0.3809283673763275,0.4041229486465454,0.3673099875450134,26,collision,72,pretrained,Pretrained camera head,checkpoint/closed_loop_teacher_camera_policy_light_v3d_t60_20260510_splitstem/camera_head_pretrained_best.pth
specular,0.0,1.0,0.0,1.7402019500732422,0.6018717885017395,0.984900176525116,far_right,0.37505337595939636,0.3965983986854553,0.36460983753204346,28,collision,73,pretrained,Pretrained camera head,checkpoint/closed_loop_teacher_camera_policy_light_v3d_t60_20260510_splitstem/camera_head_pretrained_best.pth
specular,0.0,1.0,0.0,1.7681605815887451,0.6197668313980103,0.9831633567810059,right,0.37808141112327576,0.39516910910606384,0.36521872878074646,25,collision,74,pretrained,Pretrained camera head,checkpoint/closed_loop_teacher_camera_policy_light_v3d_t60_20260510_splitstem/camera_head_pretrained_best.pth
specular,1.0,0.0,1.0,0.04419919103384018,0.6142942905426025,0.9928168654441833,left,0.44017693400382996,0.4298289716243744,0.4156927764415741,60,timeout,75,pretrained,Pretrained camera head,checkpoint/closed_loop_teacher_camera_policy_light_v3d_t60_20260510_splitstem/camera_head_pretrained_best.pth
specular,0.0,1.0,0.0,1.7792009115219116,0.6326583027839661,0.981403112411499,left,0.3802506923675537,0.3923848867416382,0.35626134276390076,25,collision,76,pretrained,Pretrained camera head,checkpoint/closed_loop_teacher_camera_policy_light_v3d_t60_20260510_splitstem/camera_head_pretrained_best.pth
specular,0.0,1.0,0.0,1.7600737810134888,0.6219403147697449,0.9823726415634155,left,0.37942516803741455,0.407785564661026,0.36749157309532166,26,collision,77,pretrained,Pretrained camera head,checkpoint/closed_loop_teacher_camera_policy_light_v3d_t60_20260510_splitstem/camera_head_pretrained_best.pth
specular,0.0,1.0,0.0,1.7315093278884888,0.5978550910949707,0.9831425547599792,far_right,0.3757266104221344,0.39697518944740295,0.3584885895252228,28,collision,78,pretrained,Pretrained camera head,checkpoint/closed_loop_teacher_camera_policy_light_v3d_t60_20260510_splitstem/camera_head_pretrained_best.pth
specular,0.0,1.0,0.0,1.724427342414856,0.6007081270217896,0.9830673336982727,far_right,0.3783034682273865,0.406645804643631,0.3663507103919983,27,collision,79,pretrained,Pretrained camera head,checkpoint/closed_loop_teacher_camera_policy_light_v3d_t60_20260510_splitstem/camera_head_pretrained_best.pth
specular,0.0,1.0,0.0,1.743606448173523,0.6632105708122253,0.9806386232376099,right,0.3802907466888428,0.39893150329589844,0.36262720823287964,24,collision,80,pretrained,Pretrained camera head,checkpoint/closed_loop_teacher_camera_policy_light_v3d_t60_20260510_splitstem/camera_head_pretrained_best.pth
specular,0.0,1.0,0.0,1.6789284944534302,0.6384626030921936,0.9837962985038757,right,0.37932607531547546,0.395900160074234,0.36929264664649963,26,collision,81,pretrained,Pretrained camera head,checkpoint/closed_loop_teacher_camera_policy_light_v3d_t60_20260510_splitstem/camera_head_pretrained_best.pth
specular,0.0,1.0,0.0,1.7289936542510986,0.602252185344696,0.9818766117095947,far_right,0.3763248026371002,0.3997895419597626,0.35961592197418213,27,collision,82,pretrained,Pretrained camera head,checkpoint/closed_loop_teacher_camera_policy_light_v3d_t60_20260510_splitstem/camera_head_pretrained_best.pth
specular,0.0,1.0,0.0,1.7684134244918823,0.6069002747535706,0.9823495149612427,far_right,0.37893447279930115,0.39819082617759705,0.36320897936820984,26,collision,83,pretrained,Pretrained camera head,checkpoint/closed_loop_teacher_camera_policy_light_v3d_t60_20260510_splitstem/camera_head_pretrained_best.pth
specular,0.0,1.0,0.0,1.7770581245422363,0.5978218913078308,0.9820718169212341,far_left,0.3799900710582733,0.4001116156578064,0.36526861786842346,26,collision,84,pretrained,Pretrained camera head,checkpoint/closed_loop_teacher_camera_policy_light_v3d_t60_20260510_splitstem/camera_head_pretrained_best.pth
specular,0.0,1.0,0.0,1.7383687496185303,0.5963073968887329,0.9841928482055664,right,0.3788577914237976,0.3930739760398865,0.3660285472869873,28,collision,85,pretrained,Pretrained camera head,checkpoint/closed_loop_teacher_camera_policy_light_v3d_t60_20260510_splitstem/camera_head_pretrained_best.pth
specular,0.0,1.0,0.0,1.7561612129211426,0.613556981086731,0.9834068417549133,left,0.37894725799560547,0.4007388651371002,0.3644123077392578,27,collision,86,pretrained,Pretrained camera head,checkpoint/closed_loop_teacher_camera_policy_light_v3d_t60_20260510_splitstem/camera_head_pretrained_best.pth
specular,0.0,1.0,0.0,1.7208306789398193,0.5945444107055664,0.9834397435188293,far_right,0.376372754573822,0.39758485555648804,0.3601282238960266,29,collision,87,pretrained,Pretrained camera head,checkpoint/closed_loop_teacher_camera_policy_light_v3d_t60_20260510_splitstem/camera_head_pretrained_best.pth
specular,0.0,1.0,0.0,1.7510439157485962,0.6103278398513794,0.9835347533226013,far_right,0.37464940547943115,0.4010070562362671,0.36347076296806335,27,collision,88,pretrained,Pretrained camera head,checkpoint/closed_loop_teacher_camera_policy_light_v3d_t60_20260510_splitstem/camera_head_pretrained_best.pth
specular,0.0,1.0,0.0,1.729135274887085,0.6163775324821472,0.9835475087165833,left,0.3784977197647095,0.4035736322402954,0.3657195270061493,26,collision,89,pretrained,Pretrained camera head,checkpoint/closed_loop_teacher_camera_policy_light_v3d_t60_20260510_splitstem/camera_head_pretrained_best.pth
specular,0.0,1.0,0.0,1.720847487449646,0.550685465335846,0.9856770634651184,far_left,0.37454959750175476,0.397323340177536,0.36050283908843994,30,collision,90,pretrained,Pretrained camera head,checkpoint/closed_loop_teacher_camera_policy_light_v3d_t60_20260510_splitstem/camera_head_pretrained_best.pth
specular,0.0,1.0,0.0,1.7282023429870605,0.6265206933021545,0.9823379516601562,far_right,0.37878939509391785,0.4008602499961853,0.36663818359375,26,collision,91,pretrained,Pretrained camera head,checkpoint/closed_loop_teacher_camera_policy_light_v3d_t60_20260510_splitstem/camera_head_pretrained_best.pth
specular,0.0,1.0,0.0,1.7269881963729858,0.5756881237030029,0.9832848310470581,far_right,0.37963905930519104,0.39914268255233765,0.3590797185897827,29,collision,92,pretrained,Pretrained camera head,checkpoint/closed_loop_teacher_camera_policy_light_v3d_t60_20260510_splitstem/camera_head_pretrained_best.pth
specular,0.0,1.0,0.0,1.763383388519287,0.6189574003219604,0.9807219505310059,left,0.379963755607605,0.41121459007263184,0.36821532249450684,25,collision,93,pretrained,Pretrained camera head,checkpoint/closed_loop_teacher_camera_policy_light_v3d_t60_20260510_splitstem/camera_head_pretrained_best.pth
specular,0.0,1.0,0.0,1.7395926713943481,0.5848871469497681,0.9838981032371521,far_left,0.378990113735199,0.39805713295936584,0.3656705915927887,28,collision,94,pretrained,Pretrained camera head,checkpoint/closed_loop_teacher_camera_policy_light_v3d_t60_20260510_splitstem/camera_head_pretrained_best.pth
specular,0.0,1.0,0.0,1.7354731559753418,0.6010041236877441,0.9828170537948608,far_right,0.37673893570899963,0.3949620723724365,0.36133432388305664,27,collision,95,pretrained,Pretrained camera head,checkpoint/closed_loop_teacher_camera_policy_light_v3d_t60_20260510_splitstem/camera_head_pretrained_best.pth
specular,0.0,1.0,0.0,1.6595813035964966,0.6177943348884583,0.9817541837692261,right,0.3800678253173828,0.3986014723777771,0.3628997802734375,27,collision,96,pretrained,Pretrained camera head,checkpoint/closed_loop_teacher_camera_policy_light_v3d_t60_20260510_splitstem/camera_head_pretrained_best.pth
specular,0.0,1.0,0.0,1.710707187652588,0.6382347941398621,0.9822549223899841,left,0.3784250319004059,0.39428454637527466,0.3610466718673706,27,collision,97,pretrained,Pretrained camera head,checkpoint/closed_loop_teacher_camera_policy_light_v3d_t60_20260510_splitstem/camera_head_pretrained_best.pth
specular,0.0,1.0,0.0,1.7105536460876465,0.6583410501480103,0.9810956716537476,left,0.3800792694091797,0.39024490118026733,0.35634422302246094,25,collision,98,pretrained,Pretrained camera head,checkpoint/closed_loop_teacher_camera_policy_light_v3d_t60_20260510_splitstem/camera_head_pretrained_best.pth
specular,0.0,1.0,0.0,1.7519112825393677,0.6069971919059753,0.981336772441864,right,0.3770032525062561,0.40519222617149353,0.35342535376548767,26,collision,99,pretrained,Pretrained camera head,checkpoint/closed_loop_teacher_camera_policy_light_v3d_t60_20260510_splitstem/camera_head_pretrained_best.pth
specular,0.0,1.0,0.0,1.7324297428131104,0.5880978107452393,0.9845625162124634,far_left,0.37545061111450195,0.3982445001602173,0.3619973957538605,28,collision,100,pretrained,Pretrained camera head,checkpoint/closed_loop_teacher_camera_policy_light_v3d_t60_20260510_splitstem/camera_head_pretrained_best.pth
specular,0.0,1.0,0.0,1.7678380012512207,0.621434211730957,0.9831392168998718,right,0.37849879264831543,0.3961629569530487,0.3684108257293701,25,collision,101,pretrained,Pretrained camera head,checkpoint/closed_loop_teacher_camera_policy_light_v3d_t60_20260510_splitstem/camera_head_pretrained_best.pth
specular,1.0,0.0,1.0,0.16188237071037292,0.5963246822357178,0.9928554892539978,left,0.43486928939819336,0.4283800423145294,0.4109959602355957,60,timeout,102,pretrained,Pretrained camera head,checkpoint/closed_loop_teacher_camera_policy_light_v3d_t60_20260510_splitstem/camera_head_pretrained_best.pth
specular,0.0,1.0,0.0,1.7575942277908325,0.6272971630096436,0.9799684286117554,right,0.3798700273036957,0.40678104758262634,0.35690373182296753,25,collision,103,pretrained,Pretrained camera head,checkpoint/closed_loop_teacher_camera_policy_light_v3d_t60_20260510_splitstem/camera_head_pretrained_best.pth
specular,0.0,1.0,0.0,1.7119406461715698,0.6183337569236755,0.9815983772277832,right,0.3791126310825348,0.4034162163734436,0.3618813753128052,27,collision,104,pretrained,Pretrained camera head,checkpoint/closed_loop_teacher_camera_policy_light_v3d_t60_20260510_splitstem/camera_head_pretrained_best.pth
specular,0.0,1.0,0.0,1.7291680574417114,0.5761667490005493,0.9837320446968079,far_right,0.3789045512676239,0.3998573124408722,0.36507701873779297,28,collision,105,pretrained,Pretrained camera head,checkpoint/closed_loop_teacher_camera_policy_light_v3d_t60_20260510_splitstem/camera_head_pretrained_best.pth
specular,0.0,1.0,0.0,1.7642771005630493,0.5772165656089783,0.9821381568908691,far_left,0.37799394130706787,0.4047972857952118,0.360933780670166,27,collision,106,pretrained,Pretrained camera head,checkpoint/closed_loop_teacher_camera_policy_light_v3d_t60_20260510_splitstem/camera_head_pretrained_best.pth
specular,0.0,1.0,0.0,1.7292977571487427,0.6431021690368652,0.9808967113494873,right,0.37863588333129883,0.39982348680496216,0.35860371589660645,25,collision,107,pretrained,Pretrained camera head,checkpoint/closed_loop_teacher_camera_policy_light_v3d_t60_20260510_splitstem/camera_head_pretrained_best.pth
specular,0.0,1.0,0.0,1.7292381525039673,0.6269598007202148,0.983709454536438,left,0.3795214295387268,0.39621055126190186,0.3604268431663513,26,collision,108,pretrained,Pretrained camera head,checkpoint/closed_loop_teacher_camera_policy_light_v3d_t60_20260510_splitstem/camera_head_pretrained_best.pth
specular,0.0,1.0,0.0,1.7524672746658325,0.6130465269088745,0.9809751510620117,left,0.37843912839889526,0.4079098105430603,0.36309441924095154,25,collision,109,pretrained,Pretrained camera head,checkpoint/closed_loop_teacher_camera_policy_light_v3d_t60_20260510_splitstem/camera_head_pretrained_best.pth
specular,0.0,1.0,0.0,1.771351933479309,0.6155140399932861,0.9814988374710083,right,0.3779727816581726,0.40895307064056396,0.36062243580818176,26,collision,110,pretrained,Pretrained camera head,checkpoint/closed_loop_teacher_camera_policy_light_v3d_t60_20260510_splitstem/camera_head_pretrained_best.pth
specular,0.0,1.0,0.0,1.7182844877243042,0.6218060851097107,0.9823495149612427,right,0.3792480528354645,0.39392852783203125,0.3593694269657135,26,collision,111,pretrained,Pretrained camera head,checkpoint/closed_loop_teacher_camera_policy_light_v3d_t60_20260510_splitstem/camera_head_pretrained_best.pth
specular,0.0,1.0,0.0,1.7359225749969482,0.6136110424995422,0.9829950928688049,far_left,0.37692174315452576,0.39807629585266113,0.3598964810371399,27,collision,112,pretrained,Pretrained camera head,checkpoint/closed_loop_teacher_camera_policy_light_v3d_t60_20260510_splitstem/camera_head_pretrained_best.pth
specular,0.0,1.0,0.0,1.7543216943740845,0.5745692849159241,0.9840534925460815,far_right,0.3759540915489197,0.40006184577941895,0.3624255657196045,28,collision,113,pretrained,Pretrained camera head,checkpoint/closed_loop_teacher_camera_policy_light_v3d_t60_20260510_splitstem/camera_head_pretrained_best.pth
specular,0.0,1.0,0.0,1.7416799068450928,0.5924937129020691,0.984581708908081,far_left,0.374668687582016,0.3936375379562378,0.3582034707069397,29,collision,114,pretrained,Pretrained camera head,checkpoint/closed_loop_teacher_camera_policy_light_v3d_t60_20260510_splitstem/camera_head_pretrained_best.pth
specular,0.0,1.0,0.0,1.6811882257461548,0.6293644905090332,0.9835515022277832,left,0.3783520460128784,0.3947950005531311,0.3634791970252991,27,collision,115,pretrained,Pretrained camera head,checkpoint/closed_loop_teacher_camera_policy_light_v3d_t60_20260510_splitstem/camera_head_pretrained_best.pth
specular,0.0,1.0,0.0,1.7719390392303467,0.5887476205825806,0.9821122288703918,far_right,0.3790908753871918,0.40777960419654846,0.3679278492927551,26,collision,116,pretrained,Pretrained camera head,checkpoint/closed_loop_teacher_camera_policy_light_v3d_t60_20260510_splitstem/camera_head_pretrained_best.pth
specular,0.0,1.0,0.0,1.7616064548492432,0.5931283831596375,0.981221079826355,far_right,0.37890520691871643,0.4029971659183502,0.3583521544933319,26,collision,117,pretrained,Pretrained camera head,checkpoint/closed_loop_teacher_camera_policy_light_v3d_t60_20260510_splitstem/camera_head_pretrained_best.pth
specular,0.0,1.0,0.0,1.77555513381958,0.6038603186607361,0.9818345308303833,right,0.37918052077293396,0.40307605266571045,0.3602137565612793,26,collision,118,pretrained,Pretrained camera head,checkpoint/closed_loop_teacher_camera_policy_light_v3d_t60_20260510_splitstem/camera_head_pretrained_best.pth
specular,0.0,1.0,0.0,1.7325506210327148,0.5676555037498474,0.9847367405891418,right,0.3775440752506256,0.39164555072784424,0.35678818821907043,29,collision,119,pretrained,Pretrained camera head,checkpoint/closed_loop_teacher_camera_policy_light_v3d_t60_20260510_splitstem/camera_head_pretrained_best.pth
specular,0.0,1.0,0.0,1.6768256425857544,0.6301950812339783,0.9815482497215271,left,0.3796798884868622,0.40601861476898193,0.36305421590805054,27,collision,120,pretrained,Pretrained camera head,checkpoint/closed_loop_teacher_camera_policy_light_v3d_t60_20260510_splitstem/camera_head_pretrained_best.pth
specular,0.0,1.0,0.0,1.7256436347961426,0.6292552947998047,0.983738362789154,far_right,0.37680044770240784,0.39524582028388977,0.36420387029647827,26,collision,121,pretrained,Pretrained camera head,checkpoint/closed_loop_teacher_camera_policy_light_v3d_t60_20260510_splitstem/camera_head_pretrained_best.pth
specular,0.0,1.0,0.0,1.7673393487930298,0.5953757762908936,0.9824421405792236,far_right,0.378493070602417,0.4030987024307251,0.3664206564426422,26,collision,122,pretrained,Pretrained camera head,checkpoint/closed_loop_teacher_camera_policy_light_v3d_t60_20260510_splitstem/camera_head_pretrained_best.pth
specular,0.0,1.0,0.0,1.7202131748199463,0.6418341398239136,0.9805893301963806,left,0.3782033324241638,0.41127246618270874,0.3640387952327728,25,collision,123,pretrained,Pretrained camera head,checkpoint/closed_loop_teacher_camera_policy_light_v3d_t60_20260510_splitstem/camera_head_pretrained_best.pth
specular,0.0,1.0,0.0,1.7821917533874512,0.598524272441864,0.9833912253379822,far_left,0.37836945056915283,0.4042281210422516,0.3674047887325287,26,collision,124,pretrained,Pretrained camera head,checkpoint/closed_loop_teacher_camera_policy_light_v3d_t60_20260510_splitstem/camera_head_pretrained_best.pth
specular,0.0,1.0,0.0,1.7301357984542847,0.6052725315093994,0.9829727411270142,left,0.3797009587287903,0.3951793909072876,0.36126387119293213,27,collision,125,pretrained,Pretrained camera head,checkpoint/closed_loop_teacher_camera_policy_light_v3d_t60_20260510_splitstem/camera_head_pretrained_best.pth
specular,0.0,1.0,0.0,1.7670373916625977,0.610346794128418,0.9836516976356506,left,0.3791177272796631,0.40466779470443726,0.36686480045318604,27,collision,126,pretrained,Pretrained camera head,checkpoint/closed_loop_teacher_camera_policy_light_v3d_t60_20260510_splitstem/camera_head_pretrained_best.pth
specular,0.0,1.0,0.0,1.770989179611206,0.5866959095001221,0.9821584820747375,left,0.3795076310634613,0.39663755893707275,0.35729190707206726,26,collision,127,pretrained,Pretrained camera head,checkpoint/closed_loop_teacher_camera_policy_light_v3d_t60_20260510_splitstem/camera_head_pretrained_best.pth
specular,0.0,1.0,0.0,1.77765691280365,0.6348925828933716,0.980643630027771,left,0.3801567256450653,0.41194257140159607,0.3685896396636963,25,collision,128,pretrained,Pretrained camera head,checkpoint/closed_loop_teacher_camera_policy_light_v3d_t60_20260510_splitstem/camera_head_pretrained_best.pth
specular,0.0,1.0,0.0,1.7831295728683472,0.6026788949966431,0.9839872717857361,left,0.3781312108039856,0.4033147394657135,0.3647109866142273,26,collision,129,pretrained,Pretrained camera head,checkpoint/closed_loop_teacher_camera_policy_light_v3d_t60_20260510_splitstem/camera_head_pretrained_best.pth
specular,0.0,1.0,0.0,1.725730299949646,0.6076875925064087,0.9822216629981995,far_left,0.38016462326049805,0.40104544162750244,0.36245495080947876,27,collision,130,pretrained,Pretrained camera head,checkpoint/closed_loop_teacher_camera_policy_light_v3d_t60_20260510_splitstem/camera_head_pretrained_best.pth
specular,1.0,0.0,1.0,0.059708576649427414,0.6123233437538147,0.9928531050682068,left,0.4360416531562805,0.42739447951316833,0.4120584726333618,60,timeout,131,pretrained,Pretrained camera head,checkpoint/closed_loop_teacher_camera_policy_light_v3d_t60_20260510_splitstem/camera_head_pretrained_best.pth
specular,0.0,1.0,0.0,1.6778212785720825,0.6301571726799011,0.981737494468689,left,0.3785964548587799,0.40433886647224426,0.36253201961517334,27,collision,132,pretrained,Pretrained camera head,checkpoint/closed_loop_teacher_camera_policy_light_v3d_t60_20260510_splitstem/camera_head_pretrained_best.pth
specular,0.0,1.0,0.0,1.7374848127365112,0.588756799697876,0.9823870658874512,far_left,0.37944453954696655,0.40304335951805115,0.36311474442481995,28,collision,133,pretrained,Pretrained camera head,checkpoint/closed_loop_teacher_camera_policy_light_v3d_t60_20260510_splitstem/camera_head_pretrained_best.pth
specular,0.0,1.0,0.0,1.729364037513733,0.6311153769493103,0.9835647940635681,left,0.37755051255226135,0.3948670029640198,0.362820565700531,26,collision,134,pretrained,Pretrained camera head,checkpoint/closed_loop_teacher_camera_policy_light_v3d_t60_20260510_splitstem/camera_head_pretrained_best.pth
specular,0.0,1.0,0.0,1.764236330986023,0.596214234828949,0.9826667904853821,far_right,0.3781062662601471,0.4074092507362366,0.36399760842323303,27,collision,135,pretrained,Pretrained camera head,checkpoint/closed_loop_teacher_camera_policy_light_v3d_t60_20260510_splitstem/camera_head_pretrained_best.pth
specular,0.0,1.0,0.0,1.7374705076217651,0.6392284035682678,0.9806018471717834,far_right,0.379841685295105,0.40497609972953796,0.3582433760166168,26,collision,136,pretrained,Pretrained camera head,checkpoint/closed_loop_teacher_camera_policy_light_v3d_t60_20260510_splitstem/camera_head_pretrained_best.pth
specular,0.0,1.0,0.0,1.7416549921035767,0.6364587545394897,0.9826330542564392,right,0.3786624073982239,0.40241739153862,0.36755630373954773,26,collision,137,pretrained,Pretrained camera head,checkpoint/closed_loop_teacher_camera_policy_light_v3d_t60_20260510_splitstem/camera_head_pretrained_best.pth
specular,0.0,1.0,0.0,1.6954749822616577,0.6233472228050232,0.9816707372665405,left,0.37843868136405945,0.40040817856788635,0.36154264211654663,27,collision,138,pretrained,Pretrained camera head,checkpoint/closed_loop_teacher_camera_policy_light_v3d_t60_20260510_splitstem/camera_head_pretrained_best.pth
specular,0.0,1.0,0.0,1.7314530611038208,0.6076613068580627,0.9815037250518799,right,0.3766481876373291,0.41212010383605957,0.35473763942718506,27,collision,139,pretrained,Pretrained camera head,checkpoint/closed_loop_teacher_camera_policy_light_v3d_t60_20260510_splitstem/camera_head_pretrained_best.pth
specular,0.0,1.0,0.0,1.773956060409546,0.6356292963027954,0.9823133945465088,far_right,0.37958377599716187,0.4005431532859802,0.36603879928588867,25,collision,140,pretrained,Pretrained camera head,checkpoint/closed_loop_teacher_camera_policy_light_v3d_t60_20260510_splitstem/camera_head_pretrained_best.pth
specular,0.0,1.0,0.0,1.724945068359375,0.631598711013794,0.9812037348747253,left,0.37816041707992554,0.4176750183105469,0.36880233883857727,26,collision,141,pretrained,Pretrained camera head,checkpoint/closed_loop_teacher_camera_policy_light_v3d_t60_20260510_splitstem/camera_head_pretrained_best.pth
specular,0.0,1.0,0.0,1.7105141878128052,0.6265944242477417,0.9820370078086853,left,0.3792785704135895,0.39786627888679504,0.3611285984516144,26,collision,142,pretrained,Pretrained camera head,checkpoint/closed_loop_teacher_camera_policy_light_v3d_t60_20260510_splitstem/camera_head_pretrained_best.pth
specular,0.0,1.0,0.0,1.7512623071670532,0.6251142621040344,0.9832754135131836,far_left,0.3760080933570862,0.40192726254463196,0.36296188831329346,26,collision,143,pretrained,Pretrained camera head,checkpoint/closed_loop_teacher_camera_policy_light_v3d_t60_20260510_splitstem/camera_head_pretrained_best.pth
specular,0.0,1.0,0.0,1.7563358545303345,0.6209977865219116,0.9812325835227966,far_right,0.38170966506004333,0.40149056911468506,0.36203378438949585,26,collision,144,pretrained,Pretrained camera head,checkpoint/closed_loop_teacher_camera_policy_light_v3d_t60_20260510_splitstem/camera_head_pretrained_best.pth
specular,0.0,1.0,0.0,1.740307092666626,0.628708004951477,0.9813541769981384,right,0.3791492283344269,0.4046568274497986,0.3623424470424652,26,collision,145,pretrained,Pretrained camera head,checkpoint/closed_loop_teacher_camera_policy_light_v3d_t60_20260510_splitstem/camera_head_pretrained_best.pth
specular,0.0,1.0,0.0,1.7493354082107544,0.5936323404312134,0.9822772741317749,far_right,0.3790573179721832,0.39858099818229675,0.36178863048553467,27,collision,146,pretrained,Pretrained camera head,checkpoint/closed_loop_teacher_camera_policy_light_v3d_t60_20260510_splitstem/camera_head_pretrained_best.pth
specular,0.0,1.0,0.0,1.7286808490753174,0.6011086702346802,0.9819044470787048,far_left,0.37796932458877563,0.4034501612186432,0.3610372245311737,27,collision,147,pretrained,Pretrained camera head,checkpoint/closed_loop_teacher_camera_policy_light_v3d_t60_20260510_splitstem/camera_head_pretrained_best.pth
specular,0.0,1.0,0.0,1.7406058311462402,0.585213840007782,0.9840967655181885,far_right,0.37460029125213623,0.4026542007923126,0.3635164499282837,27,collision,148,pretrained,Pretrained camera head,checkpoint/closed_loop_teacher_camera_policy_light_v3d_t60_20260510_splitstem/camera_head_pretrained_best.pth
specular,0.0,1.0,0.0,1.782671332359314,0.6279508471488953,0.9803421497344971,far_left,0.379558265209198,0.4135516583919525,0.3695286512374878,25,collision,149,pretrained,Pretrained camera head,checkpoint/closed_loop_teacher_camera_policy_light_v3d_t60_20260510_splitstem/camera_head_pretrained_best.pth
specular,0.0,1.0,0.0,1.7788399457931519,0.5709938406944275,0.9835444688796997,far_left,0.37677597999572754,0.40281373262405396,0.3636065125465393,28,collision,150,pretrained,Pretrained camera head,checkpoint/closed_loop_teacher_camera_policy_light_v3d_t60_20260510_splitstem/camera_head_pretrained_best.pth
specular,0.0,1.0,0.0,1.7690434455871582,0.6137699484825134,0.9833853840827942,right,0.37778276205062866,0.39643439650535583,0.3642202317714691,26,collision,151,pretrained,Pretrained camera head,checkpoint/closed_loop_teacher_camera_policy_light_v3d_t60_20260510_splitstem/camera_head_pretrained_best.pth
specular,0.0,1.0,0.0,1.749898076057434,0.5982000827789307,0.9842080473899841,far_right,0.3774760365486145,0.4002545475959778,0.37011218070983887,27,collision,152,pretrained,Pretrained camera head,checkpoint/closed_loop_teacher_camera_policy_light_v3d_t60_20260510_splitstem/camera_head_pretrained_best.pth
specular,0.0,1.0,0.0,1.7205660343170166,0.6081099510192871,0.9816095232963562,far_right,0.38287079334259033,0.39971330761909485,0.3607701063156128,27,collision,153,pretrained,Pretrained camera head,checkpoint/closed_loop_teacher_camera_policy_light_v3d_t60_20260510_splitstem/camera_head_pretrained_best.pth
specular,0.0,1.0,0.0,1.7171705961227417,0.5853037238121033,0.9826603531837463,far_left,0.38041990995407104,0.3978303074836731,0.36298003792762756,28,collision,154,pretrained,Pretrained camera head,checkpoint/closed_loop_teacher_camera_policy_light_v3d_t60_20260510_splitstem/camera_head_pretrained_best.pth
specular,0.0,1.0,0.0,1.7395673990249634,0.5786843299865723,0.9831917881965637,far_left,0.3770985007286072,0.3975449502468109,0.35957035422325134,29,collision,155,pretrained,Pretrained camera head,checkpoint/closed_loop_teacher_camera_policy_light_v3d_t60_20260510_splitstem/camera_head_pretrained_best.pth
specular,0.0,1.0,0.0,1.7522823810577393,0.6285179853439331,0.9820254445075989,far_right,0.3756118714809418,0.4022537171840668,0.3629379868507385,26,collision,156,pretrained,Pretrained camera head,checkpoint/closed_loop_teacher_camera_policy_light_v3d_t60_20260510_splitstem/camera_head_pretrained_best.pth
specular,0.0,1.0,0.0,1.74293053150177,0.6050956845283508,0.9810011982917786,far_left,0.382210910320282,0.4089517593383789,0.36827731132507324,26,collision,157,pretrained,Pretrained camera head,checkpoint/closed_loop_teacher_camera_policy_light_v3d_t60_20260510_splitstem/camera_head_pretrained_best.pth
specular,0.0,1.0,0.0,1.7019237279891968,0.5928421020507812,0.9844585061073303,far_left,0.3794596791267395,0.402088463306427,0.36749884486198425,27,collision,158,pretrained,Pretrained camera head,checkpoint/closed_loop_teacher_camera_policy_light_v3d_t60_20260510_splitstem/camera_head_pretrained_best.pth
specular,0.0,1.0,0.0,1.7344194650650024,0.587841272354126,0.9825639724731445,far_left,0.37699976563453674,0.3979693651199341,0.3590366840362549,28,collision,159,pretrained,Pretrained camera head,checkpoint/closed_loop_teacher_camera_policy_light_v3d_t60_20260510_splitstem/camera_head_pretrained_best.pth
specular,0.0,1.0,0.0,1.7499462366104126,0.5891819000244141,0.9843910932540894,far_left,0.37568628787994385,0.39605945348739624,0.35965949296951294,28,collision,160,pretrained,Pretrained camera head,checkpoint/closed_loop_teacher_camera_policy_light_v3d_t60_20260510_splitstem/camera_head_pretrained_best.pth
specular,0.0,1.0,0.0,1.7674616575241089,0.6023563742637634,0.9829050898551941,far_right,0.3782692551612854,0.4051794409751892,0.3687434196472168,26,collision,161,pretrained,Pretrained camera head,checkpoint/closed_loop_teacher_camera_policy_light_v3d_t60_20260510_splitstem/camera_head_pretrained_best.pth
specular,0.0,1.0,0.0,1.7588727474212646,0.5977476239204407,0.9834457039833069,far_left,0.3806574046611786,0.403344988822937,0.3673141300678253,27,collision,162,pretrained,Pretrained camera head,checkpoint/closed_loop_teacher_camera_policy_light_v3d_t60_20260510_splitstem/camera_head_pretrained_best.pth
specular,0.0,1.0,0.0,1.7394216060638428,0.5983352661132812,0.9835849404335022,far_left,0.3814498484134674,0.40184950828552246,0.36790114641189575,27,collision,163,pretrained,Pretrained camera head,checkpoint/closed_loop_teacher_camera_policy_light_v3d_t60_20260510_splitstem/camera_head_pretrained_best.pth
specular,0.0,1.0,0.0,1.7800027132034302,0.6050986051559448,0.9809872508049011,right,0.3791486620903015,0.40827250480651855,0.3596916198730469,25,collision,164,pretrained,Pretrained camera head,checkpoint/closed_loop_teacher_camera_policy_light_v3d_t60_20260510_splitstem/camera_head_pretrained_best.pth
specular,0.0,1.0,0.0,1.7544254064559937,0.6003000140190125,0.9820824861526489,far_left,0.3805677890777588,0.41043782234191895,0.36850619316101074,27,collision,165,pretrained,Pretrained camera head,checkpoint/closed_loop_teacher_camera_policy_light_v3d_t60_20260510_splitstem/camera_head_pretrained_best.pth
specular,0.0,1.0,0.0,1.7089704275131226,0.6206008195877075,0.9839872717857361,left,0.37762251496315,0.39894384145736694,0.36659395694732666,26,collision,166,pretrained,Pretrained camera head,checkpoint/closed_loop_teacher_camera_policy_light_v3d_t60_20260510_splitstem/camera_head_pretrained_best.pth
specular,1.0,0.0,1.0,0.1730612814426422,0.6213632225990295,0.9925540685653687,right,0.4388449490070343,0.4296036958694458,0.4140366315841675,60,timeout,167,pretrained,Pretrained camera head,checkpoint/closed_loop_teacher_camera_policy_light_v3d_t60_20260510_splitstem/camera_head_pretrained_best.pth
specular,0.0,1.0,0.0,1.7153009176254272,0.5917255878448486,0.9844714999198914,far_right,0.37609705328941345,0.396917462348938,0.36547890305519104,28,collision,168,pretrained,Pretrained camera head,checkpoint/closed_loop_teacher_camera_policy_light_v3d_t60_20260510_splitstem/camera_head_pretrained_best.pth
specular,0.0,1.0,0.0,1.7629623413085938,0.6149870753288269,0.9819039702415466,left,0.3784685432910919,0.4074944853782654,0.3630031645298004,26,collision,169,pretrained,Pretrained camera head,checkpoint/closed_loop_teacher_camera_policy_light_v3d_t60_20260510_splitstem/camera_head_pretrained_best.pth
specular,0.0,1.0,0.0,1.7657204866409302,0.5836333632469177,0.9833890199661255,far_left,0.37830692529678345,0.3985447287559509,0.36188197135925293,28,collision,170,pretrained,Pretrained camera head,checkpoint/closed_loop_teacher_camera_policy_light_v3d_t60_20260510_splitstem/camera_head_pretrained_best.pth
specular,0.0,1.0,0.0,1.7761591672897339,0.6361056566238403,0.9800912737846375,far_right,0.37879478931427,0.4096614718437195,0.36572009325027466,24,collision,171,pretrained,Pretrained camera head,checkpoint/closed_loop_teacher_camera_policy_light_v3d_t60_20260510_splitstem/camera_head_pretrained_best.pth
specular,0.0,1.0,0.0,1.7580419778823853,0.6011775732040405,0.9824084639549255,far_right,0.3763815462589264,0.39827463030815125,0.3598228096961975,28,collision,172,pretrained,Pretrained camera head,checkpoint/closed_loop_teacher_camera_policy_light_v3d_t60_20260510_splitstem/camera_head_pretrained_best.pth
specular,0.0,1.0,0.0,1.757206916809082,0.6131607294082642,0.9824386239051819,left,0.37982892990112305,0.4112315773963928,0.36913156509399414,27,collision,173,pretrained,Pretrained camera head,checkpoint/closed_loop_teacher_camera_policy_light_v3d_t60_20260510_splitstem/camera_head_pretrained_best.pth
specular,0.0,1.0,0.0,1.767897129058838,0.5862248539924622,0.9826000332832336,far_left,0.3777979016304016,0.40336909890174866,0.36196035146713257,27,collision,174,pretrained,Pretrained camera head,checkpoint/closed_loop_teacher_camera_policy_light_v3d_t60_20260510_splitstem/camera_head_pretrained_best.pth
specular,0.0,1.0,0.0,1.7551473379135132,0.6215707063674927,0.9817820191383362,far_right,0.3763163685798645,0.40339159965515137,0.3620736300945282,27,collision,175,pretrained,Pretrained camera head,checkpoint/closed_loop_teacher_camera_policy_light_v3d_t60_20260510_splitstem/camera_head_pretrained_best.pth
specular,0.0,1.0,0.0,1.752591848373413,0.5896204113960266,0.9837908148765564,far_left,0.37554270029067993,0.3977609872817993,0.36119627952575684,27,collision,176,pretrained,Pretrained camera head,checkpoint/closed_loop_teacher_camera_policy_light_v3d_t60_20260510_splitstem/camera_head_pretrained_best.pth
specular,0.0,1.0,0.0,1.7129781246185303,0.6312436461448669,0.9836516380310059,left,0.3787933886051178,0.39262619614601135,0.36017173528671265,27,collision,177,pretrained,Pretrained camera head,checkpoint/closed_loop_teacher_camera_policy_light_v3d_t60_20260510_splitstem/camera_head_pretrained_best.pth
specular,0.0,1.0,0.0,1.7737362384796143,0.5815000534057617,0.9822215437889099,far_right,0.3785071074962616,0.4034405052661896,0.3628966510295868,27,collision,178,pretrained,Pretrained camera head,checkpoint/closed_loop_teacher_camera_policy_light_v3d_t60_20260510_splitstem/camera_head_pretrained_best.pth
specular,0.0,1.0,0.0,1.7374675273895264,0.624851644039154,0.9842915534973145,right,0.3782663345336914,0.394540399312973,0.36819958686828613,27,collision,179,pretrained,Pretrained camera head,checkpoint/closed_loop_teacher_camera_policy_light_v3d_t60_20260510_splitstem/camera_head_pretrained_best.pth
specular,0.0,1.0,0.0,1.5765647888183594,0.6635247468948364,0.9817654490470886,left,0.3805004358291626,0.40408608317375183,0.36470597982406616,28,collision,180,pretrained,Pretrained camera head,checkpoint/closed_loop_teacher_camera_policy_light_v3d_t60_20260510_splitstem/camera_head_pretrained_best.pth
specular,0.0,1.0,0.0,1.7596192359924316,0.5825814008712769,0.9825165271759033,far_right,0.375605046749115,0.4027010202407837,0.36269611120224,27,collision,181,pretrained,Pretrained camera head,checkpoint/closed_loop_teacher_camera_policy_light_v3d_t60_20260510_splitstem/camera_head_pretrained_best.pth
specular,0.0,1.0,0.0,1.7278050184249878,0.6024143099784851,0.9833676218986511,far_right,0.3758031725883484,0.3991175889968872,0.36226123571395874,28,collision,182,pretrained,Pretrained camera head,checkpoint/closed_loop_teacher_camera_policy_light_v3d_t60_20260510_splitstem/camera_head_pretrained_best.pth
specular,0.0,1.0,0.0,1.6963757276535034,0.6501520872116089,0.9815277457237244,left,0.3794638216495514,0.396440714597702,0.3611805737018585,26,collision,183,pretrained,Pretrained camera head,checkpoint/closed_loop_teacher_camera_policy_light_v3d_t60_20260510_splitstem/camera_head_pretrained_best.pth
specular,0.0,1.0,0.0,1.7146596908569336,0.6283543109893799,0.9827314615249634,left,0.37903010845184326,0.40736061334609985,0.3684263527393341,26,collision,184,pretrained,Pretrained camera head,checkpoint/closed_loop_teacher_camera_policy_light_v3d_t60_20260510_splitstem/camera_head_pretrained_best.pth
specular,0.0,1.0,0.0,1.7768474817276,0.597285270690918,0.9842650294303894,right,0.37733787298202515,0.39207229018211365,0.3662112057209015,26,collision,185,pretrained,Pretrained camera head,checkpoint/closed_loop_teacher_camera_policy_light_v3d_t60_20260510_splitstem/camera_head_pretrained_best.pth
specular,0.0,1.0,0.0,1.7754180431365967,0.6083200573921204,0.9834491014480591,far_left,0.38019007444381714,0.4045029282569885,0.36972349882125854,26,collision,186,pretrained,Pretrained camera head,checkpoint/closed_loop_teacher_camera_policy_light_v3d_t60_20260510_splitstem/camera_head_pretrained_best.pth
specular,0.0,1.0,0.0,1.7507171630859375,0.6315983533859253,0.9806375503540039,far_left,0.38100504875183105,0.4105641841888428,0.3696300685405731,25,collision,187,pretrained,Pretrained camera head,checkpoint/closed_loop_teacher_camera_policy_light_v3d_t60_20260510_splitstem/camera_head_pretrained_best.pth
specular,0.0,1.0,0.0,1.7826820611953735,0.5751620531082153,0.9819322228431702,far_left,0.37755879759788513,0.3995656371116638,0.3586970865726471,27,collision,188,pretrained,Pretrained camera head,checkpoint/closed_loop_teacher_camera_policy_light_v3d_t60_20260510_splitstem/camera_head_pretrained_best.pth
specular,0.0,1.0,0.0,1.739639163017273,0.6342935562133789,0.9838598966598511,left,0.3797711133956909,0.39202001690864563,0.35969340801239014,26,collision,189,pretrained,Pretrained camera head,checkpoint/closed_loop_teacher_camera_policy_light_v3d_t60_20260510_splitstem/camera_head_pretrained_best.pth
specular,0.0,1.0,0.0,1.72735595703125,0.6099150776863098,0.9819637537002563,far_left,0.380956768989563,0.4088194966316223,0.36885005235671997,28,collision,190,pretrained,Pretrained camera head,checkpoint/closed_loop_teacher_camera_policy_light_v3d_t60_20260510_splitstem/camera_head_pretrained_best.pth
specular,0.0,1.0,0.0,1.7655930519104004,0.6462641954421997,0.9828318357467651,far_right,0.379440039396286,0.39615750312805176,0.36794090270996094,25,collision,191,pretrained,Pretrained camera head,checkpoint/closed_loop_teacher_camera_policy_light_v3d_t60_20260510_splitstem/camera_head_pretrained_best.pth
specular,0.0,1.0,0.0,1.7184278964996338,0.6033507585525513,0.9851091504096985,right,0.3780975341796875,0.39014074206352234,0.36238980293273926,28,collision,192,pretrained,Pretrained camera head,checkpoint/closed_loop_teacher_camera_policy_light_v3d_t60_20260510_splitstem/camera_head_pretrained_best.pth
specular,0.0,1.0,0.0,1.7232420444488525,0.6438654661178589,0.9805290102958679,right,0.37857818603515625,0.40532517433166504,0.354800283908844,25,collision,193,pretrained,Pretrained camera head,checkpoint/closed_loop_teacher_camera_policy_light_v3d_t60_20260510_splitstem/camera_head_pretrained_best.pth
specular,0.0,1.0,0.0,1.7701655626296997,0.6225955486297607,0.9797393679618835,right,0.3796524405479431,0.4098130166530609,0.35595595836639404,25,collision,194,pretrained,Pretrained camera head,checkpoint/closed_loop_teacher_camera_policy_light_v3d_t60_20260510_splitstem/camera_head_pretrained_best.pth
specular,0.0,1.0,0.0,1.7575445175170898,0.6037735342979431,0.9823957681655884,right,0.3782212436199188,0.4028826057910919,0.36078324913978577,26,collision,195,pretrained,Pretrained camera head,checkpoint/closed_loop_teacher_camera_policy_light_v3d_t60_20260510_splitstem/camera_head_pretrained_best.pth
specular,0.0,1.0,0.0,1.7053806781768799,0.6237152814865112,0.9831397533416748,left,0.37955424189567566,0.40037891268730164,0.3637591600418091,27,collision,196,pretrained,Pretrained camera head,checkpoint/closed_loop_teacher_camera_policy_light_v3d_t60_20260510_splitstem/camera_head_pretrained_best.pth
specular,0.0,1.0,0.0,1.724861741065979,0.5718485713005066,0.9838738441467285,far_left,0.3757094740867615,0.4003499746322632,0.3616414964199066,29,collision,197,pretrained,Pretrained camera head,checkpoint/closed_loop_teacher_camera_policy_light_v3d_t60_20260510_splitstem/camera_head_pretrained_best.pth
specular,0.0,1.0,0.0,1.7355400323867798,0.6122472882270813,0.9818344712257385,right,0.3773549497127533,0.4075937867164612,0.35786300897598267,26,collision,198,pretrained,Pretrained camera head,checkpoint/closed_loop_teacher_camera_policy_light_v3d_t60_20260510_splitstem/camera_head_pretrained_best.pth
specular,0.0,1.0,0.0,1.7224723100662231,0.5712493658065796,0.984065055847168,far_left,0.37569311261177063,0.40114739537239075,0.3626822531223297,29,collision,199,pretrained,Pretrained camera head,checkpoint/closed_loop_teacher_camera_policy_light_v3d_t60_20260510_splitstem/camera_head_pretrained_best.pth
specular,0.0,1.0,0.0,1.753920555114746,0.5944499373435974,0.98296719789505,far_left,0.37809720635414124,0.40173327922821045,0.36317765712738037,27,collision,200,pretrained,Pretrained camera head,checkpoint/closed_loop_teacher_camera_policy_light_v3d_t60_20260510_splitstem/camera_head_pretrained_best.pth
specular,1.0,0.0,1.0,0.09490981698036194,0.6089969873428345,0.9932894706726074,left,0.4352468252182007,0.42857661843299866,0.41267311573028564,60,timeout,201,pretrained,Pretrained camera head,checkpoint/closed_loop_teacher_camera_policy_light_v3d_t60_20260510_splitstem/camera_head_pretrained_best.pth
specular,0.0,1.0,0.0,1.7422666549682617,0.5948188304901123,0.9829004406929016,far_left,0.38042598962783813,0.40908610820770264,0.36955204606056213,27,collision,202,pretrained,Pretrained camera head,checkpoint/closed_loop_teacher_camera_policy_light_v3d_t60_20260510_splitstem/camera_head_pretrained_best.pth
specular,0.0,1.0,0.0,1.7434134483337402,0.5785613059997559,0.9823551774024963,far_left,0.3775998055934906,0.40168118476867676,0.3595278561115265,27,collision,203,pretrained,Pretrained camera head,checkpoint/closed_loop_teacher_camera_policy_light_v3d_t60_20260510_splitstem/camera_head_pretrained_best.pth
specular,0.0,1.0,0.0,1.7047483921051025,0.6233333349227905,0.9812788963317871,left,0.38000258803367615,0.4018899202346802,0.3612196743488312,26,collision,204,pretrained,Pretrained camera head,checkpoint/closed_loop_teacher_camera_policy_light_v3d_t60_20260510_splitstem/camera_head_pretrained_best.pth
specular,0.0,1.0,0.0,1.6806693077087402,0.6250613331794739,0.9844139814376831,left,0.3782556354999542,0.394004762172699,0.3622458577156067,27,collision,205,pretrained,Pretrained camera head,checkpoint/closed_loop_teacher_camera_policy_light_v3d_t60_20260510_splitstem/camera_head_pretrained_best.pth
specular,0.0,1.0,0.0,1.6605534553527832,0.6398819088935852,0.9823106527328491,left,0.3800031840801239,0.40131136775016785,0.3633541762828827,27,collision,206,pretrained,Pretrained camera head,checkpoint/closed_loop_teacher_camera_policy_light_v3d_t60_20260510_splitstem/camera_head_pretrained_best.pth
specular,0.0,1.0,0.0,1.7518110275268555,0.5913244485855103,0.9815706014633179,left,0.37857601046562195,0.4013853967189789,0.35913556814193726,27,collision,207,pretrained,Pretrained camera head,checkpoint/closed_loop_teacher_camera_policy_light_v3d_t60_20260510_splitstem/camera_head_pretrained_best.pth
specular,0.0,1.0,0.0,1.7568907737731934,0.6083191633224487,0.9820370078086853,left,0.3783501088619232,0.4099048972129822,0.36511680483818054,26,collision,208,pretrained,Pretrained camera head,checkpoint/closed_loop_teacher_camera_policy_light_v3d_t60_20260510_splitstem/camera_head_pretrained_best.pth
specular,0.0,1.0,0.0,1.6864091157913208,0.6246405839920044,0.9814814329147339,left,0.379589319229126,0.4093188941478729,0.36407285928726196,27,collision,209,pretrained,Pretrained camera head,checkpoint/closed_loop_teacher_camera_policy_light_v3d_t60_20260510_splitstem/camera_head_pretrained_best.pth
specular,0.0,1.0,0.0,1.7655020952224731,0.6214727163314819,0.9829403758049011,right,0.37746724486351013,0.40462130308151245,0.36494311690330505,25,collision,210,pretrained,Pretrained camera head,checkpoint/closed_loop_teacher_camera_policy_light_v3d_t60_20260510_splitstem/camera_head_pretrained_best.pth
specular,0.0,1.0,0.0,1.7458914518356323,0.6224678158760071,0.9836979508399963,far_right,0.3760007917881012,0.39683136343955994,0.3655039966106415,26,collision,211,pretrained,Pretrained camera head,checkpoint/closed_loop_teacher_camera_policy_light_v3d_t60_20260510_splitstem/camera_head_pretrained_best.pth
specular,0.0,1.0,0.0,1.7229241132736206,0.6078473925590515,0.9828838109970093,right,0.37805119156837463,0.39605313539505005,0.3597290515899658,27,collision,212,pretrained,Pretrained camera head,checkpoint/closed_loop_teacher_camera_policy_light_v3d_t60_20260510_splitstem/camera_head_pretrained_best.pth
specular,0.0,1.0,0.0,1.7240861654281616,0.5677054524421692,0.9825717806816101,far_left,0.3778363764286041,0.3969425559043884,0.35729342699050903,29,collision,213,pretrained,Pretrained camera head,checkpoint/closed_loop_teacher_camera_policy_light_v3d_t60_20260510_splitstem/camera_head_pretrained_best.pth
specular,0.0,1.0,0.0,1.7548997402191162,0.5992240905761719,0.9811747670173645,far_left,0.38159307837486267,0.40767255425453186,0.36771360039711,26,collision,214,pretrained,Pretrained camera head,checkpoint/closed_loop_teacher_camera_policy_light_v3d_t60_20260510_splitstem/camera_head_pretrained_best.pth
specular,0.0,1.0,0.0,1.7638442516326904,0.5722123980522156,0.9836016297340393,far_right,0.3759995996952057,0.40143492817878723,0.3625952899456024,27,collision,215,pretrained,Pretrained camera head,checkpoint/closed_loop_teacher_camera_policy_light_v3d_t60_20260510_splitstem/camera_head_pretrained_best.pth
specular,0.0,1.0,0.0,1.742012858390808,0.580303966999054,0.9836350083351135,far_right,0.3783160150051117,0.40071001648902893,0.36418160796165466,27,collision,216,pretrained,Pretrained camera head,checkpoint/closed_loop_teacher_camera_policy_light_v3d_t60_20260510_splitstem/camera_head_pretrained_best.pth
specular,0.0,1.0,0.0,1.735198736190796,0.5773055553436279,0.9833140969276428,far_left,0.37630704045295715,0.3985239565372467,0.36094602942466736,28,collision,217,pretrained,Pretrained camera head,checkpoint/closed_loop_teacher_camera_policy_light_v3d_t60_20260510_splitstem/camera_head_pretrained_best.pth
specular,0.0,1.0,0.0,1.7784935235977173,0.5948404669761658,0.98307865858078,far_left,0.37737545371055603,0.40369486808776855,0.36420637369155884,26,collision,218,pretrained,Pretrained camera head,checkpoint/closed_loop_teacher_camera_policy_light_v3d_t60_20260510_splitstem/camera_head_pretrained_best.pth
specular,0.0,1.0,0.0,1.7495719194412231,0.6663445830345154,0.9793364405632019,right,0.37997594475746155,0.40592098236083984,0.3640369772911072,24,collision,219,pretrained,Pretrained camera head,checkpoint/closed_loop_teacher_camera_policy_light_v3d_t60_20260510_splitstem/camera_head_pretrained_best.pth
specular,0.0,1.0,0.0,1.7744272947311401,0.6263741850852966,0.9807822108268738,far_left,0.3805156946182251,0.4090507924556732,0.3696572184562683,25,collision,220,pretrained,Pretrained camera head,checkpoint/closed_loop_teacher_camera_policy_light_v3d_t60_20260510_splitstem/camera_head_pretrained_best.pth
specular,0.0,1.0,0.0,1.6543031930923462,0.6131407022476196,0.9830299615859985,right,0.38085034489631653,0.3919536769390106,0.3630776107311249,28,collision,221,pretrained,Pretrained camera head,checkpoint/closed_loop_teacher_camera_policy_light_v3d_t60_20260510_splitstem/camera_head_pretrained_best.pth
specular,0.0,1.0,0.0,1.7592509984970093,0.6079695224761963,0.9814988374710083,far_left,0.3790437877178192,0.39968547224998474,0.3628624677658081,26,collision,222,pretrained,Pretrained camera head,checkpoint/closed_loop_teacher_camera_policy_light_v3d_t60_20260510_splitstem/camera_head_pretrained_best.pth
specular,0.0,1.0,0.0,1.7633122205734253,0.587361752986908,0.9821122288703918,right,0.37866708636283875,0.39972007274627686,0.36016181111335754,26,collision,223,pretrained,Pretrained camera head,checkpoint/closed_loop_teacher_camera_policy_light_v3d_t60_20260510_splitstem/camera_head_pretrained_best.pth
specular,0.0,1.0,0.0,1.7522220611572266,0.5962497591972351,0.9844695925712585,left,0.3790460526943207,0.3913397490978241,0.35930025577545166,27,collision,224,pretrained,Pretrained camera head,checkpoint/closed_loop_teacher_camera_policy_light_v3d_t60_20260510_splitstem/camera_head_pretrained_best.pth
specular,0.0,1.0,0.0,1.7580673694610596,0.6036941409111023,0.9833159446716309,far_left,0.3798467814922333,0.4052949845790863,0.3696479797363281,26,collision,225,pretrained,Pretrained camera head,checkpoint/closed_loop_teacher_camera_policy_light_v3d_t60_20260510_splitstem/camera_head_pretrained_best.pth
specular,0.0,1.0,0.0,1.7308212518692017,0.5971400141716003,0.9826166033744812,left,0.3777743875980377,0.4063776731491089,0.36246734857559204,27,collision,226,pretrained,Pretrained camera head,checkpoint/closed_loop_teacher_camera_policy_light_v3d_t60_20260510_splitstem/camera_head_pretrained_best.pth
specular,0.0,1.0,0.0,1.7441208362579346,0.5919516086578369,0.9827780723571777,far_left,0.3785456418991089,0.39812561869621277,0.3632734417915344,27,collision,227,pretrained,Pretrained camera head,checkpoint/closed_loop_teacher_camera_policy_light_v3d_t60_20260510_splitstem/camera_head_pretrained_best.pth
specular,0.0,1.0,0.0,1.7553716897964478,0.6013897061347961,0.9831564426422119,far_right,0.3747917413711548,0.39987966418266296,0.36160895228385925,27,collision,228,pretrained,Pretrained camera head,checkpoint/closed_loop_teacher_camera_policy_light_v3d_t60_20260510_splitstem/camera_head_pretrained_best.pth
specular,0.0,1.0,0.0,1.7304455041885376,0.5650469064712524,0.9844938516616821,far_left,0.37617766857147217,0.39978858828544617,0.36143991351127625,29,collision,229,pretrained,Pretrained camera head,checkpoint/closed_loop_teacher_camera_policy_light_v3d_t60_20260510_splitstem/camera_head_pretrained_best.pth
specular,0.0,1.0,0.0,1.7169474363327026,0.6334991455078125,0.98395836353302,left,0.37738218903541565,0.396512895822525,0.3639620840549469,26,collision,230,pretrained,Pretrained camera head,checkpoint/closed_loop_teacher_camera_policy_light_v3d_t60_20260510_splitstem/camera_head_pretrained_best.pth
specular,0.0,1.0,0.0,1.7413699626922607,0.6116790771484375,0.9842089414596558,far_right,0.37387967109680176,0.398510605096817,0.3606894910335541,28,collision,231,pretrained,Pretrained camera head,checkpoint/closed_loop_teacher_camera_policy_light_v3d_t60_20260510_splitstem/camera_head_pretrained_best.pth
specular,0.0,1.0,0.0,1.7399144172668457,0.6199948191642761,0.9808738231658936,left,0.3792344629764557,0.41096732020378113,0.36449751257896423,26,collision,232,pretrained,Pretrained camera head,checkpoint/closed_loop_teacher_camera_policy_light_v3d_t60_20260510_splitstem/camera_head_pretrained_best.pth
specular,0.0,1.0,0.0,1.7525111436843872,0.6289436221122742,0.9814152121543884,left,0.3793882131576538,0.40196165442466736,0.3621382713317871,25,collision,233,pretrained,Pretrained camera head,checkpoint/closed_loop_teacher_camera_policy_light_v3d_t60_20260510_splitstem/camera_head_pretrained_best.pth
specular,0.0,1.0,0.0,1.7421396970748901,0.5979106426239014,0.9846107959747314,far_left,0.37449073791503906,0.3971292972564697,0.36010611057281494,28,collision,234,pretrained,Pretrained camera head,checkpoint/closed_loop_teacher_camera_policy_light_v3d_t60_20260510_splitstem/camera_head_pretrained_best.pth
specular,0.0,1.0,0.0,1.7641534805297852,0.6088131070137024,0.9816666841506958,far_left,0.37906450033187866,0.41433218121528625,0.3696792423725128,26,collision,235,pretrained,Pretrained camera head,checkpoint/closed_loop_teacher_camera_policy_light_v3d_t60_20260510_splitstem/camera_head_pretrained_best.pth
specular,0.0,1.0,0.0,1.7366700172424316,0.5799127221107483,0.9826603531837463,left,0.379116415977478,0.4151492416858673,0.3694455325603485,28,collision,236,pretrained,Pretrained camera head,checkpoint/closed_loop_teacher_camera_policy_light_v3d_t60_20260510_splitstem/camera_head_pretrained_best.pth
specular,0.0,1.0,0.0,1.7211612462997437,0.6240562200546265,0.9802517890930176,right,0.37808772921562195,0.4052155911922455,0.35535383224487305,25,collision,237,pretrained,Pretrained camera head,checkpoint/closed_loop_teacher_camera_policy_light_v3d_t60_20260510_splitstem/camera_head_pretrained_best.pth
specular,0.0,1.0,0.0,1.7535923719406128,0.6115140914916992,0.9813772439956665,right,0.3780754506587982,0.4011736512184143,0.3568933308124542,26,collision,238,pretrained,Pretrained camera head,checkpoint/closed_loop_teacher_camera_policy_light_v3d_t60_20260510_splitstem/camera_head_pretrained_best.pth
specular,0.0,1.0,0.0,1.7735471725463867,0.5678387880325317,0.982466459274292,far_left,0.376881867647171,0.40189406275749207,0.36059117317199707,27,collision,239,pretrained,Pretrained camera head,checkpoint/closed_loop_teacher_camera_policy_light_v3d_t60_20260510_splitstem/camera_head_pretrained_best.pth
specular,0.0,1.0,0.0,1.719232439994812,0.6339831948280334,0.981545090675354,left,0.378469318151474,0.4082009792327881,0.36298277974128723,26,collision,240,pretrained,Pretrained camera head,checkpoint/closed_loop_teacher_camera_policy_light_v3d_t60_20260510_splitstem/camera_head_pretrained_best.pth
specular,0.0,1.0,0.0,1.7245992422103882,0.6167067289352417,0.9839688539505005,far_right,0.3747926950454712,0.4019332528114319,0.36369678378105164,27,collision,241,pretrained,Pretrained camera head,checkpoint/closed_loop_teacher_camera_policy_light_v3d_t60_20260510_splitstem/camera_head_pretrained_best.pth
specular,0.0,1.0,0.0,1.7620632648468018,0.600948691368103,0.9812905192375183,right,0.3773658275604248,0.4098777770996094,0.3557402193546295,26,collision,242,pretrained,Pretrained camera head,checkpoint/closed_loop_teacher_camera_policy_light_v3d_t60_20260510_splitstem/camera_head_pretrained_best.pth
specular,0.0,1.0,0.0,1.709873080253601,0.6290752291679382,0.9833969473838806,right,0.37869757413864136,0.40001022815704346,0.36785227060317993,26,collision,243,pretrained,Pretrained camera head,checkpoint/closed_loop_teacher_camera_policy_light_v3d_t60_20260510_splitstem/camera_head_pretrained_best.pth
specular,0.0,1.0,0.0,1.7560421228408813,0.6061591506004333,0.9831452369689941,right,0.3786998391151428,0.3955683410167694,0.3618770241737366,27,collision,244,pretrained,Pretrained camera head,checkpoint/closed_loop_teacher_camera_policy_light_v3d_t60_20260510_splitstem/camera_head_pretrained_best.pth
specular,0.0,1.0,0.0,1.7369784116744995,0.5900869965553284,0.9832015037536621,far_right,0.3763311207294464,0.39675119519233704,0.3588818907737732,28,collision,245,pretrained,Pretrained camera head,checkpoint/closed_loop_teacher_camera_policy_light_v3d_t60_20260510_splitstem/camera_head_pretrained_best.pth
specular,0.0,1.0,0.0,1.7134071588516235,0.640522837638855,0.9813598990440369,left,0.37955793738365173,0.40153902769088745,0.35985273122787476,26,collision,246,pretrained,Pretrained camera head,checkpoint/closed_loop_teacher_camera_policy_light_v3d_t60_20260510_splitstem/camera_head_pretrained_best.pth
specular,0.0,1.0,0.0,1.752697467803955,0.5542362928390503,0.9844318628311157,far_right,0.3785909414291382,0.40006768703460693,0.3621595799922943,29,collision,247,pretrained,Pretrained camera head,checkpoint/closed_loop_teacher_camera_policy_light_v3d_t60_20260510_splitstem/camera_head_pretrained_best.pth
specular,0.0,1.0,0.0,1.7675172090530396,0.5883039236068726,0.982305109500885,left,0.37936636805534363,0.4124089777469635,0.3694322407245636,27,collision,248,pretrained,Pretrained camera head,checkpoint/closed_loop_teacher_camera_policy_light_v3d_t60_20260510_splitstem/camera_head_pretrained_best.pth
specular,0.0,1.0,0.0,1.7748805284500122,0.6199673414230347,0.9838888049125671,left,0.38027939200401306,0.38948625326156616,0.35850396752357483,26,collision,249,pretrained,Pretrained camera head,checkpoint/closed_loop_teacher_camera_policy_light_v3d_t60_20260510_splitstem/camera_head_pretrained_best.pth
specular,0.0,1.0,0.0,1.770522117614746,0.628754734992981,0.9816683530807495,far_left,0.380647748708725,0.40820521116256714,0.3695807456970215,25,collision,250,pretrained,Pretrained camera head,checkpoint/closed_loop_teacher_camera_policy_light_v3d_t60_20260510_splitstem/camera_head_pretrained_best.pth
specular,0.0,1.0,0.0,1.7645890712738037,0.5846994519233704,0.9839854836463928,far_left,0.37861716747283936,0.39955779910087585,0.36626511812210083,27,collision,251,pretrained,Pretrained camera head,checkpoint/closed_loop_teacher_camera_policy_light_v3d_t60_20260510_splitstem/camera_head_pretrained_best.pth
specular,0.0,1.0,0.0,1.7224557399749756,0.6198561191558838,0.9813773036003113,right,0.37795501947402954,0.40176695585250854,0.35512083768844604,26,collision,252,pretrained,Pretrained camera head,checkpoint/closed_loop_teacher_camera_policy_light_v3d_t60_20260510_splitstem/camera_head_pretrained_best.pth
specular,0.0,1.0,0.0,1.7515960931777954,0.5882198810577393,0.9825609922409058,far_left,0.37962281703948975,0.3987012505531311,0.36343222856521606,27,collision,253,pretrained,Pretrained camera head,checkpoint/closed_loop_teacher_camera_policy_light_v3d_t60_20260510_splitstem/camera_head_pretrained_best.pth
specular,0.0,1.0,0.0,1.732460856437683,0.5880814790725708,0.9820825457572937,far_right,0.37965038418769836,0.4034741520881653,0.3620888292789459,27,collision,254,pretrained,Pretrained camera head,checkpoint/closed_loop_teacher_camera_policy_light_v3d_t60_20260510_splitstem/camera_head_pretrained_best.pth
specular,0.0,1.0,0.0,1.7416754961013794,0.5681570172309875,0.9825370907783508,far_left,0.37690725922584534,0.4019344449043274,0.3611375391483307,28,collision,255,pretrained,Pretrained camera head,checkpoint/closed_loop_teacher_camera_policy_light_v3d_t60_20260510_splitstem/camera_head_pretrained_best.pth
specular,0.0,1.0,0.0,1.6642805337905884,0.610558807849884,0.982360303401947,left,0.37865614891052246,0.4031159579753876,0.36248865723609924,28,collision,256,pretrained,Pretrained camera head,checkpoint/closed_loop_teacher_camera_policy_light_v3d_t60_20260510_splitstem/camera_head_pretrained_best.pth
specular,0.0,1.0,0.0,1.765311598777771,0.5783472657203674,0.9846214652061462,far_right,0.3783379793167114,0.39652055501937866,0.3658260703086853,28,collision,257,pretrained,Pretrained camera head,checkpoint/closed_loop_teacher_camera_policy_light_v3d_t60_20260510_splitstem/camera_head_pretrained_best.pth
specular,1.0,0.0,1.0,0.06332026422023773,0.6012508273124695,0.991698145866394,left,0.4413382411003113,0.4361796975135803,0.4131271541118622,60,timeout,258,pretrained,Pretrained camera head,checkpoint/closed_loop_teacher_camera_policy_light_v3d_t60_20260510_splitstem/camera_head_pretrained_best.pth
specular,0.0,1.0,0.0,1.7744524478912354,0.5975630283355713,0.9816373586654663,far_left,0.3774833679199219,0.40229806303977966,0.36043787002563477,27,collision,259,pretrained,Pretrained camera head,checkpoint/closed_loop_teacher_camera_policy_light_v3d_t60_20260510_splitstem/camera_head_pretrained_best.pth
specular,0.0,1.0,0.0,1.7139720916748047,0.612790048122406,0.9829282164573669,far_left,0.3800412118434906,0.4047084450721741,0.3677484095096588,27,collision,260,pretrained,Pretrained camera head,checkpoint/closed_loop_teacher_camera_policy_light_v3d_t60_20260510_splitstem/camera_head_pretrained_best.pth
specular,0.0,1.0,0.0,1.722496747970581,0.6214205622673035,0.9809258580207825,right,0.37882906198501587,0.4038591682910919,0.35989469289779663,26,collision,261,pretrained,Pretrained camera head,checkpoint/closed_loop_teacher_camera_policy_light_v3d_t60_20260510_splitstem/camera_head_pretrained_best.pth
specular,0.0,1.0,0.0,1.7574187517166138,0.6224027872085571,0.9819767475128174,far_left,0.3801777958869934,0.4010287821292877,0.3611378073692322,27,collision,262,pretrained,Pretrained camera head,checkpoint/closed_loop_teacher_camera_policy_light_v3d_t60_20260510_splitstem/camera_head_pretrained_best.pth
specular,0.0,1.0,0.0,1.744632363319397,0.6106780767440796,0.9830568432807922,far_left,0.37777358293533325,0.4004440903663635,0.3619377315044403,28,collision,263,pretrained,Pretrained camera head,checkpoint/closed_loop_teacher_camera_policy_light_v3d_t60_20260510_splitstem/camera_head_pretrained_best.pth
specular,0.0,1.0,0.0,1.7339694499969482,0.5567848086357117,0.986041247844696,far_right,0.3748926520347595,0.395403116941452,0.3618173897266388,30,collision,264,pretrained,Pretrained camera head,checkpoint/closed_loop_teacher_camera_policy_light_v3d_t60_20260510_splitstem/camera_head_pretrained_best.pth
specular,0.0,1.0,0.0,1.7034739255905151,0.6401802897453308,0.9808332324028015,left,0.3795451521873474,0.40558111667633057,0.35973289608955383,26,collision,265,pretrained,Pretrained camera head,checkpoint/closed_loop_teacher_camera_policy_light_v3d_t60_20260510_splitstem/camera_head_pretrained_best.pth
specular,0.0,1.0,0.0,1.6721099615097046,0.6369199156761169,0.9821659326553345,left,0.3801765441894531,0.4028649628162384,0.36548182368278503,27,collision,266,pretrained,Pretrained camera head,checkpoint/closed_loop_teacher_camera_policy_light_v3d_t60_20260510_splitstem/camera_head_pretrained_best.pth
specular,0.0,1.0,0.0,1.7189064025878906,0.5886640548706055,0.9851346015930176,far_left,0.3750768005847931,0.39804527163505554,0.36273324489593506,29,collision,267,pretrained,Pretrained camera head,checkpoint/closed_loop_teacher_camera_policy_light_v3d_t60_20260510_splitstem/camera_head_pretrained_best.pth
specular,0.0,1.0,0.0,1.7101106643676758,0.6409776210784912,0.9816724061965942,left,0.37847480177879333,0.39899787306785583,0.3622654676437378,26,collision,268,pretrained,Pretrained camera head,checkpoint/closed_loop_teacher_camera_policy_light_v3d_t60_20260510_splitstem/camera_head_pretrained_best.pth
specular,0.0,1.0,0.0,1.7579418420791626,0.5912420153617859,0.9841357469558716,far_right,0.3772887885570526,0.402922660112381,0.36932769417762756,27,collision,269,pretrained,Pretrained camera head,checkpoint/closed_loop_teacher_camera_policy_light_v3d_t60_20260510_splitstem/camera_head_pretrained_best.pth
specular,0.0,1.0,0.0,1.7755920886993408,0.6294231414794922,0.9821385741233826,right,0.3792441785335541,0.3995121419429779,0.3631448745727539,25,collision,270,pretrained,Pretrained camera head,checkpoint/closed_loop_teacher_camera_policy_light_v3d_t60_20260510_splitstem/camera_head_pretrained_best.pth
specular,0.0,1.0,0.0,1.7677732706069946,0.5981444120407104,0.9836631417274475,right,0.3787546455860138,0.39361876249313354,0.36603716015815735,26,collision,271,pretrained,Pretrained camera head,checkpoint/closed_loop_teacher_camera_policy_light_v3d_t60_20260510_splitstem/camera_head_pretrained_best.pth
specular,0.0,1.0,0.0,1.751270055770874,0.6243671774864197,0.981421172618866,far_right,0.3773418366909027,0.4001818299293518,0.36353540420532227,25,collision,272,pretrained,Pretrained camera head,checkpoint/closed_loop_teacher_camera_policy_light_v3d_t60_20260510_splitstem/camera_head_pretrained_best.pth
specular,0.0,1.0,0.0,1.7246589660644531,0.586554765701294,0.9839248657226562,far_right,0.37547925114631653,0.3964325189590454,0.3608066439628601,28,collision,273,pretrained,Pretrained camera head,checkpoint/closed_loop_teacher_camera_policy_light_v3d_t60_20260510_splitstem/camera_head_pretrained_best.pth
specular,0.0,1.0,0.0,1.724507451057434,0.6337595582008362,0.983836829662323,left,0.37982115149497986,0.3918437063694,0.3615131974220276,26,collision,274,pretrained,Pretrained camera head,checkpoint/closed_loop_teacher_camera_policy_light_v3d_t60_20260510_splitstem/camera_head_pretrained_best.pth
specular,0.0,1.0,0.0,1.7474077939987183,0.5827195644378662,0.9826174974441528,far_right,0.3821146488189697,0.3948160409927368,0.3588975667953491,28,collision,275,pretrained,Pretrained camera head,checkpoint/closed_loop_teacher_camera_policy_light_v3d_t60_20260510_splitstem/camera_head_pretrained_best.pth
specular,0.0,1.0,0.0,1.777365803718567,0.6035448312759399,0.9841301441192627,far_right,0.37586891651153564,0.3970659077167511,0.3650311827659607,27,collision,276,pretrained,Pretrained camera head,checkpoint/closed_loop_teacher_camera_policy_light_v3d_t60_20260510_splitstem/camera_head_pretrained_best.pth
specular,0.0,1.0,0.0,1.7144140005111694,0.6369871497154236,0.983709454536438,left,0.3775849938392639,0.39859962463378906,0.3661022186279297,26,collision,277,pretrained,Pretrained camera head,checkpoint/closed_loop_teacher_camera_policy_light_v3d_t60_20260510_splitstem/camera_head_pretrained_best.pth
specular,0.0,1.0,0.0,1.7496111392974854,0.6670578718185425,0.9826263189315796,left,0.37806788086891174,0.4031235873699188,0.36682844161987305,24,collision,278,pretrained,Pretrained camera head,checkpoint/closed_loop_teacher_camera_policy_light_v3d_t60_20260510_splitstem/camera_head_pretrained_best.pth
specular,0.0,1.0,0.0,1.7309353351593018,0.6230950951576233,0.9816609025001526,far_left,0.38107576966285706,0.4072372019290924,0.36916491389274597,26,collision,279,pretrained,Pretrained camera head,checkpoint/closed_loop_teacher_camera_policy_light_v3d_t60_20260510_splitstem/camera_head_pretrained_best.pth
specular,0.0,1.0,0.0,1.705202579498291,0.6477091908454895,0.9831786751747131,left,0.37810492515563965,0.3970154821872711,0.36314651370048523,27,collision,280,pretrained,Pretrained camera head,checkpoint/closed_loop_teacher_camera_policy_light_v3d_t60_20260510_splitstem/camera_head_pretrained_best.pth
specular,0.0,1.0,0.0,1.7355222702026367,0.6032414436340332,0.9845920205116272,left,0.3796367645263672,0.38817960023880005,0.3601456582546234,27,collision,281,pretrained,Pretrained camera head,checkpoint/closed_loop_teacher_camera_policy_light_v3d_t60_20260510_splitstem/camera_head_pretrained_best.pth
specular,0.0,1.0,0.0,1.7736927270889282,0.5964886546134949,0.9826967120170593,right,0.37705692648887634,0.3996947407722473,0.3617839217185974,26,collision,282,pretrained,Pretrained camera head,checkpoint/closed_loop_teacher_camera_policy_light_v3d_t60_20260510_splitstem/camera_head_pretrained_best.pth
specular,0.0,1.0,0.0,1.7547528743743896,0.6131027340888977,0.9833911657333374,far_right,0.3794268071651459,0.3965417444705963,0.36875319480895996,26,collision,283,pretrained,Pretrained camera head,checkpoint/closed_loop_teacher_camera_policy_light_v3d_t60_20260510_splitstem/camera_head_pretrained_best.pth
specular,0.0,1.0,0.0,1.7098785638809204,0.6525828838348389,0.9799985885620117,far_right,0.3827946186065674,0.40131327509880066,0.3620069622993469,25,collision,284,pretrained,Pretrained camera head,checkpoint/closed_loop_teacher_camera_policy_light_v3d_t60_20260510_splitstem/camera_head_pretrained_best.pth
specular,0.0,1.0,0.0,1.7004162073135376,0.6163357496261597,0.98135906457901,right,0.37854528427124023,0.399627685546875,0.3568728566169739,27,collision,285,pretrained,Pretrained camera head,checkpoint/closed_loop_teacher_camera_policy_light_v3d_t60_20260510_splitstem/camera_head_pretrained_best.pth
specular,0.0,1.0,0.0,1.7628370523452759,0.5603250861167908,0.9843642711639404,far_left,0.3757796883583069,0.39615458250045776,0.3594980835914612,28,collision,286,pretrained,Pretrained camera head,checkpoint/closed_loop_teacher_camera_policy_light_v3d_t60_20260510_splitstem/camera_head_pretrained_best.pth
specular,0.0,1.0,0.0,1.7553209066390991,0.6050309538841248,0.98197340965271,far_right,0.3801385760307312,0.4055846333503723,0.36608490347862244,26,collision,287,pretrained,Pretrained camera head,checkpoint/closed_loop_teacher_camera_policy_light_v3d_t60_20260510_splitstem/camera_head_pretrained_best.pth
specular,0.0,1.0,0.0,1.7661205530166626,0.5923713445663452,0.9824942350387573,right,0.3776043653488159,0.40602657198905945,0.36374980211257935,27,collision,288,pretrained,Pretrained camera head,checkpoint/closed_loop_teacher_camera_policy_light_v3d_t60_20260510_splitstem/camera_head_pretrained_best.pth
specular,0.0,1.0,0.0,1.7701287269592285,0.5740900635719299,0.9822209477424622,far_left,0.3789995014667511,0.40105366706848145,0.36048099398612976,28,collision,289,pretrained,Pretrained camera head,checkpoint/closed_loop_teacher_camera_policy_light_v3d_t60_20260510_splitstem/camera_head_pretrained_best.pth
specular,0.0,1.0,0.0,1.755003809928894,0.57760089635849,0.9846321940422058,far_right,0.37579986453056335,0.40137988328933716,0.36389490962028503,28,collision,290,pretrained,Pretrained camera head,checkpoint/closed_loop_teacher_camera_policy_light_v3d_t60_20260510_splitstem/camera_head_pretrained_best.pth
specular,0.0,1.0,0.0,1.7180683612823486,0.644218921661377,0.9821204543113708,right,0.3775865435600281,0.39723870158195496,0.36211973428726196,25,collision,291,pretrained,Pretrained camera head,checkpoint/closed_loop_teacher_camera_policy_light_v3d_t60_20260510_splitstem/camera_head_pretrained_best.pth
specular,0.0,1.0,0.0,1.7149500846862793,0.5638233423233032,0.9828372001647949,far_left,0.38099002838134766,0.40708044171333313,0.36779311299324036,28,collision,292,pretrained,Pretrained camera head,checkpoint/closed_loop_teacher_camera_policy_light_v3d_t60_20260510_splitstem/camera_head_pretrained_best.pth
specular,0.0,1.0,0.0,1.762556791305542,0.5571063160896301,0.9835605621337891,right,0.37646156549453735,0.3969268202781677,0.35620343685150146,28,collision,293,pretrained,Pretrained camera head,checkpoint/closed_loop_teacher_camera_policy_light_v3d_t60_20260510_splitstem/camera_head_pretrained_best.pth
specular,0.0,1.0,0.0,1.7720965147018433,0.6075385808944702,0.9826736450195312,far_right,0.3784703314304352,0.4025362432003021,0.3680397570133209,26,collision,294,pretrained,Pretrained camera head,checkpoint/closed_loop_teacher_camera_policy_light_v3d_t60_20260510_splitstem/camera_head_pretrained_best.pth
specular,0.0,1.0,0.0,1.7793773412704468,0.5933446884155273,0.9819502234458923,far_right,0.3812333643436432,0.4033260941505432,0.3639707863330841,26,collision,295,pretrained,Pretrained camera head,checkpoint/closed_loop_teacher_camera_policy_light_v3d_t60_20260510_splitstem/camera_head_pretrained_best.pth
specular,0.0,1.0,0.0,1.7225415706634521,0.6513606905937195,0.982017993927002,left,0.37889325618743896,0.4020361602306366,0.3639940917491913,25,collision,296,pretrained,Pretrained camera head,checkpoint/closed_loop_teacher_camera_policy_light_v3d_t60_20260510_splitstem/camera_head_pretrained_best.pth
specular,0.0,1.0,0.0,1.7488868236541748,0.610174298286438,0.9816203713417053,far_right,0.3754028379917145,0.40317657589912415,0.36234763264656067,26,collision,297,pretrained,Pretrained camera head,checkpoint/closed_loop_teacher_camera_policy_light_v3d_t60_20260510_splitstem/camera_head_pretrained_best.pth
specular,0.0,1.0,0.0,1.7350586652755737,0.5855059027671814,0.9845893383026123,far_right,0.3764883577823639,0.3989136219024658,0.3628321886062622,28,collision,298,pretrained,Pretrained camera head,checkpoint/closed_loop_teacher_camera_policy_light_v3d_t60_20260510_splitstem/camera_head_pretrained_best.pth
specular,0.0,1.0,0.0,1.7278025150299072,0.5966118574142456,0.9845085740089417,left,0.37825676798820496,0.3965975046157837,0.3645261824131012,27,collision,299,pretrained,Pretrained camera head,checkpoint/closed_loop_teacher_camera_policy_light_v3d_t60_20260510_splitstem/camera_head_pretrained_best.pth
dark,0.0,1.0,0.0,1.7600785493850708,0.626116156578064,0.9507443904876709,far_right,0.6888095736503601,0.7007335424423218,0.6968907713890076,23,collision,0,pretrained,Pretrained camera head,checkpoint/closed_loop_teacher_camera_policy_light_v3d_t60_20260510_splitstem/camera_head_pretrained_best.pth
dark,0.0,1.0,0.0,1.7493146657943726,0.6293260455131531,0.9504418969154358,right,0.6848129034042358,0.7039211392402649,0.6964290738105774,23,collision,1,pretrained,Pretrained camera head,checkpoint/closed_loop_teacher_camera_policy_light_v3d_t60_20260510_splitstem/camera_head_pretrained_best.pth
dark,0.0,1.0,0.0,1.708627700805664,0.6611043810844421,0.9498763680458069,left,0.6845217347145081,0.7029357552528381,0.6961545944213867,23,collision,2,pretrained,Pretrained camera head,checkpoint/closed_loop_teacher_camera_policy_light_v3d_t60_20260510_splitstem/camera_head_pretrained_best.pth
dark,0.0,1.0,0.0,1.7509937286376953,0.6390027403831482,0.9515204429626465,left,0.6839118003845215,0.7057504653930664,0.6990876197814941,23,collision,3,pretrained,Pretrained camera head,checkpoint/closed_loop_teacher_camera_policy_light_v3d_t60_20260510_splitstem/camera_head_pretrained_best.pth
dark,0.0,1.0,0.0,1.711064338684082,0.6237509250640869,0.9524582624435425,right,0.6845228672027588,0.7070626020431519,0.6981770396232605,24,collision,4,pretrained,Pretrained camera head,checkpoint/closed_loop_teacher_camera_policy_light_v3d_t60_20260510_splitstem/camera_head_pretrained_best.pth
dark,0.0,1.0,0.0,1.535417914390564,0.6627322435379028,0.9573147296905518,left,0.6700396537780762,0.7098163366317749,0.6944146752357483,26,collision,5,pretrained,Pretrained camera head,checkpoint/closed_loop_teacher_camera_policy_light_v3d_t60_20260510_splitstem/camera_head_pretrained_best.pth
dark,0.0,1.0,0.0,1.7147843837738037,0.6313970685005188,0.9510141015052795,right,0.6840736269950867,0.7055073976516724,0.6989297866821289,23,collision,6,pretrained,Pretrained camera head,checkpoint/closed_loop_teacher_camera_policy_light_v3d_t60_20260510_splitstem/camera_head_pretrained_best.pth
dark,0.0,1.0,0.0,1.4442673921585083,0.6644642353057861,0.9588007926940918,left,0.6665851473808289,0.7094318866729736,0.6935793161392212,27,collision,7,pretrained,Pretrained camera head,checkpoint/closed_loop_teacher_camera_policy_light_v3d_t60_20260510_splitstem/camera_head_pretrained_best.pth
dark,0.0,1.0,0.0,1.7478528022766113,0.6651657223701477,0.9495287537574768,left,0.6856170892715454,0.706057608127594,0.6980969309806824,22,collision,8,pretrained,Pretrained camera head,checkpoint/closed_loop_teacher_camera_policy_light_v3d_t60_20260510_splitstem/camera_head_pretrained_best.pth
dark,0.0,1.0,0.0,1.7615201473236084,0.5751067399978638,0.9520996809005737,far_right,0.6926850080490112,0.7076267004013062,0.7006930708885193,24,collision,9,pretrained,Pretrained camera head,checkpoint/closed_loop_teacher_camera_policy_light_v3d_t60_20260510_splitstem/camera_head_pretrained_best.pth
dark,0.0,1.0,0.0,1.8167887926101685,0.6038888692855835,0.9563136100769043,far_left,0.6750879287719727,0.714182436466217,0.6963810324668884,26,collision,10,pretrained,Pretrained camera head,checkpoint/closed_loop_teacher_camera_policy_light_v3d_t60_20260510_splitstem/camera_head_pretrained_best.pth
dark,0.0,1.0,0.0,1.7313939332962036,0.5998548269271851,0.9549154043197632,right,0.6853805780410767,0.7060363292694092,0.6994187235832214,25,collision,11,pretrained,Pretrained camera head,checkpoint/closed_loop_teacher_camera_policy_light_v3d_t60_20260510_splitstem/camera_head_pretrained_best.pth
dark,0.0,1.0,0.0,1.758071780204773,0.6190587878227234,0.9519347548484802,far_right,0.6912211775779724,0.7062758803367615,0.7014331817626953,23,collision,12,pretrained,Pretrained camera head,checkpoint/closed_loop_teacher_camera_policy_light_v3d_t60_20260510_splitstem/camera_head_pretrained_best.pth
dark,0.0,1.0,0.0,1.7634174823760986,0.6325057744979858,0.952250599861145,far_left,0.6698735356330872,0.7121255993843079,0.6973105072975159,24,collision,13,pretrained,Pretrained camera head,checkpoint/closed_loop_teacher_camera_policy_light_v3d_t60_20260510_splitstem/camera_head_pretrained_best.pth
dark,0.0,1.0,0.0,1.4489821195602417,0.6561344265937805,0.9587117433547974,left,0.6667768359184265,0.7069730162620544,0.6916699409484863,27,collision,14,pretrained,Pretrained camera head,checkpoint/closed_loop_teacher_camera_policy_light_v3d_t60_20260510_splitstem/camera_head_pretrained_best.pth
dark,0.0,1.0,0.0,1.7831445932388306,0.6466085910797119,0.9527853727340698,far_left,0.6744829416275024,0.7133302688598633,0.6980451345443726,24,collision,15,pretrained,Pretrained camera head,checkpoint/closed_loop_teacher_camera_policy_light_v3d_t60_20260510_splitstem/camera_head_pretrained_best.pth
dark,0.0,1.0,0.0,1.7318542003631592,0.5988896489143372,0.9534898400306702,right,0.6870850324630737,0.7085658311843872,0.7016392946243286,24,collision,16,pretrained,Pretrained camera head,checkpoint/closed_loop_teacher_camera_policy_light_v3d_t60_20260510_splitstem/camera_head_pretrained_best.pth
dark,0.0,1.0,0.0,1.7643846273422241,0.6266657710075378,0.9498763680458069,far_right,0.6836710572242737,0.7030479907989502,0.6947604417800903,23,collision,17,pretrained,Pretrained camera head,checkpoint/closed_loop_teacher_camera_policy_light_v3d_t60_20260510_splitstem/camera_head_pretrained_best.pth
dark,0.0,1.0,0.0,1.697519302368164,0.6279225945472717,0.9532696604728699,far_right,0.6910024285316467,0.7055765986442566,0.7013046741485596,24,collision,18,pretrained,Pretrained camera head,checkpoint/closed_loop_teacher_camera_policy_light_v3d_t60_20260510_splitstem/camera_head_pretrained_best.pth
dark,0.0,1.0,0.0,1.7744628190994263,0.5677374601364136,0.9498035311698914,far_right,0.6740993857383728,0.7072515487670898,0.6941689848899841,25,collision,19,pretrained,Pretrained camera head,checkpoint/closed_loop_teacher_camera_policy_light_v3d_t60_20260510_splitstem/camera_head_pretrained_best.pth
dark,0.0,1.0,0.0,1.7072341442108154,0.5940293073654175,0.9546079635620117,far_right,0.6918166875839233,0.7094120979309082,0.7029541730880737,25,collision,20,pretrained,Pretrained camera head,checkpoint/closed_loop_teacher_camera_policy_light_v3d_t60_20260510_splitstem/camera_head_pretrained_best.pth
dark,0.0,1.0,0.0,1.7312690019607544,0.6350671648979187,0.9501263499259949,right,0.6862857937812805,0.7026395797729492,0.6975616812705994,23,collision,21,pretrained,Pretrained camera head,checkpoint/closed_loop_teacher_camera_policy_light_v3d_t60_20260510_splitstem/camera_head_pretrained_best.pth
dark,0.0,1.0,0.0,1.7336074113845825,0.659773051738739,0.9453920722007751,left,0.6820752024650574,0.6997369527816772,0.695993959903717,21,collision,22,pretrained,Pretrained camera head,checkpoint/closed_loop_teacher_camera_policy_light_v3d_t60_20260510_splitstem/camera_head_pretrained_best.pth
dark,0.0,1.0,0.0,1.7298576831817627,0.5612301230430603,0.9534755945205688,far_right,0.6761852502822876,0.7032067775726318,0.6929163932800293,27,collision,23,pretrained,Pretrained camera head,checkpoint/closed_loop_teacher_camera_policy_light_v3d_t60_20260510_splitstem/camera_head_pretrained_best.pth
dark,0.0,1.0,0.0,1.7628560066223145,0.6141877174377441,0.9511916637420654,right,0.6836256980895996,0.7057889103889465,0.6976056694984436,23,collision,24,pretrained,Pretrained camera head,checkpoint/closed_loop_teacher_camera_policy_light_v3d_t60_20260510_splitstem/camera_head_pretrained_best.pth
dark,0.0,1.0,0.0,1.7143858671188354,0.5876606702804565,0.9537158012390137,far_right,0.6901737451553345,0.7083866596221924,0.7004348039627075,25,collision,25,pretrained,Pretrained camera head,checkpoint/closed_loop_teacher_camera_policy_light_v3d_t60_20260510_splitstem/camera_head_pretrained_best.pth
dark,0.0,1.0,0.0,1.725022315979004,0.6224376559257507,0.9533766508102417,left,0.6740626692771912,0.7073500156402588,0.6952258944511414,24,collision,26,pretrained,Pretrained camera head,checkpoint/closed_loop_teacher_camera_policy_light_v3d_t60_20260510_splitstem/camera_head_pretrained_best.pth
dark,0.0,1.0,0.0,1.7167942523956299,0.6539128422737122,0.9513034224510193,right,0.6826733946800232,0.7070695757865906,0.6979746222496033,23,collision,27,pretrained,Pretrained camera head,checkpoint/closed_loop_teacher_camera_policy_light_v3d_t60_20260510_splitstem/camera_head_pretrained_best.pth
dark,0.0,1.0,0.0,1.7524528503417969,0.5779117941856384,0.949749231338501,far_right,0.6928455829620361,0.706657350063324,0.6985663175582886,25,collision,28,pretrained,Pretrained camera head,checkpoint/closed_loop_teacher_camera_policy_light_v3d_t60_20260510_splitstem/camera_head_pretrained_best.pth
dark,0.0,1.0,0.0,1.8093026876449585,0.5840144753456116,0.9538483619689941,far_left,0.6752257347106934,0.7126940488815308,0.6985005736351013,25,collision,29,pretrained,Pretrained camera head,checkpoint/closed_loop_teacher_camera_policy_light_v3d_t60_20260510_splitstem/camera_head_pretrained_best.pth
dark,0.0,1.0,0.0,1.7435818910598755,0.6270519495010376,0.9529992341995239,far_left,0.6784129738807678,0.7096646428108215,0.6975266337394714,24,collision,30,pretrained,Pretrained camera head,checkpoint/closed_loop_teacher_camera_policy_light_v3d_t60_20260510_splitstem/camera_head_pretrained_best.pth
dark,0.0,1.0,0.0,1.4526692628860474,0.6458696722984314,0.9588619470596313,left,0.6660491824150085,0.7093751430511475,0.6932200193405151,27,collision,31,pretrained,Pretrained camera head,checkpoint/closed_loop_teacher_camera_policy_light_v3d_t60_20260510_splitstem/camera_head_pretrained_best.pth
dark,0.0,1.0,0.0,1.7613835334777832,0.6404455304145813,0.9530243277549744,far_left,0.6762966513633728,0.7126480937004089,0.6979643702507019,24,collision,32,pretrained,Pretrained camera head,checkpoint/closed_loop_teacher_camera_policy_light_v3d_t60_20260510_splitstem/camera_head_pretrained_best.pth
dark,0.0,1.0,0.0,1.7732927799224854,0.5980502367019653,0.9567592144012451,far_left,0.676357090473175,0.7149534225463867,0.6988138556480408,26,collision,33,pretrained,Pretrained camera head,checkpoint/closed_loop_teacher_camera_policy_light_v3d_t60_20260510_splitstem/camera_head_pretrained_best.pth
dark,0.0,1.0,0.0,1.74528169631958,0.6029160022735596,0.9466145634651184,far_right,0.6716223955154419,0.7029423117637634,0.6906991600990295,24,collision,34,pretrained,Pretrained camera head,checkpoint/closed_loop_teacher_camera_policy_light_v3d_t60_20260510_splitstem/camera_head_pretrained_best.pth
dark,0.0,1.0,0.0,1.6357002258300781,0.6183186769485474,0.9572163820266724,left,0.6727385520935059,0.7098549604415894,0.6950250864028931,26,collision,35,pretrained,Pretrained camera head,checkpoint/closed_loop_teacher_camera_policy_light_v3d_t60_20260510_splitstem/camera_head_pretrained_best.pth
dark,0.0,1.0,0.0,1.7228500843048096,0.637033998966217,0.9503827691078186,far_left,0.6726904511451721,0.7109742760658264,0.6972367167472839,23,collision,36,pretrained,Pretrained camera head,checkpoint/closed_loop_teacher_camera_policy_light_v3d_t60_20260510_splitstem/camera_head_pretrained_best.pth
dark,0.0,1.0,0.0,1.787680745124817,0.6237655878067017,0.9521967172622681,far_left,0.6730321645736694,0.7128352522850037,0.6966800093650818,25,collision,37,pretrained,Pretrained camera head,checkpoint/closed_loop_teacher_camera_policy_light_v3d_t60_20260510_splitstem/camera_head_pretrained_best.pth
dark,0.0,1.0,0.0,1.7464873790740967,0.6292033195495605,0.9475812911987305,far_right,0.6833807826042175,0.7005288004875183,0.6936148405075073,23,collision,38,pretrained,Pretrained camera head,checkpoint/closed_loop_teacher_camera_policy_light_v3d_t60_20260510_splitstem/camera_head_pretrained_best.pth
dark,0.0,1.0,0.0,1.7048273086547852,0.6234039068222046,0.9533011317253113,left,0.6712278723716736,0.7068087458610535,0.6940536499023438,24,collision,39,pretrained,Pretrained camera head,checkpoint/closed_loop_teacher_camera_policy_light_v3d_t60_20260510_splitstem/camera_head_pretrained_best.pth
dark,0.0,1.0,0.0,1.7309904098510742,0.6559997200965881,0.9519412517547607,left,0.6879903674125671,0.707247793674469,0.699076771736145,23,collision,40,pretrained,Pretrained camera head,checkpoint/closed_loop_teacher_camera_policy_light_v3d_t60_20260510_splitstem/camera_head_pretrained_best.pth
dark,0.0,1.0,0.0,1.733752727508545,0.5873485803604126,0.9379099607467651,far_right,0.6624094247817993,0.6916629076004028,0.6781010031700134,25,collision,41,pretrained,Pretrained camera head,checkpoint/closed_loop_teacher_camera_policy_light_v3d_t60_20260510_splitstem/camera_head_pretrained_best.pth
dark,0.0,1.0,0.0,1.7092902660369873,0.6467837691307068,0.9512179493904114,right,0.6863544583320618,0.704980194568634,0.7000804543495178,23,collision,42,pretrained,Pretrained camera head,checkpoint/closed_loop_teacher_camera_policy_light_v3d_t60_20260510_splitstem/camera_head_pretrained_best.pth
dark,0.0,1.0,0.0,1.7943267822265625,0.6178882718086243,0.9521248936653137,far_left,0.6697834134101868,0.7121401429176331,0.6951154470443726,24,collision,43,pretrained,Pretrained camera head,checkpoint/closed_loop_teacher_camera_policy_light_v3d_t60_20260510_splitstem/camera_head_pretrained_best.pth
dark,0.0,1.0,0.0,1.7629318237304688,0.6534531116485596,0.9497560858726501,right,0.685703456401825,0.7051137685775757,0.6990087032318115,22,collision,44,pretrained,Pretrained camera head,checkpoint/closed_loop_teacher_camera_policy_light_v3d_t60_20260510_splitstem/camera_head_pretrained_best.pth
dark,0.0,1.0,0.0,1.8001301288604736,0.6262692213058472,0.9489983320236206,far_left,0.6820012331008911,0.7066581845283508,0.6965457797050476,22,collision,45,pretrained,Pretrained camera head,checkpoint/closed_loop_teacher_camera_policy_light_v3d_t60_20260510_splitstem/camera_head_pretrained_best.pth
dark,0.0,1.0,0.0,1.7633777856826782,0.6234486699104309,0.9544029235839844,far_left,0.6716035604476929,0.7130454778671265,0.695652186870575,25,collision,46,pretrained,Pretrained camera head,checkpoint/closed_loop_teacher_camera_policy_light_v3d_t60_20260510_splitstem/camera_head_pretrained_best.pth
dark,1.0,0.0,1.0,0.3299872577190399,0.5652700066566467,0.9821735620498657,left,0.5810182094573975,0.5901665091514587,0.5753999948501587,60,timeout,47,pretrained,Pretrained camera head,checkpoint/closed_loop_teacher_camera_policy_light_v3d_t60_20260510_splitstem/camera_head_pretrained_best.pth
dark,0.0,1.0,0.0,1.7878963947296143,0.6377474665641785,0.9523764848709106,far_left,0.669684112071991,0.712530255317688,0.695268988609314,24,collision,48,pretrained,Pretrained camera head,checkpoint/closed_loop_teacher_camera_policy_light_v3d_t60_20260510_splitstem/camera_head_pretrained_best.pth
dark,0.0,1.0,0.0,1.726863980293274,0.6063876748085022,0.9509482979774475,far_right,0.6898881196975708,0.7023394703865051,0.6986604332923889,23,collision,49,pretrained,Pretrained camera head,checkpoint/closed_loop_teacher_camera_policy_light_v3d_t60_20260510_splitstem/camera_head_pretrained_best.pth
dark,0.0,1.0,0.0,1.7116962671279907,0.641446053981781,0.9494161009788513,right,0.6831744313240051,0.7023112177848816,0.6950056552886963,23,collision,50,pretrained,Pretrained camera head,checkpoint/closed_loop_teacher_camera_policy_light_v3d_t60_20260510_splitstem/camera_head_pretrained_best.pth
dark,0.0,1.0,0.0,1.7271305322647095,0.583145797252655,0.9532634019851685,right,0.6882843971252441,0.7064918279647827,0.7004078030586243,24,collision,51,pretrained,Pretrained camera head,checkpoint/closed_loop_teacher_camera_policy_light_v3d_t60_20260510_splitstem/camera_head_pretrained_best.pth
dark,0.0,1.0,0.0,1.7020572423934937,0.6653892993927002,0.94853675365448,right,0.6820766925811768,0.7039034366607666,0.6957129836082458,22,collision,52,pretrained,Pretrained camera head,checkpoint/closed_loop_teacher_camera_policy_light_v3d_t60_20260510_splitstem/camera_head_pretrained_best.pth
dark,0.0,1.0,0.0,1.7401187419891357,0.5750876665115356,0.9551143050193787,far_right,0.6924697160720825,0.7087106704711914,0.7026504278182983,25,collision,53,pretrained,Pretrained camera head,checkpoint/closed_loop_teacher_camera_policy_light_v3d_t60_20260510_splitstem/camera_head_pretrained_best.pth
dark,0.0,1.0,0.0,1.694993257522583,0.6180471777915955,0.9528419971466064,left,0.6644846796989441,0.7067527770996094,0.6900821328163147,24,collision,54,pretrained,Pretrained camera head,checkpoint/closed_loop_teacher_camera_policy_light_v3d_t60_20260510_splitstem/camera_head_pretrained_best.pth
dark,0.0,1.0,0.0,1.7695196866989136,0.6341721415519714,0.9486729502677917,far_left,0.6745989322662354,0.7081834673881531,0.695486843585968,23,collision,55,pretrained,Pretrained camera head,checkpoint/closed_loop_teacher_camera_policy_light_v3d_t60_20260510_splitstem/camera_head_pretrained_best.pth
dark,0.0,1.0,0.0,1.7458001375198364,0.6622602343559265,0.9481303095817566,far_left,0.6694793105125427,0.7091603875160217,0.6952905058860779,22,collision,56,pretrained,Pretrained camera head,checkpoint/closed_loop_teacher_camera_policy_light_v3d_t60_20260510_splitstem/camera_head_pretrained_best.pth
dark,0.0,1.0,0.0,1.800060749053955,0.6395360827445984,0.9511058926582336,far_left,0.668788492679596,0.7121570706367493,0.6961959600448608,24,collision,57,pretrained,Pretrained camera head,checkpoint/closed_loop_teacher_camera_policy_light_v3d_t60_20260510_splitstem/camera_head_pretrained_best.pth
dark,0.0,1.0,0.0,1.675531268119812,0.6346570253372192,0.9530306458473206,left,0.6649987101554871,0.7070116996765137,0.6913850903511047,24,collision,58,pretrained,Pretrained camera head,checkpoint/closed_loop_teacher_camera_policy_light_v3d_t60_20260510_splitstem/camera_head_pretrained_best.pth
dark,0.0,1.0,0.0,1.768290400505066,0.6137550473213196,0.9508668184280396,far_left,0.674144983291626,0.7107710838317871,0.6964312791824341,24,collision,59,pretrained,Pretrained camera head,checkpoint/closed_loop_teacher_camera_policy_light_v3d_t60_20260510_splitstem/camera_head_pretrained_best.pth
dark,0.0,1.0,0.0,1.7750149965286255,0.6453726887702942,0.9488811492919922,left,0.6814614534378052,0.703988254070282,0.6966683864593506,22,collision,60,pretrained,Pretrained camera head,checkpoint/closed_loop_teacher_camera_policy_light_v3d_t60_20260510_splitstem/camera_head_pretrained_best.pth
dark,0.0,1.0,0.0,1.7660526037216187,0.608080267906189,0.9462265968322754,far_right,0.6866726279258728,0.707484781742096,0.6972048878669739,23,collision,61,pretrained,Pretrained camera head,checkpoint/closed_loop_teacher_camera_policy_light_v3d_t60_20260510_splitstem/camera_head_pretrained_best.pth
dark,0.0,1.0,0.0,1.7797284126281738,0.6407668590545654,0.947241485118866,right,0.6828513741493225,0.7021098732948303,0.6952176690101624,22,collision,62,pretrained,Pretrained camera head,checkpoint/closed_loop_teacher_camera_policy_light_v3d_t60_20260510_splitstem/camera_head_pretrained_best.pth
dark,0.0,1.0,0.0,1.734992265701294,0.6062121391296387,0.9513700008392334,far_right,0.6856691241264343,0.7082514762878418,0.6989133358001709,24,collision,63,pretrained,Pretrained camera head,checkpoint/closed_loop_teacher_camera_policy_light_v3d_t60_20260510_splitstem/camera_head_pretrained_best.pth
dark,0.0,1.0,0.0,1.7435442209243774,0.6340236067771912,0.9512113332748413,left,0.6704140901565552,0.7064147591590881,0.6932042241096497,23,collision,64,pretrained,Pretrained camera head,checkpoint/closed_loop_teacher_camera_policy_light_v3d_t60_20260510_splitstem/camera_head_pretrained_best.pth
dark,0.0,1.0,0.0,1.749994158744812,0.6305862069129944,0.9481809139251709,far_left,0.6684437990188599,0.7105326652526855,0.6934891939163208,24,collision,65,pretrained,Pretrained camera head,checkpoint/closed_loop_teacher_camera_policy_light_v3d_t60_20260510_splitstem/camera_head_pretrained_best.pth
dark,0.0,1.0,0.0,1.7282806634902954,0.5841079950332642,0.953384280204773,far_right,0.6877551078796387,0.7024941444396973,0.6971041560173035,25,collision,66,pretrained,Pretrained camera head,checkpoint/closed_loop_teacher_camera_policy_light_v3d_t60_20260510_splitstem/camera_head_pretrained_best.pth
dark,1.0,0.0,1.0,0.10271789878606796,0.5887858271598816,0.9820216298103333,left,0.5762263536453247,0.5865045189857483,0.5707444548606873,60,timeout,67,pretrained,Pretrained camera head,checkpoint/closed_loop_teacher_camera_policy_light_v3d_t60_20260510_splitstem/camera_head_pretrained_best.pth
dark,0.0,1.0,0.0,1.7631239891052246,0.66215580701828,0.9458189010620117,left,0.6807214021682739,0.7005510330200195,0.6949642300605774,21,collision,68,pretrained,Pretrained camera head,checkpoint/closed_loop_teacher_camera_policy_light_v3d_t60_20260510_splitstem/camera_head_pretrained_best.pth
dark,0.0,1.0,0.0,1.723441481590271,0.5932438373565674,0.9529425501823425,right,0.6879370212554932,0.7057410478591919,0.7003601789474487,24,collision,69,pretrained,Pretrained camera head,checkpoint/closed_loop_teacher_camera_policy_light_v3d_t60_20260510_splitstem/camera_head_pretrained_best.pth
dark,0.0,1.0,0.0,1.7611804008483887,0.584068775177002,0.9401223063468933,far_right,0.6686736345291138,0.6995095014572144,0.6866282224655151,25,collision,70,pretrained,Pretrained camera head,checkpoint/closed_loop_teacher_camera_policy_light_v3d_t60_20260510_splitstem/camera_head_pretrained_best.pth
dark,0.0,1.0,0.0,1.7930160760879517,0.655941903591156,0.9479855298995972,far_left,0.6741713881492615,0.7075077891349792,0.6955738067626953,22,collision,71,pretrained,Pretrained camera head,checkpoint/closed_loop_teacher_camera_policy_light_v3d_t60_20260510_splitstem/camera_head_pretrained_best.pth
dark,0.0,1.0,0.0,1.7676141262054443,0.6345491409301758,0.9482336044311523,right,0.6839783191680908,0.7017622590065002,0.6959138512611389,22,collision,72,pretrained,Pretrained camera head,checkpoint/closed_loop_teacher_camera_policy_light_v3d_t60_20260510_splitstem/camera_head_pretrained_best.pth
dark,0.0,1.0,0.0,1.6954123973846436,0.6304904222488403,0.9531942009925842,left,0.6692434549331665,0.70709627866745,0.6919492483139038,24,collision,73,pretrained,Pretrained camera head,checkpoint/closed_loop_teacher_camera_policy_light_v3d_t60_20260510_splitstem/camera_head_pretrained_best.pth
dark,0.0,1.0,0.0,1.7345638275146484,0.6022257804870605,0.9551384449005127,far_left,0.681230902671814,0.7104575634002686,0.6992053985595703,25,collision,74,pretrained,Pretrained camera head,checkpoint/closed_loop_teacher_camera_policy_light_v3d_t60_20260510_splitstem/camera_head_pretrained_best.pth
dark,0.0,1.0,0.0,1.7713091373443604,0.5904275178909302,0.9534960985183716,right,0.687613308429718,0.7062610387802124,0.7012673616409302,24,collision,75,pretrained,Pretrained camera head,checkpoint/closed_loop_teacher_camera_policy_light_v3d_t60_20260510_splitstem/camera_head_pretrained_best.pth
dark,0.0,1.0,0.0,1.6820522546768188,0.6600678563117981,0.9505800008773804,right,0.6868811249732971,0.7044203877449036,0.6986739039421082,23,collision,76,pretrained,Pretrained camera head,checkpoint/closed_loop_teacher_camera_policy_light_v3d_t60_20260510_splitstem/camera_head_pretrained_best.pth
dark,0.0,1.0,0.0,1.7504972219467163,0.5981077551841736,0.9532754421234131,far_left,0.6693276762962341,0.71409672498703,0.6962054371833801,26,collision,77,pretrained,Pretrained camera head,checkpoint/closed_loop_teacher_camera_policy_light_v3d_t60_20260510_splitstem/camera_head_pretrained_best.pth
dark,0.0,1.0,0.0,1.7215038537979126,0.6431649327278137,0.9501460790634155,far_right,0.6859369277954102,0.705285906791687,0.6974291801452637,23,collision,78,pretrained,Pretrained camera head,checkpoint/closed_loop_teacher_camera_policy_light_v3d_t60_20260510_splitstem/camera_head_pretrained_best.pth
dark,0.0,1.0,0.0,1.7214919328689575,0.6341158747673035,0.9500079154968262,far_right,0.6866064667701721,0.7054010033607483,0.6977182030677795,23,collision,79,pretrained,Pretrained camera head,checkpoint/closed_loop_teacher_camera_policy_light_v3d_t60_20260510_splitstem/camera_head_pretrained_best.pth
dark,0.0,1.0,0.0,1.7554570436477661,0.595724880695343,0.9527664184570312,right,0.6882593631744385,0.7072294354438782,0.7011258602142334,24,collision,80,pretrained,Pretrained camera head,checkpoint/closed_loop_teacher_camera_policy_light_v3d_t60_20260510_splitstem/camera_head_pretrained_best.pth
dark,0.0,1.0,0.0,1.7141368389129639,0.6098751425743103,0.9541377425193787,right,0.6875929236412048,0.7090315818786621,0.7019256353378296,24,collision,81,pretrained,Pretrained camera head,checkpoint/closed_loop_teacher_camera_policy_light_v3d_t60_20260510_splitstem/camera_head_pretrained_best.pth
dark,0.0,1.0,0.0,1.733237624168396,0.5985782742500305,0.9489482641220093,far_right,0.6751586198806763,0.707389235496521,0.6950913667678833,24,collision,82,pretrained,Pretrained camera head,checkpoint/closed_loop_teacher_camera_policy_light_v3d_t60_20260510_splitstem/camera_head_pretrained_best.pth
dark,0.0,1.0,0.0,1.813311219215393,0.5740734934806824,0.957152783870697,far_left,0.6796965003013611,0.7163661122322083,0.7011440992355347,26,collision,83,pretrained,Pretrained camera head,checkpoint/closed_loop_teacher_camera_policy_light_v3d_t60_20260510_splitstem/camera_head_pretrained_best.pth
dark,0.0,1.0,0.0,1.7938308715820312,0.6081271767616272,0.9514329433441162,far_left,0.6728105545043945,0.7107742428779602,0.6953639388084412,24,collision,84,pretrained,Pretrained camera head,checkpoint/closed_loop_teacher_camera_policy_light_v3d_t60_20260510_splitstem/camera_head_pretrained_best.pth
dark,0.0,1.0,0.0,1.7401533126831055,0.5886383056640625,0.9471089243888855,far_right,0.6726552844047546,0.7043269872665405,0.6918134689331055,25,collision,85,pretrained,Pretrained camera head,checkpoint/closed_loop_teacher_camera_policy_light_v3d_t60_20260510_splitstem/camera_head_pretrained_best.pth
dark,0.0,1.0,0.0,1.771722674369812,0.6224985718727112,0.9525274634361267,far_left,0.6785544157028198,0.7130190134048462,0.6984063982963562,24,collision,86,pretrained,Pretrained camera head,checkpoint/closed_loop_teacher_camera_policy_light_v3d_t60_20260510_splitstem/camera_head_pretrained_best.pth
dark,0.0,1.0,0.0,1.7506638765335083,0.6132023930549622,0.9516405463218689,far_right,0.6814888715744019,0.7069395184516907,0.6973199844360352,24,collision,87,pretrained,Pretrained camera head,checkpoint/closed_loop_teacher_camera_policy_light_v3d_t60_20260510_splitstem/camera_head_pretrained_best.pth
dark,0.0,1.0,0.0,1.7575806379318237,0.6310177445411682,0.9507312774658203,far_left,0.6772470474243164,0.708447277545929,0.6966850161552429,23,collision,88,pretrained,Pretrained camera head,checkpoint/closed_loop_teacher_camera_policy_light_v3d_t60_20260510_splitstem/camera_head_pretrained_best.pth
dark,0.0,1.0,0.0,1.7359142303466797,0.6355992555618286,0.9484058618545532,right,0.6823133826255798,0.703086256980896,0.694636881351471,22,collision,89,pretrained,Pretrained camera head,checkpoint/closed_loop_teacher_camera_policy_light_v3d_t60_20260510_splitstem/camera_head_pretrained_best.pth
dark,0.0,1.0,0.0,1.7507200241088867,0.5798009634017944,0.951722264289856,far_right,0.6785908937454224,0.7089777588844299,0.6972684860229492,24,collision,90,pretrained,Pretrained camera head,checkpoint/closed_loop_teacher_camera_policy_light_v3d_t60_20260510_splitstem/camera_head_pretrained_best.pth
dark,0.0,1.0,0.0,1.7588752508163452,0.5949889421463013,0.9556869864463806,right,0.6872142553329468,0.7088977694511414,0.7025739550590515,25,collision,91,pretrained,Pretrained camera head,checkpoint/closed_loop_teacher_camera_policy_light_v3d_t60_20260510_splitstem/camera_head_pretrained_best.pth
dark,0.0,1.0,0.0,1.7825430631637573,0.6019895672798157,0.9512968063354492,far_right,0.688466489315033,0.7066895365715027,0.7009556889533997,23,collision,92,pretrained,Pretrained camera head,checkpoint/closed_loop_teacher_camera_policy_light_v3d_t60_20260510_splitstem/camera_head_pretrained_best.pth
dark,0.0,1.0,0.0,1.7242863178253174,0.6094151735305786,0.9517852067947388,far_right,0.6839222311973572,0.7083428502082825,0.6987056136131287,24,collision,93,pretrained,Pretrained camera head,checkpoint/closed_loop_teacher_camera_policy_light_v3d_t60_20260510_splitstem/camera_head_pretrained_best.pth
dark,0.0,1.0,0.0,1.7829066514968872,0.6229013204574585,0.9519298672676086,far_left,0.6760690212249756,0.711646318435669,0.6988850831985474,24,collision,94,pretrained,Pretrained camera head,checkpoint/closed_loop_teacher_camera_policy_light_v3d_t60_20260510_splitstem/camera_head_pretrained_best.pth
dark,0.0,1.0,0.0,1.7619143724441528,0.5753563046455383,0.958299994468689,far_left,0.6796740293502808,0.7163184285163879,0.7008897066116333,27,collision,95,pretrained,Pretrained camera head,checkpoint/closed_loop_teacher_camera_policy_light_v3d_t60_20260510_splitstem/camera_head_pretrained_best.pth
dark,0.0,1.0,0.0,1.7493188381195068,0.6147258281707764,0.9504090547561646,far_right,0.6879143714904785,0.7032867074012756,0.6975796222686768,23,collision,96,pretrained,Pretrained camera head,checkpoint/closed_loop_teacher_camera_policy_light_v3d_t60_20260510_splitstem/camera_head_pretrained_best.pth
dark,0.0,1.0,0.0,1.7624248266220093,0.6022183299064636,0.9543830156326294,left,0.6870054006576538,0.7077072262763977,0.6998583674430847,24,collision,97,pretrained,Pretrained camera head,checkpoint/closed_loop_teacher_camera_policy_light_v3d_t60_20260510_splitstem/camera_head_pretrained_best.pth
dark,0.0,1.0,0.0,1.7265875339508057,0.627650797367096,0.9521500468254089,far_left,0.6662354469299316,0.7127193212509155,0.6968393921852112,24,collision,98,pretrained,Pretrained camera head,checkpoint/closed_loop_teacher_camera_policy_light_v3d_t60_20260510_splitstem/camera_head_pretrained_best.pth
dark,0.0,1.0,0.0,1.7610317468643188,0.6339797973632812,0.9483644366264343,right,0.6841357946395874,0.7016290426254272,0.6945460438728333,22,collision,99,pretrained,Pretrained camera head,checkpoint/closed_loop_teacher_camera_policy_light_v3d_t60_20260510_splitstem/camera_head_pretrained_best.pth
dark,0.0,1.0,0.0,1.7482727766036987,0.6685452461242676,0.9489638805389404,left,0.6852825880050659,0.7036178112030029,0.6993098258972168,22,collision,100,pretrained,Pretrained camera head,checkpoint/closed_loop_teacher_camera_policy_light_v3d_t60_20260510_splitstem/camera_head_pretrained_best.pth
dark,0.0,1.0,0.0,1.8295371532440186,0.5907564759254456,0.9561053514480591,far_left,0.6710177659988403,0.7124192118644714,0.6929237246513367,26,collision,101,pretrained,Pretrained camera head,checkpoint/closed_loop_teacher_camera_policy_light_v3d_t60_20260510_splitstem/camera_head_pretrained_best.pth
dark,0.0,1.0,0.0,1.7276955842971802,0.6380021572113037,0.9513165950775146,right,0.6862413883209229,0.7068683505058289,0.7006867527961731,23,collision,102,pretrained,Pretrained camera head,checkpoint/closed_loop_teacher_camera_policy_light_v3d_t60_20260510_splitstem/camera_head_pretrained_best.pth
dark,0.0,1.0,0.0,1.6690629720687866,0.6892035603523254,0.9485712051391602,left,0.6814067363739014,0.7024685740470886,0.6962639093399048,22,collision,103,pretrained,Pretrained camera head,checkpoint/closed_loop_teacher_camera_policy_light_v3d_t60_20260510_splitstem/camera_head_pretrained_best.pth
dark,0.0,1.0,0.0,1.7719526290893555,0.6076309084892273,0.9495541453361511,far_right,0.6855053305625916,0.7031819820404053,0.695621132850647,23,collision,104,pretrained,Pretrained camera head,checkpoint/closed_loop_teacher_camera_policy_light_v3d_t60_20260510_splitstem/camera_head_pretrained_best.pth
dark,0.0,1.0,0.0,1.7929348945617676,0.6395483016967773,0.9508290886878967,far_left,0.6721891164779663,0.7110276818275452,0.6955739259719849,24,collision,105,pretrained,Pretrained camera head,checkpoint/closed_loop_teacher_camera_policy_light_v3d_t60_20260510_splitstem/camera_head_pretrained_best.pth
dark,0.0,1.0,0.0,1.697950839996338,0.6377753615379333,0.9533766508102417,left,0.6698824763298035,0.7069585919380188,0.6923277974128723,24,collision,106,pretrained,Pretrained camera head,checkpoint/closed_loop_teacher_camera_policy_light_v3d_t60_20260510_splitstem/camera_head_pretrained_best.pth
dark,0.0,1.0,0.0,1.7825249433517456,0.58884197473526,0.9531187415122986,right,0.6859576106071472,0.7043797373771667,0.6987578272819519,24,collision,107,pretrained,Pretrained camera head,checkpoint/closed_loop_teacher_camera_policy_light_v3d_t60_20260510_splitstem/camera_head_pretrained_best.pth
dark,0.0,1.0,0.0,1.7417045831680298,0.6141863465309143,0.9537729620933533,left,0.689428448677063,0.7082989811897278,0.7005928158760071,24,collision,108,pretrained,Pretrained camera head,checkpoint/closed_loop_teacher_camera_policy_light_v3d_t60_20260510_splitstem/camera_head_pretrained_best.pth
dark,0.0,1.0,0.0,1.7835968732833862,0.6053073406219482,0.9499421715736389,far_right,0.687139093875885,0.7012706398963928,0.6958699822425842,23,collision,109,pretrained,Pretrained camera head,checkpoint/closed_loop_teacher_camera_policy_light_v3d_t60_20260510_splitstem/camera_head_pretrained_best.pth
dark,0.0,1.0,0.0,1.7044399976730347,0.6711257100105286,0.9481233954429626,far_right,0.6861059665679932,0.703103244304657,0.6972506046295166,22,collision,110,pretrained,Pretrained camera head,checkpoint/closed_loop_teacher_camera_policy_light_v3d_t60_20260510_splitstem/camera_head_pretrained_best.pth
dark,0.0,1.0,0.0,1.8188436031341553,0.6102409362792969,0.9518355131149292,far_left,0.6736006736755371,0.7122577428817749,0.6976686716079712,24,collision,111,pretrained,Pretrained camera head,checkpoint/closed_loop_teacher_camera_policy_light_v3d_t60_20260510_splitstem/camera_head_pretrained_best.pth
dark,0.0,1.0,0.0,1.7351648807525635,0.5972427129745483,0.9523512721061707,far_right,0.6914645433425903,0.7088608145713806,0.7017611861228943,24,collision,112,pretrained,Pretrained camera head,checkpoint/closed_loop_teacher_camera_policy_light_v3d_t60_20260510_splitstem/camera_head_pretrained_best.pth
dark,0.0,1.0,0.0,1.7693649530410767,0.6462870836257935,0.9486607313156128,right,0.6862873435020447,0.7023788690567017,0.6982306838035583,22,collision,113,pretrained,Pretrained camera head,checkpoint/closed_loop_teacher_camera_policy_light_v3d_t60_20260510_splitstem/camera_head_pretrained_best.pth
dark,0.0,1.0,0.0,1.7253296375274658,0.5788827538490295,0.9572800993919373,far_right,0.6953523755073547,0.7090940475463867,0.7040060758590698,26,collision,114,pretrained,Pretrained camera head,checkpoint/closed_loop_teacher_camera_policy_light_v3d_t60_20260510_splitstem/camera_head_pretrained_best.pth
dark,0.0,1.0,0.0,1.7665956020355225,0.6652935147285461,0.946310818195343,right,0.6707043647766113,0.7022058367729187,0.689675509929657,21,collision,115,pretrained,Pretrained camera head,checkpoint/closed_loop_teacher_camera_policy_light_v3d_t60_20260510_splitstem/camera_head_pretrained_best.pth
dark,0.0,1.0,0.0,1.7834471464157104,0.6483803391456604,0.9453848004341125,right,0.6849569082260132,0.7008204460144043,0.6958974003791809,21,collision,116,pretrained,Pretrained camera head,checkpoint/closed_loop_teacher_camera_policy_light_v3d_t60_20260510_splitstem/camera_head_pretrained_best.pth
dark,0.0,1.0,0.0,1.7452763319015503,0.6344075798988342,0.9530746936798096,far_left,0.6768874526023865,0.7105865478515625,0.6981850862503052,24,collision,117,pretrained,Pretrained camera head,checkpoint/closed_loop_teacher_camera_policy_light_v3d_t60_20260510_splitstem/camera_head_pretrained_best.pth
dark,0.0,1.0,0.0,1.7583574056625366,0.6692662239074707,0.9478271007537842,left,0.6844196319580078,0.7009297013282776,0.6966054439544678,22,collision,118,pretrained,Pretrained camera head,checkpoint/closed_loop_teacher_camera_policy_light_v3d_t60_20260510_splitstem/camera_head_pretrained_best.pth
dark,0.0,1.0,0.0,1.7770700454711914,0.6447240710258484,0.9511851072311401,far_left,0.6806175112724304,0.7071074843406677,0.6970331072807312,23,collision,119,pretrained,Pretrained camera head,checkpoint/closed_loop_teacher_camera_policy_light_v3d_t60_20260510_splitstem/camera_head_pretrained_best.pth
dark,0.0,1.0,0.0,1.7367074489593506,0.6249748468399048,0.9511982798576355,left,0.6851587295532227,0.7046295404434204,0.6993255615234375,23,collision,120,pretrained,Pretrained camera head,checkpoint/closed_loop_teacher_camera_policy_light_v3d_t60_20260510_splitstem/camera_head_pretrained_best.pth
dark,0.0,1.0,0.0,1.7894208431243896,0.6206266283988953,0.9521500468254089,far_left,0.6703138947486877,0.7105507254600525,0.6921454071998596,24,collision,121,pretrained,Pretrained camera head,checkpoint/closed_loop_teacher_camera_policy_light_v3d_t60_20260510_splitstem/camera_head_pretrained_best.pth
dark,0.0,1.0,0.0,1.7609162330627441,0.6012116074562073,0.954106330871582,far_right,0.6916686296463013,0.7078188061714172,0.7032068371772766,24,collision,122,pretrained,Pretrained camera head,checkpoint/closed_loop_teacher_camera_policy_light_v3d_t60_20260510_splitstem/camera_head_pretrained_best.pth
dark,0.0,1.0,0.0,1.8163714408874512,0.6092543601989746,0.9529299736022949,far_left,0.6742586493492126,0.7121326923370361,0.6961256861686707,24,collision,123,pretrained,Pretrained camera head,checkpoint/closed_loop_teacher_camera_policy_light_v3d_t60_20260510_splitstem/camera_head_pretrained_best.pth
dark,0.0,1.0,0.0,1.7675535678863525,0.6183116436004639,0.951717734336853,left,0.6786519289016724,0.7067314982414246,0.6954383254051208,23,collision,124,pretrained,Pretrained camera head,checkpoint/closed_loop_teacher_camera_policy_light_v3d_t60_20260510_splitstem/camera_head_pretrained_best.pth
dark,0.0,1.0,0.0,1.7283776998519897,0.6433073878288269,0.9491429924964905,right,0.6752055287361145,0.7048795819282532,0.6935754418373108,22,collision,125,pretrained,Pretrained camera head,checkpoint/closed_loop_teacher_camera_policy_light_v3d_t60_20260510_splitstem/camera_head_pretrained_best.pth
dark,0.0,1.0,0.0,1.7856738567352295,0.6042180061340332,0.9523512721061707,far_left,0.6725422739982605,0.7101362347602844,0.6966359615325928,24,collision,126,pretrained,Pretrained camera head,checkpoint/closed_loop_teacher_camera_policy_light_v3d_t60_20260510_splitstem/camera_head_pretrained_best.pth
dark,0.0,1.0,0.0,1.7567843198776245,0.6205564141273499,0.9514769911766052,far_left,0.668858528137207,0.7131039500236511,0.6969033479690552,24,collision,127,pretrained,Pretrained camera head,checkpoint/closed_loop_teacher_camera_policy_light_v3d_t60_20260510_splitstem/camera_head_pretrained_best.pth
dark,0.0,1.0,0.0,1.5997982025146484,0.6286411881446838,0.9571816921234131,left,0.6674007177352905,0.7094851732254028,0.6936977505683899,26,collision,128,pretrained,Pretrained camera head,checkpoint/closed_loop_teacher_camera_policy_light_v3d_t60_20260510_splitstem/camera_head_pretrained_best.pth
dark,0.0,1.0,0.0,1.7638581991195679,0.6141118407249451,0.951651930809021,far_left,0.6826187968254089,0.7083449959754944,0.6978437304496765,23,collision,129,pretrained,Pretrained camera head,checkpoint/closed_loop_teacher_camera_policy_light_v3d_t60_20260510_splitstem/camera_head_pretrained_best.pth
dark,0.0,1.0,0.0,1.70792555809021,0.5916053056716919,0.955524206161499,far_right,0.6925108432769775,0.7055484652519226,0.7022180557250977,25,collision,130,pretrained,Pretrained camera head,checkpoint/closed_loop_teacher_camera_policy_light_v3d_t60_20260510_splitstem/camera_head_pretrained_best.pth
dark,0.0,1.0,0.0,1.7777098417282104,0.6452512741088867,0.9491016864776611,right,0.6774640679359436,0.7048750519752502,0.694463849067688,22,collision,131,pretrained,Pretrained camera head,checkpoint/closed_loop_teacher_camera_policy_light_v3d_t60_20260510_splitstem/camera_head_pretrained_best.pth
dark,0.0,1.0,0.0,1.7759710550308228,0.6126095652580261,0.9510337710380554,right,0.6874747276306152,0.7040584087371826,0.6995436549186707,23,collision,132,pretrained,Pretrained camera head,checkpoint/closed_loop_teacher_camera_policy_light_v3d_t60_20260510_splitstem/camera_head_pretrained_best.pth
dark,0.0,1.0,0.0,1.7294158935546875,0.5964101552963257,0.9460358619689941,far_right,0.6705190539360046,0.7024380564689636,0.6890164613723755,25,collision,133,pretrained,Pretrained camera head,checkpoint/closed_loop_teacher_camera_policy_light_v3d_t60_20260510_splitstem/camera_head_pretrained_best.pth
dark,0.0,1.0,0.0,1.7810297012329102,0.5953078866004944,0.9511390328407288,far_right,0.6888206005096436,0.7058365941047668,0.6996645927429199,23,collision,134,pretrained,Pretrained camera head,checkpoint/closed_loop_teacher_camera_policy_light_v3d_t60_20260510_splitstem/camera_head_pretrained_best.pth
dark,0.0,1.0,0.0,1.7084189653396606,0.5818232297897339,0.954764723777771,far_right,0.6875491142272949,0.7095222473144531,0.7012590169906616,25,collision,135,pretrained,Pretrained camera head,checkpoint/closed_loop_teacher_camera_policy_light_v3d_t60_20260510_splitstem/camera_head_pretrained_best.pth
dark,0.0,1.0,0.0,1.7253963947296143,0.6470462083816528,0.9510666728019714,right,0.6881992220878601,0.7059544920921326,0.7006564140319824,23,collision,136,pretrained,Pretrained camera head,checkpoint/closed_loop_teacher_camera_policy_light_v3d_t60_20260510_splitstem/camera_head_pretrained_best.pth
dark,0.0,1.0,0.0,1.752756953239441,0.6518493294715881,0.9515204429626465,left,0.6882063746452332,0.7074788212776184,0.6992130875587463,23,collision,137,pretrained,Pretrained camera head,checkpoint/closed_loop_teacher_camera_policy_light_v3d_t60_20260510_splitstem/camera_head_pretrained_best.pth
dark,0.0,1.0,0.0,1.755033016204834,0.5880557894706726,0.950552225112915,far_right,0.6861640214920044,0.7034631967544556,0.6956481337547302,24,collision,138,pretrained,Pretrained camera head,checkpoint/closed_loop_teacher_camera_policy_light_v3d_t60_20260510_splitstem/camera_head_pretrained_best.pth
dark,0.0,1.0,0.0,1.776538372039795,0.5760713815689087,0.9487606883049011,far_right,0.6787476539611816,0.7056059241294861,0.6962324976921082,25,collision,139,pretrained,Pretrained camera head,checkpoint/closed_loop_teacher_camera_policy_light_v3d_t60_20260510_splitstem/camera_head_pretrained_best.pth
dark,0.0,1.0,0.0,1.7946079969406128,0.6123117804527283,0.9519361853599548,far_left,0.6755610704421997,0.711471676826477,0.6981529593467712,24,collision,140,pretrained,Pretrained camera head,checkpoint/closed_loop_teacher_camera_policy_light_v3d_t60_20260510_splitstem/camera_head_pretrained_best.pth
dark,0.0,1.0,0.0,1.7742031812667847,0.6214192509651184,0.951049268245697,far_left,0.6734834909439087,0.7107874155044556,0.6951668858528137,24,collision,141,pretrained,Pretrained camera head,checkpoint/closed_loop_teacher_camera_policy_light_v3d_t60_20260510_splitstem/camera_head_pretrained_best.pth
dark,0.0,1.0,0.0,1.8091799020767212,0.6332769393920898,0.952319860458374,far_left,0.6751295328140259,0.7117037773132324,0.6972439289093018,24,collision,142,pretrained,Pretrained camera head,checkpoint/closed_loop_teacher_camera_policy_light_v3d_t60_20260510_splitstem/camera_head_pretrained_best.pth
dark,0.0,1.0,0.0,1.7799961566925049,0.592134952545166,0.9535470008850098,far_left,0.6761714220046997,0.7127679586410522,0.6980931758880615,25,collision,143,pretrained,Pretrained camera head,checkpoint/closed_loop_teacher_camera_policy_light_v3d_t60_20260510_splitstem/camera_head_pretrained_best.pth
dark,1.0,0.0,1.0,0.32474929094314575,0.5429651737213135,0.982330322265625,left,0.5801233649253845,0.5881059765815735,0.5728918313980103,60,timeout,144,pretrained,Pretrained camera head,checkpoint/closed_loop_teacher_camera_policy_light_v3d_t60_20260510_splitstem/camera_head_pretrained_best.pth
dark,0.0,1.0,0.0,1.7798335552215576,0.6170167326927185,0.9495344161987305,left,0.684967577457428,0.7029671669006348,0.6967079043388367,23,collision,145,pretrained,Pretrained camera head,checkpoint/closed_loop_teacher_camera_policy_light_v3d_t60_20260510_splitstem/camera_head_pretrained_best.pth
dark,0.0,1.0,0.0,1.7387057542800903,0.6007985472679138,0.9512631297111511,far_right,0.6873303055763245,0.7055010795593262,0.6972547173500061,24,collision,146,pretrained,Pretrained camera head,checkpoint/closed_loop_teacher_camera_policy_light_v3d_t60_20260510_splitstem/camera_head_pretrained_best.pth
dark,0.0,1.0,0.0,1.7426220178604126,0.605714738368988,0.9507095813751221,far_right,0.6902107000350952,0.7063406109809875,0.6984763741493225,24,collision,147,pretrained,Pretrained camera head,checkpoint/closed_loop_teacher_camera_policy_light_v3d_t60_20260510_splitstem/camera_head_pretrained_best.pth
dark,0.0,1.0,0.0,1.7530101537704468,0.5863111615180969,0.9573147892951965,far_left,0.6843876242637634,0.711287796497345,0.6998832821846008,26,collision,148,pretrained,Pretrained camera head,checkpoint/closed_loop_teacher_camera_policy_light_v3d_t60_20260510_splitstem/camera_head_pretrained_best.pth
dark,0.0,1.0,0.0,1.8083398342132568,0.6192060112953186,0.9515901803970337,far_left,0.6766233444213867,0.7110418081283569,0.6978875398635864,24,collision,149,pretrained,Pretrained camera head,checkpoint/closed_loop_teacher_camera_policy_light_v3d_t60_20260510_splitstem/camera_head_pretrained_best.pth
dark,0.0,1.0,0.0,1.7881150245666504,0.6311762928962708,0.951237678527832,right,0.6800815463066101,0.7057593464851379,0.6951932907104492,23,collision,150,pretrained,Pretrained camera head,checkpoint/closed_loop_teacher_camera_policy_light_v3d_t60_20260510_splitstem/camera_head_pretrained_best.pth
dark,0.0,1.0,0.0,1.7113325595855713,0.5652099251747131,0.9415450692176819,far_right,0.6672478914260864,0.6972736120223999,0.6850080490112305,26,collision,151,pretrained,Pretrained camera head,checkpoint/closed_loop_teacher_camera_policy_light_v3d_t60_20260510_splitstem/camera_head_pretrained_best.pth
dark,0.0,1.0,0.0,1.7000155448913574,0.6543179154396057,0.9517703056335449,right,0.6856168508529663,0.7071616053581238,0.7016025185585022,23,collision,152,pretrained,Pretrained camera head,checkpoint/closed_loop_teacher_camera_policy_light_v3d_t60_20260510_splitstem/camera_head_pretrained_best.pth
dark,0.0,1.0,0.0,1.7602348327636719,0.6262053847312927,0.9511521458625793,right,0.6865653991699219,0.7057284712791443,0.6996774077415466,23,collision,153,pretrained,Pretrained camera head,checkpoint/closed_loop_teacher_camera_policy_light_v3d_t60_20260510_splitstem/camera_head_pretrained_best.pth
dark,0.0,1.0,0.0,1.7877037525177002,0.6159937977790833,0.9500737190246582,left,0.6833351254463196,0.7023269534111023,0.6970803737640381,23,collision,154,pretrained,Pretrained camera head,checkpoint/closed_loop_teacher_camera_policy_light_v3d_t60_20260510_splitstem/camera_head_pretrained_best.pth
dark,0.0,1.0,0.0,1.7593283653259277,0.5949657559394836,0.9508227705955505,far_right,0.6872132420539856,0.7030376195907593,0.6965280771255493,24,collision,155,pretrained,Pretrained camera head,checkpoint/closed_loop_teacher_camera_policy_light_v3d_t60_20260510_splitstem/camera_head_pretrained_best.pth
dark,0.0,1.0,0.0,1.7033617496490479,0.6455519199371338,0.9510535001754761,left,0.6804389953613281,0.7042128443717957,0.69720059633255,23,collision,156,pretrained,Pretrained camera head,checkpoint/closed_loop_teacher_camera_policy_light_v3d_t60_20260510_splitstem/camera_head_pretrained_best.pth
dark,0.0,1.0,0.0,1.7363897562026978,0.6000111699104309,0.954037070274353,far_right,0.690909206867218,0.7068151235580444,0.7031354904174805,24,collision,157,pretrained,Pretrained camera head,checkpoint/closed_loop_teacher_camera_policy_light_v3d_t60_20260510_splitstem/camera_head_pretrained_best.pth
dark,0.0,1.0,0.0,1.6603176593780518,0.6530765891075134,0.953577995300293,left,0.6730086803436279,0.707920491695404,0.6944187879562378,24,collision,158,pretrained,Pretrained camera head,checkpoint/closed_loop_teacher_camera_policy_light_v3d_t60_20260510_splitstem/camera_head_pretrained_best.pth
dark,0.0,1.0,0.0,1.7612775564193726,0.6051188111305237,0.9566724300384521,far_left,0.6797903776168823,0.715268075466156,0.6999533176422119,26,collision,159,pretrained,Pretrained camera head,checkpoint/closed_loop_teacher_camera_policy_light_v3d_t60_20260510_splitstem/camera_head_pretrained_best.pth
dark,0.0,1.0,0.0,1.7576744556427002,0.6226695775985718,0.9494423866271973,far_right,0.6872913241386414,0.7029605507850647,0.696735680103302,23,collision,160,pretrained,Pretrained camera head,checkpoint/closed_loop_teacher_camera_policy_light_v3d_t60_20260510_splitstem/camera_head_pretrained_best.pth
dark,0.0,1.0,0.0,1.777381420135498,0.663648784160614,0.947668731212616,far_left,0.669392466545105,0.7089089751243591,0.6947323083877563,22,collision,161,pretrained,Pretrained camera head,checkpoint/closed_loop_teacher_camera_policy_light_v3d_t60_20260510_splitstem/camera_head_pretrained_best.pth
dark,0.0,1.0,0.0,1.755863904953003,0.6011672616004944,0.9528545141220093,far_right,0.6913423538208008,0.7035300135612488,0.6999624371528625,24,collision,162,pretrained,Pretrained camera head,checkpoint/closed_loop_teacher_camera_policy_light_v3d_t60_20260510_splitstem/camera_head_pretrained_best.pth
dark,0.0,1.0,0.0,1.7398455142974854,0.6422572731971741,0.950494647026062,far_right,0.6880378723144531,0.7041633725166321,0.6978282928466797,23,collision,163,pretrained,Pretrained camera head,checkpoint/closed_loop_teacher_camera_policy_light_v3d_t60_20260510_splitstem/camera_head_pretrained_best.pth
dark,0.0,1.0,0.0,1.7570600509643555,0.6563379764556885,0.9482336044311523,left,0.6679492592811584,0.7041109204292297,0.6894698739051819,22,collision,164,pretrained,Pretrained camera head,checkpoint/closed_loop_teacher_camera_policy_light_v3d_t60_20260510_splitstem/camera_head_pretrained_best.pth
dark,0.0,1.0,0.0,1.7449688911437988,0.5762940049171448,0.9496588110923767,far_right,0.6809573173522949,0.7056884169578552,0.6958297491073608,25,collision,165,pretrained,Pretrained camera head,checkpoint/closed_loop_teacher_camera_policy_light_v3d_t60_20260510_splitstem/camera_head_pretrained_best.pth
dark,0.0,1.0,0.0,1.7326390743255615,0.6459192037582397,0.9510600566864014,left,0.6762567162513733,0.7059449553489685,0.694892406463623,23,collision,166,pretrained,Pretrained camera head,checkpoint/closed_loop_teacher_camera_policy_light_v3d_t60_20260510_splitstem/camera_head_pretrained_best.pth
dark,0.0,1.0,0.0,1.7596604824066162,0.5814751386642456,0.9555966258049011,right,0.6863090395927429,0.7103499174118042,0.7019171118736267,25,collision,167,pretrained,Pretrained camera head,checkpoint/closed_loop_teacher_camera_policy_light_v3d_t60_20260510_splitstem/camera_head_pretrained_best.pth
dark,0.0,1.0,0.0,1.7778195142745972,0.6059390306472778,0.956064760684967,far_left,0.6727006435394287,0.7133370637893677,0.6966144442558289,26,collision,168,pretrained,Pretrained camera head,checkpoint/closed_loop_teacher_camera_policy_light_v3d_t60_20260510_splitstem/camera_head_pretrained_best.pth
dark,0.0,1.0,0.0,1.7706305980682373,0.6258978247642517,0.948541522026062,far_right,0.6897151470184326,0.7071309089660645,0.698739230632782,23,collision,169,pretrained,Pretrained camera head,checkpoint/closed_loop_teacher_camera_policy_light_v3d_t60_20260510_splitstem/camera_head_pretrained_best.pth
dark,0.0,1.0,0.0,1.526586890220642,0.7081992030143738,0.9530495405197144,left,0.6861475706100464,0.7081607580184937,0.6988590359687805,24,collision,170,pretrained,Pretrained camera head,checkpoint/closed_loop_teacher_camera_policy_light_v3d_t60_20260510_splitstem/camera_head_pretrained_best.pth
dark,0.0,1.0,0.0,1.7439887523651123,0.6375510096549988,0.9513007402420044,far_left,0.6676179766654968,0.7123685479164124,0.6962493658065796,24,collision,171,pretrained,Pretrained camera head,checkpoint/closed_loop_teacher_camera_policy_light_v3d_t60_20260510_splitstem/camera_head_pretrained_best.pth
dark,0.0,1.0,0.0,1.775078535079956,0.6208748817443848,0.949948787689209,far_left,0.6677986979484558,0.7103047370910645,0.6955147385597229,23,collision,172,pretrained,Pretrained camera head,checkpoint/closed_loop_teacher_camera_policy_light_v3d_t60_20260510_splitstem/camera_head_pretrained_best.pth
dark,0.0,1.0,0.0,1.7589036226272583,0.6039525270462036,0.9521814584732056,right,0.6861163973808289,0.7064661979675293,0.6999845504760742,24,collision,173,pretrained,Pretrained camera head,checkpoint/closed_loop_teacher_camera_policy_light_v3d_t60_20260510_splitstem/camera_head_pretrained_best.pth
dark,0.0,1.0,0.0,1.7833393812179565,0.6062452793121338,0.9502314925193787,far_right,0.6862308979034424,0.7003510594367981,0.6952632665634155,23,collision,174,pretrained,Pretrained camera head,checkpoint/closed_loop_teacher_camera_policy_light_v3d_t60_20260510_splitstem/camera_head_pretrained_best.pth
dark,0.0,1.0,0.0,1.7977205514907837,0.6397796273231506,0.9475790858268738,far_left,0.6713491082191467,0.707740306854248,0.6947030425071716,22,collision,175,pretrained,Pretrained camera head,checkpoint/closed_loop_teacher_camera_policy_light_v3d_t60_20260510_splitstem/camera_head_pretrained_best.pth
dark,0.0,1.0,0.0,1.756050705909729,0.6004744172096252,0.9495333433151245,far_right,0.688612163066864,0.7000055313110352,0.6957837343215942,24,collision,176,pretrained,Pretrained camera head,checkpoint/closed_loop_teacher_camera_policy_light_v3d_t60_20260510_splitstem/camera_head_pretrained_best.pth
dark,0.0,1.0,0.0,1.6865360736846924,0.6790679097175598,0.9510864019393921,left,0.6828024983406067,0.7073449492454529,0.6974738240242004,23,collision,177,pretrained,Pretrained camera head,checkpoint/closed_loop_teacher_camera_policy_light_v3d_t60_20260510_splitstem/camera_head_pretrained_best.pth
dark,0.0,1.0,0.0,1.7680879831314087,0.6502763032913208,0.9489983320236206,left,0.6840395331382751,0.7028868198394775,0.6978434324264526,22,collision,178,pretrained,Pretrained camera head,checkpoint/closed_loop_teacher_camera_policy_light_v3d_t60_20260510_splitstem/camera_head_pretrained_best.pth
dark,0.0,1.0,0.0,1.7531427145004272,0.6234248280525208,0.9511916637420654,right,0.6834571361541748,0.7066874504089355,0.6988103985786438,23,collision,179,pretrained,Pretrained camera head,checkpoint/closed_loop_teacher_camera_policy_light_v3d_t60_20260510_splitstem/camera_head_pretrained_best.pth
dark,0.0,1.0,0.0,1.75531005859375,0.6193360090255737,0.9526658654212952,left,0.6817337870597839,0.7037513852119446,0.6963010430335999,24,collision,180,pretrained,Pretrained camera head,checkpoint/closed_loop_teacher_camera_policy_light_v3d_t60_20260510_splitstem/camera_head_pretrained_best.pth
dark,0.0,1.0,0.0,1.733515739440918,0.5910820960998535,0.953571081161499,far_right,0.6807270050048828,0.7084972858428955,0.6970477104187012,25,collision,181,pretrained,Pretrained camera head,checkpoint/closed_loop_teacher_camera_policy_light_v3d_t60_20260510_splitstem/camera_head_pretrained_best.pth
dark,0.0,1.0,0.0,1.7327613830566406,0.6270328760147095,0.9512179493904114,left,0.6887686848640442,0.7060105800628662,0.6984601616859436,23,collision,182,pretrained,Pretrained camera head,checkpoint/closed_loop_teacher_camera_policy_light_v3d_t60_20260510_splitstem/camera_head_pretrained_best.pth
dark,0.0,1.0,0.0,1.7846184968948364,0.605668842792511,0.9521689414978027,far_left,0.6721287369728088,0.7116981148719788,0.6975213289260864,24,collision,183,pretrained,Pretrained camera head,checkpoint/closed_loop_teacher_camera_policy_light_v3d_t60_20260510_splitstem/camera_head_pretrained_best.pth
dark,0.0,1.0,0.0,1.7931829690933228,0.5976501703262329,0.9533239603042603,far_left,0.6769301891326904,0.7120025157928467,0.69820237159729,25,collision,184,pretrained,Pretrained camera head,checkpoint/closed_loop_teacher_camera_policy_light_v3d_t60_20260510_splitstem/camera_head_pretrained_best.pth
dark,0.0,1.0,0.0,1.7540335655212402,0.6121789813041687,0.9481204748153687,far_right,0.6862878799438477,0.701124906539917,0.6954113245010376,23,collision,185,pretrained,Pretrained camera head,checkpoint/closed_loop_teacher_camera_policy_light_v3d_t60_20260510_splitstem/camera_head_pretrained_best.pth
dark,0.0,1.0,0.0,1.769012212753296,0.6107368469238281,0.9500276446342468,far_right,0.6886459589004517,0.7029504179954529,0.6980147361755371,23,collision,186,pretrained,Pretrained camera head,checkpoint/closed_loop_teacher_camera_policy_light_v3d_t60_20260510_splitstem/camera_head_pretrained_best.pth
dark,0.0,1.0,0.0,1.7551935911178589,0.584650993347168,0.9556713104248047,far_left,0.6768938899040222,0.7137566804885864,0.6998561024665833,26,collision,187,pretrained,Pretrained camera head,checkpoint/closed_loop_teacher_camera_policy_light_v3d_t60_20260510_splitstem/camera_head_pretrained_best.pth
dark,0.0,1.0,0.0,1.785688042640686,0.609390377998352,0.9452573657035828,far_right,0.6815845370292664,0.6998668313026428,0.6919006109237671,22,collision,188,pretrained,Pretrained camera head,checkpoint/closed_loop_teacher_camera_policy_light_v3d_t60_20260510_splitstem/camera_head_pretrained_best.pth
dark,0.0,1.0,0.0,1.7217649221420288,0.649197518825531,0.9530999064445496,far_left,0.6803029775619507,0.7102416753768921,0.6984692811965942,24,collision,189,pretrained,Pretrained camera head,checkpoint/closed_loop_teacher_camera_policy_light_v3d_t60_20260510_splitstem/camera_head_pretrained_best.pth
dark,0.0,1.0,0.0,1.4303451776504517,0.6570072174072266,0.9608517289161682,left,0.6809818744659424,0.7089818120002747,0.6982821822166443,28,collision,190,pretrained,Pretrained camera head,checkpoint/closed_loop_teacher_camera_policy_light_v3d_t60_20260510_splitstem/camera_head_pretrained_best.pth
dark,0.0,1.0,0.0,1.7453056573867798,0.6275628209114075,0.9512771368026733,right,0.6863999366760254,0.7053434252738953,0.699887752532959,23,collision,191,pretrained,Pretrained camera head,checkpoint/closed_loop_teacher_camera_policy_light_v3d_t60_20260510_splitstem/camera_head_pretrained_best.pth
dark,0.0,1.0,0.0,1.764422059059143,0.5787387490272522,0.9549515247344971,far_right,0.6899992227554321,0.7105409502983093,0.703985869884491,25,collision,192,pretrained,Pretrained camera head,checkpoint/closed_loop_teacher_camera_policy_light_v3d_t60_20260510_splitstem/camera_head_pretrained_best.pth
dark,0.0,1.0,0.0,1.7338826656341553,0.5981626510620117,0.9535276293754578,far_right,0.6923506855964661,0.7072864174842834,0.7021631002426147,24,collision,193,pretrained,Pretrained camera head,checkpoint/closed_loop_teacher_camera_policy_light_v3d_t60_20260510_splitstem/camera_head_pretrained_best.pth
dark,0.0,1.0,0.0,1.6733101606369019,0.6660937666893005,0.9511193633079529,left,0.6662208437919617,0.7048535943031311,0.69085693359375,23,collision,194,pretrained,Pretrained camera head,checkpoint/closed_loop_teacher_camera_policy_light_v3d_t60_20260510_splitstem/camera_head_pretrained_best.pth
dark,0.0,1.0,0.0,1.717121958732605,0.593060314655304,0.9515999555587769,far_right,0.689276397228241,0.7081142663955688,0.6987032294273376,25,collision,195,pretrained,Pretrained camera head,checkpoint/closed_loop_teacher_camera_policy_light_v3d_t60_20260510_splitstem/camera_head_pretrained_best.pth
dark,0.0,1.0,0.0,1.7031676769256592,0.6351762413978577,0.9537352323532104,far_left,0.686616063117981,0.7098365426063538,0.7001723647117615,24,collision,196,pretrained,Pretrained camera head,checkpoint/closed_loop_teacher_camera_policy_light_v3d_t60_20260510_splitstem/camera_head_pretrained_best.pth
dark,0.0,1.0,0.0,1.7250856161117554,0.581244707107544,0.9538544416427612,far_right,0.6836574077606201,0.7093852758407593,0.6994163393974304,25,collision,197,pretrained,Pretrained camera head,checkpoint/closed_loop_teacher_camera_policy_light_v3d_t60_20260510_splitstem/camera_head_pretrained_best.pth
dark,0.0,1.0,0.0,1.705993890762329,0.6292546987533569,0.95315021276474,right,0.6869753003120422,0.7063765525817871,0.6997224688529968,24,collision,198,pretrained,Pretrained camera head,checkpoint/closed_loop_teacher_camera_policy_light_v3d_t60_20260510_splitstem/camera_head_pretrained_best.pth
dark,0.0,1.0,0.0,1.750260591506958,0.6290354132652283,0.9509220123291016,right,0.6857451796531677,0.7036178708076477,0.6989517211914062,23,collision,199,pretrained,Pretrained camera head,checkpoint/closed_loop_teacher_camera_policy_light_v3d_t60_20260510_splitstem/camera_head_pretrained_best.pth
dark,0.0,1.0,0.0,1.725771188735962,0.6523405313491821,0.9476824402809143,left,0.6852031946182251,0.7021368145942688,0.6974261403083801,22,collision,200,pretrained,Pretrained camera head,checkpoint/closed_loop_teacher_camera_policy_light_v3d_t60_20260510_splitstem/camera_head_pretrained_best.pth
dark,0.0,1.0,0.0,1.7568186521530151,0.5989813208580017,0.9537338614463806,far_left,0.6752619743347168,0.7135187387466431,0.6987563967704773,25,collision,201,pretrained,Pretrained camera head,checkpoint/closed_loop_teacher_camera_policy_light_v3d_t60_20260510_splitstem/camera_head_pretrained_best.pth
dark,0.0,1.0,0.0,1.7045695781707764,0.660812497138977,0.9486952424049377,right,0.6828942894935608,0.7057775855064392,0.6985515356063843,22,collision,202,pretrained,Pretrained camera head,checkpoint/closed_loop_teacher_camera_policy_light_v3d_t60_20260510_splitstem/camera_head_pretrained_best.pth
dark,1.0,0.0,1.0,0.25533559918403625,0.5484600067138672,0.9820433855056763,left,0.5784237384796143,0.5873035192489624,0.571333646774292,60,timeout,203,pretrained,Pretrained camera head,checkpoint/closed_loop_teacher_camera_policy_light_v3d_t60_20260510_splitstem/camera_head_pretrained_best.pth
dark,0.0,1.0,0.0,1.7058663368225098,0.6349127292633057,0.9541755318641663,right,0.6814325451850891,0.7100147008895874,0.7002598643302917,24,collision,204,pretrained,Pretrained camera head,checkpoint/closed_loop_teacher_camera_policy_light_v3d_t60_20260510_splitstem/camera_head_pretrained_best.pth
dark,0.0,1.0,0.0,1.7471996545791626,0.6276851296424866,0.9522044062614441,right,0.6806100010871887,0.7081692218780518,0.6990763545036316,23,collision,205,pretrained,Pretrained camera head,checkpoint/closed_loop_teacher_camera_policy_light_v3d_t60_20260510_splitstem/camera_head_pretrained_best.pth
dark,0.0,1.0,0.0,1.755152702331543,0.5854856967926025,0.952194094657898,far_right,0.6891014575958252,0.7092267870903015,0.7006710171699524,24,collision,206,pretrained,Pretrained camera head,checkpoint/closed_loop_teacher_camera_policy_light_v3d_t60_20260510_splitstem/camera_head_pretrained_best.pth
dark,1.0,0.0,1.0,0.2470540851354599,0.5428483486175537,0.9822531938552856,left,0.5798075199127197,0.5849570035934448,0.5696989893913269,60,timeout,207,pretrained,Pretrained camera head,checkpoint/closed_loop_teacher_camera_policy_light_v3d_t60_20260510_splitstem/camera_head_pretrained_best.pth
dark,0.0,1.0,0.0,1.7722231149673462,0.6277772188186646,0.9496321082115173,right,0.6758159399032593,0.7055138945579529,0.6942577362060547,22,collision,208,pretrained,Pretrained camera head,checkpoint/closed_loop_teacher_camera_policy_light_v3d_t60_20260510_splitstem/camera_head_pretrained_best.pth
dark,0.0,1.0,0.0,1.7476310729980469,0.5959646105766296,0.9554745554924011,far_left,0.6639186143875122,0.7144550085067749,0.6967535018920898,26,collision,209,pretrained,Pretrained camera head,checkpoint/closed_loop_teacher_camera_policy_light_v3d_t60_20260510_splitstem/camera_head_pretrained_best.pth
dark,0.0,0.0,0.0,0.3997560143470764,0.572391152381897,0.9822362661361694,left,0.5797801613807678,0.5873949527740479,0.5724723935127258,60,timeout,210,pretrained,Pretrained camera head,checkpoint/closed_loop_teacher_camera_policy_light_v3d_t60_20260510_splitstem/camera_head_pretrained_best.pth
dark,0.0,1.0,0.0,1.7498860359191895,0.6089575886726379,0.9511561393737793,far_right,0.688022255897522,0.7012742161750793,0.6965003609657288,24,collision,211,pretrained,Pretrained camera head,checkpoint/closed_loop_teacher_camera_policy_light_v3d_t60_20260510_splitstem/camera_head_pretrained_best.pth
dark,0.0,1.0,0.0,1.7073978185653687,0.6302629113197327,0.952319860458374,far_right,0.6871689558029175,0.7010912895202637,0.6963632702827454,24,collision,212,pretrained,Pretrained camera head,checkpoint/closed_loop_teacher_camera_policy_light_v3d_t60_20260510_splitstem/camera_head_pretrained_best.pth
dark,0.0,1.0,0.0,1.793485164642334,0.629288911819458,0.94903963804245,left,0.6793156862258911,0.7048557996749878,0.6957114338874817,22,collision,213,pretrained,Pretrained camera head,checkpoint/closed_loop_teacher_camera_policy_light_v3d_t60_20260510_splitstem/camera_head_pretrained_best.pth
dark,0.0,1.0,0.0,1.7431912422180176,0.5735311508178711,0.9556629061698914,right,0.6821844577789307,0.7099627256393433,0.7022377848625183,25,collision,214,pretrained,Pretrained camera head,checkpoint/closed_loop_teacher_camera_policy_light_v3d_t60_20260510_splitstem/camera_head_pretrained_best.pth
dark,0.0,1.0,0.0,1.7442731857299805,0.6397929191589355,0.9511653184890747,far_left,0.6768293380737305,0.7101792693138123,0.6979940533638,23,collision,215,pretrained,Pretrained camera head,checkpoint/closed_loop_teacher_camera_policy_light_v3d_t60_20260510_splitstem/camera_head_pretrained_best.pth
dark,0.0,1.0,0.0,1.7595635652542114,0.5946848392486572,0.950552225112915,far_right,0.6883654594421387,0.7012181878089905,0.6960783004760742,24,collision,216,pretrained,Pretrained camera head,checkpoint/closed_loop_teacher_camera_policy_light_v3d_t60_20260510_splitstem/camera_head_pretrained_best.pth
dark,0.0,1.0,0.0,1.7211440801620483,0.6521099209785461,0.9510864019393921,right,0.6874980330467224,0.7058762311935425,0.6996644139289856,23,collision,217,pretrained,Pretrained camera head,checkpoint/closed_loop_teacher_camera_policy_light_v3d_t60_20260510_splitstem/camera_head_pretrained_best.pth
dark,0.0,1.0,0.0,1.7638683319091797,0.5833491683006287,0.9505460262298584,far_right,0.6893276572227478,0.7075704336166382,0.6985982656478882,24,collision,218,pretrained,Pretrained camera head,checkpoint/closed_loop_teacher_camera_policy_light_v3d_t60_20260510_splitstem/camera_head_pretrained_best.pth
dark,0.0,1.0,0.0,1.807472586631775,0.6035018563270569,0.9509360194206238,far_left,0.6752954721450806,0.7106388807296753,0.6967092156410217,24,collision,219,pretrained,Pretrained camera head,checkpoint/closed_loop_teacher_camera_policy_light_v3d_t60_20260510_splitstem/camera_head_pretrained_best.pth
dark,0.0,1.0,0.0,1.7449531555175781,0.6169798374176025,0.953703761100769,far_left,0.673224151134491,0.7141315340995789,0.6989221572875977,25,collision,220,pretrained,Pretrained camera head,checkpoint/closed_loop_teacher_camera_policy_light_v3d_t60_20260510_splitstem/camera_head_pretrained_best.pth
dark,0.0,1.0,0.0,1.7558578252792358,0.5997097492218018,0.953213095664978,right,0.6869913935661316,0.7072457075119019,0.700567901134491,24,collision,221,pretrained,Pretrained camera head,checkpoint/closed_loop_teacher_camera_policy_light_v3d_t60_20260510_splitstem/camera_head_pretrained_best.pth
dark,0.0,1.0,0.0,1.815963625907898,0.5988947153091431,0.9542884230613708,far_left,0.6719207763671875,0.7140056490898132,0.6972908973693848,25,collision,222,pretrained,Pretrained camera head,checkpoint/closed_loop_teacher_camera_policy_light_v3d_t60_20260510_splitstem/camera_head_pretrained_best.pth
dark,0.0,1.0,0.0,1.801488995552063,0.621103048324585,0.9492451548576355,far_left,0.6673725843429565,0.7106693387031555,0.6950979232788086,23,collision,223,pretrained,Pretrained camera head,checkpoint/closed_loop_teacher_camera_policy_light_v3d_t60_20260510_splitstem/camera_head_pretrained_best.pth
dark,0.0,1.0,0.0,1.7250481843948364,0.629214882850647,0.9500802755355835,left,0.6912874579429626,0.7046319842338562,0.6981593370437622,23,collision,224,pretrained,Pretrained camera head,checkpoint/closed_loop_teacher_camera_policy_light_v3d_t60_20260510_splitstem/camera_head_pretrained_best.pth
dark,0.0,1.0,0.0,1.750282645225525,0.610763669013977,0.9534018039703369,far_left,0.6832828521728516,0.7093126177787781,0.6985331773757935,24,collision,225,pretrained,Pretrained camera head,checkpoint/closed_loop_teacher_camera_policy_light_v3d_t60_20260510_splitstem/camera_head_pretrained_best.pth
dark,0.0,1.0,0.0,1.763317346572876,0.6317155957221985,0.9519544243812561,left,0.687544047832489,0.7073315978050232,0.6988732814788818,23,collision,226,pretrained,Pretrained camera head,checkpoint/closed_loop_teacher_camera_policy_light_v3d_t60_20260510_splitstem/camera_head_pretrained_best.pth
dark,0.0,1.0,0.0,1.6531580686569214,0.6797025799751282,0.9510798454284668,left,0.6652470827102661,0.705909788608551,0.6907026171684265,23,collision,227,pretrained,Pretrained camera head,checkpoint/closed_loop_teacher_camera_policy_light_v3d_t60_20260510_splitstem/camera_head_pretrained_best.pth
dark,0.0,1.0,0.0,1.7222814559936523,0.6238320469856262,0.9510666728019714,left,0.6693997979164124,0.7059701085090637,0.691523551940918,23,collision,228,pretrained,Pretrained camera head,checkpoint/closed_loop_teacher_camera_policy_light_v3d_t60_20260510_splitstem/camera_head_pretrained_best.pth
dark,0.0,1.0,0.0,1.778881311416626,0.6153479218482971,0.9507904052734375,right,0.6861180067062378,0.7040532827377319,0.6987014412879944,23,collision,229,pretrained,Pretrained camera head,checkpoint/closed_loop_teacher_camera_policy_light_v3d_t60_20260510_splitstem/camera_head_pretrained_best.pth
dark,0.0,1.0,0.0,1.750542402267456,0.6708639860153198,0.9459563493728638,left,0.6713076829910278,0.7028759717941284,0.6900259256362915,21,collision,230,pretrained,Pretrained camera head,checkpoint/closed_loop_teacher_camera_policy_light_v3d_t60_20260510_splitstem/camera_head_pretrained_best.pth
dark,0.0,1.0,0.0,1.739518165588379,0.6458447575569153,0.9481468200683594,left,0.6830858588218689,0.7008096575737,0.6964533925056458,23,collision,231,pretrained,Pretrained camera head,checkpoint/closed_loop_teacher_camera_policy_light_v3d_t60_20260510_splitstem/camera_head_pretrained_best.pth
dark,0.0,1.0,0.0,1.7907238006591797,0.628995418548584,0.9498961567878723,far_left,0.6760823130607605,0.7111464738845825,0.6971617341041565,23,collision,232,pretrained,Pretrained camera head,checkpoint/closed_loop_teacher_camera_policy_light_v3d_t60_20260510_splitstem/camera_head_pretrained_best.pth
dark,0.0,1.0,0.0,1.7813441753387451,0.6154500246047974,0.9516845345497131,far_left,0.6704660058021545,0.7108091115951538,0.6947619318962097,24,collision,233,pretrained,Pretrained camera head,checkpoint/closed_loop_teacher_camera_policy_light_v3d_t60_20260510_splitstem/camera_head_pretrained_best.pth
dark,0.0,1.0,0.0,1.7718561887741089,0.608643114566803,0.950336754322052,far_right,0.6873349547386169,0.7039962410926819,0.6971543431282043,23,collision,234,pretrained,Pretrained camera head,checkpoint/closed_loop_teacher_camera_policy_light_v3d_t60_20260510_splitstem/camera_head_pretrained_best.pth
dark,0.0,1.0,0.0,1.727402687072754,0.5964463949203491,0.9540292620658875,far_right,0.6824409365653992,0.7090786695480347,0.6984082460403442,25,collision,235,pretrained,Pretrained camera head,checkpoint/closed_loop_teacher_camera_policy_light_v3d_t60_20260510_splitstem/camera_head_pretrained_best.pth
dark,0.0,0.0,0.0,0.36249780654907227,0.5376164317131042,0.9822868704795837,left,0.5819886326789856,0.5913787484169006,0.5763390064239502,60,timeout,236,pretrained,Pretrained camera head,checkpoint/closed_loop_teacher_camera_policy_light_v3d_t60_20260510_splitstem/camera_head_pretrained_best.pth
dark,0.0,1.0,0.0,1.7660051584243774,0.6464017629623413,0.9501763582229614,right,0.6803858280181885,0.7067205309867859,0.6982702612876892,22,collision,237,pretrained,Pretrained camera head,checkpoint/closed_loop_teacher_camera_policy_light_v3d_t60_20260510_splitstem/camera_head_pretrained_best.pth
dark,0.0,1.0,0.0,1.6600492000579834,0.6579707264900208,0.951171875,left,0.6697966456413269,0.7061680555343628,0.6918920278549194,23,collision,238,pretrained,Pretrained camera head,checkpoint/closed_loop_teacher_camera_policy_light_v3d_t60_20260510_splitstem/camera_head_pretrained_best.pth
dark,0.0,1.0,0.0,1.7716654539108276,0.6186478734016418,0.9496331214904785,far_right,0.6857647895812988,0.7040753364562988,0.6965793967247009,23,collision,239,pretrained,Pretrained camera head,checkpoint/closed_loop_teacher_camera_policy_light_v3d_t60_20260510_splitstem/camera_head_pretrained_best.pth
dark,0.0,1.0,0.0,1.7596644163131714,0.5931930541992188,0.952407956123352,far_right,0.6868979334831238,0.7050473093986511,0.6975141167640686,24,collision,240,pretrained,Pretrained camera head,checkpoint/closed_loop_teacher_camera_policy_light_v3d_t60_20260510_splitstem/camera_head_pretrained_best.pth
dark,0.0,1.0,0.0,1.7139179706573486,0.6159237623214722,0.9535905122756958,left,0.6738234758377075,0.7079501152038574,0.6953068971633911,24,collision,241,pretrained,Pretrained camera head,checkpoint/closed_loop_teacher_camera_policy_light_v3d_t60_20260510_splitstem/camera_head_pretrained_best.pth
dark,0.0,1.0,0.0,1.7784940004348755,0.632255494594574,0.9516594409942627,far_left,0.6749443411827087,0.7119396328926086,0.6972562074661255,24,collision,242,pretrained,Pretrained camera head,checkpoint/closed_loop_teacher_camera_policy_light_v3d_t60_20260510_splitstem/camera_head_pretrained_best.pth
dark,0.0,0.0,0.0,0.47761327028274536,0.5411727428436279,0.982192873954773,left,0.5812988877296448,0.5891595482826233,0.5728065967559814,60,timeout,243,pretrained,Pretrained camera head,checkpoint/closed_loop_teacher_camera_policy_light_v3d_t60_20260510_splitstem/camera_head_pretrained_best.pth
dark,0.0,1.0,0.0,1.7146679162979126,0.6601276993751526,0.9488192200660706,left,0.6888578534126282,0.7045396566390991,0.6974521279335022,22,collision,244,pretrained,Pretrained camera head,checkpoint/closed_loop_teacher_camera_policy_light_v3d_t60_20260510_splitstem/camera_head_pretrained_best.pth
dark,0.0,1.0,0.0,1.7800829410552979,0.6101882457733154,0.9540834426879883,far_left,0.6712319254875183,0.7136843204498291,0.6968221664428711,25,collision,245,pretrained,Pretrained camera head,checkpoint/closed_loop_teacher_camera_policy_light_v3d_t60_20260510_splitstem/camera_head_pretrained_best.pth
dark,0.0,1.0,0.0,1.7916959524154663,0.5904814600944519,0.9538242816925049,far_left,0.6738104224205017,0.7129535675048828,0.6986788511276245,25,collision,246,pretrained,Pretrained camera head,checkpoint/closed_loop_teacher_camera_policy_light_v3d_t60_20260510_splitstem/camera_head_pretrained_best.pth
dark,0.0,1.0,0.0,1.782241702079773,0.6274093389511108,0.9511455297470093,far_left,0.6795352697372437,0.708564281463623,0.6976161599159241,23,collision,247,pretrained,Pretrained camera head,checkpoint/closed_loop_teacher_camera_policy_light_v3d_t60_20260510_splitstem/camera_head_pretrained_best.pth
dark,0.0,1.0,0.0,1.8070266246795654,0.5995395183563232,0.9548852443695068,far_left,0.6766500473022461,0.7142391204833984,0.6979395151138306,25,collision,248,pretrained,Pretrained camera head,checkpoint/closed_loop_teacher_camera_policy_light_v3d_t60_20260510_splitstem/camera_head_pretrained_best.pth
dark,0.0,1.0,0.0,1.7514870166778564,0.6290698051452637,0.9510600566864014,right,0.6866966485977173,0.7056743502616882,0.6988057494163513,23,collision,249,pretrained,Pretrained camera head,checkpoint/closed_loop_teacher_camera_policy_light_v3d_t60_20260510_splitstem/camera_head_pretrained_best.pth
dark,0.0,1.0,0.0,1.6694024801254272,0.6436222791671753,0.9536030888557434,left,0.6673761606216431,0.7070346474647522,0.6922607421875,24,collision,250,pretrained,Pretrained camera head,checkpoint/closed_loop_teacher_camera_policy_light_v3d_t60_20260510_splitstem/camera_head_pretrained_best.pth
dark,0.0,1.0,0.0,1.7430229187011719,0.6333812475204468,0.9488372802734375,far_left,0.6682805418968201,0.7096481919288635,0.6943919658660889,23,collision,251,pretrained,Pretrained camera head,checkpoint/closed_loop_teacher_camera_policy_light_v3d_t60_20260510_splitstem/camera_head_pretrained_best.pth
dark,0.0,1.0,0.0,1.7555030584335327,0.5938296914100647,0.949350893497467,far_right,0.6795589923858643,0.7063011527061462,0.6963435411453247,24,collision,252,pretrained,Pretrained camera head,checkpoint/closed_loop_teacher_camera_policy_light_v3d_t60_20260510_splitstem/camera_head_pretrained_best.pth
dark,1.0,0.0,1.0,0.33812952041625977,0.5474237203598022,0.9821518659591675,left,0.5811958909034729,0.592140257358551,0.575977087020874,60,timeout,253,pretrained,Pretrained camera head,checkpoint/closed_loop_teacher_camera_policy_light_v3d_t60_20260510_splitstem/camera_head_pretrained_best.pth
dark,0.0,0.0,0.0,0.6102921962738037,0.523716390132904,0.9821977019309998,left,0.5833819508552551,0.5971291661262512,0.5795756578445435,60,timeout,254,pretrained,Pretrained camera head,checkpoint/closed_loop_teacher_camera_policy_light_v3d_t60_20260510_splitstem/camera_head_pretrained_best.pth
dark,0.0,1.0,0.0,1.7406424283981323,0.6372220516204834,0.9533137679100037,far_left,0.6821267604827881,0.7099869847297668,0.6991353631019592,24,collision,255,pretrained,Pretrained camera head,checkpoint/closed_loop_teacher_camera_policy_light_v3d_t60_20260510_splitstem/camera_head_pretrained_best.pth
dark,0.0,1.0,0.0,1.7307813167572021,0.6383557915687561,0.9508628249168396,right,0.687413215637207,0.7037290334701538,0.6993517875671387,23,collision,256,pretrained,Pretrained camera head,checkpoint/closed_loop_teacher_camera_policy_light_v3d_t60_20260510_splitstem/camera_head_pretrained_best.pth
dark,0.0,1.0,0.0,1.7165236473083496,0.6300052404403687,0.9522255063056946,right,0.6876957416534424,0.7063488364219666,0.7002326250076294,24,collision,257,pretrained,Pretrained camera head,checkpoint/closed_loop_teacher_camera_policy_light_v3d_t60_20260510_splitstem/camera_head_pretrained_best.pth
dark,0.0,1.0,0.0,1.7794888019561768,0.6127983927726746,0.9465732574462891,far_right,0.6846839785575867,0.7066059112548828,0.6971308588981628,22,collision,258,pretrained,Pretrained camera head,checkpoint/closed_loop_teacher_camera_policy_light_v3d_t60_20260510_splitstem/camera_head_pretrained_best.pth
dark,0.0,1.0,0.0,1.7671964168548584,0.6284601092338562,0.9489293694496155,right,0.6860368251800537,0.703849732875824,0.6988031268119812,22,collision,259,pretrained,Pretrained camera head,checkpoint/closed_loop_teacher_camera_policy_light_v3d_t60_20260510_splitstem/camera_head_pretrained_best.pth
dark,0.0,1.0,0.0,1.7160934209823608,0.6302312612533569,0.9534773230552673,right,0.6865584254264832,0.7087051868438721,0.7014256715774536,24,collision,260,pretrained,Pretrained camera head,checkpoint/closed_loop_teacher_camera_policy_light_v3d_t60_20260510_splitstem/camera_head_pretrained_best.pth
dark,0.0,1.0,0.0,1.7613451480865479,0.6444113254547119,0.9492464065551758,right,0.6831659078598022,0.7067420482635498,0.7003265023231506,22,collision,261,pretrained,Pretrained camera head,checkpoint/closed_loop_teacher_camera_policy_light_v3d_t60_20260510_splitstem/camera_head_pretrained_best.pth
dark,0.0,1.0,0.0,1.7321107387542725,0.5822221636772156,0.9553071856498718,far_right,0.6925662755966187,0.7081907987594604,0.7033452987670898,25,collision,262,pretrained,Pretrained camera head,checkpoint/closed_loop_teacher_camera_policy_light_v3d_t60_20260510_splitstem/camera_head_pretrained_best.pth
dark,0.0,1.0,0.0,1.740382432937622,0.6323474049568176,0.951204776763916,far_right,0.6910808086395264,0.7030815482139587,0.7000713348388672,23,collision,263,pretrained,Pretrained camera head,checkpoint/closed_loop_teacher_camera_policy_light_v3d_t60_20260510_splitstem/camera_head_pretrained_best.pth
dark,0.0,1.0,0.0,1.7418973445892334,0.6081492900848389,0.9539689421653748,far_left,0.6759158372879028,0.7130653262138367,0.6993260383605957,25,collision,264,pretrained,Pretrained camera head,checkpoint/closed_loop_teacher_camera_policy_light_v3d_t60_20260510_splitstem/camera_head_pretrained_best.pth
dark,0.0,1.0,0.0,1.7011549472808838,0.6393129229545593,0.9536471366882324,left,0.6865037679672241,0.7092447876930237,0.6994149684906006,24,collision,265,pretrained,Pretrained camera head,checkpoint/closed_loop_teacher_camera_policy_light_v3d_t60_20260510_splitstem/camera_head_pretrained_best.pth
dark,0.0,1.0,0.0,1.7092833518981934,0.6752780079841614,0.9485436677932739,left,0.6856515407562256,0.706062912940979,0.6975045800209045,22,collision,266,pretrained,Pretrained camera head,checkpoint/closed_loop_teacher_camera_policy_light_v3d_t60_20260510_splitstem/camera_head_pretrained_best.pth
dark,0.0,1.0,0.0,1.7337605953216553,0.6475160121917725,0.9471657276153564,left,0.6825636029243469,0.6997755765914917,0.6944035887718201,22,collision,267,pretrained,Pretrained camera head,checkpoint/closed_loop_teacher_camera_policy_light_v3d_t60_20260510_splitstem/camera_head_pretrained_best.pth
dark,0.0,1.0,0.0,1.7560046911239624,0.6126416921615601,0.9537352323532104,left,0.6875076293945312,0.7087768912315369,0.7001813650131226,24,collision,268,pretrained,Pretrained camera head,checkpoint/closed_loop_teacher_camera_policy_light_v3d_t60_20260510_splitstem/camera_head_pretrained_best.pth
dark,0.0,1.0,0.0,1.741011619567871,0.6457213759422302,0.9515992999076843,left,0.6887807250022888,0.7068786025047302,0.6987754702568054,23,collision,269,pretrained,Pretrained camera head,checkpoint/closed_loop_teacher_camera_policy_light_v3d_t60_20260510_splitstem/camera_head_pretrained_best.pth
dark,0.0,1.0,0.0,1.7802298069000244,0.6392617225646973,0.9489914178848267,far_left,0.6819246411323547,0.7067915797233582,0.6967259645462036,22,collision,270,pretrained,Pretrained camera head,checkpoint/closed_loop_teacher_camera_policy_light_v3d_t60_20260510_splitstem/camera_head_pretrained_best.pth
dark,0.0,1.0,0.0,1.7781027555465698,0.6309224963188171,0.9513638019561768,far_left,0.6650422811508179,0.7120488882064819,0.695828914642334,24,collision,271,pretrained,Pretrained camera head,checkpoint/closed_loop_teacher_camera_policy_light_v3d_t60_20260510_splitstem/camera_head_pretrained_best.pth
dark,0.0,1.0,0.0,1.7844175100326538,0.6191619634628296,0.9500385522842407,right,0.6806168556213379,0.7062076330184937,0.6980366706848145,22,collision,272,pretrained,Pretrained camera head,checkpoint/closed_loop_teacher_camera_policy_light_v3d_t60_20260510_splitstem/camera_head_pretrained_best.pth
dark,0.0,1.0,0.0,1.7030082941055298,0.6313628554344177,0.9535338282585144,right,0.687300980091095,0.7076001763343811,0.7016779780387878,24,collision,273,pretrained,Pretrained camera head,checkpoint/closed_loop_teacher_camera_policy_light_v3d_t60_20260510_splitstem/camera_head_pretrained_best.pth
dark,0.0,1.0,0.0,1.6932162046432495,0.649086058139801,0.9506458044052124,left,0.6728293299674988,0.7051300406455994,0.6926576495170593,23,collision,274,pretrained,Pretrained camera head,checkpoint/closed_loop_teacher_camera_policy_light_v3d_t60_20260510_splitstem/camera_head_pretrained_best.pth
dark,0.0,1.0,0.0,1.7385584115982056,0.6457306742668152,0.9492464065551758,left,0.6762286424636841,0.7053664922714233,0.6943556070327759,22,collision,275,pretrained,Pretrained camera head,checkpoint/closed_loop_teacher_camera_policy_light_v3d_t60_20260510_splitstem/camera_head_pretrained_best.pth
dark,0.0,1.0,0.0,1.7427819967269897,0.6127906441688538,0.9536911845207214,right,0.6853185296058655,0.7094042301177979,0.7012532353401184,24,collision,276,pretrained,Pretrained camera head,checkpoint/closed_loop_teacher_camera_policy_light_v3d_t60_20260510_splitstem/camera_head_pretrained_best.pth
dark,0.0,1.0,0.0,1.7909090518951416,0.610297679901123,0.9536911845207214,far_left,0.6830355525016785,0.7096958160400391,0.6988931894302368,24,collision,277,pretrained,Pretrained camera head,checkpoint/closed_loop_teacher_camera_policy_light_v3d_t60_20260510_splitstem/camera_head_pretrained_best.pth
dark,0.0,1.0,0.0,1.7233620882034302,0.6260457634925842,0.9518733024597168,left,0.6872259378433228,0.7037864327430725,0.6989110708236694,24,collision,278,pretrained,Pretrained camera head,checkpoint/closed_loop_teacher_camera_policy_light_v3d_t60_20260510_splitstem/camera_head_pretrained_best.pth
dark,0.0,1.0,0.0,1.7751463651657104,0.6173421740531921,0.9492738842964172,right,0.6827672719955444,0.7065228223800659,0.6990705728530884,22,collision,279,pretrained,Pretrained camera head,checkpoint/closed_loop_teacher_camera_policy_light_v3d_t60_20260510_splitstem/camera_head_pretrained_best.pth
dark,0.0,1.0,0.0,1.8103572130203247,0.6067571043968201,0.9512127637863159,far_left,0.6652763485908508,0.71156907081604,0.6943721175193787,24,collision,280,pretrained,Pretrained camera head,checkpoint/closed_loop_teacher_camera_policy_light_v3d_t60_20260510_splitstem/camera_head_pretrained_best.pth
dark,0.0,1.0,0.0,1.770336627960205,0.6155021786689758,0.9491496086120605,far_left,0.6666865944862366,0.7111494541168213,0.6933759450912476,24,collision,281,pretrained,Pretrained camera head,checkpoint/closed_loop_teacher_camera_policy_light_v3d_t60_20260510_splitstem/camera_head_pretrained_best.pth
dark,0.0,1.0,0.0,1.7719064950942993,0.615829348564148,0.9528167843818665,far_left,0.6724528074264526,0.7115601301193237,0.696784257888794,24,collision,282,pretrained,Pretrained camera head,checkpoint/closed_loop_teacher_camera_policy_light_v3d_t60_20260510_splitstem/camera_head_pretrained_best.pth
dark,0.0,1.0,0.0,1.76883065700531,0.6759518980979919,0.9460427761077881,far_left,0.6637144684791565,0.7092292308807373,0.6926528215408325,22,collision,283,pretrained,Pretrained camera head,checkpoint/closed_loop_teacher_camera_policy_light_v3d_t60_20260510_splitstem/camera_head_pretrained_best.pth
dark,0.0,1.0,0.0,1.7556707859039307,0.6163063049316406,0.9506063461303711,right,0.6854236721992493,0.7045699954032898,0.698235034942627,23,collision,284,pretrained,Pretrained camera head,checkpoint/closed_loop_teacher_camera_policy_light_v3d_t60_20260510_splitstem/camera_head_pretrained_best.pth
dark,0.0,1.0,0.0,1.7608215808868408,0.5655949115753174,0.9549515247344971,far_right,0.692105233669281,0.707179069519043,0.7008838653564453,25,collision,285,pretrained,Pretrained camera head,checkpoint/closed_loop_teacher_camera_policy_light_v3d_t60_20260510_splitstem/camera_head_pretrained_best.pth
dark,0.0,1.0,0.0,1.7305233478546143,0.636448860168457,0.9507904052734375,far_right,0.6886245012283325,0.7057011723518372,0.6996054649353027,23,collision,286,pretrained,Pretrained camera head,checkpoint/closed_loop_teacher_camera_policy_light_v3d_t60_20260510_splitstem/camera_head_pretrained_best.pth
dark,0.0,1.0,0.0,1.773424506187439,0.6005864143371582,0.9534960985183716,far_right,0.691692590713501,0.706466019153595,0.7027871608734131,24,collision,287,pretrained,Pretrained camera head,checkpoint/closed_loop_teacher_camera_policy_light_v3d_t60_20260510_splitstem/camera_head_pretrained_best.pth
dark,0.0,1.0,0.0,1.7678035497665405,0.6217039227485657,0.9489362835884094,right,0.6759820580482483,0.7056485414505005,0.6944898366928101,22,collision,288,pretrained,Pretrained camera head,checkpoint/closed_loop_teacher_camera_policy_light_v3d_t60_20260510_splitstem/camera_head_pretrained_best.pth
dark,0.0,1.0,0.0,1.7931581735610962,0.6631975173950195,0.9451389312744141,right,0.68445885181427,0.7013937830924988,0.6961675882339478,21,collision,289,pretrained,Pretrained camera head,checkpoint/closed_loop_teacher_camera_policy_light_v3d_t60_20260510_splitstem/camera_head_pretrained_best.pth
dark,0.0,1.0,0.0,1.718601107597351,0.5950915813446045,0.9549998044967651,far_right,0.6912474632263184,0.7069284915924072,0.7014437913894653,25,collision,290,pretrained,Pretrained camera head,checkpoint/closed_loop_teacher_camera_policy_light_v3d_t60_20260510_splitstem/camera_head_pretrained_best.pth
dark,0.0,1.0,0.0,1.7202892303466797,0.56527179479599,0.9547395706176758,far_right,0.677487313747406,0.7055992484092712,0.6940422058105469,26,collision,291,pretrained,Pretrained camera head,checkpoint/closed_loop_teacher_camera_policy_light_v3d_t60_20260510_splitstem/camera_head_pretrained_best.pth
dark,0.0,1.0,0.0,1.743996024131775,0.654036819934845,0.950849711894989,right,0.6817421913146973,0.7052324414253235,0.6960439682006836,23,collision,292,pretrained,Pretrained camera head,checkpoint/closed_loop_teacher_camera_policy_light_v3d_t60_20260510_splitstem/camera_head_pretrained_best.pth
dark,0.0,1.0,0.0,1.7759329080581665,0.5933049917221069,0.9530243277549744,far_right,0.6916110515594482,0.7083337306976318,0.7018340826034546,24,collision,293,pretrained,Pretrained camera head,checkpoint/closed_loop_teacher_camera_policy_light_v3d_t60_20260510_splitstem/camera_head_pretrained_best.pth
dark,0.0,1.0,0.0,1.7792047262191772,0.6070538759231567,0.9541558623313904,far_left,0.6710761785507202,0.7119841575622559,0.6965423822402954,25,collision,294,pretrained,Pretrained camera head,checkpoint/closed_loop_teacher_camera_policy_light_v3d_t60_20260510_splitstem/camera_head_pretrained_best.pth
dark,0.0,1.0,0.0,1.7521157264709473,0.5950830578804016,0.9470025897026062,far_right,0.6863015294075012,0.7006761431694031,0.6937616467475891,23,collision,295,pretrained,Pretrained camera head,checkpoint/closed_loop_teacher_camera_policy_light_v3d_t60_20260510_splitstem/camera_head_pretrained_best.pth
dark,0.0,1.0,0.0,1.7361383438110352,0.6551887392997742,0.9512969255447388,left,0.6846887469291687,0.7084698677062988,0.6980246901512146,23,collision,296,pretrained,Pretrained camera head,checkpoint/closed_loop_teacher_camera_policy_light_v3d_t60_20260510_splitstem/camera_head_pretrained_best.pth
dark,0.0,1.0,0.0,1.7290540933609009,0.5684270858764648,0.9478066563606262,far_right,0.6721982359886169,0.7032114863395691,0.6907994747161865,26,collision,297,pretrained,Pretrained camera head,checkpoint/closed_loop_teacher_camera_policy_light_v3d_t60_20260510_splitstem/camera_head_pretrained_best.pth
dark,0.0,1.0,0.0,1.6396358013153076,0.6590101718902588,0.9535590410232544,left,0.6859621405601501,0.7065920829772949,0.7011858820915222,24,collision,298,pretrained,Pretrained camera head,checkpoint/closed_loop_teacher_camera_policy_light_v3d_t60_20260510_splitstem/camera_head_pretrained_best.pth
dark,0.0,1.0,0.0,1.7763257026672363,0.5996034145355225,0.9462080597877502,far_right,0.6820229887962341,0.7017150521278381,0.6927979588508606,22,collision,299,pretrained,Pretrained camera head,checkpoint/closed_loop_teacher_camera_policy_light_v3d_t60_20260510_splitstem/camera_head_pretrained_best.pth
