scene_name,success_rate,collision_rate,goal_reach_rate,final_goal_dist,avg_speed,fill_rate,slit_slot,power_mean,exposure_mean,gain_mean,steps,stop_reason,episode_idx,method,method_label,checkpoint
glare,0.0,1.0,0.0,1.838207483291626,0.694456160068512,0.5746643543243408,far_right,0.3676203489303589,0.28489530086517334,0.3353572487831116,26,collision,0,randfix,Random static camera,checkpoint/2026-05-09-22-35-26/checkpoint0014.pth
glare,0.0,1.0,0.0,1.797608733177185,0.6419394016265869,0.529405415058136,far_left,0.305217444896698,0.4616023004055023,0.46332868933677673,25,collision,1,randfix,Random static camera,checkpoint/2026-05-09-22-35-26/checkpoint0014.pth
glare,0.0,1.0,0.0,1.7881962060928345,0.6721466779708862,0.5562910437583923,far_left,0.3648911416530609,0.6027846336364746,0.253884494304657,25,collision,2,randfix,Random static camera,checkpoint/2026-05-09-22-35-26/checkpoint0014.pth
glare,1.0,0.0,1.0,0.10963685065507889,0.6767511367797852,0.7894893288612366,far_right,0.2720680236816406,0.18501785397529602,0.06978359073400497,60,timeout,3,randfix,Random static camera,checkpoint/2026-05-09-22-35-26/checkpoint0014.pth
glare,1.0,0.0,1.0,0.1178412139415741,0.6369900703430176,0.7966869473457336,far_right,0.43558505177497864,0.5782655477523804,0.5673784017562866,60,timeout,4,randfix,Random static camera,checkpoint/2026-05-09-22-35-26/checkpoint0014.pth
glare,0.0,1.0,0.0,1.7889697551727295,0.6580220460891724,0.5245886445045471,far_left,0.864450216293335,0.7220797538757324,0.5033425688743591,24,collision,5,randfix,Random static camera,checkpoint/2026-05-09-22-35-26/checkpoint0014.pth
glare,1.0,0.0,1.0,0.2384866625070572,0.6599453091621399,0.7777730226516724,right,0.4330480694770813,0.13487309217453003,0.26833224296569824,60,timeout,6,randfix,Random static camera,checkpoint/2026-05-09-22-35-26/checkpoint0014.pth
glare,1.0,0.0,1.0,0.06685241311788559,0.5860881209373474,0.7701533436775208,far_right,0.26509320735931396,0.7924373745918274,0.45546627044677734,60,timeout,7,randfix,Random static camera,checkpoint/2026-05-09-22-35-26/checkpoint0014.pth
glare,1.0,0.0,1.0,0.22401253879070282,0.6229985952377319,0.7546947002410889,far_right,0.7600653767585754,0.4338107705116272,0.5748018026351929,60,timeout,8,randfix,Random static camera,checkpoint/2026-05-09-22-35-26/checkpoint0014.pth
glare,1.0,0.0,1.0,0.07405167073011398,0.5900377035140991,0.8017120361328125,right,0.7402439117431641,0.5749706625938416,0.3324388563632965,60,timeout,9,randfix,Random static camera,checkpoint/2026-05-09-22-35-26/checkpoint0014.pth
glare,0.0,1.0,0.0,1.6504790782928467,0.7329986095428467,0.49024757742881775,left,0.2500242590904236,0.5632502436637878,0.5169064998626709,23,collision,10,randfix,Random static camera,checkpoint/2026-05-09-22-35-26/checkpoint0014.pth
glare,0.0,1.0,0.0,1.8391666412353516,0.6482065320014954,0.5383680462837219,far_right,0.48737838864326477,0.48176565766334534,0.7776105999946594,26,collision,11,randfix,Random static camera,checkpoint/2026-05-09-22-35-26/checkpoint0014.pth
glare,1.0,0.0,1.0,0.19726286828517914,0.6841020584106445,0.6822241544723511,far_right,0.12050867825746536,0.18518340587615967,0.6686765551567078,60,timeout,12,randfix,Random static camera,checkpoint/2026-05-09-22-35-26/checkpoint0014.pth
glare,1.0,0.0,1.0,0.1782577633857727,0.6248776316642761,0.7643711566925049,far_right,0.88104647397995,0.5885173082351685,0.4568636119365692,60,timeout,13,randfix,Random static camera,checkpoint/2026-05-09-22-35-26/checkpoint0014.pth
glare,1.0,0.0,1.0,0.17590129375457764,0.5933958888053894,0.7559583187103271,right,0.17697127163410187,0.46501225233078003,0.37614378333091736,60,timeout,14,randfix,Random static camera,checkpoint/2026-05-09-22-35-26/checkpoint0014.pth
glare,1.0,0.0,1.0,0.1967702955007553,0.643864095211029,0.9045380353927612,left,0.611542284488678,0.1922869086265564,0.07602336257696152,60,timeout,15,randfix,Random static camera,checkpoint/2026-05-09-22-35-26/checkpoint0014.pth
glare,1.0,0.0,1.0,0.08942504227161407,0.6208159923553467,0.7607325911521912,left,0.7252874374389648,0.38107994198799133,0.7965186238288879,60,timeout,16,randfix,Random static camera,checkpoint/2026-05-09-22-35-26/checkpoint0014.pth
glare,1.0,0.0,1.0,0.04696819186210632,0.5599532127380371,0.796981155872345,far_left,0.7652674913406372,0.8063916563987732,0.6146537065505981,60,timeout,17,randfix,Random static camera,checkpoint/2026-05-09-22-35-26/checkpoint0014.pth
glare,0.0,1.0,0.0,1.8236547708511353,0.6763492822647095,0.5578341484069824,far_left,0.33392447233200073,0.6905382871627808,0.3317846953868866,25,collision,18,randfix,Random static camera,checkpoint/2026-05-09-22-35-26/checkpoint0014.pth
glare,1.0,0.0,1.0,0.17276060581207275,0.5691419243812561,0.7871793508529663,far_left,0.5676913261413574,0.6709960103034973,0.21891410648822784,60,timeout,19,randfix,Random static camera,checkpoint/2026-05-09-22-35-26/checkpoint0014.pth
glare,1.0,0.0,1.0,0.08339998126029968,0.5301222205162048,0.8055338859558105,left,0.8995109796524048,0.9141314625740051,0.34347057342529297,60,timeout,20,randfix,Random static camera,checkpoint/2026-05-09-22-35-26/checkpoint0014.pth
glare,0.0,1.0,0.0,1.7862430810928345,0.6536296010017395,0.8574243783950806,far_right,0.5309664011001587,0.1065734326839447,0.16921372711658478,30,collision,21,randfix,Random static camera,checkpoint/2026-05-09-22-35-26/checkpoint0014.pth
glare,0.0,1.0,0.0,1.7501024007797241,0.6833207011222839,0.5311957597732544,far_left,0.5160598754882812,0.797339677810669,0.693597674369812,25,collision,22,randfix,Random static camera,checkpoint/2026-05-09-22-35-26/checkpoint0014.pth
glare,1.0,0.0,1.0,0.10962239652872086,0.5972099900245667,0.8029683232307434,left,0.7491449117660522,0.44435471296310425,0.11173184961080551,60,timeout,23,randfix,Random static camera,checkpoint/2026-05-09-22-35-26/checkpoint0014.pth
glare,0.0,1.0,0.0,1.7663025856018066,0.6778454780578613,0.5573821067810059,far_left,0.8642768859863281,0.5971084833145142,0.2337966412305832,25,collision,24,randfix,Random static camera,checkpoint/2026-05-09-22-35-26/checkpoint0014.pth
glare,1.0,0.0,1.0,0.20853422582149506,0.6203588247299194,0.7474489212036133,far_right,0.9049299359321594,0.44449910521507263,0.5086076259613037,60,timeout,25,randfix,Random static camera,checkpoint/2026-05-09-22-35-26/checkpoint0014.pth
glare,0.0,1.0,0.0,1.8420108556747437,0.664688766002655,0.7114995121955872,far_right,0.7957756519317627,0.2211294025182724,0.24379506707191467,27,collision,26,randfix,Random static camera,checkpoint/2026-05-09-22-35-26/checkpoint0014.pth
glare,0.0,1.0,0.0,1.7777514457702637,0.6588423848152161,0.5021990537643433,far_right,0.22595827281475067,0.4706217050552368,0.5537248253822327,26,collision,27,randfix,Random static camera,checkpoint/2026-05-09-22-35-26/checkpoint0014.pth
glare,1.0,0.0,1.0,0.10978303849697113,0.6021445989608765,0.7567275166511536,right,0.1140197142958641,0.45457759499549866,0.05106455832719803,60,timeout,28,randfix,Random static camera,checkpoint/2026-05-09-22-35-26/checkpoint0014.pth
glare,0.0,1.0,0.0,1.6806402206420898,0.6378545761108398,0.4932883083820343,left,0.1989707201719284,0.64088374376297,0.7041500806808472,24,collision,29,randfix,Random static camera,checkpoint/2026-05-09-22-35-26/checkpoint0014.pth
glare,0.0,1.0,0.0,1.7642862796783447,0.7158234715461731,0.5182669162750244,far_right,0.25034868717193604,0.5169923305511475,0.5954234004020691,24,collision,30,randfix,Random static camera,checkpoint/2026-05-09-22-35-26/checkpoint0014.pth
glare,1.0,0.0,1.0,0.1264299899339676,0.6416192054748535,0.7558208107948303,far_left,0.30124545097351074,0.3428668975830078,0.6485846638679504,60,timeout,31,randfix,Random static camera,checkpoint/2026-05-09-22-35-26/checkpoint0014.pth
glare,1.0,0.0,1.0,0.16740074753761292,0.5769780278205872,0.7802807092666626,left,0.28431352972984314,0.4496534466743469,0.6075402498245239,60,timeout,32,randfix,Random static camera,checkpoint/2026-05-09-22-35-26/checkpoint0014.pth
glare,1.0,0.0,1.0,0.12394097447395325,0.6261247992515564,0.7751688361167908,left,0.4204399883747101,0.28479376435279846,0.8333646655082703,60,timeout,33,randfix,Random static camera,checkpoint/2026-05-09-22-35-26/checkpoint0014.pth
glare,1.0,0.0,1.0,0.17706453800201416,0.6630876064300537,0.9102937579154968,far_left,0.6310039758682251,0.14729030430316925,0.03151363879442215,60,timeout,34,randfix,Random static camera,checkpoint/2026-05-09-22-35-26/checkpoint0014.pth
glare,0.0,1.0,0.0,1.592246413230896,0.7033454179763794,0.4795899987220764,far_left,0.48438069224357605,0.5651452541351318,0.8178712129592896,28,collision,35,randfix,Random static camera,checkpoint/2026-05-09-22-35-26/checkpoint0014.pth
glare,1.0,0.0,1.0,0.22144001722335815,0.5445579290390015,0.8052035570144653,far_right,0.47962144017219543,0.8279411196708679,0.02866176702082157,60,timeout,36,randfix,Random static camera,checkpoint/2026-05-09-22-35-26/checkpoint0014.pth
glare,0.0,1.0,0.0,1.7799698114395142,0.6708852052688599,0.6390490531921387,far_left,0.6158429980278015,0.11281277239322662,0.3403624892234802,29,collision,37,randfix,Random static camera,checkpoint/2026-05-09-22-35-26/checkpoint0014.pth
glare,1.0,0.0,1.0,0.2498815953731537,0.6619777679443359,0.7527489066123962,far_right,0.6554115414619446,0.24256199598312378,0.37154486775398254,60,timeout,38,randfix,Random static camera,checkpoint/2026-05-09-22-35-26/checkpoint0014.pth
glare,1.0,0.0,1.0,0.12747205793857574,0.5577902793884277,0.784934401512146,far_left,0.22935549914836884,0.7904045581817627,0.23347407579421997,60,timeout,39,randfix,Random static camera,checkpoint/2026-05-09-22-35-26/checkpoint0014.pth
glare,0.0,1.0,0.0,1.6247233152389526,0.7108533382415771,0.4861389398574829,far_right,0.45549100637435913,0.6493719816207886,0.4050213098526001,27,collision,40,randfix,Random static camera,checkpoint/2026-05-09-22-35-26/checkpoint0014.pth
glare,0.0,1.0,0.0,1.749697208404541,0.6830646991729736,0.5151215195655823,far_left,0.5718966722488403,0.4836563467979431,0.6651255488395691,26,collision,41,randfix,Random static camera,checkpoint/2026-05-09-22-35-26/checkpoint0014.pth
glare,1.0,0.0,1.0,0.1478755921125412,0.5403160452842712,0.8088855743408203,right,0.8828443288803101,0.8150249719619751,0.15520696341991425,60,timeout,42,randfix,Random static camera,checkpoint/2026-05-09-22-35-26/checkpoint0014.pth
glare,1.0,0.0,1.0,0.12346826493740082,0.5346924066543579,0.8052301406860352,left,0.5925626158714294,0.8844996094703674,0.8438563346862793,60,timeout,43,randfix,Random static camera,checkpoint/2026-05-09-22-35-26/checkpoint0014.pth
glare,1.0,0.0,1.0,0.12978513538837433,0.5943723320960999,0.7804542779922485,far_right,0.565766453742981,0.8107253909111023,0.3450769782066345,60,timeout,44,randfix,Random static camera,checkpoint/2026-05-09-22-35-26/checkpoint0014.pth
glare,0.0,1.0,0.0,1.7182427644729614,0.7146682143211365,0.4397115111351013,far_right,0.11505723744630814,0.11543485522270203,0.3786255419254303,29,collision,45,randfix,Random static camera,checkpoint/2026-05-09-22-35-26/checkpoint0014.pth
glare,1.0,0.0,1.0,0.21147798001766205,0.6429722309112549,0.8948206901550293,right,0.5938938856124878,0.1894216388463974,0.1656694859266281,60,timeout,46,randfix,Random static camera,checkpoint/2026-05-09-22-35-26/checkpoint0014.pth
glare,0.0,1.0,0.0,1.7914119958877563,0.6761257648468018,0.5475622415542603,far_right,0.9337369799613953,0.5980207920074463,0.24523666501045227,25,collision,47,randfix,Random static camera,checkpoint/2026-05-09-22-35-26/checkpoint0014.pth
glare,0.0,1.0,0.0,1.7584924697875977,0.668622612953186,0.5590009689331055,far_left,0.749550998210907,0.10056056082248688,0.8924925327301025,28,collision,48,randfix,Random static camera,checkpoint/2026-05-09-22-35-26/checkpoint0014.pth
glare,1.0,0.0,1.0,0.22745463252067566,0.6228341460227966,0.7935716509819031,right,0.5862147808074951,0.2442455142736435,0.272332102060318,60,timeout,49,randfix,Random static camera,checkpoint/2026-05-09-22-35-26/checkpoint0014.pth
glare,1.0,0.0,1.0,0.12536877393722534,0.5517293810844421,0.8086275458335876,far_left,0.3781522512435913,0.8489900231361389,0.20127151906490326,60,timeout,50,randfix,Random static camera,checkpoint/2026-05-09-22-35-26/checkpoint0014.pth
glare,0.0,1.0,0.0,1.6852208375930786,0.6874942779541016,0.4834902584552765,far_right,0.3974710702896118,0.7203193306922913,0.796355128288269,27,collision,51,randfix,Random static camera,checkpoint/2026-05-09-22-35-26/checkpoint0014.pth
glare,0.0,1.0,0.0,1.7786178588867188,0.6513054370880127,0.5255464315414429,far_right,0.46688657999038696,0.7665414810180664,0.19770081341266632,27,collision,52,randfix,Random static camera,checkpoint/2026-05-09-22-35-26/checkpoint0014.pth
glare,0.0,1.0,0.0,1.7189308404922485,0.6719159483909607,0.4924546182155609,far_left,0.8692330121994019,0.44815927743911743,0.5477604866027832,27,collision,53,randfix,Random static camera,checkpoint/2026-05-09-22-35-26/checkpoint0014.pth
glare,1.0,0.0,1.0,0.13298895955085754,0.635891854763031,0.7717086672782898,left,0.8265868425369263,0.2861301600933075,0.7476405501365662,60,timeout,54,randfix,Random static camera,checkpoint/2026-05-09-22-35-26/checkpoint0014.pth
glare,1.0,0.0,1.0,0.10693638771772385,0.5994735360145569,0.8025776147842407,far_right,0.5845526456832886,0.6435643434524536,0.6984483599662781,60,timeout,55,randfix,Random static camera,checkpoint/2026-05-09-22-35-26/checkpoint0014.pth
glare,1.0,0.0,1.0,0.21380390226840973,0.5299006700515747,0.794160008430481,left,0.8798098564147949,0.7977792620658875,0.6346265077590942,60,timeout,56,randfix,Random static camera,checkpoint/2026-05-09-22-35-26/checkpoint0014.pth
glare,1.0,0.0,1.0,0.15454886853694916,0.5887470841407776,0.7912206649780273,right,0.7604243159294128,0.5850091576576233,0.18409126996994019,60,timeout,57,randfix,Random static camera,checkpoint/2026-05-09-22-35-26/checkpoint0014.pth
glare,0.0,1.0,0.0,1.6162463426589966,0.6802623271942139,0.5192618370056152,far_right,0.27075353264808655,0.21423372626304626,0.18040692806243896,30,collision,58,randfix,Random static camera,checkpoint/2026-05-09-22-35-26/checkpoint0014.pth
glare,0.0,1.0,0.0,1.7052816152572632,0.6290953159332275,0.4989543855190277,left,0.15431082248687744,0.871674120426178,0.6812412142753601,23,collision,59,randfix,Random static camera,checkpoint/2026-05-09-22-35-26/checkpoint0014.pth
glare,1.0,0.0,1.0,0.2332693189382553,0.5439141392707825,0.778764009475708,left,0.12042815238237381,0.7328477501869202,0.6579296588897705,60,timeout,60,randfix,Random static camera,checkpoint/2026-05-09-22-35-26/checkpoint0014.pth
glare,0.0,1.0,0.0,1.7995350360870361,0.6843342781066895,0.5584490895271301,far_left,0.8533428907394409,0.29670488834381104,0.6499835252761841,27,collision,61,randfix,Random static camera,checkpoint/2026-05-09-22-35-26/checkpoint0014.pth
glare,1.0,0.0,1.0,0.22018364071846008,0.5839551687240601,0.7746359705924988,far_left,0.9372499585151672,0.6697839498519897,0.3951951563358307,60,timeout,62,randfix,Random static camera,checkpoint/2026-05-09-22-35-26/checkpoint0014.pth
glare,1.0,0.0,1.0,0.14047953486442566,0.5696721076965332,0.7806544899940491,right,0.261475145816803,0.5714279413223267,0.8183802962303162,60,timeout,63,randfix,Random static camera,checkpoint/2026-05-09-22-35-26/checkpoint0014.pth
glare,0.0,1.0,0.0,1.5837817192077637,0.6949170231819153,0.5342774391174316,far_right,0.4763408899307251,0.4325210750102997,0.07635489106178284,28,collision,64,randfix,Random static camera,checkpoint/2026-05-09-22-35-26/checkpoint0014.pth
glare,1.0,0.0,1.0,0.1565941423177719,0.5512689352035522,0.7942154407501221,left,0.719513475894928,0.6074433922767639,0.7820677757263184,60,timeout,65,randfix,Random static camera,checkpoint/2026-05-09-22-35-26/checkpoint0014.pth
glare,1.0,0.0,1.0,0.16477002203464508,0.6324902176856995,0.772702157497406,far_left,0.8696798086166382,0.39295250177383423,0.6650983691215515,60,timeout,66,randfix,Random static camera,checkpoint/2026-05-09-22-35-26/checkpoint0014.pth
glare,0.0,1.0,0.0,1.7362357378005981,0.6255683302879333,0.5061432123184204,far_right,0.4833223521709442,0.5377530455589294,0.6999136209487915,27,collision,67,randfix,Random static camera,checkpoint/2026-05-09-22-35-26/checkpoint0014.pth
glare,0.0,1.0,0.0,1.8168078660964966,0.6689023971557617,0.5817129611968994,far_left,0.4226721227169037,0.5102337002754211,0.21446828544139862,26,collision,68,randfix,Random static camera,checkpoint/2026-05-09-22-35-26/checkpoint0014.pth
glare,1.0,0.0,1.0,0.16098862886428833,0.5431237816810608,0.7720582485198975,left,0.25978490710258484,0.7114719748497009,0.8427882194519043,60,timeout,69,randfix,Random static camera,checkpoint/2026-05-09-22-35-26/checkpoint0014.pth
glare,1.0,0.0,1.0,0.06341392546892166,0.5423275232315063,0.7943577170372009,right,0.291827917098999,0.8253320455551147,0.6842683553695679,60,timeout,70,randfix,Random static camera,checkpoint/2026-05-09-22-35-26/checkpoint0014.pth
glare,1.0,0.0,1.0,0.10747649520635605,0.5492758750915527,0.7977719902992249,right,0.6914985179901123,0.7440995573997498,0.4664885401725769,60,timeout,71,randfix,Random static camera,checkpoint/2026-05-09-22-35-26/checkpoint0014.pth
glare,1.0,0.0,1.0,0.1512039452791214,0.6404369473457336,0.744135856628418,far_right,0.33405449986457825,0.37501877546310425,0.7816178798675537,60,timeout,72,randfix,Random static camera,checkpoint/2026-05-09-22-35-26/checkpoint0014.pth
glare,0.0,1.0,0.0,1.752416729927063,0.6732924580574036,0.8286394476890564,far_left,0.6976966261863708,0.20566022396087646,0.09263044595718384,28,collision,73,randfix,Random static camera,checkpoint/2026-05-09-22-35-26/checkpoint0014.pth
glare,1.0,0.0,1.0,0.16105088591575623,0.5483298301696777,0.7994213700294495,left,0.4249064326286316,0.6901644468307495,0.26468026638031006,60,timeout,74,randfix,Random static camera,checkpoint/2026-05-09-22-35-26/checkpoint0014.pth
glare,0.0,1.0,0.0,1.8215926885604858,0.6622129678726196,0.5376853942871094,far_left,0.31802982091903687,0.11549112945795059,0.6381577253341675,28,collision,75,randfix,Random static camera,checkpoint/2026-05-09-22-35-26/checkpoint0014.pth
glare,1.0,0.0,1.0,0.17570754885673523,0.5577204823493958,0.796539843082428,far_left,0.38193970918655396,0.7381908893585205,0.25714898109436035,60,timeout,76,randfix,Random static camera,checkpoint/2026-05-09-22-35-26/checkpoint0014.pth
glare,1.0,0.0,1.0,0.2092289924621582,0.6203194856643677,0.7453293800354004,right,0.32332396507263184,0.26303407549858093,0.8743521571159363,60,timeout,77,randfix,Random static camera,checkpoint/2026-05-09-22-35-26/checkpoint0014.pth
glare,0.0,1.0,0.0,1.7825114727020264,0.6615105867385864,0.5288180708885193,far_right,0.26275941729545593,0.7984597682952881,0.4954493045806885,22,collision,78,randfix,Random static camera,checkpoint/2026-05-09-22-35-26/checkpoint0014.pth
glare,0.0,1.0,0.0,1.8066556453704834,0.6731107234954834,0.5465925931930542,far_right,0.9253273010253906,0.8651677966117859,0.35661444067955017,22,collision,79,randfix,Random static camera,checkpoint/2026-05-09-22-35-26/checkpoint0014.pth
glare,1.0,0.0,1.0,0.15256927907466888,0.5830780267715454,0.7860749959945679,left,0.46284064650535583,0.42768314480781555,0.5804526209831238,60,timeout,80,randfix,Random static camera,checkpoint/2026-05-09-22-35-26/checkpoint0014.pth
glare,0.0,1.0,0.0,1.670556902885437,0.6954273581504822,0.7191005349159241,right,0.4351787865161896,0.11832544952630997,0.1869240552186966,27,collision,81,randfix,Random static camera,checkpoint/2026-05-09-22-35-26/checkpoint0014.pth
glare,1.0,0.0,1.0,0.171209916472435,0.5852672457695007,0.7694131731987,far_left,0.14160969853401184,0.589810848236084,0.2547747492790222,60,timeout,82,randfix,Random static camera,checkpoint/2026-05-09-22-35-26/checkpoint0014.pth
glare,1.0,0.0,1.0,0.32127121090888977,0.6766312122344971,0.7562451958656311,far_left,0.22210808098316193,0.114414282143116,0.10353679955005646,60,timeout,83,randfix,Random static camera,checkpoint/2026-05-09-22-35-26/checkpoint0014.pth
glare,0.0,1.0,0.0,1.8139228820800781,0.6691995859146118,0.8712599277496338,far_left,0.517392635345459,0.12580372393131256,0.15114586055278778,28,collision,84,randfix,Random static camera,checkpoint/2026-05-09-22-35-26/checkpoint0014.pth
glare,1.0,0.0,1.0,0.21946518123149872,0.6342312097549438,0.794948399066925,left,0.35242483019828796,0.186666801571846,0.16647282242774963,60,timeout,85,randfix,Random static camera,checkpoint/2026-05-09-22-35-26/checkpoint0014.pth
glare,0.0,1.0,0.0,1.4928041696548462,0.7228805422782898,0.4988541305065155,far_right,0.714142918586731,0.6109254956245422,0.5221906900405884,26,collision,86,randfix,Random static camera,checkpoint/2026-05-09-22-35-26/checkpoint0014.pth
glare,0.0,1.0,0.0,1.6883132457733154,0.6602641940116882,0.5575810670852661,left,0.7574944496154785,0.676950216293335,0.023636870086193085,23,collision,87,randfix,Random static camera,checkpoint/2026-05-09-22-35-26/checkpoint0014.pth
glare,1.0,0.0,1.0,0.1854551136493683,0.6550414562225342,0.7396026849746704,left,0.3476737439632416,0.20203113555908203,0.5527840852737427,60,timeout,88,randfix,Random static camera,checkpoint/2026-05-09-22-35-26/checkpoint0014.pth
glare,1.0,0.0,1.0,0.1545303910970688,0.5588849782943726,0.8079354763031006,far_right,0.840576171875,0.7540165185928345,0.12536725401878357,60,timeout,89,randfix,Random static camera,checkpoint/2026-05-09-22-35-26/checkpoint0014.pth
glare,0.0,1.0,0.0,1.822076678276062,0.6806923747062683,0.5396280288696289,far_left,0.6339255571365356,0.5699804425239563,0.5270529985427856,23,collision,90,randfix,Random static camera,checkpoint/2026-05-09-22-35-26/checkpoint0014.pth
glare,1.0,0.0,1.0,0.07870562374591827,0.5797585248947144,0.795170247554779,far_left,0.7243273854255676,0.8054599165916443,0.5024442672729492,60,timeout,91,randfix,Random static camera,checkpoint/2026-05-09-22-35-26/checkpoint0014.pth
glare,1.0,0.0,1.0,0.18086585402488708,0.5591458082199097,0.7826750874519348,left,0.9224722981452942,0.6124552488327026,0.8659453392028809,60,timeout,92,randfix,Random static camera,checkpoint/2026-05-09-22-35-26/checkpoint0014.pth
glare,0.0,1.0,0.0,1.828256368637085,0.6419506669044495,0.5337998867034912,far_right,0.19164738059043884,0.5720831751823425,0.3235354423522949,25,collision,93,randfix,Random static camera,checkpoint/2026-05-09-22-35-26/checkpoint0014.pth
glare,1.0,0.0,1.0,0.1686454564332962,0.536510169506073,0.7999831438064575,left,0.7036807537078857,0.8376047015190125,0.2791213095188141,60,timeout,94,randfix,Random static camera,checkpoint/2026-05-09-22-35-26/checkpoint0014.pth
glare,1.0,0.0,1.0,0.14420489966869354,0.6161932945251465,0.7598138451576233,right,0.7973266839981079,0.3366801142692566,0.42652279138565063,60,timeout,95,randfix,Random static camera,checkpoint/2026-05-09-22-35-26/checkpoint0014.pth
glare,0.0,1.0,0.0,1.622931957244873,0.7036769390106201,0.4709550440311432,far_right,0.16671961545944214,0.46284496784210205,0.41689345240592957,30,collision,96,randfix,Random static camera,checkpoint/2026-05-09-22-35-26/checkpoint0014.pth
glare,1.0,0.0,1.0,0.05766557157039642,0.6113834977149963,0.7857566475868225,right,0.6163653135299683,0.5372260808944702,0.46711599826812744,60,timeout,97,randfix,Random static camera,checkpoint/2026-05-09-22-35-26/checkpoint0014.pth
glare,1.0,0.0,1.0,0.191178560256958,0.5473443865776062,0.7945482134819031,far_right,0.8814641833305359,0.8080615997314453,0.23173463344573975,60,timeout,98,randfix,Random static camera,checkpoint/2026-05-09-22-35-26/checkpoint0014.pth
glare,1.0,0.0,1.0,0.2521156072616577,0.6393304467201233,0.7838035821914673,far_right,0.5577060580253601,0.34287652373313904,0.06587719172239304,60,timeout,99,randfix,Random static camera,checkpoint/2026-05-09-22-35-26/checkpoint0014.pth
glare,1.0,0.0,1.0,0.20048759877681732,0.6876064538955688,0.7625579237937927,far_left,0.6782637238502502,0.15441542863845825,0.5386356711387634,60,timeout,100,randfix,Random static camera,checkpoint/2026-05-09-22-35-26/checkpoint0014.pth
glare,1.0,0.0,1.0,0.08943764865398407,0.6001946926116943,0.7822290062904358,right,0.45639219880104065,0.5099790096282959,0.325710654258728,60,timeout,101,randfix,Random static camera,checkpoint/2026-05-09-22-35-26/checkpoint0014.pth
glare,1.0,0.0,1.0,0.2465568482875824,0.5618168711662292,0.7863763570785522,far_right,0.6572885513305664,0.875461757183075,0.8952040672302246,60,timeout,102,randfix,Random static camera,checkpoint/2026-05-09-22-35-26/checkpoint0014.pth
glare,1.0,0.0,1.0,0.18782328069210052,0.5640276074409485,0.787244439125061,far_left,0.27072131633758545,0.6185441613197327,0.20294880867004395,60,timeout,103,randfix,Random static camera,checkpoint/2026-05-09-22-35-26/checkpoint0014.pth
glare,0.0,1.0,0.0,1.7441819906234741,0.6591249108314514,0.5103246569633484,right,0.5459936261177063,0.6347532272338867,0.8458763957023621,23,collision,104,randfix,Random static camera,checkpoint/2026-05-09-22-35-26/checkpoint0014.pth
glare,0.0,1.0,0.0,1.8274658918380737,0.689217209815979,0.551159679889679,far_left,0.7752329111099243,0.4869164228439331,0.604708194732666,27,collision,105,randfix,Random static camera,checkpoint/2026-05-09-22-35-26/checkpoint0014.pth
glare,1.0,0.0,1.0,0.15199775993824005,0.6550875902175903,0.7954114079475403,far_left,0.4881802201271057,0.21163305640220642,0.262259840965271,60,timeout,106,randfix,Random static camera,checkpoint/2026-05-09-22-35-26/checkpoint0014.pth
glare,0.0,1.0,0.0,1.4630753993988037,0.730463981628418,0.4691379964351654,left,0.8818081617355347,0.9045577049255371,0.7244687080383301,23,collision,107,randfix,Random static camera,checkpoint/2026-05-09-22-35-26/checkpoint0014.pth
glare,1.0,0.0,1.0,0.01853487640619278,0.5955194234848022,0.7893060445785522,right,0.5580442547798157,0.6679970026016235,0.2570226192474365,60,timeout,108,randfix,Random static camera,checkpoint/2026-05-09-22-35-26/checkpoint0014.pth
glare,1.0,0.0,1.0,0.24211840331554413,0.6170638203620911,0.7662109732627869,far_left,0.44574180245399475,0.5436286330223083,0.8995124697685242,60,timeout,109,randfix,Random static camera,checkpoint/2026-05-09-22-35-26/checkpoint0014.pth
glare,0.0,1.0,0.0,1.569152593612671,0.7154631018638611,0.47361889481544495,far_right,0.8306289315223694,0.4660337269306183,0.4992019832134247,27,collision,110,randfix,Random static camera,checkpoint/2026-05-09-22-35-26/checkpoint0014.pth
glare,1.0,0.0,1.0,0.083553247153759,0.61129230260849,0.7623746395111084,right,0.15052881836891174,0.4141461253166199,0.3493625819683075,60,timeout,111,randfix,Random static camera,checkpoint/2026-05-09-22-35-26/checkpoint0014.pth
glare,0.0,1.0,0.0,1.7465835809707642,0.7069950699806213,0.4587210714817047,far_left,0.14855676889419556,0.12407239526510239,0.4515446126461029,26,collision,112,randfix,Random static camera,checkpoint/2026-05-09-22-35-26/checkpoint0014.pth
glare,0.0,1.0,0.0,1.6347354650497437,0.6861383318901062,0.5181174278259277,left,0.2377503216266632,0.6625638008117676,0.13065345585346222,23,collision,113,randfix,Random static camera,checkpoint/2026-05-09-22-35-26/checkpoint0014.pth
glare,0.0,1.0,0.0,1.7512297630310059,0.6351333856582642,0.5765730142593384,far_right,0.9139456748962402,0.8962121605873108,0.043204374611377716,23,collision,114,randfix,Random static camera,checkpoint/2026-05-09-22-35-26/checkpoint0014.pth
glare,1.0,0.0,1.0,0.15164293348789215,0.5417333841323853,0.7873529195785522,far_left,0.5691173672676086,0.8673657178878784,0.8743883967399597,60,timeout,115,randfix,Random static camera,checkpoint/2026-05-09-22-35-26/checkpoint0014.pth
glare,0.0,1.0,0.0,1.7685917615890503,0.6649543046951294,0.5639073252677917,far_right,0.38308513164520264,0.8920598030090332,0.10701552778482437,23,collision,116,randfix,Random static camera,checkpoint/2026-05-09-22-35-26/checkpoint0014.pth
glare,0.0,1.0,0.0,1.8126927614212036,0.6478508710861206,0.5547467470169067,far_left,0.7039019465446472,0.8175004720687866,0.8628939390182495,23,collision,117,randfix,Random static camera,checkpoint/2026-05-09-22-35-26/checkpoint0014.pth
glare,0.0,1.0,0.0,1.4497066736221313,0.7165400981903076,0.47765791416168213,left,0.13255493342876434,0.22263258695602417,0.04647617042064667,29,collision,118,randfix,Random static camera,checkpoint/2026-05-09-22-35-26/checkpoint0014.pth
glare,1.0,0.0,1.0,0.1744834929704666,0.643103301525116,0.7746817469596863,left,0.734314501285553,0.21255598962306976,0.6776040196418762,60,timeout,119,randfix,Random static camera,checkpoint/2026-05-09-22-35-26/checkpoint0014.pth
glare,0.0,1.0,0.0,1.6775429248809814,0.6467477679252625,0.5368579626083374,left,0.6249402761459351,0.909700334072113,0.08560103923082352,22,collision,120,randfix,Random static camera,checkpoint/2026-05-09-22-35-26/checkpoint0014.pth
glare,1.0,0.0,1.0,0.14397583901882172,0.5727522373199463,0.7920284271240234,right,0.3384428024291992,0.5977303981781006,0.06604992598295212,60,timeout,121,randfix,Random static camera,checkpoint/2026-05-09-22-35-26/checkpoint0014.pth
glare,1.0,0.0,1.0,0.0830051451921463,0.5657598972320557,0.7925516366958618,right,0.6318793296813965,0.67911696434021,0.6170148253440857,60,timeout,122,randfix,Random static camera,checkpoint/2026-05-09-22-35-26/checkpoint0014.pth
glare,0.0,1.0,0.0,1.7866672277450562,0.6584803462028503,0.5747974514961243,far_right,0.8153961300849915,0.8409173488616943,0.39379510283470154,23,collision,123,randfix,Random static camera,checkpoint/2026-05-09-22-35-26/checkpoint0014.pth
glare,0.0,1.0,0.0,1.8227930068969727,0.6799435615539551,0.5968772172927856,far_right,0.9474982023239136,0.23710599541664124,0.5708813071250916,27,collision,124,randfix,Random static camera,checkpoint/2026-05-09-22-35-26/checkpoint0014.pth
glare,0.0,1.0,0.0,1.8440930843353271,0.6712614893913269,0.5695136785507202,far_left,0.7781460285186768,0.702021062374115,0.3412264585494995,24,collision,125,randfix,Random static camera,checkpoint/2026-05-09-22-35-26/checkpoint0014.pth
glare,1.0,0.0,1.0,0.10376830399036407,0.5530632734298706,0.8063826560974121,right,0.5681489109992981,0.8572577834129333,0.7113226652145386,60,timeout,126,randfix,Random static camera,checkpoint/2026-05-09-22-35-26/checkpoint0014.pth
glare,1.0,0.0,1.0,0.09732630848884583,0.5562308430671692,0.7872517108917236,left,0.5363723635673523,0.6615766286849976,0.3705693185329437,60,timeout,127,randfix,Random static camera,checkpoint/2026-05-09-22-35-26/checkpoint0014.pth
glare,1.0,0.0,1.0,0.08364399522542953,0.5767365097999573,0.8116512894630432,right,0.8187323808670044,0.7131064534187317,0.10947517305612564,60,timeout,128,randfix,Random static camera,checkpoint/2026-05-09-22-35-26/checkpoint0014.pth
glare,1.0,0.0,1.0,0.11422945559024811,0.5770825743675232,0.7692925930023193,right,0.12540046870708466,0.49203401803970337,0.42893460392951965,60,timeout,129,randfix,Random static camera,checkpoint/2026-05-09-22-35-26/checkpoint0014.pth
glare,0.0,1.0,0.0,1.7233688831329346,0.6624715328216553,0.6241968274116516,far_left,0.629339337348938,0.3007481098175049,0.10021694004535675,30,collision,130,randfix,Random static camera,checkpoint/2026-05-09-22-35-26/checkpoint0014.pth
glare,1.0,0.0,1.0,0.09323425590991974,0.6589735150337219,0.7733386158943176,far_left,0.8046067357063293,0.38671302795410156,0.22155411541461945,60,timeout,131,randfix,Random static camera,checkpoint/2026-05-09-22-35-26/checkpoint0014.pth
glare,0.0,1.0,0.0,1.5470937490463257,0.7374838590621948,0.48487335443496704,left,0.17995671927928925,0.12428035587072372,0.18137186765670776,28,collision,132,randfix,Random static camera,checkpoint/2026-05-09-22-35-26/checkpoint0014.pth
glare,1.0,0.0,1.0,0.19812825322151184,0.595352828502655,0.7719739079475403,far_right,0.21557608246803284,0.5206273794174194,0.8747535943984985,60,timeout,133,randfix,Random static camera,checkpoint/2026-05-09-22-35-26/checkpoint0014.pth
glare,1.0,0.0,1.0,0.19996216893196106,0.6061451435089111,0.801268458366394,left,0.7052878141403198,0.36281320452690125,0.12392548471689224,60,timeout,134,randfix,Random static camera,checkpoint/2026-05-09-22-35-26/checkpoint0014.pth
glare,1.0,0.0,1.0,0.2540019154548645,0.6459286212921143,0.8525318503379822,far_right,0.6277903318405151,0.2667272090911865,0.07135435938835144,60,timeout,135,randfix,Random static camera,checkpoint/2026-05-09-22-35-26/checkpoint0014.pth
glare,1.0,0.0,1.0,0.18047842383384705,0.5115698575973511,0.8183112144470215,right,0.4155018627643585,0.8879417777061462,0.3560551404953003,60,timeout,136,randfix,Random static camera,checkpoint/2026-05-09-22-35-26/checkpoint0014.pth
glare,0.0,1.0,0.0,1.8187729120254517,0.6614989042282104,0.5488415360450745,far_left,0.24727588891983032,0.40364494919776917,0.3758125305175781,28,collision,137,randfix,Random static camera,checkpoint/2026-05-09-22-35-26/checkpoint0014.pth
glare,1.0,0.0,1.0,0.2675435543060303,0.671576738357544,0.9033781886100769,far_right,0.6504645347595215,0.146278515458107,0.02998444251716137,60,timeout,138,randfix,Random static camera,checkpoint/2026-05-09-22-35-26/checkpoint0014.pth
glare,1.0,0.0,1.0,0.19148242473602295,0.6574882864952087,0.7189743518829346,far_left,0.12259148806333542,0.20548270642757416,0.19982323050498962,60,timeout,139,randfix,Random static camera,checkpoint/2026-05-09-22-35-26/checkpoint0014.pth
glare,1.0,0.0,1.0,0.24188074469566345,0.6290165185928345,0.8206886649131775,far_left,0.8726173639297485,0.3019922375679016,0.10019881278276443,60,timeout,140,randfix,Random static camera,checkpoint/2026-05-09-22-35-26/checkpoint0014.pth
glare,1.0,0.0,1.0,0.07244209945201874,0.6206419467926025,0.773789644241333,far_right,0.5393312573432922,0.5958139300346375,0.1364426612854004,60,timeout,141,randfix,Random static camera,checkpoint/2026-05-09-22-35-26/checkpoint0014.pth
glare,1.0,0.0,1.0,0.17975811660289764,0.6022286415100098,0.7706235647201538,far_left,0.26950228214263916,0.4439607262611389,0.7514774203300476,60,timeout,142,randfix,Random static camera,checkpoint/2026-05-09-22-35-26/checkpoint0014.pth
glare,1.0,0.0,1.0,0.10472793132066727,0.5542254447937012,0.8016830682754517,right,0.5965773463249207,0.7698287963867188,0.7719421982765198,60,timeout,143,randfix,Random static camera,checkpoint/2026-05-09-22-35-26/checkpoint0014.pth
glare,1.0,0.0,1.0,0.1357325315475464,0.604653000831604,0.8080439567565918,right,0.8970562219619751,0.3543577790260315,0.14612898230552673,60,timeout,144,randfix,Random static camera,checkpoint/2026-05-09-22-35-26/checkpoint0014.pth
glare,0.0,1.0,0.0,1.4624301195144653,0.7098930478096008,0.4872291088104248,left,0.6723931431770325,0.7429493069648743,0.3203188478946686,23,collision,145,randfix,Random static camera,checkpoint/2026-05-09-22-35-26/checkpoint0014.pth
glare,1.0,0.0,1.0,0.14194057881832123,0.591863214969635,0.8104576468467712,right,0.9478597044944763,0.440538614988327,0.20676788687705994,60,timeout,146,randfix,Random static camera,checkpoint/2026-05-09-22-35-26/checkpoint0014.pth
glare,1.0,0.0,1.0,0.03823442757129669,0.5631182193756104,0.7987341284751892,left,0.8290182948112488,0.8206399083137512,0.7377568483352661,60,timeout,147,randfix,Random static camera,checkpoint/2026-05-09-22-35-26/checkpoint0014.pth
glare,0.0,1.0,0.0,1.7394362688064575,0.6939219832420349,0.4572884738445282,far_right,0.10308957099914551,0.32510319352149963,0.5804716348648071,28,collision,148,randfix,Random static camera,checkpoint/2026-05-09-22-35-26/checkpoint0014.pth
glare,0.0,1.0,0.0,1.6645361185073853,0.6570230722427368,0.4911506772041321,left,0.7815420627593994,0.46613770723342896,0.5689338445663452,25,collision,149,randfix,Random static camera,checkpoint/2026-05-09-22-35-26/checkpoint0014.pth
glare,1.0,0.0,1.0,0.1794206202030182,0.5308068990707397,0.8111617565155029,left,0.6869176030158997,0.827075719833374,0.1842687577009201,60,timeout,150,randfix,Random static camera,checkpoint/2026-05-09-22-35-26/checkpoint0014.pth
glare,1.0,0.0,1.0,0.13279646635055542,0.6058647036552429,0.7706863284111023,far_left,0.5339449644088745,0.6806835532188416,0.25116610527038574,60,timeout,151,randfix,Random static camera,checkpoint/2026-05-09-22-35-26/checkpoint0014.pth
glare,1.0,0.0,1.0,0.07747923582792282,0.556474506855011,0.7936728596687317,left,0.425688236951828,0.8009189963340759,0.7184908986091614,60,timeout,152,randfix,Random static camera,checkpoint/2026-05-09-22-35-26/checkpoint0014.pth
glare,0.0,1.0,0.0,1.8431870937347412,0.6719378232955933,0.660028338432312,far_left,0.4977882504463196,0.16938233375549316,0.282329797744751,27,collision,153,randfix,Random static camera,checkpoint/2026-05-09-22-35-26/checkpoint0014.pth
glare,0.0,1.0,0.0,1.4359499216079712,0.7461169362068176,0.4885372221469879,left,0.6489741206169128,0.3093149662017822,0.3531065881252289,27,collision,154,randfix,Random static camera,checkpoint/2026-05-09-22-35-26/checkpoint0014.pth
glare,0.0,1.0,0.0,1.6699618101119995,0.674896240234375,0.501615583896637,left,0.7679623365402222,0.3734132647514343,0.8395506739616394,25,collision,155,randfix,Random static camera,checkpoint/2026-05-09-22-35-26/checkpoint0014.pth
glare,1.0,0.0,1.0,0.07726429402828217,0.5488214492797852,0.7980252504348755,left,0.4915899634361267,0.8925337791442871,0.7692899107933044,60,timeout,156,randfix,Random static camera,checkpoint/2026-05-09-22-35-26/checkpoint0014.pth
glare,1.0,0.0,1.0,0.13119761645793915,0.5421019792556763,0.7884549498558044,right,0.13038261234760284,0.6999086141586304,0.6310380101203918,60,timeout,157,randfix,Random static camera,checkpoint/2026-05-09-22-35-26/checkpoint0014.pth
glare,0.0,1.0,0.0,1.7820615768432617,0.6556963920593262,0.5146282911300659,far_left,0.1551123857498169,0.39438772201538086,0.2664794325828552,28,collision,158,randfix,Random static camera,checkpoint/2026-05-09-22-35-26/checkpoint0014.pth
glare,1.0,0.0,1.0,0.23416674137115479,0.6390187740325928,0.763003945350647,far_right,0.9245771169662476,0.23766639828681946,0.4443345367908478,60,timeout,159,randfix,Random static camera,checkpoint/2026-05-09-22-35-26/checkpoint0014.pth
glare,1.0,0.0,1.0,0.1649264246225357,0.6552019119262695,0.7674165964126587,left,0.6136301755905151,0.20339852571487427,0.8961441516876221,60,timeout,160,randfix,Random static camera,checkpoint/2026-05-09-22-35-26/checkpoint0014.pth
glare,1.0,0.0,1.0,0.13999152183532715,0.5979105234146118,0.7999131679534912,right,0.5297330021858215,0.4565536081790924,0.0982566848397255,60,timeout,161,randfix,Random static camera,checkpoint/2026-05-09-22-35-26/checkpoint0014.pth
glare,1.0,0.0,1.0,0.18707537651062012,0.6153680682182312,0.7599923014640808,left,0.6232189536094666,0.29194343090057373,0.7387434840202332,60,timeout,162,randfix,Random static camera,checkpoint/2026-05-09-22-35-26/checkpoint0014.pth
glare,1.0,0.0,1.0,0.05454399436712265,0.5686799883842468,0.7914304137229919,right,0.6264607906341553,0.7042179107666016,0.722440242767334,60,timeout,163,randfix,Random static camera,checkpoint/2026-05-09-22-35-26/checkpoint0014.pth
glare,0.0,1.0,0.0,1.6223350763320923,0.7085224986076355,0.4806826412677765,far_left,0.12306159734725952,0.8175722360610962,0.5616059899330139,24,collision,164,randfix,Random static camera,checkpoint/2026-05-09-22-35-26/checkpoint0014.pth
glare,1.0,0.0,1.0,0.08981091529130936,0.582272469997406,0.7893422842025757,far_left,0.3495582342147827,0.8493232131004333,0.7126951217651367,60,timeout,165,randfix,Random static camera,checkpoint/2026-05-09-22-35-26/checkpoint0014.pth
glare,0.0,1.0,0.0,1.8463692665100098,0.6742857098579407,0.5738965272903442,far_left,0.5407829284667969,0.7190631031990051,0.6033099293708801,23,collision,166,randfix,Random static camera,checkpoint/2026-05-09-22-35-26/checkpoint0014.pth
glare,0.0,1.0,0.0,1.747646689414978,0.680130660533905,0.5113888382911682,far_right,0.43409422039985657,0.22736510634422302,0.4404960572719574,26,collision,167,randfix,Random static camera,checkpoint/2026-05-09-22-35-26/checkpoint0014.pth
glare,0.0,1.0,0.0,1.7337888479232788,0.6529595851898193,0.5199652314186096,far_right,0.8983123302459717,0.6009314060211182,0.6440444588661194,26,collision,168,randfix,Random static camera,checkpoint/2026-05-09-22-35-26/checkpoint0014.pth
glare,0.0,1.0,0.0,1.7747178077697754,0.6576968431472778,0.5288136005401611,far_left,0.5063328146934509,0.4730589985847473,0.8831335306167603,26,collision,169,randfix,Random static camera,checkpoint/2026-05-09-22-35-26/checkpoint0014.pth
glare,1.0,0.0,1.0,0.039709992706775665,0.5807309150695801,0.7791305184364319,right,0.17930428683757782,0.6209121942520142,0.7918261885643005,60,timeout,170,randfix,Random static camera,checkpoint/2026-05-09-22-35-26/checkpoint0014.pth
glare,1.0,0.0,1.0,0.1439133584499359,0.5945727825164795,0.7633609175682068,right,0.3279441297054291,0.42625129222869873,0.6778132319450378,60,timeout,171,randfix,Random static camera,checkpoint/2026-05-09-22-35-26/checkpoint0014.pth
glare,1.0,0.0,1.0,0.16574668884277344,0.6310886144638062,0.7520255446434021,right,0.526400089263916,0.21206967532634735,0.6225987076759338,60,timeout,172,randfix,Random static camera,checkpoint/2026-05-09-22-35-26/checkpoint0014.pth
glare,1.0,0.0,1.0,0.11248219013214111,0.6399047374725342,0.7693938612937927,left,0.32024675607681274,0.30088749527931213,0.31749099493026733,60,timeout,173,randfix,Random static camera,checkpoint/2026-05-09-22-35-26/checkpoint0014.pth
glare,1.0,0.0,1.0,0.19940784573554993,0.6265237331390381,0.7477504014968872,far_right,0.8327770829200745,0.5356376767158508,0.5097486972808838,60,timeout,174,randfix,Random static camera,checkpoint/2026-05-09-22-35-26/checkpoint0014.pth
glare,1.0,0.0,1.0,0.15233302116394043,0.6571943163871765,0.7694275975227356,left,0.31789249181747437,0.13682429492473602,0.24518804252147675,60,timeout,175,randfix,Random static camera,checkpoint/2026-05-09-22-35-26/checkpoint0014.pth
glare,0.0,1.0,0.0,1.7612078189849854,0.6503152847290039,0.5306844711303711,far_left,0.767479658126831,0.8567948341369629,0.5333548784255981,23,collision,176,randfix,Random static camera,checkpoint/2026-05-09-22-35-26/checkpoint0014.pth
glare,1.0,0.0,1.0,0.13927726447582245,0.5319780111312866,0.8264443874359131,right,0.5449562072753906,0.9085723757743835,0.18245911598205566,60,timeout,177,randfix,Random static camera,checkpoint/2026-05-09-22-35-26/checkpoint0014.pth
glare,0.0,1.0,0.0,1.823434829711914,0.6611971855163574,0.5276582837104797,far_left,0.39850053191185,0.7917256951332092,0.8136318325996399,24,collision,178,randfix,Random static camera,checkpoint/2026-05-09-22-35-26/checkpoint0014.pth
glare,0.0,1.0,0.0,1.7388057708740234,0.6480748057365417,0.5169534087181091,far_left,0.6508151888847351,0.723076343536377,0.369352787733078,23,collision,179,randfix,Random static camera,checkpoint/2026-05-09-22-35-26/checkpoint0014.pth
glare,1.0,0.0,1.0,0.24852830171585083,0.6668678522109985,0.8989776372909546,far_left,0.5502765774726868,0.12817847728729248,0.046798866242170334,60,timeout,180,randfix,Random static camera,checkpoint/2026-05-09-22-35-26/checkpoint0014.pth
glare,0.0,1.0,0.0,1.8108140230178833,0.6371533870697021,0.5340051054954529,far_right,0.16558578610420227,0.9046270847320557,0.5903030037879944,24,collision,181,randfix,Random static camera,checkpoint/2026-05-09-22-35-26/checkpoint0014.pth
glare,1.0,0.0,1.0,0.11530992388725281,0.611118733882904,0.7502002120018005,right,0.1749015897512436,0.3409302532672882,0.38906753063201904,60,timeout,182,randfix,Random static camera,checkpoint/2026-05-09-22-35-26/checkpoint0014.pth
glare,1.0,0.0,1.0,0.2429039627313614,0.674252986907959,0.8935474753379822,far_right,0.705930233001709,0.10821042954921722,0.2050335854291916,60,timeout,183,randfix,Random static camera,checkpoint/2026-05-09-22-35-26/checkpoint0014.pth
glare,0.0,1.0,0.0,1.8497471809387207,0.6373915672302246,0.5644809603691101,far_right,0.6662858128547668,0.46976780891418457,0.7027744650840759,27,collision,184,randfix,Random static camera,checkpoint/2026-05-09-22-35-26/checkpoint0014.pth
glare,0.0,1.0,0.0,1.8430720567703247,0.674243152141571,0.6345218420028687,far_right,0.6469364762306213,0.13522633910179138,0.8086426258087158,28,collision,185,randfix,Random static camera,checkpoint/2026-05-09-22-35-26/checkpoint0014.pth
glare,0.0,1.0,0.0,1.7477885484695435,0.656581699848175,0.5160176753997803,left,0.8871104121208191,0.7178151607513428,0.3464171290397644,22,collision,186,randfix,Random static camera,checkpoint/2026-05-09-22-35-26/checkpoint0014.pth
glare,1.0,0.0,1.0,0.1382771134376526,0.6175249814987183,0.7674648761749268,left,0.9455956816673279,0.3408893048763275,0.4577423334121704,60,timeout,187,randfix,Random static camera,checkpoint/2026-05-09-22-35-26/checkpoint0014.pth
glare,1.0,0.0,1.0,0.19516941905021667,0.6393789052963257,0.7500627040863037,far_left,0.49787911772727966,0.4243446886539459,0.47970080375671387,60,timeout,188,randfix,Random static camera,checkpoint/2026-05-09-22-35-26/checkpoint0014.pth
glare,1.0,0.0,1.0,0.21703173220157623,0.5216619968414307,0.8143856525421143,right,0.44295915961265564,0.8987216949462891,0.8590177297592163,60,timeout,189,randfix,Random static camera,checkpoint/2026-05-09-22-35-26/checkpoint0014.pth
glare,1.0,0.0,1.0,0.0925394743680954,0.5596760511398315,0.7945216298103333,right,0.5381988883018494,0.776965856552124,0.3913857042789459,60,timeout,190,randfix,Random static camera,checkpoint/2026-05-09-22-35-26/checkpoint0014.pth
glare,0.0,1.0,0.0,1.6910723447799683,0.6661064624786377,0.49505090713500977,far_left,0.27421146631240845,0.6293455362319946,0.8795123100280762,25,collision,191,randfix,Random static camera,checkpoint/2026-05-09-22-35-26/checkpoint0014.pth
glare,1.0,0.0,1.0,0.0413765124976635,0.6044728755950928,0.7756438255310059,right,0.1896713674068451,0.5038861036300659,0.8607951402664185,60,timeout,192,randfix,Random static camera,checkpoint/2026-05-09-22-35-26/checkpoint0014.pth
glare,1.0,0.0,1.0,0.12499456107616425,0.5705199241638184,0.8072556257247925,far_left,0.16832005977630615,0.9093503355979919,0.09722764045000076,60,timeout,193,randfix,Random static camera,checkpoint/2026-05-09-22-35-26/checkpoint0014.pth
glare,0.0,1.0,0.0,1.788748860359192,0.6214055418968201,0.5699639916419983,far_left,0.8565589189529419,0.7088143229484558,0.08722535520792007,23,collision,194,randfix,Random static camera,checkpoint/2026-05-09-22-35-26/checkpoint0014.pth
glare,0.0,1.0,0.0,1.6971458196640015,0.7151359915733337,0.48060140013694763,left,0.22867940366268158,0.3179486393928528,0.38617318868637085,25,collision,195,randfix,Random static camera,checkpoint/2026-05-09-22-35-26/checkpoint0014.pth
glare,0.0,1.0,0.0,1.8257452249526978,0.6583172678947449,0.5596756339073181,far_left,0.8835368156433105,0.8830606937408447,0.8468983173370361,24,collision,196,randfix,Random static camera,checkpoint/2026-05-09-22-35-26/checkpoint0014.pth
glare,1.0,0.0,1.0,0.15147912502288818,0.6228775382041931,0.7576799392700195,far_right,0.6234810948371887,0.4166584312915802,0.8768957257270813,60,timeout,197,randfix,Random static camera,checkpoint/2026-05-09-22-35-26/checkpoint0014.pth
glare,0.0,1.0,0.0,1.7365525960922241,0.665730357170105,0.5128072500228882,far_left,0.5761406421661377,0.8445180654525757,0.6246486306190491,22,collision,198,randfix,Random static camera,checkpoint/2026-05-09-22-35-26/checkpoint0014.pth
glare,0.0,1.0,0.0,1.6720867156982422,0.7247855067253113,0.5994454622268677,far_right,0.2800041437149048,0.1848355382680893,0.04540730640292168,31,collision,199,randfix,Random static camera,checkpoint/2026-05-09-22-35-26/checkpoint0014.pth
glare,1.0,0.0,1.0,0.1668899953365326,0.643075704574585,0.8502171039581299,left,0.38951531052589417,0.1848449558019638,0.030159741640090942,60,timeout,200,randfix,Random static camera,checkpoint/2026-05-09-22-35-26/checkpoint0014.pth
glare,1.0,0.0,1.0,0.24527199566364288,0.6286879777908325,0.7530285716056824,far_right,0.17058153450489044,0.45970869064331055,0.31753987073898315,60,timeout,201,randfix,Random static camera,checkpoint/2026-05-09-22-35-26/checkpoint0014.pth
glare,1.0,0.0,1.0,0.15590351819992065,0.6241632699966431,0.7488160729408264,left,0.473855584859848,0.2931140959262848,0.6589003205299377,60,timeout,202,randfix,Random static camera,checkpoint/2026-05-09-22-35-26/checkpoint0014.pth
glare,0.0,1.0,0.0,1.688144326210022,0.6855561137199402,0.4975115954875946,far_left,0.4623856246471405,0.7632688879966736,0.6178103089332581,26,collision,203,randfix,Random static camera,checkpoint/2026-05-09-22-35-26/checkpoint0014.pth
glare,1.0,0.0,1.0,0.13242274522781372,0.5923179984092712,0.7757667899131775,right,0.6172820925712585,0.6149503588676453,0.7562458515167236,60,timeout,204,randfix,Random static camera,checkpoint/2026-05-09-22-35-26/checkpoint0014.pth
glare,0.0,1.0,0.0,1.7709789276123047,0.6766945123672485,0.5034555196762085,far_right,0.16034384071826935,0.43708765506744385,0.8239042162895203,27,collision,205,randfix,Random static camera,checkpoint/2026-05-09-22-35-26/checkpoint0014.pth
glare,1.0,0.0,1.0,0.16027319431304932,0.5941357612609863,0.7705971002578735,right,0.5920537710189819,0.43937620520591736,0.336725115776062,60,timeout,206,randfix,Random static camera,checkpoint/2026-05-09-22-35-26/checkpoint0014.pth
glare,0.0,1.0,0.0,1.7638721466064453,0.6835855841636658,0.5402488112449646,far_right,0.17782478034496307,0.7150304913520813,0.5674206614494324,26,collision,207,randfix,Random static camera,checkpoint/2026-05-09-22-35-26/checkpoint0014.pth
glare,0.0,1.0,0.0,1.576255202293396,0.7132850289344788,0.4702603816986084,far_right,0.9463931322097778,0.6792701482772827,0.42591506242752075,26,collision,208,randfix,Random static camera,checkpoint/2026-05-09-22-35-26/checkpoint0014.pth
glare,1.0,0.0,1.0,0.15665727853775024,0.6269426941871643,0.7707731127738953,left,0.6149687767028809,0.31503844261169434,0.5502277612686157,60,timeout,209,randfix,Random static camera,checkpoint/2026-05-09-22-35-26/checkpoint0014.pth
glare,0.0,1.0,0.0,1.8380805253982544,0.6872400641441345,0.5450721383094788,far_left,0.19188185036182404,0.29765745997428894,0.4950830638408661,27,collision,210,randfix,Random static camera,checkpoint/2026-05-09-22-35-26/checkpoint0014.pth
glare,1.0,0.0,1.0,0.19010941684246063,0.6111043691635132,0.7552300691604614,far_right,0.6179086565971375,0.49320897459983826,0.6471977829933167,60,timeout,211,randfix,Random static camera,checkpoint/2026-05-09-22-35-26/checkpoint0014.pth
glare,0.0,1.0,0.0,1.459686040878296,0.7097635269165039,0.7922792434692383,right,0.690155029296875,0.18115998804569244,0.04888336732983589,31,collision,212,randfix,Random static camera,checkpoint/2026-05-09-22-35-26/checkpoint0014.pth
glare,1.0,0.0,1.0,0.19017142057418823,0.5647079348564148,0.7768398523330688,left,0.4363112151622772,0.5300611853599548,0.7918449640274048,60,timeout,213,randfix,Random static camera,checkpoint/2026-05-09-22-35-26/checkpoint0014.pth
glare,1.0,0.0,1.0,0.2964931130409241,0.5508306622505188,0.7460117936134338,far_left,0.10658732801675797,0.8406056761741638,0.8477922081947327,60,timeout,214,randfix,Random static camera,checkpoint/2026-05-09-22-35-26/checkpoint0014.pth
glare,1.0,0.0,1.0,0.1756332516670227,0.5576432943344116,0.7709852457046509,right,0.8589568138122559,0.541099488735199,0.31878095865249634,60,timeout,215,randfix,Random static camera,checkpoint/2026-05-09-22-35-26/checkpoint0014.pth
glare,0.0,1.0,0.0,1.7601895332336426,0.7216681838035583,0.5308034420013428,far_right,0.8687074184417725,0.2652752697467804,0.5137105584144592,24,collision,216,randfix,Random static camera,checkpoint/2026-05-09-22-35-26/checkpoint0014.pth
glare,1.0,0.0,1.0,0.07573994249105453,0.6275750398635864,0.7632306218147278,right,0.6876168847084045,0.3572997450828552,0.6029050350189209,60,timeout,217,randfix,Random static camera,checkpoint/2026-05-09-22-35-26/checkpoint0014.pth
glare,1.0,0.0,1.0,0.2727198898792267,0.6524561047554016,0.697378933429718,far_right,0.10999289155006409,0.15609535574913025,0.07518588751554489,60,timeout,218,randfix,Random static camera,checkpoint/2026-05-09-22-35-26/checkpoint0014.pth
glare,0.0,1.0,0.0,1.785050630569458,0.681355893611908,0.558037281036377,far_right,0.6583441495895386,0.3584960699081421,0.3371826410293579,27,collision,219,randfix,Random static camera,checkpoint/2026-05-09-22-35-26/checkpoint0014.pth
glare,0.0,1.0,0.0,1.7833665609359741,0.690737247467041,0.5423719882965088,far_left,0.14447498321533203,0.5066407918930054,0.7876002192497253,25,collision,220,randfix,Random static camera,checkpoint/2026-05-09-22-35-26/checkpoint0014.pth
glare,1.0,0.0,1.0,0.19471868872642517,0.6477267146110535,0.7530478835105896,far_left,0.6433755159378052,0.41336292028427124,0.7642539143562317,60,timeout,221,randfix,Random static camera,checkpoint/2026-05-09-22-35-26/checkpoint0014.pth
glare,0.0,1.0,0.0,1.7937471866607666,0.6690118312835693,0.5792583227157593,far_right,0.7578800916671753,0.43150073289871216,0.1307401955127716,25,collision,222,randfix,Random static camera,checkpoint/2026-05-09-22-35-26/checkpoint0014.pth
glare,1.0,0.0,1.0,0.11439316719770432,0.5739796161651611,0.7789255976676941,right,0.5168142318725586,0.6355029344558716,0.734107255935669,60,timeout,223,randfix,Random static camera,checkpoint/2026-05-09-22-35-26/checkpoint0014.pth
glare,1.0,0.0,1.0,0.1881255954504013,0.620229959487915,0.77962726354599,far_right,0.6585811972618103,0.5276917815208435,0.11604665964841843,60,timeout,224,randfix,Random static camera,checkpoint/2026-05-09-22-35-26/checkpoint0014.pth
glare,1.0,0.0,1.0,0.13966502249240875,0.5277343988418579,0.8069203495979309,right,0.33020272850990295,0.9118236899375916,0.33449631929397583,60,timeout,225,randfix,Random static camera,checkpoint/2026-05-09-22-35-26/checkpoint0014.pth
glare,0.0,1.0,0.0,1.8219075202941895,0.641387939453125,0.8350844383239746,far_right,0.9178081154823303,0.12061721086502075,0.2531958818435669,30,collision,226,randfix,Random static camera,checkpoint/2026-05-09-22-35-26/checkpoint0014.pth
glare,0.0,1.0,0.0,1.8461227416992188,0.6731106638908386,0.5684210062026978,far_left,0.7721506953239441,0.29592281579971313,0.34894731640815735,28,collision,227,randfix,Random static camera,checkpoint/2026-05-09-22-35-26/checkpoint0014.pth
glare,1.0,0.0,1.0,0.1385357677936554,0.6468332409858704,0.8873625993728638,right,0.792123019695282,0.24389159679412842,0.16631126403808594,60,timeout,228,randfix,Random static camera,checkpoint/2026-05-09-22-35-26/checkpoint0014.pth
glare,1.0,0.0,1.0,0.04980409890413284,0.6020551323890686,0.7719714641571045,right,0.8826143145561218,0.4793083369731903,0.6893354058265686,60,timeout,229,randfix,Random static camera,checkpoint/2026-05-09-22-35-26/checkpoint0014.pth
glare,1.0,0.0,1.0,0.13321952521800995,0.5396974086761475,0.8031516075134277,left,0.9354812502861023,0.8441178798675537,0.7391188740730286,60,timeout,230,randfix,Random static camera,checkpoint/2026-05-09-22-35-26/checkpoint0014.pth
glare,0.0,1.0,0.0,1.6136994361877441,0.7383109331130981,0.4856882393360138,far_left,0.49843841791152954,0.5560881495475769,0.8325619697570801,27,collision,231,randfix,Random static camera,checkpoint/2026-05-09-22-35-26/checkpoint0014.pth
glare,1.0,0.0,1.0,0.13049808144569397,0.5677556395530701,0.7914014458656311,left,0.6458695530891418,0.6076768636703491,0.7120906114578247,60,timeout,232,randfix,Random static camera,checkpoint/2026-05-09-22-35-26/checkpoint0014.pth
glare,1.0,0.0,1.0,0.15625257790088654,0.6332175135612488,0.7573230266571045,far_left,0.8564625382423401,0.5408532023429871,0.8214935660362244,60,timeout,233,randfix,Random static camera,checkpoint/2026-05-09-22-35-26/checkpoint0014.pth
glare,0.0,1.0,0.0,1.843430995941162,0.6676841974258423,0.5555073022842407,far_right,0.5428137183189392,0.29136762022972107,0.4694734215736389,28,collision,234,randfix,Random static camera,checkpoint/2026-05-09-22-35-26/checkpoint0014.pth
glare,1.0,0.0,1.0,0.1257399171590805,0.6199477314949036,0.7470752000808716,right,0.10923402011394501,0.47338786721229553,0.3875201642513275,60,timeout,235,randfix,Random static camera,checkpoint/2026-05-09-22-35-26/checkpoint0014.pth
glare,1.0,0.0,1.0,0.20234008133411407,0.6072595119476318,0.7992911338806152,far_right,0.7916215658187866,0.5027596354484558,0.06268592178821564,60,timeout,236,randfix,Random static camera,checkpoint/2026-05-09-22-35-26/checkpoint0014.pth
glare,1.0,0.0,1.0,0.10654481500387192,0.5970274806022644,0.7789496779441833,right,0.2842210531234741,0.4726101756095886,0.842115044593811,60,timeout,237,randfix,Random static camera,checkpoint/2026-05-09-22-35-26/checkpoint0014.pth
glare,1.0,0.0,1.0,0.164890855550766,0.5617910623550415,0.7910277247428894,far_left,0.19330598413944244,0.8318325281143188,0.5682961940765381,60,timeout,238,randfix,Random static camera,checkpoint/2026-05-09-22-35-26/checkpoint0014.pth
glare,1.0,0.0,1.0,0.08485622704029083,0.6166370511054993,0.7814212441444397,far_right,0.8094916343688965,0.7938551902770996,0.4165912866592407,60,timeout,239,randfix,Random static camera,checkpoint/2026-05-09-22-35-26/checkpoint0014.pth
glare,0.0,1.0,0.0,1.8058955669403076,0.6526850461959839,0.5220269560813904,far_right,0.11349588632583618,0.7679228782653809,0.480999231338501,25,collision,240,randfix,Random static camera,checkpoint/2026-05-09-22-35-26/checkpoint0014.pth
glare,1.0,0.0,1.0,0.17121636867523193,0.6548991203308105,0.7078679800033569,far_right,0.10513339936733246,0.37606558203697205,0.5066260695457458,60,timeout,241,randfix,Random static camera,checkpoint/2026-05-09-22-35-26/checkpoint0014.pth
glare,0.0,1.0,0.0,1.7281783819198608,0.6798951625823975,0.5106731653213501,far_right,0.5548291206359863,0.6797301769256592,0.3363378047943115,23,collision,242,randfix,Random static camera,checkpoint/2026-05-09-22-35-26/checkpoint0014.pth
glare,1.0,0.0,1.0,0.16787247359752655,0.5842247605323792,0.7957971692085266,far_left,0.5719234943389893,0.8569472432136536,0.20856358110904694,60,timeout,243,randfix,Random static camera,checkpoint/2026-05-09-22-35-26/checkpoint0014.pth
glare,1.0,0.0,1.0,0.1439914107322693,0.6406103372573853,0.7749325037002563,right,0.2688160836696625,0.2322239875793457,0.09740742295980453,60,timeout,244,randfix,Random static camera,checkpoint/2026-05-09-22-35-26/checkpoint0014.pth
glare,0.0,1.0,0.0,1.7424885034561157,0.6542475819587708,0.5474103093147278,left,0.7046410441398621,0.8344427347183228,0.2166273146867752,21,collision,245,randfix,Random static camera,checkpoint/2026-05-09-22-35-26/checkpoint0014.pth
glare,0.0,1.0,0.0,1.7405799627304077,0.6564866304397583,0.5966551303863525,right,0.2779460847377777,0.20671042799949646,0.032258354127407074,26,collision,246,randfix,Random static camera,checkpoint/2026-05-09-22-35-26/checkpoint0014.pth
glare,0.0,1.0,0.0,1.8150807619094849,0.6978883743286133,0.5316743850708008,far_right,0.7630830407142639,0.19364146888256073,0.7484538555145264,31,collision,247,randfix,Random static camera,checkpoint/2026-05-09-22-35-26/checkpoint0014.pth
glare,0.0,1.0,0.0,1.736635684967041,0.6556375026702881,0.521905243396759,far_right,0.3304316997528076,0.8635886311531067,0.6338216066360474,23,collision,248,randfix,Random static camera,checkpoint/2026-05-09-22-35-26/checkpoint0014.pth
glare,0.0,1.0,0.0,1.8155317306518555,0.7032804489135742,0.5531778335571289,far_right,0.8961716890335083,0.688156008720398,0.500231146812439,24,collision,249,randfix,Random static camera,checkpoint/2026-05-09-22-35-26/checkpoint0014.pth
glare,1.0,0.0,1.0,0.23122671246528625,0.5782907009124756,0.7709563374519348,left,0.14946302771568298,0.5011057257652283,0.8732789158821106,60,timeout,250,randfix,Random static camera,checkpoint/2026-05-09-22-35-26/checkpoint0014.pth
glare,1.0,0.0,1.0,0.04932611808180809,0.5454275608062744,0.8072699904441833,left,0.8131946921348572,0.8474500179290771,0.3956519067287445,60,timeout,251,randfix,Random static camera,checkpoint/2026-05-09-22-35-26/checkpoint0014.pth
glare,1.0,0.0,1.0,0.15310074388980865,0.5544535517692566,0.7719979882240295,left,0.1201414242386818,0.723548412322998,0.8572472333908081,60,timeout,252,randfix,Random static camera,checkpoint/2026-05-09-22-35-26/checkpoint0014.pth
glare,1.0,0.0,1.0,0.07006760686635971,0.6212400794029236,0.7718268632888794,right,0.7935792803764343,0.32055196166038513,0.3577442765235901,60,timeout,253,randfix,Random static camera,checkpoint/2026-05-09-22-35-26/checkpoint0014.pth
glare,1.0,0.0,1.0,0.14951978623867035,0.5566090941429138,0.7698109745979309,far_left,0.13630913197994232,0.8055139183998108,0.832065999507904,60,timeout,254,randfix,Random static camera,checkpoint/2026-05-09-22-35-26/checkpoint0014.pth
glare,1.0,0.0,1.0,0.10773814469575882,0.5496741533279419,0.7956404685974121,far_left,0.5085315704345703,0.8475746512413025,0.3775058388710022,60,timeout,255,randfix,Random static camera,checkpoint/2026-05-09-22-35-26/checkpoint0014.pth
glare,1.0,0.0,1.0,0.09305247664451599,0.6043053865432739,0.7783902883529663,right,0.5561466217041016,0.5652465224266052,0.6244794726371765,60,timeout,256,randfix,Random static camera,checkpoint/2026-05-09-22-35-26/checkpoint0014.pth
glare,0.0,1.0,0.0,1.5496100187301636,0.732428252696991,0.4754835069179535,left,0.38957270979881287,0.5352097749710083,0.7947289347648621,25,collision,257,randfix,Random static camera,checkpoint/2026-05-09-22-35-26/checkpoint0014.pth
glare,1.0,0.0,1.0,0.1904449611902237,0.5890186429023743,0.763160765171051,right,0.7357470393180847,0.5232136249542236,0.8852547407150269,60,timeout,258,randfix,Random static camera,checkpoint/2026-05-09-22-35-26/checkpoint0014.pth
glare,0.0,1.0,0.0,1.791192889213562,0.6625297665596008,0.542396068572998,far_left,0.2727252244949341,0.7277464270591736,0.714704692363739,25,collision,259,randfix,Random static camera,checkpoint/2026-05-09-22-35-26/checkpoint0014.pth
glare,1.0,0.0,1.0,0.15358246862888336,0.5468393564224243,0.802505373954773,right,0.25458264350891113,0.8685075640678406,0.5123604536056519,60,timeout,260,randfix,Random static camera,checkpoint/2026-05-09-22-35-26/checkpoint0014.pth
glare,0.0,1.0,0.0,1.8467724323272705,0.631706178188324,0.5727325081825256,far_left,0.20983627438545227,0.7826097011566162,0.3753708600997925,23,collision,261,randfix,Random static camera,checkpoint/2026-05-09-22-35-26/checkpoint0014.pth
glare,1.0,0.0,1.0,0.0868888795375824,0.5664082765579224,0.8040822744369507,far_left,0.4915143549442291,0.8603691458702087,0.14832331240177155,60,timeout,262,randfix,Random static camera,checkpoint/2026-05-09-22-35-26/checkpoint0014.pth
glare,0.0,1.0,0.0,1.7751789093017578,0.6757599711418152,0.5698910355567932,far_right,0.4626993238925934,0.8337478041648865,0.1263629049062729,24,collision,263,randfix,Random static camera,checkpoint/2026-05-09-22-35-26/checkpoint0014.pth
glare,1.0,0.0,1.0,0.2308984100818634,0.6082955598831177,0.7683111429214478,far_right,0.8282501697540283,0.3999403119087219,0.5241211652755737,60,timeout,264,randfix,Random static camera,checkpoint/2026-05-09-22-35-26/checkpoint0014.pth
glare,1.0,0.0,1.0,0.2812047004699707,0.6697604656219482,0.7358651757240295,far_left,0.33317968249320984,0.2678226828575134,0.8474261164665222,60,timeout,265,randfix,Random static camera,checkpoint/2026-05-09-22-35-26/checkpoint0014.pth
glare,0.0,1.0,0.0,1.7648406028747559,0.669694721698761,0.5208070278167725,far_left,0.16927234828472137,0.7033307552337646,0.8786832690238953,23,collision,266,randfix,Random static camera,checkpoint/2026-05-09-22-35-26/checkpoint0014.pth
glare,1.0,0.0,1.0,0.17572848498821259,0.619365394115448,0.7743008136749268,far_left,0.25534963607788086,0.46612435579299927,0.06755132973194122,60,timeout,267,randfix,Random static camera,checkpoint/2026-05-09-22-35-26/checkpoint0014.pth
glare,1.0,0.0,1.0,0.15284769237041473,0.675634503364563,0.7651283144950867,far_left,0.6460397243499756,0.30199092626571655,0.6525188684463501,60,timeout,268,randfix,Random static camera,checkpoint/2026-05-09-22-35-26/checkpoint0014.pth
glare,0.0,1.0,0.0,1.6989359855651855,0.6686388254165649,0.5028125047683716,left,0.5214813351631165,0.23377372324466705,0.5518872141838074,26,collision,269,randfix,Random static camera,checkpoint/2026-05-09-22-35-26/checkpoint0014.pth
glare,1.0,0.0,1.0,0.23249007761478424,0.6383572220802307,0.7275511622428894,left,0.1808992475271225,0.15620264410972595,0.2841641902923584,60,timeout,270,randfix,Random static camera,checkpoint/2026-05-09-22-35-26/checkpoint0014.pth
glare,0.0,1.0,0.0,1.736835241317749,0.6890873908996582,0.5307884216308594,far_right,0.5727109313011169,0.8349652886390686,0.8253352046012878,22,collision,271,randfix,Random static camera,checkpoint/2026-05-09-22-35-26/checkpoint0014.pth
glare,1.0,0.0,1.0,0.10811801999807358,0.6166112422943115,0.7572435140609741,left,0.6501087546348572,0.38466817140579224,0.701074481010437,60,timeout,272,randfix,Random static camera,checkpoint/2026-05-09-22-35-26/checkpoint0014.pth
glare,1.0,0.0,1.0,0.2061200737953186,0.617860734462738,0.7671948075294495,far_right,0.3422025144100189,0.416524201631546,0.5294539332389832,60,timeout,273,randfix,Random static camera,checkpoint/2026-05-09-22-35-26/checkpoint0014.pth
glare,0.0,1.0,0.0,1.7196849584579468,0.699540376663208,0.4677252173423767,far_left,0.17902112007141113,0.24884191155433655,0.7005001902580261,25,collision,274,randfix,Random static camera,checkpoint/2026-05-09-22-35-26/checkpoint0014.pth
glare,0.0,1.0,0.0,1.8264412879943848,0.6793150305747986,0.5553552508354187,far_right,0.6869043707847595,0.32996508479118347,0.4325263202190399,27,collision,275,randfix,Random static camera,checkpoint/2026-05-09-22-35-26/checkpoint0014.pth
glare,1.0,0.0,1.0,0.19193492829799652,0.6290062069892883,0.78646320104599,far_left,0.6878541111946106,0.37972375750541687,0.15961743891239166,60,timeout,276,randfix,Random static camera,checkpoint/2026-05-09-22-35-26/checkpoint0014.pth
glare,0.0,1.0,0.0,1.7349454164505005,0.6750807166099548,0.5004006624221802,far_right,0.3285619020462036,0.24017132818698883,0.4860468804836273,27,collision,277,randfix,Random static camera,checkpoint/2026-05-09-22-35-26/checkpoint0014.pth
glare,1.0,0.0,1.0,0.12018352001905441,0.6479803323745728,0.766510009765625,far_right,0.6102281212806702,0.2555311322212219,0.6548539996147156,60,timeout,278,randfix,Random static camera,checkpoint/2026-05-09-22-35-26/checkpoint0014.pth
glare,1.0,0.0,1.0,0.1471099555492401,0.6342076659202576,0.7830150723457336,left,0.9023802876472473,0.2655443847179413,0.3096986711025238,60,timeout,279,randfix,Random static camera,checkpoint/2026-05-09-22-35-26/checkpoint0014.pth
glare,1.0,0.0,1.0,0.12743011116981506,0.5736591219902039,0.7836613059043884,right,0.25204479694366455,0.5763262510299683,0.7895469069480896,60,timeout,280,randfix,Random static camera,checkpoint/2026-05-09-22-35-26/checkpoint0014.pth
glare,1.0,0.0,1.0,0.23307070136070251,0.5557358264923096,0.7848861813545227,left,0.6149746179580688,0.7657387852668762,0.8706284165382385,60,timeout,281,randfix,Random static camera,checkpoint/2026-05-09-22-35-26/checkpoint0014.pth
glare,0.0,1.0,0.0,1.6785656213760376,0.6420050859451294,0.8038608431816101,far_right,0.6320807933807373,0.20967800915241241,0.029309799894690514,29,collision,282,randfix,Random static camera,checkpoint/2026-05-09-22-35-26/checkpoint0014.pth
glare,1.0,0.0,1.0,0.16081856191158295,0.6386120319366455,0.7953197956085205,far_left,0.6534788012504578,0.43663153052330017,0.1287062019109726,60,timeout,283,randfix,Random static camera,checkpoint/2026-05-09-22-35-26/checkpoint0014.pth
glare,1.0,0.0,1.0,0.1600547730922699,0.6434245109558105,0.7527681589126587,left,0.5384238958358765,0.187497079372406,0.7340262532234192,60,timeout,284,randfix,Random static camera,checkpoint/2026-05-09-22-35-26/checkpoint0014.pth
glare,0.0,1.0,0.0,1.7387373447418213,0.6902841329574585,0.5460447072982788,far_right,0.5031868815422058,0.8133858442306519,0.5576836466789246,24,collision,285,randfix,Random static camera,checkpoint/2026-05-09-22-35-26/checkpoint0014.pth
glare,1.0,0.0,1.0,0.11640260368585587,0.5478504300117493,0.7948929667472839,right,0.1571749448776245,0.7234578728675842,0.7606968283653259,60,timeout,286,randfix,Random static camera,checkpoint/2026-05-09-22-35-26/checkpoint0014.pth
glare,0.0,1.0,0.0,1.7391382455825806,0.6628827452659607,0.502427339553833,far_left,0.2761659622192383,0.5635544657707214,0.5583569407463074,28,collision,287,randfix,Random static camera,checkpoint/2026-05-09-22-35-26/checkpoint0014.pth
glare,1.0,0.0,1.0,0.2062169909477234,0.6326802372932434,0.8689671158790588,left,0.5034960508346558,0.1691165417432785,0.22224347293376923,60,timeout,288,randfix,Random static camera,checkpoint/2026-05-09-22-35-26/checkpoint0014.pth
glare,0.0,1.0,0.0,1.7416126728057861,0.6498774886131287,0.54180508852005,far_right,0.8336763381958008,0.6199446320533752,0.13450171053409576,24,collision,289,randfix,Random static camera,checkpoint/2026-05-09-22-35-26/checkpoint0014.pth
glare,1.0,0.0,1.0,0.16765660047531128,0.5638756155967712,0.8021557331085205,right,0.27535611391067505,0.7511113882064819,0.23569998145103455,60,timeout,290,randfix,Random static camera,checkpoint/2026-05-09-22-35-26/checkpoint0014.pth
glare,1.0,0.0,1.0,0.18982966244220734,0.6561000943183899,0.8817805647850037,left,0.689081609249115,0.11783608049154282,0.2663283944129944,60,timeout,291,randfix,Random static camera,checkpoint/2026-05-09-22-35-26/checkpoint0014.pth
glare,1.0,0.0,1.0,0.16786471009254456,0.648978590965271,0.7692394852638245,right,0.57668536901474,0.26966872811317444,0.4112390875816345,60,timeout,292,randfix,Random static camera,checkpoint/2026-05-09-22-35-26/checkpoint0014.pth
glare,1.0,0.0,1.0,0.19595740735530853,0.5591251254081726,0.8102286458015442,left,0.946366012096405,0.6449673771858215,0.04609966650605202,60,timeout,293,randfix,Random static camera,checkpoint/2026-05-09-22-35-26/checkpoint0014.pth
glare,1.0,0.0,1.0,0.20873099565505981,0.6007028818130493,0.7689526081085205,right,0.38066816329956055,0.4235216975212097,0.8681154251098633,60,timeout,294,randfix,Random static camera,checkpoint/2026-05-09-22-35-26/checkpoint0014.pth
glare,1.0,0.0,1.0,0.09547065198421478,0.6086996793746948,0.789089024066925,right,0.814285933971405,0.39932823181152344,0.7714940309524536,60,timeout,295,randfix,Random static camera,checkpoint/2026-05-09-22-35-26/checkpoint0014.pth
glare,1.0,0.0,1.0,0.16088904440402985,0.5738343000411987,0.7748433351516724,left,0.42488202452659607,0.512691855430603,0.7400153279304504,60,timeout,296,randfix,Random static camera,checkpoint/2026-05-09-22-35-26/checkpoint0014.pth
glare,1.0,0.0,1.0,0.0644964724779129,0.5410836338996887,0.7915726900100708,right,0.37875252962112427,0.909464418888092,0.6252568960189819,60,timeout,297,randfix,Random static camera,checkpoint/2026-05-09-22-35-26/checkpoint0014.pth
glare,1.0,0.0,1.0,0.20046022534370422,0.558690071105957,0.7783685326576233,left,0.6720355153083801,0.695648729801178,0.7472083568572998,60,timeout,298,randfix,Random static camera,checkpoint/2026-05-09-22-35-26/checkpoint0014.pth
glare,1.0,0.0,1.0,0.12036760151386261,0.5625273585319519,0.7902175188064575,far_right,0.6959773302078247,0.8869611620903015,0.46085137128829956,60,timeout,299,randfix,Random static camera,checkpoint/2026-05-09-22-35-26/checkpoint0014.pth
specular,1.0,0.0,1.0,0.10201691091060638,0.5777231454849243,0.8568456172943115,right,0.5147498846054077,0.6044975519180298,0.3380933701992035,60,timeout,0,randfix,Random static camera,checkpoint/2026-05-09-22-35-26/checkpoint0014.pth
specular,0.0,1.0,0.0,1.7713052034378052,0.644130289554596,0.8249490261077881,left,0.41926202178001404,0.7594767212867737,0.1800995171070099,22,collision,1,randfix,Random static camera,checkpoint/2026-05-09-22-35-26/checkpoint0014.pth
specular,1.0,0.0,1.0,0.16463272273540497,0.6023737192153931,0.7885850667953491,left,0.7395582795143127,0.4469035565853119,0.5520616173744202,60,timeout,2,randfix,Random static camera,checkpoint/2026-05-09-22-35-26/checkpoint0014.pth
specular,1.0,0.0,1.0,0.20410150289535522,0.5545369386672974,0.8614921569824219,far_left,0.14827531576156616,0.8206577301025391,0.658679187297821,60,timeout,3,randfix,Random static camera,checkpoint/2026-05-09-22-35-26/checkpoint0014.pth
specular,1.0,0.0,1.0,0.08710312098264694,0.6614049673080444,0.9708888530731201,right,0.3619398772716522,0.18603955209255219,0.5702961683273315,60,timeout,4,randfix,Random static camera,checkpoint/2026-05-09-22-35-26/checkpoint0014.pth
specular,1.0,0.0,1.0,0.11625867336988449,0.6020641922950745,0.9736786484718323,right,0.20388226211071014,0.5296545028686523,0.4432956874370575,60,timeout,5,randfix,Random static camera,checkpoint/2026-05-09-22-35-26/checkpoint0014.pth
specular,0.0,1.0,0.0,1.7757142782211304,0.6351755261421204,0.5224187970161438,far_right,0.8577396869659424,0.6810671091079712,0.27342289686203003,25,collision,6,randfix,Random static camera,checkpoint/2026-05-09-22-35-26/checkpoint0014.pth
specular,1.0,0.0,1.0,0.14323996007442474,0.597562849521637,0.9979408979415894,left,0.20314013957977295,0.48492151498794556,0.1085926741361618,60,timeout,7,randfix,Random static camera,checkpoint/2026-05-09-22-35-26/checkpoint0014.pth
specular,1.0,0.0,1.0,0.3108596205711365,0.6889103055000305,0.9973018765449524,far_left,0.3932056725025177,0.20779289305210114,0.06683560460805893,60,timeout,8,randfix,Random static camera,checkpoint/2026-05-09-22-35-26/checkpoint0014.pth
specular,1.0,0.0,1.0,0.22049108147621155,0.6276315450668335,0.8603612780570984,far_left,0.4532150626182556,0.32718393206596375,0.6477101445198059,60,timeout,9,randfix,Random static camera,checkpoint/2026-05-09-22-35-26/checkpoint0014.pth
specular,0.0,1.0,0.0,1.6532607078552246,0.7332162261009216,0.8745370507240295,right,0.24148501455783844,0.1461811512708664,0.6097603440284729,26,collision,10,randfix,Random static camera,checkpoint/2026-05-09-22-35-26/checkpoint0014.pth
specular,0.0,1.0,0.0,1.7149311304092407,0.6674532890319824,0.5730975270271301,right,0.38046419620513916,0.8821026086807251,0.6704995632171631,21,collision,11,randfix,Random static camera,checkpoint/2026-05-09-22-35-26/checkpoint0014.pth
specular,1.0,0.0,1.0,0.15996263921260834,0.606148898601532,0.8026162981987,right,0.6108700037002563,0.39444494247436523,0.38312965631484985,60,timeout,12,randfix,Random static camera,checkpoint/2026-05-09-22-35-26/checkpoint0014.pth
specular,1.0,0.0,1.0,0.1745881587266922,0.6642781496047974,0.9367236495018005,right,0.2964448630809784,0.10476144403219223,0.689106285572052,60,timeout,13,randfix,Random static camera,checkpoint/2026-05-09-22-35-26/checkpoint0014.pth
specular,0.0,1.0,0.0,1.8552039861679077,0.6490277051925659,0.5687336921691895,far_left,0.7072173357009888,0.7767019271850586,0.05372142791748047,24,collision,14,randfix,Random static camera,checkpoint/2026-05-09-22-35-26/checkpoint0014.pth
specular,0.0,1.0,0.0,1.6884573698043823,0.6869216561317444,0.4771578907966614,left,0.7884482145309448,0.22311316430568695,0.24432574212551117,27,collision,15,randfix,Random static camera,checkpoint/2026-05-09-22-35-26/checkpoint0014.pth
specular,1.0,0.0,1.0,0.2740893065929413,0.6131026148796082,0.7834949493408203,far_right,0.9409990906715393,0.7227441072463989,0.528676450252533,60,timeout,16,randfix,Random static camera,checkpoint/2026-05-09-22-35-26/checkpoint0014.pth
specular,1.0,0.0,1.0,0.22918856143951416,0.564067006111145,0.8199821710586548,right,0.5867872834205627,0.6590637564659119,0.4007548987865448,60,timeout,17,randfix,Random static camera,checkpoint/2026-05-09-22-35-26/checkpoint0014.pth
specular,1.0,0.0,1.0,0.23930494487285614,0.6944799423217773,0.7628858089447021,far_right,0.7614260315895081,0.1644938588142395,0.47355538606643677,60,timeout,18,randfix,Random static camera,checkpoint/2026-05-09-22-35-26/checkpoint0014.pth
specular,1.0,0.0,1.0,0.14602799713611603,0.5538656115531921,0.8179133534431458,right,0.8652442097663879,0.8270325064659119,0.06840872764587402,60,timeout,19,randfix,Random static camera,checkpoint/2026-05-09-22-35-26/checkpoint0014.pth
specular,0.0,1.0,0.0,1.8124611377716064,0.6489061117172241,0.528568685054779,far_right,0.8429320454597473,0.23682455718517303,0.7438148856163025,31,collision,20,randfix,Random static camera,checkpoint/2026-05-09-22-35-26/checkpoint0014.pth
specular,1.0,0.0,1.0,0.1998610943555832,0.6075323820114136,0.9200352430343628,far_left,0.15675605833530426,0.5192531943321228,0.6355036497116089,60,timeout,21,randfix,Random static camera,checkpoint/2026-05-09-22-35-26/checkpoint0014.pth
specular,1.0,0.0,1.0,0.15738998353481293,0.5593122243881226,0.7955271005630493,right,0.725395917892456,0.5381185412406921,0.7518346309661865,60,timeout,22,randfix,Random static camera,checkpoint/2026-05-09-22-35-26/checkpoint0014.pth
specular,1.0,0.0,1.0,0.18873542547225952,0.6007930636405945,0.7898244857788086,right,0.6606984734535217,0.3764253258705139,0.6653441190719604,60,timeout,23,randfix,Random static camera,checkpoint/2026-05-09-22-35-26/checkpoint0014.pth
specular,0.0,1.0,0.0,1.6421905755996704,0.727779746055603,0.9649739861488342,far_right,0.14551624655723572,0.2975241243839264,0.4007597863674164,31,collision,24,randfix,Random static camera,checkpoint/2026-05-09-22-35-26/checkpoint0014.pth
specular,1.0,0.0,1.0,0.13979783654212952,0.6037577390670776,0.81791090965271,far_right,0.5703867077827454,0.4976651072502136,0.19408003985881805,60,timeout,25,randfix,Random static camera,checkpoint/2026-05-09-22-35-26/checkpoint0014.pth
specular,1.0,0.0,1.0,0.21143025159835815,0.666228711605072,0.8541378378868103,far_right,0.5476238131523132,0.21404801309108734,0.09512577205896378,60,timeout,26,randfix,Random static camera,checkpoint/2026-05-09-22-35-26/checkpoint0014.pth
specular,0.0,1.0,0.0,1.7862226963043213,0.6885521411895752,0.9779783487319946,far_right,0.39305180311203003,0.19896300137043,0.46098145842552185,29,collision,27,randfix,Random static camera,checkpoint/2026-05-09-22-35-26/checkpoint0014.pth
specular,1.0,0.0,1.0,0.1536037027835846,0.5634416341781616,0.8392747640609741,right,0.4463023245334625,0.6817792057991028,0.5589832663536072,60,timeout,28,randfix,Random static camera,checkpoint/2026-05-09-22-35-26/checkpoint0014.pth
specular,1.0,0.0,1.0,0.20453833043575287,0.5440348386764526,0.8043378591537476,left,0.6365453600883484,0.7115472555160522,0.39694440364837646,60,timeout,29,randfix,Random static camera,checkpoint/2026-05-09-22-35-26/checkpoint0014.pth
specular,1.0,0.0,1.0,0.19035227596759796,0.6144407391548157,0.9306641221046448,far_left,0.26042336225509644,0.5821207761764526,0.8799108266830444,60,timeout,30,randfix,Random static camera,checkpoint/2026-05-09-22-35-26/checkpoint0014.pth
specular,0.0,1.0,0.0,1.7062135934829712,0.6754671931266785,0.9944676160812378,right,0.3525017499923706,0.25403860211372375,0.07756493985652924,26,collision,31,randfix,Random static camera,checkpoint/2026-05-09-22-35-26/checkpoint0014.pth
specular,1.0,0.0,1.0,0.1748480647802353,0.606549859046936,0.9979360699653625,far_right,0.4052213430404663,0.4976833462715149,0.44610396027565,60,timeout,32,randfix,Random static camera,checkpoint/2026-05-09-22-35-26/checkpoint0014.pth
specular,1.0,0.0,1.0,0.041871193796396255,0.5963629484176636,0.8450400233268738,left,0.4077363908290863,0.5676501989364624,0.8751105666160583,60,timeout,33,randfix,Random static camera,checkpoint/2026-05-09-22-35-26/checkpoint0014.pth
specular,1.0,0.0,1.0,0.05822927877306938,0.5914626121520996,0.9178265333175659,far_right,0.42888370156288147,0.7678361535072327,0.2958243191242218,60,timeout,34,randfix,Random static camera,checkpoint/2026-05-09-22-35-26/checkpoint0014.pth
specular,1.0,0.0,1.0,0.06391958147287369,0.580156147480011,0.7968364357948303,far_left,0.7422812581062317,0.7179710268974304,0.3951038122177124,60,timeout,35,randfix,Random static camera,checkpoint/2026-05-09-22-35-26/checkpoint0014.pth
specular,0.0,1.0,0.0,1.6170058250427246,0.7211706638336182,0.9796649813652039,far_right,0.12522564828395844,0.4404882490634918,0.0668841004371643,28,collision,36,randfix,Random static camera,checkpoint/2026-05-09-22-35-26/checkpoint0014.pth
specular,1.0,0.0,1.0,0.07359872758388519,0.6366577744483948,0.9603613018989563,left,0.21433144807815552,0.3292120695114136,0.5858897566795349,60,timeout,37,randfix,Random static camera,checkpoint/2026-05-09-22-35-26/checkpoint0014.pth
specular,1.0,0.0,1.0,0.2405005693435669,0.5331465601921082,0.8102985620498657,left,0.8571065664291382,0.9140165448188782,0.4801654517650604,60,timeout,38,randfix,Random static camera,checkpoint/2026-05-09-22-35-26/checkpoint0014.pth
specular,1.0,0.0,1.0,0.2385961413383484,0.6710432171821594,0.9885344505310059,far_left,0.22754459083080292,0.15839798748493195,0.16230420768260956,60,timeout,39,randfix,Random static camera,checkpoint/2026-05-09-22-35-26/checkpoint0014.pth
specular,0.0,1.0,0.0,1.714850664138794,0.6891578435897827,0.9523950219154358,far_left,0.292275995016098,0.7052251696586609,0.46657872200012207,23,collision,40,randfix,Random static camera,checkpoint/2026-05-09-22-35-26/checkpoint0014.pth
specular,0.0,1.0,0.0,1.7232378721237183,0.6720404624938965,0.9521665573120117,left,0.47571802139282227,0.30681270360946655,0.03514346480369568,25,collision,41,randfix,Random static camera,checkpoint/2026-05-09-22-35-26/checkpoint0014.pth
specular,1.0,0.0,1.0,0.1802239567041397,0.6729580760002136,0.7798129320144653,far_right,0.7889367938041687,0.38029247522354126,0.1367296427488327,60,timeout,42,randfix,Random static camera,checkpoint/2026-05-09-22-35-26/checkpoint0014.pth
specular,0.0,1.0,0.0,1.7754722833633423,0.624456524848938,0.499039888381958,far_right,0.8942237496376038,0.8289721608161926,0.7802928686141968,23,collision,43,randfix,Random static camera,checkpoint/2026-05-09-22-35-26/checkpoint0014.pth
specular,1.0,0.0,1.0,0.045852258801460266,0.5770476460456848,0.9999276995658875,right,0.3220169246196747,0.7015299797058105,0.2828602194786072,60,timeout,44,randfix,Random static camera,checkpoint/2026-05-09-22-35-26/checkpoint0014.pth
specular,1.0,0.0,1.0,0.07854703813791275,0.5917397141456604,0.804263174533844,left,0.8273164629936218,0.47016867995262146,0.41157105565071106,60,timeout,45,randfix,Random static camera,checkpoint/2026-05-09-22-35-26/checkpoint0014.pth
specular,1.0,0.0,1.0,0.05282698571681976,0.5665162205696106,0.877502977848053,far_right,0.1927265226840973,0.8740348219871521,0.64956134557724,60,timeout,46,randfix,Random static camera,checkpoint/2026-05-09-22-35-26/checkpoint0014.pth
specular,1.0,0.0,1.0,0.04715167358517647,0.582226574420929,0.8131510615348816,right,0.5905802845954895,0.6267966032028198,0.589713990688324,60,timeout,47,randfix,Random static camera,checkpoint/2026-05-09-22-35-26/checkpoint0014.pth
specular,0.0,1.0,0.0,1.8395029306411743,0.6771036386489868,0.9927719831466675,far_left,0.40371111035346985,0.2939206659793854,0.36781981587409973,26,collision,48,randfix,Random static camera,checkpoint/2026-05-09-22-35-26/checkpoint0014.pth
specular,0.0,1.0,0.0,1.7778067588806152,0.6985054016113281,0.5365306735038757,far_left,0.6687150001525879,0.5780881643295288,0.5605551600456238,25,collision,49,randfix,Random static camera,checkpoint/2026-05-09-22-35-26/checkpoint0014.pth
specular,1.0,0.0,1.0,0.09052937477827072,0.6255656480789185,0.7829330563545227,right,0.9231768250465393,0.3980482816696167,0.3997500240802765,60,timeout,50,randfix,Random static camera,checkpoint/2026-05-09-22-35-26/checkpoint0014.pth
specular,0.0,1.0,0.0,1.8269461393356323,0.6747663617134094,0.5469039678573608,far_right,0.6641149520874023,0.2041776478290558,0.5188727378845215,26,collision,51,randfix,Random static camera,checkpoint/2026-05-09-22-35-26/checkpoint0014.pth
specular,0.0,1.0,0.0,1.5982964038848877,0.7357611656188965,0.797294557094574,right,0.14458170533180237,0.8036824464797974,0.5372747778892517,21,collision,52,randfix,Random static camera,checkpoint/2026-05-09-22-35-26/checkpoint0014.pth
specular,1.0,0.0,1.0,0.1351715326309204,0.6082389950752258,0.7846595644950867,right,0.8559606075286865,0.5223526954650879,0.4741005003452301,60,timeout,53,randfix,Random static camera,checkpoint/2026-05-09-22-35-26/checkpoint0014.pth
specular,1.0,0.0,1.0,0.09926341474056244,0.6406668424606323,0.8331934809684753,left,0.5120427012443542,0.29072511196136475,0.5850548148155212,60,timeout,54,randfix,Random static camera,checkpoint/2026-05-09-22-35-26/checkpoint0014.pth
specular,1.0,0.0,1.0,0.1897575408220291,0.6471835374832153,0.9679663777351379,right,0.3735745847225189,0.19601529836654663,0.5814307332038879,60,timeout,55,randfix,Random static camera,checkpoint/2026-05-09-22-35-26/checkpoint0014.pth
specular,0.0,1.0,0.0,1.8399447202682495,0.674630343914032,0.5382349491119385,far_left,0.9031190276145935,0.38703298568725586,0.6074874997138977,26,collision,56,randfix,Random static camera,checkpoint/2026-05-09-22-35-26/checkpoint0014.pth
specular,1.0,0.0,1.0,0.06280548125505447,0.5714854598045349,0.9360026717185974,right,0.40639960765838623,0.7291913628578186,0.34865260124206543,60,timeout,57,randfix,Random static camera,checkpoint/2026-05-09-22-35-26/checkpoint0014.pth
specular,1.0,0.0,1.0,0.26862022280693054,0.6683271527290344,0.7356722950935364,far_left,0.7945181727409363,0.12440813332796097,0.5823320150375366,60,timeout,58,randfix,Random static camera,checkpoint/2026-05-09-22-35-26/checkpoint0014.pth
specular,1.0,0.0,1.0,0.11904314160346985,0.5685833692550659,0.7976635098457336,right,0.8762680292129517,0.6772873997688293,0.5047042965888977,60,timeout,59,randfix,Random static camera,checkpoint/2026-05-09-22-35-26/checkpoint0014.pth
specular,0.0,1.0,0.0,1.751007318496704,0.6635024547576904,0.9055747985839844,far_left,0.30476945638656616,0.47913265228271484,0.7525578737258911,28,collision,60,randfix,Random static camera,checkpoint/2026-05-09-22-35-26/checkpoint0014.pth
specular,0.0,1.0,0.0,1.7761319875717163,0.6680319905281067,0.5058436393737793,far_right,0.7786720991134644,0.5732777118682861,0.35473501682281494,24,collision,61,randfix,Random static camera,checkpoint/2026-05-09-22-35-26/checkpoint0014.pth
specular,1.0,0.0,1.0,0.21754838526248932,0.5216442942619324,0.9606674909591675,right,0.3490549325942993,0.8769803643226624,0.4277949929237366,60,timeout,62,randfix,Random static camera,checkpoint/2026-05-09-22-35-26/checkpoint0014.pth
specular,1.0,0.0,1.0,0.2006830871105194,0.5821408629417419,0.8706790208816528,far_left,0.3120728135108948,0.7349668145179749,0.624289870262146,60,timeout,63,randfix,Random static camera,checkpoint/2026-05-09-22-35-26/checkpoint0014.pth
specular,0.0,1.0,0.0,1.7666743993759155,0.6589549779891968,0.9768633842468262,far_left,0.18198217451572418,0.46095699071884155,0.07787959277629852,26,collision,64,randfix,Random static camera,checkpoint/2026-05-09-22-35-26/checkpoint0014.pth
specular,0.0,1.0,0.0,1.6046843528747559,0.6643071174621582,0.9982050061225891,far_left,0.3591836988925934,0.5367607474327087,0.3194970190525055,28,collision,65,randfix,Random static camera,checkpoint/2026-05-09-22-35-26/checkpoint0014.pth
specular,0.0,1.0,0.0,1.7552226781845093,0.7010378837585449,0.5275487303733826,far_right,0.6988703012466431,0.4372258186340332,0.4745229184627533,25,collision,66,randfix,Random static camera,checkpoint/2026-05-09-22-35-26/checkpoint0014.pth
specular,1.0,0.0,1.0,0.1671815812587738,0.6413703560829163,0.7519651651382446,left,0.9439442753791809,0.20241722464561462,0.6395962834358215,60,timeout,67,randfix,Random static camera,checkpoint/2026-05-09-22-35-26/checkpoint0014.pth
specular,0.0,1.0,0.0,1.8512779474258423,0.6544145941734314,0.9784271717071533,far_left,0.3859598636627197,0.2542663812637329,0.4959256947040558,28,collision,68,randfix,Random static camera,checkpoint/2026-05-09-22-35-26/checkpoint0014.pth
specular,1.0,0.0,1.0,0.19661499559879303,0.6540420651435852,0.9672791957855225,far_right,0.3663961589336395,0.2894119918346405,0.6250273585319519,60,timeout,69,randfix,Random static camera,checkpoint/2026-05-09-22-35-26/checkpoint0014.pth
specular,1.0,0.0,1.0,0.15026508271694183,0.5709485411643982,0.8011068105697632,right,0.7857179641723633,0.6128612756729126,0.608421266078949,60,timeout,70,randfix,Random static camera,checkpoint/2026-05-09-22-35-26/checkpoint0014.pth
specular,1.0,0.0,1.0,0.2889193296432495,0.544718861579895,0.796033501625061,far_right,0.6709533929824829,0.757135808467865,0.8389002680778503,60,timeout,71,randfix,Random static camera,checkpoint/2026-05-09-22-35-26/checkpoint0014.pth
specular,1.0,0.0,1.0,0.15058159828186035,0.595544695854187,0.8031322956085205,far_left,0.6614834070205688,0.5730025172233582,0.468431293964386,60,timeout,72,randfix,Random static camera,checkpoint/2026-05-09-22-35-26/checkpoint0014.pth
specular,1.0,0.0,1.0,0.1309080570936203,0.6538040041923523,0.7974440455436707,far_right,0.5131382942199707,0.41146373748779297,0.8071831464767456,60,timeout,73,randfix,Random static camera,checkpoint/2026-05-09-22-35-26/checkpoint0014.pth
specular,0.0,1.0,0.0,1.6136982440948486,0.729865550994873,0.46416667103767395,right,0.8772003054618835,0.1311132162809372,0.23864136636257172,26,collision,74,randfix,Random static camera,checkpoint/2026-05-09-22-35-26/checkpoint0014.pth
specular,1.0,0.0,1.0,0.06727805733680725,0.6323074102401733,0.7829355001449585,left,0.6106714010238647,0.2820533215999603,0.7954421043395996,60,timeout,75,randfix,Random static camera,checkpoint/2026-05-09-22-35-26/checkpoint0014.pth
specular,1.0,0.0,1.0,0.08525324612855911,0.5919116139411926,0.8383368253707886,left,0.5474919676780701,0.5924030542373657,0.1322900503873825,60,timeout,76,randfix,Random static camera,checkpoint/2026-05-09-22-35-26/checkpoint0014.pth
specular,0.0,1.0,0.0,1.7690306901931763,0.6958101391792297,0.8806548714637756,left,0.23996636271476746,0.3378206789493561,0.8413786888122559,24,collision,77,randfix,Random static camera,checkpoint/2026-05-09-22-35-26/checkpoint0014.pth
specular,0.0,1.0,0.0,1.8125654458999634,0.6866821050643921,0.5512206554412842,far_right,0.6620079874992371,0.22647564113140106,0.6139814853668213,28,collision,78,randfix,Random static camera,checkpoint/2026-05-09-22-35-26/checkpoint0014.pth
specular,0.0,1.0,0.0,1.6958067417144775,0.6651860475540161,0.4977876543998718,far_right,0.7088578939437866,0.5998241305351257,0.22671496868133545,25,collision,79,randfix,Random static camera,checkpoint/2026-05-09-22-35-26/checkpoint0014.pth
specular,1.0,0.0,1.0,0.12881436944007874,0.6228984594345093,0.8110508322715759,right,0.5755720734596252,0.3681526482105255,0.7041252255439758,60,timeout,80,randfix,Random static camera,checkpoint/2026-05-09-22-35-26/checkpoint0014.pth
specular,1.0,0.0,1.0,0.027233818545937538,0.5665163993835449,0.8125241994857788,right,0.5957244038581848,0.7211024165153503,0.809482753276825,60,timeout,81,randfix,Random static camera,checkpoint/2026-05-09-22-35-26/checkpoint0014.pth
specular,1.0,0.0,1.0,0.08312952518463135,0.6397508382797241,0.7842086553573608,far_right,0.7793675065040588,0.4915471076965332,0.694404125213623,60,timeout,82,randfix,Random static camera,checkpoint/2026-05-09-22-35-26/checkpoint0014.pth
specular,1.0,0.0,1.0,0.15185490250587463,0.5967219471931458,0.9997372031211853,far_right,0.3718576431274414,0.5913148522377014,0.1988183856010437,60,timeout,83,randfix,Random static camera,checkpoint/2026-05-09-22-35-26/checkpoint0014.pth
specular,1.0,0.0,1.0,0.1652149260044098,0.5756694674491882,0.922762393951416,far_left,0.15855920314788818,0.611521303653717,0.5864332914352417,60,timeout,84,randfix,Random static camera,checkpoint/2026-05-09-22-35-26/checkpoint0014.pth
specular,1.0,0.0,1.0,0.15729697048664093,0.6264054179191589,0.7814357280731201,right,0.7531560063362122,0.3300839960575104,0.13591799139976501,60,timeout,85,randfix,Random static camera,checkpoint/2026-05-09-22-35-26/checkpoint0014.pth
specular,1.0,0.0,1.0,0.18053342401981354,0.5693758130073547,0.7859905362129211,left,0.9098721146583557,0.7740929126739502,0.20914886891841888,60,timeout,86,randfix,Random static camera,checkpoint/2026-05-09-22-35-26/checkpoint0014.pth
specular,0.0,1.0,0.0,1.6163315773010254,0.6905166506767273,0.5131971836090088,far_right,0.6594497561454773,0.21903233230113983,0.5145030617713928,33,collision,87,randfix,Random static camera,checkpoint/2026-05-09-22-35-26/checkpoint0014.pth
specular,0.0,1.0,0.0,1.7395952939987183,0.6789657473564148,0.5040446519851685,far_right,0.8735768795013428,0.7689630389213562,0.437141478061676,24,collision,88,randfix,Random static camera,checkpoint/2026-05-09-22-35-26/checkpoint0014.pth
specular,0.0,1.0,0.0,1.5933946371078491,0.713695228099823,0.9998224973678589,left,0.3352574110031128,0.7422929406166077,0.3108002543449402,23,collision,89,randfix,Random static camera,checkpoint/2026-05-09-22-35-26/checkpoint0014.pth
specular,0.0,1.0,0.0,1.8025685548782349,0.6432127356529236,0.8783425092697144,far_left,0.4544640779495239,0.23839163780212402,0.40406256914138794,30,collision,90,randfix,Random static camera,checkpoint/2026-05-09-22-35-26/checkpoint0014.pth
specular,1.0,0.0,1.0,0.1502809226512909,0.620954692363739,0.7949146628379822,far_right,0.6581586003303528,0.35755661129951477,0.3677752912044525,60,timeout,91,randfix,Random static camera,checkpoint/2026-05-09-22-35-26/checkpoint0014.pth
specular,0.0,1.0,0.0,1.8220001459121704,0.6652302145957947,0.9367187023162842,far_right,0.28680261969566345,0.5131160020828247,0.5593917369842529,26,collision,92,randfix,Random static camera,checkpoint/2026-05-09-22-35-26/checkpoint0014.pth
specular,0.0,1.0,0.0,1.4712491035461426,0.7484964728355408,0.5438020825386047,left,0.6437487602233887,0.5089802145957947,0.37882253527641296,26,collision,93,randfix,Random static camera,checkpoint/2026-05-09-22-35-26/checkpoint0014.pth
specular,1.0,0.0,1.0,0.21748079359531403,0.6407243609428406,0.8984712958335876,far_left,0.4152469336986542,0.32449764013290405,0.6378986239433289,60,timeout,94,randfix,Random static camera,checkpoint/2026-05-09-22-35-26/checkpoint0014.pth
specular,1.0,0.0,1.0,0.16558632254600525,0.6300368309020996,0.7951148152351379,far_right,0.5403132438659668,0.4094327390193939,0.5870763063430786,60,timeout,95,randfix,Random static camera,checkpoint/2026-05-09-22-35-26/checkpoint0014.pth
specular,0.0,1.0,0.0,1.493710994720459,0.722846269607544,0.48436427116394043,right,0.6192970871925354,0.15559980273246765,0.5732555985450745,28,collision,96,randfix,Random static camera,checkpoint/2026-05-09-22-35-26/checkpoint0014.pth
specular,1.0,0.0,1.0,0.19859236478805542,0.6525524854660034,0.7569902539253235,left,0.8339664340019226,0.187113419175148,0.33324745297431946,60,timeout,97,randfix,Random static camera,checkpoint/2026-05-09-22-35-26/checkpoint0014.pth
specular,1.0,0.0,1.0,0.05765702202916145,0.5798277258872986,0.8465061187744141,left,0.5133029818534851,0.6703066825866699,0.4025592505931854,60,timeout,98,randfix,Random static camera,checkpoint/2026-05-09-22-35-26/checkpoint0014.pth
specular,1.0,0.0,1.0,0.11882354319095612,0.6058987975120544,0.8938223719596863,right,0.412964791059494,0.3725878596305847,0.7249011397361755,60,timeout,99,randfix,Random static camera,checkpoint/2026-05-09-22-35-26/checkpoint0014.pth
specular,1.0,0.0,1.0,0.15680468082427979,0.5921752452850342,0.793940544128418,far_left,0.8840776085853577,0.7491576075553894,0.26888957619667053,60,timeout,100,randfix,Random static camera,checkpoint/2026-05-09-22-35-26/checkpoint0014.pth
specular,1.0,0.0,1.0,0.19373059272766113,0.5884867310523987,0.9984689354896545,right,0.463766872882843,0.32267552614212036,0.11018769443035126,60,timeout,101,randfix,Random static camera,checkpoint/2026-05-09-22-35-26/checkpoint0014.pth
specular,1.0,0.0,1.0,0.2363225221633911,0.5320025682449341,0.8170573115348816,left,0.5585304498672485,0.8439080715179443,0.16889770328998566,60,timeout,102,randfix,Random static camera,checkpoint/2026-05-09-22-35-26/checkpoint0014.pth
specular,1.0,0.0,1.0,0.029137518256902695,0.5729914903640747,0.8103974461555481,right,0.6715366244316101,0.7148792743682861,0.36645570397377014,60,timeout,103,randfix,Random static camera,checkpoint/2026-05-09-22-35-26/checkpoint0014.pth
specular,1.0,0.0,1.0,0.12987162172794342,0.5869026780128479,0.8234785795211792,right,0.5839517116546631,0.4839552044868469,0.1602509319782257,60,timeout,104,randfix,Random static camera,checkpoint/2026-05-09-22-35-26/checkpoint0014.pth
specular,1.0,0.0,1.0,0.129176527261734,0.6122368574142456,0.9403694868087769,far_right,0.23124556243419647,0.4903586208820343,0.8813610076904297,60,timeout,105,randfix,Random static camera,checkpoint/2026-05-09-22-35-26/checkpoint0014.pth
specular,0.0,1.0,0.0,1.7507675886154175,0.650291919708252,0.7352996468544006,far_left,0.4620140790939331,0.7301669716835022,0.27915388345718384,24,collision,106,randfix,Random static camera,checkpoint/2026-05-09-22-35-26/checkpoint0014.pth
specular,1.0,0.0,1.0,0.180607408285141,0.5328632593154907,0.8468267917633057,right,0.4522685706615448,0.8598143458366394,0.5675609111785889,60,timeout,107,randfix,Random static camera,checkpoint/2026-05-09-22-35-26/checkpoint0014.pth
specular,0.0,1.0,0.0,1.7429519891738892,0.6767827272415161,0.7910879254341125,left,0.33873164653778076,0.5304471254348755,0.8262349367141724,23,collision,108,randfix,Random static camera,checkpoint/2026-05-09-22-35-26/checkpoint0014.pth
specular,0.0,1.0,0.0,1.699235439300537,0.6689297556877136,0.606582760810852,left,0.20761005580425262,0.9141184091567993,0.8224624991416931,21,collision,109,randfix,Random static camera,checkpoint/2026-05-09-22-35-26/checkpoint0014.pth
specular,1.0,0.0,1.0,0.07675670087337494,0.6026466488838196,0.9687379598617554,right,0.4312838315963745,0.5964531302452087,0.07859000563621521,60,timeout,110,randfix,Random static camera,checkpoint/2026-05-09-22-35-26/checkpoint0014.pth
specular,1.0,0.0,1.0,0.12936599552631378,0.6545300483703613,0.8164617419242859,right,0.49748823046684265,0.15105311572551727,0.6285699605941772,60,timeout,111,randfix,Random static camera,checkpoint/2026-05-09-22-35-26/checkpoint0014.pth
specular,0.0,1.0,0.0,1.835923671722412,0.6549432873725891,0.5599550008773804,far_left,0.6097640991210938,0.7427864074707031,0.5269618630409241,23,collision,112,randfix,Random static camera,checkpoint/2026-05-09-22-35-26/checkpoint0014.pth
specular,0.0,1.0,0.0,1.8322303295135498,0.6308130621910095,0.5533673763275146,far_right,0.709629237651825,0.7723730802536011,0.16204476356506348,25,collision,113,randfix,Random static camera,checkpoint/2026-05-09-22-35-26/checkpoint0014.pth
specular,0.0,1.0,0.0,1.7629278898239136,0.6831777095794678,0.9971663355827332,far_left,0.40834787487983704,0.34557658433914185,0.38463276624679565,30,collision,114,randfix,Random static camera,checkpoint/2026-05-09-22-35-26/checkpoint0014.pth
specular,1.0,0.0,1.0,0.07041238248348236,0.5740907192230225,0.8000675439834595,left,0.7306333184242249,0.7398959994316101,0.55021733045578,60,timeout,115,randfix,Random static camera,checkpoint/2026-05-09-22-35-26/checkpoint0014.pth
specular,0.0,1.0,0.0,1.6035068035125732,0.69443279504776,0.5042902231216431,far_right,0.7204871773719788,0.3882008492946625,0.2771894037723541,27,collision,116,randfix,Random static camera,checkpoint/2026-05-09-22-35-26/checkpoint0014.pth
specular,0.0,1.0,0.0,1.8259185552597046,0.6553709506988525,0.8221431970596313,far_right,0.4534842073917389,0.22900329530239105,0.43236586451530457,27,collision,117,randfix,Random static camera,checkpoint/2026-05-09-22-35-26/checkpoint0014.pth
specular,1.0,0.0,1.0,0.11253786832094193,0.5648428797721863,0.8028357028961182,right,0.700568675994873,0.7900440096855164,0.12207286059856415,60,timeout,118,randfix,Random static camera,checkpoint/2026-05-09-22-35-26/checkpoint0014.pth
specular,1.0,0.0,1.0,0.08826841413974762,0.6109971404075623,0.7832779288291931,right,0.6685347557067871,0.4569079279899597,0.27573758363723755,60,timeout,119,randfix,Random static camera,checkpoint/2026-05-09-22-35-26/checkpoint0014.pth
specular,1.0,0.0,1.0,0.06052762269973755,0.5900791883468628,0.959095299243927,left,0.2540310323238373,0.5773259401321411,0.5874958634376526,60,timeout,120,randfix,Random static camera,checkpoint/2026-05-09-22-35-26/checkpoint0014.pth
specular,0.0,1.0,0.0,1.7464001178741455,0.6910435557365417,0.5663194060325623,far_right,0.5311594009399414,0.3312009871006012,0.7364173531532288,26,collision,121,randfix,Random static camera,checkpoint/2026-05-09-22-35-26/checkpoint0014.pth
specular,1.0,0.0,1.0,0.22539471089839935,0.5990625619888306,0.7856771349906921,far_right,0.6503755450248718,0.44164392352104187,0.7365238666534424,60,timeout,122,randfix,Random static camera,checkpoint/2026-05-09-22-35-26/checkpoint0014.pth
specular,1.0,0.0,1.0,0.09381880611181259,0.622379720211029,0.9992935657501221,left,0.37997305393218994,0.4540606141090393,0.3822867274284363,60,timeout,123,randfix,Random static camera,checkpoint/2026-05-09-22-35-26/checkpoint0014.pth
specular,0.0,1.0,0.0,1.7612541913986206,0.6807330250740051,0.7400174140930176,far_left,0.4335302710533142,0.32779037952423096,0.5761154294013977,27,collision,124,randfix,Random static camera,checkpoint/2026-05-09-22-35-26/checkpoint0014.pth
specular,1.0,0.0,1.0,0.13565383851528168,0.63008713722229,0.7963831424713135,left,0.5552428960800171,0.28540754318237305,0.4691677987575531,60,timeout,125,randfix,Random static camera,checkpoint/2026-05-09-22-35-26/checkpoint0014.pth
specular,1.0,0.0,1.0,0.10892726480960846,0.6358498930931091,0.8230950832366943,left,0.5743740797042847,0.3875223696231842,0.1135769858956337,60,timeout,126,randfix,Random static camera,checkpoint/2026-05-09-22-35-26/checkpoint0014.pth
specular,1.0,0.0,1.0,0.26016223430633545,0.5992501378059387,0.7587770223617554,left,0.8464404940605164,0.2552615702152252,0.549053430557251,60,timeout,127,randfix,Random static camera,checkpoint/2026-05-09-22-35-26/checkpoint0014.pth
specular,1.0,0.0,1.0,0.15053126215934753,0.6068246364593506,0.9597945809364319,left,0.2603890299797058,0.440711110830307,0.7322895526885986,60,timeout,128,randfix,Random static camera,checkpoint/2026-05-09-22-35-26/checkpoint0014.pth
specular,0.0,1.0,0.0,1.708838939666748,0.6747910976409912,0.4967842698097229,left,0.788835883140564,0.6680984497070312,0.31011664867401123,23,collision,129,randfix,Random static camera,checkpoint/2026-05-09-22-35-26/checkpoint0014.pth
specular,1.0,0.0,1.0,0.07271414995193481,0.5834821462631226,0.8245925307273865,far_left,0.5048630237579346,0.7824835777282715,0.37526342272758484,60,timeout,130,randfix,Random static camera,checkpoint/2026-05-09-22-35-26/checkpoint0014.pth
specular,1.0,0.0,1.0,0.07512682676315308,0.5826228857040405,0.7789978981018066,left,0.8585065603256226,0.5615570545196533,0.8270787596702576,60,timeout,131,randfix,Random static camera,checkpoint/2026-05-09-22-35-26/checkpoint0014.pth
specular,1.0,0.0,1.0,0.09805408865213394,0.6543688774108887,0.9870467185974121,left,0.4477519094944,0.20767292380332947,0.051575299352407455,60,timeout,132,randfix,Random static camera,checkpoint/2026-05-09-22-35-26/checkpoint0014.pth
specular,1.0,0.0,1.0,0.15673066675662994,0.6186177730560303,0.9019098281860352,far_left,0.148644357919693,0.4989796578884125,0.827406108379364,60,timeout,133,randfix,Random static camera,checkpoint/2026-05-09-22-35-26/checkpoint0014.pth
specular,1.0,0.0,1.0,0.11838708817958832,0.6064644455909729,0.9349344372749329,left,0.3777182400226593,0.4343797266483307,0.7477889060974121,60,timeout,134,randfix,Random static camera,checkpoint/2026-05-09-22-35-26/checkpoint0014.pth
specular,1.0,0.0,1.0,0.05253886803984642,0.6107872128486633,0.7943094372749329,far_right,0.7195004224777222,0.5045735239982605,0.21205012500286102,60,timeout,135,randfix,Random static camera,checkpoint/2026-05-09-22-35-26/checkpoint0014.pth
specular,1.0,0.0,1.0,0.09186040610074997,0.6374040842056274,0.9918765425682068,far_right,0.25265493988990784,0.39003679156303406,0.11159811913967133,60,timeout,136,randfix,Random static camera,checkpoint/2026-05-09-22-35-26/checkpoint0014.pth
specular,1.0,0.0,1.0,0.2718287706375122,0.6475393176078796,0.9908542037010193,right,0.41996029019355774,0.15840613842010498,0.3187048137187958,60,timeout,137,randfix,Random static camera,checkpoint/2026-05-09-22-35-26/checkpoint0014.pth
specular,1.0,0.0,1.0,0.13353882730007172,0.5375617742538452,0.9961806535720825,left,0.22455079853534698,0.7559763789176941,0.03949369117617607,60,timeout,138,randfix,Random static camera,checkpoint/2026-05-09-22-35-26/checkpoint0014.pth
specular,1.0,0.0,1.0,0.08853384852409363,0.6062256693840027,0.7707754969596863,right,0.7758593559265137,0.4805357754230499,0.6997283101081848,60,timeout,139,randfix,Random static camera,checkpoint/2026-05-09-22-35-26/checkpoint0014.pth
specular,0.0,1.0,0.0,1.7176427841186523,0.7045223116874695,0.51171875,far_right,0.7294013500213623,0.8219522833824158,0.18812312185764313,22,collision,140,randfix,Random static camera,checkpoint/2026-05-09-22-35-26/checkpoint0014.pth
specular,0.0,1.0,0.0,1.6679085493087769,0.6977634429931641,0.48158013820648193,left,0.6415147185325623,0.6989715099334717,0.7461466789245605,23,collision,141,randfix,Random static camera,checkpoint/2026-05-09-22-35-26/checkpoint0014.pth
specular,1.0,0.0,1.0,0.13685442507266998,0.6156241297721863,0.9692202210426331,left,0.3673076927661896,0.3580407500267029,0.7458474636077881,60,timeout,142,randfix,Random static camera,checkpoint/2026-05-09-22-35-26/checkpoint0014.pth
specular,0.0,1.0,0.0,1.7775744199752808,0.7115793228149414,0.9980814456939697,far_left,0.2816295623779297,0.4652346968650818,0.3622630536556244,24,collision,143,randfix,Random static camera,checkpoint/2026-05-09-22-35-26/checkpoint0014.pth
specular,0.0,1.0,0.0,1.7262511253356934,0.6840032339096069,0.5145701169967651,far_right,0.6234620809555054,0.5693845152854919,0.5417692065238953,25,collision,144,randfix,Random static camera,checkpoint/2026-05-09-22-35-26/checkpoint0014.pth
specular,0.0,1.0,0.0,1.7843120098114014,0.6739698648452759,0.46698492765426636,right,0.9096948504447937,0.1935902237892151,0.8220769166946411,26,collision,145,randfix,Random static camera,checkpoint/2026-05-09-22-35-26/checkpoint0014.pth
specular,1.0,0.0,1.0,0.164060577750206,0.6865073442459106,0.9848525524139404,far_right,0.43735238909721375,0.1859586238861084,0.31724733114242554,60,timeout,146,randfix,Random static camera,checkpoint/2026-05-09-22-35-26/checkpoint0014.pth
specular,1.0,0.0,1.0,0.22729909420013428,0.6602411866188049,0.8761960864067078,far_left,0.5226948261260986,0.24984003603458405,0.0911957249045372,60,timeout,147,randfix,Random static camera,checkpoint/2026-05-09-22-35-26/checkpoint0014.pth
specular,0.0,1.0,0.0,1.8181637525558472,0.6649244427680969,0.5757032632827759,far_right,0.6686955690383911,0.5982484221458435,0.04137825220823288,24,collision,148,randfix,Random static camera,checkpoint/2026-05-09-22-35-26/checkpoint0014.pth
specular,1.0,0.0,1.0,0.138295516371727,0.6066077351570129,0.7951027154922485,far_left,0.7500549554824829,0.4504905641078949,0.02488652616739273,60,timeout,149,randfix,Random static camera,checkpoint/2026-05-09-22-35-26/checkpoint0014.pth
specular,0.0,1.0,0.0,1.8524268865585327,0.690905749797821,0.5605802536010742,far_left,0.8170481324195862,0.3458828032016754,0.41943371295928955,27,collision,150,randfix,Random static camera,checkpoint/2026-05-09-22-35-26/checkpoint0014.pth
specular,1.0,0.0,1.0,0.22086086869239807,0.5445279479026794,0.7969401478767395,right,0.7490016222000122,0.7995530366897583,0.6604757308959961,60,timeout,151,randfix,Random static camera,checkpoint/2026-05-09-22-35-26/checkpoint0014.pth
specular,1.0,0.0,1.0,0.09957146644592285,0.6314405798912048,0.9687017798423767,far_right,0.3327997326850891,0.4080318212509155,0.7677855491638184,60,timeout,152,randfix,Random static camera,checkpoint/2026-05-09-22-35-26/checkpoint0014.pth
specular,1.0,0.0,1.0,0.24899210035800934,0.5381145477294922,0.7943214774131775,far_right,0.8456852436065674,0.8694457411766052,0.4786098599433899,60,timeout,153,randfix,Random static camera,checkpoint/2026-05-09-22-35-26/checkpoint0014.pth
specular,1.0,0.0,1.0,0.1528458297252655,0.6239646077156067,0.9985702037811279,far_left,0.4105454087257385,0.40633833408355713,0.05850870907306671,60,timeout,154,randfix,Random static camera,checkpoint/2026-05-09-22-35-26/checkpoint0014.pth
specular,0.0,1.0,0.0,1.817189335823059,0.6572343111038208,0.5091627836227417,far_left,0.8403357267379761,0.4534419775009155,0.8635596036911011,28,collision,155,randfix,Random static camera,checkpoint/2026-05-09-22-35-26/checkpoint0014.pth
specular,0.0,1.0,0.0,1.828371524810791,0.6821408271789551,0.7081097960472107,far_right,0.4762250483036041,0.7255362868309021,0.2292516678571701,23,collision,156,randfix,Random static camera,checkpoint/2026-05-09-22-35-26/checkpoint0014.pth
specular,0.0,1.0,0.0,1.7741764783859253,0.6785711646080017,0.9801191687583923,far_left,0.2361728399991989,0.27428585290908813,0.22169765830039978,25,collision,157,randfix,Random static camera,checkpoint/2026-05-09-22-35-26/checkpoint0014.pth
specular,1.0,0.0,1.0,0.13248077034950256,0.5400275588035583,0.9673177599906921,far_left,0.1588480919599533,0.8692206740379333,0.24053069949150085,60,timeout,158,randfix,Random static camera,checkpoint/2026-05-09-22-35-26/checkpoint0014.pth
specular,1.0,0.0,1.0,0.12904208898544312,0.6028650403022766,0.9535011649131775,far_left,0.15096190571784973,0.797232985496521,0.15377795696258545,60,timeout,159,randfix,Random static camera,checkpoint/2026-05-09-22-35-26/checkpoint0014.pth
specular,0.0,1.0,0.0,1.8061612844467163,0.6773104071617126,0.5256944298744202,far_left,0.9295124411582947,0.4630281329154968,0.4410316050052643,26,collision,160,randfix,Random static camera,checkpoint/2026-05-09-22-35-26/checkpoint0014.pth
specular,1.0,0.0,1.0,0.16706214845180511,0.5644522905349731,0.894444465637207,far_right,0.4279440641403198,0.6578332781791687,0.4510645568370819,60,timeout,161,randfix,Random static camera,checkpoint/2026-05-09-22-35-26/checkpoint0014.pth
specular,0.0,1.0,0.0,1.7761383056640625,0.6427006125450134,0.4862886965274811,far_left,0.7995368838310242,0.7849363088607788,0.8585330247879028,23,collision,162,randfix,Random static camera,checkpoint/2026-05-09-22-35-26/checkpoint0014.pth
specular,1.0,0.0,1.0,0.24326474964618683,0.6541574597358704,0.9920694231987,far_left,0.27076902985572815,0.19261392951011658,0.47561559081077576,60,timeout,163,randfix,Random static camera,checkpoint/2026-05-09-22-35-26/checkpoint0014.pth
specular,0.0,1.0,0.0,1.70573091506958,0.669356107711792,0.5065900087356567,right,0.665181577205658,0.8832966089248657,0.33660492300987244,21,collision,164,randfix,Random static camera,checkpoint/2026-05-09-22-35-26/checkpoint0014.pth
specular,1.0,0.0,1.0,0.1353989541530609,0.6093189120292664,0.9587746262550354,far_left,0.20557057857513428,0.489864319562912,0.5215008854866028,60,timeout,165,randfix,Random static camera,checkpoint/2026-05-09-22-35-26/checkpoint0014.pth
specular,1.0,0.0,1.0,0.07516758143901825,0.5224704146385193,0.9573206305503845,left,0.1959768682718277,0.8777609467506409,0.498045951128006,60,timeout,166,randfix,Random static camera,checkpoint/2026-05-09-22-35-26/checkpoint0014.pth
specular,1.0,0.0,1.0,0.1555473804473877,0.6860227584838867,0.7379412651062012,right,0.8991141319274902,0.12329966574907303,0.40871405601501465,60,timeout,167,randfix,Random static camera,checkpoint/2026-05-09-22-35-26/checkpoint0014.pth
specular,1.0,0.0,1.0,0.21626856923103333,0.6754430532455444,0.7387032508850098,far_right,0.7749562859535217,0.15650992095470428,0.8117068409919739,60,timeout,168,randfix,Random static camera,checkpoint/2026-05-09-22-35-26/checkpoint0014.pth
specular,1.0,0.0,1.0,0.1844785362482071,0.5468932390213013,0.9999446272850037,left,0.2772672772407532,0.8486425280570984,0.26589223742485046,60,timeout,169,randfix,Random static camera,checkpoint/2026-05-09-22-35-26/checkpoint0014.pth
specular,0.0,1.0,0.0,1.661733627319336,0.7031059265136719,0.4869849383831024,far_left,0.7938075065612793,0.6712148785591125,0.39422622323036194,26,collision,170,randfix,Random static camera,checkpoint/2026-05-09-22-35-26/checkpoint0014.pth
specular,0.0,1.0,0.0,1.7683347463607788,0.663109540939331,0.6413828730583191,far_right,0.3559926748275757,0.6495116353034973,0.6962851881980896,22,collision,171,randfix,Random static camera,checkpoint/2026-05-09-22-35-26/checkpoint0014.pth
specular,0.0,1.0,0.0,1.7765132188796997,0.6788948774337769,0.7030935287475586,far_right,0.335211843252182,0.8636777997016907,0.5255865454673767,24,collision,172,randfix,Random static camera,checkpoint/2026-05-09-22-35-26/checkpoint0014.pth
specular,1.0,0.0,1.0,0.2050170600414276,0.5853434801101685,0.7789689898490906,left,0.8699277639389038,0.6142775416374207,0.5501561760902405,60,timeout,173,randfix,Random static camera,checkpoint/2026-05-09-22-35-26/checkpoint0014.pth
specular,1.0,0.0,1.0,0.21135137975215912,0.6599379777908325,0.7534096240997314,far_left,0.9310868978500366,0.23360516130924225,0.3363266587257385,60,timeout,174,randfix,Random static camera,checkpoint/2026-05-09-22-35-26/checkpoint0014.pth
specular,0.0,1.0,0.0,1.8049812316894531,0.6936300992965698,0.8360925912857056,far_right,0.3646928668022156,0.1335163563489914,0.7470390200614929,29,collision,175,randfix,Random static camera,checkpoint/2026-05-09-22-35-26/checkpoint0014.pth
specular,0.0,1.0,0.0,1.7962037324905396,0.6595966219902039,0.5663667917251587,far_left,0.598587155342102,0.8720151782035828,0.4386061429977417,23,collision,176,randfix,Random static camera,checkpoint/2026-05-09-22-35-26/checkpoint0014.pth
specular,1.0,0.0,1.0,0.13966669142246246,0.6795347929000854,0.7635030746459961,left,0.6350929141044617,0.11767987161874771,0.05262697860598564,60,timeout,177,randfix,Random static camera,checkpoint/2026-05-09-22-35-26/checkpoint0014.pth
specular,1.0,0.0,1.0,0.2886943519115448,0.664307177066803,0.9879702925682068,far_right,0.29623040556907654,0.14141252636909485,0.05907024070620537,60,timeout,178,randfix,Random static camera,checkpoint/2026-05-09-22-35-26/checkpoint0014.pth
specular,1.0,0.0,1.0,0.1197967529296875,0.6410744190216064,0.899633526802063,right,0.11695515364408493,0.2783218026161194,0.8570321202278137,60,timeout,179,randfix,Random static camera,checkpoint/2026-05-09-22-35-26/checkpoint0014.pth
specular,1.0,0.0,1.0,0.10237501561641693,0.5673675537109375,0.8474103808403015,left,0.10369545966386795,0.7240538597106934,0.8340079188346863,60,timeout,180,randfix,Random static camera,checkpoint/2026-05-09-22-35-26/checkpoint0014.pth
specular,1.0,0.0,1.0,0.23360052704811096,0.6709092855453491,0.9884741902351379,far_right,0.12318656593561172,0.2520350217819214,0.1590590924024582,60,timeout,181,randfix,Random static camera,checkpoint/2026-05-09-22-35-26/checkpoint0014.pth
specular,0.0,1.0,0.0,1.8133918046951294,0.6504346132278442,0.8425989747047424,far_right,0.2556222677230835,0.7568772435188293,0.5434006452560425,24,collision,182,randfix,Random static camera,checkpoint/2026-05-09-22-35-26/checkpoint0014.pth
specular,1.0,0.0,1.0,0.09387063980102539,0.5640637874603271,0.803043007850647,left,0.8826469779014587,0.7728927135467529,0.2662666440010071,60,timeout,183,randfix,Random static camera,checkpoint/2026-05-09-22-35-26/checkpoint0014.pth
specular,0.0,1.0,0.0,1.6823076009750366,0.6703096628189087,0.8463954925537109,left,0.1624186933040619,0.8798924684524536,0.4850882589817047,22,collision,184,randfix,Random static camera,checkpoint/2026-05-09-22-35-26/checkpoint0014.pth
specular,1.0,0.0,1.0,0.13834457099437714,0.5268826484680176,0.8468798995018005,right,0.4852871596813202,0.849672257900238,0.36685386300086975,60,timeout,185,randfix,Random static camera,checkpoint/2026-05-09-22-35-26/checkpoint0014.pth
specular,1.0,0.0,1.0,0.10070064663887024,0.6381725072860718,0.9997082948684692,far_left,0.2776024639606476,0.42634591460227966,0.1535734236240387,60,timeout,186,randfix,Random static camera,checkpoint/2026-05-09-22-35-26/checkpoint0014.pth
specular,1.0,0.0,1.0,0.07058212161064148,0.5864436626434326,0.7937790155410767,far_left,0.772352933883667,0.677006721496582,0.7060940861701965,60,timeout,187,randfix,Random static camera,checkpoint/2026-05-09-22-35-26/checkpoint0014.pth
specular,0.0,1.0,0.0,1.741391897201538,0.7107759714126587,0.530402660369873,far_left,0.7150735259056091,0.2007031887769699,0.1526249498128891,29,collision,188,randfix,Random static camera,checkpoint/2026-05-09-22-35-26/checkpoint0014.pth
specular,1.0,0.0,1.0,0.16773578524589539,0.5987206101417542,0.7896774411201477,left,0.9388424158096313,0.5008292198181152,0.05621281638741493,60,timeout,189,randfix,Random static camera,checkpoint/2026-05-09-22-35-26/checkpoint0014.pth
specular,0.0,1.0,0.0,1.612779974937439,0.715969979763031,0.9660460948944092,far_left,0.37513911724090576,0.2118394374847412,0.4809128940105438,30,collision,190,randfix,Random static camera,checkpoint/2026-05-09-22-35-26/checkpoint0014.pth
specular,0.0,1.0,0.0,1.6757855415344238,0.7365116477012634,0.4877327084541321,far_right,0.8155950307846069,0.33612149953842163,0.39020976424217224,25,collision,191,randfix,Random static camera,checkpoint/2026-05-09-22-35-26/checkpoint0014.pth
specular,1.0,0.0,1.0,0.141598179936409,0.5304796099662781,0.7920742630958557,right,0.7712365984916687,0.9105486869812012,0.6355023980140686,60,timeout,192,randfix,Random static camera,checkpoint/2026-05-09-22-35-26/checkpoint0014.pth
specular,1.0,0.0,1.0,0.16682469844818115,0.6248857378959656,0.9873119592666626,right,0.1800817847251892,0.26244160532951355,0.32691529393196106,60,timeout,193,randfix,Random static camera,checkpoint/2026-05-09-22-35-26/checkpoint0014.pth
specular,1.0,0.0,1.0,0.16902829706668854,0.6258854269981384,0.7690489888191223,right,0.917330801486969,0.34151357412338257,0.3281356990337372,60,timeout,194,randfix,Random static camera,checkpoint/2026-05-09-22-35-26/checkpoint0014.pth
specular,0.0,1.0,0.0,1.6615325212478638,0.6802988648414612,0.5401884913444519,right,0.5077037215232849,0.5219752192497253,0.6862581372261047,24,collision,195,randfix,Random static camera,checkpoint/2026-05-09-22-35-26/checkpoint0014.pth
specular,1.0,0.0,1.0,0.0960899069905281,0.5672248005867004,0.7979817986488342,left,0.6977551579475403,0.7162152528762817,0.7719779014587402,60,timeout,196,randfix,Random static camera,checkpoint/2026-05-09-22-35-26/checkpoint0014.pth
specular,0.0,1.0,0.0,1.822761058807373,0.6553333401679993,0.9734974503517151,far_left,0.13232746720314026,0.35954004526138306,0.15242072939872742,28,collision,197,randfix,Random static camera,checkpoint/2026-05-09-22-35-26/checkpoint0014.pth
specular,0.0,1.0,0.0,1.7255232334136963,0.6545018553733826,0.4755280613899231,right,0.8976475596427917,0.8719910979270935,0.40332290530204773,21,collision,198,randfix,Random static camera,checkpoint/2026-05-09-22-35-26/checkpoint0014.pth
specular,0.0,1.0,0.0,1.849906325340271,0.6697041988372803,0.6934548616409302,far_left,0.5049470663070679,0.5402066707611084,0.4055083990097046,26,collision,199,randfix,Random static camera,checkpoint/2026-05-09-22-35-26/checkpoint0014.pth
specular,1.0,0.0,1.0,0.1892632693052292,0.6671167016029358,0.9961733222007751,far_left,0.22509661316871643,0.2305043637752533,0.3067638576030731,60,timeout,200,randfix,Random static camera,checkpoint/2026-05-09-22-35-26/checkpoint0014.pth
specular,0.0,1.0,0.0,1.6980229616165161,0.6539262533187866,0.5155921578407288,left,0.5865182280540466,0.6946780681610107,0.47666335105895996,23,collision,201,randfix,Random static camera,checkpoint/2026-05-09-22-35-26/checkpoint0014.pth
specular,0.0,1.0,0.0,1.7507436275482178,0.6567608118057251,0.5113450288772583,far_left,0.7475990056991577,0.4447654187679291,0.14033940434455872,25,collision,202,randfix,Random static camera,checkpoint/2026-05-09-22-35-26/checkpoint0014.pth
specular,0.0,1.0,0.0,1.7889983654022217,0.663142204284668,0.9954456090927124,far_left,0.26896700263023376,0.37547439336776733,0.3686321973800659,26,collision,203,randfix,Random static camera,checkpoint/2026-05-09-22-35-26/checkpoint0014.pth
specular,1.0,0.0,1.0,0.09872666746377945,0.5533230304718018,0.7995973229408264,left,0.8552727103233337,0.7336964011192322,0.7658336162567139,60,timeout,204,randfix,Random static camera,checkpoint/2026-05-09-22-35-26/checkpoint0014.pth
specular,1.0,0.0,1.0,0.12308415025472641,0.5647522211074829,0.9279032349586487,left,0.21987442672252655,0.624042272567749,0.7944636344909668,60,timeout,205,randfix,Random static camera,checkpoint/2026-05-09-22-35-26/checkpoint0014.pth
specular,1.0,0.0,1.0,0.09823961555957794,0.563336193561554,0.811496913433075,left,0.6191128492355347,0.7358561158180237,0.4027342200279236,60,timeout,206,randfix,Random static camera,checkpoint/2026-05-09-22-35-26/checkpoint0014.pth
specular,1.0,0.0,1.0,0.2312239408493042,0.5143322348594666,0.7967014312744141,left,0.8315674066543579,0.9195238947868347,0.23150968551635742,60,timeout,207,randfix,Random static camera,checkpoint/2026-05-09-22-35-26/checkpoint0014.pth
specular,1.0,0.0,1.0,0.1810050904750824,0.5355923175811768,0.804844319820404,left,0.6606683731079102,0.9141039848327637,0.8434268236160278,60,timeout,208,randfix,Random static camera,checkpoint/2026-05-09-22-35-26/checkpoint0014.pth
specular,1.0,0.0,1.0,0.18467891216278076,0.6572791337966919,0.7703391313552856,left,0.6017661094665527,0.1773100644350052,0.665229320526123,60,timeout,209,randfix,Random static camera,checkpoint/2026-05-09-22-35-26/checkpoint0014.pth
specular,1.0,0.0,1.0,0.17966438829898834,0.637485146522522,0.9965447187423706,right,0.20223300158977509,0.22613507509231567,0.21365512907505035,60,timeout,210,randfix,Random static camera,checkpoint/2026-05-09-22-35-26/checkpoint0014.pth
specular,0.0,1.0,0.0,1.721631646156311,0.6968808770179749,0.5383785367012024,far_right,0.5928032994270325,0.7663881182670593,0.0451173298060894,23,collision,211,randfix,Random static camera,checkpoint/2026-05-09-22-35-26/checkpoint0014.pth
specular,1.0,0.0,1.0,0.23415429890155792,0.5774381160736084,0.9113908410072327,right,0.1639292985200882,0.6533438563346863,0.7079833149909973,60,timeout,212,randfix,Random static camera,checkpoint/2026-05-09-22-35-26/checkpoint0014.pth
specular,0.0,1.0,0.0,1.7965657711029053,0.6533682346343994,0.6866087913513184,far_left,0.407873272895813,0.5185574889183044,0.7069658637046814,26,collision,213,randfix,Random static camera,checkpoint/2026-05-09-22-35-26/checkpoint0014.pth
specular,0.0,1.0,0.0,1.7122479677200317,0.6777288913726807,0.518682062625885,far_left,0.6683294177055359,0.5477593541145325,0.33203184604644775,24,collision,214,randfix,Random static camera,checkpoint/2026-05-09-22-35-26/checkpoint0014.pth
specular,0.0,1.0,0.0,1.813887596130371,0.6331401467323303,0.5600028038024902,far_right,0.7511062026023865,0.8947975635528564,0.13304372131824493,24,collision,215,randfix,Random static camera,checkpoint/2026-05-09-22-35-26/checkpoint0014.pth
specular,0.0,1.0,0.0,1.7743910551071167,0.6189653277397156,0.5118996500968933,far_right,0.7818393707275391,0.5695924162864685,0.40480753779411316,25,collision,216,randfix,Random static camera,checkpoint/2026-05-09-22-35-26/checkpoint0014.pth
specular,0.0,1.0,0.0,1.786662220954895,0.6630542278289795,0.5869061946868896,far_left,0.5106730461120605,0.8554525971412659,0.486941933631897,24,collision,217,randfix,Random static camera,checkpoint/2026-05-09-22-35-26/checkpoint0014.pth
specular,1.0,0.0,1.0,0.19547584652900696,0.6768251657485962,0.7565297484397888,far_left,0.9488688111305237,0.21926236152648926,0.8572826981544495,60,timeout,218,randfix,Random static camera,checkpoint/2026-05-09-22-35-26/checkpoint0014.pth
specular,0.0,1.0,0.0,1.6797658205032349,0.7155035138130188,0.7848524451255798,right,0.16835278272628784,0.7402100563049316,0.5799197554588318,21,collision,219,randfix,Random static camera,checkpoint/2026-05-09-22-35-26/checkpoint0014.pth
specular,1.0,0.0,1.0,0.11326552927494049,0.5940043330192566,0.9071446061134338,far_left,0.4168160855770111,0.6177420616149902,0.457101970911026,60,timeout,220,randfix,Random static camera,checkpoint/2026-05-09-22-35-26/checkpoint0014.pth
specular,1.0,0.0,1.0,0.12925118207931519,0.5255821347236633,0.9999662637710571,right,0.3103136718273163,0.8590543270111084,0.31304851174354553,60,timeout,221,randfix,Random static camera,checkpoint/2026-05-09-22-35-26/checkpoint0014.pth
specular,0.0,1.0,0.0,1.7854317426681519,0.6607044339179993,0.9061513543128967,far_left,0.19655029475688934,0.6675868034362793,0.40817955136299133,23,collision,222,randfix,Random static camera,checkpoint/2026-05-09-22-35-26/checkpoint0014.pth
specular,1.0,0.0,1.0,0.13887611031532288,0.5776771306991577,0.777454674243927,right,0.8672085404396057,0.4406096041202545,0.8367586731910706,60,timeout,223,randfix,Random static camera,checkpoint/2026-05-09-22-35-26/checkpoint0014.pth
specular,1.0,0.0,1.0,0.13110969960689545,0.6067817211151123,0.9997348189353943,left,0.24149847030639648,0.43935656547546387,0.1805231273174286,60,timeout,224,randfix,Random static camera,checkpoint/2026-05-09-22-35-26/checkpoint0014.pth
specular,1.0,0.0,1.0,0.17411956191062927,0.6260198950767517,0.9670573472976685,far_left,0.15738259255886078,0.34593749046325684,0.4475227892398834,60,timeout,225,randfix,Random static camera,checkpoint/2026-05-09-22-35-26/checkpoint0014.pth
specular,1.0,0.0,1.0,0.18576905131340027,0.638910174369812,0.7645399570465088,left,0.6238904595375061,0.19687412679195404,0.6632570028305054,60,timeout,226,randfix,Random static camera,checkpoint/2026-05-09-22-35-26/checkpoint0014.pth
specular,0.0,1.0,0.0,1.759555459022522,0.6635122299194336,0.5448684096336365,far_left,0.5259809494018555,0.6628653407096863,0.6409167051315308,24,collision,227,randfix,Random static camera,checkpoint/2026-05-09-22-35-26/checkpoint0014.pth
specular,0.0,1.0,0.0,1.6411967277526855,0.7262057662010193,0.9985978603363037,far_right,0.3664388060569763,0.5886878967285156,0.3905453085899353,27,collision,228,randfix,Random static camera,checkpoint/2026-05-09-22-35-26/checkpoint0014.pth
specular,1.0,0.0,1.0,0.15670178830623627,0.6427294611930847,0.781891405582428,far_left,0.6563937067985535,0.4464608132839203,0.6152206659317017,60,timeout,229,randfix,Random static camera,checkpoint/2026-05-09-22-35-26/checkpoint0014.pth
specular,1.0,0.0,1.0,0.18793675303459167,0.58991539478302,0.9937332272529602,left,0.1467461884021759,0.42946937680244446,0.10208427160978317,60,timeout,230,randfix,Random static camera,checkpoint/2026-05-09-22-35-26/checkpoint0014.pth
specular,0.0,1.0,0.0,1.8526283502578735,0.6655228137969971,0.5263671875,far_right,0.8751806020736694,0.578794002532959,0.8583294749259949,25,collision,231,randfix,Random static camera,checkpoint/2026-05-09-22-35-26/checkpoint0014.pth
specular,1.0,0.0,1.0,0.09680987894535065,0.6280398368835449,0.7928168773651123,left,0.6759880781173706,0.373805969953537,0.0609416589140892,60,timeout,232,randfix,Random static camera,checkpoint/2026-05-09-22-35-26/checkpoint0014.pth
specular,1.0,0.0,1.0,0.12423664331436157,0.5244333744049072,0.8523727059364319,left,0.141633078455925,0.8588976860046387,0.8478363752365112,60,timeout,233,randfix,Random static camera,checkpoint/2026-05-09-22-35-26/checkpoint0014.pth
specular,0.0,1.0,0.0,1.803849697113037,0.6812772750854492,0.5202314853668213,far_left,0.8920092582702637,0.4593859314918518,0.6756341457366943,26,collision,234,randfix,Random static camera,checkpoint/2026-05-09-22-35-26/checkpoint0014.pth
specular,0.0,1.0,0.0,1.7626267671585083,0.6782352924346924,0.6660069227218628,far_left,0.5279353260993958,0.19872164726257324,0.3501519560813904,26,collision,235,randfix,Random static camera,checkpoint/2026-05-09-22-35-26/checkpoint0014.pth
specular,1.0,0.0,1.0,0.18027284741401672,0.6009482741355896,0.9784674644470215,left,0.20943674445152283,0.4588751196861267,0.4408170282840729,60,timeout,236,randfix,Random static camera,checkpoint/2026-05-09-22-35-26/checkpoint0014.pth
specular,1.0,0.0,1.0,0.10292075574398041,0.644549548625946,0.7988932728767395,right,0.544270396232605,0.15869440138339996,0.6429096460342407,60,timeout,237,randfix,Random static camera,checkpoint/2026-05-09-22-35-26/checkpoint0014.pth
specular,1.0,0.0,1.0,0.06668258458375931,0.5582679510116577,0.7970631122589111,right,0.9446194171905518,0.7375988364219666,0.6444524526596069,60,timeout,238,randfix,Random static camera,checkpoint/2026-05-09-22-35-26/checkpoint0014.pth
specular,1.0,0.0,1.0,0.19626761972904205,0.693672776222229,0.7682316303253174,far_left,0.6933942437171936,0.1891910284757614,0.2593652307987213,60,timeout,239,randfix,Random static camera,checkpoint/2026-05-09-22-35-26/checkpoint0014.pth
specular,1.0,0.0,1.0,0.1130761057138443,0.6332478523254395,0.8222874402999878,left,0.5488654375076294,0.3712495267391205,0.45862436294555664,60,timeout,240,randfix,Random static camera,checkpoint/2026-05-09-22-35-26/checkpoint0014.pth
specular,0.0,1.0,0.0,1.8128420114517212,0.6846835613250732,0.54248046875,far_right,0.7126857042312622,0.49549075961112976,0.8318910002708435,25,collision,241,randfix,Random static camera,checkpoint/2026-05-09-22-35-26/checkpoint0014.pth
specular,1.0,0.0,1.0,0.18183785676956177,0.5361865162849426,0.804600715637207,right,0.7191436886787415,0.821567177772522,0.39751341938972473,60,timeout,242,randfix,Random static camera,checkpoint/2026-05-09-22-35-26/checkpoint0014.pth
specular,0.0,1.0,0.0,1.5807758569717407,0.7364122867584229,0.9950810670852661,right,0.2523878812789917,0.4654046893119812,0.3838975131511688,25,collision,243,randfix,Random static camera,checkpoint/2026-05-09-22-35-26/checkpoint0014.pth
specular,1.0,0.0,1.0,0.07050818204879761,0.5398343205451965,0.8589965105056763,right,0.19382236897945404,0.8759881854057312,0.7818874716758728,60,timeout,244,randfix,Random static camera,checkpoint/2026-05-09-22-35-26/checkpoint0014.pth
specular,1.0,0.0,1.0,0.13596832752227783,0.6312835216522217,0.8131462335586548,far_right,0.5099186897277832,0.6047543883323669,0.5335383415222168,60,timeout,245,randfix,Random static camera,checkpoint/2026-05-09-22-35-26/checkpoint0014.pth
specular,1.0,0.0,1.0,0.09759042412042618,0.5752678513526917,0.7966001033782959,left,0.9097285270690918,0.7075899839401245,0.3404184579849243,60,timeout,246,randfix,Random static camera,checkpoint/2026-05-09-22-35-26/checkpoint0014.pth
specular,0.0,1.0,0.0,1.800268292427063,0.6511924862861633,0.9985763430595398,far_right,0.322975754737854,0.7428804636001587,0.3783453404903412,26,collision,247,randfix,Random static camera,checkpoint/2026-05-09-22-35-26/checkpoint0014.pth
specular,1.0,0.0,1.0,0.19930820167064667,0.6395304203033447,0.9583719968795776,left,0.3171834349632263,0.21153385937213898,0.6632006764411926,60,timeout,248,randfix,Random static camera,checkpoint/2026-05-09-22-35-26/checkpoint0014.pth
specular,1.0,0.0,1.0,0.09907267987728119,0.6234379410743713,0.9995346665382385,left,0.41144639253616333,0.3775736391544342,0.36060279607772827,60,timeout,249,randfix,Random static camera,checkpoint/2026-05-09-22-35-26/checkpoint0014.pth
specular,0.0,1.0,0.0,1.7907633781433105,0.6680232286453247,0.539434552192688,far_left,0.6579488515853882,0.675908625125885,0.13538043200969696,22,collision,250,randfix,Random static camera,checkpoint/2026-05-09-22-35-26/checkpoint0014.pth
specular,1.0,0.0,1.0,0.1435818076133728,0.5595487952232361,0.7992645502090454,far_left,0.6957820057868958,0.8632596135139465,0.3547060191631317,60,timeout,251,randfix,Random static camera,checkpoint/2026-05-09-22-35-26/checkpoint0014.pth
specular,1.0,0.0,1.0,0.18760792911052704,0.5868141055107117,0.999040424823761,right,0.3659663796424866,0.4751546382904053,0.27163445949554443,60,timeout,252,randfix,Random static camera,checkpoint/2026-05-09-22-35-26/checkpoint0014.pth
specular,0.0,1.0,0.0,1.749015212059021,0.6796057224273682,0.5071675181388855,far_left,0.6503833532333374,0.47361382842063904,0.7256277799606323,25,collision,253,randfix,Random static camera,checkpoint/2026-05-09-22-35-26/checkpoint0014.pth
specular,1.0,0.0,1.0,0.26077818870544434,0.6026654243469238,0.7641469836235046,far_right,0.7927241325378418,0.337392121553421,0.7587792873382568,60,timeout,254,randfix,Random static camera,checkpoint/2026-05-09-22-35-26/checkpoint0014.pth
specular,1.0,0.0,1.0,0.30976542830467224,0.6851977109909058,0.8913918137550354,far_left,0.1380627453327179,0.19660362601280212,0.8718047142028809,60,timeout,255,randfix,Random static camera,checkpoint/2026-05-09-22-35-26/checkpoint0014.pth
specular,1.0,0.0,1.0,0.1406174898147583,0.6267420649528503,0.996113121509552,left,0.38471585512161255,0.2810629606246948,0.4110864996910095,60,timeout,256,randfix,Random static camera,checkpoint/2026-05-09-22-35-26/checkpoint0014.pth
specular,1.0,0.0,1.0,0.0853632465004921,0.567313551902771,0.7906852960586548,far_right,0.7309362292289734,0.8051507472991943,0.5458501577377319,60,timeout,257,randfix,Random static camera,checkpoint/2026-05-09-22-35-26/checkpoint0014.pth
specular,1.0,0.0,1.0,0.16509781777858734,0.6272165775299072,0.7796634435653687,left,0.6485015749931335,0.16951119899749756,0.23430176079273224,60,timeout,258,randfix,Random static camera,checkpoint/2026-05-09-22-35-26/checkpoint0014.pth
specular,0.0,1.0,0.0,1.8297771215438843,0.6721422076225281,0.6690341234207153,far_left,0.4532415270805359,0.7035687565803528,0.4576128423213959,23,collision,259,randfix,Random static camera,checkpoint/2026-05-09-22-35-26/checkpoint0014.pth
specular,0.0,1.0,0.0,1.7022614479064941,0.694372832775116,0.5130729079246521,far_left,0.6430267691612244,0.3202848434448242,0.44832953810691833,26,collision,260,randfix,Random static camera,checkpoint/2026-05-09-22-35-26/checkpoint0014.pth
specular,1.0,0.0,1.0,0.16018833220005035,0.6295278072357178,0.7748336791992188,right,0.9096570611000061,0.2598547339439392,0.09288802742958069,60,timeout,261,randfix,Random static camera,checkpoint/2026-05-09-22-35-26/checkpoint0014.pth
specular,1.0,0.0,1.0,0.1327303797006607,0.6147192716598511,0.9662158489227295,far_left,0.21245543658733368,0.6645147204399109,0.44249969720840454,60,timeout,262,randfix,Random static camera,checkpoint/2026-05-09-22-35-26/checkpoint0014.pth
specular,0.0,1.0,0.0,1.8156808614730835,0.688420295715332,0.9979745745658875,far_left,0.2924477458000183,0.6586655378341675,0.232967346906662,25,collision,263,randfix,Random static camera,checkpoint/2026-05-09-22-35-26/checkpoint0014.pth
specular,0.0,1.0,0.0,1.5433038473129272,0.6729923486709595,0.9996238350868225,far_right,0.41764646768569946,0.5176407098770142,0.24127210676670074,31,collision,264,randfix,Random static camera,checkpoint/2026-05-09-22-35-26/checkpoint0014.pth
specular,1.0,0.0,1.0,0.03926531597971916,0.5806873440742493,0.8286410570144653,left,0.5484851002693176,0.7012333273887634,0.28423452377319336,60,timeout,265,randfix,Random static camera,checkpoint/2026-05-09-22-35-26/checkpoint0014.pth
specular,1.0,0.0,1.0,0.12661001086235046,0.6335448026657104,0.9950183629989624,left,0.2558010518550873,0.24371135234832764,0.21747641265392303,60,timeout,266,randfix,Random static camera,checkpoint/2026-05-09-22-35-26/checkpoint0014.pth
specular,0.0,1.0,0.0,1.7056143283843994,0.689816951751709,0.6458708643913269,far_left,0.4341323673725128,0.5335374474525452,0.6792307496070862,28,collision,267,randfix,Random static camera,checkpoint/2026-05-09-22-35-26/checkpoint0014.pth
specular,1.0,0.0,1.0,0.1630457043647766,0.6442961096763611,0.9532697796821594,left,0.24734282493591309,0.22758303582668304,0.7293322682380676,60,timeout,268,randfix,Random static camera,checkpoint/2026-05-09-22-35-26/checkpoint0014.pth
specular,0.0,1.0,0.0,1.5641282796859741,0.6882776021957397,0.5586110353469849,far_right,0.44780975580215454,0.7288326621055603,0.716153621673584,26,collision,269,randfix,Random static camera,checkpoint/2026-05-09-22-35-26/checkpoint0014.pth
specular,1.0,0.0,1.0,0.06655938178300858,0.5938557982444763,0.9914208054542542,right,0.21034660935401917,0.7386376857757568,0.22659586369991302,60,timeout,270,randfix,Random static camera,checkpoint/2026-05-09-22-35-26/checkpoint0014.pth
specular,1.0,0.0,1.0,0.2097880095243454,0.6293666958808899,0.9902368187904358,right,0.10092907398939133,0.2633611261844635,0.11140958219766617,60,timeout,271,randfix,Random static camera,checkpoint/2026-05-09-22-35-26/checkpoint0014.pth
specular,1.0,0.0,1.0,0.10093288868665695,0.5953377485275269,0.7974151968955994,far_right,0.8632421493530273,0.6568816304206848,0.7763728499412537,60,timeout,272,randfix,Random static camera,checkpoint/2026-05-09-22-35-26/checkpoint0014.pth
specular,1.0,0.0,1.0,0.15609541535377502,0.6245135068893433,0.767045259475708,far_right,0.8435853719711304,0.503398597240448,0.7254329919815063,60,timeout,273,randfix,Random static camera,checkpoint/2026-05-09-22-35-26/checkpoint0014.pth
specular,1.0,0.0,1.0,0.2294546365737915,0.5199846029281616,0.810768723487854,left,0.7879599928855896,0.8777063488960266,0.46802598237991333,60,timeout,274,randfix,Random static camera,checkpoint/2026-05-09-22-35-26/checkpoint0014.pth
specular,0.0,1.0,0.0,1.4979389905929565,0.7018018960952759,0.489577978849411,far_right,0.7683025598526001,0.6052482724189758,0.565751314163208,28,collision,275,randfix,Random static camera,checkpoint/2026-05-09-22-35-26/checkpoint0014.pth
specular,0.0,1.0,0.0,1.75839102268219,0.671740710735321,0.9995238184928894,far_right,0.3918823003768921,0.644016683101654,0.08593893051147461,25,collision,276,randfix,Random static camera,checkpoint/2026-05-09-22-35-26/checkpoint0014.pth
specular,1.0,0.0,1.0,0.10131296515464783,0.6476612687110901,0.7808328866958618,left,0.7741084098815918,0.23369939625263214,0.0546497218310833,60,timeout,277,randfix,Random static camera,checkpoint/2026-05-09-22-35-26/checkpoint0014.pth
specular,0.0,1.0,0.0,1.7111289501190186,0.7025743126869202,0.9858217835426331,left,0.13309253752231598,0.2991586923599243,0.1667928397655487,24,collision,278,randfix,Random static camera,checkpoint/2026-05-09-22-35-26/checkpoint0014.pth
specular,1.0,0.0,1.0,0.23420056700706482,0.6290993094444275,0.8431376218795776,far_left,0.5615894198417664,0.27019110321998596,0.2673689126968384,60,timeout,279,randfix,Random static camera,checkpoint/2026-05-09-22-35-26/checkpoint0014.pth
specular,1.0,0.0,1.0,0.14614799618721008,0.582283616065979,0.8885320425033569,left,0.3241167962551117,0.6183388233184814,0.6793482899665833,60,timeout,280,randfix,Random static camera,checkpoint/2026-05-09-22-35-26/checkpoint0014.pth
specular,1.0,0.0,1.0,0.2089748978614807,0.6427783370018005,0.9463253021240234,left,0.3050045669078827,0.13233201205730438,0.7409995198249817,60,timeout,281,randfix,Random static camera,checkpoint/2026-05-09-22-35-26/checkpoint0014.pth
specular,1.0,0.0,1.0,0.21886806190013885,0.6189165711402893,0.8712047338485718,right,0.5462662577629089,0.2582920491695404,0.1745966076850891,60,timeout,282,randfix,Random static camera,checkpoint/2026-05-09-22-35-26/checkpoint0014.pth
specular,1.0,0.0,1.0,0.1190132200717926,0.5594086050987244,0.999995231628418,far_right,0.33881857991218567,0.885837197303772,0.3312026560306549,60,timeout,283,randfix,Random static camera,checkpoint/2026-05-09-22-35-26/checkpoint0014.pth
specular,0.0,1.0,0.0,1.7423046827316284,0.6906260251998901,0.9974353313446045,far_right,0.38730257749557495,0.5775370597839355,0.27591443061828613,23,collision,284,randfix,Random static camera,checkpoint/2026-05-09-22-35-26/checkpoint0014.pth
specular,1.0,0.0,1.0,0.11695872247219086,0.5954159498214722,0.93913733959198,right,0.4643699824810028,0.48977234959602356,0.043467409908771515,60,timeout,285,randfix,Random static camera,checkpoint/2026-05-09-22-35-26/checkpoint0014.pth
specular,1.0,0.0,1.0,0.19854608178138733,0.5994113683700562,0.7966315150260925,far_left,0.7450486421585083,0.6326949596405029,0.1733177900314331,60,timeout,286,randfix,Random static camera,checkpoint/2026-05-09-22-35-26/checkpoint0014.pth
specular,0.0,1.0,0.0,1.752970814704895,0.6624131202697754,0.8016794919967651,far_right,0.1629483550786972,0.4439231753349304,0.8153688311576843,25,collision,287,randfix,Random static camera,checkpoint/2026-05-09-22-35-26/checkpoint0014.pth
specular,1.0,0.0,1.0,0.21589498221874237,0.6401317715644836,0.7469931840896606,right,0.8379215598106384,0.20221905410289764,0.7629477381706238,60,timeout,288,randfix,Random static camera,checkpoint/2026-05-09-22-35-26/checkpoint0014.pth
specular,1.0,0.0,1.0,0.24512618780136108,0.6985155940055847,0.7410855889320374,far_left,0.5586234331130981,0.13147644698619843,0.6495946049690247,60,timeout,289,randfix,Random static camera,checkpoint/2026-05-09-22-35-26/checkpoint0014.pth
specular,0.0,1.0,0.0,1.8038132190704346,0.6691893339157104,0.52415531873703,far_right,0.8760247230529785,0.48468467593193054,0.8235391974449158,27,collision,290,randfix,Random static camera,checkpoint/2026-05-09-22-35-26/checkpoint0014.pth
specular,0.0,1.0,0.0,1.6571687459945679,0.710956871509552,0.8055902719497681,right,0.18982082605361938,0.1396920084953308,0.8782436847686768,26,collision,291,randfix,Random static camera,checkpoint/2026-05-09-22-35-26/checkpoint0014.pth
specular,1.0,0.0,1.0,0.25280430912971497,0.6245071887969971,0.9890673756599426,far_left,0.16177870333194733,0.2510886788368225,0.11041418462991714,60,timeout,292,randfix,Random static camera,checkpoint/2026-05-09-22-35-26/checkpoint0014.pth
specular,1.0,0.0,1.0,0.16323237121105194,0.5727052092552185,0.9506583213806152,right,0.20628221333026886,0.4947332739830017,0.5871533155441284,60,timeout,293,randfix,Random static camera,checkpoint/2026-05-09-22-35-26/checkpoint0014.pth
specular,1.0,0.0,1.0,0.21653929352760315,0.6618953943252563,0.7612847685813904,far_right,0.9119968414306641,0.21410506963729858,0.27070900797843933,60,timeout,294,randfix,Random static camera,checkpoint/2026-05-09-22-35-26/checkpoint0014.pth
specular,0.0,1.0,0.0,1.5489133596420288,0.7277181148529053,0.5143952965736389,far_right,0.6192687749862671,0.25393497943878174,0.5420038104057312,29,collision,295,randfix,Random static camera,checkpoint/2026-05-09-22-35-26/checkpoint0014.pth
specular,1.0,0.0,1.0,0.21150898933410645,0.6154035329818726,0.937251627445221,left,0.19540101289749146,0.23923614621162415,0.8872312307357788,60,timeout,296,randfix,Random static camera,checkpoint/2026-05-09-22-35-26/checkpoint0014.pth
specular,1.0,0.0,1.0,0.23923644423484802,0.6625280976295471,0.8308376669883728,far_right,0.5306302905082703,0.22657620906829834,0.47885560989379883,60,timeout,297,randfix,Random static camera,checkpoint/2026-05-09-22-35-26/checkpoint0014.pth
specular,0.0,1.0,0.0,1.8167816400527954,0.651548445224762,0.551120936870575,far_right,0.8176295161247253,0.7856836318969727,0.6267447471618652,24,collision,298,randfix,Random static camera,checkpoint/2026-05-09-22-35-26/checkpoint0014.pth
specular,1.0,0.0,1.0,0.14515459537506104,0.5525442957878113,0.7813754081726074,left,0.8235532641410828,0.5917403101921082,0.5964134335517883,60,timeout,299,randfix,Random static camera,checkpoint/2026-05-09-22-35-26/checkpoint0014.pth
dark,1.0,0.0,1.0,0.08667013049125671,0.6173205971717834,0.8083430528640747,far_right,0.6635156273841858,0.5974523425102234,0.39705201983451843,60,timeout,0,randfix,Random static camera,checkpoint/2026-05-09-22-35-26/checkpoint0014.pth
dark,1.0,0.0,1.0,0.11553137004375458,0.6554101705551147,0.7589675188064575,right,0.6335975527763367,0.15317203104496002,0.4587682783603668,60,timeout,1,randfix,Random static camera,checkpoint/2026-05-09-22-35-26/checkpoint0014.pth
dark,1.0,0.0,1.0,0.09458009153604507,0.5728510022163391,1.0,left,0.9285797476768494,0.7996181845664978,0.797251284122467,60,timeout,2,randfix,Random static camera,checkpoint/2026-05-09-22-35-26/checkpoint0014.pth
dark,1.0,0.0,1.0,0.19216686487197876,0.5216850638389587,0.8256245851516724,left,0.32416802644729614,0.9081088900566101,0.3600727319717407,60,timeout,3,randfix,Random static camera,checkpoint/2026-05-09-22-35-26/checkpoint0014.pth
dark,1.0,0.0,1.0,0.14820659160614014,0.5365734100341797,0.8435547351837158,right,0.34501561522483826,0.8937257528305054,0.4834452271461487,60,timeout,4,randfix,Random static camera,checkpoint/2026-05-09-22-35-26/checkpoint0014.pth
dark,1.0,0.0,1.0,0.16531060636043549,0.6195241808891296,0.7640746235847473,left,0.1456366926431656,0.3579626977443695,0.4140671491622925,60,timeout,5,randfix,Random static camera,checkpoint/2026-05-09-22-35-26/checkpoint0014.pth
dark,1.0,0.0,1.0,0.11226851493120193,0.6135231852531433,0.7850695252418518,right,0.8713412284851074,0.4514874517917633,0.16770677268505096,60,timeout,6,randfix,Random static camera,checkpoint/2026-05-09-22-35-26/checkpoint0014.pth
dark,0.0,1.0,0.0,1.6891707181930542,0.6595351696014404,0.5357831716537476,left,0.432674378156662,0.7850034832954407,0.32558515667915344,22,collision,7,randfix,Random static camera,checkpoint/2026-05-09-22-35-26/checkpoint0014.pth
dark,1.0,0.0,1.0,0.08120311051607132,0.6271989941596985,0.7882065176963806,left,0.5150580406188965,0.43205079436302185,0.394821435213089,60,timeout,8,randfix,Random static camera,checkpoint/2026-05-09-22-35-26/checkpoint0014.pth
dark,1.0,0.0,1.0,0.18424861133098602,0.5725971460342407,0.7687934041023254,far_right,0.11911632120609283,0.7276467680931091,0.023869400843977928,60,timeout,9,randfix,Random static camera,checkpoint/2026-05-09-22-35-26/checkpoint0014.pth
dark,0.0,1.0,0.0,1.8104289770126343,0.6761417388916016,0.5374925136566162,far_left,0.5543476939201355,0.4503428041934967,0.14680472016334534,28,collision,10,randfix,Random static camera,checkpoint/2026-05-09-22-35-26/checkpoint0014.pth
dark,1.0,0.0,1.0,0.2037757784128189,0.6541154980659485,0.727088212966919,right,0.5824224352836609,0.17820727825164795,0.03589506819844246,60,timeout,11,randfix,Random static camera,checkpoint/2026-05-09-22-35-26/checkpoint0014.pth
dark,0.0,1.0,0.0,1.750577688217163,0.6844488382339478,0.5755010843276978,far_right,0.8493966460227966,0.8256790041923523,0.12575840950012207,23,collision,12,randfix,Random static camera,checkpoint/2026-05-09-22-35-26/checkpoint0014.pth
dark,1.0,0.0,1.0,0.16478723287582397,0.6245082020759583,0.7727840542793274,far_left,0.5325380563735962,0.4348204433917999,0.3878919780254364,60,timeout,13,randfix,Random static camera,checkpoint/2026-05-09-22-35-26/checkpoint0014.pth
dark,1.0,0.0,1.0,0.14584983885288239,0.5507395267486572,0.817488968372345,left,0.8507376909255981,0.6644811630249023,0.3454323410987854,60,timeout,14,randfix,Random static camera,checkpoint/2026-05-09-22-35-26/checkpoint0014.pth
dark,0.0,1.0,0.0,1.7827757596969604,0.7142165899276733,0.5639709234237671,far_left,0.49643343687057495,0.5057774782180786,0.6507140398025513,25,collision,15,randfix,Random static camera,checkpoint/2026-05-09-22-35-26/checkpoint0014.pth
dark,0.0,1.0,0.0,1.5393515825271606,0.6736389994621277,0.47435462474823,right,0.1582193672657013,0.8109779357910156,0.10143396258354187,24,collision,16,randfix,Random static camera,checkpoint/2026-05-09-22-35-26/checkpoint0014.pth
dark,1.0,0.0,1.0,0.16679465770721436,0.609395444393158,0.7789304256439209,far_right,0.5295836329460144,0.4455088675022125,0.03470897674560547,60,timeout,17,randfix,Random static camera,checkpoint/2026-05-09-22-35-26/checkpoint0014.pth
dark,1.0,0.0,1.0,0.21612609922885895,0.668228030204773,0.7520954012870789,far_right,0.6503583788871765,0.22424502670764923,0.2664463520050049,60,timeout,18,randfix,Random static camera,checkpoint/2026-05-09-22-35-26/checkpoint0014.pth
dark,0.0,1.0,0.0,1.7868419885635376,0.6710417866706848,0.5234994888305664,far_right,0.40477272868156433,0.2933201193809509,0.06157941371202469,29,collision,19,randfix,Random static camera,checkpoint/2026-05-09-22-35-26/checkpoint0014.pth
dark,0.0,1.0,0.0,1.7697112560272217,0.6320170164108276,0.5861364603042603,far_right,0.8901832103729248,0.7830060720443726,0.3518303334712982,25,collision,20,randfix,Random static camera,checkpoint/2026-05-09-22-35-26/checkpoint0014.pth
dark,1.0,0.0,1.0,0.17804087698459625,0.5839403867721558,0.8069034814834595,right,0.8588826656341553,0.5555024743080139,0.020374255254864693,60,timeout,21,randfix,Random static camera,checkpoint/2026-05-09-22-35-26/checkpoint0014.pth
dark,1.0,0.0,1.0,0.23831462860107422,0.639304518699646,0.7664448618888855,left,0.5898979902267456,0.1151149645447731,0.24279986321926117,60,timeout,22,randfix,Random static camera,checkpoint/2026-05-09-22-35-26/checkpoint0014.pth
dark,0.0,1.0,0.0,1.7881152629852295,0.6254544258117676,0.792754590511322,far_right,0.8967230916023254,0.8906069993972778,0.49042627215385437,26,collision,23,randfix,Random static camera,checkpoint/2026-05-09-22-35-26/checkpoint0014.pth
dark,1.0,0.0,1.0,0.04281405732035637,0.5491790175437927,0.8208526968955994,right,0.6216839551925659,0.773200511932373,0.13827036321163177,60,timeout,24,randfix,Random static camera,checkpoint/2026-05-09-22-35-26/checkpoint0014.pth
dark,0.0,1.0,0.0,1.5792888402938843,0.6830115914344788,0.6783075332641602,far_right,0.4996761381626129,0.7993395328521729,0.495527058839798,27,collision,25,randfix,Random static camera,checkpoint/2026-05-09-22-35-26/checkpoint0014.pth
dark,1.0,0.0,1.0,0.17129924893379211,0.6129584312438965,0.7690852284431458,left,0.1969989538192749,0.3497586250305176,0.8654332756996155,60,timeout,26,randfix,Random static camera,checkpoint/2026-05-09-22-35-26/checkpoint0014.pth
dark,1.0,0.0,1.0,0.21804194152355194,0.6510891914367676,0.760093629360199,right,0.928055465221405,0.17927834391593933,0.04392501711845398,60,timeout,27,randfix,Random static camera,checkpoint/2026-05-09-22-35-26/checkpoint0014.pth
dark,1.0,0.0,1.0,0.16394232213497162,0.5693451166152954,0.9063054919242859,far_right,0.2159460037946701,0.8942229151725769,0.658263087272644,60,timeout,28,randfix,Random static camera,checkpoint/2026-05-09-22-35-26/checkpoint0014.pth
dark,0.0,1.0,0.0,1.7153193950653076,0.6688389182090759,0.5497221946716309,far_left,0.7271854281425476,0.6817904710769653,0.3377147614955902,26,collision,29,randfix,Random static camera,checkpoint/2026-05-09-22-35-26/checkpoint0014.pth
dark,0.0,1.0,0.0,1.659612774848938,0.6692172884941101,0.8802334666252136,far_left,0.22717219591140747,0.8438697457313538,0.769999086856842,24,collision,30,randfix,Random static camera,checkpoint/2026-05-09-22-35-26/checkpoint0014.pth
dark,1.0,0.0,1.0,0.19175052642822266,0.590391218662262,0.8053410053253174,left,0.8299676179885864,0.4596269130706787,0.5992106199264526,60,timeout,31,randfix,Random static camera,checkpoint/2026-05-09-22-35-26/checkpoint0014.pth
dark,0.0,1.0,0.0,1.8502602577209473,0.6884950995445251,0.5552361011505127,far_left,0.3584243953227997,0.38564905524253845,0.5168899893760681,25,collision,32,randfix,Random static camera,checkpoint/2026-05-09-22-35-26/checkpoint0014.pth
dark,0.0,1.0,0.0,1.8354562520980835,0.6816507577896118,0.4853360950946808,far_left,0.13231763243675232,0.16016852855682373,0.3103314936161041,29,collision,33,randfix,Random static camera,checkpoint/2026-05-09-22-35-26/checkpoint0014.pth
dark,0.0,1.0,0.0,1.8053525686264038,0.6850596070289612,0.46580997109413147,far_right,0.12430670112371445,0.3085041642189026,0.03400405868887901,29,collision,34,randfix,Random static camera,checkpoint/2026-05-09-22-35-26/checkpoint0014.pth
dark,1.0,0.0,1.0,0.20085954666137695,0.6490068435668945,0.7414689660072327,left,0.4242299497127533,0.12702850997447968,0.6626560688018799,60,timeout,35,randfix,Random static camera,checkpoint/2026-05-09-22-35-26/checkpoint0014.pth
dark,1.0,0.0,1.0,0.12978293001651764,0.5558373928070068,0.8946783542633057,far_left,0.20203261077404022,0.7919829487800598,0.6815306544303894,60,timeout,36,randfix,Random static camera,checkpoint/2026-05-09-22-35-26/checkpoint0014.pth
dark,1.0,0.0,1.0,0.1460266411304474,0.6230664253234863,0.7945601940155029,far_left,0.6009252071380615,0.6692829132080078,0.03441552445292473,60,timeout,37,randfix,Random static camera,checkpoint/2026-05-09-22-35-26/checkpoint0014.pth
dark,1.0,0.0,1.0,0.17604130506515503,0.5652884840965271,0.8268302083015442,far_right,0.3285438120365143,0.8286819458007812,0.4439621865749359,60,timeout,38,randfix,Random static camera,checkpoint/2026-05-09-22-35-26/checkpoint0014.pth
dark,1.0,0.0,1.0,0.14091536402702332,0.6086148619651794,0.7750627398490906,left,0.5725581049919128,0.3332479000091553,0.45403316617012024,60,timeout,39,randfix,Random static camera,checkpoint/2026-05-09-22-35-26/checkpoint0014.pth
dark,0.0,1.0,0.0,1.7394384145736694,0.6778150200843811,1.0,left,0.7806054353713989,0.7461330890655518,0.7943863868713379,22,collision,40,randfix,Random static camera,checkpoint/2026-05-09-22-35-26/checkpoint0014.pth
dark,0.0,1.0,0.0,1.802720546722412,0.6798445582389832,0.6107916235923767,far_right,0.564301609992981,0.7498269081115723,0.4229480028152466,25,collision,41,randfix,Random static camera,checkpoint/2026-05-09-22-35-26/checkpoint0014.pth
dark,1.0,0.0,1.0,0.12471973896026611,0.6263396143913269,0.7856627106666565,right,0.8251752257347107,0.39973488450050354,0.25094500184059143,60,timeout,42,randfix,Random static camera,checkpoint/2026-05-09-22-35-26/checkpoint0014.pth
dark,0.0,1.0,0.0,1.824515461921692,0.6721327304840088,0.5623794794082642,far_left,0.3279164731502533,0.49195337295532227,0.8107842206954956,25,collision,43,randfix,Random static camera,checkpoint/2026-05-09-22-35-26/checkpoint0014.pth
dark,1.0,0.0,1.0,0.0983014851808548,0.6692909598350525,0.7921996116638184,right,0.9314702749252319,0.1926908791065216,0.7854691743850708,60,timeout,44,randfix,Random static camera,checkpoint/2026-05-09-22-35-26/checkpoint0014.pth
dark,1.0,0.0,1.0,0.13444951176643372,0.5476166605949402,0.8264877796173096,far_left,0.358246386051178,0.8308652639389038,0.1374114751815796,60,timeout,45,randfix,Random static camera,checkpoint/2026-05-09-22-35-26/checkpoint0014.pth
dark,1.0,0.0,1.0,0.20289331674575806,0.641483724117279,0.8022883534431458,far_left,0.6036337614059448,0.47246286273002625,0.6090133190155029,60,timeout,46,randfix,Random static camera,checkpoint/2026-05-09-22-35-26/checkpoint0014.pth
dark,1.0,0.0,1.0,0.04709646850824356,0.5673467516899109,1.0,left,0.5139974355697632,0.7343559861183167,0.884466290473938,60,timeout,47,randfix,Random static camera,checkpoint/2026-05-09-22-35-26/checkpoint0014.pth
dark,0.0,1.0,0.0,1.7987982034683228,0.7030425071716309,0.5372484922409058,far_left,0.5586536526679993,0.32154980301856995,0.718261182308197,27,collision,48,randfix,Random static camera,checkpoint/2026-05-09-22-35-26/checkpoint0014.pth
dark,0.0,1.0,0.0,1.627630591392517,0.7108438611030579,0.49215537309646606,far_right,0.4619317650794983,0.2808251678943634,0.6726245284080505,28,collision,49,randfix,Random static camera,checkpoint/2026-05-09-22-35-26/checkpoint0014.pth
dark,1.0,0.0,1.0,0.18081143498420715,0.5733687281608582,0.7952667474746704,right,0.7068005800247192,0.4497467577457428,0.43330448865890503,60,timeout,50,randfix,Random static camera,checkpoint/2026-05-09-22-35-26/checkpoint0014.pth
dark,1.0,0.0,1.0,0.3336479961872101,0.5990540981292725,0.7982254028320312,right,0.9029440879821777,0.2748473882675171,0.6849050521850586,60,timeout,51,randfix,Random static camera,checkpoint/2026-05-09-22-35-26/checkpoint0014.pth
dark,1.0,0.0,1.0,0.048147208988666534,0.5680674910545349,0.9264588952064514,right,0.9193920493125916,0.6796733140945435,0.6519665122032166,60,timeout,52,randfix,Random static camera,checkpoint/2026-05-09-22-35-26/checkpoint0014.pth
dark,1.0,0.0,1.0,0.16272297501564026,0.6959981918334961,0.7487702965736389,far_right,0.67295902967453,0.23042212426662445,0.4321291148662567,60,timeout,53,randfix,Random static camera,checkpoint/2026-05-09-22-35-26/checkpoint0014.pth
dark,1.0,0.0,1.0,0.20942126214504242,0.5357110500335693,0.8210238814353943,left,0.20012086629867554,0.7263917326927185,0.5175096392631531,60,timeout,54,randfix,Random static camera,checkpoint/2026-05-09-22-35-26/checkpoint0014.pth
dark,0.0,1.0,0.0,1.7336782217025757,0.6627480387687683,1.0,far_left,0.663522481918335,0.9038854241371155,0.7424854040145874,22,collision,55,randfix,Random static camera,checkpoint/2026-05-09-22-35-26/checkpoint0014.pth
dark,1.0,0.0,1.0,0.10897454619407654,0.6519238352775574,0.7668765187263489,far_left,0.18723608553409576,0.3061215281486511,0.19672997295856476,60,timeout,56,randfix,Random static camera,checkpoint/2026-05-09-22-35-26/checkpoint0014.pth
dark,0.0,1.0,0.0,1.7435095310211182,0.7166299223899841,0.49559488892555237,far_left,0.894954264163971,0.11035297811031342,0.6377096772193909,30,collision,57,randfix,Random static camera,checkpoint/2026-05-09-22-35-26/checkpoint0014.pth
dark,0.0,1.0,0.0,1.4741648435592651,0.7416631579399109,0.4520232379436493,left,0.1916118860244751,0.2782107889652252,0.5980093479156494,27,collision,58,randfix,Random static camera,checkpoint/2026-05-09-22-35-26/checkpoint0014.pth
dark,0.0,1.0,0.0,1.759946584701538,0.6756801605224609,0.5230035185813904,far_left,0.5178235173225403,0.2896198332309723,0.7137936949729919,27,collision,59,randfix,Random static camera,checkpoint/2026-05-09-22-35-26/checkpoint0014.pth
dark,1.0,0.0,1.0,0.12005127221345901,0.6334888339042664,0.7627363204956055,left,0.1347397118806839,0.25034329295158386,0.7793684601783752,60,timeout,60,randfix,Random static camera,checkpoint/2026-05-09-22-35-26/checkpoint0014.pth
dark,1.0,0.0,1.0,0.2224195897579193,0.6790000796318054,0.7362775802612305,far_right,0.10720361769199371,0.21889890730381012,0.5041565299034119,60,timeout,61,randfix,Random static camera,checkpoint/2026-05-09-22-35-26/checkpoint0014.pth
dark,1.0,0.0,1.0,0.21204674243927002,0.6430976986885071,0.7246841788291931,right,0.2002362608909607,0.17425547540187836,0.3552420437335968,60,timeout,62,randfix,Random static camera,checkpoint/2026-05-09-22-35-26/checkpoint0014.pth
dark,0.0,1.0,0.0,1.8373104333877563,0.6760390996932983,0.5442419052124023,far_right,0.4440321922302246,0.304208368062973,0.7697204947471619,26,collision,63,randfix,Random static camera,checkpoint/2026-05-09-22-35-26/checkpoint0014.pth
dark,1.0,0.0,1.0,0.1349867731332779,0.574289858341217,0.7938054800033569,left,0.37977370619773865,0.5796754360198975,0.1290481686592102,60,timeout,64,randfix,Random static camera,checkpoint/2026-05-09-22-35-26/checkpoint0014.pth
dark,1.0,0.0,1.0,0.265487939119339,0.6347272396087646,0.7689791917800903,far_left,0.45491889119148254,0.3565560281276703,0.2793548107147217,60,timeout,65,randfix,Random static camera,checkpoint/2026-05-09-22-35-26/checkpoint0014.pth
dark,0.0,1.0,0.0,1.7446136474609375,0.663433849811554,0.5431331992149353,far_right,0.7729566693305969,0.8090350031852722,0.07038092613220215,23,collision,66,randfix,Random static camera,checkpoint/2026-05-09-22-35-26/checkpoint0014.pth
dark,1.0,0.0,1.0,0.11531301587820053,0.6519376635551453,0.7793450951576233,left,0.881181538105011,0.21802185475826263,0.5834888815879822,60,timeout,67,randfix,Random static camera,checkpoint/2026-05-09-22-35-26/checkpoint0014.pth
dark,1.0,0.0,1.0,0.1007724180817604,0.5611564517021179,0.8004485368728638,left,0.1433314085006714,0.6836258172988892,0.11971975117921829,60,timeout,68,randfix,Random static camera,checkpoint/2026-05-09-22-35-26/checkpoint0014.pth
dark,1.0,0.0,1.0,0.2446712702512741,0.557266891002655,0.7970414161682129,right,0.5869777798652649,0.6049151420593262,0.11575924605131149,60,timeout,69,randfix,Random static camera,checkpoint/2026-05-09-22-35-26/checkpoint0014.pth
dark,0.0,1.0,0.0,1.8588573932647705,0.6742884516716003,0.5754224061965942,far_right,0.30540555715560913,0.5141192078590393,0.5479533076286316,26,collision,70,randfix,Random static camera,checkpoint/2026-05-09-22-35-26/checkpoint0014.pth
dark,1.0,0.0,1.0,0.15323828160762787,0.582736611366272,0.8215929269790649,far_left,0.9133350253105164,0.7085452079772949,0.20130781829357147,60,timeout,71,randfix,Random static camera,checkpoint/2026-05-09-22-35-26/checkpoint0014.pth
dark,1.0,0.0,1.0,0.15115870535373688,0.5944988131523132,0.802840530872345,right,0.7003541588783264,0.5111748576164246,0.36210253834724426,60,timeout,72,randfix,Random static camera,checkpoint/2026-05-09-22-35-26/checkpoint0014.pth
dark,1.0,0.0,1.0,0.16622965037822723,0.6384125351905823,0.7791643142700195,left,0.8475075960159302,0.17748436331748962,0.8155402541160583,60,timeout,73,randfix,Random static camera,checkpoint/2026-05-09-22-35-26/checkpoint0014.pth
dark,0.0,1.0,0.0,1.7585853338241577,0.6553276777267456,0.4737747311592102,far_left,0.4425842761993408,0.275808721780777,0.19761596620082855,27,collision,74,randfix,Random static camera,checkpoint/2026-05-09-22-35-26/checkpoint0014.pth
dark,1.0,0.0,1.0,0.18954715132713318,0.5770605802536011,0.8010272979736328,right,0.7552900910377502,0.6024740934371948,0.03359237685799599,60,timeout,75,randfix,Random static camera,checkpoint/2026-05-09-22-35-26/checkpoint0014.pth
dark,1.0,0.0,1.0,0.1891224980354309,0.6331086158752441,0.7806640863418579,right,0.30758288502693176,0.3158024549484253,0.6796389222145081,60,timeout,76,randfix,Random static camera,checkpoint/2026-05-09-22-35-26/checkpoint0014.pth
dark,1.0,0.0,1.0,0.1681363731622696,0.646544873714447,0.7695987820625305,far_left,0.5613343119621277,0.47083330154418945,0.2971760630607605,60,timeout,77,randfix,Random static camera,checkpoint/2026-05-09-22-35-26/checkpoint0014.pth
dark,0.0,1.0,0.0,1.6113293170928955,0.7281218767166138,0.45330744981765747,far_right,0.1082417368888855,0.6546224355697632,0.18440985679626465,24,collision,78,randfix,Random static camera,checkpoint/2026-05-09-22-35-26/checkpoint0014.pth
dark,1.0,0.0,1.0,0.18353264033794403,0.543437659740448,0.8868610858917236,far_right,0.20779435336589813,0.7898421287536621,0.6414042115211487,60,timeout,79,randfix,Random static camera,checkpoint/2026-05-09-22-35-26/checkpoint0014.pth
dark,1.0,0.0,1.0,0.1879337728023529,0.6390898823738098,0.754460871219635,right,0.3438168466091156,0.19658079743385315,0.8513771295547485,60,timeout,80,randfix,Random static camera,checkpoint/2026-05-09-22-35-26/checkpoint0014.pth
dark,0.0,1.0,0.0,1.4924863576889038,0.7062597274780273,0.7463579773902893,right,0.2668154537677765,0.7168146371841431,0.8347498774528503,24,collision,81,randfix,Random static camera,checkpoint/2026-05-09-22-35-26/checkpoint0014.pth
dark,0.0,1.0,0.0,1.8252393007278442,0.6717804670333862,0.9996514916419983,far_right,0.6551112532615662,0.7066718935966492,0.767260730266571,23,collision,82,randfix,Random static camera,checkpoint/2026-05-09-22-35-26/checkpoint0014.pth
dark,1.0,0.0,1.0,0.17937302589416504,0.6429651379585266,0.7835720181465149,far_left,0.48543787002563477,0.4675871729850769,0.6204798817634583,60,timeout,83,randfix,Random static camera,checkpoint/2026-05-09-22-35-26/checkpoint0014.pth
dark,1.0,0.0,1.0,0.1947186142206192,0.6663373708724976,0.7710720896720886,far_left,0.3460245430469513,0.3624342679977417,0.6023868918418884,60,timeout,84,randfix,Random static camera,checkpoint/2026-05-09-22-35-26/checkpoint0014.pth
dark,1.0,0.0,1.0,0.21591801941394806,0.6766200065612793,0.7908300161361694,far_right,0.9490554928779602,0.3882397413253784,0.7349109649658203,60,timeout,85,randfix,Random static camera,checkpoint/2026-05-09-22-35-26/checkpoint0014.pth
dark,0.0,1.0,0.0,1.8400579690933228,0.6329987645149231,0.5997146368026733,far_left,0.16267740726470947,0.8778917193412781,0.3428025245666504,23,collision,86,randfix,Random static camera,checkpoint/2026-05-09-22-35-26/checkpoint0014.pth
dark,1.0,0.0,1.0,0.30318716168403625,0.6729019284248352,0.7544150352478027,far_right,0.31449973583221436,0.28492578864097595,0.1335286796092987,60,timeout,87,randfix,Random static camera,checkpoint/2026-05-09-22-35-26/checkpoint0014.pth
dark,0.0,1.0,0.0,1.6900441646575928,0.6768355369567871,0.5897911190986633,far_left,0.8044740557670593,0.7163394093513489,0.4649380147457123,23,collision,88,randfix,Random static camera,checkpoint/2026-05-09-22-35-26/checkpoint0014.pth
dark,1.0,0.0,1.0,0.04857374355196953,0.568856954574585,0.8274450898170471,right,0.8949691653251648,0.6583949327468872,0.21387141942977905,60,timeout,89,randfix,Random static camera,checkpoint/2026-05-09-22-35-26/checkpoint0014.pth
dark,1.0,0.0,1.0,0.23998965322971344,0.6327688694000244,0.7976611256599426,far_right,0.4999410808086395,0.46957874298095703,0.7549476623535156,60,timeout,90,randfix,Random static camera,checkpoint/2026-05-09-22-35-26/checkpoint0014.pth
dark,1.0,0.0,1.0,0.1180148795247078,0.6316038966178894,0.7806713581085205,right,0.6411998271942139,0.3227556347846985,0.8367201685905457,60,timeout,91,randfix,Random static camera,checkpoint/2026-05-09-22-35-26/checkpoint0014.pth
dark,0.0,1.0,0.0,1.60741126537323,0.7506406903266907,0.48104745149612427,far_right,0.44719916582107544,0.18586860597133636,0.49866801500320435,29,collision,92,randfix,Random static camera,checkpoint/2026-05-09-22-35-26/checkpoint0014.pth
dark,1.0,0.0,1.0,0.23888015747070312,0.69260573387146,0.7554929256439209,far_right,0.4990336000919342,0.21629904210567474,0.06512892246246338,60,timeout,93,randfix,Random static camera,checkpoint/2026-05-09-22-35-26/checkpoint0014.pth
dark,1.0,0.0,1.0,0.1816590428352356,0.6253761649131775,0.778431236743927,far_left,0.6068182587623596,0.49660220742225647,0.05418778583407402,60,timeout,94,randfix,Random static camera,checkpoint/2026-05-09-22-35-26/checkpoint0014.pth
dark,0.0,1.0,0.0,1.843500018119812,0.6083570122718811,0.7339757084846497,far_left,0.21302402019500732,0.7873363494873047,0.663816511631012,26,collision,95,randfix,Random static camera,checkpoint/2026-05-09-22-35-26/checkpoint0014.pth
dark,1.0,0.0,1.0,0.14246711134910583,0.6016420722007751,0.8087505102157593,far_right,0.9049926996231079,0.5594200491905212,0.5250338912010193,60,timeout,96,randfix,Random static camera,checkpoint/2026-05-09-22-35-26/checkpoint0014.pth
dark,1.0,0.0,1.0,0.14909176528453827,0.6163039803504944,0.7999083995819092,left,0.6604888439178467,0.41188177466392517,0.8392888903617859,60,timeout,97,randfix,Random static camera,checkpoint/2026-05-09-22-35-26/checkpoint0014.pth
dark,0.0,1.0,0.0,1.6046983003616333,0.7336127758026123,0.45473712682724,far_left,0.34669575095176697,0.13018259406089783,0.21308383345603943,29,collision,98,randfix,Random static camera,checkpoint/2026-05-09-22-35-26/checkpoint0014.pth
dark,1.0,0.0,1.0,0.17778469622135162,0.5168951153755188,0.8153645992279053,right,0.24756906926631927,0.7784692645072937,0.1925634741783142,60,timeout,99,randfix,Random static camera,checkpoint/2026-05-09-22-35-26/checkpoint0014.pth
dark,0.0,1.0,0.0,1.6540391445159912,0.7338030338287354,0.5104407668113708,left,0.7321579456329346,0.29519516229629517,0.7597474455833435,25,collision,100,randfix,Random static camera,checkpoint/2026-05-09-22-35-26/checkpoint0014.pth
dark,0.0,1.0,0.0,1.8355638980865479,0.6505358219146729,1.0,far_left,0.8727216720581055,0.8367200493812561,0.7482259273529053,24,collision,101,randfix,Random static camera,checkpoint/2026-05-09-22-35-26/checkpoint0014.pth
dark,0.0,1.0,0.0,1.4434465169906616,0.7219818830490112,1.0,right,0.9053972959518433,0.8149325251579285,0.7052372097969055,24,collision,102,randfix,Random static camera,checkpoint/2026-05-09-22-35-26/checkpoint0014.pth
dark,1.0,0.0,1.0,0.10150159150362015,0.6113516688346863,0.8156371116638184,left,0.8117124438285828,0.39862683415412903,0.6127506494522095,60,timeout,103,randfix,Random static camera,checkpoint/2026-05-09-22-35-26/checkpoint0014.pth
dark,1.0,0.0,1.0,0.12579236924648285,0.6018015742301941,0.7881559133529663,far_right,0.8313550353050232,0.5476366877555847,0.08611706644296646,60,timeout,104,randfix,Random static camera,checkpoint/2026-05-09-22-35-26/checkpoint0014.pth
dark,1.0,0.0,1.0,0.050196386873722076,0.6430554986000061,0.7784650325775146,far_left,0.28239646553993225,0.5324090719223022,0.2784169912338257,60,timeout,105,randfix,Random static camera,checkpoint/2026-05-09-22-35-26/checkpoint0014.pth
dark,1.0,0.0,1.0,0.1765410602092743,0.6479120850563049,0.7549768686294556,left,0.5118104815483093,0.18912221491336823,0.2826330065727234,60,timeout,106,randfix,Random static camera,checkpoint/2026-05-09-22-35-26/checkpoint0014.pth
dark,1.0,0.0,1.0,0.17720943689346313,0.6167969107627869,0.7665943503379822,right,0.8144111633300781,0.345467209815979,0.10959689319133759,60,timeout,107,randfix,Random static camera,checkpoint/2026-05-09-22-35-26/checkpoint0014.pth
dark,1.0,0.0,1.0,0.11099929362535477,0.5737941265106201,0.7880402207374573,left,0.3882782757282257,0.6263466477394104,0.2625283896923065,60,timeout,108,randfix,Random static camera,checkpoint/2026-05-09-22-35-26/checkpoint0014.pth
dark,1.0,0.0,1.0,0.26227250695228577,0.5827142000198364,0.8328897356987,far_right,0.8961212635040283,0.5371347069740295,0.8643035292625427,60,timeout,109,randfix,Random static camera,checkpoint/2026-05-09-22-35-26/checkpoint0014.pth
dark,0.0,1.0,0.0,1.7031593322753906,0.7384586334228516,0.47449764609336853,far_right,0.4205996096134186,0.4695739150047302,0.21893471479415894,23,collision,110,randfix,Random static camera,checkpoint/2026-05-09-22-35-26/checkpoint0014.pth
dark,0.0,1.0,0.0,1.7694602012634277,0.6886134743690491,0.5240440368652344,far_left,0.6283844113349915,0.2794390618801117,0.7343389391899109,27,collision,111,randfix,Random static camera,checkpoint/2026-05-09-22-35-26/checkpoint0014.pth
dark,0.0,1.0,0.0,1.7585644721984863,0.6505590677261353,0.8748493194580078,far_right,0.6092605590820312,0.7662836909294128,0.6135433912277222,25,collision,112,randfix,Random static camera,checkpoint/2026-05-09-22-35-26/checkpoint0014.pth
dark,1.0,0.0,1.0,0.16796812415122986,0.6477859616279602,0.780381977558136,right,0.949884831905365,0.25405269861221313,0.44908472895622253,60,timeout,113,randfix,Random static camera,checkpoint/2026-05-09-22-35-26/checkpoint0014.pth
dark,0.0,1.0,0.0,1.5334821939468384,0.6726946830749512,0.6123732924461365,far_right,0.7265917062759399,0.6312764883041382,0.5579167604446411,30,collision,114,randfix,Random static camera,checkpoint/2026-05-09-22-35-26/checkpoint0014.pth
dark,0.0,1.0,0.0,1.672357201576233,0.6983994245529175,0.513696014881134,right,0.8404036164283752,0.6192026734352112,0.13035015761852264,22,collision,115,randfix,Random static camera,checkpoint/2026-05-09-22-35-26/checkpoint0014.pth
dark,1.0,0.0,1.0,0.09355028718709946,0.6034131646156311,0.7979022860527039,right,0.9124110341072083,0.41865670680999756,0.1583726704120636,60,timeout,116,randfix,Random static camera,checkpoint/2026-05-09-22-35-26/checkpoint0014.pth
dark,1.0,0.0,1.0,0.195692777633667,0.638547956943512,0.7655020952224731,far_left,0.29106783866882324,0.31890812516212463,0.8827055096626282,60,timeout,117,randfix,Random static camera,checkpoint/2026-05-09-22-35-26/checkpoint0014.pth
dark,1.0,0.0,1.0,0.0783994272351265,0.6281616687774658,0.779292106628418,left,0.7126153707504272,0.35103029012680054,0.3682841956615448,60,timeout,118,randfix,Random static camera,checkpoint/2026-05-09-22-35-26/checkpoint0014.pth
dark,0.0,1.0,0.0,1.7501651048660278,0.6773707270622253,0.5002012848854065,far_left,0.6169053316116333,0.487410306930542,0.20128515362739563,24,collision,119,randfix,Random static camera,checkpoint/2026-05-09-22-35-26/checkpoint0014.pth
dark,1.0,0.0,1.0,0.1309627741575241,0.5248116254806519,0.8312910795211792,left,0.5485836267471313,0.9020606875419617,0.2856683135032654,60,timeout,120,randfix,Random static camera,checkpoint/2026-05-09-22-35-26/checkpoint0014.pth
dark,0.0,1.0,0.0,1.801559329032898,0.7028457522392273,0.5818749666213989,far_left,0.8459854125976562,0.4364021122455597,0.5302721858024597,26,collision,121,randfix,Random static camera,checkpoint/2026-05-09-22-35-26/checkpoint0014.pth
dark,1.0,0.0,1.0,0.19387057423591614,0.6836782097816467,0.7623264789581299,far_right,0.630226194858551,0.18819841742515564,0.7605956196784973,60,timeout,122,randfix,Random static camera,checkpoint/2026-05-09-22-35-26/checkpoint0014.pth
dark,0.0,1.0,0.0,1.6540257930755615,0.6931148171424866,0.6416211128234863,far_left,0.30295702815055847,0.7925394773483276,0.5124866962432861,27,collision,123,randfix,Random static camera,checkpoint/2026-05-09-22-35-26/checkpoint0014.pth
dark,1.0,0.0,1.0,0.1081143319606781,0.600540816783905,0.7834057211875916,left,0.40367591381073,0.4278714656829834,0.05558493360877037,60,timeout,124,randfix,Random static camera,checkpoint/2026-05-09-22-35-26/checkpoint0014.pth
dark,1.0,0.0,1.0,0.14293061196804047,0.5504865050315857,0.8166836500167847,right,0.4081392288208008,0.6152496933937073,0.4794687330722809,60,timeout,125,randfix,Random static camera,checkpoint/2026-05-09-22-35-26/checkpoint0014.pth
dark,1.0,0.0,1.0,0.14848029613494873,0.5693150758743286,1.0,far_left,0.6131113767623901,0.7819175124168396,0.7003496885299683,60,timeout,126,randfix,Random static camera,checkpoint/2026-05-09-22-35-26/checkpoint0014.pth
dark,0.0,1.0,0.0,1.733960509300232,0.6431319117546082,0.602092981338501,far_left,0.15443482995033264,0.713371753692627,0.6375492811203003,25,collision,127,randfix,Random static camera,checkpoint/2026-05-09-22-35-26/checkpoint0014.pth
dark,1.0,0.0,1.0,0.19903671741485596,0.6032249331474304,0.7775077819824219,left,0.6804919242858887,0.3558085262775421,0.39761480689048767,60,timeout,128,randfix,Random static camera,checkpoint/2026-05-09-22-35-26/checkpoint0014.pth
dark,1.0,0.0,1.0,0.20065854489803314,0.6556746959686279,0.7345896363258362,far_left,0.2389063835144043,0.10479636490345001,0.09791193157434464,60,timeout,129,randfix,Random static camera,checkpoint/2026-05-09-22-35-26/checkpoint0014.pth
dark,0.0,1.0,0.0,1.7123783826828003,0.6652544736862183,0.52131187915802,far_right,0.5686153769493103,0.438760370016098,0.5895047187805176,27,collision,130,randfix,Random static camera,checkpoint/2026-05-09-22-35-26/checkpoint0014.pth
dark,0.0,1.0,0.0,1.695610523223877,0.6952269077301025,0.5175254940986633,right,0.8064948320388794,0.5353719592094421,0.4974729120731354,23,collision,131,randfix,Random static camera,checkpoint/2026-05-09-22-35-26/checkpoint0014.pth
dark,1.0,0.0,1.0,0.16246643662452698,0.5715690851211548,0.8293812870979309,right,0.5581769943237305,0.8151959776878357,0.37568700313568115,60,timeout,132,randfix,Random static camera,checkpoint/2026-05-09-22-35-26/checkpoint0014.pth
dark,0.0,1.0,0.0,1.8163812160491943,0.6885212659835815,0.5882282257080078,far_right,0.43977248668670654,0.6657217741012573,0.4572443962097168,25,collision,133,randfix,Random static camera,checkpoint/2026-05-09-22-35-26/checkpoint0014.pth
dark,1.0,0.0,1.0,0.15356414020061493,0.5778108239173889,0.7853155136108398,far_right,0.158621147274971,0.6156307458877563,0.384541392326355,60,timeout,134,randfix,Random static camera,checkpoint/2026-05-09-22-35-26/checkpoint0014.pth
dark,0.0,1.0,0.0,1.8221818208694458,0.6462066769599915,0.5268576145172119,far_right,0.45406225323677063,0.45010626316070557,0.3458711802959442,26,collision,135,randfix,Random static camera,checkpoint/2026-05-09-22-35-26/checkpoint0014.pth
dark,1.0,0.0,1.0,0.13913653790950775,0.6298657059669495,0.7792607545852661,right,0.773489773273468,0.32377976179122925,0.3289404809474945,60,timeout,136,randfix,Random static camera,checkpoint/2026-05-09-22-35-26/checkpoint0014.pth
dark,1.0,0.0,1.0,0.1357615441083908,0.6180708408355713,0.7993273138999939,left,0.657849907875061,0.4526401162147522,0.6632285118103027,60,timeout,137,randfix,Random static camera,checkpoint/2026-05-09-22-35-26/checkpoint0014.pth
dark,1.0,0.0,1.0,0.13895995914936066,0.5808050632476807,0.810701310634613,far_right,0.8052923083305359,0.6495053768157959,0.054425258189439774,60,timeout,138,randfix,Random static camera,checkpoint/2026-05-09-22-35-26/checkpoint0014.pth
dark,0.0,1.0,0.0,1.788834571838379,0.642915666103363,0.8090222477912903,far_right,0.7608624696731567,0.6338688135147095,0.8881410956382751,27,collision,139,randfix,Random static camera,checkpoint/2026-05-09-22-35-26/checkpoint0014.pth
dark,0.0,1.0,0.0,1.7910418510437012,0.6865134835243225,0.5259881019592285,far_left,0.649655818939209,0.1660337746143341,0.791206955909729,28,collision,140,randfix,Random static camera,checkpoint/2026-05-09-22-35-26/checkpoint0014.pth
dark,0.0,1.0,0.0,1.780755877494812,0.6421617269515991,0.8425862789154053,far_left,0.2874701917171478,0.8672931790351868,0.6906485557556152,24,collision,141,randfix,Random static camera,checkpoint/2026-05-09-22-35-26/checkpoint0014.pth
dark,1.0,0.0,1.0,0.0605265237390995,0.6366451382637024,0.8955994844436646,far_left,0.19476968050003052,0.7615275382995605,0.8282224535942078,60,timeout,142,randfix,Random static camera,checkpoint/2026-05-09-22-35-26/checkpoint0014.pth
dark,0.0,1.0,0.0,1.6295050382614136,0.6772606372833252,0.5393089652061462,far_left,0.16761444509029388,0.5853102803230286,0.7500566840171814,28,collision,143,randfix,Random static camera,checkpoint/2026-05-09-22-35-26/checkpoint0014.pth
dark,1.0,0.0,1.0,0.13208319246768951,0.5277232527732849,0.8420067429542542,left,0.44974595308303833,0.8862667083740234,0.32459235191345215,60,timeout,144,randfix,Random static camera,checkpoint/2026-05-09-22-35-26/checkpoint0014.pth
dark,1.0,0.0,1.0,0.1074516698718071,0.6303061246871948,0.7877026200294495,left,0.9001116752624512,0.30763107538223267,0.7131606936454773,60,timeout,145,randfix,Random static camera,checkpoint/2026-05-09-22-35-26/checkpoint0014.pth
dark,1.0,0.0,1.0,0.13249137997627258,0.5298453569412231,1.0,far_right,0.7940446734428406,0.8832133412361145,0.7381440997123718,60,timeout,146,randfix,Random static camera,checkpoint/2026-05-09-22-35-26/checkpoint0014.pth
dark,0.0,1.0,0.0,1.573352336883545,0.7030048370361328,0.5625668168067932,far_right,0.39661890268325806,0.7891247272491455,0.2399856597185135,27,collision,147,randfix,Random static camera,checkpoint/2026-05-09-22-35-26/checkpoint0014.pth
dark,1.0,0.0,1.0,0.10415831208229065,0.6504037380218506,0.7858483195304871,far_left,0.8340507745742798,0.39312949776649475,0.7884301543235779,60,timeout,148,randfix,Random static camera,checkpoint/2026-05-09-22-35-26/checkpoint0014.pth
dark,1.0,0.0,1.0,0.05042877420783043,0.641343355178833,0.796204686164856,far_left,0.5858703851699829,0.5313669443130493,0.4746250808238983,60,timeout,149,randfix,Random static camera,checkpoint/2026-05-09-22-35-26/checkpoint0014.pth
dark,1.0,0.0,1.0,0.06353633105754852,0.6014207601547241,0.8012442588806152,right,0.3650561273097992,0.5217127799987793,0.6990158557891846,60,timeout,150,randfix,Random static camera,checkpoint/2026-05-09-22-35-26/checkpoint0014.pth
dark,0.0,1.0,0.0,1.8595114946365356,0.6364695429801941,0.6176999807357788,far_right,0.7224801778793335,0.7529590129852295,0.0392124280333519,25,collision,151,randfix,Random static camera,checkpoint/2026-05-09-22-35-26/checkpoint0014.pth
dark,1.0,0.0,1.0,0.11183645576238632,0.5383642911911011,1.0,right,0.8183234333992004,0.8978574872016907,0.8972276449203491,60,timeout,152,randfix,Random static camera,checkpoint/2026-05-09-22-35-26/checkpoint0014.pth
dark,0.0,1.0,0.0,1.6542372703552246,0.7067622542381287,0.46669939160346985,right,0.42772918939590454,0.5023834705352783,0.047816723585128784,24,collision,153,randfix,Random static camera,checkpoint/2026-05-09-22-35-26/checkpoint0014.pth
dark,1.0,0.0,1.0,0.11437267065048218,0.529701828956604,0.8334081172943115,left,0.9275999665260315,0.8785366415977478,0.34292706847190857,60,timeout,154,randfix,Random static camera,checkpoint/2026-05-09-22-35-26/checkpoint0014.pth
dark,1.0,0.0,1.0,0.09512922912836075,0.5996634364128113,0.7993875741958618,far_right,0.16188959777355194,0.5936209559440613,0.7522599697113037,60,timeout,155,randfix,Random static camera,checkpoint/2026-05-09-22-35-26/checkpoint0014.pth
dark,1.0,0.0,1.0,0.1505764275789261,0.5529078245162964,0.8262370228767395,left,0.7630674242973328,0.7067553997039795,0.15063661336898804,60,timeout,156,randfix,Random static camera,checkpoint/2026-05-09-22-35-26/checkpoint0014.pth
dark,1.0,0.0,1.0,0.12243374437093735,0.5822202563285828,0.816714882850647,far_right,0.24262623488903046,0.7378031611442566,0.44211021065711975,60,timeout,157,randfix,Random static camera,checkpoint/2026-05-09-22-35-26/checkpoint0014.pth
dark,1.0,0.0,1.0,0.10076557099819183,0.5530164241790771,0.907472550868988,left,0.2736581861972809,0.7513580918312073,0.7362692952156067,60,timeout,158,randfix,Random static camera,checkpoint/2026-05-09-22-35-26/checkpoint0014.pth
dark,0.0,1.0,0.0,1.7709622383117676,0.6877545118331909,0.6729378700256348,far_left,0.8653848171234131,0.6019088625907898,0.639803409576416,27,collision,159,randfix,Random static camera,checkpoint/2026-05-09-22-35-26/checkpoint0014.pth
dark,1.0,0.0,1.0,0.3455677032470703,0.6494138240814209,0.7707080245018005,far_right,0.9135506749153137,0.12415802478790283,0.8786652684211731,60,timeout,160,randfix,Random static camera,checkpoint/2026-05-09-22-35-26/checkpoint0014.pth
dark,1.0,0.0,1.0,0.1387566328048706,0.5929310321807861,0.8035156726837158,far_left,0.6527311205863953,0.5539977550506592,0.35095712542533875,60,timeout,161,randfix,Random static camera,checkpoint/2026-05-09-22-35-26/checkpoint0014.pth
dark,0.0,1.0,0.0,1.7113131284713745,0.678852915763855,0.52995365858078,far_right,0.4878690242767334,0.5086384415626526,0.6247453689575195,26,collision,162,randfix,Random static camera,checkpoint/2026-05-09-22-35-26/checkpoint0014.pth
dark,1.0,0.0,1.0,0.039656542241573334,0.6633330583572388,0.7714964747428894,far_right,0.230490043759346,0.3549996018409729,0.5296730995178223,60,timeout,163,randfix,Random static camera,checkpoint/2026-05-09-22-35-26/checkpoint0014.pth
dark,1.0,0.0,1.0,0.15005604922771454,0.5855830907821655,0.8084997534751892,left,0.6522909998893738,0.47323694825172424,0.6014654040336609,60,timeout,164,randfix,Random static camera,checkpoint/2026-05-09-22-35-26/checkpoint0014.pth
dark,0.0,1.0,0.0,1.745194673538208,0.6737756133079529,1.0,far_right,0.8344895243644714,0.8962013125419617,0.8577365875244141,25,collision,165,randfix,Random static camera,checkpoint/2026-05-09-22-35-26/checkpoint0014.pth
dark,1.0,0.0,1.0,0.19531331956386566,0.6324089765548706,0.7659191489219666,left,0.7682801485061646,0.15925152599811554,0.19559164345264435,60,timeout,166,randfix,Random static camera,checkpoint/2026-05-09-22-35-26/checkpoint0014.pth
dark,1.0,0.0,1.0,0.2231260985136032,0.5711677670478821,0.8086299300193787,right,0.4410077631473541,0.7827796936035156,0.199803426861763,60,timeout,167,randfix,Random static camera,checkpoint/2026-05-09-22-35-26/checkpoint0014.pth
dark,0.0,1.0,0.0,1.819788932800293,0.6317751407623291,1.0,far_left,0.7569659352302551,0.7272493839263916,0.8676580786705017,26,collision,168,randfix,Random static camera,checkpoint/2026-05-09-22-35-26/checkpoint0014.pth
dark,1.0,0.0,1.0,0.1323646456003189,0.6249598264694214,0.78886479139328,far_right,0.2431855946779251,0.5617813467979431,0.5778905153274536,60,timeout,169,randfix,Random static camera,checkpoint/2026-05-09-22-35-26/checkpoint0014.pth
dark,1.0,0.0,1.0,0.15651707351207733,0.6455016136169434,0.7880522608757019,left,0.7653293609619141,0.22735485434532166,0.651630163192749,60,timeout,170,randfix,Random static camera,checkpoint/2026-05-09-22-35-26/checkpoint0014.pth
dark,1.0,0.0,1.0,0.1652148962020874,0.6289781332015991,0.7877869606018066,far_left,0.9219937920570374,0.40986666083335876,0.3862661123275757,60,timeout,171,randfix,Random static camera,checkpoint/2026-05-09-22-35-26/checkpoint0014.pth
dark,1.0,0.0,1.0,0.2418328821659088,0.6707094311714172,0.7480035424232483,far_left,0.6712740659713745,0.11636900156736374,0.5544760227203369,60,timeout,172,randfix,Random static camera,checkpoint/2026-05-09-22-35-26/checkpoint0014.pth
dark,1.0,0.0,1.0,0.055991314351558685,0.5455275774002075,0.838196873664856,right,0.7985543608665466,0.8857963681221008,0.34674304723739624,60,timeout,173,randfix,Random static camera,checkpoint/2026-05-09-22-35-26/checkpoint0014.pth
dark,1.0,0.0,1.0,0.19260232150554657,0.6540391445159912,0.7280334234237671,far_right,0.15326888859272003,0.24553899466991425,0.05231066793203354,60,timeout,174,randfix,Random static camera,checkpoint/2026-05-09-22-35-26/checkpoint0014.pth
dark,1.0,0.0,1.0,0.1786225587129593,0.6231229305267334,0.7672598958015442,far_left,0.5130798816680908,0.35136541724205017,0.032938867807388306,60,timeout,175,randfix,Random static camera,checkpoint/2026-05-09-22-35-26/checkpoint0014.pth
dark,0.0,1.0,0.0,1.5763863325119019,0.7093667387962341,0.5700405240058899,far_right,0.6984222531318665,0.656055212020874,0.49404579401016235,26,collision,176,randfix,Random static camera,checkpoint/2026-05-09-22-35-26/checkpoint0014.pth
dark,1.0,0.0,1.0,0.18143054842948914,0.5776838064193726,0.80448979139328,left,0.4991447627544403,0.6734607815742493,0.08060676604509354,60,timeout,177,randfix,Random static camera,checkpoint/2026-05-09-22-35-26/checkpoint0014.pth
dark,1.0,0.0,1.0,0.08738468587398529,0.6281110644340515,0.8009042739868164,left,0.8252106308937073,0.311668336391449,0.7511265873908997,60,timeout,178,randfix,Random static camera,checkpoint/2026-05-09-22-35-26/checkpoint0014.pth
dark,1.0,0.0,1.0,0.12472667545080185,0.6418814063072205,0.7613354325294495,right,0.7392656207084656,0.20463836193084717,0.3743559718132019,60,timeout,179,randfix,Random static camera,checkpoint/2026-05-09-22-35-26/checkpoint0014.pth
dark,1.0,0.0,1.0,0.09495539963245392,0.554933488368988,0.9026138782501221,left,0.3093598783016205,0.8980280756950378,0.5715723633766174,60,timeout,180,randfix,Random static camera,checkpoint/2026-05-09-22-35-26/checkpoint0014.pth
dark,1.0,0.0,1.0,0.22715330123901367,0.7014420628547668,0.729067862033844,far_right,0.13614125549793243,0.17386645078659058,0.7669276595115662,60,timeout,181,randfix,Random static camera,checkpoint/2026-05-09-22-35-26/checkpoint0014.pth
dark,1.0,0.0,1.0,0.038710806518793106,0.583149254322052,0.8103781342506409,left,0.14705483615398407,0.6375911235809326,0.6069697141647339,60,timeout,182,randfix,Random static camera,checkpoint/2026-05-09-22-35-26/checkpoint0014.pth
dark,0.0,1.0,0.0,1.746033787727356,0.6552624702453613,1.0,far_left,0.7701535820960999,0.8111956715583801,0.596537172794342,23,collision,183,randfix,Random static camera,checkpoint/2026-05-09-22-35-26/checkpoint0014.pth
dark,1.0,0.0,1.0,0.1928246021270752,0.6315911412239075,0.7688488960266113,far_left,0.36601436138153076,0.40090271830558777,0.8293439745903015,60,timeout,184,randfix,Random static camera,checkpoint/2026-05-09-22-35-26/checkpoint0014.pth
dark,0.0,1.0,0.0,1.7137393951416016,0.6999697685241699,0.4525289535522461,far_right,0.22801366448402405,0.2995285391807556,0.5577391982078552,26,collision,185,randfix,Random static camera,checkpoint/2026-05-09-22-35-26/checkpoint0014.pth
dark,0.0,1.0,0.0,1.5748443603515625,0.7229451537132263,0.5204994678497314,far_right,0.5108158588409424,0.40510737895965576,0.8619773983955383,27,collision,186,randfix,Random static camera,checkpoint/2026-05-09-22-35-26/checkpoint0014.pth
dark,1.0,0.0,1.0,0.13380198180675507,0.6162567734718323,0.7685956954956055,far_left,0.13887062668800354,0.5733025670051575,0.08258479833602905,60,timeout,187,randfix,Random static camera,checkpoint/2026-05-09-22-35-26/checkpoint0014.pth
dark,0.0,1.0,0.0,1.7812161445617676,0.6626021265983582,0.4782819151878357,far_right,0.686028003692627,0.21395184099674225,0.22104838490486145,27,collision,188,randfix,Random static camera,checkpoint/2026-05-09-22-35-26/checkpoint0014.pth
dark,0.0,1.0,0.0,1.6815866231918335,0.6943467855453491,0.5058133602142334,far_left,0.40139341354370117,0.7801083922386169,0.1184588298201561,23,collision,189,randfix,Random static camera,checkpoint/2026-05-09-22-35-26/checkpoint0014.pth
dark,1.0,0.0,1.0,0.1039503812789917,0.6089823842048645,0.7773606777191162,left,0.30386632680892944,0.41116219758987427,0.6560854911804199,60,timeout,190,randfix,Random static camera,checkpoint/2026-05-09-22-35-26/checkpoint0014.pth
dark,1.0,0.0,1.0,0.20792189240455627,0.6453080773353577,0.7625965476036072,right,0.5761045217514038,0.16819770634174347,0.7943194508552551,60,timeout,191,randfix,Random static camera,checkpoint/2026-05-09-22-35-26/checkpoint0014.pth
dark,1.0,0.0,1.0,0.14450256526470184,0.6736851334571838,0.7447242140769958,far_right,0.3092830181121826,0.2901231348514557,0.8340780138969421,60,timeout,192,randfix,Random static camera,checkpoint/2026-05-09-22-35-26/checkpoint0014.pth
dark,1.0,0.0,1.0,0.21116891503334045,0.657659649848938,0.7910783290863037,far_right,0.9105714559555054,0.28027546405792236,0.730091392993927,60,timeout,193,randfix,Random static camera,checkpoint/2026-05-09-22-35-26/checkpoint0014.pth
dark,1.0,0.0,1.0,0.15567807853221893,0.6565248370170593,0.7699821591377258,left,0.7870122790336609,0.14533880352973938,0.42538580298423767,60,timeout,194,randfix,Random static camera,checkpoint/2026-05-09-22-35-26/checkpoint0014.pth
dark,1.0,0.0,1.0,0.19849056005477905,0.6485447883605957,0.7687789797782898,far_right,0.7223275899887085,0.38507920503616333,0.23451456427574158,60,timeout,195,randfix,Random static camera,checkpoint/2026-05-09-22-35-26/checkpoint0014.pth
dark,1.0,0.0,1.0,0.18976996839046478,0.6038482785224915,0.7931520938873291,far_left,0.445934921503067,0.42905351519584656,0.8849331140518188,60,timeout,196,randfix,Random static camera,checkpoint/2026-05-09-22-35-26/checkpoint0014.pth
dark,0.0,1.0,0.0,1.8319321870803833,0.6430911421775818,0.5832076072692871,far_right,0.3477586805820465,0.7747200131416321,0.3638174831867218,24,collision,197,randfix,Random static camera,checkpoint/2026-05-09-22-35-26/checkpoint0014.pth
dark,0.0,1.0,0.0,1.6741359233856201,0.6808277368545532,0.47620686888694763,right,0.7349702715873718,0.3448328673839569,0.15519782900810242,25,collision,198,randfix,Random static camera,checkpoint/2026-05-09-22-35-26/checkpoint0014.pth
dark,1.0,0.0,1.0,0.037823643535375595,0.559646487236023,1.0,right,0.57320636510849,0.8439889550209045,0.7443304657936096,60,timeout,199,randfix,Random static camera,checkpoint/2026-05-09-22-35-26/checkpoint0014.pth
dark,1.0,0.0,1.0,0.17343933880329132,0.5425485968589783,0.8419777750968933,left,0.7558910250663757,0.7553470134735107,0.25964343547821045,60,timeout,200,randfix,Random static camera,checkpoint/2026-05-09-22-35-26/checkpoint0014.pth
dark,1.0,0.0,1.0,0.22630666196346283,0.6745017766952515,0.7461540699005127,far_left,0.6038414239883423,0.14012999832630157,0.5198524594306946,60,timeout,201,randfix,Random static camera,checkpoint/2026-05-09-22-35-26/checkpoint0014.pth
dark,0.0,1.0,0.0,1.6648774147033691,0.7058189511299133,0.7486152648925781,right,0.49489113688468933,0.6521775722503662,0.8381507396697998,22,collision,202,randfix,Random static camera,checkpoint/2026-05-09-22-35-26/checkpoint0014.pth
dark,1.0,0.0,1.0,0.1832466870546341,0.5654527544975281,0.8100236654281616,left,0.36553746461868286,0.696038007736206,0.057768773287534714,60,timeout,203,randfix,Random static camera,checkpoint/2026-05-09-22-35-26/checkpoint0014.pth
dark,1.0,0.0,1.0,0.16881565749645233,0.5463941693305969,1.0,right,0.37783196568489075,0.8412725329399109,0.76817387342453,60,timeout,204,randfix,Random static camera,checkpoint/2026-05-09-22-35-26/checkpoint0014.pth
dark,1.0,0.0,1.0,0.16576048731803894,0.5596652030944824,0.8113546967506409,right,0.8531967401504517,0.6744112968444824,0.1853824406862259,60,timeout,205,randfix,Random static camera,checkpoint/2026-05-09-22-35-26/checkpoint0014.pth
dark,0.0,1.0,0.0,1.8029433488845825,0.6420079469680786,0.5380256772041321,far_right,0.7596195936203003,0.5465480089187622,0.23948995769023895,25,collision,206,randfix,Random static camera,checkpoint/2026-05-09-22-35-26/checkpoint0014.pth
dark,1.0,0.0,1.0,0.14763696491718292,0.6505237817764282,0.7452256679534912,left,0.1040646955370903,0.22074823081493378,0.4483403265476227,60,timeout,207,randfix,Random static camera,checkpoint/2026-05-09-22-35-26/checkpoint0014.pth
dark,1.0,0.0,1.0,0.1631098985671997,0.645220935344696,0.7682653665542603,right,0.5305410623550415,0.12880611419677734,0.5800955891609192,60,timeout,208,randfix,Random static camera,checkpoint/2026-05-09-22-35-26/checkpoint0014.pth
dark,1.0,0.0,1.0,0.1513078212738037,0.6624925136566162,0.75501549243927,far_left,0.7932918667793274,0.31666916608810425,0.25848063826560974,60,timeout,209,randfix,Random static camera,checkpoint/2026-05-09-22-35-26/checkpoint0014.pth
dark,1.0,0.0,1.0,0.10402423143386841,0.6590600609779358,0.7706886529922485,left,0.6959587335586548,0.23998677730560303,0.029614286497235298,60,timeout,210,randfix,Random static camera,checkpoint/2026-05-09-22-35-26/checkpoint0014.pth
dark,0.0,1.0,0.0,1.6686139106750488,0.6753963232040405,0.500746488571167,far_right,0.6001547574996948,0.5691440105438232,0.2834501564502716,26,collision,211,randfix,Random static camera,checkpoint/2026-05-09-22-35-26/checkpoint0014.pth
dark,1.0,0.0,1.0,0.1300523728132248,0.5890163779258728,0.9033059477806091,far_right,0.38804855942726135,0.6838200092315674,0.8746218681335449,60,timeout,212,randfix,Random static camera,checkpoint/2026-05-09-22-35-26/checkpoint0014.pth
dark,0.0,1.0,0.0,1.6452586650848389,0.7148483991622925,0.4766002297401428,left,0.7121592164039612,0.40021535754203796,0.06356573104858398,24,collision,213,randfix,Random static camera,checkpoint/2026-05-09-22-35-26/checkpoint0014.pth
dark,0.0,1.0,0.0,1.668506145477295,0.6397823691368103,0.46216729283332825,right,0.9122954607009888,0.13823583722114563,0.42174047231674194,29,collision,214,randfix,Random static camera,checkpoint/2026-05-09-22-35-26/checkpoint0014.pth
dark,0.0,1.0,0.0,1.7634822130203247,0.6968339681625366,0.4670139253139496,far_left,0.22140167653560638,0.23990067839622498,0.5519504547119141,25,collision,215,randfix,Random static camera,checkpoint/2026-05-09-22-35-26/checkpoint0014.pth
dark,1.0,0.0,1.0,0.1234082579612732,0.6433412432670593,0.7498409748077393,far_right,0.2708815932273865,0.3400237560272217,0.07896099984645844,60,timeout,216,randfix,Random static camera,checkpoint/2026-05-09-22-35-26/checkpoint0014.pth
dark,1.0,0.0,1.0,0.10188133269548416,0.5480782985687256,0.8790292739868164,right,0.35266414284706116,0.859324038028717,0.5257459878921509,60,timeout,217,randfix,Random static camera,checkpoint/2026-05-09-22-35-26/checkpoint0014.pth
dark,0.0,1.0,0.0,1.8226853609085083,0.6532977223396301,0.5721873044967651,far_right,0.7832629084587097,0.5359839200973511,0.5505978465080261,25,collision,218,randfix,Random static camera,checkpoint/2026-05-09-22-35-26/checkpoint0014.pth
dark,0.0,1.0,0.0,1.8126474618911743,0.643221378326416,0.6097272634506226,far_left,0.47212082147598267,0.6928887963294983,0.5320619940757751,24,collision,219,randfix,Random static camera,checkpoint/2026-05-09-22-35-26/checkpoint0014.pth
dark,1.0,0.0,1.0,0.1706351339817047,0.6540094017982483,0.75736403465271,far_left,0.2975846230983734,0.3481787443161011,0.2551173269748688,60,timeout,220,randfix,Random static camera,checkpoint/2026-05-09-22-35-26/checkpoint0014.pth
dark,1.0,0.0,1.0,0.15246884524822235,0.588996410369873,0.819492757320404,right,0.7736032009124756,0.6634938716888428,0.38990142941474915,60,timeout,221,randfix,Random static camera,checkpoint/2026-05-09-22-35-26/checkpoint0014.pth
dark,1.0,0.0,1.0,0.17269396781921387,0.6313140988349915,0.7645713090896606,far_left,0.12044595927000046,0.48859062790870667,0.6427525281906128,60,timeout,222,randfix,Random static camera,checkpoint/2026-05-09-22-35-26/checkpoint0014.pth
dark,0.0,1.0,0.0,1.795114517211914,0.6616891622543335,0.5644059777259827,far_left,0.9383610486984253,0.5750842094421387,0.4629657566547394,24,collision,223,randfix,Random static camera,checkpoint/2026-05-09-22-35-26/checkpoint0014.pth
dark,1.0,0.0,1.0,0.12069857120513916,0.5509640574455261,0.8214265704154968,left,0.5230611562728882,0.7352330684661865,0.30228400230407715,60,timeout,224,randfix,Random static camera,checkpoint/2026-05-09-22-35-26/checkpoint0014.pth
dark,1.0,0.0,1.0,0.21188579499721527,0.6508572101593018,0.7616753578186035,far_left,0.8462396264076233,0.24285253882408142,0.29479506611824036,60,timeout,225,randfix,Random static camera,checkpoint/2026-05-09-22-35-26/checkpoint0014.pth
dark,1.0,0.0,1.0,0.2023964375257492,0.5455411076545715,0.8235580921173096,left,0.4686002731323242,0.7825435996055603,0.23516112565994263,60,timeout,226,randfix,Random static camera,checkpoint/2026-05-09-22-35-26/checkpoint0014.pth
dark,1.0,0.0,1.0,0.26748666167259216,0.5385679006576538,0.8207441568374634,left,0.5097181797027588,0.7036082148551941,0.05869776010513306,60,timeout,227,randfix,Random static camera,checkpoint/2026-05-09-22-35-26/checkpoint0014.pth
dark,1.0,0.0,1.0,0.18186934292316437,0.5362982749938965,0.8297357559204102,left,0.5058614611625671,0.8191549181938171,0.269396036863327,60,timeout,228,randfix,Random static camera,checkpoint/2026-05-09-22-35-26/checkpoint0014.pth
dark,1.0,0.0,1.0,0.07507343590259552,0.568127453327179,1.0,right,0.8618494868278503,0.8837743401527405,0.783319890499115,60,timeout,229,randfix,Random static camera,checkpoint/2026-05-09-22-35-26/checkpoint0014.pth
dark,1.0,0.0,1.0,0.09989757835865021,0.5369947552680969,0.9072169661521912,left,0.22039401531219482,0.7431337237358093,0.8922927975654602,60,timeout,230,randfix,Random static camera,checkpoint/2026-05-09-22-35-26/checkpoint0014.pth
dark,0.0,1.0,0.0,1.6067763566970825,0.7228648066520691,0.41436392068862915,left,0.1192537471652031,0.3925209939479828,0.32296597957611084,25,collision,231,randfix,Random static camera,checkpoint/2026-05-09-22-35-26/checkpoint0014.pth
dark,0.0,1.0,0.0,1.8019483089447021,0.6955395936965942,0.5321706533432007,far_left,0.32396626472473145,0.6078315377235413,0.3462320864200592,23,collision,232,randfix,Random static camera,checkpoint/2026-05-09-22-35-26/checkpoint0014.pth
dark,0.0,1.0,0.0,1.844074010848999,0.6425471901893616,0.5914943814277649,far_left,0.685927152633667,0.7691277861595154,0.1979440450668335,23,collision,233,randfix,Random static camera,checkpoint/2026-05-09-22-35-26/checkpoint0014.pth
dark,0.0,1.0,0.0,1.7632240056991577,0.6728962063789368,0.5014467835426331,far_right,0.5860711932182312,0.4584536850452423,0.14020320773124695,24,collision,234,randfix,Random static camera,checkpoint/2026-05-09-22-35-26/checkpoint0014.pth
dark,0.0,1.0,0.0,1.622370719909668,0.701371967792511,0.8416744470596313,far_right,0.33645644783973694,0.7930130958557129,0.7219253778457642,27,collision,235,randfix,Random static camera,checkpoint/2026-05-09-22-35-26/checkpoint0014.pth
dark,1.0,0.0,1.0,0.13751061260700226,0.5995177030563354,0.792240560054779,left,0.6838304400444031,0.5011383295059204,0.02384616620838642,60,timeout,236,randfix,Random static camera,checkpoint/2026-05-09-22-35-26/checkpoint0014.pth
dark,1.0,0.0,1.0,0.12377065420150757,0.6267815232276917,0.7794222831726074,right,0.321988046169281,0.3474430441856384,0.6165646910667419,60,timeout,237,randfix,Random static camera,checkpoint/2026-05-09-22-35-26/checkpoint0014.pth
dark,1.0,0.0,1.0,0.1187693402171135,0.6453192830085754,0.7737028002738953,left,0.738145112991333,0.22841529548168182,0.029937999323010445,60,timeout,238,randfix,Random static camera,checkpoint/2026-05-09-22-35-26/checkpoint0014.pth
dark,1.0,0.0,1.0,0.14393705129623413,0.6077739000320435,0.780249297618866,far_right,0.7286348938941956,0.4502479135990143,0.11009973287582397,60,timeout,239,randfix,Random static camera,checkpoint/2026-05-09-22-35-26/checkpoint0014.pth
dark,0.0,1.0,0.0,1.6915122270584106,0.6626006364822388,0.9999474287033081,far_right,0.2800871431827545,0.8435797691345215,0.8903335332870483,23,collision,240,randfix,Random static camera,checkpoint/2026-05-09-22-35-26/checkpoint0014.pth
dark,0.0,1.0,0.0,1.5446698665618896,0.687283992767334,0.4968593716621399,left,0.3650389611721039,0.5983206033706665,0.5074325799942017,25,collision,241,randfix,Random static camera,checkpoint/2026-05-09-22-35-26/checkpoint0014.pth
dark,1.0,0.0,1.0,0.1040843278169632,0.6024956107139587,0.8197675943374634,far_left,0.47449901700019836,0.6722685694694519,0.4835365414619446,60,timeout,242,randfix,Random static camera,checkpoint/2026-05-09-22-35-26/checkpoint0014.pth
dark,1.0,0.0,1.0,0.18739120662212372,0.6351257562637329,0.7687042355537415,left,0.8466102480888367,0.24843116104602814,0.3252981901168823,60,timeout,243,randfix,Random static camera,checkpoint/2026-05-09-22-35-26/checkpoint0014.pth
dark,1.0,0.0,1.0,0.14575201272964478,0.5471165180206299,0.8469763398170471,left,0.8683619499206543,0.8878374099731445,0.16828982532024384,60,timeout,244,randfix,Random static camera,checkpoint/2026-05-09-22-35-26/checkpoint0014.pth
dark,1.0,0.0,1.0,0.20455993711948395,0.7070508599281311,0.7465905547142029,far_left,0.5418538451194763,0.12691432237625122,0.591223955154419,60,timeout,245,randfix,Random static camera,checkpoint/2026-05-09-22-35-26/checkpoint0014.pth
dark,0.0,1.0,0.0,1.7121515274047852,0.6930550932884216,0.4653612971305847,far_left,0.2712250351905823,0.4195329248905182,0.450265496969223,27,collision,246,randfix,Random static camera,checkpoint/2026-05-09-22-35-26/checkpoint0014.pth
dark,0.0,1.0,0.0,1.7697676420211792,0.6755730509757996,1.0,far_left,0.46653300523757935,0.8839174509048462,0.6600046157836914,21,collision,247,randfix,Random static camera,checkpoint/2026-05-09-22-35-26/checkpoint0014.pth
dark,0.0,1.0,0.0,1.8570071458816528,0.6198990941047668,1.0,far_left,0.599307656288147,0.9163533449172974,0.8471207022666931,24,collision,248,randfix,Random static camera,checkpoint/2026-05-09-22-35-26/checkpoint0014.pth
dark,1.0,0.0,1.0,0.08338379114866257,0.6344553828239441,0.7785735130310059,right,0.5258941054344177,0.31366273760795593,0.04594879969954491,60,timeout,249,randfix,Random static camera,checkpoint/2026-05-09-22-35-26/checkpoint0014.pth
dark,1.0,0.0,1.0,0.09416662156581879,0.5441968441009521,0.8196953535079956,left,0.2509940564632416,0.832502007484436,0.11724060773849487,60,timeout,250,randfix,Random static camera,checkpoint/2026-05-09-22-35-26/checkpoint0014.pth
dark,1.0,0.0,1.0,0.15640683472156525,0.6703330278396606,0.7483049035072327,far_left,0.11647547781467438,0.20001177489757538,0.5035679340362549,60,timeout,251,randfix,Random static camera,checkpoint/2026-05-09-22-35-26/checkpoint0014.pth
dark,0.0,1.0,0.0,1.8527816534042358,0.6558889746665955,0.5355958938598633,far_right,0.33905234932899475,0.35053136944770813,0.16969580948352814,27,collision,252,randfix,Random static camera,checkpoint/2026-05-09-22-35-26/checkpoint0014.pth
dark,1.0,0.0,1.0,0.05623677745461464,0.5800538659095764,0.9113667011260986,left,0.5014263987541199,0.6847094297409058,0.7332578301429749,60,timeout,253,randfix,Random static camera,checkpoint/2026-05-09-22-35-26/checkpoint0014.pth
dark,0.0,1.0,0.0,1.6385685205459595,0.671955943107605,1.0,left,0.4630449116230011,0.9157567620277405,0.7077028155326843,22,collision,254,randfix,Random static camera,checkpoint/2026-05-09-22-35-26/checkpoint0014.pth
dark,1.0,0.0,1.0,0.1362929344177246,0.5989927053451538,0.7917389869689941,far_left,0.8281049728393555,0.5870703458786011,0.29275426268577576,60,timeout,255,randfix,Random static camera,checkpoint/2026-05-09-22-35-26/checkpoint0014.pth
dark,1.0,0.0,1.0,0.06988727301359177,0.6513881683349609,0.7963059544563293,right,0.6257891654968262,0.31993359327316284,0.7064493894577026,60,timeout,256,randfix,Random static camera,checkpoint/2026-05-09-22-35-26/checkpoint0014.pth
dark,1.0,0.0,1.0,0.16071252524852753,0.6565082669258118,0.7388045191764832,right,0.5089290142059326,0.15183331072330475,0.43546563386917114,60,timeout,257,randfix,Random static camera,checkpoint/2026-05-09-22-35-26/checkpoint0014.pth
dark,0.0,1.0,0.0,1.6577707529067993,0.7337796688079834,0.5720319747924805,far_right,0.8766090869903564,0.3970467746257782,0.8745501041412354,27,collision,258,randfix,Random static camera,checkpoint/2026-05-09-22-35-26/checkpoint0014.pth
dark,0.0,1.0,0.0,1.6759113073349,0.7078925371170044,0.5318793654441833,right,0.265259325504303,0.8067501187324524,0.3390342891216278,21,collision,259,randfix,Random static camera,checkpoint/2026-05-09-22-35-26/checkpoint0014.pth
dark,1.0,0.0,1.0,0.08593197911977768,0.5546748042106628,1.0,right,0.4324527382850647,0.831272542476654,0.8553502559661865,60,timeout,260,randfix,Random static camera,checkpoint/2026-05-09-22-35-26/checkpoint0014.pth
dark,1.0,0.0,1.0,0.17403201758861542,0.6369771361351013,0.7511381506919861,right,0.194177508354187,0.258139431476593,0.33252838253974915,60,timeout,261,randfix,Random static camera,checkpoint/2026-05-09-22-35-26/checkpoint0014.pth
dark,1.0,0.0,1.0,0.19801250100135803,0.6262030601501465,0.7957561612129211,far_right,0.8548996448516846,0.46345266699790955,0.7322190403938293,60,timeout,262,randfix,Random static camera,checkpoint/2026-05-09-22-35-26/checkpoint0014.pth
dark,0.0,1.0,0.0,1.7077512741088867,0.7203192114830017,0.5353703498840332,far_right,0.9333382248878479,0.39199066162109375,0.7988644242286682,26,collision,263,randfix,Random static camera,checkpoint/2026-05-09-22-35-26/checkpoint0014.pth
dark,1.0,0.0,1.0,0.10902011394500732,0.5674209594726562,0.8223259449005127,far_left,0.5007699728012085,0.8564351797103882,0.22434814274311066,60,timeout,264,randfix,Random static camera,checkpoint/2026-05-09-22-35-26/checkpoint0014.pth
dark,0.0,1.0,0.0,1.7265775203704834,0.6968686580657959,0.4121427834033966,left,0.12282062321901321,0.14127440750598907,0.5923336148262024,27,collision,265,randfix,Random static camera,checkpoint/2026-05-09-22-35-26/checkpoint0014.pth
dark,1.0,0.0,1.0,0.18320755660533905,0.5249048471450806,0.847038984298706,left,0.644650399684906,0.9141842126846313,0.3018537759780884,60,timeout,266,randfix,Random static camera,checkpoint/2026-05-09-22-35-26/checkpoint0014.pth
dark,1.0,0.0,1.0,0.10963157564401627,0.5755231976509094,0.9041449427604675,left,0.7830278277397156,0.5981723666191101,0.8825143575668335,60,timeout,267,randfix,Random static camera,checkpoint/2026-05-09-22-35-26/checkpoint0014.pth
dark,1.0,0.0,1.0,0.20142416656017303,0.5386373400688171,0.8169174790382385,left,0.16922062635421753,0.8267083764076233,0.4403216242790222,60,timeout,268,randfix,Random static camera,checkpoint/2026-05-09-22-35-26/checkpoint0014.pth
dark,1.0,0.0,1.0,0.11809802800416946,0.5891773700714111,0.8390046954154968,left,0.7082666158676147,0.6871428489685059,0.4770488440990448,60,timeout,269,randfix,Random static camera,checkpoint/2026-05-09-22-35-26/checkpoint0014.pth
dark,0.0,1.0,0.0,1.6866804361343384,0.7058334350585938,0.4662500023841858,far_left,0.4762648344039917,0.12528349459171295,0.6207984685897827,26,collision,270,randfix,Random static camera,checkpoint/2026-05-09-22-35-26/checkpoint0014.pth
dark,0.0,1.0,0.0,1.7493928670883179,0.6707155704498291,0.793031632900238,far_left,0.8010531067848206,0.7468053102493286,0.5701463222503662,24,collision,271,randfix,Random static camera,checkpoint/2026-05-09-22-35-26/checkpoint0014.pth
dark,0.0,1.0,0.0,1.6470742225646973,0.6859168410301208,0.6105324625968933,right,0.625760555267334,0.8858602643013,0.42885300517082214,21,collision,272,randfix,Random static camera,checkpoint/2026-05-09-22-35-26/checkpoint0014.pth
dark,1.0,0.0,1.0,0.2477150857448578,0.6376190781593323,0.7623047232627869,right,0.6460338830947876,0.20665258169174194,0.474750280380249,60,timeout,273,randfix,Random static camera,checkpoint/2026-05-09-22-35-26/checkpoint0014.pth
dark,1.0,0.0,1.0,0.0402999222278595,0.5857861042022705,0.8174310922622681,left,0.740715742111206,0.6184474229812622,0.3055747449398041,60,timeout,274,randfix,Random static camera,checkpoint/2026-05-09-22-35-26/checkpoint0014.pth
dark,1.0,0.0,1.0,0.12268799543380737,0.5334211587905884,0.843574047088623,left,0.6754432916641235,0.8869949579238892,0.2441045641899109,60,timeout,275,randfix,Random static camera,checkpoint/2026-05-09-22-35-26/checkpoint0014.pth
dark,1.0,0.0,1.0,0.154165580868721,0.5806106925010681,0.7906081080436707,right,0.5708563327789307,0.556354284286499,0.2472766637802124,60,timeout,276,randfix,Random static camera,checkpoint/2026-05-09-22-35-26/checkpoint0014.pth
dark,1.0,0.0,1.0,0.21344192326068878,0.557477593421936,0.8140577077865601,far_left,0.4988984763622284,0.7918761372566223,0.39003893733024597,60,timeout,277,randfix,Random static camera,checkpoint/2026-05-09-22-35-26/checkpoint0014.pth
dark,1.0,0.0,1.0,0.14838823676109314,0.5637549161911011,0.8367453217506409,left,0.22169959545135498,0.6704222559928894,0.6311793327331543,60,timeout,278,randfix,Random static camera,checkpoint/2026-05-09-22-35-26/checkpoint0014.pth
dark,1.0,0.0,1.0,0.13972687721252441,0.5893908739089966,0.7953703999519348,right,0.7652291655540466,0.42763927578926086,0.07729898393154144,60,timeout,279,randfix,Random static camera,checkpoint/2026-05-09-22-35-26/checkpoint0014.pth
dark,0.0,1.0,0.0,1.7598845958709717,0.6729692816734314,0.499065637588501,far_left,0.3399260938167572,0.6371814012527466,0.3400484323501587,25,collision,280,randfix,Random static camera,checkpoint/2026-05-09-22-35-26/checkpoint0014.pth
dark,0.0,1.0,0.0,1.8135032653808594,0.6420266628265381,0.5978469848632812,far_left,0.47107720375061035,0.7696478962898254,0.46068301796913147,23,collision,281,randfix,Random static camera,checkpoint/2026-05-09-22-35-26/checkpoint0014.pth
dark,1.0,0.0,1.0,0.15416131913661957,0.5810329914093018,0.931886613368988,far_left,0.7007891535758972,0.7327089309692383,0.6111160516738892,60,timeout,282,randfix,Random static camera,checkpoint/2026-05-09-22-35-26/checkpoint0014.pth
dark,0.0,1.0,0.0,1.7650431394577026,0.7079477906227112,0.4709390699863434,far_left,0.13462083041667938,0.5034698247909546,0.027409955859184265,24,collision,283,randfix,Random static camera,checkpoint/2026-05-09-22-35-26/checkpoint0014.pth
dark,1.0,0.0,1.0,0.09829679876565933,0.6132998466491699,0.7870997786521912,right,0.3068942427635193,0.398604154586792,0.7954952716827393,60,timeout,284,randfix,Random static camera,checkpoint/2026-05-09-22-35-26/checkpoint0014.pth
dark,1.0,0.0,1.0,0.14193496108055115,0.6360453367233276,0.777117133140564,far_right,0.25463494658470154,0.5111472010612488,0.7936126589775085,60,timeout,285,randfix,Random static camera,checkpoint/2026-05-09-22-35-26/checkpoint0014.pth
dark,0.0,1.0,0.0,1.7748916149139404,0.6824036836624146,0.4657507836818695,far_right,0.1220702975988388,0.35534536838531494,0.10352733731269836,27,collision,286,randfix,Random static camera,checkpoint/2026-05-09-22-35-26/checkpoint0014.pth
dark,0.0,1.0,0.0,1.7291289567947388,0.687932550907135,0.4876580834388733,far_right,0.5183431506156921,0.42875808477401733,0.11519568413496017,27,collision,287,randfix,Random static camera,checkpoint/2026-05-09-22-35-26/checkpoint0014.pth
dark,0.0,1.0,0.0,1.6505200862884521,0.6780393123626709,0.45418596267700195,right,0.42492252588272095,0.3467629551887512,0.08618168532848358,25,collision,288,randfix,Random static camera,checkpoint/2026-05-09-22-35-26/checkpoint0014.pth
dark,1.0,0.0,1.0,0.1558474898338318,0.5591073632240295,0.8344473838806152,right,0.47297167778015137,0.769758403301239,0.3494049906730652,60,timeout,289,randfix,Random static camera,checkpoint/2026-05-09-22-35-26/checkpoint0014.pth
dark,0.0,1.0,0.0,1.5005451440811157,0.7369765043258667,0.48636311292648315,far_right,0.41710013151168823,0.12437069416046143,0.3864438831806183,32,collision,290,randfix,Random static camera,checkpoint/2026-05-09-22-35-26/checkpoint0014.pth
dark,0.0,1.0,0.0,1.8041611909866333,0.6508579254150391,0.533087968826294,far_right,0.8085824251174927,0.3825019896030426,0.026618730276823044,28,collision,291,randfix,Random static camera,checkpoint/2026-05-09-22-35-26/checkpoint0014.pth
dark,1.0,0.0,1.0,0.15905305743217468,0.6681230068206787,0.7490813136100769,right,0.3369140028953552,0.16470137238502502,0.6534939408302307,60,timeout,292,randfix,Random static camera,checkpoint/2026-05-09-22-35-26/checkpoint0014.pth
dark,1.0,0.0,1.0,0.3135135769844055,0.6550467014312744,0.7413917779922485,far_right,0.7129637598991394,0.250108540058136,0.026651451364159584,60,timeout,293,randfix,Random static camera,checkpoint/2026-05-09-22-35-26/checkpoint0014.pth
dark,1.0,0.0,1.0,0.14458361268043518,0.6236798763275146,0.776921808719635,far_left,0.8354130387306213,0.4464903771877289,0.23336325585842133,60,timeout,294,randfix,Random static camera,checkpoint/2026-05-09-22-35-26/checkpoint0014.pth
dark,1.0,0.0,1.0,0.2259611189365387,0.5835669636726379,0.9114728569984436,far_right,0.6304396390914917,0.6422973871231079,0.8347034454345703,60,timeout,295,randfix,Random static camera,checkpoint/2026-05-09-22-35-26/checkpoint0014.pth
dark,0.0,1.0,0.0,1.6152805089950562,0.693659782409668,0.5241411924362183,left,0.240248903632164,0.8695443272590637,0.43384695053100586,23,collision,296,randfix,Random static camera,checkpoint/2026-05-09-22-35-26/checkpoint0014.pth
dark,1.0,0.0,1.0,0.1325707584619522,0.668300211429596,0.7981361746788025,far_right,0.8378105163574219,0.47299090027809143,0.6797356009483337,60,timeout,297,randfix,Random static camera,checkpoint/2026-05-09-22-35-26/checkpoint0014.pth
dark,1.0,0.0,1.0,0.12589356303215027,0.6557697653770447,0.7634356021881104,left,0.5091951489448547,0.1641508787870407,0.644522488117218,60,timeout,298,randfix,Random static camera,checkpoint/2026-05-09-22-35-26/checkpoint0014.pth
dark,0.0,1.0,0.0,1.7067936658859253,0.6703473925590515,0.4659445583820343,far_right,0.2034739851951599,0.5526846051216125,0.3380138576030731,24,collision,299,randfix,Random static camera,checkpoint/2026-05-09-22-35-26/checkpoint0014.pth
