scene_name,success_rate,collision_rate,goal_reach_rate,final_goal_dist,avg_speed,fill_rate,slit_slot,power_mean,exposure_mean,gain_mean,steps,stop_reason,episode_idx,method,method_label,checkpoint
glare,0.0,1.0,0.0,1.7796192169189453,0.6464239954948425,0.6880856156349182,far_right,0.5,0.5,0.5,22,collision,0,zero,Blind zero-depth,checkpoint/2026-05-09-16-48-43/checkpoint0014.pth
glare,0.0,1.0,0.0,1.7314441204071045,0.6528818011283875,0.637652575969696,far_left,0.5,0.5,0.5,23,collision,1,zero,Blind zero-depth,checkpoint/2026-05-09-16-48-43/checkpoint0014.pth
glare,0.0,1.0,0.0,1.7555887699127197,0.642492413520813,0.6654895544052124,far_left,0.5,0.5,0.5,23,collision,2,zero,Blind zero-depth,checkpoint/2026-05-09-16-48-43/checkpoint0014.pth
glare,0.0,1.0,0.0,1.7144243717193604,0.6619106531143188,0.5848052501678467,far_right,0.5,0.5,0.5,24,collision,3,zero,Blind zero-depth,checkpoint/2026-05-09-16-48-43/checkpoint0014.pth
glare,0.0,1.0,0.0,1.732200026512146,0.6439705491065979,0.6447136998176575,far_right,0.5,0.5,0.5,24,collision,4,zero,Blind zero-depth,checkpoint/2026-05-09-16-48-43/checkpoint0014.pth
glare,0.0,1.0,0.0,1.7420018911361694,0.6341432332992554,0.6391153335571289,far_left,0.5,0.5,0.5,24,collision,5,zero,Blind zero-depth,checkpoint/2026-05-09-16-48-43/checkpoint0014.pth
glare,0.0,1.0,0.0,1.7367010116577148,0.6260110139846802,0.5854673385620117,right,0.5,0.5,0.5,25,collision,6,zero,Blind zero-depth,checkpoint/2026-05-09-16-48-43/checkpoint0014.pth
glare,0.0,1.0,0.0,1.7979952096939087,0.5950284004211426,0.6382017135620117,far_right,0.5,0.5,0.5,25,collision,7,zero,Blind zero-depth,checkpoint/2026-05-09-16-48-43/checkpoint0014.pth
glare,0.0,1.0,0.0,1.7484203577041626,0.6329842805862427,0.5969831943511963,far_right,0.5,0.5,0.5,24,collision,8,zero,Blind zero-depth,checkpoint/2026-05-09-16-48-43/checkpoint0014.pth
glare,0.0,1.0,0.0,1.772415280342102,0.6337955594062805,0.5518192052841187,right,0.5,0.5,0.5,24,collision,9,zero,Blind zero-depth,checkpoint/2026-05-09-16-48-43/checkpoint0014.pth
glare,0.0,1.0,0.0,1.7773181200027466,0.6417521834373474,0.5655118823051453,left,0.5,0.5,0.5,23,collision,10,zero,Blind zero-depth,checkpoint/2026-05-09-16-48-43/checkpoint0014.pth
glare,0.0,1.0,0.0,1.7980241775512695,0.6103394627571106,0.6576150059700012,far_right,0.5,0.5,0.5,24,collision,11,zero,Blind zero-depth,checkpoint/2026-05-09-16-48-43/checkpoint0014.pth
glare,0.0,1.0,0.0,1.7823470830917358,0.6083791255950928,0.6291956305503845,far_right,0.5,0.5,0.5,25,collision,12,zero,Blind zero-depth,checkpoint/2026-05-09-16-48-43/checkpoint0014.pth
glare,0.0,1.0,0.0,1.7674946784973145,0.6406260132789612,0.6505699157714844,far_right,0.5,0.5,0.5,24,collision,13,zero,Blind zero-depth,checkpoint/2026-05-09-16-48-43/checkpoint0014.pth
glare,1.0,0.0,1.0,0.10834506899118423,0.60175621509552,0.768352210521698,right,0.5,0.5,0.5,60,timeout,14,zero,Blind zero-depth,checkpoint/2026-05-09-16-48-43/checkpoint0014.pth
glare,0.0,1.0,0.0,1.6636221408843994,0.6622268557548523,0.5025867819786072,left,0.5,0.5,0.5,26,collision,15,zero,Blind zero-depth,checkpoint/2026-05-09-16-48-43/checkpoint0014.pth
glare,0.0,1.0,0.0,1.730558156967163,0.6248071193695068,0.520128071308136,left,0.5,0.5,0.5,25,collision,16,zero,Blind zero-depth,checkpoint/2026-05-09-16-48-43/checkpoint0014.pth
glare,0.0,1.0,0.0,1.7683078050613403,0.6443485021591187,0.5945629477500916,far_left,0.5,0.5,0.5,22,collision,17,zero,Blind zero-depth,checkpoint/2026-05-09-16-48-43/checkpoint0014.pth
glare,0.0,1.0,0.0,1.7432795763015747,0.6506687998771667,0.6766367554664612,far_left,0.5,0.5,0.5,24,collision,18,zero,Blind zero-depth,checkpoint/2026-05-09-16-48-43/checkpoint0014.pth
glare,0.0,1.0,0.0,1.7300946712493896,0.6500111222267151,0.5778734087944031,far_left,0.5,0.5,0.5,24,collision,19,zero,Blind zero-depth,checkpoint/2026-05-09-16-48-43/checkpoint0014.pth
glare,0.0,1.0,0.0,1.7024794816970825,0.6470742225646973,0.5521714091300964,left,0.5,0.5,0.5,24,collision,20,zero,Blind zero-depth,checkpoint/2026-05-09-16-48-43/checkpoint0014.pth
glare,0.0,1.0,0.0,1.8062045574188232,0.6259502172470093,0.677379310131073,far_right,0.5,0.5,0.5,23,collision,21,zero,Blind zero-depth,checkpoint/2026-05-09-16-48-43/checkpoint0014.pth
glare,0.0,1.0,0.0,1.78269624710083,0.6396588683128357,0.6629239320755005,far_left,0.5,0.5,0.5,24,collision,22,zero,Blind zero-depth,checkpoint/2026-05-09-16-48-43/checkpoint0014.pth
glare,0.0,1.0,0.0,1.7673447132110596,0.6076509952545166,0.5563607811927795,left,0.5,0.5,0.5,24,collision,23,zero,Blind zero-depth,checkpoint/2026-05-09-16-48-43/checkpoint0014.pth
glare,0.0,1.0,0.0,1.8103511333465576,0.6364882588386536,0.6630366444587708,far_left,0.5,0.5,0.5,23,collision,24,zero,Blind zero-depth,checkpoint/2026-05-09-16-48-43/checkpoint0014.pth
glare,0.0,1.0,0.0,1.7187782526016235,0.6219863891601562,0.6477924585342407,far_right,0.5,0.5,0.5,25,collision,25,zero,Blind zero-depth,checkpoint/2026-05-09-16-48-43/checkpoint0014.pth
glare,0.0,1.0,0.0,1.721116542816162,0.644420325756073,0.6717632412910461,far_right,0.5,0.5,0.5,23,collision,26,zero,Blind zero-depth,checkpoint/2026-05-09-16-48-43/checkpoint0014.pth
glare,0.0,1.0,0.0,1.775599479675293,0.6184886693954468,0.6331710815429688,far_right,0.5,0.5,0.5,24,collision,27,zero,Blind zero-depth,checkpoint/2026-05-09-16-48-43/checkpoint0014.pth
glare,0.0,1.0,0.0,1.7780979871749878,0.6006968021392822,0.5679221749305725,right,0.5,0.5,0.5,24,collision,28,zero,Blind zero-depth,checkpoint/2026-05-09-16-48-43/checkpoint0014.pth
glare,0.0,1.0,0.0,1.7102417945861816,0.6246845722198486,0.5070891380310059,left,0.5,0.5,0.5,25,collision,29,zero,Blind zero-depth,checkpoint/2026-05-09-16-48-43/checkpoint0014.pth
glare,0.0,1.0,0.0,1.7159509658813477,0.6623336672782898,0.6465693116188049,far_right,0.5,0.5,0.5,24,collision,30,zero,Blind zero-depth,checkpoint/2026-05-09-16-48-43/checkpoint0014.pth
glare,0.0,1.0,0.0,1.7485334873199463,0.6441682577133179,0.5913282632827759,far_left,0.5,0.5,0.5,24,collision,31,zero,Blind zero-depth,checkpoint/2026-05-09-16-48-43/checkpoint0014.pth
glare,0.0,1.0,0.0,1.6917064189910889,0.6494633555412292,0.5157193541526794,left,0.5,0.5,0.5,24,collision,32,zero,Blind zero-depth,checkpoint/2026-05-09-16-48-43/checkpoint0014.pth
glare,0.0,1.0,0.0,1.7242612838745117,0.6370061039924622,0.5425536036491394,left,0.5,0.5,0.5,24,collision,33,zero,Blind zero-depth,checkpoint/2026-05-09-16-48-43/checkpoint0014.pth
glare,0.0,1.0,0.0,1.7201765775680542,0.6546334624290466,0.5720223188400269,far_left,0.5,0.5,0.5,23,collision,34,zero,Blind zero-depth,checkpoint/2026-05-09-16-48-43/checkpoint0014.pth
glare,0.0,1.0,0.0,1.7171971797943115,0.6293960809707642,0.6354045867919922,far_left,0.5,0.5,0.5,25,collision,35,zero,Blind zero-depth,checkpoint/2026-05-09-16-48-43/checkpoint0014.pth
glare,0.0,1.0,0.0,1.7118033170700073,0.6509754061698914,0.5924479365348816,far_right,0.5,0.5,0.5,24,collision,36,zero,Blind zero-depth,checkpoint/2026-05-09-16-48-43/checkpoint0014.pth
glare,0.0,1.0,0.0,1.7566593885421753,0.6221061944961548,0.6473618745803833,far_left,0.5,0.5,0.5,24,collision,37,zero,Blind zero-depth,checkpoint/2026-05-09-16-48-43/checkpoint0014.pth
glare,0.0,1.0,0.0,1.741674780845642,0.6386093497276306,0.6218799948692322,far_right,0.5,0.5,0.5,24,collision,38,zero,Blind zero-depth,checkpoint/2026-05-09-16-48-43/checkpoint0014.pth
glare,0.0,1.0,0.0,1.7263233661651611,0.6203023195266724,0.6025993824005127,far_left,0.5,0.5,0.5,25,collision,39,zero,Blind zero-depth,checkpoint/2026-05-09-16-48-43/checkpoint0014.pth
glare,0.0,1.0,0.0,1.7462705373764038,0.6316680312156677,0.6557908654212952,far_right,0.5,0.5,0.5,24,collision,40,zero,Blind zero-depth,checkpoint/2026-05-09-16-48-43/checkpoint0014.pth
glare,0.0,1.0,0.0,1.750475287437439,0.6439664363861084,0.641027569770813,far_left,0.5,0.5,0.5,24,collision,41,zero,Blind zero-depth,checkpoint/2026-05-09-16-48-43/checkpoint0014.pth
glare,0.0,1.0,0.0,1.7849390506744385,0.6282954216003418,0.5515375137329102,right,0.5,0.5,0.5,23,collision,42,zero,Blind zero-depth,checkpoint/2026-05-09-16-48-43/checkpoint0014.pth
glare,0.0,1.0,0.0,1.7322087287902832,0.628343403339386,0.5223430395126343,left,0.5,0.5,0.5,24,collision,43,zero,Blind zero-depth,checkpoint/2026-05-09-16-48-43/checkpoint0014.pth
glare,0.0,1.0,0.0,1.7962265014648438,0.6301873922348022,0.6567695140838623,far_right,0.5,0.5,0.5,23,collision,44,zero,Blind zero-depth,checkpoint/2026-05-09-16-48-43/checkpoint0014.pth
glare,0.0,1.0,0.0,1.7095606327056885,0.6546404361724854,0.6372345685958862,far_right,0.5,0.5,0.5,24,collision,45,zero,Blind zero-depth,checkpoint/2026-05-09-16-48-43/checkpoint0014.pth
glare,0.0,1.0,0.0,1.7720991373062134,0.6326059103012085,0.5337724089622498,right,0.5,0.5,0.5,24,collision,46,zero,Blind zero-depth,checkpoint/2026-05-09-16-48-43/checkpoint0014.pth
glare,0.0,1.0,0.0,1.7204253673553467,0.6603990197181702,0.6739596724510193,far_right,0.5,0.5,0.5,23,collision,47,zero,Blind zero-depth,checkpoint/2026-05-09-16-48-43/checkpoint0014.pth
glare,0.0,1.0,0.0,1.7605851888656616,0.6561769843101501,0.6055213809013367,far_left,0.5,0.5,0.5,23,collision,48,zero,Blind zero-depth,checkpoint/2026-05-09-16-48-43/checkpoint0014.pth
glare,0.0,1.0,0.0,1.7816386222839355,0.6277828216552734,0.5453296303749084,right,0.5,0.5,0.5,23,collision,49,zero,Blind zero-depth,checkpoint/2026-05-09-16-48-43/checkpoint0014.pth
glare,0.0,1.0,0.0,1.7722387313842773,0.6384671330451965,0.6069287061691284,far_left,0.5,0.5,0.5,23,collision,50,zero,Blind zero-depth,checkpoint/2026-05-09-16-48-43/checkpoint0014.pth
glare,0.0,1.0,0.0,1.7890173196792603,0.6244479417800903,0.659734845161438,far_right,0.5,0.5,0.5,24,collision,51,zero,Blind zero-depth,checkpoint/2026-05-09-16-48-43/checkpoint0014.pth
glare,0.0,1.0,0.0,1.8002293109893799,0.5998528599739075,0.6821344494819641,far_right,0.5,0.5,0.5,24,collision,52,zero,Blind zero-depth,checkpoint/2026-05-09-16-48-43/checkpoint0014.pth
glare,0.0,1.0,0.0,1.732747197151184,0.6311792731285095,0.6357060670852661,far_left,0.5,0.5,0.5,24,collision,53,zero,Blind zero-depth,checkpoint/2026-05-09-16-48-43/checkpoint0014.pth
glare,0.0,1.0,0.0,1.7241477966308594,0.6450133323669434,0.5444784164428711,left,0.5,0.5,0.5,24,collision,54,zero,Blind zero-depth,checkpoint/2026-05-09-16-48-43/checkpoint0014.pth
glare,0.0,1.0,0.0,1.8085551261901855,0.6202907562255859,0.6134061813354492,far_right,0.5,0.5,0.5,23,collision,55,zero,Blind zero-depth,checkpoint/2026-05-09-16-48-43/checkpoint0014.pth
glare,0.0,1.0,0.0,1.7534289360046387,0.6336575746536255,0.5188204646110535,left,0.5,0.5,0.5,24,collision,56,zero,Blind zero-depth,checkpoint/2026-05-09-16-48-43/checkpoint0014.pth
glare,0.0,1.0,0.0,1.7769806385040283,0.6559450030326843,0.5614873170852661,right,0.5,0.5,0.5,23,collision,57,zero,Blind zero-depth,checkpoint/2026-05-09-16-48-43/checkpoint0014.pth
glare,0.0,1.0,0.0,1.8015695810317993,0.6083340048789978,0.6387311220169067,far_right,0.5,0.5,0.5,23,collision,58,zero,Blind zero-depth,checkpoint/2026-05-09-16-48-43/checkpoint0014.pth
glare,0.0,1.0,0.0,1.7590982913970947,0.6287986636161804,0.5567885041236877,left,0.5,0.5,0.5,24,collision,59,zero,Blind zero-depth,checkpoint/2026-05-09-16-48-43/checkpoint0014.pth
glare,0.0,1.0,0.0,1.733274221420288,0.6309713125228882,0.5514795184135437,left,0.5,0.5,0.5,24,collision,60,zero,Blind zero-depth,checkpoint/2026-05-09-16-48-43/checkpoint0014.pth
glare,0.0,1.0,0.0,1.753021001815796,0.6613893508911133,0.6709346771240234,far_left,0.5,0.5,0.5,23,collision,61,zero,Blind zero-depth,checkpoint/2026-05-09-16-48-43/checkpoint0014.pth
glare,0.0,1.0,0.0,1.716203212738037,0.6562097668647766,0.6591435670852661,far_left,0.5,0.5,0.5,24,collision,62,zero,Blind zero-depth,checkpoint/2026-05-09-16-48-43/checkpoint0014.pth
glare,0.0,1.0,0.0,1.6391363143920898,0.6701368093490601,0.49664101004600525,right,0.5,0.5,0.5,24,collision,63,zero,Blind zero-depth,checkpoint/2026-05-09-16-48-43/checkpoint0014.pth
glare,0.0,1.0,0.0,1.743880033493042,0.619799017906189,0.6183134913444519,far_right,0.5,0.5,0.5,24,collision,64,zero,Blind zero-depth,checkpoint/2026-05-09-16-48-43/checkpoint0014.pth
glare,0.0,1.0,0.0,1.7794471979141235,0.6299786567687988,0.536629319190979,left,0.5,0.5,0.5,23,collision,65,zero,Blind zero-depth,checkpoint/2026-05-09-16-48-43/checkpoint0014.pth
glare,0.0,1.0,0.0,1.7214751243591309,0.6511144638061523,0.5858494639396667,far_left,0.5,0.5,0.5,24,collision,66,zero,Blind zero-depth,checkpoint/2026-05-09-16-48-43/checkpoint0014.pth
glare,0.0,1.0,0.0,1.7845559120178223,0.6102725267410278,0.6399770975112915,far_right,0.5,0.5,0.5,24,collision,67,zero,Blind zero-depth,checkpoint/2026-05-09-16-48-43/checkpoint0014.pth
glare,0.0,1.0,0.0,1.7000070810317993,0.6449291110038757,0.6804171800613403,far_left,0.5,0.5,0.5,24,collision,68,zero,Blind zero-depth,checkpoint/2026-05-09-16-48-43/checkpoint0014.pth
glare,0.0,1.0,0.0,1.6861780881881714,0.6158512830734253,0.49643516540527344,left,0.5,0.5,0.5,26,collision,69,zero,Blind zero-depth,checkpoint/2026-05-09-16-48-43/checkpoint0014.pth
glare,0.0,1.0,0.0,1.7219918966293335,0.6410923600196838,0.5264631509780884,right,0.5,0.5,0.5,24,collision,70,zero,Blind zero-depth,checkpoint/2026-05-09-16-48-43/checkpoint0014.pth
glare,1.0,0.0,1.0,0.09996683150529861,0.5914743542671204,0.7676167488098145,right,0.5,0.5,0.5,60,timeout,71,zero,Blind zero-depth,checkpoint/2026-05-09-16-48-43/checkpoint0014.pth
glare,0.0,1.0,0.0,1.759129524230957,0.6347330212593079,0.5823869705200195,far_right,0.5,0.5,0.5,25,collision,72,zero,Blind zero-depth,checkpoint/2026-05-09-16-48-43/checkpoint0014.pth
glare,0.0,1.0,0.0,1.8008776903152466,0.629632294178009,0.6344631314277649,far_left,0.5,0.5,0.5,23,collision,73,zero,Blind zero-depth,checkpoint/2026-05-09-16-48-43/checkpoint0014.pth
glare,1.0,0.0,1.0,0.12738892436027527,0.5752358436584473,0.7677951455116272,left,0.5,0.5,0.5,60,timeout,74,zero,Blind zero-depth,checkpoint/2026-05-09-16-48-43/checkpoint0014.pth
glare,0.0,1.0,0.0,1.7714163064956665,0.6385388374328613,0.6721988320350647,far_left,0.5,0.5,0.5,22,collision,75,zero,Blind zero-depth,checkpoint/2026-05-09-16-48-43/checkpoint0014.pth
glare,0.0,1.0,0.0,1.7888296842575073,0.629027247428894,0.5886929631233215,far_left,0.5,0.5,0.5,23,collision,76,zero,Blind zero-depth,checkpoint/2026-05-09-16-48-43/checkpoint0014.pth
glare,0.0,1.0,0.0,1.8011505603790283,0.6272581219673157,0.5650384426116943,right,0.5,0.5,0.5,23,collision,77,zero,Blind zero-depth,checkpoint/2026-05-09-16-48-43/checkpoint0014.pth
glare,0.0,1.0,0.0,1.806621789932251,0.6232649087905884,0.62004154920578,far_right,0.5,0.5,0.5,23,collision,78,zero,Blind zero-depth,checkpoint/2026-05-09-16-48-43/checkpoint0014.pth
glare,0.0,1.0,0.0,1.8087512254714966,0.6423912048339844,0.6446759700775146,far_right,0.5,0.5,0.5,23,collision,79,zero,Blind zero-depth,checkpoint/2026-05-09-16-48-43/checkpoint0014.pth
glare,1.0,0.0,1.0,0.13039930164813995,0.5739423036575317,0.7804856896400452,left,0.5,0.5,0.5,60,timeout,80,zero,Blind zero-depth,checkpoint/2026-05-09-16-48-43/checkpoint0014.pth
glare,0.0,1.0,0.0,1.7836209535598755,0.6148990392684937,0.5668654441833496,right,0.5,0.5,0.5,24,collision,81,zero,Blind zero-depth,checkpoint/2026-05-09-16-48-43/checkpoint0014.pth
glare,0.0,1.0,0.0,1.7301206588745117,0.6344001293182373,0.5984048247337341,far_left,0.5,0.5,0.5,24,collision,82,zero,Blind zero-depth,checkpoint/2026-05-09-16-48-43/checkpoint0014.pth
glare,0.0,1.0,0.0,1.796561360359192,0.6129322052001953,0.6531329154968262,far_left,0.5,0.5,0.5,23,collision,83,zero,Blind zero-depth,checkpoint/2026-05-09-16-48-43/checkpoint0014.pth
glare,0.0,1.0,0.0,1.7987240552902222,0.6446645855903625,0.6859151721000671,far_left,0.5,0.5,0.5,23,collision,84,zero,Blind zero-depth,checkpoint/2026-05-09-16-48-43/checkpoint0014.pth
glare,1.0,0.0,1.0,0.11575479805469513,0.5903782248497009,0.7585141658782959,left,0.5,0.5,0.5,60,timeout,85,zero,Blind zero-depth,checkpoint/2026-05-09-16-48-43/checkpoint0014.pth
glare,0.0,1.0,0.0,1.8028522729873657,0.6291893124580383,0.592013955116272,far_right,0.5,0.5,0.5,23,collision,86,zero,Blind zero-depth,checkpoint/2026-05-09-16-48-43/checkpoint0014.pth
glare,0.0,1.0,0.0,1.740422248840332,0.650352418422699,0.5654921531677246,left,0.5,0.5,0.5,23,collision,87,zero,Blind zero-depth,checkpoint/2026-05-09-16-48-43/checkpoint0014.pth
glare,0.0,1.0,0.0,1.7414652109146118,0.6332885026931763,0.5566815137863159,left,0.5,0.5,0.5,24,collision,88,zero,Blind zero-depth,checkpoint/2026-05-09-16-48-43/checkpoint0014.pth
glare,0.0,1.0,0.0,1.7931076288223267,0.5930830836296082,0.6390838623046875,far_right,0.5,0.5,0.5,24,collision,89,zero,Blind zero-depth,checkpoint/2026-05-09-16-48-43/checkpoint0014.pth
glare,0.0,1.0,0.0,1.6902036666870117,0.6539014577865601,0.640555739402771,far_left,0.5,0.5,0.5,24,collision,90,zero,Blind zero-depth,checkpoint/2026-05-09-16-48-43/checkpoint0014.pth
glare,0.0,1.0,0.0,1.7976640462875366,0.6394443511962891,0.5919481515884399,far_left,0.5,0.5,0.5,23,collision,91,zero,Blind zero-depth,checkpoint/2026-05-09-16-48-43/checkpoint0014.pth
glare,0.0,1.0,0.0,1.729533314704895,0.6345894932746887,0.5152161717414856,left,0.5,0.5,0.5,24,collision,92,zero,Blind zero-depth,checkpoint/2026-05-09-16-48-43/checkpoint0014.pth
glare,0.0,1.0,0.0,1.7641412019729614,0.6224921941757202,0.6400022506713867,far_right,0.5,0.5,0.5,24,collision,93,zero,Blind zero-depth,checkpoint/2026-05-09-16-48-43/checkpoint0014.pth
glare,0.0,1.0,0.0,1.7922552824020386,0.6118794083595276,0.5486677289009094,left,0.5,0.5,0.5,24,collision,94,zero,Blind zero-depth,checkpoint/2026-05-09-16-48-43/checkpoint0014.pth
glare,0.0,1.0,0.0,1.7619484663009644,0.6098734140396118,0.5462522506713867,right,0.5,0.5,0.5,24,collision,95,zero,Blind zero-depth,checkpoint/2026-05-09-16-48-43/checkpoint0014.pth
glare,0.0,1.0,0.0,1.8027938604354858,0.6134881377220154,0.6813249588012695,far_right,0.5,0.5,0.5,23,collision,96,zero,Blind zero-depth,checkpoint/2026-05-09-16-48-43/checkpoint0014.pth
glare,0.0,1.0,0.0,1.7241268157958984,0.6353827714920044,0.5277840495109558,right,0.5,0.5,0.5,24,collision,97,zero,Blind zero-depth,checkpoint/2026-05-09-16-48-43/checkpoint0014.pth
glare,0.0,1.0,0.0,1.7682489156723022,0.6066714525222778,0.5928882360458374,far_right,0.5,0.5,0.5,24,collision,98,zero,Blind zero-depth,checkpoint/2026-05-09-16-48-43/checkpoint0014.pth
glare,0.0,1.0,0.0,1.8027435541152954,0.6178343296051025,0.6263964176177979,far_right,0.5,0.5,0.5,24,collision,99,zero,Blind zero-depth,checkpoint/2026-05-09-16-48-43/checkpoint0014.pth
glare,0.0,1.0,0.0,1.711178183555603,0.6406219601631165,0.6344702243804932,far_left,0.5,0.5,0.5,25,collision,100,zero,Blind zero-depth,checkpoint/2026-05-09-16-48-43/checkpoint0014.pth
glare,0.0,1.0,0.0,1.8027487993240356,0.6084281206130981,0.5738664865493774,right,0.5,0.5,0.5,24,collision,101,zero,Blind zero-depth,checkpoint/2026-05-09-16-48-43/checkpoint0014.pth
glare,0.0,1.0,0.0,1.7306952476501465,0.6379045844078064,0.5813802480697632,far_right,0.5,0.5,0.5,25,collision,102,zero,Blind zero-depth,checkpoint/2026-05-09-16-48-43/checkpoint0014.pth
glare,0.0,1.0,0.0,1.7922354936599731,0.6168826222419739,0.6098682284355164,far_left,0.5,0.5,0.5,23,collision,103,zero,Blind zero-depth,checkpoint/2026-05-09-16-48-43/checkpoint0014.pth
glare,0.0,1.0,0.0,1.754597783088684,0.6303500533103943,0.5629844069480896,right,0.5,0.5,0.5,24,collision,104,zero,Blind zero-depth,checkpoint/2026-05-09-16-48-43/checkpoint0014.pth
glare,0.0,1.0,0.0,1.805485486984253,0.6361599564552307,0.682832658290863,far_left,0.5,0.5,0.5,24,collision,105,zero,Blind zero-depth,checkpoint/2026-05-09-16-48-43/checkpoint0014.pth
glare,0.0,1.0,0.0,1.7795333862304688,0.6064331531524658,0.60546875,far_left,0.5,0.5,0.5,24,collision,106,zero,Blind zero-depth,checkpoint/2026-05-09-16-48-43/checkpoint0014.pth
glare,0.0,1.0,0.0,1.8045107126235962,0.6214672327041626,0.5647490620613098,left,0.5,0.5,0.5,23,collision,107,zero,Blind zero-depth,checkpoint/2026-05-09-16-48-43/checkpoint0014.pth
glare,0.0,1.0,0.0,1.7290877103805542,0.6619818806648254,0.5746087431907654,right,0.5,0.5,0.5,24,collision,108,zero,Blind zero-depth,checkpoint/2026-05-09-16-48-43/checkpoint0014.pth
glare,0.0,1.0,0.0,1.7148427963256836,0.6123298406600952,0.6635621786117554,far_left,0.5,0.5,0.5,25,collision,109,zero,Blind zero-depth,checkpoint/2026-05-09-16-48-43/checkpoint0014.pth
glare,0.0,1.0,0.0,1.7778019905090332,0.6293535828590393,0.6247830390930176,far_right,0.5,0.5,0.5,23,collision,110,zero,Blind zero-depth,checkpoint/2026-05-09-16-48-43/checkpoint0014.pth
glare,0.0,1.0,0.0,1.7815606594085693,0.643078625202179,0.5312171578407288,right,0.5,0.5,0.5,23,collision,111,zero,Blind zero-depth,checkpoint/2026-05-09-16-48-43/checkpoint0014.pth
glare,0.0,1.0,0.0,1.7938196659088135,0.6396174430847168,0.5935395956039429,far_left,0.5,0.5,0.5,23,collision,112,zero,Blind zero-depth,checkpoint/2026-05-09-16-48-43/checkpoint0014.pth
glare,0.0,1.0,0.0,1.7050508260726929,0.6533702611923218,0.5115426182746887,left,0.5,0.5,0.5,24,collision,113,zero,Blind zero-depth,checkpoint/2026-05-09-16-48-43/checkpoint0014.pth
glare,0.0,1.0,0.0,1.7052397727966309,0.6339605450630188,0.6257957816123962,far_right,0.5,0.5,0.5,25,collision,114,zero,Blind zero-depth,checkpoint/2026-05-09-16-48-43/checkpoint0014.pth
glare,0.0,1.0,0.0,1.7210758924484253,0.6060733795166016,0.5961613059043884,far_left,0.5,0.5,0.5,25,collision,115,zero,Blind zero-depth,checkpoint/2026-05-09-16-48-43/checkpoint0014.pth
glare,0.0,1.0,0.0,1.7367630004882812,0.6527690291404724,0.6510227918624878,far_right,0.5,0.5,0.5,24,collision,116,zero,Blind zero-depth,checkpoint/2026-05-09-16-48-43/checkpoint0014.pth
glare,0.0,1.0,0.0,1.7862141132354736,0.627625048160553,0.65452641248703,far_left,0.5,0.5,0.5,24,collision,117,zero,Blind zero-depth,checkpoint/2026-05-09-16-48-43/checkpoint0014.pth
glare,0.0,1.0,0.0,1.797218680381775,0.62677401304245,0.5416469573974609,left,0.5,0.5,0.5,23,collision,118,zero,Blind zero-depth,checkpoint/2026-05-09-16-48-43/checkpoint0014.pth
glare,0.0,1.0,0.0,1.70315682888031,0.6589325666427612,0.5094165205955505,left,0.5,0.5,0.5,24,collision,119,zero,Blind zero-depth,checkpoint/2026-05-09-16-48-43/checkpoint0014.pth
glare,0.0,1.0,0.0,1.7025800943374634,0.6413906216621399,0.5079760551452637,left,0.5,0.5,0.5,24,collision,120,zero,Blind zero-depth,checkpoint/2026-05-09-16-48-43/checkpoint0014.pth
glare,0.0,1.0,0.0,1.8040004968643188,0.6033543348312378,0.5801964998245239,right,0.5,0.5,0.5,23,collision,121,zero,Blind zero-depth,checkpoint/2026-05-09-16-48-43/checkpoint0014.pth
glare,0.0,1.0,0.0,1.7871131896972656,0.634674072265625,0.5394570827484131,right,0.5,0.5,0.5,23,collision,122,zero,Blind zero-depth,checkpoint/2026-05-09-16-48-43/checkpoint0014.pth
glare,0.0,1.0,0.0,1.7056500911712646,0.6616618037223816,0.6712334156036377,far_right,0.5,0.5,0.5,24,collision,123,zero,Blind zero-depth,checkpoint/2026-05-09-16-48-43/checkpoint0014.pth
glare,0.0,1.0,0.0,1.7655941247940063,0.6514089107513428,0.6772543787956238,far_right,0.5,0.5,0.5,23,collision,124,zero,Blind zero-depth,checkpoint/2026-05-09-16-48-43/checkpoint0014.pth
glare,0.0,1.0,0.0,1.7392747402191162,0.6487383842468262,0.6740010976791382,far_left,0.5,0.5,0.5,24,collision,125,zero,Blind zero-depth,checkpoint/2026-05-09-16-48-43/checkpoint0014.pth
glare,0.0,1.0,0.0,1.7131332159042358,0.6407427191734314,0.5492441058158875,right,0.5,0.5,0.5,25,collision,126,zero,Blind zero-depth,checkpoint/2026-05-09-16-48-43/checkpoint0014.pth
glare,1.0,0.0,1.0,0.10048242658376694,0.5838189125061035,0.768045961856842,left,0.5,0.5,0.5,60,timeout,127,zero,Blind zero-depth,checkpoint/2026-05-09-16-48-43/checkpoint0014.pth
glare,0.0,1.0,0.0,1.7620404958724976,0.6377773284912109,0.5308348536491394,right,0.5,0.5,0.5,24,collision,128,zero,Blind zero-depth,checkpoint/2026-05-09-16-48-43/checkpoint0014.pth
glare,0.0,1.0,0.0,1.718184232711792,0.6337577104568481,0.5092592835426331,right,0.5,0.5,0.5,24,collision,129,zero,Blind zero-depth,checkpoint/2026-05-09-16-48-43/checkpoint0014.pth
glare,0.0,1.0,0.0,1.7838914394378662,0.6246396899223328,0.6480223536491394,far_left,0.5,0.5,0.5,24,collision,130,zero,Blind zero-depth,checkpoint/2026-05-09-16-48-43/checkpoint0014.pth
glare,0.0,1.0,0.0,1.7601526975631714,0.6555210947990417,0.6287286877632141,far_left,0.5,0.5,0.5,23,collision,131,zero,Blind zero-depth,checkpoint/2026-05-09-16-48-43/checkpoint0014.pth
glare,0.0,1.0,0.0,1.6921056509017944,0.6522987484931946,0.5426667928695679,left,0.5,0.5,0.5,24,collision,132,zero,Blind zero-depth,checkpoint/2026-05-09-16-48-43/checkpoint0014.pth
glare,0.0,1.0,0.0,1.7145057916641235,0.645726203918457,0.5899947285652161,far_right,0.5,0.5,0.5,24,collision,133,zero,Blind zero-depth,checkpoint/2026-05-09-16-48-43/checkpoint0014.pth
glare,0.0,1.0,0.0,1.8059595823287964,0.6136310696601868,0.5362884998321533,left,0.5,0.5,0.5,24,collision,134,zero,Blind zero-depth,checkpoint/2026-05-09-16-48-43/checkpoint0014.pth
glare,0.0,1.0,0.0,1.7979867458343506,0.6217314600944519,0.6359098553657532,far_right,0.5,0.5,0.5,23,collision,135,zero,Blind zero-depth,checkpoint/2026-05-09-16-48-43/checkpoint0014.pth
glare,0.0,1.0,0.0,1.6991088390350342,0.6409184336662292,0.5405882000923157,right,0.5,0.5,0.5,23,collision,136,zero,Blind zero-depth,checkpoint/2026-05-09-16-48-43/checkpoint0014.pth
glare,0.0,1.0,0.0,1.7994334697723389,0.5938272476196289,0.6917499303817749,far_left,0.5,0.5,0.5,25,collision,137,zero,Blind zero-depth,checkpoint/2026-05-09-16-48-43/checkpoint0014.pth
glare,0.0,1.0,0.0,1.7558401823043823,0.6161755919456482,0.6291232705116272,far_right,0.5,0.5,0.5,25,collision,138,zero,Blind zero-depth,checkpoint/2026-05-09-16-48-43/checkpoint0014.pth
glare,0.0,1.0,0.0,1.7984648942947388,0.5846667289733887,0.602647602558136,far_left,0.5,0.5,0.5,25,collision,139,zero,Blind zero-depth,checkpoint/2026-05-09-16-48-43/checkpoint0014.pth
glare,0.0,1.0,0.0,1.80426824092865,0.6150498986244202,0.6101312637329102,far_left,0.5,0.5,0.5,23,collision,140,zero,Blind zero-depth,checkpoint/2026-05-09-16-48-43/checkpoint0014.pth
glare,0.0,1.0,0.0,1.7344791889190674,0.6194488406181335,0.6380268931388855,far_right,0.5,0.5,0.5,25,collision,141,zero,Blind zero-depth,checkpoint/2026-05-09-16-48-43/checkpoint0014.pth
glare,0.0,1.0,0.0,1.809449315071106,0.6003766655921936,0.6034244298934937,far_left,0.5,0.5,0.5,24,collision,142,zero,Blind zero-depth,checkpoint/2026-05-09-16-48-43/checkpoint0014.pth
glare,0.0,1.0,0.0,1.7845158576965332,0.6527224183082581,0.5358467698097229,right,0.5,0.5,0.5,23,collision,143,zero,Blind zero-depth,checkpoint/2026-05-09-16-48-43/checkpoint0014.pth
glare,0.0,1.0,0.0,1.7723352909088135,0.6424632668495178,0.5543981790542603,right,0.5,0.5,0.5,23,collision,144,zero,Blind zero-depth,checkpoint/2026-05-09-16-48-43/checkpoint0014.pth
glare,0.0,1.0,0.0,1.7443078756332397,0.6189494729042053,0.5277646780014038,left,0.5,0.5,0.5,23,collision,145,zero,Blind zero-depth,checkpoint/2026-05-09-16-48-43/checkpoint0014.pth
glare,0.0,1.0,0.0,1.7066558599472046,0.6732120513916016,0.5432186722755432,right,0.5,0.5,0.5,23,collision,146,zero,Blind zero-depth,checkpoint/2026-05-09-16-48-43/checkpoint0014.pth
glare,0.0,1.0,0.0,1.7211986780166626,0.6588011980056763,0.5653306245803833,left,0.5,0.5,0.5,24,collision,147,zero,Blind zero-depth,checkpoint/2026-05-09-16-48-43/checkpoint0014.pth
glare,0.0,1.0,0.0,1.7883940935134888,0.6302868723869324,0.6399707794189453,far_right,0.5,0.5,0.5,24,collision,148,zero,Blind zero-depth,checkpoint/2026-05-09-16-48-43/checkpoint0014.pth
glare,0.0,1.0,0.0,1.7134263515472412,0.6063487529754639,0.527789831161499,left,0.5,0.5,0.5,25,collision,149,zero,Blind zero-depth,checkpoint/2026-05-09-16-48-43/checkpoint0014.pth
glare,0.0,1.0,0.0,1.714125633239746,0.6277354955673218,0.5160108208656311,left,0.5,0.5,0.5,25,collision,150,zero,Blind zero-depth,checkpoint/2026-05-09-16-48-43/checkpoint0014.pth
glare,0.0,1.0,0.0,1.7553383111953735,0.5935190916061401,0.6694818735122681,far_left,0.5,0.5,0.5,25,collision,151,zero,Blind zero-depth,checkpoint/2026-05-09-16-48-43/checkpoint0014.pth
glare,0.0,1.0,0.0,1.7350523471832275,0.6655126214027405,0.506963312625885,left,0.5,0.5,0.5,24,collision,152,zero,Blind zero-depth,checkpoint/2026-05-09-16-48-43/checkpoint0014.pth
glare,0.0,1.0,0.0,1.716889500617981,0.6739570498466492,0.6691918969154358,far_left,0.5,0.5,0.5,23,collision,153,zero,Blind zero-depth,checkpoint/2026-05-09-16-48-43/checkpoint0014.pth
glare,0.0,1.0,0.0,1.6961472034454346,0.6249353289604187,0.5198869705200195,left,0.5,0.5,0.5,25,collision,154,zero,Blind zero-depth,checkpoint/2026-05-09-16-48-43/checkpoint0014.pth
glare,0.0,1.0,0.0,1.7078547477722168,0.637826144695282,0.5412577986717224,left,0.5,0.5,0.5,24,collision,155,zero,Blind zero-depth,checkpoint/2026-05-09-16-48-43/checkpoint0014.pth
glare,0.0,1.0,0.0,1.7165169715881348,0.6168029308319092,0.5448737144470215,left,0.5,0.5,0.5,25,collision,156,zero,Blind zero-depth,checkpoint/2026-05-09-16-48-43/checkpoint0014.pth
glare,0.0,1.0,0.0,1.6924437284469604,0.6360087394714355,0.5181851983070374,right,0.5,0.5,0.5,24,collision,157,zero,Blind zero-depth,checkpoint/2026-05-09-16-48-43/checkpoint0014.pth
glare,0.0,1.0,0.0,1.7882879972457886,0.602225661277771,0.6685655117034912,far_left,0.5,0.5,0.5,25,collision,158,zero,Blind zero-depth,checkpoint/2026-05-09-16-48-43/checkpoint0014.pth
glare,0.0,1.0,0.0,1.754842758178711,0.6357768774032593,0.6112369298934937,far_right,0.5,0.5,0.5,24,collision,159,zero,Blind zero-depth,checkpoint/2026-05-09-16-48-43/checkpoint0014.pth
glare,0.0,1.0,0.0,1.7201169729232788,0.6610267162322998,0.5401759147644043,left,0.5,0.5,0.5,24,collision,160,zero,Blind zero-depth,checkpoint/2026-05-09-16-48-43/checkpoint0014.pth
glare,0.0,1.0,0.0,1.7206610441207886,0.6142498254776001,0.5638262033462524,right,0.5,0.5,0.5,25,collision,161,zero,Blind zero-depth,checkpoint/2026-05-09-16-48-43/checkpoint0014.pth
glare,1.0,0.0,1.0,0.1394098401069641,0.5819513201713562,0.7688754200935364,left,0.5,0.5,0.5,60,timeout,162,zero,Blind zero-depth,checkpoint/2026-05-09-16-48-43/checkpoint0014.pth
glare,0.0,1.0,0.0,1.788326382637024,0.6372890472412109,0.534709095954895,right,0.5,0.5,0.5,23,collision,163,zero,Blind zero-depth,checkpoint/2026-05-09-16-48-43/checkpoint0014.pth
glare,0.0,1.0,0.0,1.7908574342727661,0.6360756754875183,0.6394882202148438,far_left,0.5,0.5,0.5,22,collision,164,zero,Blind zero-depth,checkpoint/2026-05-09-16-48-43/checkpoint0014.pth
glare,0.0,1.0,0.0,1.7962816953659058,0.6178434491157532,0.6081609725952148,far_left,0.5,0.5,0.5,24,collision,165,zero,Blind zero-depth,checkpoint/2026-05-09-16-48-43/checkpoint0014.pth
glare,0.0,1.0,0.0,1.7944657802581787,0.6220684051513672,0.6814696788787842,far_left,0.5,0.5,0.5,23,collision,166,zero,Blind zero-depth,checkpoint/2026-05-09-16-48-43/checkpoint0014.pth
glare,0.0,1.0,0.0,1.7739888429641724,0.6392452120780945,0.5970644354820251,far_right,0.5,0.5,0.5,23,collision,167,zero,Blind zero-depth,checkpoint/2026-05-09-16-48-43/checkpoint0014.pth
glare,0.0,1.0,0.0,1.7457897663116455,0.618969202041626,0.6452483534812927,far_right,0.5,0.5,0.5,24,collision,168,zero,Blind zero-depth,checkpoint/2026-05-09-16-48-43/checkpoint0014.pth
glare,0.0,1.0,0.0,1.7196199893951416,0.630542516708374,0.6390396356582642,far_left,0.5,0.5,0.5,25,collision,169,zero,Blind zero-depth,checkpoint/2026-05-09-16-48-43/checkpoint0014.pth
glare,0.0,1.0,0.0,1.7898958921432495,0.6464653015136719,0.5209517478942871,right,0.5,0.5,0.5,23,collision,170,zero,Blind zero-depth,checkpoint/2026-05-09-16-48-43/checkpoint0014.pth
glare,0.0,1.0,0.0,1.6824965476989746,0.613287627696991,0.5025231242179871,right,0.5,0.5,0.5,26,collision,171,zero,Blind zero-depth,checkpoint/2026-05-09-16-48-43/checkpoint0014.pth
glare,0.0,1.0,0.0,1.7572673559188843,0.5901018381118774,0.5477973222732544,right,0.5,0.5,0.5,25,collision,172,zero,Blind zero-depth,checkpoint/2026-05-09-16-48-43/checkpoint0014.pth
glare,0.0,1.0,0.0,1.8096688985824585,0.6294752359390259,0.5558383464813232,left,0.5,0.5,0.5,23,collision,173,zero,Blind zero-depth,checkpoint/2026-05-09-16-48-43/checkpoint0014.pth
glare,0.0,1.0,0.0,1.7539461851119995,0.6014044880867004,0.6468344926834106,far_right,0.5,0.5,0.5,26,collision,174,zero,Blind zero-depth,checkpoint/2026-05-09-16-48-43/checkpoint0014.pth
glare,1.0,0.0,1.0,0.09231279045343399,0.5931511521339417,0.7676625847816467,left,0.5,0.5,0.5,60,timeout,175,zero,Blind zero-depth,checkpoint/2026-05-09-16-48-43/checkpoint0014.pth
glare,0.0,1.0,0.0,1.7265352010726929,0.6428430676460266,0.634894609451294,far_left,0.5,0.5,0.5,24,collision,176,zero,Blind zero-depth,checkpoint/2026-05-09-16-48-43/checkpoint0014.pth
glare,0.0,1.0,0.0,1.7308063507080078,0.6683817505836487,0.5546020269393921,right,0.5,0.5,0.5,23,collision,177,zero,Blind zero-depth,checkpoint/2026-05-09-16-48-43/checkpoint0014.pth
glare,0.0,1.0,0.0,1.7951186895370483,0.6402379274368286,0.6534091234207153,far_left,0.5,0.5,0.5,23,collision,178,zero,Blind zero-depth,checkpoint/2026-05-09-16-48-43/checkpoint0014.pth
glare,0.0,1.0,0.0,1.7757726907730103,0.6324620842933655,0.5998855829238892,far_left,0.5,0.5,0.5,23,collision,179,zero,Blind zero-depth,checkpoint/2026-05-09-16-48-43/checkpoint0014.pth
glare,0.0,1.0,0.0,1.7830030918121338,0.6036605834960938,0.6175963282585144,far_left,0.5,0.5,0.5,24,collision,180,zero,Blind zero-depth,checkpoint/2026-05-09-16-48-43/checkpoint0014.pth
glare,0.0,1.0,0.0,1.722366452217102,0.6508892774581909,0.6606594920158386,far_right,0.5,0.5,0.5,24,collision,181,zero,Blind zero-depth,checkpoint/2026-05-09-16-48-43/checkpoint0014.pth
glare,0.0,1.0,0.0,1.7115751504898071,0.6386848092079163,0.5129076242446899,right,0.5,0.5,0.5,24,collision,182,zero,Blind zero-depth,checkpoint/2026-05-09-16-48-43/checkpoint0014.pth
glare,0.0,1.0,0.0,1.7199910879135132,0.6531224250793457,0.5973077416419983,far_right,0.5,0.5,0.5,23,collision,183,zero,Blind zero-depth,checkpoint/2026-05-09-16-48-43/checkpoint0014.pth
glare,0.0,1.0,0.0,1.7435210943222046,0.641875684261322,0.6837887763977051,far_right,0.5,0.5,0.5,24,collision,184,zero,Blind zero-depth,checkpoint/2026-05-09-16-48-43/checkpoint0014.pth
glare,0.0,1.0,0.0,1.708219051361084,0.6772878170013428,0.6854745745658875,far_right,0.5,0.5,0.5,23,collision,185,zero,Blind zero-depth,checkpoint/2026-05-09-16-48-43/checkpoint0014.pth
glare,0.0,1.0,0.0,1.7617350816726685,0.6299408078193665,0.547812283039093,left,0.5,0.5,0.5,24,collision,186,zero,Blind zero-depth,checkpoint/2026-05-09-16-48-43/checkpoint0014.pth
glare,0.0,1.0,0.0,1.7897707223892212,0.6027897596359253,0.553819477558136,left,0.5,0.5,0.5,24,collision,187,zero,Blind zero-depth,checkpoint/2026-05-09-16-48-43/checkpoint0014.pth
glare,0.0,1.0,0.0,1.7435137033462524,0.6312807202339172,0.6570174098014832,far_left,0.5,0.5,0.5,24,collision,188,zero,Blind zero-depth,checkpoint/2026-05-09-16-48-43/checkpoint0014.pth
glare,0.0,1.0,0.0,1.8072792291641235,0.6523548364639282,0.5496858358383179,right,0.5,0.5,0.5,22,collision,189,zero,Blind zero-depth,checkpoint/2026-05-09-16-48-43/checkpoint0014.pth
glare,0.0,1.0,0.0,1.7056158781051636,0.6554357409477234,0.5113872289657593,right,0.5,0.5,0.5,25,collision,190,zero,Blind zero-depth,checkpoint/2026-05-09-16-48-43/checkpoint0014.pth
glare,0.0,1.0,0.0,1.7745801210403442,0.630702555179596,0.6037766933441162,far_left,0.5,0.5,0.5,24,collision,191,zero,Blind zero-depth,checkpoint/2026-05-09-16-48-43/checkpoint0014.pth
glare,1.0,0.0,1.0,0.04187644645571709,0.6044098138809204,0.7777199149131775,right,0.5,0.5,0.5,60,timeout,192,zero,Blind zero-depth,checkpoint/2026-05-09-16-48-43/checkpoint0014.pth
glare,0.0,1.0,0.0,1.7816343307495117,0.62615567445755,0.6141618490219116,far_left,0.5,0.5,0.5,24,collision,193,zero,Blind zero-depth,checkpoint/2026-05-09-16-48-43/checkpoint0014.pth
glare,0.0,1.0,0.0,1.7565919160842896,0.6343024373054504,0.6263744235038757,far_left,0.5,0.5,0.5,23,collision,194,zero,Blind zero-depth,checkpoint/2026-05-09-16-48-43/checkpoint0014.pth
glare,0.0,1.0,0.0,1.7204358577728271,0.6760434508323669,0.5888441205024719,left,0.5,0.5,0.5,23,collision,195,zero,Blind zero-depth,checkpoint/2026-05-09-16-48-43/checkpoint0014.pth
glare,0.0,1.0,0.0,1.8083972930908203,0.6263130307197571,0.6860137581825256,far_left,0.5,0.5,0.5,23,collision,196,zero,Blind zero-depth,checkpoint/2026-05-09-16-48-43/checkpoint0014.pth
glare,0.0,1.0,0.0,1.7806071043014526,0.616447389125824,0.6007195711135864,far_right,0.5,0.5,0.5,24,collision,197,zero,Blind zero-depth,checkpoint/2026-05-09-16-48-43/checkpoint0014.pth
glare,0.0,1.0,0.0,1.7288646697998047,0.6378450393676758,0.5988703370094299,far_left,0.5,0.5,0.5,24,collision,198,zero,Blind zero-depth,checkpoint/2026-05-09-16-48-43/checkpoint0014.pth
glare,0.0,1.0,0.0,1.7420401573181152,0.6251174211502075,0.6800208687782288,far_right,0.5,0.5,0.5,24,collision,199,zero,Blind zero-depth,checkpoint/2026-05-09-16-48-43/checkpoint0014.pth
glare,0.0,1.0,0.0,1.6988791227340698,0.6496669054031372,0.5254818797111511,left,0.5,0.5,0.5,24,collision,200,zero,Blind zero-depth,checkpoint/2026-05-09-16-48-43/checkpoint0014.pth
glare,0.0,1.0,0.0,1.7629274129867554,0.6517758965492249,0.6508838534355164,far_right,0.5,0.5,0.5,23,collision,201,zero,Blind zero-depth,checkpoint/2026-05-09-16-48-43/checkpoint0014.pth
glare,1.0,0.0,1.0,0.15425454080104828,0.5815345048904419,0.7692540287971497,left,0.5,0.5,0.5,60,timeout,202,zero,Blind zero-depth,checkpoint/2026-05-09-16-48-43/checkpoint0014.pth
glare,0.0,1.0,0.0,1.80118727684021,0.6303079128265381,0.6406438946723938,far_left,0.5,0.5,0.5,24,collision,203,zero,Blind zero-depth,checkpoint/2026-05-09-16-48-43/checkpoint0014.pth
glare,0.0,1.0,0.0,1.751024842262268,0.6368160247802734,0.5853273868560791,right,0.5,0.5,0.5,24,collision,204,zero,Blind zero-depth,checkpoint/2026-05-09-16-48-43/checkpoint0014.pth
glare,0.0,1.0,0.0,1.7629859447479248,0.6259816884994507,0.6621062159538269,far_right,0.5,0.5,0.5,24,collision,205,zero,Blind zero-depth,checkpoint/2026-05-09-16-48-43/checkpoint0014.pth
glare,0.0,1.0,0.0,1.7561123371124268,0.6246628165245056,0.5526180267333984,right,0.5,0.5,0.5,24,collision,206,zero,Blind zero-depth,checkpoint/2026-05-09-16-48-43/checkpoint0014.pth
glare,0.0,1.0,0.0,1.7686810493469238,0.6571668386459351,0.6680945754051208,far_right,0.5,0.5,0.5,24,collision,207,zero,Blind zero-depth,checkpoint/2026-05-09-16-48-43/checkpoint0014.pth
glare,0.0,1.0,0.0,1.7294286489486694,0.6525704860687256,0.6214460134506226,far_right,0.5,0.5,0.5,24,collision,208,zero,Blind zero-depth,checkpoint/2026-05-09-16-48-43/checkpoint0014.pth
glare,0.0,1.0,0.0,1.7325944900512695,0.655558168888092,0.523078978061676,left,0.5,0.5,0.5,24,collision,209,zero,Blind zero-depth,checkpoint/2026-05-09-16-48-43/checkpoint0014.pth
glare,0.0,1.0,0.0,1.739784836769104,0.6359748840332031,0.6824907064437866,far_left,0.5,0.5,0.5,25,collision,210,zero,Blind zero-depth,checkpoint/2026-05-09-16-48-43/checkpoint0014.pth
glare,0.0,1.0,0.0,1.7636611461639404,0.6222218871116638,0.6232953667640686,far_right,0.5,0.5,0.5,24,collision,211,zero,Blind zero-depth,checkpoint/2026-05-09-16-48-43/checkpoint0014.pth
glare,0.0,1.0,0.0,1.777256727218628,0.61859130859375,0.5525110363960266,right,0.5,0.5,0.5,24,collision,212,zero,Blind zero-depth,checkpoint/2026-05-09-16-48-43/checkpoint0014.pth
glare,0.0,1.0,0.0,1.7518295049667358,0.6324812769889832,0.5170466303825378,left,0.5,0.5,0.5,24,collision,213,zero,Blind zero-depth,checkpoint/2026-05-09-16-48-43/checkpoint0014.pth
glare,0.0,1.0,0.0,1.790588140487671,0.6159077882766724,0.6462987661361694,far_left,0.5,0.5,0.5,24,collision,214,zero,Blind zero-depth,checkpoint/2026-05-09-16-48-43/checkpoint0014.pth
glare,0.0,1.0,0.0,1.7743282318115234,0.6086597442626953,0.5387040376663208,right,0.5,0.5,0.5,24,collision,215,zero,Blind zero-depth,checkpoint/2026-05-09-16-48-43/checkpoint0014.pth
glare,0.0,1.0,0.0,1.788598895072937,0.6585941314697266,0.598903238773346,far_right,0.5,0.5,0.5,22,collision,216,zero,Blind zero-depth,checkpoint/2026-05-09-16-48-43/checkpoint0014.pth
glare,0.0,1.0,0.0,1.7019015550613403,0.6517942547798157,0.525941014289856,right,0.5,0.5,0.5,24,collision,217,zero,Blind zero-depth,checkpoint/2026-05-09-16-48-43/checkpoint0014.pth
glare,0.0,1.0,0.0,1.7409143447875977,0.6387488842010498,0.6133944392204285,far_right,0.5,0.5,0.5,24,collision,218,zero,Blind zero-depth,checkpoint/2026-05-09-16-48-43/checkpoint0014.pth
glare,0.0,1.0,0.0,1.7121387720108032,0.6430379152297974,0.6728437542915344,far_right,0.5,0.5,0.5,24,collision,219,zero,Blind zero-depth,checkpoint/2026-05-09-16-48-43/checkpoint0014.pth
glare,0.0,1.0,0.0,1.7162257432937622,0.6759867668151855,0.6727233529090881,far_left,0.5,0.5,0.5,23,collision,220,zero,Blind zero-depth,checkpoint/2026-05-09-16-48-43/checkpoint0014.pth
glare,0.0,1.0,0.0,1.757273554801941,0.6319999098777771,0.6674906611442566,far_left,0.5,0.5,0.5,24,collision,221,zero,Blind zero-depth,checkpoint/2026-05-09-16-48-43/checkpoint0014.pth
glare,0.0,1.0,0.0,1.7953585386276245,0.6117028594017029,0.6229368448257446,far_right,0.5,0.5,0.5,24,collision,222,zero,Blind zero-depth,checkpoint/2026-05-09-16-48-43/checkpoint0014.pth
glare,0.0,1.0,0.0,1.7161998748779297,0.6224849224090576,0.5161314010620117,right,0.5,0.5,0.5,25,collision,223,zero,Blind zero-depth,checkpoint/2026-05-09-16-48-43/checkpoint0014.pth
glare,0.0,1.0,0.0,1.7116620540618896,0.6214213371276855,0.6443202495574951,far_right,0.5,0.5,0.5,25,collision,224,zero,Blind zero-depth,checkpoint/2026-05-09-16-48-43/checkpoint0014.pth
glare,0.0,1.0,0.0,1.7270433902740479,0.6623726487159729,0.5604682564735413,right,0.5,0.5,0.5,24,collision,225,zero,Blind zero-depth,checkpoint/2026-05-09-16-48-43/checkpoint0014.pth
glare,0.0,1.0,0.0,1.8046777248382568,0.6221626400947571,0.6500981450080872,far_right,0.5,0.5,0.5,24,collision,226,zero,Blind zero-depth,checkpoint/2026-05-09-16-48-43/checkpoint0014.pth
glare,0.0,1.0,0.0,1.7460541725158691,0.6445348858833313,0.6852984428405762,far_left,0.5,0.5,0.5,24,collision,227,zero,Blind zero-depth,checkpoint/2026-05-09-16-48-43/checkpoint0014.pth
glare,0.0,1.0,0.0,1.7751514911651611,0.6222139000892639,0.5484098196029663,right,0.5,0.5,0.5,24,collision,228,zero,Blind zero-depth,checkpoint/2026-05-09-16-48-43/checkpoint0014.pth
glare,0.0,1.0,0.0,1.7231465578079224,0.6200096607208252,0.563751757144928,right,0.5,0.5,0.5,24,collision,229,zero,Blind zero-depth,checkpoint/2026-05-09-16-48-43/checkpoint0014.pth
glare,0.0,1.0,0.0,1.7484827041625977,0.6414794921875,0.5256768465042114,left,0.5,0.5,0.5,24,collision,230,zero,Blind zero-depth,checkpoint/2026-05-09-16-48-43/checkpoint0014.pth
glare,0.0,1.0,0.0,1.8091332912445068,0.629824161529541,0.649075448513031,far_left,0.5,0.5,0.5,23,collision,231,zero,Blind zero-depth,checkpoint/2026-05-09-16-48-43/checkpoint0014.pth
glare,0.0,1.0,0.0,1.7774585485458374,0.5916560888290405,0.5405658483505249,left,0.5,0.5,0.5,24,collision,232,zero,Blind zero-depth,checkpoint/2026-05-09-16-48-43/checkpoint0014.pth
glare,0.0,1.0,0.0,1.7706812620162964,0.6286006569862366,0.6657922863960266,far_left,0.5,0.5,0.5,24,collision,233,zero,Blind zero-depth,checkpoint/2026-05-09-16-48-43/checkpoint0014.pth
glare,0.0,1.0,0.0,1.7347854375839233,0.6532192230224609,0.6725418567657471,far_right,0.5,0.5,0.5,24,collision,234,zero,Blind zero-depth,checkpoint/2026-05-09-16-48-43/checkpoint0014.pth
glare,0.0,1.0,0.0,1.7285404205322266,0.6564387679100037,0.5654690265655518,right,0.5,0.5,0.5,24,collision,235,zero,Blind zero-depth,checkpoint/2026-05-09-16-48-43/checkpoint0014.pth
glare,0.0,1.0,0.0,1.7936335802078247,0.6065704822540283,0.6382976174354553,far_right,0.5,0.5,0.5,24,collision,236,zero,Blind zero-depth,checkpoint/2026-05-09-16-48-43/checkpoint0014.pth
glare,0.0,1.0,0.0,1.784488320350647,0.6524271965026855,0.5428240895271301,right,0.5,0.5,0.5,23,collision,237,zero,Blind zero-depth,checkpoint/2026-05-09-16-48-43/checkpoint0014.pth
glare,0.0,1.0,0.0,1.7663836479187012,0.644525945186615,0.5973603129386902,far_left,0.5,0.5,0.5,23,collision,238,zero,Blind zero-depth,checkpoint/2026-05-09-16-48-43/checkpoint0014.pth
glare,0.0,1.0,0.0,1.7599494457244873,0.6364598870277405,0.6520795822143555,far_right,0.5,0.5,0.5,24,collision,239,zero,Blind zero-depth,checkpoint/2026-05-09-16-48-43/checkpoint0014.pth
glare,0.0,1.0,0.0,1.7365018129348755,0.6450120806694031,0.6679813861846924,far_right,0.5,0.5,0.5,24,collision,240,zero,Blind zero-depth,checkpoint/2026-05-09-16-48-43/checkpoint0014.pth
glare,0.0,1.0,0.0,1.798844814300537,0.6096164584159851,0.6074098348617554,far_right,0.5,0.5,0.5,25,collision,241,zero,Blind zero-depth,checkpoint/2026-05-09-16-48-43/checkpoint0014.pth
glare,0.0,1.0,0.0,1.7735705375671387,0.6158311367034912,0.5675384998321533,far_right,0.5,0.5,0.5,24,collision,242,zero,Blind zero-depth,checkpoint/2026-05-09-16-48-43/checkpoint0014.pth
glare,0.0,1.0,0.0,1.7584965229034424,0.6414299607276917,0.6325231790542603,far_left,0.5,0.5,0.5,24,collision,243,zero,Blind zero-depth,checkpoint/2026-05-09-16-48-43/checkpoint0014.pth
glare,0.0,1.0,0.0,1.733138918876648,0.6151680946350098,0.5724645853042603,right,0.5,0.5,0.5,25,collision,244,zero,Blind zero-depth,checkpoint/2026-05-09-16-48-43/checkpoint0014.pth
glare,0.0,1.0,0.0,1.7141085863113403,0.6469104886054993,0.5283628106117249,left,0.5,0.5,0.5,24,collision,245,zero,Blind zero-depth,checkpoint/2026-05-09-16-48-43/checkpoint0014.pth
glare,0.0,1.0,0.0,1.7776150703430176,0.6216838359832764,0.5715751647949219,right,0.5,0.5,0.5,23,collision,246,zero,Blind zero-depth,checkpoint/2026-05-09-16-48-43/checkpoint0014.pth
glare,0.0,1.0,0.0,1.796707034111023,0.6072542667388916,0.6657685041427612,far_right,0.5,0.5,0.5,25,collision,247,zero,Blind zero-depth,checkpoint/2026-05-09-16-48-43/checkpoint0014.pth
glare,0.0,1.0,0.0,1.797329306602478,0.6144436597824097,0.6156023740768433,far_right,0.5,0.5,0.5,24,collision,248,zero,Blind zero-depth,checkpoint/2026-05-09-16-48-43/checkpoint0014.pth
glare,0.0,1.0,0.0,1.8066953420639038,0.6532953977584839,0.6680410504341125,far_right,0.5,0.5,0.5,23,collision,249,zero,Blind zero-depth,checkpoint/2026-05-09-16-48-43/checkpoint0014.pth
glare,0.0,1.0,0.0,1.7088440656661987,0.6540653705596924,0.5068752765655518,left,0.5,0.5,0.5,24,collision,250,zero,Blind zero-depth,checkpoint/2026-05-09-16-48-43/checkpoint0014.pth
glare,0.0,1.0,0.0,1.74752676486969,0.6246017217636108,0.5424215197563171,left,0.5,0.5,0.5,24,collision,251,zero,Blind zero-depth,checkpoint/2026-05-09-16-48-43/checkpoint0014.pth
glare,0.0,1.0,0.0,1.7858004570007324,0.6269890069961548,0.5474789142608643,left,0.5,0.5,0.5,24,collision,252,zero,Blind zero-depth,checkpoint/2026-05-09-16-48-43/checkpoint0014.pth
glare,0.0,1.0,0.0,1.756093144416809,0.6257628798484802,0.5477759838104248,right,0.5,0.5,0.5,23,collision,253,zero,Blind zero-depth,checkpoint/2026-05-09-16-48-43/checkpoint0014.pth
glare,0.0,1.0,0.0,1.79530668258667,0.5957562923431396,0.5949577689170837,far_left,0.5,0.5,0.5,24,collision,254,zero,Blind zero-depth,checkpoint/2026-05-09-16-48-43/checkpoint0014.pth
glare,0.0,1.0,0.0,1.702154278755188,0.6402307748794556,0.5965240001678467,far_left,0.5,0.5,0.5,24,collision,255,zero,Blind zero-depth,checkpoint/2026-05-09-16-48-43/checkpoint0014.pth
glare,0.0,1.0,0.0,1.7223211526870728,0.6357289552688599,0.552842915058136,right,0.5,0.5,0.5,25,collision,256,zero,Blind zero-depth,checkpoint/2026-05-09-16-48-43/checkpoint0014.pth
glare,0.0,1.0,0.0,1.7063069343566895,0.6555508971214294,0.5624182224273682,left,0.5,0.5,0.5,24,collision,257,zero,Blind zero-depth,checkpoint/2026-05-09-16-48-43/checkpoint0014.pth
glare,0.0,1.0,0.0,1.7776374816894531,0.6207805275917053,0.5594115257263184,right,0.5,0.5,0.5,24,collision,258,zero,Blind zero-depth,checkpoint/2026-05-09-16-48-43/checkpoint0014.pth
glare,0.0,1.0,0.0,1.7602248191833496,0.6434836983680725,0.6650563478469849,far_left,0.5,0.5,0.5,24,collision,259,zero,Blind zero-depth,checkpoint/2026-05-09-16-48-43/checkpoint0014.pth
glare,0.0,1.0,0.0,1.8062994480133057,0.6300123333930969,0.5576797127723694,right,0.5,0.5,0.5,23,collision,260,zero,Blind zero-depth,checkpoint/2026-05-09-16-48-43/checkpoint0014.pth
glare,0.0,1.0,0.0,1.7051148414611816,0.651713490486145,0.6632322072982788,far_left,0.5,0.5,0.5,24,collision,261,zero,Blind zero-depth,checkpoint/2026-05-09-16-48-43/checkpoint0014.pth
glare,0.0,1.0,0.0,1.7524261474609375,0.6037386655807495,0.6100561618804932,far_left,0.5,0.5,0.5,25,collision,262,zero,Blind zero-depth,checkpoint/2026-05-09-16-48-43/checkpoint0014.pth
glare,0.0,1.0,0.0,1.7581241130828857,0.6232466101646423,0.6677737832069397,far_right,0.5,0.5,0.5,24,collision,263,zero,Blind zero-depth,checkpoint/2026-05-09-16-48-43/checkpoint0014.pth
glare,0.0,1.0,0.0,1.783982276916504,0.6244154572486877,0.6085004210472107,far_right,0.5,0.5,0.5,23,collision,264,zero,Blind zero-depth,checkpoint/2026-05-09-16-48-43/checkpoint0014.pth
glare,0.0,1.0,0.0,1.7342612743377686,0.6326626539230347,0.6727430820465088,far_left,0.5,0.5,0.5,24,collision,265,zero,Blind zero-depth,checkpoint/2026-05-09-16-48-43/checkpoint0014.pth
glare,0.0,1.0,0.0,1.8103089332580566,0.641218364238739,0.6224509477615356,far_left,0.5,0.5,0.5,22,collision,266,zero,Blind zero-depth,checkpoint/2026-05-09-16-48-43/checkpoint0014.pth
glare,0.0,1.0,0.0,1.7951693534851074,0.625125527381897,0.6392900347709656,far_left,0.5,0.5,0.5,23,collision,267,zero,Blind zero-depth,checkpoint/2026-05-09-16-48-43/checkpoint0014.pth
glare,0.0,1.0,0.0,1.771977186203003,0.6253753900527954,0.6465441584587097,far_left,0.5,0.5,0.5,24,collision,268,zero,Blind zero-depth,checkpoint/2026-05-09-16-48-43/checkpoint0014.pth
glare,0.0,1.0,0.0,1.6890789270401,0.6428646445274353,0.4941527247428894,left,0.5,0.5,0.5,25,collision,269,zero,Blind zero-depth,checkpoint/2026-05-09-16-48-43/checkpoint0014.pth
glare,0.0,1.0,0.0,1.757629156112671,0.5997889041900635,0.55823814868927,left,0.5,0.5,0.5,25,collision,270,zero,Blind zero-depth,checkpoint/2026-05-09-16-48-43/checkpoint0014.pth
glare,0.0,1.0,0.0,1.7540283203125,0.6554651260375977,0.6136034727096558,far_right,0.5,0.5,0.5,23,collision,271,zero,Blind zero-depth,checkpoint/2026-05-09-16-48-43/checkpoint0014.pth
glare,0.0,1.0,0.0,1.6981362104415894,0.6439610719680786,0.5034240484237671,left,0.5,0.5,0.5,25,collision,272,zero,Blind zero-depth,checkpoint/2026-05-09-16-48-43/checkpoint0014.pth
glare,0.0,1.0,0.0,1.6966822147369385,0.6556609869003296,0.6087711453437805,far_right,0.5,0.5,0.5,24,collision,273,zero,Blind zero-depth,checkpoint/2026-05-09-16-48-43/checkpoint0014.pth
glare,0.0,1.0,0.0,1.6941341161727905,0.6402629017829895,0.5848618745803833,far_left,0.5,0.5,0.5,24,collision,274,zero,Blind zero-depth,checkpoint/2026-05-09-16-48-43/checkpoint0014.pth
glare,0.0,1.0,0.0,1.7795122861862183,0.6293622851371765,0.6728811860084534,far_right,0.5,0.5,0.5,23,collision,275,zero,Blind zero-depth,checkpoint/2026-05-09-16-48-43/checkpoint0014.pth
glare,0.0,1.0,0.0,1.7467187643051147,0.6393072605133057,0.6139228940010071,far_left,0.5,0.5,0.5,24,collision,276,zero,Blind zero-depth,checkpoint/2026-05-09-16-48-43/checkpoint0014.pth
glare,0.0,1.0,0.0,1.7244611978530884,0.6492993831634521,0.6264863014221191,far_right,0.5,0.5,0.5,23,collision,277,zero,Blind zero-depth,checkpoint/2026-05-09-16-48-43/checkpoint0014.pth
glare,0.0,1.0,0.0,1.7657556533813477,0.6436112523078918,0.6068892478942871,far_right,0.5,0.5,0.5,23,collision,278,zero,Blind zero-depth,checkpoint/2026-05-09-16-48-43/checkpoint0014.pth
glare,0.0,1.0,0.0,1.716245174407959,0.6753076314926147,0.5081742405891418,left,0.5,0.5,0.5,23,collision,279,zero,Blind zero-depth,checkpoint/2026-05-09-16-48-43/checkpoint0014.pth
glare,0.0,1.0,0.0,1.6829075813293457,0.6606111526489258,0.5090076923370361,right,0.5,0.5,0.5,24,collision,280,zero,Blind zero-depth,checkpoint/2026-05-09-16-48-43/checkpoint0014.pth
glare,0.0,1.0,0.0,1.769394040107727,0.6183531284332275,0.5758038759231567,left,0.5,0.5,0.5,24,collision,281,zero,Blind zero-depth,checkpoint/2026-05-09-16-48-43/checkpoint0014.pth
glare,0.0,1.0,0.0,1.7492865324020386,0.6052176356315613,0.5795718431472778,far_right,0.5,0.5,0.5,25,collision,282,zero,Blind zero-depth,checkpoint/2026-05-09-16-48-43/checkpoint0014.pth
glare,0.0,1.0,0.0,1.8000324964523315,0.6329296231269836,0.6128221154212952,far_left,0.5,0.5,0.5,24,collision,283,zero,Blind zero-depth,checkpoint/2026-05-09-16-48-43/checkpoint0014.pth
glare,0.0,1.0,0.0,1.7643324136734009,0.6224405169487,0.5279664993286133,left,0.5,0.5,0.5,24,collision,284,zero,Blind zero-depth,checkpoint/2026-05-09-16-48-43/checkpoint0014.pth
glare,0.0,1.0,0.0,1.769375205039978,0.6532095670700073,0.6616819500923157,far_right,0.5,0.5,0.5,23,collision,285,zero,Blind zero-depth,checkpoint/2026-05-09-16-48-43/checkpoint0014.pth
glare,0.0,1.0,0.0,1.7021228075027466,0.6581715941429138,0.5450004935264587,right,0.5,0.5,0.5,24,collision,286,zero,Blind zero-depth,checkpoint/2026-05-09-16-48-43/checkpoint0014.pth
glare,0.0,1.0,0.0,1.7698650360107422,0.6132044792175293,0.6530430316925049,far_left,0.5,0.5,0.5,25,collision,287,zero,Blind zero-depth,checkpoint/2026-05-09-16-48-43/checkpoint0014.pth
glare,0.0,1.0,0.0,1.6753004789352417,0.64144366979599,0.5019170045852661,left,0.5,0.5,0.5,25,collision,288,zero,Blind zero-depth,checkpoint/2026-05-09-16-48-43/checkpoint0014.pth
glare,0.0,1.0,0.0,1.7639268636703491,0.6050212383270264,0.6020594239234924,far_right,0.5,0.5,0.5,24,collision,289,zero,Blind zero-depth,checkpoint/2026-05-09-16-48-43/checkpoint0014.pth
glare,0.0,1.0,0.0,1.7009055614471436,0.6293681859970093,0.5442889928817749,right,0.5,0.5,0.5,25,collision,290,zero,Blind zero-depth,checkpoint/2026-05-09-16-48-43/checkpoint0014.pth
glare,0.0,1.0,0.0,1.785457968711853,0.6236622929573059,0.5687408447265625,left,0.5,0.5,0.5,23,collision,291,zero,Blind zero-depth,checkpoint/2026-05-09-16-48-43/checkpoint0014.pth
glare,0.0,1.0,0.0,1.8073190450668335,0.6139335036277771,0.5781627297401428,right,0.5,0.5,0.5,24,collision,292,zero,Blind zero-depth,checkpoint/2026-05-09-16-48-43/checkpoint0014.pth
glare,0.0,1.0,0.0,1.6284641027450562,0.646939218044281,0.5006539225578308,left,0.5,0.5,0.5,26,collision,293,zero,Blind zero-depth,checkpoint/2026-05-09-16-48-43/checkpoint0014.pth
glare,0.0,1.0,0.0,1.7112774848937988,0.6560055613517761,0.5902841091156006,right,0.5,0.5,0.5,24,collision,294,zero,Blind zero-depth,checkpoint/2026-05-09-16-48-43/checkpoint0014.pth
glare,0.0,1.0,0.0,1.7226063013076782,0.6481422185897827,0.5486769080162048,right,0.5,0.5,0.5,23,collision,295,zero,Blind zero-depth,checkpoint/2026-05-09-16-48-43/checkpoint0014.pth
glare,0.0,1.0,0.0,1.7131513357162476,0.6463919281959534,0.5325332283973694,left,0.5,0.5,0.5,24,collision,296,zero,Blind zero-depth,checkpoint/2026-05-09-16-48-43/checkpoint0014.pth
glare,0.0,1.0,0.0,1.791130781173706,0.6000832319259644,0.5663761496543884,right,0.5,0.5,0.5,25,collision,297,zero,Blind zero-depth,checkpoint/2026-05-09-16-48-43/checkpoint0014.pth
glare,0.0,1.0,0.0,1.7663342952728271,0.5935008525848389,0.5700352191925049,left,0.5,0.5,0.5,25,collision,298,zero,Blind zero-depth,checkpoint/2026-05-09-16-48-43/checkpoint0014.pth
glare,0.0,1.0,0.0,1.7967405319213867,0.61115962266922,0.6451889276504517,far_right,0.5,0.5,0.5,23,collision,299,zero,Blind zero-depth,checkpoint/2026-05-09-16-48-43/checkpoint0014.pth
specular,1.0,0.0,1.0,0.08965689688920975,0.592594563961029,0.844837486743927,right,0.5,0.5,0.5,60,timeout,0,zero,Blind zero-depth,checkpoint/2026-05-09-16-48-43/checkpoint0014.pth
specular,0.0,1.0,0.0,1.7839845418930054,0.6450148224830627,0.6486742496490479,left,0.5,0.5,0.5,23,collision,1,zero,Blind zero-depth,checkpoint/2026-05-09-16-48-43/checkpoint0014.pth
specular,0.0,1.0,0.0,1.8000675439834595,0.6329124569892883,0.6526857018470764,left,0.5,0.5,0.5,23,collision,2,zero,Blind zero-depth,checkpoint/2026-05-09-16-48-43/checkpoint0014.pth
specular,0.0,1.0,0.0,1.7869008779525757,0.6141976714134216,0.6939915418624878,far_left,0.5,0.5,0.5,24,collision,3,zero,Blind zero-depth,checkpoint/2026-05-09-16-48-43/checkpoint0014.pth
specular,1.0,0.0,1.0,0.06812095642089844,0.6057081818580627,0.8395110368728638,right,0.5,0.5,0.5,60,timeout,4,zero,Blind zero-depth,checkpoint/2026-05-09-16-48-43/checkpoint0014.pth
specular,0.0,1.0,0.0,1.6711500883102417,0.6748684644699097,0.6014358997344971,right,0.5,0.5,0.5,25,collision,5,zero,Blind zero-depth,checkpoint/2026-05-09-16-48-43/checkpoint0014.pth
specular,0.0,1.0,0.0,1.7393196821212769,0.6198226809501648,0.7386272549629211,far_right,0.5,0.5,0.5,24,collision,6,zero,Blind zero-depth,checkpoint/2026-05-09-16-48-43/checkpoint0014.pth
specular,0.0,1.0,0.0,1.721761703491211,0.6238440871238708,0.6466888189315796,left,0.5,0.5,0.5,24,collision,7,zero,Blind zero-depth,checkpoint/2026-05-09-16-48-43/checkpoint0014.pth
specular,0.0,1.0,0.0,1.7446752786636353,0.6054975986480713,0.765600860118866,far_left,0.5,0.5,0.5,25,collision,8,zero,Blind zero-depth,checkpoint/2026-05-09-16-48-43/checkpoint0014.pth
specular,0.0,1.0,0.0,1.7729175090789795,0.611503541469574,0.6734538674354553,far_left,0.5,0.5,0.5,24,collision,9,zero,Blind zero-depth,checkpoint/2026-05-09-16-48-43/checkpoint0014.pth
specular,0.0,1.0,0.0,1.8039538860321045,0.6318892240524292,0.6398621797561646,right,0.5,0.5,0.5,23,collision,10,zero,Blind zero-depth,checkpoint/2026-05-09-16-48-43/checkpoint0014.pth
specular,0.0,1.0,0.0,1.749754786491394,0.6443274021148682,0.6042232513427734,right,0.5,0.5,0.5,24,collision,11,zero,Blind zero-depth,checkpoint/2026-05-09-16-48-43/checkpoint0014.pth
specular,0.0,1.0,0.0,1.7982016801834106,0.5972569584846497,0.6299630403518677,right,0.5,0.5,0.5,24,collision,12,zero,Blind zero-depth,checkpoint/2026-05-09-16-48-43/checkpoint0014.pth
specular,1.0,0.0,1.0,0.1320647895336151,0.5989316701889038,0.8392000198364258,right,0.5,0.5,0.5,60,timeout,13,zero,Blind zero-depth,checkpoint/2026-05-09-16-48-43/checkpoint0014.pth
specular,0.0,1.0,0.0,1.7295588254928589,0.6297422647476196,0.7733872532844543,far_left,0.5,0.5,0.5,24,collision,14,zero,Blind zero-depth,checkpoint/2026-05-09-16-48-43/checkpoint0014.pth
specular,0.0,1.0,0.0,1.7354357242584229,0.6195945143699646,0.6473618745803833,left,0.5,0.5,0.5,24,collision,15,zero,Blind zero-depth,checkpoint/2026-05-09-16-48-43/checkpoint0014.pth
specular,0.0,1.0,0.0,1.7599751949310303,0.5946691036224365,0.7552927732467651,far_right,0.5,0.5,0.5,25,collision,16,zero,Blind zero-depth,checkpoint/2026-05-09-16-48-43/checkpoint0014.pth
specular,0.0,1.0,0.0,1.6553906202316284,0.664269745349884,0.6060537695884705,right,0.5,0.5,0.5,24,collision,17,zero,Blind zero-depth,checkpoint/2026-05-09-16-48-43/checkpoint0014.pth
specular,0.0,1.0,0.0,1.7266184091567993,0.6428610682487488,0.7317960262298584,far_right,0.5,0.5,0.5,24,collision,18,zero,Blind zero-depth,checkpoint/2026-05-09-16-48-43/checkpoint0014.pth
specular,0.0,1.0,0.0,1.7563285827636719,0.6595383882522583,0.6087108254432678,right,0.5,0.5,0.5,23,collision,19,zero,Blind zero-depth,checkpoint/2026-05-09-16-48-43/checkpoint0014.pth
specular,0.0,1.0,0.0,1.7594650983810425,0.6091535091400146,0.7728286981582642,far_right,0.5,0.5,0.5,25,collision,20,zero,Blind zero-depth,checkpoint/2026-05-09-16-48-43/checkpoint0014.pth
specular,0.0,1.0,0.0,1.7445937395095825,0.6130372881889343,0.6961686015129089,far_left,0.5,0.5,0.5,25,collision,21,zero,Blind zero-depth,checkpoint/2026-05-09-16-48-43/checkpoint0014.pth
specular,0.0,1.0,0.0,1.7742739915847778,0.6066300868988037,0.6414470672607422,right,0.5,0.5,0.5,23,collision,22,zero,Blind zero-depth,checkpoint/2026-05-09-16-48-43/checkpoint0014.pth
specular,0.0,1.0,0.0,1.7339582443237305,0.6279889345169067,0.6085195541381836,right,0.5,0.5,0.5,24,collision,23,zero,Blind zero-depth,checkpoint/2026-05-09-16-48-43/checkpoint0014.pth
specular,0.0,1.0,0.0,1.7809293270111084,0.6249566674232483,0.7334252595901489,far_right,0.5,0.5,0.5,24,collision,24,zero,Blind zero-depth,checkpoint/2026-05-09-16-48-43/checkpoint0014.pth
specular,0.0,1.0,0.0,1.7247000932693481,0.666960597038269,0.6515827178955078,far_right,0.5,0.5,0.5,24,collision,25,zero,Blind zero-depth,checkpoint/2026-05-09-16-48-43/checkpoint0014.pth
specular,0.0,1.0,0.0,1.7210949659347534,0.6380597352981567,0.6969794631004333,far_right,0.5,0.5,0.5,24,collision,26,zero,Blind zero-depth,checkpoint/2026-05-09-16-48-43/checkpoint0014.pth
specular,0.0,1.0,0.0,1.774684190750122,0.6287943720817566,0.7441437840461731,far_right,0.5,0.5,0.5,24,collision,27,zero,Blind zero-depth,checkpoint/2026-05-09-16-48-43/checkpoint0014.pth
specular,0.0,1.0,0.0,1.7865149974822998,0.6147827506065369,0.6489596366882324,right,0.5,0.5,0.5,24,collision,28,zero,Blind zero-depth,checkpoint/2026-05-09-16-48-43/checkpoint0014.pth
specular,0.0,1.0,0.0,1.8030885457992554,0.602764904499054,0.6194708943367004,left,0.5,0.5,0.5,24,collision,29,zero,Blind zero-depth,checkpoint/2026-05-09-16-48-43/checkpoint0014.pth
specular,0.0,1.0,0.0,1.7767062187194824,0.6134032607078552,0.7115602493286133,far_left,0.5,0.5,0.5,24,collision,30,zero,Blind zero-depth,checkpoint/2026-05-09-16-48-43/checkpoint0014.pth
specular,0.0,1.0,0.0,1.7358030080795288,0.6470991969108582,0.633126974105835,right,0.5,0.5,0.5,24,collision,31,zero,Blind zero-depth,checkpoint/2026-05-09-16-48-43/checkpoint0014.pth
specular,0.0,1.0,0.0,1.7809901237487793,0.6142114996910095,0.6813481450080872,far_right,0.5,0.5,0.5,24,collision,32,zero,Blind zero-depth,checkpoint/2026-05-09-16-48-43/checkpoint0014.pth
specular,0.0,1.0,0.0,1.7924082279205322,0.6146566867828369,0.6326426863670349,left,0.5,0.5,0.5,24,collision,33,zero,Blind zero-depth,checkpoint/2026-05-09-16-48-43/checkpoint0014.pth
specular,0.0,1.0,0.0,1.7221835851669312,0.6499187350273132,0.6676542162895203,far_right,0.5,0.5,0.5,24,collision,34,zero,Blind zero-depth,checkpoint/2026-05-09-16-48-43/checkpoint0014.pth
specular,0.0,1.0,0.0,1.7151479721069336,0.6554734110832214,0.6576150059700012,far_left,0.5,0.5,0.5,24,collision,35,zero,Blind zero-depth,checkpoint/2026-05-09-16-48-43/checkpoint0014.pth
specular,0.0,1.0,0.0,1.7881473302841187,0.6450071334838867,0.7078335881233215,far_right,0.5,0.5,0.5,23,collision,36,zero,Blind zero-depth,checkpoint/2026-05-09-16-48-43/checkpoint0014.pth
specular,0.0,1.0,0.0,1.716664433479309,0.6533449292182922,0.6365866661071777,left,0.5,0.5,0.5,24,collision,37,zero,Blind zero-depth,checkpoint/2026-05-09-16-48-43/checkpoint0014.pth
specular,0.0,1.0,0.0,1.7690653800964355,0.637704074382782,0.6102101802825928,left,0.5,0.5,0.5,23,collision,38,zero,Blind zero-depth,checkpoint/2026-05-09-16-48-43/checkpoint0014.pth
specular,0.0,1.0,0.0,1.771203875541687,0.6356673240661621,0.6857324838638306,far_left,0.5,0.5,0.5,24,collision,39,zero,Blind zero-depth,checkpoint/2026-05-09-16-48-43/checkpoint0014.pth
specular,0.0,1.0,0.0,1.7227116823196411,0.6647879481315613,0.6933199763298035,far_left,0.5,0.5,0.5,23,collision,40,zero,Blind zero-depth,checkpoint/2026-05-09-16-48-43/checkpoint0014.pth
specular,0.0,1.0,0.0,1.7888178825378418,0.6400511860847473,0.6381983757019043,left,0.5,0.5,0.5,23,collision,41,zero,Blind zero-depth,checkpoint/2026-05-09-16-48-43/checkpoint0014.pth
specular,0.0,1.0,0.0,1.7420670986175537,0.6424537897109985,0.7517613172531128,far_right,0.5,0.5,0.5,24,collision,42,zero,Blind zero-depth,checkpoint/2026-05-09-16-48-43/checkpoint0014.pth
specular,0.0,1.0,0.0,1.7198718786239624,0.6122604012489319,0.7152085900306702,far_right,0.5,0.5,0.5,24,collision,43,zero,Blind zero-depth,checkpoint/2026-05-09-16-48-43/checkpoint0014.pth
specular,0.0,1.0,0.0,1.7284269332885742,0.6578476428985596,0.6217604875564575,right,0.5,0.5,0.5,24,collision,44,zero,Blind zero-depth,checkpoint/2026-05-09-16-48-43/checkpoint0014.pth
specular,0.0,1.0,0.0,1.724179744720459,0.6459763646125793,0.6141493320465088,left,0.5,0.5,0.5,23,collision,45,zero,Blind zero-depth,checkpoint/2026-05-09-16-48-43/checkpoint0014.pth
specular,0.0,1.0,0.0,1.784803867340088,0.6114843487739563,0.6891244053840637,far_right,0.5,0.5,0.5,23,collision,46,zero,Blind zero-depth,checkpoint/2026-05-09-16-48-43/checkpoint0014.pth
specular,0.0,1.0,0.0,1.794042944908142,0.6338273286819458,0.6251775622367859,right,0.5,0.5,0.5,23,collision,47,zero,Blind zero-depth,checkpoint/2026-05-09-16-48-43/checkpoint0014.pth
specular,0.0,1.0,0.0,1.8026299476623535,0.6325095891952515,0.7134496569633484,far_left,0.5,0.5,0.5,23,collision,48,zero,Blind zero-depth,checkpoint/2026-05-09-16-48-43/checkpoint0014.pth
specular,0.0,1.0,0.0,1.7112160921096802,0.6759995222091675,0.7506290078163147,far_left,0.5,0.5,0.5,24,collision,49,zero,Blind zero-depth,checkpoint/2026-05-09-16-48-43/checkpoint0014.pth
specular,0.0,1.0,0.0,1.7786953449249268,0.6346784234046936,0.6460175514221191,right,0.5,0.5,0.5,23,collision,50,zero,Blind zero-depth,checkpoint/2026-05-09-16-48-43/checkpoint0014.pth
specular,0.0,1.0,0.0,1.7298805713653564,0.6659466624259949,0.7327375411987305,far_right,0.5,0.5,0.5,23,collision,51,zero,Blind zero-depth,checkpoint/2026-05-09-16-48-43/checkpoint0014.pth
specular,0.0,1.0,0.0,1.7956197261810303,0.6482836604118347,0.635843813419342,right,0.5,0.5,0.5,22,collision,52,zero,Blind zero-depth,checkpoint/2026-05-09-16-48-43/checkpoint0014.pth
specular,0.0,1.0,0.0,1.791312575340271,0.6276786923408508,0.6500158309936523,right,0.5,0.5,0.5,23,collision,53,zero,Blind zero-depth,checkpoint/2026-05-09-16-48-43/checkpoint0014.pth
specular,0.0,1.0,0.0,1.7099531888961792,0.6466723680496216,0.6080288887023926,left,0.5,0.5,0.5,24,collision,54,zero,Blind zero-depth,checkpoint/2026-05-09-16-48-43/checkpoint0014.pth
specular,1.0,0.0,1.0,0.13226103782653809,0.5967459082603455,0.8375169634819031,right,0.5,0.5,0.5,60,timeout,55,zero,Blind zero-depth,checkpoint/2026-05-09-16-48-43/checkpoint0014.pth
specular,0.0,1.0,0.0,1.7821240425109863,0.6442658305168152,0.7519137263298035,far_left,0.5,0.5,0.5,23,collision,56,zero,Blind zero-depth,checkpoint/2026-05-09-16-48-43/checkpoint0014.pth
specular,0.0,1.0,0.0,1.7437406778335571,0.6332523822784424,0.6074816584587097,right,0.5,0.5,0.5,24,collision,57,zero,Blind zero-depth,checkpoint/2026-05-09-16-48-43/checkpoint0014.pth
specular,0.0,1.0,0.0,1.721817970275879,0.6567597985267639,0.700602650642395,far_left,0.5,0.5,0.5,24,collision,58,zero,Blind zero-depth,checkpoint/2026-05-09-16-48-43/checkpoint0014.pth
specular,0.0,1.0,0.0,1.7544939517974854,0.6493043899536133,0.6411116719245911,right,0.5,0.5,0.5,23,collision,59,zero,Blind zero-depth,checkpoint/2026-05-09-16-48-43/checkpoint0014.pth
specular,0.0,1.0,0.0,1.745202898979187,0.6133208274841309,0.7371419668197632,far_left,0.5,0.5,0.5,25,collision,60,zero,Blind zero-depth,checkpoint/2026-05-09-16-48-43/checkpoint0014.pth
specular,0.0,1.0,0.0,1.7409005165100098,0.647024393081665,0.6872924566268921,far_right,0.5,0.5,0.5,24,collision,61,zero,Blind zero-depth,checkpoint/2026-05-09-16-48-43/checkpoint0014.pth
specular,0.0,1.0,0.0,1.7173408269882202,0.6632863879203796,0.6133667230606079,right,0.5,0.5,0.5,23,collision,62,zero,Blind zero-depth,checkpoint/2026-05-09-16-48-43/checkpoint0014.pth
specular,0.0,1.0,0.0,1.7194751501083374,0.6164337992668152,0.7269603610038757,far_left,0.5,0.5,0.5,25,collision,63,zero,Blind zero-depth,checkpoint/2026-05-09-16-48-43/checkpoint0014.pth
specular,0.0,1.0,0.0,1.7174125909805298,0.6454740166664124,0.7268707752227783,far_left,0.5,0.5,0.5,24,collision,64,zero,Blind zero-depth,checkpoint/2026-05-09-16-48-43/checkpoint0014.pth
specular,0.0,1.0,0.0,1.7798056602478027,0.6062353849411011,0.6849084496498108,far_left,0.5,0.5,0.5,24,collision,65,zero,Blind zero-depth,checkpoint/2026-05-09-16-48-43/checkpoint0014.pth
specular,0.0,1.0,0.0,1.7798124551773071,0.6240714192390442,0.7144952416419983,far_right,0.5,0.5,0.5,23,collision,66,zero,Blind zero-depth,checkpoint/2026-05-09-16-48-43/checkpoint0014.pth
specular,0.0,1.0,0.0,1.6487172842025757,0.6800166964530945,0.6013213992118835,left,0.5,0.5,0.5,25,collision,67,zero,Blind zero-depth,checkpoint/2026-05-09-16-48-43/checkpoint0014.pth
specular,0.0,1.0,0.0,1.7471567392349243,0.6351681351661682,0.7635932564735413,far_left,0.5,0.5,0.5,24,collision,68,zero,Blind zero-depth,checkpoint/2026-05-09-16-48-43/checkpoint0014.pth
specular,0.0,1.0,0.0,1.7850145101547241,0.6073065996170044,0.6906137466430664,far_right,0.5,0.5,0.5,24,collision,69,zero,Blind zero-depth,checkpoint/2026-05-09-16-48-43/checkpoint0014.pth
specular,1.0,0.0,1.0,0.11556945741176605,0.5936047434806824,0.8431713581085205,right,0.5,0.5,0.5,60,timeout,70,zero,Blind zero-depth,checkpoint/2026-05-09-16-48-43/checkpoint0014.pth
specular,0.0,1.0,0.0,1.733725666999817,0.6242611408233643,0.6499912142753601,far_right,0.5,0.5,0.5,24,collision,71,zero,Blind zero-depth,checkpoint/2026-05-09-16-48-43/checkpoint0014.pth
specular,0.0,1.0,0.0,1.8093433380126953,0.6236556172370911,0.6754853129386902,far_left,0.5,0.5,0.5,23,collision,72,zero,Blind zero-depth,checkpoint/2026-05-09-16-48-43/checkpoint0014.pth
specular,0.0,1.0,0.0,1.7052795886993408,0.6450156569480896,0.7149040102958679,far_right,0.5,0.5,0.5,25,collision,73,zero,Blind zero-depth,checkpoint/2026-05-09-16-48-43/checkpoint0014.pth
specular,0.0,1.0,0.0,1.7811425924301147,0.6363890767097473,0.6248356103897095,right,0.5,0.5,0.5,23,collision,74,zero,Blind zero-depth,checkpoint/2026-05-09-16-48-43/checkpoint0014.pth
specular,1.0,0.0,1.0,0.03831417113542557,0.5993455648422241,0.8434968590736389,left,0.5,0.5,0.5,60,timeout,75,zero,Blind zero-depth,checkpoint/2026-05-09-16-48-43/checkpoint0014.pth
specular,0.0,1.0,0.0,1.7861127853393555,0.6416822671890259,0.6317208409309387,left,0.5,0.5,0.5,23,collision,76,zero,Blind zero-depth,checkpoint/2026-05-09-16-48-43/checkpoint0014.pth
specular,0.0,1.0,0.0,1.7300270795822144,0.6550756096839905,0.6660754084587097,left,0.5,0.5,0.5,24,collision,77,zero,Blind zero-depth,checkpoint/2026-05-09-16-48-43/checkpoint0014.pth
specular,0.0,1.0,0.0,1.7881460189819336,0.6308796405792236,0.7425901293754578,far_right,0.5,0.5,0.5,24,collision,78,zero,Blind zero-depth,checkpoint/2026-05-09-16-48-43/checkpoint0014.pth
specular,0.0,1.0,0.0,1.7835370302200317,0.6088473796844482,0.6761020421981812,far_right,0.5,0.5,0.5,24,collision,79,zero,Blind zero-depth,checkpoint/2026-05-09-16-48-43/checkpoint0014.pth
specular,0.0,1.0,0.0,1.7339035272598267,0.6863955855369568,0.6482721567153931,right,0.5,0.5,0.5,22,collision,80,zero,Blind zero-depth,checkpoint/2026-05-09-16-48-43/checkpoint0014.pth
specular,0.0,1.0,0.0,1.7455805540084839,0.6442210078239441,0.6097695827484131,right,0.5,0.5,0.5,23,collision,81,zero,Blind zero-depth,checkpoint/2026-05-09-16-48-43/checkpoint0014.pth
specular,0.0,1.0,0.0,1.7026112079620361,0.6384418606758118,0.7310474514961243,far_right,0.5,0.5,0.5,24,collision,82,zero,Blind zero-depth,checkpoint/2026-05-09-16-48-43/checkpoint0014.pth
specular,0.0,1.0,0.0,1.7132140398025513,0.6450374722480774,0.6963692903518677,far_right,0.5,0.5,0.5,24,collision,83,zero,Blind zero-depth,checkpoint/2026-05-09-16-48-43/checkpoint0014.pth
specular,0.0,1.0,0.0,1.7131215333938599,0.6352877616882324,0.6773852705955505,far_left,0.5,0.5,0.5,24,collision,84,zero,Blind zero-depth,checkpoint/2026-05-09-16-48-43/checkpoint0014.pth
specular,0.0,1.0,0.0,1.6744725704193115,0.6409611105918884,0.6112731695175171,right,0.5,0.5,0.5,26,collision,85,zero,Blind zero-depth,checkpoint/2026-05-09-16-48-43/checkpoint0014.pth
specular,0.0,1.0,0.0,1.7656126022338867,0.6387075781822205,0.651469349861145,left,0.5,0.5,0.5,24,collision,86,zero,Blind zero-depth,checkpoint/2026-05-09-16-48-43/checkpoint0014.pth
specular,0.0,1.0,0.0,1.7707979679107666,0.6385859251022339,0.7315381169319153,far_right,0.5,0.5,0.5,24,collision,87,zero,Blind zero-depth,checkpoint/2026-05-09-16-48-43/checkpoint0014.pth
specular,0.0,1.0,0.0,1.759812355041504,0.6346598267555237,0.7219454646110535,far_right,0.5,0.5,0.5,24,collision,88,zero,Blind zero-depth,checkpoint/2026-05-09-16-48-43/checkpoint0014.pth
specular,0.0,1.0,0.0,1.7956652641296387,0.6195810437202454,0.6594460606575012,left,0.5,0.5,0.5,23,collision,89,zero,Blind zero-depth,checkpoint/2026-05-09-16-48-43/checkpoint0014.pth
specular,0.0,1.0,0.0,1.755724310874939,0.6019490957260132,0.7478117942810059,far_left,0.5,0.5,0.5,25,collision,90,zero,Blind zero-depth,checkpoint/2026-05-09-16-48-43/checkpoint0014.pth
specular,0.0,1.0,0.0,1.799682378768921,0.6346448659896851,0.6591303944587708,far_right,0.5,0.5,0.5,23,collision,91,zero,Blind zero-depth,checkpoint/2026-05-09-16-48-43/checkpoint0014.pth
specular,0.0,1.0,0.0,1.728028416633606,0.6278130412101746,0.7661615610122681,far_right,0.5,0.5,0.5,25,collision,92,zero,Blind zero-depth,checkpoint/2026-05-09-16-48-43/checkpoint0014.pth
specular,0.0,1.0,0.0,1.7431851625442505,0.6415767669677734,0.6548361778259277,left,0.5,0.5,0.5,23,collision,93,zero,Blind zero-depth,checkpoint/2026-05-09-16-48-43/checkpoint0014.pth
specular,0.0,1.0,0.0,1.8011672496795654,0.6152347326278687,0.687902569770813,far_left,0.5,0.5,0.5,24,collision,94,zero,Blind zero-depth,checkpoint/2026-05-09-16-48-43/checkpoint0014.pth
specular,0.0,1.0,0.0,1.7041189670562744,0.648516058921814,0.7102896571159363,far_right,0.5,0.5,0.5,24,collision,95,zero,Blind zero-depth,checkpoint/2026-05-09-16-48-43/checkpoint0014.pth
specular,0.0,1.0,0.0,1.73423433303833,0.6312457323074341,0.6001031398773193,right,0.5,0.5,0.5,24,collision,96,zero,Blind zero-depth,checkpoint/2026-05-09-16-48-43/checkpoint0014.pth
specular,0.0,1.0,0.0,1.7362520694732666,0.6630759835243225,0.6090856790542603,left,0.5,0.5,0.5,24,collision,97,zero,Blind zero-depth,checkpoint/2026-05-09-16-48-43/checkpoint0014.pth
specular,0.0,1.0,0.0,1.7275344133377075,0.6749188899993896,0.6277751922607422,left,0.5,0.5,0.5,23,collision,98,zero,Blind zero-depth,checkpoint/2026-05-09-16-48-43/checkpoint0014.pth
specular,0.0,1.0,0.0,1.7438476085662842,0.6267787218093872,0.6173510551452637,right,0.5,0.5,0.5,24,collision,99,zero,Blind zero-depth,checkpoint/2026-05-09-16-48-43/checkpoint0014.pth
specular,0.0,1.0,0.0,1.7168998718261719,0.6496405601501465,0.7387844920158386,far_left,0.5,0.5,0.5,24,collision,100,zero,Blind zero-depth,checkpoint/2026-05-09-16-48-43/checkpoint0014.pth
specular,0.0,1.0,0.0,1.7587049007415771,0.6432701945304871,0.61042720079422,right,0.5,0.5,0.5,23,collision,101,zero,Blind zero-depth,checkpoint/2026-05-09-16-48-43/checkpoint0014.pth
specular,1.0,0.0,1.0,0.2126406878232956,0.5759559869766235,0.8267651200294495,left,0.5,0.5,0.5,60,timeout,102,zero,Blind zero-depth,checkpoint/2026-05-09-16-48-43/checkpoint0014.pth
specular,0.0,1.0,0.0,1.7670094966888428,0.6370289325714111,0.6491806507110596,right,0.5,0.5,0.5,23,collision,103,zero,Blind zero-depth,checkpoint/2026-05-09-16-48-43/checkpoint0014.pth
specular,0.0,1.0,0.0,1.7010608911514282,0.6405529379844666,0.6081392765045166,right,0.5,0.5,0.5,25,collision,104,zero,Blind zero-depth,checkpoint/2026-05-09-16-48-43/checkpoint0014.pth
specular,0.0,1.0,0.0,1.7324738502502441,0.611133337020874,0.6676854491233826,far_right,0.5,0.5,0.5,25,collision,105,zero,Blind zero-depth,checkpoint/2026-05-09-16-48-43/checkpoint0014.pth
specular,0.0,1.0,0.0,1.72331702709198,0.6275039315223694,0.7255875468254089,far_left,0.5,0.5,0.5,24,collision,106,zero,Blind zero-depth,checkpoint/2026-05-09-16-48-43/checkpoint0014.pth
specular,0.0,1.0,0.0,1.7380186319351196,0.6619374752044678,0.6220078468322754,right,0.5,0.5,0.5,23,collision,107,zero,Blind zero-depth,checkpoint/2026-05-09-16-48-43/checkpoint0014.pth
specular,0.0,1.0,0.0,1.7130560874938965,0.6535693407058716,0.6356871724128723,left,0.5,0.5,0.5,24,collision,108,zero,Blind zero-depth,checkpoint/2026-05-09-16-48-43/checkpoint0014.pth
specular,0.0,1.0,0.0,1.7840498685836792,0.6251107454299927,0.650778591632843,left,0.5,0.5,0.5,23,collision,109,zero,Blind zero-depth,checkpoint/2026-05-09-16-48-43/checkpoint0014.pth
specular,0.0,1.0,0.0,1.77934992313385,0.6312830448150635,0.6611941456794739,right,0.5,0.5,0.5,24,collision,110,zero,Blind zero-depth,checkpoint/2026-05-09-16-48-43/checkpoint0014.pth
specular,0.0,1.0,0.0,1.784435510635376,0.6308015584945679,0.6166351437568665,right,0.5,0.5,0.5,23,collision,111,zero,Blind zero-depth,checkpoint/2026-05-09-16-48-43/checkpoint0014.pth
specular,0.0,1.0,0.0,1.774410605430603,0.6474530100822449,0.7310869097709656,far_left,0.5,0.5,0.5,23,collision,112,zero,Blind zero-depth,checkpoint/2026-05-09-16-48-43/checkpoint0014.pth
specular,0.0,1.0,0.0,1.7664225101470947,0.6145818829536438,0.747452437877655,far_right,0.5,0.5,0.5,24,collision,113,zero,Blind zero-depth,checkpoint/2026-05-09-16-48-43/checkpoint0014.pth
specular,0.0,1.0,0.0,1.8107566833496094,0.6328771114349365,0.7418227195739746,far_left,0.5,0.5,0.5,24,collision,114,zero,Blind zero-depth,checkpoint/2026-05-09-16-48-43/checkpoint0014.pth
specular,0.0,1.0,0.0,1.7074190378189087,0.6547922492027283,0.604751706123352,left,0.5,0.5,0.5,24,collision,115,zero,Blind zero-depth,checkpoint/2026-05-09-16-48-43/checkpoint0014.pth
specular,0.0,1.0,0.0,1.7323051691055298,0.622424840927124,0.680090069770813,far_right,0.5,0.5,0.5,24,collision,116,zero,Blind zero-depth,checkpoint/2026-05-09-16-48-43/checkpoint0014.pth
specular,0.0,1.0,0.0,1.757873773574829,0.6291516423225403,0.7672164440155029,far_right,0.5,0.5,0.5,23,collision,117,zero,Blind zero-depth,checkpoint/2026-05-09-16-48-43/checkpoint0014.pth
specular,0.0,1.0,0.0,1.7620501518249512,0.6310339570045471,0.6503497958183289,right,0.5,0.5,0.5,24,collision,118,zero,Blind zero-depth,checkpoint/2026-05-09-16-48-43/checkpoint0014.pth
specular,0.0,1.0,0.0,1.7471668720245361,0.5993025302886963,0.6330150365829468,right,0.5,0.5,0.5,26,collision,119,zero,Blind zero-depth,checkpoint/2026-05-09-16-48-43/checkpoint0014.pth
specular,0.0,1.0,0.0,1.5595977306365967,0.6762144565582275,0.6044328212738037,left,0.5,0.5,0.5,26,collision,120,zero,Blind zero-depth,checkpoint/2026-05-09-16-48-43/checkpoint0014.pth
specular,0.0,1.0,0.0,1.7572101354599,0.6493297219276428,0.7085437774658203,far_right,0.5,0.5,0.5,23,collision,121,zero,Blind zero-depth,checkpoint/2026-05-09-16-48-43/checkpoint0014.pth
specular,0.0,1.0,0.0,1.7313861846923828,0.6240435242652893,0.6568537950515747,far_right,0.5,0.5,0.5,24,collision,122,zero,Blind zero-depth,checkpoint/2026-05-09-16-48-43/checkpoint0014.pth
specular,0.0,1.0,0.0,1.7516746520996094,0.644531786441803,0.6414733529090881,left,0.5,0.5,0.5,23,collision,123,zero,Blind zero-depth,checkpoint/2026-05-09-16-48-43/checkpoint0014.pth
specular,0.0,1.0,0.0,1.7011463642120361,0.6486378908157349,0.6863740682601929,far_left,0.5,0.5,0.5,24,collision,124,zero,Blind zero-depth,checkpoint/2026-05-09-16-48-43/checkpoint0014.pth
specular,0.0,1.0,0.0,1.767389178276062,0.6199266314506531,0.6198357343673706,left,0.5,0.5,0.5,24,collision,125,zero,Blind zero-depth,checkpoint/2026-05-09-16-48-43/checkpoint0014.pth
specular,0.0,1.0,0.0,1.7272471189498901,0.6412262916564941,0.6456283926963806,left,0.5,0.5,0.5,25,collision,126,zero,Blind zero-depth,checkpoint/2026-05-09-16-48-43/checkpoint0014.pth
specular,0.0,1.0,0.0,1.6830805540084839,0.6232566237449646,0.6137093305587769,left,0.5,0.5,0.5,25,collision,127,zero,Blind zero-depth,checkpoint/2026-05-09-16-48-43/checkpoint0014.pth
specular,0.0,1.0,0.0,1.7959868907928467,0.6493244171142578,0.6512061357498169,left,0.5,0.5,0.5,23,collision,128,zero,Blind zero-depth,checkpoint/2026-05-09-16-48-43/checkpoint0014.pth
specular,0.0,1.0,0.0,1.7958455085754395,0.6150378584861755,0.6568727493286133,left,0.5,0.5,0.5,24,collision,129,zero,Blind zero-depth,checkpoint/2026-05-09-16-48-43/checkpoint0014.pth
specular,0.0,1.0,0.0,1.7223514318466187,0.6478555202484131,0.7037478089332581,far_left,0.5,0.5,0.5,24,collision,130,zero,Blind zero-depth,checkpoint/2026-05-09-16-48-43/checkpoint0014.pth
specular,1.0,0.0,1.0,0.06736142933368683,0.5966761708259583,0.8362582325935364,left,0.5,0.5,0.5,60,timeout,131,zero,Blind zero-depth,checkpoint/2026-05-09-16-48-43/checkpoint0014.pth
specular,0.0,1.0,0.0,1.687557578086853,0.637138307094574,0.6135525107383728,left,0.5,0.5,0.5,25,collision,132,zero,Blind zero-depth,checkpoint/2026-05-09-16-48-43/checkpoint0014.pth
specular,0.0,1.0,0.0,1.7679232358932495,0.6302688717842102,0.7090629935264587,far_left,0.5,0.5,0.5,24,collision,133,zero,Blind zero-depth,checkpoint/2026-05-09-16-48-43/checkpoint0014.pth
specular,0.0,1.0,0.0,1.7213354110717773,0.6620269417762756,0.6101109981536865,left,0.5,0.5,0.5,24,collision,134,zero,Blind zero-depth,checkpoint/2026-05-09-16-48-43/checkpoint0014.pth
specular,0.0,1.0,0.0,1.7350376844406128,0.6237910985946655,0.6613196730613708,far_right,0.5,0.5,0.5,25,collision,135,zero,Blind zero-depth,checkpoint/2026-05-09-16-48-43/checkpoint0014.pth
specular,0.0,1.0,0.0,1.6946545839309692,0.6699126362800598,0.6576276421546936,far_right,0.5,0.5,0.5,24,collision,136,zero,Blind zero-depth,checkpoint/2026-05-09-16-48-43/checkpoint0014.pth
specular,0.0,1.0,0.0,1.7996265888214111,0.6451165676116943,0.6648384928703308,right,0.5,0.5,0.5,23,collision,137,zero,Blind zero-depth,checkpoint/2026-05-09-16-48-43/checkpoint0014.pth
specular,0.0,1.0,0.0,1.7626312971115112,0.6366433501243591,0.6123125553131104,left,0.5,0.5,0.5,24,collision,138,zero,Blind zero-depth,checkpoint/2026-05-09-16-48-43/checkpoint0014.pth
specular,0.0,1.0,0.0,1.794075846672058,0.6109382510185242,0.6307807564735413,right,0.5,0.5,0.5,24,collision,139,zero,Blind zero-depth,checkpoint/2026-05-09-16-48-43/checkpoint0014.pth
specular,0.0,1.0,0.0,1.7504767179489136,0.6597461700439453,0.6889073252677917,far_right,0.5,0.5,0.5,23,collision,140,zero,Blind zero-depth,checkpoint/2026-05-09-16-48-43/checkpoint0014.pth
specular,0.0,1.0,0.0,1.7513320446014404,0.6428396701812744,0.6483368873596191,left,0.5,0.5,0.5,24,collision,141,zero,Blind zero-depth,checkpoint/2026-05-09-16-48-43/checkpoint0014.pth
specular,0.0,1.0,0.0,1.7173845767974854,0.6465123295783997,0.6149733662605286,left,0.5,0.5,0.5,24,collision,142,zero,Blind zero-depth,checkpoint/2026-05-09-16-48-43/checkpoint0014.pth
specular,0.0,1.0,0.0,1.7323685884475708,0.6697656512260437,0.7230836749076843,far_left,0.5,0.5,0.5,23,collision,143,zero,Blind zero-depth,checkpoint/2026-05-09-16-48-43/checkpoint0014.pth
specular,0.0,1.0,0.0,1.7326724529266357,0.6531733274459839,0.6906010508537292,far_right,0.5,0.5,0.5,24,collision,144,zero,Blind zero-depth,checkpoint/2026-05-09-16-48-43/checkpoint0014.pth
specular,0.0,1.0,0.0,1.7974493503570557,0.6424162983894348,0.6629511713981628,right,0.5,0.5,0.5,23,collision,145,zero,Blind zero-depth,checkpoint/2026-05-09-16-48-43/checkpoint0014.pth
specular,0.0,1.0,0.0,1.7592620849609375,0.6185128688812256,0.6986589431762695,far_right,0.5,0.5,0.5,24,collision,146,zero,Blind zero-depth,checkpoint/2026-05-09-16-48-43/checkpoint0014.pth
specular,0.0,1.0,0.0,1.7659050226211548,0.6389945149421692,0.724609375,far_left,0.5,0.5,0.5,23,collision,147,zero,Blind zero-depth,checkpoint/2026-05-09-16-48-43/checkpoint0014.pth
specular,0.0,1.0,0.0,1.8082531690597534,0.6015607714653015,0.7432923913002014,far_right,0.5,0.5,0.5,23,collision,148,zero,Blind zero-depth,checkpoint/2026-05-09-16-48-43/checkpoint0014.pth
specular,0.0,1.0,0.0,1.7758710384368896,0.6437445878982544,0.6615109443664551,far_left,0.5,0.5,0.5,23,collision,149,zero,Blind zero-depth,checkpoint/2026-05-09-16-48-43/checkpoint0014.pth
specular,0.0,1.0,0.0,1.7143715620040894,0.6533945202827454,0.7801492214202881,far_left,0.5,0.5,0.5,24,collision,150,zero,Blind zero-depth,checkpoint/2026-05-09-16-48-43/checkpoint0014.pth
specular,0.0,1.0,0.0,1.7096617221832275,0.6490467190742493,0.6140298247337341,right,0.5,0.5,0.5,24,collision,151,zero,Blind zero-depth,checkpoint/2026-05-09-16-48-43/checkpoint0014.pth
specular,0.0,1.0,0.0,1.7935960292816162,0.6114275455474854,0.672007143497467,far_right,0.5,0.5,0.5,24,collision,152,zero,Blind zero-depth,checkpoint/2026-05-09-16-48-43/checkpoint0014.pth
specular,0.0,1.0,0.0,1.7689487934112549,0.6219344735145569,0.6766053438186646,far_right,0.5,0.5,0.5,24,collision,153,zero,Blind zero-depth,checkpoint/2026-05-09-16-48-43/checkpoint0014.pth
specular,0.0,1.0,0.0,1.7801973819732666,0.6150701642036438,0.6915006637573242,far_left,0.5,0.5,0.5,24,collision,154,zero,Blind zero-depth,checkpoint/2026-05-09-16-48-43/checkpoint0014.pth
specular,0.0,1.0,0.0,1.7615103721618652,0.6375104188919067,0.7504466772079468,far_left,0.5,0.5,0.5,24,collision,155,zero,Blind zero-depth,checkpoint/2026-05-09-16-48-43/checkpoint0014.pth
specular,0.0,1.0,0.0,1.7602922916412354,0.6670390963554382,0.729600727558136,far_right,0.5,0.5,0.5,23,collision,156,zero,Blind zero-depth,checkpoint/2026-05-09-16-48-43/checkpoint0014.pth
specular,0.0,1.0,0.0,1.7996670007705688,0.6233577728271484,0.6800031661987305,far_left,0.5,0.5,0.5,23,collision,157,zero,Blind zero-depth,checkpoint/2026-05-09-16-48-43/checkpoint0014.pth
specular,0.0,1.0,0.0,1.768754482269287,0.6114952564239502,0.6654149293899536,far_left,0.5,0.5,0.5,24,collision,158,zero,Blind zero-depth,checkpoint/2026-05-09-16-48-43/checkpoint0014.pth
specular,0.0,1.0,0.0,1.7761003971099854,0.631946861743927,0.746277928352356,far_left,0.5,0.5,0.5,23,collision,159,zero,Blind zero-depth,checkpoint/2026-05-09-16-48-43/checkpoint0014.pth
specular,0.0,1.0,0.0,1.7950783967971802,0.6253176927566528,0.7284370064735413,far_left,0.5,0.5,0.5,24,collision,160,zero,Blind zero-depth,checkpoint/2026-05-09-16-48-43/checkpoint0014.pth
specular,0.0,1.0,0.0,1.7243287563323975,0.6284756064414978,0.67629075050354,far_right,0.5,0.5,0.5,24,collision,161,zero,Blind zero-depth,checkpoint/2026-05-09-16-48-43/checkpoint0014.pth
specular,0.0,1.0,0.0,1.7144526243209839,0.6432479619979858,0.6859206557273865,far_left,0.5,0.5,0.5,25,collision,162,zero,Blind zero-depth,checkpoint/2026-05-09-16-48-43/checkpoint0014.pth
specular,0.0,1.0,0.0,1.7504546642303467,0.6405307054519653,0.6864055395126343,far_left,0.5,0.5,0.5,24,collision,163,zero,Blind zero-depth,checkpoint/2026-05-09-16-48-43/checkpoint0014.pth
specular,0.0,1.0,0.0,1.8034465312957764,0.6150556802749634,0.6596433520317078,right,0.5,0.5,0.5,23,collision,164,zero,Blind zero-depth,checkpoint/2026-05-09-16-48-43/checkpoint0014.pth
specular,0.0,1.0,0.0,1.7950905561447144,0.6101166605949402,0.6730449795722961,far_left,0.5,0.5,0.5,24,collision,165,zero,Blind zero-depth,checkpoint/2026-05-09-16-48-43/checkpoint0014.pth
specular,0.0,1.0,0.0,1.7905051708221436,0.6247814297676086,0.6116437911987305,left,0.5,0.5,0.5,23,collision,166,zero,Blind zero-depth,checkpoint/2026-05-09-16-48-43/checkpoint0014.pth
specular,1.0,0.0,1.0,0.08754099905490875,0.6176624894142151,0.8322314620018005,right,0.5,0.5,0.5,60,timeout,167,zero,Blind zero-depth,checkpoint/2026-05-09-16-48-43/checkpoint0014.pth
specular,0.0,1.0,0.0,1.7740892171859741,0.6095941066741943,0.694872260093689,far_right,0.5,0.5,0.5,24,collision,168,zero,Blind zero-depth,checkpoint/2026-05-09-16-48-43/checkpoint0014.pth
specular,0.0,1.0,0.0,1.759323239326477,0.6301103234291077,0.6381844282150269,left,0.5,0.5,0.5,24,collision,169,zero,Blind zero-depth,checkpoint/2026-05-09-16-48-43/checkpoint0014.pth
specular,0.0,1.0,0.0,1.7970867156982422,0.6249572038650513,0.7095724940299988,far_left,0.5,0.5,0.5,24,collision,170,zero,Blind zero-depth,checkpoint/2026-05-09-16-48-43/checkpoint0014.pth
specular,0.0,1.0,0.0,1.798745036125183,0.6476536989212036,0.6657435297966003,far_right,0.5,0.5,0.5,22,collision,171,zero,Blind zero-depth,checkpoint/2026-05-09-16-48-43/checkpoint0014.pth
specular,0.0,1.0,0.0,1.8000389337539673,0.6248651146888733,0.7202848196029663,far_right,0.5,0.5,0.5,24,collision,172,zero,Blind zero-depth,checkpoint/2026-05-09-16-48-43/checkpoint0014.pth
specular,0.0,1.0,0.0,1.8070000410079956,0.6218946576118469,0.6625339984893799,left,0.5,0.5,0.5,24,collision,173,zero,Blind zero-depth,checkpoint/2026-05-09-16-48-43/checkpoint0014.pth
specular,0.0,1.0,0.0,1.7959312200546265,0.6233102083206177,0.7201442122459412,far_left,0.5,0.5,0.5,23,collision,174,zero,Blind zero-depth,checkpoint/2026-05-09-16-48-43/checkpoint0014.pth
specular,0.0,1.0,0.0,1.742003321647644,0.6565192937850952,0.7200143337249756,far_right,0.5,0.5,0.5,24,collision,175,zero,Blind zero-depth,checkpoint/2026-05-09-16-48-43/checkpoint0014.pth
specular,0.0,1.0,0.0,1.7803492546081543,0.6282132863998413,0.7373342514038086,far_left,0.5,0.5,0.5,23,collision,176,zero,Blind zero-depth,checkpoint/2026-05-09-16-48-43/checkpoint0014.pth
specular,0.0,1.0,0.0,1.722603440284729,0.6500706076622009,0.6050287485122681,left,0.5,0.5,0.5,25,collision,177,zero,Blind zero-depth,checkpoint/2026-05-09-16-48-43/checkpoint0014.pth
specular,0.0,1.0,0.0,1.7166666984558105,0.6256138682365417,0.7102020978927612,far_right,0.5,0.5,0.5,25,collision,178,zero,Blind zero-depth,checkpoint/2026-05-09-16-48-43/checkpoint0014.pth
specular,0.0,1.0,0.0,1.7199556827545166,0.6503845453262329,0.6128472685813904,right,0.5,0.5,0.5,25,collision,179,zero,Blind zero-depth,checkpoint/2026-05-09-16-48-43/checkpoint0014.pth
specular,0.0,1.0,0.0,1.5003478527069092,0.708239734172821,0.6165682673454285,left,0.5,0.5,0.5,26,collision,180,zero,Blind zero-depth,checkpoint/2026-05-09-16-48-43/checkpoint0014.pth
specular,0.0,1.0,0.0,1.707740306854248,0.6403424143791199,0.7456660270690918,far_right,0.5,0.5,0.5,24,collision,181,zero,Blind zero-depth,checkpoint/2026-05-09-16-48-43/checkpoint0014.pth
specular,0.0,1.0,0.0,1.7417709827423096,0.6479461789131165,0.7278646230697632,far_right,0.5,0.5,0.5,24,collision,182,zero,Blind zero-depth,checkpoint/2026-05-09-16-48-43/checkpoint0014.pth
specular,0.0,1.0,0.0,1.799720048904419,0.6547313332557678,0.6165233254432678,left,0.5,0.5,0.5,23,collision,183,zero,Blind zero-depth,checkpoint/2026-05-09-16-48-43/checkpoint0014.pth
specular,0.0,1.0,0.0,1.7929540872573853,0.6294503211975098,0.6560461521148682,left,0.5,0.5,0.5,23,collision,184,zero,Blind zero-depth,checkpoint/2026-05-09-16-48-43/checkpoint0014.pth
specular,0.0,1.0,0.0,1.7653648853302002,0.6209293007850647,0.6278181076049805,right,0.5,0.5,0.5,24,collision,185,zero,Blind zero-depth,checkpoint/2026-05-09-16-48-43/checkpoint0014.pth
specular,0.0,1.0,0.0,1.7192280292510986,0.6480427384376526,0.6723090410232544,far_left,0.5,0.5,0.5,24,collision,186,zero,Blind zero-depth,checkpoint/2026-05-09-16-48-43/checkpoint0014.pth
specular,0.0,1.0,0.0,1.7305707931518555,0.6624992489814758,0.674525260925293,far_left,0.5,0.5,0.5,23,collision,187,zero,Blind zero-depth,checkpoint/2026-05-09-16-48-43/checkpoint0014.pth
specular,0.0,1.0,0.0,1.8072209358215332,0.6179763674736023,0.7378867268562317,far_left,0.5,0.5,0.5,23,collision,188,zero,Blind zero-depth,checkpoint/2026-05-09-16-48-43/checkpoint0014.pth
specular,0.0,1.0,0.0,1.7058357000350952,0.6631821990013123,0.6281450986862183,left,0.5,0.5,0.5,24,collision,189,zero,Blind zero-depth,checkpoint/2026-05-09-16-48-43/checkpoint0014.pth
specular,0.0,1.0,0.0,1.7386760711669922,0.6379653811454773,0.6686981916427612,far_left,0.5,0.5,0.5,25,collision,190,zero,Blind zero-depth,checkpoint/2026-05-09-16-48-43/checkpoint0014.pth
specular,0.0,1.0,0.0,1.737308382987976,0.6732795238494873,0.6583741307258606,far_right,0.5,0.5,0.5,23,collision,191,zero,Blind zero-depth,checkpoint/2026-05-09-16-48-43/checkpoint0014.pth
specular,0.0,1.0,0.0,1.7661577463150024,0.6188622713088989,0.6240656971931458,right,0.5,0.5,0.5,25,collision,192,zero,Blind zero-depth,checkpoint/2026-05-09-16-48-43/checkpoint0014.pth
specular,0.0,1.0,0.0,1.716652750968933,0.6675448417663574,0.601983368396759,right,0.5,0.5,0.5,23,collision,193,zero,Blind zero-depth,checkpoint/2026-05-09-16-48-43/checkpoint0014.pth
specular,0.0,1.0,0.0,1.7821091413497925,0.6362743377685547,0.6425387263298035,right,0.5,0.5,0.5,23,collision,194,zero,Blind zero-depth,checkpoint/2026-05-09-16-48-43/checkpoint0014.pth
specular,0.0,1.0,0.0,1.7319326400756836,0.6314092874526978,0.6453238129615784,right,0.5,0.5,0.5,24,collision,195,zero,Blind zero-depth,checkpoint/2026-05-09-16-48-43/checkpoint0014.pth
specular,0.0,1.0,0.0,1.7731107473373413,0.6264196634292603,0.6102996468544006,left,0.5,0.5,0.5,24,collision,196,zero,Blind zero-depth,checkpoint/2026-05-09-16-48-43/checkpoint0014.pth
specular,0.0,1.0,0.0,1.758939266204834,0.6343616247177124,0.7714120745658875,far_left,0.5,0.5,0.5,24,collision,197,zero,Blind zero-depth,checkpoint/2026-05-09-16-48-43/checkpoint0014.pth
specular,0.0,1.0,0.0,1.724855661392212,0.640360414981842,0.6315104365348816,right,0.5,0.5,0.5,24,collision,198,zero,Blind zero-depth,checkpoint/2026-05-09-16-48-43/checkpoint0014.pth
specular,0.0,1.0,0.0,1.7859066724777222,0.6286094188690186,0.766455352306366,far_left,0.5,0.5,0.5,24,collision,199,zero,Blind zero-depth,checkpoint/2026-05-09-16-48-43/checkpoint0014.pth
specular,0.0,1.0,0.0,1.754999041557312,0.6343625783920288,0.7051126956939697,far_left,0.5,0.5,0.5,24,collision,200,zero,Blind zero-depth,checkpoint/2026-05-09-16-48-43/checkpoint0014.pth
specular,0.0,1.0,0.0,1.750901460647583,0.6095848083496094,0.6121178269386292,left,0.5,0.5,0.5,25,collision,201,zero,Blind zero-depth,checkpoint/2026-05-09-16-48-43/checkpoint0014.pth
specular,0.0,1.0,0.0,1.7628507614135742,0.6245600581169128,0.6750075817108154,far_left,0.5,0.5,0.5,24,collision,202,zero,Blind zero-depth,checkpoint/2026-05-09-16-48-43/checkpoint0014.pth
specular,0.0,1.0,0.0,1.8086955547332764,0.6007483601570129,0.7280816435813904,far_left,0.5,0.5,0.5,23,collision,203,zero,Blind zero-depth,checkpoint/2026-05-09-16-48-43/checkpoint0014.pth
specular,0.0,1.0,0.0,1.71390962600708,0.6279571652412415,0.6046698689460754,left,0.5,0.5,0.5,24,collision,204,zero,Blind zero-depth,checkpoint/2026-05-09-16-48-43/checkpoint0014.pth
specular,0.0,1.0,0.0,1.7525732517242432,0.6339101195335388,0.6161936521530151,left,0.5,0.5,0.5,24,collision,205,zero,Blind zero-depth,checkpoint/2026-05-09-16-48-43/checkpoint0014.pth
specular,0.0,1.0,0.0,1.7593549489974976,0.6294581890106201,0.6100103259086609,left,0.5,0.5,0.5,24,collision,206,zero,Blind zero-depth,checkpoint/2026-05-09-16-48-43/checkpoint0014.pth
specular,0.0,1.0,0.0,1.7197068929672241,0.6170915961265564,0.6162591576576233,left,0.5,0.5,0.5,25,collision,207,zero,Blind zero-depth,checkpoint/2026-05-09-16-48-43/checkpoint0014.pth
specular,0.0,1.0,0.0,1.7447500228881836,0.6275508999824524,0.641876757144928,left,0.5,0.5,0.5,24,collision,208,zero,Blind zero-depth,checkpoint/2026-05-09-16-48-43/checkpoint0014.pth
specular,0.0,1.0,0.0,1.6669905185699463,0.649649977684021,0.6053240895271301,left,0.5,0.5,0.5,25,collision,209,zero,Blind zero-depth,checkpoint/2026-05-09-16-48-43/checkpoint0014.pth
specular,0.0,1.0,0.0,1.7992384433746338,0.6250227689743042,0.6417692303657532,right,0.5,0.5,0.5,23,collision,210,zero,Blind zero-depth,checkpoint/2026-05-09-16-48-43/checkpoint0014.pth
specular,0.0,1.0,0.0,1.7713756561279297,0.6394219994544983,0.6921625137329102,far_right,0.5,0.5,0.5,23,collision,211,zero,Blind zero-depth,checkpoint/2026-05-09-16-48-43/checkpoint0014.pth
specular,0.0,1.0,0.0,1.794173002243042,0.6191243529319763,0.616633951663971,right,0.5,0.5,0.5,24,collision,212,zero,Blind zero-depth,checkpoint/2026-05-09-16-48-43/checkpoint0014.pth
specular,0.0,1.0,0.0,1.7983002662658691,0.5986276268959045,0.7297956943511963,far_left,0.5,0.5,0.5,24,collision,213,zero,Blind zero-depth,checkpoint/2026-05-09-16-48-43/checkpoint0014.pth
specular,0.0,1.0,0.0,1.7903070449829102,0.6169865727424622,0.6828638315200806,far_left,0.5,0.5,0.5,23,collision,214,zero,Blind zero-depth,checkpoint/2026-05-09-16-48-43/checkpoint0014.pth
specular,0.0,1.0,0.0,1.801371455192566,0.6085736751556396,0.7610347867012024,far_right,0.5,0.5,0.5,23,collision,215,zero,Blind zero-depth,checkpoint/2026-05-09-16-48-43/checkpoint0014.pth
specular,0.0,1.0,0.0,1.7706363201141357,0.6015611886978149,0.7042070031166077,far_right,0.5,0.5,0.5,24,collision,216,zero,Blind zero-depth,checkpoint/2026-05-09-16-48-43/checkpoint0014.pth
specular,0.0,1.0,0.0,1.7781672477722168,0.6370614767074585,0.7531368136405945,far_left,0.5,0.5,0.5,23,collision,217,zero,Blind zero-depth,checkpoint/2026-05-09-16-48-43/checkpoint0014.pth
specular,0.0,1.0,0.0,1.7831175327301025,0.6237292289733887,0.7080045938491821,far_left,0.5,0.5,0.5,23,collision,218,zero,Blind zero-depth,checkpoint/2026-05-09-16-48-43/checkpoint0014.pth
specular,0.0,1.0,0.0,1.6935347318649292,0.6946684718132019,0.6076717972755432,right,0.5,0.5,0.5,23,collision,219,zero,Blind zero-depth,checkpoint/2026-05-09-16-48-43/checkpoint0014.pth
specular,0.0,1.0,0.0,1.748289942741394,0.6495752334594727,0.6676070690155029,far_left,0.5,0.5,0.5,23,collision,220,zero,Blind zero-depth,checkpoint/2026-05-09-16-48-43/checkpoint0014.pth
specular,1.0,0.0,1.0,0.10537779331207275,0.5850232839584351,0.8363329768180847,right,0.5,0.5,0.5,60,timeout,221,zero,Blind zero-depth,checkpoint/2026-05-09-16-48-43/checkpoint0014.pth
specular,0.0,1.0,0.0,1.7560466527938843,0.6468837261199951,0.7048940062522888,far_left,0.5,0.5,0.5,23,collision,222,zero,Blind zero-depth,checkpoint/2026-05-09-16-48-43/checkpoint0014.pth
specular,0.0,1.0,0.0,1.7595441341400146,0.6098427176475525,0.6072992086410522,right,0.5,0.5,0.5,24,collision,223,zero,Blind zero-depth,checkpoint/2026-05-09-16-48-43/checkpoint0014.pth
specular,0.0,1.0,0.0,1.7989377975463867,0.6096875071525574,0.6476008892059326,left,0.5,0.5,0.5,24,collision,224,zero,Blind zero-depth,checkpoint/2026-05-09-16-48-43/checkpoint0014.pth
specular,0.0,1.0,0.0,1.7296090126037598,0.6292018890380859,0.6582880616188049,far_left,0.5,0.5,0.5,24,collision,225,zero,Blind zero-depth,checkpoint/2026-05-09-16-48-43/checkpoint0014.pth
specular,0.0,1.0,0.0,1.7482694387435913,0.6128009557723999,0.6396303772926331,left,0.5,0.5,0.5,25,collision,226,zero,Blind zero-depth,checkpoint/2026-05-09-16-48-43/checkpoint0014.pth
specular,0.0,1.0,0.0,1.739857792854309,0.6365548372268677,0.7088742852210999,far_left,0.5,0.5,0.5,24,collision,227,zero,Blind zero-depth,checkpoint/2026-05-09-16-48-43/checkpoint0014.pth
specular,0.0,1.0,0.0,1.7072772979736328,0.655447244644165,0.7437788844108582,far_right,0.5,0.5,0.5,24,collision,228,zero,Blind zero-depth,checkpoint/2026-05-09-16-48-43/checkpoint0014.pth
specular,0.0,1.0,0.0,1.6946860551834106,0.6236642599105835,0.733844518661499,far_left,0.5,0.5,0.5,25,collision,229,zero,Blind zero-depth,checkpoint/2026-05-09-16-48-43/checkpoint0014.pth
specular,0.0,1.0,0.0,1.7071014642715454,0.6541064977645874,0.6088591814041138,left,0.5,0.5,0.5,24,collision,230,zero,Blind zero-depth,checkpoint/2026-05-09-16-48-43/checkpoint0014.pth
specular,0.0,1.0,0.0,1.7643775939941406,0.6421608328819275,0.7408099174499512,far_right,0.5,0.5,0.5,24,collision,231,zero,Blind zero-depth,checkpoint/2026-05-09-16-48-43/checkpoint0014.pth
specular,0.0,1.0,0.0,1.704898476600647,0.6527760624885559,0.6409709453582764,left,0.5,0.5,0.5,24,collision,232,zero,Blind zero-depth,checkpoint/2026-05-09-16-48-43/checkpoint0014.pth
specular,0.0,1.0,0.0,1.7292556762695312,0.6521206498146057,0.6241517066955566,left,0.5,0.5,0.5,23,collision,233,zero,Blind zero-depth,checkpoint/2026-05-09-16-48-43/checkpoint0014.pth
specular,0.0,1.0,0.0,1.7833094596862793,0.630949079990387,0.7303555011749268,far_left,0.5,0.5,0.5,24,collision,234,zero,Blind zero-depth,checkpoint/2026-05-09-16-48-43/checkpoint0014.pth
specular,0.0,1.0,0.0,1.7394771575927734,0.6358557939529419,0.6564575433731079,far_left,0.5,0.5,0.5,24,collision,235,zero,Blind zero-depth,checkpoint/2026-05-09-16-48-43/checkpoint0014.pth
specular,0.0,1.0,0.0,1.778527855873108,0.596261739730835,0.6605058908462524,left,0.5,0.5,0.5,25,collision,236,zero,Blind zero-depth,checkpoint/2026-05-09-16-48-43/checkpoint0014.pth
specular,0.0,1.0,0.0,1.7688593864440918,0.6227790117263794,0.6162076592445374,right,0.5,0.5,0.5,23,collision,237,zero,Blind zero-depth,checkpoint/2026-05-09-16-48-43/checkpoint0014.pth
specular,0.0,1.0,0.0,1.7490206956863403,0.6304982900619507,0.6125076413154602,right,0.5,0.5,0.5,24,collision,238,zero,Blind zero-depth,checkpoint/2026-05-09-16-48-43/checkpoint0014.pth
specular,0.0,1.0,0.0,1.8054300546646118,0.609704852104187,0.7320798635482788,far_left,0.5,0.5,0.5,23,collision,239,zero,Blind zero-depth,checkpoint/2026-05-09-16-48-43/checkpoint0014.pth
specular,0.0,1.0,0.0,1.7567037343978882,0.6405106782913208,0.6336742639541626,left,0.5,0.5,0.5,24,collision,240,zero,Blind zero-depth,checkpoint/2026-05-09-16-48-43/checkpoint0014.pth
specular,0.0,1.0,0.0,1.776394009590149,0.6390547752380371,0.7490464448928833,far_right,0.5,0.5,0.5,23,collision,241,zero,Blind zero-depth,checkpoint/2026-05-09-16-48-43/checkpoint0014.pth
specular,0.0,1.0,0.0,1.7512117624282837,0.6253858804702759,0.6281514763832092,right,0.5,0.5,0.5,24,collision,242,zero,Blind zero-depth,checkpoint/2026-05-09-16-48-43/checkpoint0014.pth
specular,0.0,1.0,0.0,1.779390811920166,0.6377728581428528,0.657749354839325,right,0.5,0.5,0.5,23,collision,243,zero,Blind zero-depth,checkpoint/2026-05-09-16-48-43/checkpoint0014.pth
specular,0.0,1.0,0.0,1.7240568399429321,0.6426804065704346,0.6064634323120117,right,0.5,0.5,0.5,25,collision,244,zero,Blind zero-depth,checkpoint/2026-05-09-16-48-43/checkpoint0014.pth
specular,0.0,1.0,0.0,1.7646403312683105,0.619429886341095,0.7436279654502869,far_right,0.5,0.5,0.5,24,collision,245,zero,Blind zero-depth,checkpoint/2026-05-09-16-48-43/checkpoint0014.pth
specular,0.0,1.0,0.0,1.711574673652649,0.6649003028869629,0.6322715878486633,left,0.5,0.5,0.5,24,collision,246,zero,Blind zero-depth,checkpoint/2026-05-09-16-48-43/checkpoint0014.pth
specular,0.0,1.0,0.0,1.8017616271972656,0.6041449904441833,0.7647632360458374,far_right,0.5,0.5,0.5,24,collision,247,zero,Blind zero-depth,checkpoint/2026-05-09-16-48-43/checkpoint0014.pth
specular,0.0,1.0,0.0,1.73843514919281,0.623183012008667,0.6482928395271301,left,0.5,0.5,0.5,25,collision,248,zero,Blind zero-depth,checkpoint/2026-05-09-16-48-43/checkpoint0014.pth
specular,0.0,1.0,0.0,1.7438527345657349,0.6465165615081787,0.6341271996498108,left,0.5,0.5,0.5,24,collision,249,zero,Blind zero-depth,checkpoint/2026-05-09-16-48-43/checkpoint0014.pth
specular,0.0,1.0,0.0,1.7339966297149658,0.659382700920105,0.6828704476356506,far_left,0.5,0.5,0.5,23,collision,250,zero,Blind zero-depth,checkpoint/2026-05-09-16-48-43/checkpoint0014.pth
specular,0.0,1.0,0.0,1.7701408863067627,0.6161625981330872,0.6909785270690918,far_left,0.5,0.5,0.5,24,collision,251,zero,Blind zero-depth,checkpoint/2026-05-09-16-48-43/checkpoint0014.pth
specular,0.0,1.0,0.0,1.7069225311279297,0.6431808471679688,0.6074942350387573,right,0.5,0.5,0.5,24,collision,252,zero,Blind zero-depth,checkpoint/2026-05-09-16-48-43/checkpoint0014.pth
specular,0.0,1.0,0.0,1.79596745967865,0.6195482015609741,0.7092145681381226,far_left,0.5,0.5,0.5,23,collision,253,zero,Blind zero-depth,checkpoint/2026-05-09-16-48-43/checkpoint0014.pth
specular,0.0,1.0,0.0,1.7897309064865112,0.5938294529914856,0.672258734703064,far_right,0.5,0.5,0.5,24,collision,254,zero,Blind zero-depth,checkpoint/2026-05-09-16-48-43/checkpoint0014.pth
specular,0.0,1.0,0.0,1.7865885496139526,0.6257937550544739,0.7513678669929504,far_left,0.5,0.5,0.5,23,collision,255,zero,Blind zero-depth,checkpoint/2026-05-09-16-48-43/checkpoint0014.pth
specular,0.0,1.0,0.0,1.7583059072494507,0.6025614142417908,0.6096884608268738,left,0.5,0.5,0.5,25,collision,256,zero,Blind zero-depth,checkpoint/2026-05-09-16-48-43/checkpoint0014.pth
specular,0.0,1.0,0.0,1.770004153251648,0.5975340008735657,0.6604335308074951,far_right,0.5,0.5,0.5,25,collision,257,zero,Blind zero-depth,checkpoint/2026-05-09-16-48-43/checkpoint0014.pth
specular,0.0,1.0,0.0,1.6068450212478638,0.6697351336479187,0.6011525988578796,left,0.5,0.5,0.5,25,collision,258,zero,Blind zero-depth,checkpoint/2026-05-09-16-48-43/checkpoint0014.pth
specular,0.0,1.0,0.0,1.7720426321029663,0.644325315952301,0.7373868823051453,far_left,0.5,0.5,0.5,23,collision,259,zero,Blind zero-depth,checkpoint/2026-05-09-16-48-43/checkpoint0014.pth
specular,0.0,1.0,0.0,1.7720764875411987,0.6298071146011353,0.6661005616188049,far_left,0.5,0.5,0.5,24,collision,260,zero,Blind zero-depth,checkpoint/2026-05-09-16-48-43/checkpoint0014.pth
specular,0.0,1.0,0.0,1.704298973083496,0.6477625370025635,0.6036131381988525,right,0.5,0.5,0.5,24,collision,261,zero,Blind zero-depth,checkpoint/2026-05-09-16-48-43/checkpoint0014.pth
specular,0.0,1.0,0.0,1.7114375829696655,0.673069953918457,0.7048170566558838,far_left,0.5,0.5,0.5,24,collision,262,zero,Blind zero-depth,checkpoint/2026-05-09-16-48-43/checkpoint0014.pth
specular,0.0,1.0,0.0,1.803890585899353,0.6604342460632324,0.7648884654045105,far_left,0.5,0.5,0.5,23,collision,263,zero,Blind zero-depth,checkpoint/2026-05-09-16-48-43/checkpoint0014.pth
specular,0.0,1.0,0.0,1.7261016368865967,0.6125984191894531,0.7331365942955017,far_right,0.5,0.5,0.5,26,collision,264,zero,Blind zero-depth,checkpoint/2026-05-09-16-48-43/checkpoint0014.pth
specular,0.0,1.0,0.0,1.7275123596191406,0.6564680933952332,0.6326364278793335,left,0.5,0.5,0.5,24,collision,265,zero,Blind zero-depth,checkpoint/2026-05-09-16-48-43/checkpoint0014.pth
specular,0.0,1.0,0.0,1.6340163946151733,0.6687954664230347,0.6045584678649902,left,0.5,0.5,0.5,25,collision,266,zero,Blind zero-depth,checkpoint/2026-05-09-16-48-43/checkpoint0014.pth
specular,0.0,1.0,0.0,1.7620750665664673,0.6340273022651672,0.7293365597724915,far_left,0.5,0.5,0.5,24,collision,267,zero,Blind zero-depth,checkpoint/2026-05-09-16-48-43/checkpoint0014.pth
specular,0.0,1.0,0.0,1.6810317039489746,0.6634910702705383,0.6085384488105774,left,0.5,0.5,0.5,24,collision,268,zero,Blind zero-depth,checkpoint/2026-05-09-16-48-43/checkpoint0014.pth
specular,0.0,1.0,0.0,1.7257447242736816,0.6229902505874634,0.6798381805419922,far_right,0.5,0.5,0.5,25,collision,269,zero,Blind zero-depth,checkpoint/2026-05-09-16-48-43/checkpoint0014.pth
specular,0.0,1.0,0.0,1.7851825952529907,0.6506264209747314,0.6548888087272644,right,0.5,0.5,0.5,23,collision,270,zero,Blind zero-depth,checkpoint/2026-05-09-16-48-43/checkpoint0014.pth
specular,0.0,1.0,0.0,1.7253308296203613,0.6334130167961121,0.6488463878631592,right,0.5,0.5,0.5,24,collision,271,zero,Blind zero-depth,checkpoint/2026-05-09-16-48-43/checkpoint0014.pth
specular,0.0,1.0,0.0,1.712563157081604,0.655846893787384,0.6992976665496826,far_right,0.5,0.5,0.5,23,collision,272,zero,Blind zero-depth,checkpoint/2026-05-09-16-48-43/checkpoint0014.pth
specular,0.0,1.0,0.0,1.757847547531128,0.6161155104637146,0.7250969409942627,far_right,0.5,0.5,0.5,24,collision,273,zero,Blind zero-depth,checkpoint/2026-05-09-16-48-43/checkpoint0014.pth
specular,0.0,1.0,0.0,1.8047425746917725,0.6332187056541443,0.6287353038787842,left,0.5,0.5,0.5,23,collision,274,zero,Blind zero-depth,checkpoint/2026-05-09-16-48-43/checkpoint0014.pth
specular,0.0,1.0,0.0,1.765171766281128,0.6043573617935181,0.6829246878623962,far_right,0.5,0.5,0.5,25,collision,275,zero,Blind zero-depth,checkpoint/2026-05-09-16-48-43/checkpoint0014.pth
specular,0.0,1.0,0.0,1.8028215169906616,0.6270058155059814,0.7063644528388977,far_right,0.5,0.5,0.5,24,collision,276,zero,Blind zero-depth,checkpoint/2026-05-09-16-48-43/checkpoint0014.pth
specular,0.0,1.0,0.0,1.707021713256836,0.6628562808036804,0.6038081049919128,left,0.5,0.5,0.5,24,collision,277,zero,Blind zero-depth,checkpoint/2026-05-09-16-48-43/checkpoint0014.pth
specular,0.0,1.0,0.0,1.7729665040969849,0.6675033569335938,0.6153342723846436,left,0.5,0.5,0.5,22,collision,278,zero,Blind zero-depth,checkpoint/2026-05-09-16-48-43/checkpoint0014.pth
specular,0.0,1.0,0.0,1.7773905992507935,0.6441019177436829,0.6796875,far_left,0.5,0.5,0.5,23,collision,279,zero,Blind zero-depth,checkpoint/2026-05-09-16-48-43/checkpoint0014.pth
specular,0.0,1.0,0.0,1.7938268184661865,0.6529452204704285,0.6150047779083252,left,0.5,0.5,0.5,24,collision,280,zero,Blind zero-depth,checkpoint/2026-05-09-16-48-43/checkpoint0014.pth
specular,0.0,1.0,0.0,1.7820240259170532,0.6238678097724915,0.635316014289856,left,0.5,0.5,0.5,24,collision,281,zero,Blind zero-depth,checkpoint/2026-05-09-16-48-43/checkpoint0014.pth
specular,0.0,1.0,0.0,1.7320520877838135,0.6270239353179932,0.6369137763977051,right,0.5,0.5,0.5,24,collision,282,zero,Blind zero-depth,checkpoint/2026-05-09-16-48-43/checkpoint0014.pth
specular,0.0,1.0,0.0,1.7730516195297241,0.6449583768844604,0.6842316389083862,far_right,0.5,0.5,0.5,23,collision,283,zero,Blind zero-depth,checkpoint/2026-05-09-16-48-43/checkpoint0014.pth
specular,0.0,1.0,0.0,1.8066014051437378,0.6538078784942627,0.6703938245773315,far_right,0.5,0.5,0.5,22,collision,284,zero,Blind zero-depth,checkpoint/2026-05-09-16-48-43/checkpoint0014.pth
specular,0.0,1.0,0.0,1.763637661933899,0.6233853101730347,0.6113123893737793,right,0.5,0.5,0.5,24,collision,285,zero,Blind zero-depth,checkpoint/2026-05-09-16-48-43/checkpoint0014.pth
specular,0.0,1.0,0.0,1.7673332691192627,0.6130996346473694,0.7403193116188049,far_left,0.5,0.5,0.5,24,collision,286,zero,Blind zero-depth,checkpoint/2026-05-09-16-48-43/checkpoint0014.pth
specular,0.0,1.0,0.0,1.7394614219665527,0.630937933921814,0.6826879978179932,far_right,0.5,0.5,0.5,24,collision,287,zero,Blind zero-depth,checkpoint/2026-05-09-16-48-43/checkpoint0014.pth
specular,0.0,1.0,0.0,1.7381994724273682,0.6189116835594177,0.6566720008850098,right,0.5,0.5,0.5,25,collision,288,zero,Blind zero-depth,checkpoint/2026-05-09-16-48-43/checkpoint0014.pth
specular,0.0,1.0,0.0,1.7063835859298706,0.6447312831878662,0.7341108322143555,far_left,0.5,0.5,0.5,24,collision,289,zero,Blind zero-depth,checkpoint/2026-05-09-16-48-43/checkpoint0014.pth
specular,0.0,1.0,0.0,1.7663673162460327,0.621059000492096,0.7584981918334961,far_right,0.5,0.5,0.5,24,collision,290,zero,Blind zero-depth,checkpoint/2026-05-09-16-48-43/checkpoint0014.pth
specular,0.0,1.0,0.0,1.6974973678588867,0.6667926907539368,0.6263678669929504,right,0.5,0.5,0.5,23,collision,291,zero,Blind zero-depth,checkpoint/2026-05-09-16-48-43/checkpoint0014.pth
specular,0.0,1.0,0.0,1.7251538038253784,0.5941726565361023,0.681067943572998,far_left,0.5,0.5,0.5,25,collision,292,zero,Blind zero-depth,checkpoint/2026-05-09-16-48-43/checkpoint0014.pth
specular,0.0,1.0,0.0,1.7073091268539429,0.5969852209091187,0.6240914463996887,right,0.5,0.5,0.5,26,collision,293,zero,Blind zero-depth,checkpoint/2026-05-09-16-48-43/checkpoint0014.pth
specular,0.0,1.0,0.0,1.7292022705078125,0.6418429613113403,0.6637983322143555,far_right,0.5,0.5,0.5,24,collision,294,zero,Blind zero-depth,checkpoint/2026-05-09-16-48-43/checkpoint0014.pth
specular,0.0,1.0,0.0,1.7642910480499268,0.6176148653030396,0.6903746128082275,far_right,0.5,0.5,0.5,24,collision,295,zero,Blind zero-depth,checkpoint/2026-05-09-16-48-43/checkpoint0014.pth
specular,0.0,1.0,0.0,1.7453813552856445,0.658856213092804,0.6090264320373535,left,0.5,0.5,0.5,23,collision,296,zero,Blind zero-depth,checkpoint/2026-05-09-16-48-43/checkpoint0014.pth
specular,0.0,1.0,0.0,1.7673064470291138,0.6382841467857361,0.7233927845954895,far_right,0.5,0.5,0.5,23,collision,297,zero,Blind zero-depth,checkpoint/2026-05-09-16-48-43/checkpoint0014.pth
specular,0.0,1.0,0.0,1.7448621988296509,0.6307202577590942,0.7656313180923462,far_right,0.5,0.5,0.5,24,collision,298,zero,Blind zero-depth,checkpoint/2026-05-09-16-48-43/checkpoint0014.pth
specular,0.0,1.0,0.0,1.7866921424865723,0.6011233329772949,0.6162565350532532,left,0.5,0.5,0.5,24,collision,299,zero,Blind zero-depth,checkpoint/2026-05-09-16-48-43/checkpoint0014.pth
dark,0.0,1.0,0.0,1.7938551902770996,0.6403830647468567,0.6056134104728699,far_right,0.5,0.5,0.5,23,collision,0,zero,Blind zero-depth,checkpoint/2026-05-09-16-48-43/checkpoint0014.pth
dark,0.0,1.0,0.0,1.6669437885284424,0.6486152410507202,0.4778103232383728,right,0.5,0.5,0.5,25,collision,1,zero,Blind zero-depth,checkpoint/2026-05-09-16-48-43/checkpoint0014.pth
dark,1.0,0.0,1.0,0.06581290066242218,0.6126537919044495,0.7856433391571045,left,0.5,0.5,0.5,60,timeout,2,zero,Blind zero-depth,checkpoint/2026-05-09-16-48-43/checkpoint0014.pth
dark,0.0,1.0,0.0,1.736603856086731,0.6448559165000916,0.49404314160346985,left,0.5,0.5,0.5,24,collision,3,zero,Blind zero-depth,checkpoint/2026-05-09-16-48-43/checkpoint0014.pth
dark,0.0,1.0,0.0,1.7554070949554443,0.6321710348129272,0.5504164695739746,right,0.5,0.5,0.5,24,collision,4,zero,Blind zero-depth,checkpoint/2026-05-09-16-48-43/checkpoint0014.pth
dark,0.0,1.0,0.0,1.7912245988845825,0.6166101694107056,0.524374783039093,left,0.5,0.5,0.5,24,collision,5,zero,Blind zero-depth,checkpoint/2026-05-09-16-48-43/checkpoint0014.pth
dark,0.0,1.0,0.0,1.700229287147522,0.6481937170028687,0.5154488682746887,right,0.5,0.5,0.5,24,collision,6,zero,Blind zero-depth,checkpoint/2026-05-09-16-48-43/checkpoint0014.pth
dark,0.0,1.0,0.0,1.7634259462356567,0.6209618449211121,0.5129328370094299,left,0.5,0.5,0.5,24,collision,7,zero,Blind zero-depth,checkpoint/2026-05-09-16-48-43/checkpoint0014.pth
dark,0.0,1.0,0.0,1.8032923936843872,0.6530852913856506,0.5639536380767822,left,0.5,0.5,0.5,22,collision,8,zero,Blind zero-depth,checkpoint/2026-05-09-16-48-43/checkpoint0014.pth
dark,0.0,1.0,0.0,1.737821340560913,0.6124298572540283,0.6384611129760742,far_right,0.5,0.5,0.5,24,collision,9,zero,Blind zero-depth,checkpoint/2026-05-09-16-48-43/checkpoint0014.pth
dark,0.0,1.0,0.0,1.8057637214660645,0.61440110206604,0.690072774887085,far_left,0.5,0.5,0.5,24,collision,10,zero,Blind zero-depth,checkpoint/2026-05-09-16-48-43/checkpoint0014.pth
dark,0.0,1.0,0.0,1.7713360786437988,0.6070403456687927,0.513358473777771,right,0.5,0.5,0.5,25,collision,11,zero,Blind zero-depth,checkpoint/2026-05-09-16-48-43/checkpoint0014.pth
dark,0.0,1.0,0.0,1.7461704015731812,0.6624055504798889,0.6512916088104248,far_right,0.5,0.5,0.5,23,collision,12,zero,Blind zero-depth,checkpoint/2026-05-09-16-48-43/checkpoint0014.pth
dark,0.0,1.0,0.0,1.7401642799377441,0.6500146389007568,0.5986501574516296,far_left,0.5,0.5,0.5,24,collision,13,zero,Blind zero-depth,checkpoint/2026-05-09-16-48-43/checkpoint0014.pth
dark,0.0,1.0,0.0,1.7339107990264893,0.6281198859214783,0.5208648443222046,left,0.5,0.5,0.5,24,collision,14,zero,Blind zero-depth,checkpoint/2026-05-09-16-48-43/checkpoint0014.pth
dark,0.0,1.0,0.0,1.788436770439148,0.639130175113678,0.6477667689323425,far_left,0.5,0.5,0.5,23,collision,15,zero,Blind zero-depth,checkpoint/2026-05-09-16-48-43/checkpoint0014.pth
dark,0.0,1.0,0.0,1.7133985757827759,0.61634361743927,0.5125687122344971,right,0.5,0.5,0.5,25,collision,16,zero,Blind zero-depth,checkpoint/2026-05-09-16-48-43/checkpoint0014.pth
dark,0.0,1.0,0.0,1.7000830173492432,0.6596351265907288,0.5623050332069397,far_right,0.5,0.5,0.5,24,collision,17,zero,Blind zero-depth,checkpoint/2026-05-09-16-48-43/checkpoint0014.pth
dark,0.0,1.0,0.0,1.7133325338363647,0.6525974273681641,0.6124509572982788,far_right,0.5,0.5,0.5,24,collision,18,zero,Blind zero-depth,checkpoint/2026-05-09-16-48-43/checkpoint0014.pth
dark,0.0,1.0,0.0,1.7099729776382446,0.6301674246788025,0.6904417872428894,far_right,0.5,0.5,0.5,25,collision,19,zero,Blind zero-depth,checkpoint/2026-05-09-16-48-43/checkpoint0014.pth
dark,0.0,1.0,0.0,1.7805613279342651,0.6200517416000366,0.6448143124580383,far_right,0.5,0.5,0.5,24,collision,20,zero,Blind zero-depth,checkpoint/2026-05-09-16-48-43/checkpoint0014.pth
dark,0.0,1.0,0.0,1.8103853464126587,0.6260030269622803,0.5530040264129639,right,0.5,0.5,0.5,23,collision,21,zero,Blind zero-depth,checkpoint/2026-05-09-16-48-43/checkpoint0014.pth
dark,0.0,1.0,0.0,1.6445823907852173,0.6810771822929382,0.486841082572937,left,0.5,0.5,0.5,23,collision,22,zero,Blind zero-depth,checkpoint/2026-05-09-16-48-43/checkpoint0014.pth
dark,0.0,1.0,0.0,1.7927731275558472,0.6060282588005066,0.6910747289657593,far_right,0.5,0.5,0.5,25,collision,23,zero,Blind zero-depth,checkpoint/2026-05-09-16-48-43/checkpoint0014.pth
dark,0.0,1.0,0.0,1.7586637735366821,0.6318762898445129,0.5139958262443542,right,0.5,0.5,0.5,24,collision,24,zero,Blind zero-depth,checkpoint/2026-05-09-16-48-43/checkpoint0014.pth
dark,0.0,1.0,0.0,1.7764174938201904,0.6095423698425293,0.6511171460151672,far_right,0.5,0.5,0.5,24,collision,25,zero,Blind zero-depth,checkpoint/2026-05-09-16-48-43/checkpoint0014.pth
dark,0.0,1.0,0.0,1.689386248588562,0.6340216398239136,0.48907697200775146,left,0.5,0.5,0.5,25,collision,26,zero,Blind zero-depth,checkpoint/2026-05-09-16-48-43/checkpoint0014.pth
dark,0.0,1.0,0.0,1.7236870527267456,0.6634085178375244,0.5020883679389954,right,0.5,0.5,0.5,24,collision,27,zero,Blind zero-depth,checkpoint/2026-05-09-16-48-43/checkpoint0014.pth
dark,0.0,1.0,0.0,1.7350541353225708,0.6130052208900452,0.6346511244773865,far_right,0.5,0.5,0.5,25,collision,28,zero,Blind zero-depth,checkpoint/2026-05-09-16-48-43/checkpoint0014.pth
dark,0.0,1.0,0.0,1.7860321998596191,0.6061803102493286,0.643260657787323,far_left,0.5,0.5,0.5,24,collision,29,zero,Blind zero-depth,checkpoint/2026-05-09-16-48-43/checkpoint0014.pth
dark,0.0,1.0,0.0,1.746432900428772,0.6310461163520813,0.5822136998176575,far_left,0.5,0.5,0.5,24,collision,30,zero,Blind zero-depth,checkpoint/2026-05-09-16-48-43/checkpoint0014.pth
dark,0.0,1.0,0.0,1.7538028955459595,0.6097413301467896,0.516581118106842,left,0.5,0.5,0.5,24,collision,31,zero,Blind zero-depth,checkpoint/2026-05-09-16-48-43/checkpoint0014.pth
dark,0.0,1.0,0.0,1.7424437999725342,0.6647697687149048,0.6864938139915466,far_left,0.5,0.5,0.5,23,collision,32,zero,Blind zero-depth,checkpoint/2026-05-09-16-48-43/checkpoint0014.pth
dark,0.0,1.0,0.0,1.7695170640945435,0.6280934810638428,0.6871477365493774,far_left,0.5,0.5,0.5,24,collision,33,zero,Blind zero-depth,checkpoint/2026-05-09-16-48-43/checkpoint0014.pth
dark,0.0,1.0,0.0,1.7499704360961914,0.6569228172302246,0.7019347548484802,far_right,0.5,0.5,0.5,23,collision,34,zero,Blind zero-depth,checkpoint/2026-05-09-16-48-43/checkpoint0014.pth
dark,0.0,1.0,0.0,1.6989630460739136,0.6159672141075134,0.5010879635810852,left,0.5,0.5,0.5,26,collision,35,zero,Blind zero-depth,checkpoint/2026-05-09-16-48-43/checkpoint0014.pth
dark,0.0,1.0,0.0,1.7232227325439453,0.6454341411590576,0.5901134014129639,far_left,0.5,0.5,0.5,23,collision,36,zero,Blind zero-depth,checkpoint/2026-05-09-16-48-43/checkpoint0014.pth
dark,0.0,1.0,0.0,1.767077922821045,0.6430490612983704,0.6400777697563171,far_left,0.5,0.5,0.5,24,collision,37,zero,Blind zero-depth,checkpoint/2026-05-09-16-48-43/checkpoint0014.pth
dark,0.0,1.0,0.0,1.7946398258209229,0.6380569934844971,0.5952362418174744,far_right,0.5,0.5,0.5,23,collision,38,zero,Blind zero-depth,checkpoint/2026-05-09-16-48-43/checkpoint0014.pth
dark,0.0,1.0,0.0,1.7923389673233032,0.6081624031066895,0.5189462900161743,left,0.5,0.5,0.5,24,collision,39,zero,Blind zero-depth,checkpoint/2026-05-09-16-48-43/checkpoint0014.pth
dark,0.0,1.0,0.0,1.7038767337799072,0.6674197912216187,0.5422139763832092,left,0.5,0.5,0.5,24,collision,40,zero,Blind zero-depth,checkpoint/2026-05-09-16-48-43/checkpoint0014.pth
dark,0.0,1.0,0.0,1.7527247667312622,0.6535700559616089,0.7075507640838623,far_right,0.5,0.5,0.5,23,collision,41,zero,Blind zero-depth,checkpoint/2026-05-09-16-48-43/checkpoint0014.pth
dark,0.0,1.0,0.0,1.7973604202270508,0.6349731087684631,0.5367148518562317,right,0.5,0.5,0.5,23,collision,42,zero,Blind zero-depth,checkpoint/2026-05-09-16-48-43/checkpoint0014.pth
dark,0.0,1.0,0.0,1.790883183479309,0.6318031549453735,0.6604982018470764,far_left,0.5,0.5,0.5,23,collision,43,zero,Blind zero-depth,checkpoint/2026-05-09-16-48-43/checkpoint0014.pth
dark,0.0,1.0,0.0,1.664206862449646,0.6879980564117432,0.4889103174209595,right,0.5,0.5,0.5,24,collision,44,zero,Blind zero-depth,checkpoint/2026-05-09-16-48-43/checkpoint0014.pth
dark,0.0,1.0,0.0,1.7545253038406372,0.6367839574813843,0.5646306872367859,far_left,0.5,0.5,0.5,23,collision,45,zero,Blind zero-depth,checkpoint/2026-05-09-16-48-43/checkpoint0014.pth
dark,0.0,1.0,0.0,1.8005355596542358,0.6291254758834839,0.6734532713890076,far_left,0.5,0.5,0.5,23,collision,46,zero,Blind zero-depth,checkpoint/2026-05-09-16-48-43/checkpoint0014.pth
dark,0.0,1.0,0.0,1.7366400957107544,0.6399129033088684,0.5151406526565552,left,0.5,0.5,0.5,24,collision,47,zero,Blind zero-depth,checkpoint/2026-05-09-16-48-43/checkpoint0014.pth
dark,0.0,1.0,0.0,1.7539212703704834,0.6612036824226379,0.6667784452438354,far_left,0.5,0.5,0.5,23,collision,48,zero,Blind zero-depth,checkpoint/2026-05-09-16-48-43/checkpoint0014.pth
dark,0.0,1.0,0.0,1.7414432764053345,0.6339854001998901,0.6184830069541931,far_right,0.5,0.5,0.5,23,collision,49,zero,Blind zero-depth,checkpoint/2026-05-09-16-48-43/checkpoint0014.pth
dark,1.0,0.0,1.0,0.1682785600423813,0.56446373462677,0.7843388915061951,right,0.5,0.5,0.5,60,timeout,50,zero,Blind zero-depth,checkpoint/2026-05-09-16-48-43/checkpoint0014.pth
dark,0.0,1.0,0.0,1.7753337621688843,0.5866059064865112,0.559851884841919,right,0.5,0.5,0.5,24,collision,51,zero,Blind zero-depth,checkpoint/2026-05-09-16-48-43/checkpoint0014.pth
dark,0.0,1.0,0.0,1.7045146226882935,0.6682208180427551,0.5031302571296692,right,0.5,0.5,0.5,23,collision,52,zero,Blind zero-depth,checkpoint/2026-05-09-16-48-43/checkpoint0014.pth
dark,0.0,1.0,0.0,1.7798084020614624,0.6141529083251953,0.6584705114364624,far_right,0.5,0.5,0.5,24,collision,53,zero,Blind zero-depth,checkpoint/2026-05-09-16-48-43/checkpoint0014.pth
dark,0.0,1.0,0.0,1.7935742139816284,0.6008222699165344,0.5065355896949768,left,0.5,0.5,0.5,24,collision,54,zero,Blind zero-depth,checkpoint/2026-05-09-16-48-43/checkpoint0014.pth
dark,0.0,1.0,0.0,1.7831940650939941,0.6425074338912964,0.6047125458717346,far_left,0.5,0.5,0.5,23,collision,55,zero,Blind zero-depth,checkpoint/2026-05-09-16-48-43/checkpoint0014.pth
dark,0.0,1.0,0.0,1.7866097688674927,0.6493008136749268,0.5800333619117737,far_left,0.5,0.5,0.5,22,collision,56,zero,Blind zero-depth,checkpoint/2026-05-09-16-48-43/checkpoint0014.pth
dark,0.0,1.0,0.0,1.7584172487258911,0.6586902737617493,0.6212573051452637,far_left,0.5,0.5,0.5,24,collision,57,zero,Blind zero-depth,checkpoint/2026-05-09-16-48-43/checkpoint0014.pth
dark,0.0,1.0,0.0,1.7284181118011475,0.6344308853149414,0.5087434649467468,left,0.5,0.5,0.5,24,collision,58,zero,Blind zero-depth,checkpoint/2026-05-09-16-48-43/checkpoint0014.pth
dark,0.0,1.0,0.0,1.8003404140472412,0.629252552986145,0.6419271230697632,far_left,0.5,0.5,0.5,23,collision,59,zero,Blind zero-depth,checkpoint/2026-05-09-16-48-43/checkpoint0014.pth
dark,0.0,1.0,0.0,1.6665747165679932,0.6682680249214172,0.49082881212234497,left,0.5,0.5,0.5,24,collision,60,zero,Blind zero-depth,checkpoint/2026-05-09-16-48-43/checkpoint0014.pth
dark,0.0,1.0,0.0,1.7290418148040771,0.6651579737663269,0.6743345260620117,far_right,0.5,0.5,0.5,23,collision,61,zero,Blind zero-depth,checkpoint/2026-05-09-16-48-43/checkpoint0014.pth
dark,0.0,1.0,0.0,1.7279441356658936,0.6605333089828491,0.47710976004600525,right,0.5,0.5,0.5,24,collision,62,zero,Blind zero-depth,checkpoint/2026-05-09-16-48-43/checkpoint0014.pth
dark,0.0,1.0,0.0,1.713219404220581,0.6536466479301453,0.671157956123352,far_right,0.5,0.5,0.5,24,collision,63,zero,Blind zero-depth,checkpoint/2026-05-09-16-48-43/checkpoint0014.pth
dark,0.0,1.0,0.0,1.738409161567688,0.6382066607475281,0.49880483746528625,left,0.5,0.5,0.5,24,collision,64,zero,Blind zero-depth,checkpoint/2026-05-09-16-48-43/checkpoint0014.pth
dark,0.0,1.0,0.0,1.749386191368103,0.6412623524665833,0.6386061906814575,far_left,0.5,0.5,0.5,23,collision,65,zero,Blind zero-depth,checkpoint/2026-05-09-16-48-43/checkpoint0014.pth
dark,0.0,1.0,0.0,1.7313677072525024,0.6087772846221924,0.5537711977958679,far_right,0.5,0.5,0.5,25,collision,66,zero,Blind zero-depth,checkpoint/2026-05-09-16-48-43/checkpoint0014.pth
dark,0.0,1.0,0.0,1.7270199060440063,0.6565036177635193,0.5051328539848328,left,0.5,0.5,0.5,24,collision,67,zero,Blind zero-depth,checkpoint/2026-05-09-16-48-43/checkpoint0014.pth
dark,0.0,1.0,0.0,1.6965501308441162,0.6801781058311462,0.4887941777706146,left,0.5,0.5,0.5,23,collision,68,zero,Blind zero-depth,checkpoint/2026-05-09-16-48-43/checkpoint0014.pth
dark,0.0,1.0,0.0,1.7911934852600098,0.5966007709503174,0.5538131594657898,right,0.5,0.5,0.5,24,collision,69,zero,Blind zero-depth,checkpoint/2026-05-09-16-48-43/checkpoint0014.pth
dark,0.0,1.0,0.0,1.7662962675094604,0.6371452808380127,0.7101953029632568,far_right,0.5,0.5,0.5,24,collision,70,zero,Blind zero-depth,checkpoint/2026-05-09-16-48-43/checkpoint0014.pth
dark,0.0,1.0,0.0,1.7325280904769897,0.6722535490989685,0.5756392478942871,far_left,0.5,0.5,0.5,23,collision,71,zero,Blind zero-depth,checkpoint/2026-05-09-16-48-43/checkpoint0014.pth
dark,0.0,1.0,0.0,1.7696495056152344,0.6446291208267212,0.5348405838012695,right,0.5,0.5,0.5,23,collision,72,zero,Blind zero-depth,checkpoint/2026-05-09-16-48-43/checkpoint0014.pth
dark,0.0,1.0,0.0,1.800620198249817,0.6070196628570557,0.5121338963508606,left,0.5,0.5,0.5,24,collision,73,zero,Blind zero-depth,checkpoint/2026-05-09-16-48-43/checkpoint0014.pth
dark,0.0,1.0,0.0,1.7374080419540405,0.6196413040161133,0.5948953628540039,far_left,0.5,0.5,0.5,25,collision,74,zero,Blind zero-depth,checkpoint/2026-05-09-16-48-43/checkpoint0014.pth
dark,0.0,1.0,0.0,1.7343720197677612,0.6184043884277344,0.5296043157577515,right,0.5,0.5,0.5,25,collision,75,zero,Blind zero-depth,checkpoint/2026-05-09-16-48-43/checkpoint0014.pth
dark,0.0,1.0,0.0,1.6923422813415527,0.6722574234008789,0.4828968048095703,right,0.5,0.5,0.5,24,collision,76,zero,Blind zero-depth,checkpoint/2026-05-09-16-48-43/checkpoint0014.pth
dark,0.0,1.0,0.0,1.7242313623428345,0.6229416728019714,0.6409565806388855,far_left,0.5,0.5,0.5,25,collision,77,zero,Blind zero-depth,checkpoint/2026-05-09-16-48-43/checkpoint0014.pth
dark,0.0,1.0,0.0,1.7931993007659912,0.6441953182220459,0.5674716234207153,far_right,0.5,0.5,0.5,23,collision,78,zero,Blind zero-depth,checkpoint/2026-05-09-16-48-43/checkpoint0014.pth
dark,0.0,1.0,0.0,1.7767930030822754,0.6406477689743042,0.5542205572128296,far_right,0.5,0.5,0.5,23,collision,79,zero,Blind zero-depth,checkpoint/2026-05-09-16-48-43/checkpoint0014.pth
dark,0.0,1.0,0.0,1.7582863569259644,0.5979198217391968,0.5018386244773865,right,0.5,0.5,0.5,25,collision,80,zero,Blind zero-depth,checkpoint/2026-05-09-16-48-43/checkpoint0014.pth
dark,0.0,1.0,0.0,1.7910035848617554,0.5971720218658447,0.5189022421836853,right,0.5,0.5,0.5,24,collision,81,zero,Blind zero-depth,checkpoint/2026-05-09-16-48-43/checkpoint0014.pth
dark,0.0,1.0,0.0,1.7582370042800903,0.6445847153663635,0.6859085559844971,far_right,0.5,0.5,0.5,23,collision,82,zero,Blind zero-depth,checkpoint/2026-05-09-16-48-43/checkpoint0014.pth
dark,0.0,1.0,0.0,1.7119767665863037,0.622657835483551,0.6863968372344971,far_left,0.5,0.5,0.5,25,collision,83,zero,Blind zero-depth,checkpoint/2026-05-09-16-48-43/checkpoint0014.pth
dark,0.0,1.0,0.0,1.789983868598938,0.6363547444343567,0.6691854000091553,far_left,0.5,0.5,0.5,23,collision,84,zero,Blind zero-depth,checkpoint/2026-05-09-16-48-43/checkpoint0014.pth
dark,0.0,1.0,0.0,1.739087700843811,0.6483036875724792,0.6902047991752625,far_right,0.5,0.5,0.5,24,collision,85,zero,Blind zero-depth,checkpoint/2026-05-09-16-48-43/checkpoint0014.pth
dark,0.0,1.0,0.0,1.7173064947128296,0.6583288311958313,0.6986861228942871,far_left,0.5,0.5,0.5,23,collision,86,zero,Blind zero-depth,checkpoint/2026-05-09-16-48-43/checkpoint0014.pth
dark,0.0,1.0,0.0,1.79241144657135,0.65511554479599,0.6770768165588379,far_right,0.5,0.5,0.5,23,collision,87,zero,Blind zero-depth,checkpoint/2026-05-09-16-48-43/checkpoint0014.pth
dark,0.0,1.0,0.0,1.7823691368103027,0.6199068427085876,0.5819523930549622,far_left,0.5,0.5,0.5,23,collision,88,zero,Blind zero-depth,checkpoint/2026-05-09-16-48-43/checkpoint0014.pth
dark,0.0,1.0,0.0,1.7488564252853394,0.6338843703269958,0.5000197887420654,right,0.5,0.5,0.5,23,collision,89,zero,Blind zero-depth,checkpoint/2026-05-09-16-48-43/checkpoint0014.pth
dark,0.0,1.0,0.0,1.7801520824432373,0.624932050704956,0.6833965182304382,far_right,0.5,0.5,0.5,23,collision,90,zero,Blind zero-depth,checkpoint/2026-05-09-16-48-43/checkpoint0014.pth
dark,0.0,1.0,0.0,1.711748719215393,0.6180256009101868,0.5119965076446533,right,0.5,0.5,0.5,26,collision,91,zero,Blind zero-depth,checkpoint/2026-05-09-16-48-43/checkpoint0014.pth
dark,0.0,1.0,0.0,1.8064171075820923,0.6202998161315918,0.6164115071296692,far_right,0.5,0.5,0.5,23,collision,92,zero,Blind zero-depth,checkpoint/2026-05-09-16-48-43/checkpoint0014.pth
dark,0.0,1.0,0.0,1.7870171070098877,0.6308429837226868,0.6541587710380554,far_right,0.5,0.5,0.5,23,collision,93,zero,Blind zero-depth,checkpoint/2026-05-09-16-48-43/checkpoint0014.pth
dark,0.0,1.0,0.0,1.6956676244735718,0.6669057607650757,0.6357312202453613,far_left,0.5,0.5,0.5,24,collision,94,zero,Blind zero-depth,checkpoint/2026-05-09-16-48-43/checkpoint0014.pth
dark,0.0,1.0,0.0,1.7440185546875,0.6167521476745605,0.6905080676078796,far_left,0.5,0.5,0.5,25,collision,95,zero,Blind zero-depth,checkpoint/2026-05-09-16-48-43/checkpoint0014.pth
dark,0.0,1.0,0.0,1.7758079767227173,0.6366527080535889,0.5776646733283997,far_right,0.5,0.5,0.5,23,collision,96,zero,Blind zero-depth,checkpoint/2026-05-09-16-48-43/checkpoint0014.pth
dark,0.0,1.0,0.0,1.8014683723449707,0.6008650064468384,0.5600531101226807,left,0.5,0.5,0.5,24,collision,97,zero,Blind zero-depth,checkpoint/2026-05-09-16-48-43/checkpoint0014.pth
dark,0.0,1.0,0.0,1.7047467231750488,0.6457597613334656,0.6103877425193787,far_left,0.5,0.5,0.5,24,collision,98,zero,Blind zero-depth,checkpoint/2026-05-09-16-48-43/checkpoint0014.pth
dark,0.0,1.0,0.0,1.6855499744415283,0.6564907431602478,0.4782860577106476,right,0.5,0.5,0.5,24,collision,99,zero,Blind zero-depth,checkpoint/2026-05-09-16-48-43/checkpoint0014.pth
dark,1.0,0.0,1.0,0.03873785585165024,0.6094501614570618,0.7922430038452148,left,0.5,0.5,0.5,60,timeout,100,zero,Blind zero-depth,checkpoint/2026-05-09-16-48-43/checkpoint0014.pth
dark,0.0,1.0,0.0,1.7341281175613403,0.6303527355194092,0.7084900736808777,far_left,0.5,0.5,0.5,25,collision,101,zero,Blind zero-depth,checkpoint/2026-05-09-16-48-43/checkpoint0014.pth
dark,0.0,1.0,0.0,1.7088063955307007,0.6522055268287659,0.499597430229187,right,0.5,0.5,0.5,24,collision,102,zero,Blind zero-depth,checkpoint/2026-05-09-16-48-43/checkpoint0014.pth
dark,0.0,1.0,0.0,1.6972236633300781,0.6830347180366516,0.486499160528183,left,0.5,0.5,0.5,23,collision,103,zero,Blind zero-depth,checkpoint/2026-05-09-16-48-43/checkpoint0014.pth
dark,0.0,1.0,0.0,1.713245153427124,0.6420489549636841,0.5845662355422974,far_right,0.5,0.5,0.5,24,collision,104,zero,Blind zero-depth,checkpoint/2026-05-09-16-48-43/checkpoint0014.pth
dark,0.0,1.0,0.0,1.7360408306121826,0.648881196975708,0.6239746809005737,far_left,0.5,0.5,0.5,24,collision,105,zero,Blind zero-depth,checkpoint/2026-05-09-16-48-43/checkpoint0014.pth
dark,0.0,1.0,0.0,1.8028371334075928,0.6141888499259949,0.509466826915741,left,0.5,0.5,0.5,24,collision,106,zero,Blind zero-depth,checkpoint/2026-05-09-16-48-43/checkpoint0014.pth
dark,0.0,1.0,0.0,1.7638901472091675,0.6073159575462341,0.5385138988494873,right,0.5,0.5,0.5,25,collision,107,zero,Blind zero-depth,checkpoint/2026-05-09-16-48-43/checkpoint0014.pth
dark,0.0,1.0,0.0,1.7861301898956299,0.6097186803817749,0.542566180229187,left,0.5,0.5,0.5,24,collision,108,zero,Blind zero-depth,checkpoint/2026-05-09-16-48-43/checkpoint0014.pth
dark,0.0,1.0,0.0,1.7351248264312744,0.6423991918563843,0.5691236257553101,far_right,0.5,0.5,0.5,24,collision,109,zero,Blind zero-depth,checkpoint/2026-05-09-16-48-43/checkpoint0014.pth
dark,0.0,1.0,0.0,1.7679994106292725,0.676093339920044,0.5730062127113342,far_right,0.5,0.5,0.5,22,collision,110,zero,Blind zero-depth,checkpoint/2026-05-09-16-48-43/checkpoint0014.pth
dark,0.0,1.0,0.0,1.7649707794189453,0.6299558877944946,0.6223769783973694,far_left,0.5,0.5,0.5,24,collision,111,zero,Blind zero-depth,checkpoint/2026-05-09-16-48-43/checkpoint0014.pth
dark,0.0,1.0,0.0,1.7845158576965332,0.6268149018287659,0.6384680271148682,far_right,0.5,0.5,0.5,23,collision,112,zero,Blind zero-depth,checkpoint/2026-05-09-16-48-43/checkpoint0014.pth
dark,0.0,1.0,0.0,1.7650221586227417,0.6591445803642273,0.5497487783432007,right,0.5,0.5,0.5,23,collision,113,zero,Blind zero-depth,checkpoint/2026-05-09-16-48-43/checkpoint0014.pth
dark,0.0,1.0,0.0,1.772201418876648,0.6073522567749023,0.6247106790542603,far_right,0.5,0.5,0.5,25,collision,114,zero,Blind zero-depth,checkpoint/2026-05-09-16-48-43/checkpoint0014.pth
dark,0.0,1.0,0.0,1.7958691120147705,0.6540391445159912,0.5137166380882263,right,0.5,0.5,0.5,22,collision,115,zero,Blind zero-depth,checkpoint/2026-05-09-16-48-43/checkpoint0014.pth
dark,0.0,1.0,0.0,1.5041946172714233,0.7176840305328369,0.48439309000968933,right,0.5,0.5,0.5,25,collision,116,zero,Blind zero-depth,checkpoint/2026-05-09-16-48-43/checkpoint0014.pth
dark,0.0,1.0,0.0,1.7289769649505615,0.6559634804725647,0.5793641805648804,far_left,0.5,0.5,0.5,24,collision,117,zero,Blind zero-depth,checkpoint/2026-05-09-16-48-43/checkpoint0014.pth
dark,1.0,0.0,1.0,0.05964118614792824,0.6004025936126709,0.788001537322998,left,0.5,0.5,0.5,60,timeout,118,zero,Blind zero-depth,checkpoint/2026-05-09-16-48-43/checkpoint0014.pth
dark,0.0,1.0,0.0,1.691274642944336,0.6629883050918579,0.572526752948761,far_left,0.5,0.5,0.5,24,collision,119,zero,Blind zero-depth,checkpoint/2026-05-09-16-48-43/checkpoint0014.pth
dark,0.0,1.0,0.0,1.7354437112808228,0.6227063536643982,0.4956471621990204,left,0.5,0.5,0.5,24,collision,120,zero,Blind zero-depth,checkpoint/2026-05-09-16-48-43/checkpoint0014.pth
dark,0.0,1.0,0.0,1.7109202146530151,0.658341646194458,0.6985348463058472,far_left,0.5,0.5,0.5,23,collision,121,zero,Blind zero-depth,checkpoint/2026-05-09-16-48-43/checkpoint0014.pth
dark,0.0,1.0,0.0,1.7468281984329224,0.643113911151886,0.6409521102905273,far_right,0.5,0.5,0.5,24,collision,122,zero,Blind zero-depth,checkpoint/2026-05-09-16-48-43/checkpoint0014.pth
dark,0.0,1.0,0.0,1.7423810958862305,0.6512271165847778,0.6935829520225525,far_left,0.5,0.5,0.5,23,collision,123,zero,Blind zero-depth,checkpoint/2026-05-09-16-48-43/checkpoint0014.pth
dark,0.0,1.0,0.0,1.665077567100525,0.6429810523986816,0.49405622482299805,left,0.5,0.5,0.5,25,collision,124,zero,Blind zero-depth,checkpoint/2026-05-09-16-48-43/checkpoint0014.pth
dark,0.0,1.0,0.0,1.7267436981201172,0.6470813155174255,0.5075626373291016,right,0.5,0.5,0.5,23,collision,125,zero,Blind zero-depth,checkpoint/2026-05-09-16-48-43/checkpoint0014.pth
dark,0.0,1.0,0.0,1.7680034637451172,0.6177183985710144,0.602499783039093,far_left,0.5,0.5,0.5,24,collision,126,zero,Blind zero-depth,checkpoint/2026-05-09-16-48-43/checkpoint0014.pth
dark,0.0,1.0,0.0,1.801377773284912,0.6223112344741821,0.6231586933135986,far_left,0.5,0.5,0.5,23,collision,127,zero,Blind zero-depth,checkpoint/2026-05-09-16-48-43/checkpoint0014.pth
dark,0.0,1.0,0.0,1.7452625036239624,0.6084603667259216,0.5208454132080078,left,0.5,0.5,0.5,25,collision,128,zero,Blind zero-depth,checkpoint/2026-05-09-16-48-43/checkpoint0014.pth
dark,0.0,1.0,0.0,1.790576457977295,0.6077357530593872,0.5748500823974609,far_left,0.5,0.5,0.5,23,collision,129,zero,Blind zero-depth,checkpoint/2026-05-09-16-48-43/checkpoint0014.pth
dark,0.0,1.0,0.0,1.7846163511276245,0.6115742921829224,0.6282080411911011,far_right,0.5,0.5,0.5,24,collision,130,zero,Blind zero-depth,checkpoint/2026-05-09-16-48-43/checkpoint0014.pth
dark,0.0,1.0,0.0,1.7951172590255737,0.6449148654937744,0.5197680592536926,right,0.5,0.5,0.5,23,collision,131,zero,Blind zero-depth,checkpoint/2026-05-09-16-48-43/checkpoint0014.pth
dark,0.0,1.0,0.0,1.7498774528503418,0.6386321783065796,0.5502906441688538,right,0.5,0.5,0.5,24,collision,132,zero,Blind zero-depth,checkpoint/2026-05-09-16-48-43/checkpoint0014.pth
dark,0.0,1.0,0.0,1.8011257648468018,0.6348624229431152,0.6871185898780823,far_right,0.5,0.5,0.5,23,collision,133,zero,Blind zero-depth,checkpoint/2026-05-09-16-48-43/checkpoint0014.pth
dark,0.0,1.0,0.0,1.7405657768249512,0.6313393712043762,0.5793076157569885,far_right,0.5,0.5,0.5,24,collision,134,zero,Blind zero-depth,checkpoint/2026-05-09-16-48-43/checkpoint0014.pth
dark,0.0,1.0,0.0,1.7696096897125244,0.6133934855461121,0.6735985279083252,far_right,0.5,0.5,0.5,24,collision,135,zero,Blind zero-depth,checkpoint/2026-05-09-16-48-43/checkpoint0014.pth
dark,0.0,1.0,0.0,1.7449536323547363,0.6483121514320374,0.49819469451904297,right,0.5,0.5,0.5,24,collision,136,zero,Blind zero-depth,checkpoint/2026-05-09-16-48-43/checkpoint0014.pth
dark,0.0,1.0,0.0,1.709036111831665,0.6589312553405762,0.5291553735733032,left,0.5,0.5,0.5,24,collision,137,zero,Blind zero-depth,checkpoint/2026-05-09-16-48-43/checkpoint0014.pth
dark,0.0,1.0,0.0,1.8066940307617188,0.5952349901199341,0.5872018337249756,far_right,0.5,0.5,0.5,24,collision,138,zero,Blind zero-depth,checkpoint/2026-05-09-16-48-43/checkpoint0014.pth
dark,0.0,1.0,0.0,1.7046645879745483,0.6477177739143372,0.6976032257080078,far_right,0.5,0.5,0.5,25,collision,139,zero,Blind zero-depth,checkpoint/2026-05-09-16-48-43/checkpoint0014.pth
dark,0.0,1.0,0.0,1.7483034133911133,0.6407652497291565,0.6381718516349792,far_left,0.5,0.5,0.5,24,collision,140,zero,Blind zero-depth,checkpoint/2026-05-09-16-48-43/checkpoint0014.pth
dark,0.0,1.0,0.0,1.7604039907455444,0.6483484506607056,0.6648122668266296,far_left,0.5,0.5,0.5,23,collision,141,zero,Blind zero-depth,checkpoint/2026-05-09-16-48-43/checkpoint0014.pth
dark,0.0,1.0,0.0,1.7856743335723877,0.6462302803993225,0.6630366444587708,far_left,0.5,0.5,0.5,23,collision,142,zero,Blind zero-depth,checkpoint/2026-05-09-16-48-43/checkpoint0014.pth
dark,0.0,1.0,0.0,1.7886759042739868,0.6080809235572815,0.6458271145820618,far_left,0.5,0.5,0.5,24,collision,143,zero,Blind zero-depth,checkpoint/2026-05-09-16-48-43/checkpoint0014.pth
dark,0.0,1.0,0.0,1.7692079544067383,0.6444680690765381,0.5187618136405945,left,0.5,0.5,0.5,23,collision,144,zero,Blind zero-depth,checkpoint/2026-05-09-16-48-43/checkpoint0014.pth
dark,1.0,0.0,1.0,0.09220919758081436,0.5969312191009521,0.7800251245498657,left,0.5,0.5,0.5,60,timeout,145,zero,Blind zero-depth,checkpoint/2026-05-09-16-48-43/checkpoint0014.pth
dark,0.0,1.0,0.0,1.705336093902588,0.6293356418609619,0.5514745116233826,far_right,0.5,0.5,0.5,25,collision,146,zero,Blind zero-depth,checkpoint/2026-05-09-16-48-43/checkpoint0014.pth
dark,0.0,1.0,0.0,1.727354645729065,0.6433966159820557,0.6418893337249756,far_right,0.5,0.5,0.5,24,collision,147,zero,Blind zero-depth,checkpoint/2026-05-09-16-48-43/checkpoint0014.pth
dark,0.0,1.0,0.0,1.7278574705123901,0.6154188513755798,0.5745833516120911,far_left,0.5,0.5,0.5,26,collision,148,zero,Blind zero-depth,checkpoint/2026-05-09-16-48-43/checkpoint0014.pth
dark,0.0,1.0,0.0,1.7206372022628784,0.6480047702789307,0.6305857300758362,far_left,0.5,0.5,0.5,24,collision,149,zero,Blind zero-depth,checkpoint/2026-05-09-16-48-43/checkpoint0014.pth
dark,0.0,1.0,0.0,1.698155164718628,0.6570557355880737,0.4924708306789398,right,0.5,0.5,0.5,25,collision,150,zero,Blind zero-depth,checkpoint/2026-05-09-16-48-43/checkpoint0014.pth
dark,0.0,1.0,0.0,1.8001935482025146,0.6009584665298462,0.7125792503356934,far_right,0.5,0.5,0.5,24,collision,151,zero,Blind zero-depth,checkpoint/2026-05-09-16-48-43/checkpoint0014.pth
dark,0.0,1.0,0.0,1.7967345714569092,0.6452084183692932,0.5404172539710999,right,0.5,0.5,0.5,23,collision,152,zero,Blind zero-depth,checkpoint/2026-05-09-16-48-43/checkpoint0014.pth
dark,0.0,1.0,0.0,1.7370904684066772,0.6426512598991394,0.5528696179389954,right,0.5,0.5,0.5,24,collision,153,zero,Blind zero-depth,checkpoint/2026-05-09-16-48-43/checkpoint0014.pth
dark,1.0,0.0,1.0,0.09348251670598984,0.589151918888092,0.7780671715736389,left,0.5,0.5,0.5,60,timeout,154,zero,Blind zero-depth,checkpoint/2026-05-09-16-48-43/checkpoint0014.pth
dark,0.0,1.0,0.0,1.693424105644226,0.6393874883651733,0.5906515121459961,far_right,0.5,0.5,0.5,25,collision,155,zero,Blind zero-depth,checkpoint/2026-05-09-16-48-43/checkpoint0014.pth
dark,0.0,1.0,0.0,1.6997874975204468,0.6573105454444885,0.4985406696796417,left,0.5,0.5,0.5,24,collision,156,zero,Blind zero-depth,checkpoint/2026-05-09-16-48-43/checkpoint0014.pth
dark,0.0,1.0,0.0,1.7299823760986328,0.6317744255065918,0.6345045566558838,far_right,0.5,0.5,0.5,24,collision,157,zero,Blind zero-depth,checkpoint/2026-05-09-16-48-43/checkpoint0014.pth
dark,0.0,1.0,0.0,1.7387659549713135,0.6378955841064453,0.5114231109619141,left,0.5,0.5,0.5,24,collision,158,zero,Blind zero-depth,checkpoint/2026-05-09-16-48-43/checkpoint0014.pth
dark,0.0,1.0,0.0,1.7718881368637085,0.6265397667884827,0.6944759488105774,far_left,0.5,0.5,0.5,24,collision,159,zero,Blind zero-depth,checkpoint/2026-05-09-16-48-43/checkpoint0014.pth
dark,0.0,1.0,0.0,1.8096684217453003,0.6291294097900391,0.5872001647949219,far_right,0.5,0.5,0.5,23,collision,160,zero,Blind zero-depth,checkpoint/2026-05-09-16-48-43/checkpoint0014.pth
dark,0.0,1.0,0.0,1.8035931587219238,0.6462457776069641,0.5823825597763062,far_left,0.5,0.5,0.5,22,collision,161,zero,Blind zero-depth,checkpoint/2026-05-09-16-48-43/checkpoint0014.pth
dark,0.0,1.0,0.0,1.7640506029129028,0.629532516002655,0.6196092367172241,far_right,0.5,0.5,0.5,24,collision,162,zero,Blind zero-depth,checkpoint/2026-05-09-16-48-43/checkpoint0014.pth
dark,0.0,1.0,0.0,1.7065308094024658,0.6731057167053223,0.5728537440299988,far_right,0.5,0.5,0.5,24,collision,163,zero,Blind zero-depth,checkpoint/2026-05-09-16-48-43/checkpoint0014.pth
dark,0.0,1.0,0.0,1.7614076137542725,0.6474336385726929,0.5061487555503845,left,0.5,0.5,0.5,23,collision,164,zero,Blind zero-depth,checkpoint/2026-05-09-16-48-43/checkpoint0014.pth
dark,0.0,1.0,0.0,1.76150381565094,0.619828999042511,0.6701828837394714,far_right,0.5,0.5,0.5,24,collision,165,zero,Blind zero-depth,checkpoint/2026-05-09-16-48-43/checkpoint0014.pth
dark,0.0,1.0,0.0,1.7314704656600952,0.6405954957008362,0.49399906396865845,left,0.5,0.5,0.5,24,collision,166,zero,Blind zero-depth,checkpoint/2026-05-09-16-48-43/checkpoint0014.pth
dark,0.0,1.0,0.0,1.7486435174942017,0.5915932655334473,0.5057985782623291,right,0.5,0.5,0.5,26,collision,167,zero,Blind zero-depth,checkpoint/2026-05-09-16-48-43/checkpoint0014.pth
dark,0.0,1.0,0.0,1.769674301147461,0.6441161036491394,0.6821470260620117,far_left,0.5,0.5,0.5,24,collision,168,zero,Blind zero-depth,checkpoint/2026-05-09-16-48-43/checkpoint0014.pth
dark,0.0,1.0,0.0,1.7489792108535767,0.6761966347694397,0.6605245471000671,far_right,0.5,0.5,0.5,23,collision,169,zero,Blind zero-depth,checkpoint/2026-05-09-16-48-43/checkpoint0014.pth
dark,0.0,1.0,0.0,1.7748825550079346,0.6405454874038696,0.5228174924850464,left,0.5,0.5,0.5,22,collision,170,zero,Blind zero-depth,checkpoint/2026-05-09-16-48-43/checkpoint0014.pth
dark,0.0,1.0,0.0,1.79683518409729,0.6305306553840637,0.6106968522071838,far_left,0.5,0.5,0.5,23,collision,171,zero,Blind zero-depth,checkpoint/2026-05-09-16-48-43/checkpoint0014.pth
dark,0.0,1.0,0.0,1.784206509590149,0.6258882284164429,0.598386287689209,far_left,0.5,0.5,0.5,23,collision,172,zero,Blind zero-depth,checkpoint/2026-05-09-16-48-43/checkpoint0014.pth
dark,0.0,1.0,0.0,1.7476330995559692,0.6087614297866821,0.49746817350387573,right,0.5,0.5,0.5,25,collision,173,zero,Blind zero-depth,checkpoint/2026-05-09-16-48-43/checkpoint0014.pth
dark,0.0,1.0,0.0,1.735125184059143,0.6433347463607788,0.5965554118156433,far_right,0.5,0.5,0.5,24,collision,174,zero,Blind zero-depth,checkpoint/2026-05-09-16-48-43/checkpoint0014.pth
dark,0.0,1.0,0.0,1.697458028793335,0.6605191826820374,0.5942432284355164,far_left,0.5,0.5,0.5,23,collision,175,zero,Blind zero-depth,checkpoint/2026-05-09-16-48-43/checkpoint0014.pth
dark,0.0,1.0,0.0,1.7868506908416748,0.6221844553947449,0.6012857556343079,far_right,0.5,0.5,0.5,24,collision,176,zero,Blind zero-depth,checkpoint/2026-05-09-16-48-43/checkpoint0014.pth
dark,0.0,1.0,0.0,1.7758742570877075,0.6614646911621094,0.5300202965736389,left,0.5,0.5,0.5,23,collision,177,zero,Blind zero-depth,checkpoint/2026-05-09-16-48-43/checkpoint0014.pth
dark,0.0,1.0,0.0,1.6891165971755981,0.6726667881011963,0.4864822030067444,left,0.5,0.5,0.5,24,collision,178,zero,Blind zero-depth,checkpoint/2026-05-09-16-48-43/checkpoint0014.pth
dark,0.0,1.0,0.0,1.7601453065872192,0.6295706629753113,0.5015159845352173,right,0.5,0.5,0.5,24,collision,179,zero,Blind zero-depth,checkpoint/2026-05-09-16-48-43/checkpoint0014.pth
dark,0.0,1.0,0.0,1.7716679573059082,0.62092125415802,0.4964132308959961,left,0.5,0.5,0.5,25,collision,180,zero,Blind zero-depth,checkpoint/2026-05-09-16-48-43/checkpoint0014.pth
dark,0.0,1.0,0.0,1.727674126625061,0.6513534188270569,0.6704093813896179,far_right,0.5,0.5,0.5,24,collision,181,zero,Blind zero-depth,checkpoint/2026-05-09-16-48-43/checkpoint0014.pth
dark,0.0,1.0,0.0,1.7071599960327148,0.6419798731803894,0.5442582368850708,left,0.5,0.5,0.5,24,collision,182,zero,Blind zero-depth,checkpoint/2026-05-09-16-48-43/checkpoint0014.pth
dark,0.0,1.0,0.0,1.7601869106292725,0.6308507323265076,0.6105764508247375,far_left,0.5,0.5,0.5,24,collision,183,zero,Blind zero-depth,checkpoint/2026-05-09-16-48-43/checkpoint0014.pth
dark,0.0,1.0,0.0,1.775426983833313,0.613127589225769,0.6311770677566528,far_left,0.5,0.5,0.5,24,collision,184,zero,Blind zero-depth,checkpoint/2026-05-09-16-48-43/checkpoint0014.pth
dark,0.0,1.0,0.0,1.792003870010376,0.6223605275154114,0.584648609161377,far_right,0.5,0.5,0.5,23,collision,185,zero,Blind zero-depth,checkpoint/2026-05-09-16-48-43/checkpoint0014.pth
dark,0.0,1.0,0.0,1.7372063398361206,0.6443046927452087,0.5781186819076538,far_right,0.5,0.5,0.5,24,collision,186,zero,Blind zero-depth,checkpoint/2026-05-09-16-48-43/checkpoint0014.pth
dark,0.0,1.0,0.0,1.7160475254058838,0.617766261100769,0.644127368927002,far_left,0.5,0.5,0.5,25,collision,187,zero,Blind zero-depth,checkpoint/2026-05-09-16-48-43/checkpoint0014.pth
dark,0.0,1.0,0.0,1.776352047920227,0.63910311460495,0.5867529511451721,far_right,0.5,0.5,0.5,23,collision,188,zero,Blind zero-depth,checkpoint/2026-05-09-16-48-43/checkpoint0014.pth
dark,0.0,1.0,0.0,1.7595049142837524,0.6407425999641418,0.5570086240768433,far_left,0.5,0.5,0.5,24,collision,189,zero,Blind zero-depth,checkpoint/2026-05-09-16-48-43/checkpoint0014.pth
dark,0.0,1.0,0.0,1.7160329818725586,0.6344166398048401,0.5197954773902893,left,0.5,0.5,0.5,24,collision,190,zero,Blind zero-depth,checkpoint/2026-05-09-16-48-43/checkpoint0014.pth
dark,0.0,1.0,0.0,1.7053744792938232,0.6633169054985046,0.5403205156326294,right,0.5,0.5,0.5,24,collision,191,zero,Blind zero-depth,checkpoint/2026-05-09-16-48-43/checkpoint0014.pth
dark,0.0,1.0,0.0,1.7735331058502197,0.6171022653579712,0.6428433656692505,far_right,0.5,0.5,0.5,25,collision,192,zero,Blind zero-depth,checkpoint/2026-05-09-16-48-43/checkpoint0014.pth
dark,0.0,1.0,0.0,1.6969664096832275,0.6475206017494202,0.6564576029777527,far_right,0.5,0.5,0.5,24,collision,193,zero,Blind zero-depth,checkpoint/2026-05-09-16-48-43/checkpoint0014.pth
dark,0.0,1.0,0.0,1.7602938413619995,0.6453378796577454,0.5087331533432007,left,0.5,0.5,0.5,23,collision,194,zero,Blind zero-depth,checkpoint/2026-05-09-16-48-43/checkpoint0014.pth
dark,0.0,1.0,0.0,1.801223635673523,0.6117805242538452,0.647053599357605,far_right,0.5,0.5,0.5,24,collision,195,zero,Blind zero-depth,checkpoint/2026-05-09-16-48-43/checkpoint0014.pth
dark,0.0,1.0,0.0,1.7104170322418213,0.6382690072059631,0.5486992001533508,far_left,0.5,0.5,0.5,24,collision,196,zero,Blind zero-depth,checkpoint/2026-05-09-16-48-43/checkpoint0014.pth
dark,0.0,1.0,0.0,1.7890592813491821,0.6111277341842651,0.6729443073272705,far_right,0.5,0.5,0.5,24,collision,197,zero,Blind zero-depth,checkpoint/2026-05-09-16-48-43/checkpoint0014.pth
dark,0.0,1.0,0.0,1.6868261098861694,0.6409556865692139,0.4891131520271301,right,0.5,0.5,0.5,25,collision,198,zero,Blind zero-depth,checkpoint/2026-05-09-16-48-43/checkpoint0014.pth
dark,0.0,1.0,0.0,1.7150479555130005,0.6509190797805786,0.5226449370384216,right,0.5,0.5,0.5,24,collision,199,zero,Blind zero-depth,checkpoint/2026-05-09-16-48-43/checkpoint0014.pth
dark,0.0,1.0,0.0,1.658478856086731,0.6751125454902649,0.4958798885345459,left,0.5,0.5,0.5,24,collision,200,zero,Blind zero-depth,checkpoint/2026-05-09-16-48-43/checkpoint0014.pth
dark,0.0,1.0,0.0,1.7437766790390015,0.6339221000671387,0.6466258764266968,far_left,0.5,0.5,0.5,24,collision,201,zero,Blind zero-depth,checkpoint/2026-05-09-16-48-43/checkpoint0014.pth
dark,0.0,1.0,0.0,1.69489586353302,0.672767162322998,0.5314473509788513,right,0.5,0.5,0.5,23,collision,202,zero,Blind zero-depth,checkpoint/2026-05-09-16-48-43/checkpoint0014.pth
dark,0.0,1.0,0.0,1.7595528364181519,0.6563984155654907,0.5225300192832947,left,0.5,0.5,0.5,23,collision,203,zero,Blind zero-depth,checkpoint/2026-05-09-16-48-43/checkpoint0014.pth
dark,0.0,1.0,0.0,1.774202823638916,0.6301339268684387,0.5040572285652161,right,0.5,0.5,0.5,24,collision,204,zero,Blind zero-depth,checkpoint/2026-05-09-16-48-43/checkpoint0014.pth
dark,0.0,1.0,0.0,1.7357239723205566,0.6427549123764038,0.49904388189315796,right,0.5,0.5,0.5,24,collision,205,zero,Blind zero-depth,checkpoint/2026-05-09-16-48-43/checkpoint0014.pth
dark,0.0,1.0,0.0,1.733055830001831,0.6303146481513977,0.6519915461540222,far_right,0.5,0.5,0.5,24,collision,206,zero,Blind zero-depth,checkpoint/2026-05-09-16-48-43/checkpoint0014.pth
dark,0.0,1.0,0.0,1.702252745628357,0.670907199382782,0.510337769985199,left,0.5,0.5,0.5,23,collision,207,zero,Blind zero-depth,checkpoint/2026-05-09-16-48-43/checkpoint0014.pth
dark,0.0,1.0,0.0,1.7826757431030273,0.626133918762207,0.5116859078407288,right,0.5,0.5,0.5,23,collision,208,zero,Blind zero-depth,checkpoint/2026-05-09-16-48-43/checkpoint0014.pth
dark,0.0,1.0,0.0,1.7217597961425781,0.6176507472991943,0.6279629468917847,far_left,0.5,0.5,0.5,26,collision,209,zero,Blind zero-depth,checkpoint/2026-05-09-16-48-43/checkpoint0014.pth
dark,0.0,1.0,0.0,1.7662278413772583,0.652938961982727,0.5241740345954895,left,0.5,0.5,0.5,23,collision,210,zero,Blind zero-depth,checkpoint/2026-05-09-16-48-43/checkpoint0014.pth
dark,0.0,1.0,0.0,1.776424527168274,0.6315460205078125,0.5950206518173218,far_right,0.5,0.5,0.5,24,collision,211,zero,Blind zero-depth,checkpoint/2026-05-09-16-48-43/checkpoint0014.pth
dark,0.0,1.0,0.0,1.7213516235351562,0.6560934782028198,0.5937436819076538,far_right,0.5,0.5,0.5,24,collision,212,zero,Blind zero-depth,checkpoint/2026-05-09-16-48-43/checkpoint0014.pth
dark,1.0,0.0,1.0,0.054041359573602676,0.6147417426109314,0.7889564037322998,left,0.5,0.5,0.5,60,timeout,213,zero,Blind zero-depth,checkpoint/2026-05-09-16-48-43/checkpoint0014.pth
dark,0.0,1.0,0.0,1.7659927606582642,0.5857334136962891,0.5130087733268738,right,0.5,0.5,0.5,25,collision,214,zero,Blind zero-depth,checkpoint/2026-05-09-16-48-43/checkpoint0014.pth
dark,0.0,1.0,0.0,1.7612675428390503,0.6494066715240479,0.5958083271980286,far_left,0.5,0.5,0.5,23,collision,215,zero,Blind zero-depth,checkpoint/2026-05-09-16-48-43/checkpoint0014.pth
dark,0.0,1.0,0.0,1.7883628606796265,0.6111197471618652,0.6021978259086609,far_right,0.5,0.5,0.5,24,collision,216,zero,Blind zero-depth,checkpoint/2026-05-09-16-48-43/checkpoint0014.pth
dark,0.0,1.0,0.0,1.7371973991394043,0.6537020206451416,0.48733770847320557,right,0.5,0.5,0.5,24,collision,217,zero,Blind zero-depth,checkpoint/2026-05-09-16-48-43/checkpoint0014.pth
dark,0.0,1.0,0.0,1.7287729978561401,0.6356043815612793,0.6588981747627258,far_right,0.5,0.5,0.5,24,collision,218,zero,Blind zero-depth,checkpoint/2026-05-09-16-48-43/checkpoint0014.pth
dark,0.0,1.0,0.0,1.7449842691421509,0.6401238441467285,0.6440029144287109,far_left,0.5,0.5,0.5,24,collision,219,zero,Blind zero-depth,checkpoint/2026-05-09-16-48-43/checkpoint0014.pth
dark,0.0,1.0,0.0,1.7471401691436768,0.6467989087104797,0.6388323307037354,far_left,0.5,0.5,0.5,24,collision,220,zero,Blind zero-depth,checkpoint/2026-05-09-16-48-43/checkpoint0014.pth
dark,0.0,1.0,0.0,1.8091294765472412,0.6038254499435425,0.5563985109329224,right,0.5,0.5,0.5,24,collision,221,zero,Blind zero-depth,checkpoint/2026-05-09-16-48-43/checkpoint0014.pth
dark,0.0,1.0,0.0,1.7107635736465454,0.6309919953346252,0.6555688381195068,far_left,0.5,0.5,0.5,25,collision,222,zero,Blind zero-depth,checkpoint/2026-05-09-16-48-43/checkpoint0014.pth
dark,0.0,1.0,0.0,1.7822710275650024,0.6392958164215088,0.626986026763916,far_left,0.5,0.5,0.5,23,collision,223,zero,Blind zero-depth,checkpoint/2026-05-09-16-48-43/checkpoint0014.pth
dark,0.0,1.0,0.0,1.8011053800582886,0.6176859140396118,0.5581531524658203,left,0.5,0.5,0.5,23,collision,224,zero,Blind zero-depth,checkpoint/2026-05-09-16-48-43/checkpoint0014.pth
dark,0.0,1.0,0.0,1.7951157093048096,0.6147002577781677,0.5816349387168884,far_left,0.5,0.5,0.5,24,collision,225,zero,Blind zero-depth,checkpoint/2026-05-09-16-48-43/checkpoint0014.pth
dark,0.0,1.0,0.0,1.7266278266906738,0.6347692608833313,0.5407042503356934,left,0.5,0.5,0.5,24,collision,226,zero,Blind zero-depth,checkpoint/2026-05-09-16-48-43/checkpoint0014.pth
dark,0.0,1.0,0.0,1.7562872171401978,0.6554184556007385,0.5068326592445374,left,0.5,0.5,0.5,23,collision,227,zero,Blind zero-depth,checkpoint/2026-05-09-16-48-43/checkpoint0014.pth
dark,0.0,1.0,0.0,1.7239134311676025,0.6234956383705139,0.5013021230697632,left,0.5,0.5,0.5,24,collision,228,zero,Blind zero-depth,checkpoint/2026-05-09-16-48-43/checkpoint0014.pth
dark,0.0,1.0,0.0,1.7689006328582764,0.6380391716957092,0.5437802076339722,right,0.5,0.5,0.5,24,collision,229,zero,Blind zero-depth,checkpoint/2026-05-09-16-48-43/checkpoint0014.pth
dark,0.0,1.0,0.0,1.678006887435913,0.6806537508964539,0.48386865854263306,left,0.5,0.5,0.5,23,collision,230,zero,Blind zero-depth,checkpoint/2026-05-09-16-48-43/checkpoint0014.pth
dark,0.0,1.0,0.0,1.7543262243270874,0.6415529847145081,0.4963705241680145,left,0.5,0.5,0.5,24,collision,231,zero,Blind zero-depth,checkpoint/2026-05-09-16-48-43/checkpoint0014.pth
dark,0.0,1.0,0.0,1.7015645503997803,0.6572516560554504,0.6577363014221191,far_left,0.5,0.5,0.5,23,collision,232,zero,Blind zero-depth,checkpoint/2026-05-09-16-48-43/checkpoint0014.pth
dark,0.0,1.0,0.0,1.7668673992156982,0.6415858268737793,0.6605706214904785,far_left,0.5,0.5,0.5,23,collision,233,zero,Blind zero-depth,checkpoint/2026-05-09-16-48-43/checkpoint0014.pth
dark,0.0,1.0,0.0,1.7178016901016235,0.6420755386352539,0.5861451029777527,far_right,0.5,0.5,0.5,24,collision,234,zero,Blind zero-depth,checkpoint/2026-05-09-16-48-43/checkpoint0014.pth
dark,0.0,1.0,0.0,1.7422804832458496,0.6408228278160095,0.6649746298789978,far_right,0.5,0.5,0.5,24,collision,235,zero,Blind zero-depth,checkpoint/2026-05-09-16-48-43/checkpoint0014.pth
dark,0.0,1.0,0.0,1.8070199489593506,0.6212794780731201,0.5163987278938293,left,0.5,0.5,0.5,24,collision,236,zero,Blind zero-depth,checkpoint/2026-05-09-16-48-43/checkpoint0014.pth
dark,0.0,1.0,0.0,1.7779921293258667,0.6500072479248047,0.5094565749168396,right,0.5,0.5,0.5,23,collision,237,zero,Blind zero-depth,checkpoint/2026-05-09-16-48-43/checkpoint0014.pth
dark,0.0,1.0,0.0,1.7614444494247437,0.6321778893470764,0.5023148655891418,left,0.5,0.5,0.5,23,collision,238,zero,Blind zero-depth,checkpoint/2026-05-09-16-48-43/checkpoint0014.pth
dark,0.0,1.0,0.0,1.7375128269195557,0.6438959240913391,0.5469945073127747,far_right,0.5,0.5,0.5,24,collision,239,zero,Blind zero-depth,checkpoint/2026-05-09-16-48-43/checkpoint0014.pth
dark,0.0,1.0,0.0,1.704969882965088,0.6261216402053833,0.5698724985122681,far_right,0.5,0.5,0.5,25,collision,240,zero,Blind zero-depth,checkpoint/2026-05-09-16-48-43/checkpoint0014.pth
dark,0.0,1.0,0.0,1.7723044157028198,0.6117551326751709,0.5090579986572266,left,0.5,0.5,0.5,24,collision,241,zero,Blind zero-depth,checkpoint/2026-05-09-16-48-43/checkpoint0014.pth
dark,0.0,1.0,0.0,1.7967638969421387,0.6337524652481079,0.643511950969696,far_left,0.5,0.5,0.5,23,collision,242,zero,Blind zero-depth,checkpoint/2026-05-09-16-48-43/checkpoint0014.pth
dark,0.0,1.0,0.0,1.796500325202942,0.638015866279602,0.5253314971923828,left,0.5,0.5,0.5,23,collision,243,zero,Blind zero-depth,checkpoint/2026-05-09-16-48-43/checkpoint0014.pth
dark,0.0,1.0,0.0,1.7984904050827026,0.6438674330711365,0.5540675520896912,left,0.5,0.5,0.5,22,collision,244,zero,Blind zero-depth,checkpoint/2026-05-09-16-48-43/checkpoint0014.pth
dark,0.0,1.0,0.0,1.8039580583572388,0.6192125082015991,0.6581833958625793,far_left,0.5,0.5,0.5,23,collision,245,zero,Blind zero-depth,checkpoint/2026-05-09-16-48-43/checkpoint0014.pth
dark,0.0,1.0,0.0,1.726839303970337,0.618216872215271,0.6199845671653748,far_left,0.5,0.5,0.5,25,collision,246,zero,Blind zero-depth,checkpoint/2026-05-09-16-48-43/checkpoint0014.pth
dark,0.0,1.0,0.0,1.7067447900772095,0.6588144898414612,0.5825911164283752,far_left,0.5,0.5,0.5,24,collision,247,zero,Blind zero-depth,checkpoint/2026-05-09-16-48-43/checkpoint0014.pth
dark,0.0,1.0,0.0,1.7358020544052124,0.6293206810951233,0.6847637891769409,far_left,0.5,0.5,0.5,24,collision,248,zero,Blind zero-depth,checkpoint/2026-05-09-16-48-43/checkpoint0014.pth
dark,0.0,1.0,0.0,1.7494577169418335,0.6277390718460083,0.4968108534812927,right,0.5,0.5,0.5,24,collision,249,zero,Blind zero-depth,checkpoint/2026-05-09-16-48-43/checkpoint0014.pth
dark,0.0,1.0,0.0,1.7604591846466064,0.6253608465194702,0.5160590410232544,left,0.5,0.5,0.5,24,collision,250,zero,Blind zero-depth,checkpoint/2026-05-09-16-48-43/checkpoint0014.pth
dark,0.0,1.0,0.0,1.7164186239242554,0.6516610383987427,0.631339430809021,far_left,0.5,0.5,0.5,23,collision,251,zero,Blind zero-depth,checkpoint/2026-05-09-16-48-43/checkpoint0014.pth
dark,0.0,1.0,0.0,1.7747479677200317,0.6491796374320984,0.6903278231620789,far_right,0.5,0.5,0.5,23,collision,252,zero,Blind zero-depth,checkpoint/2026-05-09-16-48-43/checkpoint0014.pth
dark,0.0,1.0,0.0,1.7549806833267212,0.6464393138885498,0.5062839984893799,left,0.5,0.5,0.5,24,collision,253,zero,Blind zero-depth,checkpoint/2026-05-09-16-48-43/checkpoint0014.pth
dark,0.0,1.0,0.0,1.7998385429382324,0.6304504871368408,0.5364649295806885,left,0.5,0.5,0.5,23,collision,254,zero,Blind zero-depth,checkpoint/2026-05-09-16-48-43/checkpoint0014.pth
dark,0.0,1.0,0.0,1.727604627609253,0.6540104746818542,0.576005220413208,far_left,0.5,0.5,0.5,24,collision,255,zero,Blind zero-depth,checkpoint/2026-05-09-16-48-43/checkpoint0014.pth
dark,0.0,1.0,0.0,1.8041775226593018,0.6361461877822876,0.5405290126800537,right,0.5,0.5,0.5,23,collision,256,zero,Blind zero-depth,checkpoint/2026-05-09-16-48-43/checkpoint0014.pth
dark,0.0,1.0,0.0,1.7118089199066162,0.6323739886283875,0.4848572611808777,right,0.5,0.5,0.5,25,collision,257,zero,Blind zero-depth,checkpoint/2026-05-09-16-48-43/checkpoint0014.pth
dark,0.0,1.0,0.0,1.7729631662368774,0.6438500881195068,0.6555472612380981,far_right,0.5,0.5,0.5,22,collision,258,zero,Blind zero-depth,checkpoint/2026-05-09-16-48-43/checkpoint0014.pth
dark,0.0,1.0,0.0,1.7485491037368774,0.6492188572883606,0.5503472685813904,right,0.5,0.5,0.5,23,collision,259,zero,Blind zero-depth,checkpoint/2026-05-09-16-48-43/checkpoint0014.pth
dark,0.0,1.0,0.0,1.715132474899292,0.6461493372917175,0.502531886100769,right,0.5,0.5,0.5,25,collision,260,zero,Blind zero-depth,checkpoint/2026-05-09-16-48-43/checkpoint0014.pth
dark,0.0,1.0,0.0,1.7684403657913208,0.6571446657180786,0.5115215182304382,right,0.5,0.5,0.5,23,collision,261,zero,Blind zero-depth,checkpoint/2026-05-09-16-48-43/checkpoint0014.pth
dark,0.0,1.0,0.0,1.724970817565918,0.6188876628875732,0.6234508156776428,far_right,0.5,0.5,0.5,25,collision,262,zero,Blind zero-depth,checkpoint/2026-05-09-16-48-43/checkpoint0014.pth
dark,0.0,1.0,0.0,1.7351847887039185,0.6672787666320801,0.6101247072219849,far_right,0.5,0.5,0.5,23,collision,263,zero,Blind zero-depth,checkpoint/2026-05-09-16-48-43/checkpoint0014.pth
dark,0.0,1.0,0.0,1.744379997253418,0.6249610781669617,0.6186783313751221,far_left,0.5,0.5,0.5,24,collision,264,zero,Blind zero-depth,checkpoint/2026-05-09-16-48-43/checkpoint0014.pth
dark,0.0,1.0,0.0,1.7625927925109863,0.6277258396148682,0.5514228940010071,left,0.5,0.5,0.5,24,collision,265,zero,Blind zero-depth,checkpoint/2026-05-09-16-48-43/checkpoint0014.pth
dark,0.0,1.0,0.0,1.6893151998519897,0.6742622256278992,0.5257786512374878,left,0.5,0.5,0.5,23,collision,266,zero,Blind zero-depth,checkpoint/2026-05-09-16-48-43/checkpoint0014.pth
dark,0.0,1.0,0.0,1.6588068008422852,0.6627399325370789,0.47839298844337463,left,0.5,0.5,0.5,24,collision,267,zero,Blind zero-depth,checkpoint/2026-05-09-16-48-43/checkpoint0014.pth
dark,0.0,1.0,0.0,1.7809301614761353,0.6064341068267822,0.5515927076339722,left,0.5,0.5,0.5,24,collision,268,zero,Blind zero-depth,checkpoint/2026-05-09-16-48-43/checkpoint0014.pth
dark,0.0,1.0,0.0,1.7038536071777344,0.657069742679596,0.5428051948547363,left,0.5,0.5,0.5,24,collision,269,zero,Blind zero-depth,checkpoint/2026-05-09-16-48-43/checkpoint0014.pth
dark,0.0,1.0,0.0,1.7365803718566895,0.6500188112258911,0.5630260705947876,far_left,0.5,0.5,0.5,23,collision,270,zero,Blind zero-depth,checkpoint/2026-05-09-16-48-43/checkpoint0014.pth
dark,0.0,1.0,0.0,1.7466579675674438,0.6482645869255066,0.6091170907020569,far_left,0.5,0.5,0.5,24,collision,271,zero,Blind zero-depth,checkpoint/2026-05-09-16-48-43/checkpoint0014.pth
dark,0.0,1.0,0.0,1.67886221408844,0.6524633169174194,0.49927037954330444,right,0.5,0.5,0.5,24,collision,272,zero,Blind zero-depth,checkpoint/2026-05-09-16-48-43/checkpoint0014.pth
dark,0.0,1.0,0.0,1.7708219289779663,0.6350703239440918,0.5330678820610046,right,0.5,0.5,0.5,24,collision,273,zero,Blind zero-depth,checkpoint/2026-05-09-16-48-43/checkpoint0014.pth
dark,0.0,1.0,0.0,1.6979507207870483,0.6489245295524597,0.49732035398483276,left,0.5,0.5,0.5,24,collision,274,zero,Blind zero-depth,checkpoint/2026-05-09-16-48-43/checkpoint0014.pth
dark,0.0,1.0,0.0,1.7433362007141113,0.6484906077384949,0.5044981241226196,left,0.5,0.5,0.5,23,collision,275,zero,Blind zero-depth,checkpoint/2026-05-09-16-48-43/checkpoint0014.pth
dark,0.0,1.0,0.0,1.712020993232727,0.6309704780578613,0.502465546131134,right,0.5,0.5,0.5,25,collision,276,zero,Blind zero-depth,checkpoint/2026-05-09-16-48-43/checkpoint0014.pth
dark,0.0,1.0,0.0,1.7074940204620361,0.6323637962341309,0.562096118927002,far_left,0.5,0.5,0.5,25,collision,277,zero,Blind zero-depth,checkpoint/2026-05-09-16-48-43/checkpoint0014.pth
dark,1.0,0.0,1.0,0.10055200010538101,0.5934327840805054,0.7819035053253174,left,0.5,0.5,0.5,60,timeout,278,zero,Blind zero-depth,checkpoint/2026-05-09-16-48-43/checkpoint0014.pth
dark,0.0,1.0,0.0,1.7983592748641968,0.6169070601463318,0.5227404832839966,right,0.5,0.5,0.5,23,collision,279,zero,Blind zero-depth,checkpoint/2026-05-09-16-48-43/checkpoint0014.pth
dark,0.0,1.0,0.0,1.739310622215271,0.6403043866157532,0.6427133679389954,far_left,0.5,0.5,0.5,24,collision,280,zero,Blind zero-depth,checkpoint/2026-05-09-16-48-43/checkpoint0014.pth
dark,0.0,1.0,0.0,1.787778377532959,0.6223012804985046,0.6359230279922485,far_left,0.5,0.5,0.5,23,collision,281,zero,Blind zero-depth,checkpoint/2026-05-09-16-48-43/checkpoint0014.pth
dark,0.0,1.0,0.0,1.7780314683914185,0.6125338673591614,0.5759297013282776,far_left,0.5,0.5,0.5,24,collision,282,zero,Blind zero-depth,checkpoint/2026-05-09-16-48-43/checkpoint0014.pth
dark,0.0,1.0,0.0,1.7770230770111084,0.6787200570106506,0.6216311454772949,far_left,0.5,0.5,0.5,22,collision,283,zero,Blind zero-depth,checkpoint/2026-05-09-16-48-43/checkpoint0014.pth
dark,0.0,1.0,0.0,1.726383924484253,0.6394490003585815,0.5330238342285156,right,0.5,0.5,0.5,24,collision,284,zero,Blind zero-depth,checkpoint/2026-05-09-16-48-43/checkpoint0014.pth
dark,0.0,1.0,0.0,1.6931458711624146,0.6234067678451538,0.655490517616272,far_right,0.5,0.5,0.5,25,collision,285,zero,Blind zero-depth,checkpoint/2026-05-09-16-48-43/checkpoint0014.pth
dark,0.0,1.0,0.0,1.807802438735962,0.6571986675262451,0.6463087201118469,far_right,0.5,0.5,0.5,22,collision,286,zero,Blind zero-depth,checkpoint/2026-05-09-16-48-43/checkpoint0014.pth
dark,0.0,1.0,0.0,1.7889193296432495,0.6318706274032593,0.6363287568092346,far_right,0.5,0.5,0.5,24,collision,287,zero,Blind zero-depth,checkpoint/2026-05-09-16-48-43/checkpoint0014.pth
dark,0.0,1.0,0.0,1.7907345294952393,0.6164042949676514,0.4980008602142334,right,0.5,0.5,0.5,23,collision,288,zero,Blind zero-depth,checkpoint/2026-05-09-16-48-43/checkpoint0014.pth
dark,1.0,0.0,1.0,0.11502852290868759,0.5935235023498535,0.7972488403320312,right,0.5,0.5,0.5,60,timeout,289,zero,Blind zero-depth,checkpoint/2026-05-09-16-48-43/checkpoint0014.pth
dark,0.0,1.0,0.0,1.7298167943954468,0.6212519407272339,0.609417200088501,far_right,0.5,0.5,0.5,25,collision,290,zero,Blind zero-depth,checkpoint/2026-05-09-16-48-43/checkpoint0014.pth
dark,0.0,1.0,0.0,1.7877336740493774,0.6122615933418274,0.6866445541381836,far_right,0.5,0.5,0.5,24,collision,291,zero,Blind zero-depth,checkpoint/2026-05-09-16-48-43/checkpoint0014.pth
dark,0.0,1.0,0.0,1.7535310983657837,0.65842205286026,0.5117942094802856,right,0.5,0.5,0.5,24,collision,292,zero,Blind zero-depth,checkpoint/2026-05-09-16-48-43/checkpoint0014.pth
dark,0.0,1.0,0.0,1.7555603981018066,0.6376851201057434,0.6540987491607666,far_right,0.5,0.5,0.5,24,collision,293,zero,Blind zero-depth,checkpoint/2026-05-09-16-48-43/checkpoint0014.pth
dark,0.0,1.0,0.0,1.748108148574829,0.6193444728851318,0.5917607545852661,far_left,0.5,0.5,0.5,25,collision,294,zero,Blind zero-depth,checkpoint/2026-05-09-16-48-43/checkpoint0014.pth
dark,0.0,1.0,0.0,1.7918771505355835,0.6039640307426453,0.609920859336853,far_right,0.5,0.5,0.5,23,collision,295,zero,Blind zero-depth,checkpoint/2026-05-09-16-48-43/checkpoint0014.pth
dark,0.0,1.0,0.0,1.7068963050842285,0.6580119729042053,0.5265637636184692,left,0.5,0.5,0.5,24,collision,296,zero,Blind zero-depth,checkpoint/2026-05-09-16-48-43/checkpoint0014.pth
dark,0.0,1.0,0.0,1.7274338006973267,0.622698187828064,0.6987425684928894,far_right,0.5,0.5,0.5,25,collision,297,zero,Blind zero-depth,checkpoint/2026-05-09-16-48-43/checkpoint0014.pth
dark,0.0,1.0,0.0,1.732503890991211,0.6533876657485962,0.4973140358924866,left,0.5,0.5,0.5,24,collision,298,zero,Blind zero-depth,checkpoint/2026-05-09-16-48-43/checkpoint0014.pth
dark,0.0,1.0,0.0,1.7287089824676514,0.6308997273445129,0.5723182559013367,far_right,0.5,0.5,0.5,23,collision,299,zero,Blind zero-depth,checkpoint/2026-05-09-16-48-43/checkpoint0014.pth
