scene,slot,step,setting,power,exposure,gain,policy_power,policy_exposure,policy_gain,ctl_dt,goal_dist,clearance,collided,x,y,z,local_x,local_y,local_z,look_target_x,look_target_y,look_target_z,look_target_local_x,look_target_local_y,look_target_local_z,geometry_kind,wall_x,back_wall_x,slit_center_y,slit_half_y,wall_half_z,goal_local_x,goal_local_y,camera_forward_x,camera_forward_y,camera_forward_z,fill_rate,quality_mean,invalid_rate,scene_effect_mean,scene_mask_mean,slit_cue_mask_mean,key_cue_artifact_mean,front_wall_hit_mean,back_wall_hit_mean,scene_mask_on_back_wall_mean,glare_invalid_rate,glare_quality_mean,local_mask_area,local_fill,local_depth_mean,local_depth_std,local_quality_mean,local_front_fill,local_front_area,slit_neighbor_front_band_fill,slit_neighbor_front_band_area,slit_neighbor_front_masked_fill,slit_neighbor_front_unmasked_fill,far_slit_fill,far_slit_clean_depth_fill,far_slit_area,far_slit_center_fill,far_slit_center_clean_depth_fill,far_slit_center_area,far_slit_edge_fill,far_slit_edge_clean_depth_fill,far_slit_edge_area,slit_adjacent_front_fill,slit_adjacent_front_area,slit_adjacent_front_quality_mean,clean_slit_shortcut,visible_slit_body_shortcut,whole_slit_black_flag,clean_slit_edge_shortcut,visible_slit_edge_shortcut,valid_separator_band_shortcut,local_edge_area,local_edge_fill,local_edge_quality_mean,panel,method,method_label,column_idx,reference_step,source_step,reference_local_x,source_policy_power,source_policy_exposure,source_policy_gain,scene_name
glare,far_right,13,fixed,0.5,0.5,0.5,0.8295222520828247,0.04901266470551491,0.059176005423069,0.06741337571453714,2.7272748947143555,0.9517862796783447,0.0,-1.2254154682159424,0.09849542379379272,1.5209234952926636,-1.2254154682159424,0.09849542379379272,1.5209234952926636,0.023635506629943848,0.09379047900438309,1.4724516868591309,0.023635506629943848,0.09379047900438309,1.4724516868591309,single_wall_slit,0.0,2.5210158824920654,0.5400000214576721,0.15000000596046448,1.0,1.5,0.0,0.9992407560348511,-0.003763957414776087,-0.03877747803926468,0.6041666865348816,0.5527979731559753,0.3958333432674408,0.43653780221939087,0.32735148072242737,0.3245173990726471,0.29855599999427795,0.7223873734474182,0.01596256159245968,0.01565033197402954,0.9440615177154541,0.036936234682798386,0.5208333333333334,0.24,1.125796914100647,0.015579947270452976,0.15849091112613678,0.3074733096085409,0.40653935185185186,0.0,0.10850694444444445,0.0,0.0,0.0,0.0,0.11429398148148148,0.0,0.0,0.09259259259259259,0.0,0.0,0.021701388888888888,0.0,0.021701388888888888,0.0,0.0,0.0,1.0,0.0,0.0,0.0,0.04600694444444445,0.0,0.0,same_pose,fixed,Fixed,0,13,12,-1.2254154682159424,0.5,0.5,0.5,glare
glare,far_right,13,randfix,0.7201593518257141,0.36766287684440613,0.29706576466560364,0.8295222520828247,0.04901266470551491,0.059176005423069,0.06741337571453714,2.7272748947143555,0.9517862796783447,0.0,-1.2254154682159424,0.09849542379379272,1.5209234952926636,-1.2254154682159424,0.09849542379379272,1.5209234952926636,0.023635506629943848,0.09379047900438309,1.4724516868591309,0.023635506629943848,0.09379047900438309,1.4724516868591309,single_wall_slit,0.0,2.5210158824920654,0.5400000214576721,0.15000000596046448,1.0,1.5,0.0,0.9992407560348511,-0.003763957414776087,-0.03877747803926468,0.6047453880310059,0.5596259236335754,0.39525464177131653,0.42623353004455566,0.32735148072242737,0.3245173990726471,0.29855599999427795,0.7223873734474182,0.01596256159245968,0.01565033197402954,0.9436043500900269,0.03943933919072151,0.5208333333333334,0.2411111111111111,1.1259195804595947,0.01564820483326912,0.1689494550228119,0.3088967971530249,0.40653935185185186,0.0,0.10850694444444445,0.0,0.0,0.0,0.0,0.11429398148148148,0.0,0.0,0.09259259259259259,0.0,0.0,0.021701388888888888,0.0,0.021701388888888888,0.0,0.0,0.0,1.0,0.0,0.0,0.0,0.04600694444444445,0.0,0.0,same_pose,randfix,Random fixed,0,13,12,-1.2254154682159424,0.7201593518257141,0.36766287684440613,0.29706576466560364,glare
glare,far_right,13,flightonly,0.8295222520828247,0.04901266470551491,0.059176005423069,0.8295222520828247,0.04901266470551491,0.059176005423069,0.06741337571453714,2.7272748947143555,0.9517862796783447,0.0,-1.2254154682159424,0.09849542379379272,1.5209234952926636,-1.2254154682159424,0.09849542379379272,1.5209234952926636,0.023635506629943848,0.09379047900438309,1.4724516868591309,0.023635506629943848,0.09379047900438309,1.4724516868591309,single_wall_slit,0.0,2.5210158824920654,0.5400000214576721,0.15000000596046448,1.0,1.5,0.0,0.9992407560348511,-0.003763957414776087,-0.03877747803926468,0.9950810074806213,0.8424910306930542,0.004918981343507767,0.0372949093580246,0.32735148072242737,0.3245173990726471,0.012464150786399841,0.7223873734474182,0.01596256159245968,0.01565033197402954,0.014426033943891525,0.7351906895637512,0.5208333333333334,0.9905555555555555,1.6768975257873535,1.0440343618392944,0.7916092872619629,1.0,0.40653935185185186,1.0,0.10850694444444445,1.0,0.0,0.9569620253164557,0.8860759493670886,0.11429398148148148,1.0,0.9125,0.09259259259259259,0.7733333333333333,0.7733333333333333,0.021701388888888888,1.0,0.021701388888888888,0.647813618183136,0.0,0.0,0.0,0.0,0.0,0.9569620253164557,0.04600694444444445,0.8930817610062893,0.4903847575187683,same_pose,flightonly,Ours,0,13,13,-1.2254154682159424,0.8295222520828247,0.04901266470551491,0.059176005423069,glare
glare,far_right,20,fixed,0.5,0.5,0.5,0.7741566300392151,0.03068571910262108,0.05892755836248398,0.0724536622742372,2.2639100551605225,0.44996076822280884,0.0,-0.7421680092811584,0.3123433589935303,1.5203161239624023,-0.7421680092811584,0.3123433589935303,1.5203161239624023,0.505618155002594,0.24875524640083313,1.5588653087615967,0.505618155002594,0.24875524640083313,1.5588653087615967,single_wall_slit,0.0,2.5210158824920654,0.5400000214576721,0.15000000596046448,1.0,1.5,0.0,0.9982289671897888,-0.05087048187851906,0.030839327722787857,0.386284738779068,0.3429330885410309,0.6137152910232544,0.6483315825462341,0.5116798877716064,0.508754312992096,0.4680539667606354,0.6533071994781494,0.027162395417690277,0.026491863653063774,0.9685907959938049,0.021660570055246353,0.7268518518518519,0.15565286624203822,0.652583658695221,0.007427454460412264,0.10691022872924805,0.21819196428571427,0.5185185185185185,0.0,0.009403935185185185,0.0,0.0,0.0,0.0,0.004050925925925926,0.0,0.0,0.003616898148148148,0.0,0.0,0.00043402777777777775,0.0,0.0007233796296296296,0.0,0.0,0.0,0.0,0.0,0.0,0.0,0.04716435185185185,0.0,0.0,same_pose,fixed,Fixed,1,20,18,-0.7421680092811584,0.5,0.5,0.5,glare
glare,far_right,20,randfix,0.7201593518257141,0.36766287684440613,0.29706576466560364,0.7741566300392151,0.03068571910262108,0.05892755836248398,0.0724536622742372,2.2639100551605225,0.44996076822280884,0.0,-0.7421680092811584,0.3123433589935303,1.5203161239624023,-0.7421680092811584,0.3123433589935303,1.5203161239624023,0.505618155002594,0.24875524640083313,1.5588653087615967,0.505618155002594,0.24875524640083313,1.5588653087615967,single_wall_slit,0.0,2.5210158824920654,0.5400000214576721,0.15000000596046448,1.0,1.5,0.0,0.9982289671897888,-0.05087048187851906,0.030839327722787857,0.3967013955116272,0.35287797451019287,0.6032986044883728,0.6391432881355286,0.5116798877716064,0.508754312992096,0.4680539667606354,0.6533071994781494,0.027162395417690277,0.026491863653063774,0.9635123610496521,0.0250503271818161,0.7268518518518519,0.16998407643312102,0.6523020267486572,0.007467656396329403,0.11907180398702621,0.23828125,0.5185185185185185,0.0,0.009403935185185185,0.0,0.0,0.0,0.0,0.004050925925925926,0.0,0.0,0.003616898148148148,0.0,0.0,0.00043402777777777775,0.0,0.0007233796296296296,0.0,0.0,0.0,0.0,0.0,0.0,0.0,0.04716435185185185,0.0,0.0,same_pose,randfix,Random fixed,1,20,18,-0.7421680092811584,0.7201593518257141,0.36766287684440613,0.29706576466560364,glare
glare,far_right,20,flightonly,0.7741566300392151,0.03068571910262108,0.05892755836248398,0.7741566300392151,0.03068571910262108,0.05892755836248398,0.0724536622742372,2.2639100551605225,0.44996076822280884,0.0,-0.7421680092811584,0.3123433589935303,1.5203161239624023,-0.7421680092811584,0.3123433589935303,1.5203161239624023,0.505618155002594,0.24875524640083313,1.5588653087615967,0.505618155002594,0.24875524640083313,1.5588653087615967,single_wall_slit,0.0,2.5210158824920654,0.5400000214576721,0.15000000596046448,1.0,1.5,0.0,0.9982289671897888,-0.05087048187851906,0.030839327722787857,0.9878472089767456,0.8678621649742126,0.01215277798473835,0.05240335315465927,0.5116798877716064,0.508754312992096,0.018734637647867203,0.6533071994781494,0.027162395417690277,0.026491863653063774,0.022079121321439743,0.7888186573982239,0.7268518518518519,0.98328025477707,1.3384895324707031,1.1287204027175903,0.8367144465446472,1.0,0.5185185185185185,1.0,0.009403935185185185,1.0,0.0,0.6428571428571429,0.6428571428571429,0.004050925925925926,0.72,0.72,0.003616898148148148,0.0,0.0,0.00043402777777777775,1.0,0.0007233796296296296,0.7906608581542969,0.0,0.0,0.0,0.0,0.0,0.6428571428571429,0.04716435185185185,0.7423312883435583,0.47656676173210144,same_pose,flightonly,Ours,1,20,20,-0.7421680092811584,0.7741566300392151,0.03068571910262108,0.05892755836248398,glare
glare,far_right,25,fixed,0.5,0.5,0.5,0.7704986929893494,0.027564862743020058,0.058210935443639755,0.07198987223747517,1.9279518127441406,0.09757283329963684,0.0,-0.37358832359313965,0.45445120334625244,1.511789321899414,-0.37358832359313965,0.45445120334625244,1.511789321899414,0.8681706190109253,0.3184073567390442,1.556810975074768,0.8681706190109253,0.3184073567390442,1.556810975074768,single_wall_slit,0.0,2.5210158824920654,0.5400000214576721,0.15000000596046448,1.0,1.5,0.0,0.993407130241394,-0.10883506387472153,0.03601730987429619,0.0447048619389534,0.022230973467230797,0.9552951455116272,0.9561272859573364,0.7645300626754761,0.763978898525238,0.7028606534004211,0.5062913298606873,0.054151661694049835,0.049977269023656845,0.9885451793670654,0.005618899594992399,1.0,0.04470486111111111,0.30169570446014404,0.005308106075972319,0.022230973467230797,0.07542103978520869,0.5927372685185185,0.0,0.1099537037037037,0.0,0.0,0.0,0.0,0.40726273148148145,0.0,0.0,0.38527199074074076,0.0,0.0,0.02199074074074074,0.0,0.02199074074074074,0.0,0.0,0.0,1.0,0.0,0.0,0.0,0.08622685185185185,0.0,0.0,same_pose,fixed,Fixed,2,25,22,-0.37358832359313965,0.5,0.5,0.5,glare
glare,far_right,25,randfix,0.7201593518257141,0.36766287684440613,0.29706576466560364,0.7704986929893494,0.027564862743020058,0.058210935443639755,0.07198987223747517,1.9279518127441406,0.09757283329963684,0.0,-0.37358832359313965,0.45445120334625244,1.511789321899414,-0.37358832359313965,0.45445120334625244,1.511789321899414,0.8681706190109253,0.3184073567390442,1.556810975074768,0.8681706190109253,0.3184073567390442,1.556810975074768,single_wall_slit,0.0,2.5210158824920654,0.5400000214576721,0.15000000596046448,1.0,1.5,0.0,0.993407130241394,-0.10883506387472153,0.03601730987429619,0.06611689925193787,0.03440002351999283,0.9338831305503845,0.9449517130851746,0.7645300626754761,0.763978898525238,0.7028606534004211,0.5062913298606873,0.054151661694049835,0.049977269023656845,0.981483519077301,0.009449797682464123,1.0,0.06611689814814815,0.30077651143074036,0.005211834795773029,0.03440002351999283,0.11154503295093972,0.5927372685185185,0.0,0.1099537037037037,0.0,0.0,0.0,0.0,0.40726273148148145,0.0,0.0,0.38527199074074076,0.0,0.0,0.02199074074074074,0.0,0.02199074074074074,0.0,0.0,0.0,1.0,0.0,0.0,0.0,0.08622685185185185,0.0,0.0,same_pose,randfix,Random fixed,2,25,22,-0.37358832359313965,0.7201593518257141,0.36766287684440613,0.29706576466560364,glare
glare,far_right,25,flightonly,0.7704986929893494,0.027564862743020058,0.058210935443639755,0.7704986929893494,0.027564862743020058,0.058210935443639755,0.07198987223747517,1.9279518127441406,0.09757283329963684,0.0,-0.37358832359313965,0.45445120334625244,1.511789321899414,-0.37358832359313965,0.45445120334625244,1.511789321899414,0.8681706190109253,0.3184073567390442,1.556810975074768,0.8681706190109253,0.3184073567390442,1.556810975074768,single_wall_slit,0.0,2.5210158824920654,0.5400000214576721,0.15000000596046448,1.0,1.5,0.0,0.993407130241394,-0.10883506387472153,0.03601730987429619,0.9998553395271301,0.82309490442276,0.00014467592700384557,0.07653660327196121,0.7645300626754761,0.763978898525238,0.027692968025803566,0.5062913298606873,0.054151661694049835,0.049977269023656845,0.00011370786523912102,0.7886440753936768,1.0,0.9998553240740741,1.2959295511245728,1.185258150100708,0.82309490442276,1.0,0.5927372685185185,1.0,0.1099537037037037,1.0,0.0,0.9996447602131439,0.9996447602131439,0.40726273148148145,1.0,1.0,0.38527199074074076,0.993421052631579,0.993421052631579,0.02199074074074074,1.0,0.02199074074074074,0.8923436999320984,0.0,0.0,0.0,0.0,0.0,0.9996447602131439,0.08622685185185185,0.9983221476510067,0.8186898231506348,same_pose,flightonly,Ours,2,25,25,-0.37358832359313965,0.7704986929893494,0.027564862743020058,0.058210935443639755,glare
glare,far_right,26,fixed,0.5,0.5,0.5,0.766839325428009,0.027681633830070496,0.05966245010495186,0.0670455491962732,1.8558063507080078,0.03891633450984955,0.0,-0.29358118772506714,0.4764324426651001,1.5097846984863281,-0.29358118772506714,0.4764324426651001,1.5097846984863281,0.9461546540260315,0.3227927088737488,1.5539422035217285,0.9461546540260315,0.3227927088737488,1.5539422035217285,single_wall_slit,0.0,2.5210158824920654,0.5400000214576721,0.15000000596046448,1.0,1.5,0.0,0.9917886853218079,-0.12291179597377777,0.03532596677541733,0.01215277798473835,0.005918524693697691,0.9878472089767456,0.9716022610664368,0.7832582592964172,0.7818071842193604,0.7192625999450684,0.4389963150024414,0.06553982943296432,0.05878452584147453,0.9957857728004456,0.0020293118432164192,1.0,0.012152777777777778,0.2196173369884491,0.0035674991086125374,0.005918524693697691,0.023965763195435093,0.5070891203703703,0.0,0.10908564814814815,0.0,0.0,0.0,0.0,0.49291087962962965,0.0,0.0,0.47063078703703703,0.0,0.0,0.02228009259259259,0.0,0.02228009259259259,0.0,0.0,0.0,1.0,0.0,0.0,0.0,0.07682291666666667,0.0,0.0,same_pose,fixed,Fixed,3,26,25,-0.29358118772506714,0.5,0.5,0.5,glare
glare,far_right,26,randfix,0.7201593518257141,0.36766287684440613,0.29706576466560364,0.766839325428009,0.027681633830070496,0.05966245010495186,0.0670455491962732,1.8558063507080078,0.03891633450984955,0.0,-0.29358118772506714,0.4764324426651001,1.5097846984863281,-0.29358118772506714,0.4764324426651001,1.5097846984863281,0.9461546540260315,0.3227927088737488,1.5539422035217285,0.9461546540260315,0.3227927088737488,1.5539422035217285,single_wall_slit,0.0,2.5210158824920654,0.5400000214576721,0.15000000596046448,1.0,1.5,0.0,0.9917886853218079,-0.12291179597377777,0.03532596677541733,0.027922453358769417,0.013470439240336418,0.9720775485038757,0.9627100825309753,0.7832582592964172,0.7818071842193604,0.7192625999450684,0.4389963150024414,0.06553982943296432,0.05878452584147453,0.9892808198928833,0.005106656812131405,1.0,0.027922453703703703,0.21757151186466217,0.003977607470005751,0.013470439240336418,0.0550641940085592,0.5070891203703703,0.0,0.10908564814814815,0.0,0.0,0.0,0.0,0.49291087962962965,0.0,0.0,0.47063078703703703,0.0,0.0,0.02228009259259259,0.0,0.02228009259259259,0.0,0.0,0.0,1.0,0.0,0.0,0.0,0.07682291666666667,0.0,0.0,same_pose,randfix,Random fixed,3,26,23,-0.29358118772506714,0.7201593518257141,0.36766287684440613,0.29706576466560364,glare
glare,far_right,26,flightonly,0.766839325428009,0.027681633830070496,0.05966245010495186,0.766839325428009,0.027681633830070496,0.05966245010495186,0.0670455491962732,1.8558063507080078,0.03891633450984955,0.0,-0.29358118772506714,0.4764324426651001,1.5097846984863281,-0.29358118772506714,0.4764324426651001,1.5097846984863281,0.9461546540260315,0.3227927088737488,1.5539422035217285,0.9461546540260315,0.3227927088737488,1.5539422035217285,single_wall_slit,0.0,2.5210158824920654,0.5400000214576721,0.15000000596046448,1.0,1.5,0.0,0.9917886853218079,-0.12291179597377777,0.03532596677541733,0.9995659589767456,0.7918749451637268,0.0004340277810115367,0.08091825991868973,0.7832582592964172,0.7818071842193604,0.02891654521226883,0.4389963150024414,0.06553982943296432,0.05878452584147453,0.000329352798871696,0.7637552618980408,1.0,0.9995659722222222,1.4241819381713867,1.1999510526657104,0.7918749451637268,1.0,0.5070891203703703,1.0,0.10908564814814815,1.0,0.0,0.9991194599354271,0.9979454065159965,0.49291087962962965,1.0,0.9996925914540424,0.47063078703703703,0.9805194805194806,0.961038961038961,0.02228009259259259,1.0,0.02228009259259259,0.9156803488731384,0.0,0.0,0.0,0.0,0.0,0.9991194599354271,0.07682291666666667,0.9943502824858758,0.8024410605430603,same_pose,flightonly,Ours,3,26,26,-0.29358118772506714,0.766839325428009,0.027681633830070496,0.05966245010495186,glare
glare,far_right,27,fixed,0.5,0.5,0.5,0.7654496431350708,0.028038032352924347,0.06119120866060257,0.07621864339066249,1.7884175777435303,0.005651765502989292,0.0,-0.21913287043571472,0.4929088354110718,1.5077754259109497,-0.21913287043571472,0.4929088354110718,1.5077754259109497,1.0184293985366821,0.32252371311187744,1.5514655113220215,1.0184293985366821,0.32252371311187744,1.5514655113220215,single_wall_slit,0.0,2.5210158824920654,0.5400000214576721,0.15000000596046448,1.0,1.5,0.0,0.9900498390197754,-0.13630810379981995,0.034952037036418915,0.021556712687015533,0.010499064810574055,0.9784432649612427,0.9649220108985901,0.7597841620445251,0.7523006200790405,0.6921165585517883,0.3644750714302063,0.08033297210931778,0.07011496275663376,0.9923335909843445,0.003684030380100012,1.0,0.02155671296296296,0.13619713485240936,0.0025897868908941746,0.010499064810574055,0.05445906432748538,0.3958333333333333,0.0,0.06105324074074074,0.0,0.0,0.0,0.0,0.6041666666666666,0.0,0.0,0.5891203703703703,0.0,0.0,0.015046296296296295,0.0,0.014756944444444444,0.0,0.0,0.0,1.0,0.0,0.0,0.0,0.02980324074074074,0.0,0.0,same_pose,fixed,Fixed,4,27,28,-0.21913287043571472,0.5,0.5,0.5,glare
glare,far_right,27,randfix,0.7201593518257141,0.36766287684440613,0.29706576466560364,0.7654496431350708,0.028038032352924347,0.06119120866060257,0.07621864339066249,1.7884175777435303,0.005651765502989292,0.0,-0.21913287043571472,0.4929088354110718,1.5077754259109497,-0.21913287043571472,0.4929088354110718,1.5077754259109497,1.0184293985366821,0.32252371311187744,1.5514655113220215,1.0184293985366821,0.32252371311187744,1.5514655113220215,single_wall_slit,0.0,2.5210158824920654,0.5400000214576721,0.15000000596046448,1.0,1.5,0.0,0.9900498390197754,-0.13630810379981995,0.034952037036418915,0.04152199253439903,0.02048531360924244,0.9584780335426331,0.9555277824401855,0.7597841620445251,0.7523006200790405,0.6921165585517883,0.3644750714302063,0.08033297210931778,0.07011496275663376,0.9839578866958618,0.00780875189229846,1.0,0.04152199074074074,0.1352580338716507,0.0025550161954015493,0.02048531360924244,0.10489766081871345,0.3958333333333333,0.0,0.06105324074074074,0.0,0.0,0.0,0.0,0.6041666666666666,0.0,0.0,0.5891203703703703,0.0,0.0,0.015046296296296295,0.0,0.014756944444444444,0.0,0.0,0.0,1.0,0.0,0.0,0.0,0.02980324074074074,0.0,0.0,same_pose,randfix,Random fixed,4,27,24,-0.21913287043571472,0.7201593518257141,0.36766287684440613,0.29706576466560364,glare
glare,far_right,27,flightonly,0.7654496431350708,0.028038032352924347,0.06119120866060257,0.7654496431350708,0.028038032352924347,0.06119120866060257,0.07621864339066249,1.7884175777435303,0.005651765502989292,0.0,-0.21913287043571472,0.4929088354110718,1.5077754259109497,-0.21913287043571472,0.4929088354110718,1.5077754259109497,1.0184293985366821,0.32252371311187744,1.5514655113220215,1.0184293985366821,0.32252371311187744,1.5514655113220215,single_wall_slit,0.0,2.5210158824920654,0.5400000214576721,0.15000000596046448,1.0,1.5,0.0,0.9900498390197754,-0.13630810379981995,0.034952037036418915,0.9998553395271301,0.7558208107948303,0.00014467592700384557,0.08329669386148453,0.7597841620445251,0.7523006200790405,0.028337832540273666,0.3644750714302063,0.08033297210931778,0.07011496275663376,0.00010101998486788943,0.7216460108757019,1.0,0.9998553240740741,1.620063066482544,1.1648749113082886,0.7558208107948303,1.0,0.3958333333333333,1.0,0.06105324074074074,1.0,0.0,0.9997605363984674,0.9547413793103449,0.6041666666666666,1.0,0.9663555992141454,0.5891203703703703,0.9903846153846154,0.5,0.015046296296296295,1.0,0.014756944444444444,0.93467116355896,0.0,0.0,0.0,0.0,0.0,0.9997605363984674,0.02980324074074074,0.9951456310679612,0.683769166469574,same_pose,flightonly,Ours,4,27,27,-0.21913287043571472,0.7654496431350708,0.028038032352924347,0.06119120866060257,glare
glare,far_right,12,fixed,0.5,0.5,0.5,0.5,0.5,0.5,0.09832849806955056,2.7310256958007812,0.9566409587860107,0.0,-1.2292046546936035,0.09752893447875977,1.5207666158676147,-1.2292046546936035,0.09752893447875977,1.5207666158676147,0.01994025707244873,0.09324735403060913,1.4747368097305298,0.01994025707244873,0.09324735403060913,1.4747368097305298,single_wall_slit,0.0,2.5210158824920654,0.5400000214576721,0.15000000596046448,1.0,1.5,0.0,0.9993159174919128,-0.003425263799726963,-0.03682380169630051,0.6041666865348816,0.5536000728607178,0.3958333432674408,0.4351934492588043,0.32635414600372314,0.3235156834125519,0.29763442277908325,0.722833514213562,0.015819747000932693,0.01551373302936554,0.944871187210083,0.03667997941374779,0.5208333333333334,0.24,1.1295939683914185,0.014838862232863903,0.15975762903690338,0.3070362473347548,0.4071180555555556,0.0,0.02155671296296296,0.0,0.0,0.0,0.0,0.003616898148148148,0.0,0.0,0.0027488425925925927,0.0,0.0,0.0008680555555555555,0.0,0.0014467592592592592,0.0,0.0,0.0,0.0,0.0,0.0,0.0,0.046296296296296294,0.0,0.0,own_pose,fixed,Fixed,0,12,12,-1.2292046546936035,,,,glare
glare,far_right,18,fixed,0.5,0.5,0.5,0.5,0.5,0.5,0.07665258976841331,2.239551305770874,0.4216073155403137,0.0,-0.7144062519073486,0.3339744806289673,1.5213477611541748,-0.7144062519073486,0.3339744806289673,1.5213477611541748,0.5332868099212646,0.26825520396232605,1.5593377351760864,0.5332868099212646,0.26825520396232605,1.5593377351760864,single_wall_slit,0.0,2.5210158824920654,0.5400000214576721,0.15000000596046448,1.0,1.5,0.0,0.9981544613838196,-0.052575428038835526,0.03039201721549034,0.35966435074806213,0.3168806731700897,0.6403356790542603,0.6724079847335815,0.5303056836128235,0.5272979736328125,0.48511412739753723,0.6447607278823853,0.02875903993844986,0.02798626758158207,0.9701045155525208,0.020988527685403824,0.7491319444444444,0.14522981846272692,0.6261594295501709,0.007175405975431204,0.09984288364648819,0.2052962052962053,0.5299479166666666,0.0,0.008680555555555556,0.0,0.0,0.0,0.0,0.0028935185185185184,0.0,0.0,0.0026041666666666665,0.0,0.0,0.00028935185185185184,0.0,0.0005787037037037037,0.0,0.0,0.0,0.0,0.0,0.0,0.0,0.047453703703703706,0.0,0.0,own_pose,fixed,Fixed,1,18,18,-0.7144062519073486,,,,glare
glare,far_right,22,fixed,0.5,0.5,0.5,0.5,0.5,0.5,0.08724819151691147,1.919853925704956,0.0968499630689621,0.0,-0.3586270213127136,0.4807717204093933,1.5142501592636108,-0.3586270213127136,0.4807717204093933,1.5142501592636108,0.8824517130851746,0.3403157889842987,1.564209222793579,0.8824517130851746,0.3403157889842987,1.564209222793579,single_wall_slit,0.0,2.5210158824920654,0.5400000214576721,0.15000000596046448,1.0,1.5,0.0,0.9928629994392395,-0.1123647466301918,0.03996724635362625,0.007089120335876942,0.003455663798376918,0.9929108619689941,0.978439211845398,0.7972419261932373,0.7966532111167908,0.7329208850860596,0.5081078410148621,0.055459775030612946,0.0508328452706337,0.9978983998298645,0.0010138307698071003,1.0,0.007089120370370371,0.29297584295272827,0.002559574553743005,0.003455663798376918,0.012161826756018863,0.5828993055555556,0.0,0.11140046296296297,0.0,0.0,0.0,0.0,0.4171006944444444,0.0,0.0,0.39482060185185186,0.0,0.0,0.02228009259259259,0.0,0.02228009259259259,0.0,0.0,0.0,1.0,0.0,0.0,0.0,0.09259259259259259,0.0,0.0,own_pose,fixed,Fixed,2,22,22,-0.3586270213127136,,,,glare
glare,far_right,25,fixed,0.5,0.5,0.5,0.5,0.5,0.5,0.08498183854463841,1.687841773033142,0.026192516088485718,0.0,-0.10038136690855026,0.536191999912262,1.509360432624817,-0.10038136690855026,0.536191999912262,1.509360432624817,1.1319224834442139,0.3340757489204407,1.564823865890503,1.1319224834442139,0.3340757489204407,1.564823865890503,single_wall_slit,0.0,2.5210158824920654,0.5400000214576721,0.15000000596046448,1.0,1.5,0.0,0.9858431220054626,-0.16169299185276031,0.04437077045440674,0.0047743055038154125,0.0022725691087543964,0.995225727558136,0.9798130989074707,0.5232326984405518,0.5170493125915527,0.47568532824516296,0.18325120210647583,0.10774540156126022,0.058587733656167984,0.997408390045166,0.001227722386829555,1.0,0.004774305555555556,0.14790235459804535,0.0039694649167358875,0.0022725691087543964,0.02517162471395881,0.1896701388888889,0.0,0.05931712962962963,0.0,0.0,0.0,0.0,0.8103298611111112,0.0,0.0,0.7984664351851852,0.0,0.0,0.011863425925925927,0.0,0.011863425925925927,0.0,0.0,0.0,1.0,0.0,0.0,0.0,0.023726851851851853,0.0,0.0,own_pose,fixed,Fixed,3,25,25,-0.10038136690855026,,,,glare
glare,far_right,28,fixed,0.5,0.5,0.5,0.5,0.5,0.5,0.08585813393141115,1.4296648502349854,0.03245600312948227,0.0,0.17032496631145477,0.5252672433853149,1.500343918800354,0.17032496631145477,0.5252672433853149,1.500343918800354,1.3904085159301758,0.26199430227279663,1.5680434703826904,1.3904085159301758,0.26199430227279663,1.5680434703826904,single_wall_slit,0.0,2.5210158824920654,0.5400000214576721,0.15000000596046448,1.0,1.5,0.0,0.9760668873786926,-0.21061836183071136,0.054159678518772125,1.0,0.9116372466087341,0.0,0.004672955721616745,0.0016826619394123554,0.0016624273266643286,0.00152943329885602,0.0,0.1329648196697235,0.0002237348526250571,0.0,0.9103159308433533,1.0,1.0,2.3306400775909424,0.24275700747966766,0.9116372466087341,1.0,0.4435763888888889,0.0,0.0,0.0,0.0,1.0,0.948756593820648,0.1919849537037037,1.0,0.948756593820648,0.1919849537037037,0.0,0.0,0.0,0.0,0.0,nan,0.0,0.0,0.0,0.0,0.0,0.0,0.0,0.0,nan,own_pose,fixed,Fixed,4,28,28,0.17032496631145477,,,,glare
glare,far_right,12,randfix,0.7201593518257141,0.36766287684440613,0.29706576466560364,0.7201593518257141,0.36766287684440613,0.29706576466560364,0.0946892268102427,2.738027572631836,0.9621788263320923,0.0,-1.2351782321929932,0.12185769528150558,1.5273184776306152,-1.2351782321929932,0.12185769528150558,1.5273184776306152,0.0138092041015625,0.11179719120264053,1.4780330657958984,0.0138092041015625,0.11179719120264053,1.4780330657958984,single_wall_slit,0.0,2.5210158824920654,0.5400000214576721,0.15000000596046448,1.0,1.5,0.0,0.9991899132728577,-0.008048401214182377,-0.03942837566137314,0.6061921119689941,0.561102032661438,0.39380788803100586,0.4243035912513733,0.32562410831451416,0.32265281677246094,0.2968406081199646,0.7203444242477417,0.01571309007704258,0.015435886569321156,0.9433777928352356,0.03996536135673523,0.5208333333333334,0.24388888888888888,1.133955955505371,0.01640382595360279,0.17242611944675446,0.31402002861230327,0.4045138888888889,0.0,0.021701388888888888,0.0,0.0,0.0,0.0,0.004629629629629629,0.0,0.0,0.003761574074074074,0.0,0.0,0.0008680555555555555,0.0,0.001591435185185185,0.0,0.0,0.0,0.0,0.0,0.0,0.0,0.046875,0.0,0.0,own_pose,randfix,Random fixed,0,12,12,-1.2351782321929932,,,,glare
glare,far_right,18,randfix,0.7201593518257141,0.36766287684440613,0.29706576466560364,0.7201593518257141,0.36766287684440613,0.29706576466560364,0.07301331850910545,2.2607903480529785,0.4399552643299103,0.0,-0.7342196106910706,0.344683438539505,1.5250849723815918,-0.7342196106910706,0.344683438539505,1.5250849723815918,0.5131283402442932,0.26996272802352905,1.557332158088684,0.5131283402442932,0.26996272802352905,1.557332158088684,single_wall_slit,0.0,2.5210158824920654,0.5400000214576721,0.15000000596046448,1.0,1.5,0.0,0.99787837266922,-0.05977656692266464,0.025797732174396515,0.36820024251937866,0.32660362124443054,0.6317997574806213,0.6610304117202759,0.5237941145896912,0.5208472609519958,0.4791795313358307,0.6462035179138184,0.028335843235254288,0.02756783366203308,0.9662405252456665,0.023751087486743927,0.7488425925925926,0.1562982998454405,0.647626519203186,0.006739359814673662,0.11037991940975189,0.21965788759163726,0.5328414351851852,0.0,0.008680555555555556,0.0,0.0,0.0,0.0,0.0028935185185185184,0.0,0.0,0.0026041666666666665,0.0,0.0,0.00028935185185185184,0.0,0.0005787037037037037,0.0,0.0,0.0,0.0,0.0,0.0,0.0,0.04774305555555555,0.0,0.0,own_pose,randfix,Random fixed,1,18,18,-0.7342196106910706,,,,glare
glare,far_right,22,randfix,0.7201593518257141,0.36766287684440613,0.29706576466560364,0.7201593518257141,0.36766287684440613,0.29706576466560364,0.08360892025760361,1.9451026916503906,0.1124008297920227,0.0,-0.3888862431049347,0.4638305604457855,1.5198571681976318,-0.3888862431049347,0.4638305604457855,1.5198571681976318,0.852175235748291,0.3223583400249481,1.5673151016235352,0.852175235748291,0.3223583400249481,1.5673151016235352,single_wall_slit,0.0,2.5210158824920654,0.5400000214576721,0.15000000596046448,1.0,1.5,0.0,0.9928491115570068,-0.11317777633666992,0.03796639293432236,0.07190393656492233,0.0384049154818058,0.9280960559844971,0.9412625432014465,0.7608315348625183,0.7603601813316345,0.6995313763618469,0.5215389132499695,0.052381861954927444,0.048259418457746506,0.9804887771606445,0.010175589472055435,1.0,0.07190393518518519,0.3187441825866699,0.005947520490735769,0.0384049154818058,0.11864406779661017,0.6060474537037037,0.0,0.1115451388888889,0.0,0.0,0.0,0.0,0.3939525462962963,0.0,0.0,0.3715277777777778,0.0,0.0,0.022424768518518517,0.0,0.022424768518518517,0.0,0.0,0.0,1.0,0.0,0.0,0.0,0.08897569444444445,0.0,0.0,own_pose,randfix,Random fixed,2,22,22,-0.3888862431049347,,,,glare
glare,far_right,23,randfix,0.7201593518257141,0.36766287684440613,0.29706576466560364,0.7201593518257141,0.36766287684440613,0.29706576466560364,0.0653921586446453,1.8581815958023071,0.040685880929231644,0.0,-0.2937204837799072,0.4848485291004181,1.5180996656417847,-0.2937204837799072,0.4848485291004181,1.5180996656417847,0.944888710975647,0.3237397074699402,1.567002534866333,0.944888710975647,0.3237397074699402,1.567002534866333,single_wall_slit,0.0,2.5210158824920654,0.5400000214576721,0.15000000596046448,1.0,1.5,0.0,0.9908873438835144,-0.12888705730438232,0.039122287184000015,0.017505787312984467,0.008746285922825336,0.9824942350387573,0.967646598815918,0.7848381400108337,0.7835164070129395,0.7208350896835327,0.4434293508529663,0.06542441993951797,0.0581454299390316,0.9934356212615967,0.0032260778825730085,1.0,0.01750578703703704,0.22151079773902893,0.0032105385325849056,0.008746285922825336,0.03446311592138992,0.5079571759259259,0.0,0.11226851851851852,0.0,0.0,0.0,0.0,0.49204282407407407,0.0,0.0,0.46947337962962965,0.0,0.0,0.022569444444444444,0.0,0.022569444444444444,0.0,0.0,0.0,1.0,0.0,0.0,0.0,0.0708912037037037,0.0,0.0,own_pose,randfix,Random fixed,3,23,23,-0.2937204837799072,,,,glare
glare,far_right,24,randfix,0.7201593518257141,0.36766287684440613,0.29706576466560364,0.7201593518257141,0.36766287684440613,0.29706576466560364,0.07307378642588322,1.7900279760360718,0.00497406767681241,0.0,-0.21963295340538025,0.496782124042511,1.516434669494629,-0.21963295340538025,0.496782124042511,1.516434669494629,1.0166423320770264,0.3193895220756531,1.5679643154144287,1.0166423320770264,0.3193895220756531,1.5679643154144287,single_wall_slit,0.0,2.5210158824920654,0.5400000214576721,0.15000000596046448,1.0,1.5,0.0,0.9890202283859253,-0.14191406965255737,0.04122373089194298,0.03616898134350777,0.018168510869145393,0.9638310074806213,0.9576208591461182,0.7539646029472351,0.747136652469635,0.687365710735321,0.3648386299610138,0.08048686385154724,0.06919992715120316,0.9860711693763733,0.0068522971123456955,1.0,0.03616898148148148,0.13776563107967377,0.0030682566575706005,0.018168510869145393,0.09164222873900293,0.39467592592592593,0.0,0.0642361111111111,0.0,0.0,0.0,0.0,0.6053240740740741,0.0,0.0,0.5891203703703703,0.0,0.0,0.016203703703703703,0.0,0.015914351851851853,0.0,0.0,0.0,1.0,0.0,0.0,0.0,0.03211805555555555,0.0,0.0,own_pose,randfix,Random fixed,4,24,24,-0.21963295340538025,,,,glare
glare,far_right,13,flightonly,0.8295222520828247,0.04901266470551491,0.059176005423069,0.8295222520828247,0.04901266470551491,0.059176005423069,0.06741337571453714,2.7272748947143555,0.9517862796783447,0.0,-1.2254154682159424,0.09849542379379272,1.5209234952926636,-1.2254154682159424,0.09849542379379272,1.5209234952926636,0.023635506629943848,0.09379047900438309,1.4724516868591309,0.023635506629943848,0.09379047900438309,1.4724516868591309,single_wall_slit,0.0,2.5210158824920654,0.5400000214576721,0.15000000596046448,1.0,1.5,0.0,0.9992407560348511,-0.003763957414776087,-0.03877747803926468,0.9950810074806213,0.8424910306930542,0.004918981343507767,0.0372949093580246,0.32735148072242737,0.3245173990726471,0.012464150786399841,0.7223873734474182,0.01596256159245968,0.01565033197402954,0.014426033943891525,0.7351906895637512,0.5208333333333334,0.9905555555555555,1.6768975257873535,1.0440343618392944,0.7916092872619629,1.0,0.40653935185185186,1.0,0.10850694444444445,1.0,0.0,0.9569620253164557,0.8860759493670886,0.11429398148148148,1.0,0.9125,0.09259259259259259,0.7733333333333333,0.7733333333333333,0.021701388888888888,1.0,0.021701388888888888,0.647813618183136,0.0,0.0,0.0,0.0,0.0,0.9569620253164557,0.04600694444444445,0.8930817610062893,0.4903847575187683,own_pose,flightonly,Ours,0,13,13,-1.2254154682159424,,,,glare
glare,far_right,20,flightonly,0.7741566300392151,0.03068571910262108,0.05892755836248398,0.7741566300392151,0.03068571910262108,0.05892755836248398,0.0724536622742372,2.2639100551605225,0.44996076822280884,0.0,-0.7421680092811584,0.3123433589935303,1.5203161239624023,-0.7421680092811584,0.3123433589935303,1.5203161239624023,0.505618155002594,0.24875524640083313,1.5588653087615967,0.505618155002594,0.24875524640083313,1.5588653087615967,single_wall_slit,0.0,2.5210158824920654,0.5400000214576721,0.15000000596046448,1.0,1.5,0.0,0.9982289671897888,-0.05087048187851906,0.030839327722787857,0.9878472089767456,0.8678621649742126,0.01215277798473835,0.05240335315465927,0.5116798877716064,0.508754312992096,0.018734637647867203,0.6533071994781494,0.027162395417690277,0.026491863653063774,0.022079121321439743,0.7888186573982239,0.7268518518518519,0.98328025477707,1.3384895324707031,1.1287204027175903,0.8367144465446472,1.0,0.5185185185185185,1.0,0.009403935185185185,1.0,0.0,0.6428571428571429,0.6428571428571429,0.004050925925925926,0.72,0.72,0.003616898148148148,0.0,0.0,0.00043402777777777775,1.0,0.0007233796296296296,0.7906608581542969,0.0,0.0,0.0,0.0,0.0,0.6428571428571429,0.04716435185185185,0.7423312883435583,0.47656676173210144,own_pose,flightonly,Ours,1,20,20,-0.7421680092811584,,,,glare
glare,far_right,25,flightonly,0.7704986929893494,0.027564862743020058,0.058210935443639755,0.7704986929893494,0.027564862743020058,0.058210935443639755,0.07198987223747517,1.9279518127441406,0.09757283329963684,0.0,-0.37358832359313965,0.45445120334625244,1.511789321899414,-0.37358832359313965,0.45445120334625244,1.511789321899414,0.8681706190109253,0.3184073567390442,1.556810975074768,0.8681706190109253,0.3184073567390442,1.556810975074768,single_wall_slit,0.0,2.5210158824920654,0.5400000214576721,0.15000000596046448,1.0,1.5,0.0,0.993407130241394,-0.10883506387472153,0.03601730987429619,0.9998553395271301,0.82309490442276,0.00014467592700384557,0.07653660327196121,0.7645300626754761,0.763978898525238,0.027692968025803566,0.5062913298606873,0.054151661694049835,0.049977269023656845,0.00011370786523912102,0.7886440753936768,1.0,0.9998553240740741,1.2959295511245728,1.185258150100708,0.82309490442276,1.0,0.5927372685185185,1.0,0.1099537037037037,1.0,0.0,0.9996447602131439,0.9996447602131439,0.40726273148148145,1.0,1.0,0.38527199074074076,0.993421052631579,0.993421052631579,0.02199074074074074,1.0,0.02199074074074074,0.8923436999320984,0.0,0.0,0.0,0.0,0.0,0.9996447602131439,0.08622685185185185,0.9983221476510067,0.8186898231506348,own_pose,flightonly,Ours,2,25,25,-0.37358832359313965,,,,glare
glare,far_right,26,flightonly,0.766839325428009,0.027681633830070496,0.05966245010495186,0.766839325428009,0.027681633830070496,0.05966245010495186,0.0670455491962732,1.8558063507080078,0.03891633450984955,0.0,-0.29358118772506714,0.4764324426651001,1.5097846984863281,-0.29358118772506714,0.4764324426651001,1.5097846984863281,0.9461546540260315,0.3227927088737488,1.5539422035217285,0.9461546540260315,0.3227927088737488,1.5539422035217285,single_wall_slit,0.0,2.5210158824920654,0.5400000214576721,0.15000000596046448,1.0,1.5,0.0,0.9917886853218079,-0.12291179597377777,0.03532596677541733,0.9995659589767456,0.7918749451637268,0.0004340277810115367,0.08091825991868973,0.7832582592964172,0.7818071842193604,0.02891654521226883,0.4389963150024414,0.06553982943296432,0.05878452584147453,0.000329352798871696,0.7637552618980408,1.0,0.9995659722222222,1.4241819381713867,1.1999510526657104,0.7918749451637268,1.0,0.5070891203703703,1.0,0.10908564814814815,1.0,0.0,0.9991194599354271,0.9979454065159965,0.49291087962962965,1.0,0.9996925914540424,0.47063078703703703,0.9805194805194806,0.961038961038961,0.02228009259259259,1.0,0.02228009259259259,0.9156803488731384,0.0,0.0,0.0,0.0,0.0,0.9991194599354271,0.07682291666666667,0.9943502824858758,0.8024410605430603,own_pose,flightonly,Ours,3,26,26,-0.29358118772506714,,,,glare
glare,far_right,27,flightonly,0.7654496431350708,0.028038032352924347,0.06119120866060257,0.7654496431350708,0.028038032352924347,0.06119120866060257,0.07621864339066249,1.7884175777435303,0.005651765502989292,0.0,-0.21913287043571472,0.4929088354110718,1.5077754259109497,-0.21913287043571472,0.4929088354110718,1.5077754259109497,1.0184293985366821,0.32252371311187744,1.5514655113220215,1.0184293985366821,0.32252371311187744,1.5514655113220215,single_wall_slit,0.0,2.5210158824920654,0.5400000214576721,0.15000000596046448,1.0,1.5,0.0,0.9900498390197754,-0.13630810379981995,0.034952037036418915,0.9998553395271301,0.7558208107948303,0.00014467592700384557,0.08329669386148453,0.7597841620445251,0.7523006200790405,0.028337832540273666,0.3644750714302063,0.08033297210931778,0.07011496275663376,0.00010101998486788943,0.7216460108757019,1.0,0.9998553240740741,1.620063066482544,1.1648749113082886,0.7558208107948303,1.0,0.3958333333333333,1.0,0.06105324074074074,1.0,0.0,0.9997605363984674,0.9547413793103449,0.6041666666666666,1.0,0.9663555992141454,0.5891203703703703,0.9903846153846154,0.5,0.015046296296296295,1.0,0.014756944444444444,0.93467116355896,0.0,0.0,0.0,0.0,0.0,0.9997605363984674,0.02980324074074074,0.9951456310679612,0.683769166469574,own_pose,flightonly,Ours,4,27,27,-0.21913287043571472,,,,glare
dark,far_right,12,fixed,0.5,0.5,0.5,0.711317777633667,0.7340201139450073,0.7245011329650879,0.09302600843861653,2.6822431087493896,0.9033389091491699,0.0,-1.1794201135635376,0.11893990635871887,1.5314488410949707,-1.1794201135635376,0.11893990635871887,1.5314488410949707,0.06986939907073975,0.10729061812162399,1.4909521341323853,0.06986939907073975,0.10729061812162399,1.4909521341323853,single_wall_slit,0.0,2.0388615131378174,0.5400000214576721,0.15000000596046448,1.0,1.5,0.0,0.9994316101074219,-0.009319431148469448,-0.03239738941192627,0.5435474514961243,0.5077623724937439,0.45645254850387573,0.37654638290405273,0.2123400866985321,0.3374948799610138,0.1946369707584381,0.7187051177024841,0.01563943363726139,0.0,0.9455369710922241,0.034821197390556335,0.4262152777777778,0.1544467073998642,1.0747126340866089,0.013554015196859837,0.10201046615839005,0.1544467073998642,0.4262152777777778,0.0,0.10706018518518519,0.0,0.0,0.19515151515151516,0.0,0.1193576388888889,0.2378138847858198,0.0,0.09794560185185185,0.0,0.0,0.02141203703703704,0.0,0.02141203703703704,0.0,0.0,0.16501100619226894,0.0,0.0,0.0,0.0,0.02141203703703704,0.0,0.0,same_pose,fixed,Fixed,0,12,12,-1.1794201135635376,0.5,0.5,0.5,dark
dark,far_right,12,randfix,0.8485313653945923,0.7866179347038269,0.4493880867958069,0.711317777633667,0.7340201139450073,0.7245011329650879,0.09302600843861653,2.6822431087493896,0.9033389091491699,0.0,-1.1794201135635376,0.11893990635871887,1.5314488410949707,-1.1794201135635376,0.11893990635871887,1.5314488410949707,0.06986939907073975,0.10729061812162399,1.4909521341323853,0.06986939907073975,0.10729061812162399,1.4909521341323853,single_wall_slit,0.0,2.0388615131378174,0.5400000214576721,0.15000000596046448,1.0,1.5,0.0,0.9994316101074219,-0.009319431148469448,-0.03239738941192627,0.6682581305503845,0.6044328212738037,0.33174189925193787,0.23059649765491486,0.2123400866985321,0.3374948799610138,0.07884927839040756,0.7187051177024841,0.01563943363726139,0.0,0.7286918759346008,0.162739098072052,0.4262152777777778,0.40122199592668023,1.0669666528701782,0.02476261369884014,0.2692925035953522,0.40122199592668023,0.4262152777777778,0.12972972972972974,0.10706018518518519,0.12972972972972974,0.0,0.35878787878787877,0.0024242424242424242,0.1193576388888889,0.3559822747415066,0.0029542097488921715,0.09794560185185185,0.3716216216216216,0.0,0.02141203703703704,0.033783783783783786,0.02141203703703704,0.014678815379738808,0.0014515830401777448,0.2148342899463062,0.0,0.0,0.35906683710737763,0.04654545454545454,0.02141203703703704,0.033783783783783786,0.014678815379738808,same_pose,randfix,Random fixed,0,12,12,-1.1794201135635376,0.8485313653945923,0.7866179347038269,0.4493880867958069,dark
dark,far_right,12,flightonly,0.711317777633667,0.7340201139450073,0.7245011329650879,0.711317777633667,0.7340201139450073,0.7245011329650879,0.09302600843861653,2.6822431087493896,0.9033389091491699,0.0,-1.1794201135635376,0.11893990635871887,1.5314488410949707,-1.1794201135635376,0.11893990635871887,1.5314488410949707,0.06986939907073975,0.10729061812162399,1.4909521341323853,0.06986939907073975,0.10729061812162399,1.4909521341323853,single_wall_slit,0.0,2.0388615131378174,0.5400000214576721,0.15000000596046448,1.0,1.5,0.0,0.9994316101074219,-0.009319431148469448,-0.03239738941192627,1.0,0.9588432312011719,0.0,0.08318028599023819,0.2123400866985321,0.3374948799610138,0.020843803882598877,0.7187051177024841,0.01563943363726139,0.0,0.0,0.9188506603240967,0.4262152777777778,1.0,1.069597840309143,0.03442348167300224,0.928149402141571,1.0,0.4262152777777778,1.0,0.10706018518518519,1.0,0.0,1.0,0.6060606060606061,0.1193576388888889,1.0,0.7370753323485968,0.09794560185185185,1.0,0.006756756756756757,0.02141203703703704,1.0,0.02141203703703704,0.8906586170196533,0.0,0.0,0.0,0.0,0.0,1.0,0.02141203703703704,1.0,0.8906586170196533,same_pose,flightonly,Ours,0,12,12,-1.1794201135635376,0.711317777633667,0.7340201139450073,0.7245011329650879,dark
dark,far_right,17,fixed,0.5,0.5,0.5,0.7103992700576782,0.7298393249511719,0.7252039909362793,0.09010317929940667,2.2430295944213867,0.43330901861190796,0.0,-0.725161075592041,0.28168031573295593,1.5222774744033813,-0.725161075592041,0.28168031573295593,1.5222774744033813,0.5226080417633057,0.2281893640756607,1.5743438005447388,0.5226080417633057,0.2281893640756607,1.5743438005447388,single_wall_slit,0.0,2.0388615131378174,0.5400000214576721,0.15000000596046448,1.0,1.5,0.0,0.9982153177261353,-0.04279276356101036,0.04165303334593773,0.43518519401550293,0.3838949501514435,0.5648148059844971,0.44585344195365906,0.2471034824848175,0.5024420619010925,0.23262718319892883,0.6598460078239441,0.02693120390176773,0.0,0.9430181980133057,0.03955622762441635,0.5151909722222222,0.16877281662454366,0.6340686082839966,0.010312672704458237,0.12023484706878662,0.16877281662454366,0.5151909722222222,0.0,0.11053240740740741,0.0,0.0,0.32571428571428573,0.0,0.2025462962962963,0.3656776263031275,0.0,0.18041087962962962,0.0,0.0,0.022135416666666668,0.0,0.022135416666666668,0.0,0.0,0.2707425682994344,0.0,0.0,0.0,0.0,0.022135416666666668,0.0,0.0,same_pose,fixed,Fixed,1,17,18,-0.725161075592041,0.5,0.5,0.5,dark
dark,far_right,17,randfix,0.8485313653945923,0.7866179347038269,0.4493880867958069,0.7103992700576782,0.7298393249511719,0.7252039909362793,0.09010317929940667,2.2430295944213867,0.43330901861190796,0.0,-0.725161075592041,0.28168031573295593,1.5222774744033813,-0.725161075592041,0.28168031573295593,1.5222774744033813,0.5226080417633057,0.2281893640756607,1.5743438005447388,0.5226080417633057,0.2281893640756607,1.5743438005447388,single_wall_slit,0.0,2.0388615131378174,0.5400000214576721,0.15000000596046448,1.0,1.5,0.0,0.9982153177261353,-0.04279276356101036,0.04165303334593773,0.5649594664573669,0.4871320426464081,0.43504050374031067,0.2709833085536957,0.2471034824848175,0.5024420619010925,0.0942394882440567,0.6598460078239441,0.02693120390176773,0.0,0.7207788228988647,0.16292904317378998,0.5151909722222222,0.4060657118786858,0.6247541904449463,0.028865033760666847,0.27200406789779663,0.4060657118786858,0.5151909722222222,0.20287958115183247,0.11053240740740741,0.20287958115183247,0.0,0.3628571428571429,0.0,0.2025462962962963,0.3656776263031275,0.0,0.18041087962962962,0.33986928104575165,0.0,0.022135416666666668,0.06535947712418301,0.022135416666666668,0.02809806913137436,0.0,0.21551329883259118,0.0,0.0,0.3176556025460293,0.07361630516080779,0.022135416666666668,0.06535947712418301,0.02809806913137436,same_pose,randfix,Random fixed,1,17,16,-0.725161075592041,0.8485313653945923,0.7866179347038269,0.4493880867958069,dark
dark,far_right,17,flightonly,0.7103992700576782,0.7298393249511719,0.7252039909362793,0.7103992700576782,0.7298393249511719,0.7252039909362793,0.09010317929940667,2.2430295944213867,0.43330901861190796,0.0,-0.725161075592041,0.28168031573295593,1.5222774744033813,-0.725161075592041,0.28168031573295593,1.5222774744033813,0.5226080417633057,0.2281893640756607,1.5743438005447388,0.5226080417633057,0.2281893640756607,1.5743438005447388,single_wall_slit,0.0,2.0388615131378174,0.5400000214576721,0.15000000596046448,1.0,1.5,0.0,0.9982153177261353,-0.04279276356101036,0.04165303334593773,1.0,0.9492931365966797,0.0,0.10029778629541397,0.2471034824848175,0.5024420619010925,0.02595556527376175,0.6598460078239441,0.02693120390176773,0.0,0.0,0.911117434501648,0.5151909722222222,1.0,0.6274035573005676,0.037223827093839645,0.9220997095108032,1.0,0.5151909722222222,1.0,0.11053240740740741,1.0,0.0,1.0,0.7871428571428571,0.2025462962962963,1.0,0.8837209302325582,0.18041087962962962,1.0,0.0,0.022135416666666668,1.0,0.022135416666666668,0.8933085799217224,0.0,0.0,0.0,0.0,0.0,1.0,0.022135416666666668,1.0,0.8933085799217224,same_pose,flightonly,Ours,1,17,17,-0.725161075592041,0.7103992700576782,0.7298393249511719,0.7252039909362793,dark
dark,far_right,21,fixed,0.5,0.5,0.5,0.7108273506164551,0.7292705774307251,0.7247597575187683,0.08738821741040173,1.8738933801651,0.04994190111756325,0.0,-0.3189643323421478,0.4499399662017822,1.5199702978134155,-0.3189643323421478,0.4499399662017822,1.5199702978134155,0.9227910041809082,0.32458144426345825,1.5894601345062256,0.9227910041809082,0.32458144426345825,1.5894601345062256,single_wall_slit,0.0,2.0388615131378174,0.5400000214576721,0.15000000596046448,1.0,1.5,0.0,0.9934043288230896,-0.1002868115901947,0.05559185519814491,0.18648727238178253,0.15268747508525848,0.8135127425193787,0.5508590936660767,0.31383004784584045,0.7591658234596252,0.2769836485385895,0.45526960492134094,0.061518970876932144,0.0,1.0,0.0,0.5373263888888888,0.0,0.0,0.0,0.0,0.0,0.5373263888888888,0.0,0.10633680555555555,0.0,0.0,0.40306441525953723,0.1529080675422139,0.4626736111111111,0.41822353326778106,0.16027531956735497,0.44140625,0.08843537414965986,0.0,0.021267361111111112,0.0,0.021267361111111112,0.0,0.1529080675422139,0.40306441525953723,0.0,0.0,0.08843537414965986,0.0,0.07624421296296297,0.0,0.0,same_pose,fixed,Fixed,2,21,21,-0.3189643323421478,0.5,0.5,0.5,dark
dark,far_right,21,randfix,0.8485313653945923,0.7866179347038269,0.4493880867958069,0.7108273506164551,0.7292705774307251,0.7247597575187683,0.08738821741040173,1.8738933801651,0.04994190111756325,0.0,-0.3189643323421478,0.4499399662017822,1.5199702978134155,-0.3189643323421478,0.4499399662017822,1.5199702978134155,0.9227910041809082,0.32458144426345825,1.5894601345062256,0.9227910041809082,0.32458144426345825,1.5894601345062256,single_wall_slit,0.0,2.0388615131378174,0.5400000214576721,0.15000000596046448,1.0,1.5,0.0,0.9934043288230896,-0.1002868115901947,0.05559185519814491,0.33622685074806213,0.28341439366340637,0.6637731790542603,0.3314209580421448,0.31383004784584045,0.7591658234596252,0.11220872402191162,0.45526960492134094,0.061518970876932144,0.0,0.8793278336524963,0.05649159848690033,0.5373263888888888,0.14781906300484654,0.26398834586143494,0.05649383366107941,0.06944511085748672,0.14781906300484654,0.5373263888888888,0.3360544217687075,0.10633680555555555,0.3360544217687075,0.0,0.5550343964978112,0.3624140087554722,0.4626736111111111,0.562766306129138,0.37987545067191086,0.44140625,0.3945578231292517,0.0,0.021267361111111112,0.19047619047619047,0.021267361111111112,0.08459261804819107,0.308842309561408,0.4729897320720442,0.0,0.0,0.3194039520570133,0.18652176317681546,0.07624421296296297,0.31309297912713474,0.14149543642997742,same_pose,randfix,Random fixed,2,21,19,-0.3189643323421478,0.8485313653945923,0.7866179347038269,0.4493880867958069,dark
dark,far_right,21,flightonly,0.7108273506164551,0.7292705774307251,0.7247597575187683,0.7108273506164551,0.7292705774307251,0.7247597575187683,0.08738821741040173,1.8738933801651,0.04994190111756325,0.0,-0.3189643323421478,0.4499399662017822,1.5199702978134155,-0.3189643323421478,0.4499399662017822,1.5199702978134155,0.9227910041809082,0.32458144426345825,1.5894601345062256,0.9227910041809082,0.32458144426345825,1.5894601345062256,single_wall_slit,0.0,2.0388615131378174,0.5400000214576721,0.15000000596046448,1.0,1.5,0.0,0.9934043288230896,-0.1002868115901947,0.05559185519814491,1.0,0.9400174617767334,0.0,0.12068191170692444,0.31383004784584045,0.7591658234596252,0.031113017350435257,0.45526960492134094,0.061518970876932144,0.0,0.0,0.9069459438323975,0.5373263888888888,1.0,0.2521345615386963,0.046707283705472946,0.9077057838439941,1.0,0.5373263888888888,1.0,0.10633680555555555,1.0,0.0,1.0,0.9140087554721701,0.4626736111111111,1.0,0.955096689609964,0.44140625,1.0,0.061224489795918366,0.021267361111111112,1.0,0.021267361111111112,0.9001052975654602,0.0,0.0,0.0,0.0,0.0,1.0,0.07624421296296297,1.0,0.9086638689041138,same_pose,flightonly,Ours,2,21,21,-0.3189643323421478,0.7108273506164551,0.7292705774307251,0.7247597575187683,dark
dark,far_right,23,fixed,0.5,0.5,0.5,0.7033395767211914,0.7132556438446045,0.7130522131919861,0.08647398796898002,1.7027055025100708,0.007931412197649479,0.0,-0.12250437587499619,0.5159364938735962,1.522247314453125,-0.12250437587499619,0.5159364938735962,1.522247314453125,1.1135133504867554,0.3415561318397522,1.5882176160812378,1.1135133504867554,0.3415561318397522,1.5882176160812378,single_wall_slit,0.0,2.0388615131378174,0.5400000214576721,0.15000000596046448,1.0,1.5,0.0,0.988814115524292,-0.1395042985677719,0.05277619883418083,0.6485821604728699,0.5738207697868347,0.3514178395271301,0.2352791130542755,0.12642833590507507,0.5808681845664978,0.12478489428758621,0.25407737493515015,0.09854958206415176,0.0,1.0,0.0,0.25882523148148145,0.0,0.0,0.0,0.0,0.0,0.25882523148148145,0.0,0.05787037037037037,0.0,0.0,0.8750731992972868,0.6371266835838376,0.7411747685185185,0.8824112631370216,0.6464406107475709,0.7296006944444444,0.4125,0.05,0.011574074074074073,0.0,0.011574074074074073,0.0,0.6371266835838376,0.8750731992972868,0.0,0.05,0.4125,0.0,0.011574074074074073,0.0,0.0,same_pose,fixed,Fixed,3,23,22,-0.12250437587499619,0.5,0.5,0.5,dark
dark,far_right,23,randfix,0.8485313653945923,0.7866179347038269,0.4493880867958069,0.7033395767211914,0.7132556438446045,0.7130522131919861,0.08647398796898002,1.7027055025100708,0.007931412197649479,0.0,-0.12250437587499619,0.5159364938735962,1.522247314453125,-0.12250437587499619,0.5159364938735962,1.522247314453125,1.1135133504867554,0.3415561318397522,1.5882176160812378,1.1135133504867554,0.3415561318397522,1.5882176160812378,single_wall_slit,0.0,2.0388615131378174,0.5400000214576721,0.15000000596046448,1.0,1.5,0.0,0.988814115524292,-0.1395042985677719,0.05277619883418083,0.8645833134651184,0.7514674067497253,0.1354166716337204,0.13673920929431915,0.12642833590507507,0.5808681845664978,0.05055154860019684,0.25407737493515015,0.09854958206415176,0.0,0.24188567698001862,0.3789321780204773,0.25882523148148145,0.7540525433202907,0.16219273209571838,0.026316426694393158,0.3770309090614319,0.7540525433202907,0.25882523148148145,0.5125,0.05787037037037037,0.5125,0.0,0.9031817294553972,0.8608237360921335,0.7411747685185185,0.909379337695816,0.8722982351774737,0.7296006944444444,0.5125,0.1375,0.011574074074074073,0.4875,0.011574074074074073,0.2462032586336136,0.21171740854138552,0.22213524927913622,0.0,0.03381777529346003,0.26265625,0.46288063634589105,0.011574074074074073,0.4875,0.2462032586336136,same_pose,randfix,Random fixed,3,23,20,-0.12250437587499619,0.8485313653945923,0.7866179347038269,0.4493880867958069,dark
dark,far_right,23,flightonly,0.7033395767211914,0.7132556438446045,0.7130522131919861,0.7033395767211914,0.7132556438446045,0.7130522131919861,0.08647398796898002,1.7027055025100708,0.007931412197649479,0.0,-0.12250437587499619,0.5159364938735962,1.522247314453125,-0.12250437587499619,0.5159364938735962,1.522247314453125,1.1135133504867554,0.3415561318397522,1.5882176160812378,1.1135133504867554,0.3415561318397522,1.5882176160812378,single_wall_slit,0.0,2.0388615131378174,0.5400000214576721,0.15000000596046448,1.0,1.5,0.0,0.988814115524292,-0.1395042985677719,0.05277619883418083,1.0,0.9620899558067322,0.0,0.055872078984975815,0.12642833590507507,0.5808681845664978,0.017349738627672195,0.25407737493515015,0.09854958206415176,0.0,0.0,0.8914335370063782,0.25882523148148145,1.0,0.17416778206825256,0.028571628034114838,0.8913710713386536,1.0,0.25882523148148145,1.0,0.05787037037037037,1.0,0.0,1.0,0.9459301190708569,0.7411747685185185,1.0,0.9450723775530439,0.7296006944444444,1.0,1.0,0.011574074074074073,1.0,0.011574074074074073,0.8810073733329773,0.0,0.0,0.0,0.0,0.0,1.0,0.011574074074074073,1.0,0.8810073733329773,same_pose,flightonly,Ours,3,23,23,-0.12250437587499619,0.7033395767211914,0.7132556438446045,0.7130522131919861,dark
dark,far_right,26,fixed,0.5,0.5,0.5,0.6130359768867493,0.5998010039329529,0.6083034873008728,0.09278451667443537,1.447492003440857,0.034887585788965225,0.0,0.16014572978019714,0.5472672581672668,1.5228466987609863,0.16014572978019714,0.5472672581672668,1.5228466987609863,1.3835276365280151,0.30068331956863403,1.5937926769256592,1.3835276365280151,0.30068331956863403,1.5937926769256592,single_wall_slit,0.0,2.0388615131378174,0.5400000214576721,0.15000000596046448,1.0,1.5,0.0,0.9787054657936096,-0.19726714491844177,0.056756798177957535,1.0,0.9653049111366272,0.0,0.00018318249203730375,0.0,0.0022449542302638292,0.00018318249203730375,0.0,0.13296405971050262,0.0,0.0,0.0,1.0,1.0,1.8344467878341675,0.17843088507652283,0.9653049111366272,1.0,0.4348958333333333,0.0,0.0,0.0,0.0,1.0,0.9938744257274119,0.18894675925925927,1.0,0.9938744257274119,0.18894675925925927,0.0,0.0,0.0,0.0,0.0,nan,0.0,0.0,0.0,0.0,0.0,0.0,0.0,0.0,nan,same_pose,fixed,Fixed,4,26,23,0.16014572978019714,0.5,0.5,0.5,dark
dark,far_right,26,randfix,0.8485313653945923,0.7866179347038269,0.4493880867958069,0.6130359768867493,0.5998010039329529,0.6083034873008728,0.09278451667443537,1.447492003440857,0.034887585788965225,0.0,0.16014572978019714,0.5472672581672668,1.5228466987609863,0.16014572978019714,0.5472672581672668,1.5228466987609863,1.3835276365280151,0.30068331956863403,1.5937926769256592,1.3835276365280151,0.30068331956863403,1.5937926769256592,single_wall_slit,0.0,2.0388615131378174,0.5400000214576721,0.15000000596046448,1.0,1.5,0.0,0.9787054657936096,-0.19726714491844177,0.056756798177957535,1.0,0.9993367791175842,0.0,7.420897600241005e-05,0.0,0.0022449542302638292,7.420897600241005e-05,0.0,0.13296405971050262,0.0,0.0,0.0,1.0,1.0,1.8344467878341675,0.17843088507652283,0.9993367791175842,1.0,0.4348958333333333,0.0,0.0,0.0,0.0,1.0,0.9938744257274119,0.18894675925925927,1.0,0.9938744257274119,0.18894675925925927,0.0,0.0,0.0,0.0,0.0,nan,0.0,0.0,0.0,0.0,0.0,0.0,0.0,0.0,nan,same_pose,randfix,Random fixed,4,26,21,0.16014572978019714,0.8485313653945923,0.7866179347038269,0.4493880867958069,dark
dark,far_right,26,flightonly,0.6130359768867493,0.5998010039329529,0.6083034873008728,0.6130359768867493,0.5998010039329529,0.6083034873008728,0.09278451667443537,1.447492003440857,0.034887585788965225,0.0,0.16014572978019714,0.5472672581672668,1.5228466987609863,0.16014572978019714,0.5472672581672668,1.5228466987609863,1.3835276365280151,0.30068331956863403,1.5937926769256592,1.3835276365280151,0.30068331956863403,1.5937926769256592,single_wall_slit,0.0,2.0388615131378174,0.5400000214576721,0.15000000596046448,1.0,1.5,0.0,0.9787054657936096,-0.19726714491844177,0.056756798177957535,1.0,0.9902161359786987,0.0,9.747396688908339e-05,0.0,0.0022449542302638292,9.747396688908339e-05,0.0,0.13296405971050262,0.0,0.0,0.0,1.0,1.0,1.8344467878341675,0.17843088507652283,0.9902161359786987,1.0,0.4348958333333333,0.0,0.0,0.0,0.0,1.0,0.9938744257274119,0.18894675925925927,1.0,0.9938744257274119,0.18894675925925927,0.0,0.0,0.0,0.0,0.0,nan,0.0,0.0,0.0,0.0,0.0,0.0,0.0,0.0,nan,same_pose,flightonly,Ours,4,26,26,0.16014572978019714,0.6130359768867493,0.5998010039329529,0.6083034873008728,dark
dark,far_right,12,fixed,0.5,0.5,0.5,0.5,0.5,0.5,0.08659045441105916,2.7267613410949707,0.9519974589347839,0.0,-1.2242422103881836,0.11259308457374573,1.5324721336364746,-1.2242422103881836,0.11259308457374573,1.5324721336364746,0.02487015724182129,0.10327024012804031,1.4863042831420898,0.02487015724182129,0.10327024012804031,1.4863042831420898,single_wall_slit,0.0,2.0388615131378174,0.5400000214576721,0.15000000596046448,1.0,1.5,0.0,0.9992899298667908,-0.007458273321390152,-0.036934271454811096,0.5601851940155029,0.5215699076652527,0.43981480598449707,0.36502745747566223,0.20523346960544586,0.3253280818462372,0.18930228054523468,0.7210779786109924,0.014966058544814587,0.0,0.9353533387184143,0.042432282119989395,0.42578125,0.19028202514441048,1.11963951587677,0.015427064150571823,0.12905295193195343,0.19028202514441048,0.42578125,0.0,0.10706018518518519,0.0,0.0,0.17875,0.0,0.11574074074074074,0.21932515337423314,0.0,0.0943287037037037,0.0,0.0,0.02141203703703704,0.0,0.02141203703703704,0.0,0.0,0.1447370880054366,0.0,0.0,0.0,0.0,0.02141203703703704,0.0,0.0,own_pose,fixed,Fixed,0,12,12,-1.2242422103881836,,,,dark
dark,far_right,18,fixed,0.5,0.5,0.5,0.5,0.5,0.5,0.08893403755300812,2.2476389408111572,0.4332529604434967,0.0,-0.7271344065666199,0.3020152449607849,1.5232394933700562,-0.7271344065666199,0.3020152449607849,1.5232394933700562,0.5209584832191467,0.24063865840435028,1.5548138618469238,0.5209584832191467,0.24063865840435028,1.5548138618469238,single_wall_slit,0.0,2.0388615131378174,0.5400000214576721,0.15000000596046448,1.0,1.5,0.0,0.9984743595123291,-0.049101267009973526,0.025259528309106827,0.42216435074806213,0.37093624472618103,0.5778356790542603,0.45640748739242554,0.25428080558776855,0.5105988383293152,0.23669320344924927,0.6552677750587463,0.027546782046556473,0.0,0.945093035697937,0.03812231123447418,0.5248842592592593,0.16482910694597575,0.6377159357070923,0.006538720335811377,0.11758042871952057,0.16482910694597575,0.5248842592592593,0.0,0.10706018518518519,0.0,0.0,0.3268156424581006,0.0,0.20717592592592593,0.3644859813084112,0.0,0.1857638888888889,0.0,0.0,0.02141203703703704,0.0,0.02141203703703704,0.0,0.0,0.27294691197575655,0.0,0.0,0.0,0.0,0.02141203703703704,0.0,0.0,own_pose,fixed,Fixed,1,18,18,-0.7271344065666199,,,,dark
dark,far_right,21,fixed,0.5,0.5,0.5,0.5,0.5,0.5,0.08108327623303356,1.9738681316375732,0.13705377280712128,0.0,-0.4301597774028778,0.4127093553543091,1.5175896883010864,-0.4301597774028778,0.4127093553543091,1.5175896883010864,0.8141324520111084,0.303984671831131,1.5667413473129272,0.8141324520111084,0.303984671831131,1.5667413473129272,single_wall_slit,0.0,2.0388615131378174,0.5400000214576721,0.15000000596046448,1.0,1.5,0.0,0.9954338073730469,-0.08697974681854248,0.03932134062051773,0.1848958283662796,0.1323976367712021,0.8151041865348816,0.5854046940803528,0.3381727337837219,0.6930410861968994,0.2922494411468506,0.537104070186615,0.04807218909263611,0.0,0.9653542637825012,0.01870020292699337,0.6384548611111112,0.08248357126671199,0.35657843947410583,0.005281277932226658,0.04550528898835182,0.08248357126671199,0.6384548611111112,0.0,0.10561342592592593,0.0,0.0,0.36574629851940776,0.08083233293317327,0.3615451388888889,0.38759031024224394,0.08584785380365491,0.3404224537037037,0.0136986301369863,0.0,0.021122685185185185,0.0,0.021122685185185185,0.0,0.07416499343902527,0.33557823763994604,0.0,0.0,0.0136986301369863,0.0,0.033275462962962965,0.0,0.0,own_pose,fixed,Fixed,2,21,21,-0.4301597774028778,,,,dark
dark,far_right,22,fixed,0.5,0.5,0.5,0.5,0.5,0.5,0.08501588793950442,1.888269305229187,0.05614956095814705,0.0,-0.334945946931839,0.4452584981918335,1.5167156457901,-0.334945946931839,0.4452584981918335,1.5167156457901,0.9074149131774902,0.31728991866111755,1.56832754611969,0.9074149131774902,0.31728991866111755,1.56832754611969,single_wall_slit,0.0,2.0388615131378174,0.5400000214576721,0.15000000596046448,1.0,1.5,0.0,0.9938886761665344,-0.1023748591542244,0.041289474815130234,0.171875,0.13983888924121857,0.828125,0.5752192139625549,0.32856518030166626,0.7717990279197693,0.28899478912353516,0.4716767370700836,0.0586530901491642,0.0,1.0,0.0,0.5588831018518519,0.0,0.0,0.0,0.0,0.0,0.5588831018518519,0.0,0.10561342592592593,0.0,0.0,0.38963594621187275,0.14693342079370286,0.44111689814814814,0.40578711677574925,0.15432311401997933,0.41999421296296297,0.0684931506849315,0.0,0.021122685185185185,0.0,0.021122685185185185,0.0,0.14693342079370286,0.38963594621187275,0.0,0.0,0.0684931506849315,0.0,0.0681423611111111,0.0,0.0,own_pose,fixed,Fixed,3,22,22,-0.334945946931839,,,,dark
dark,far_right,23,fixed,0.5,0.5,0.5,0.5,0.5,0.5,0.08060945835929985,1.7990082502365112,0.0022502706851810217,0.0,-0.23476481437683105,0.4761850833892822,1.516424298286438,-0.23476481437683105,0.4761850833892822,1.516424298286438,1.0050750970840454,0.32686036825180054,1.5711883306503296,1.0050750970840454,0.32686036825180054,1.5711883306503296,single_wall_slit,0.0,2.0388615131378174,0.5400000214576721,0.15000000596046448,1.0,1.5,0.0,0.9918718934059143,-0.11945976316928864,0.04381120949983597,0.2595486044883728,0.22388289868831635,0.7404513955116272,0.37293145060539246,0.2077704221010208,0.7377314567565918,0.19079692661762238,0.3717914819717407,0.07717809081077576,0.0,1.0,0.0,0.4195601851851852,0.0,0.0,0.0,0.0,0.0,0.4195601851851852,0.0,0.05570023148148148,0.0,0.0,0.44715852442671983,0.24950149551345963,0.5804398148148148,0.4543140748282006,0.2547722066683635,0.5684317129629629,0.10843373493975904,0.0,0.012008101851851851,0.0,0.01171875,0.0,0.24950149551345963,0.44715852442671983,0.0,0.0,0.10843373493975904,0.0,0.01880787037037037,0.0,0.0,own_pose,fixed,Fixed,4,23,23,-0.23476481437683105,,,,dark
dark,far_right,12,randfix,0.8485313653945923,0.7866179347038269,0.4493880867958069,0.8485313653945923,0.7866179347038269,0.4493880867958069,0.09447244865849568,2.671734571456909,0.8912312984466553,0.0,-1.168694019317627,0.12078055739402771,1.5406203269958496,-1.168694019317627,0.12078055739402771,1.5406203269958496,0.08064508438110352,0.10972319543361664,1.5015087127685547,0.08064508438110352,0.10972319543361664,1.5015087127685547,single_wall_slit,0.0,2.0388615131378174,0.5400000214576721,0.15000000596046448,1.0,1.5,0.0,0.9994712471961975,-0.008845888078212738,-0.03128930926322937,0.6649305820465088,0.6013503074645996,0.3350694477558136,0.23206071555614471,0.2136077880859375,0.34036126732826233,0.07939457148313522,0.7175470590591431,0.01587017811834812,0.0,0.7316737771034241,0.16037587821483612,0.4266493055555556,0.3957273652085453,1.0562710762023926,0.024340001866221428,0.26471203565597534,0.3957273652085453,0.4266493055555556,0.12751677852348994,0.10778356481481481,0.12751677852348994,0.0,0.361244019138756,0.0023923444976076554,0.12094907407407407,0.35807860262008734,0.002911208151382824,0.0993923611111111,0.37583892617449666,0.0,0.02155671296296296,0.013422818791946308,0.02155671296296296,0.00591584388166666,0.001445628312898217,0.21828987524763074,0.0,0.0,0.3707941083734967,0.04606467358145211,0.02155671296296296,0.013422818791946308,0.00591584388166666,own_pose,randfix,Random fixed,0,12,12,-1.168694019317627,,,,dark
dark,far_right,16,randfix,0.8485313653945923,0.7866179347038269,0.4493880867958069,0.8485313653945923,0.7866179347038269,0.4493880867958069,0.0853325140029587,2.2951269149780273,0.48520201444625854,0.0,-0.7800498604774475,0.258684903383255,1.5454151630401611,-0.7800498604774475,0.258684903383255,1.5454151630401611,0.4685794711112976,0.21372325718402863,1.582876205444336,0.4685794711112976,0.21372325718402863,1.582876205444336,single_wall_slit,0.0,2.0388615131378174,0.5400000214576721,0.15000000596046448,1.0,1.5,0.0,0.9989034533500671,-0.035969316959381104,0.029968835413455963,0.5721932649612427,0.5028771162033081,0.42780670523643494,0.2654707133769989,0.2422320395708084,0.47734537720680237,0.09201067686080933,0.6715285778045654,0.024738553911447525,0.0,0.7494171261787415,0.14756843447685242,0.4969618055555556,0.377292576419214,0.6768268346786499,0.02707003802061081,0.2550508677959442,0.377292576419214,0.4969618055555556,0.17374005305039789,0.10908564814814815,0.17374005305039789,0.0,0.36391912908242613,0.0,0.18605324074074073,0.3682819383259912,0.0,0.16420717592592593,0.33112582781456956,0.0,0.021846064814814815,0.039735099337748346,0.021846064814814815,0.017223477363586426,0.0,0.22661514326268106,0.0,0.0,0.3179685101530635,0.06322732879283531,0.021846064814814815,0.039735099337748346,0.017223477363586426,own_pose,randfix,Random fixed,1,16,16,-0.7800498604774475,,,,dark
dark,far_right,19,randfix,0.8485313653945923,0.7866179347038269,0.4493880867958069,0.8485313653945923,0.7866179347038269,0.4493880867958069,0.08694925012054856,2.0029215812683105,0.169988214969635,0.0,-0.4657823145389557,0.38116568326950073,1.5459092855453491,-0.4657823145389557,0.38116568326950073,1.5459092855453491,0.7787796258926392,0.2910148501396179,1.6196550130844116,0.7787796258926392,0.2910148501396179,1.6196550130844116,single_wall_slit,0.0,2.0388615131378174,0.5400000214576721,0.15000000596046448,1.0,1.5,0.0,0.9956495761871338,-0.07212065160274506,0.058996547013521194,0.448784738779068,0.34280288219451904,0.5512152910232544,0.33193209767341614,0.3177086114883423,0.6324470043182373,0.11121836304664612,0.5567207336425781,0.04430210962891579,0.0,0.689312756061554,0.18150395154953003,0.6663773148148148,0.45788102475032566,0.388322651386261,0.026424281299114227,0.3107299506664276,0.45788102475032566,0.6663773148148148,0.3202702702702703,0.10706018518518519,0.3202702702702703,0.0,0.42987407729049065,0.15718627876682587,0.3331886574074074,0.4357308584686775,0.1679814385150812,0.31177662037037035,0.34459459459459457,0.0,0.02141203703703704,0.2635135135135135,0.02141203703703704,0.11660353094339371,0.08521366436838128,0.2330428942671201,0.0,0.0,0.25378926223520815,0.1376758869160085,0.02141203703703704,0.2635135135135135,0.11660353094339371,own_pose,randfix,Random fixed,2,19,19,-0.4657823145389557,,,,dark
dark,far_right,20,randfix,0.8485313653945923,0.7866179347038269,0.4493880867958069,0.8485313653945923,0.7866179347038269,0.4493880867958069,0.09862942519472004,1.9134479761123657,0.07920439541339874,0.0,-0.36615413427352905,0.4203350841999054,1.5454963445663452,-0.36615413427352905,0.4203350841999054,1.5454963445663452,0.8765718340873718,0.31045693159103394,1.623336911201477,0.8765718340873718,0.31045693159103394,1.623336911201477,single_wall_slit,0.0,2.0388615131378174,0.5400000214576721,0.15000000596046448,1.0,1.5,0.0,0.9941807389259338,-0.08790252357721329,0.06227245554327965,0.36140045523643494,0.2762551009654999,0.6385995149612427,0.3555745482444763,0.3432500660419464,0.708114743232727,0.11792024224996567,0.48904314637184143,0.05499737337231636,0.0,0.7820783257484436,0.10596219450235367,0.5863715277777778,0.25215889464594127,0.29913046956062317,0.043619658797979355,0.12333182990550995,0.25215889464594127,0.5863715277777778,0.34829931972789113,0.10633680555555555,0.34829931972789113,0.0,0.5162644281217209,0.3067506121021336,0.4136284722222222,0.5217551622418879,0.3222713864306785,0.3923611111111111,0.41496598639455784,0.02040816326530612,0.021267361111111112,0.19727891156462585,0.021267361111111112,0.08830811083316803,0.22940071682249372,0.3860837605815288,0.0,0.015262063374572627,0.3331019482622981,0.17981454911450415,0.04224537037037037,0.2773972602739726,0.12824088335037231,own_pose,randfix,Random fixed,3,20,20,-0.36615413427352905,,,,dark
dark,far_right,21,randfix,0.8485313653945923,0.7866179347038269,0.4493880867958069,0.8485313653945923,0.7866179347038269,0.4493880867958069,0.08896527048047008,1.814605951309204,0.006105422042310238,0.0,-0.2541968524456024,0.46213626861572266,1.5449237823486328,-0.2541968524456024,0.46213626861572266,1.5449237823486328,0.9862136840820312,0.32823702692985535,1.6220784187316895,0.9862136840820312,0.32823702692985535,1.6220784187316895,single_wall_slit,0.0,2.0388615131378174,0.5400000214576721,0.15000000596046448,1.0,1.5,0.0,0.992328405380249,-0.10711939632892609,0.061723675578832626,0.5250289440155029,0.43090227246284485,0.47497105598449707,0.25473758578300476,0.24001216888427734,0.6933135986328125,0.08860249072313309,0.3898748457431793,0.07269500941038132,0.0,0.6747970581054688,0.15739475190639496,0.45326967592592593,0.34982444940951163,0.1866777390241623,0.04440530762076378,0.17043191194534302,0.34982444940951163,0.45326967592592593,0.407158836689038,0.0646701388888889,0.407158836689038,0.0,0.6702831436888066,0.5226250330775337,0.5467303240740741,0.6795154185022027,0.5412995594713657,0.5254629629629629,0.4421768707482993,0.061224489795918366,0.021267361111111112,0.35374149659863946,0.021267361111111112,0.16800731420516968,0.3397980186335577,0.43580171199939327,0.0,0.03980666636268296,0.28576056272849276,0.27291170503660583,0.05049189814814815,0.4040114613180516,0.19050396978855133,own_pose,randfix,Random fixed,4,21,21,-0.2541968524456024,,,,dark
dark,far_right,12,flightonly,0.711317777633667,0.7340201139450073,0.7245011329650879,0.711317777633667,0.7340201139450073,0.7245011329650879,0.09302600843861653,2.6822431087493896,0.9033389091491699,0.0,-1.1794201135635376,0.11893990635871887,1.5314488410949707,-1.1794201135635376,0.11893990635871887,1.5314488410949707,0.06986939907073975,0.10729061812162399,1.4909521341323853,0.06986939907073975,0.10729061812162399,1.4909521341323853,single_wall_slit,0.0,2.0388615131378174,0.5400000214576721,0.15000000596046448,1.0,1.5,0.0,0.9994316101074219,-0.009319431148469448,-0.03239738941192627,1.0,0.9588432312011719,0.0,0.08318028599023819,0.2123400866985321,0.3374948799610138,0.020843803882598877,0.7187051177024841,0.01563943363726139,0.0,0.0,0.9188506603240967,0.4262152777777778,1.0,1.069597840309143,0.03442348167300224,0.928149402141571,1.0,0.4262152777777778,1.0,0.10706018518518519,1.0,0.0,1.0,0.6060606060606061,0.1193576388888889,1.0,0.7370753323485968,0.09794560185185185,1.0,0.006756756756756757,0.02141203703703704,1.0,0.02141203703703704,0.8906586170196533,0.0,0.0,0.0,0.0,0.0,1.0,0.02141203703703704,1.0,0.8906586170196533,own_pose,flightonly,Ours,0,12,12,-1.1794201135635376,,,,dark
dark,far_right,17,flightonly,0.7103992700576782,0.7298393249511719,0.7252039909362793,0.7103992700576782,0.7298393249511719,0.7252039909362793,0.09010317929940667,2.2430295944213867,0.43330901861190796,0.0,-0.725161075592041,0.28168031573295593,1.5222774744033813,-0.725161075592041,0.28168031573295593,1.5222774744033813,0.5226080417633057,0.2281893640756607,1.5743438005447388,0.5226080417633057,0.2281893640756607,1.5743438005447388,single_wall_slit,0.0,2.0388615131378174,0.5400000214576721,0.15000000596046448,1.0,1.5,0.0,0.9982153177261353,-0.04279276356101036,0.04165303334593773,1.0,0.9492931365966797,0.0,0.10029778629541397,0.2471034824848175,0.5024420619010925,0.02595556527376175,0.6598460078239441,0.02693120390176773,0.0,0.0,0.911117434501648,0.5151909722222222,1.0,0.6274035573005676,0.037223827093839645,0.9220997095108032,1.0,0.5151909722222222,1.0,0.11053240740740741,1.0,0.0,1.0,0.7871428571428571,0.2025462962962963,1.0,0.8837209302325582,0.18041087962962962,1.0,0.0,0.022135416666666668,1.0,0.022135416666666668,0.8933085799217224,0.0,0.0,0.0,0.0,0.0,1.0,0.022135416666666668,1.0,0.8933085799217224,own_pose,flightonly,Ours,1,17,17,-0.725161075592041,,,,dark
dark,far_right,21,flightonly,0.7108273506164551,0.7292705774307251,0.7247597575187683,0.7108273506164551,0.7292705774307251,0.7247597575187683,0.08738821741040173,1.8738933801651,0.04994190111756325,0.0,-0.3189643323421478,0.4499399662017822,1.5199702978134155,-0.3189643323421478,0.4499399662017822,1.5199702978134155,0.9227910041809082,0.32458144426345825,1.5894601345062256,0.9227910041809082,0.32458144426345825,1.5894601345062256,single_wall_slit,0.0,2.0388615131378174,0.5400000214576721,0.15000000596046448,1.0,1.5,0.0,0.9934043288230896,-0.1002868115901947,0.05559185519814491,1.0,0.9400174617767334,0.0,0.12068191170692444,0.31383004784584045,0.7591658234596252,0.031113017350435257,0.45526960492134094,0.061518970876932144,0.0,0.0,0.9069459438323975,0.5373263888888888,1.0,0.2521345615386963,0.046707283705472946,0.9077057838439941,1.0,0.5373263888888888,1.0,0.10633680555555555,1.0,0.0,1.0,0.9140087554721701,0.4626736111111111,1.0,0.955096689609964,0.44140625,1.0,0.061224489795918366,0.021267361111111112,1.0,0.021267361111111112,0.9001052975654602,0.0,0.0,0.0,0.0,0.0,1.0,0.07624421296296297,1.0,0.9086638689041138,own_pose,flightonly,Ours,2,21,21,-0.3189643323421478,,,,dark
dark,far_right,23,flightonly,0.7033395767211914,0.7132556438446045,0.7130522131919861,0.7033395767211914,0.7132556438446045,0.7130522131919861,0.08647398796898002,1.7027055025100708,0.007931412197649479,0.0,-0.12250437587499619,0.5159364938735962,1.522247314453125,-0.12250437587499619,0.5159364938735962,1.522247314453125,1.1135133504867554,0.3415561318397522,1.5882176160812378,1.1135133504867554,0.3415561318397522,1.5882176160812378,single_wall_slit,0.0,2.0388615131378174,0.5400000214576721,0.15000000596046448,1.0,1.5,0.0,0.988814115524292,-0.1395042985677719,0.05277619883418083,1.0,0.9620899558067322,0.0,0.055872078984975815,0.12642833590507507,0.5808681845664978,0.017349738627672195,0.25407737493515015,0.09854958206415176,0.0,0.0,0.8914335370063782,0.25882523148148145,1.0,0.17416778206825256,0.028571628034114838,0.8913710713386536,1.0,0.25882523148148145,1.0,0.05787037037037037,1.0,0.0,1.0,0.9459301190708569,0.7411747685185185,1.0,0.9450723775530439,0.7296006944444444,1.0,1.0,0.011574074074074073,1.0,0.011574074074074073,0.8810073733329773,0.0,0.0,0.0,0.0,0.0,1.0,0.011574074074074073,1.0,0.8810073733329773,own_pose,flightonly,Ours,3,23,23,-0.12250437587499619,,,,dark
dark,far_right,26,flightonly,0.6130359768867493,0.5998010039329529,0.6083034873008728,0.6130359768867493,0.5998010039329529,0.6083034873008728,0.09278451667443537,1.447492003440857,0.034887585788965225,0.0,0.16014572978019714,0.5472672581672668,1.5228466987609863,0.16014572978019714,0.5472672581672668,1.5228466987609863,1.3835276365280151,0.30068331956863403,1.5937926769256592,1.3835276365280151,0.30068331956863403,1.5937926769256592,single_wall_slit,0.0,2.0388615131378174,0.5400000214576721,0.15000000596046448,1.0,1.5,0.0,0.9787054657936096,-0.19726714491844177,0.056756798177957535,1.0,0.9902161359786987,0.0,9.747396688908339e-05,0.0,0.0022449542302638292,9.747396688908339e-05,0.0,0.13296405971050262,0.0,0.0,0.0,1.0,1.0,1.8344467878341675,0.17843088507652283,0.9902161359786987,1.0,0.4348958333333333,0.0,0.0,0.0,0.0,1.0,0.9938744257274119,0.18894675925925927,1.0,0.9938744257274119,0.18894675925925927,0.0,0.0,0.0,0.0,0.0,nan,0.0,0.0,0.0,0.0,0.0,0.0,0.0,0.0,nan,own_pose,flightonly,Ours,4,26,26,0.16014572978019714,,,,dark
specular,far_right,12,fixed,0.5,0.5,0.5,0.3545079529285431,0.4106467664241791,0.34294137358665466,0.07229695260777004,2.731719970703125,0.9541794657707214,0.0,-1.2294591665267944,0.10151509940624237,1.5451809167861938,-1.2294591665267944,0.10151509940624237,1.5451809167861938,0.019527673721313477,0.09500686824321747,1.4952861070632935,0.019527673721313477,0.09500686824321747,1.4952861070632935,single_wall_slit,0.0,2.4560461044311523,0.5400000214576721,0.15000000596046448,1.0,1.5,0.0,0.9991894960403442,-0.0052065858617424965,-0.03991580754518509,0.6566840410232544,0.5960037112236023,0.343315988779068,0.17228233814239502,0.2040482610464096,0.32359567284584045,0.07377799600362778,0.7221938371658325,0.01481897383928299,0.0,0.7894457578659058,0.1349213868379593,0.42216435185185186,0.36257710760795064,1.1249033212661743,0.019528837874531746,0.25928744673728943,0.36257710760795064,0.42216435185185186,0.03225806451612903,0.1076388888888889,0.03225806451612903,0.0,0.35145385587863465,0.01390644753476612,0.11443865740740741,0.3582554517133956,0.017133956386292833,0.09288194444444445,0.3221476510067114,0.0,0.02155671296296296,0.0,0.02155671296296296,0.0,0.008864288010508902,0.22402473335649772,0.0,0.0,0.3221476510067114,0.01133722115737531,0.02155671296296296,0.0,0.0,same_pose,fixed,Fixed,0,12,12,-1.2294591665267944,0.5,0.5,0.5,specular
specular,far_right,12,randfix,0.6835188865661621,0.2016175389289856,0.6034044027328491,0.3545079529285431,0.4106467664241791,0.34294137358665466,0.07229695260777004,2.731719970703125,0.9541794657707214,0.0,-1.2294591665267944,0.10151509940624237,1.5451809167861938,-1.2294591665267944,0.10151509940624237,1.5451809167861938,0.019527673721313477,0.09500686824321747,1.4952861070632935,0.019527673721313477,0.09500686824321747,1.4952861070632935,single_wall_slit,0.0,2.4560461044311523,0.5400000214576721,0.15000000596046448,1.0,1.5,0.0,0.9991894960403442,-0.0052065858617424965,-0.03991580754518509,0.5447048544883728,0.5039697289466858,0.4552951455116272,0.3192935287952423,0.2040482610464096,0.32359567284584045,0.174713134765625,0.7221938371658325,0.01481897383928299,0.0,0.9464872479438782,0.034607790410518646,0.42216435185185186,0.16723783413296778,1.1260069608688354,0.015611732378602028,0.10975798964500427,0.16723783413296778,0.42216435185185186,0.0,0.1076388888888889,0.0,0.0,0.09355246523388117,0.0,0.11443865740740741,0.11526479750778816,0.0,0.09288194444444445,0.0,0.0,0.02155671296296296,0.0,0.02155671296296296,0.0,0.0,0.07790695357036712,1.0,0.0,0.0,0.0,0.02155671296296296,0.0,0.0,same_pose,randfix,Random fixed,0,12,13,-1.2294591665267944,0.6835188865661621,0.2016175389289856,0.6034044027328491,specular
specular,far_right,12,flightonly,0.3545079529285431,0.4106467664241791,0.34294137358665466,0.3545079529285431,0.4106467664241791,0.34294137358665466,0.07229695260777004,2.731719970703125,0.9541794657707214,0.0,-1.2294591665267944,0.10151509940624237,1.5451809167861938,-1.2294591665267944,0.10151509940624237,1.5451809167861938,0.019527673721313477,0.09500686824321747,1.4952861070632935,0.019527673721313477,0.09500686824321747,1.4952861070632935,single_wall_slit,0.0,2.4560461044311523,0.5400000214576721,0.15000000596046448,1.0,1.5,0.0,0.9991894960403442,-0.0052065858617424965,-0.03991580754518509,0.9992766380310059,0.8831310868263245,0.0007233796641230583,0.0393359549343586,0.2040482610464096,0.32359567284584045,0.011501877568662167,0.7221938371658325,0.01481897383928299,0.0,0.0,0.827765941619873,0.42216435185185186,1.0,1.1396985054016113,0.039481304585933685,0.8504428863525391,1.0,0.42216435185185186,1.0,0.1076388888888889,1.0,0.0,0.9936788874841972,0.911504424778761,0.11443865740740741,1.0,0.9143302180685359,0.09288194444444445,0.9664429530201343,0.8993288590604027,0.02155671296296296,1.0,0.02155671296296296,0.6309362053871155,0.0,0.0,0.0,0.0,0.0,0.9936788874841972,0.02155671296296296,1.0,0.6309362053871155,same_pose,flightonly,Ours,0,12,12,-1.2294591665267944,0.3545079529285431,0.4106467664241791,0.34294137358665466,specular
specular,far_right,18,fixed,0.5,0.5,0.5,0.36791086196899414,0.3371599316596985,0.34841519594192505,0.08397043851111151,2.2847237586975098,0.4717020094394684,0.0,-0.766154408454895,0.28834599256515503,1.5369324684143066,-0.766154408454895,0.28834599256515503,1.5369324684143066,0.48167884349823,0.23452508449554443,1.5870871543884277,0.48167884349823,0.23452508449554443,1.5870871543884277,single_wall_slit,0.0,2.4560461044311523,0.5400000214576721,0.15000000596046448,1.0,1.5,0.0,0.9982666373252869,-0.043056730180978775,0.04012371227145195,0.5410879850387573,0.46298447251319885,0.45891204476356506,0.2130373865365982,0.25284653902053833,0.4910905659198761,0.09128029644489288,0.6637291312217712,0.025431085377931595,0.0,0.7793445587158203,0.13176211714744568,0.5131655092592593,0.34761770510290385,0.6687121987342834,0.024613557383418083,0.2379983812570572,0.34761770510290385,0.5131655092592593,0.23076923076923078,0.009403935185185185,0.23076923076923078,0.0,0.3333333333333333,0.0,0.00390625,0.375,0.0,0.003472222222222222,0.0,0.0,0.00043402777777777775,0.0,0.0007233796296296296,0.0,0.0,0.2174607649656987,0.0,0.0,0.0,0.07692307692307693,0.02141203703703704,0.0,0.0,same_pose,fixed,Fixed,1,18,18,-0.766154408454895,0.5,0.5,0.5,specular
specular,far_right,18,randfix,0.6835188865661621,0.2016175389289856,0.6034044027328491,0.36791086196899414,0.3371599316596985,0.34841519594192505,0.08397043851111151,2.2847237586975098,0.4717020094394684,0.0,-0.766154408454895,0.28834599256515503,1.5369324684143066,-0.766154408454895,0.28834599256515503,1.5369324684143066,0.48167884349823,0.23452508449554443,1.5870871543884277,0.48167884349823,0.23452508449554443,1.5870871543884277,single_wall_slit,0.0,2.4560461044311523,0.5400000214576721,0.15000000596046448,1.0,1.5,0.0,0.9982666373252869,-0.043056730180978775,0.04012371227145195,0.40726274251937866,0.3641906976699829,0.5927372574806213,0.3952825963497162,0.25284653902053833,0.4910905659198761,0.21616019308567047,0.6637291312217712,0.025431085377931595,0.0,0.952060878276825,0.03333015739917755,0.5131655092592593,0.15026783197067944,0.6751456260681152,0.009945946745574474,0.10595885664224625,0.15026783197067944,0.5131655092592593,0.0,0.009403935185185185,0.0,0.0,0.07407407407407407,0.0,0.00390625,0.08333333333333333,0.0,0.003472222222222222,0.0,0.0,0.00043402777777777775,0.0,0.0007233796296296296,0.0,0.0,0.06294312355772745,0.0,0.0,0.0,0.0,0.02141203703703704,0.0,0.0,same_pose,randfix,Random fixed,1,18,19,-0.766154408454895,0.6835188865661621,0.2016175389289856,0.6034044027328491,specular
specular,far_right,18,flightonly,0.36791086196899414,0.3371599316596985,0.34841519594192505,0.36791086196899414,0.3371599316596985,0.34841519594192505,0.08397043851111151,2.2847237586975098,0.4717020094394684,0.0,-0.766154408454895,0.28834599256515503,1.5369324684143066,-0.766154408454895,0.28834599256515503,1.5369324684143066,0.48167884349823,0.23452508449554443,1.5870871543884277,0.48167884349823,0.23452508449554443,1.5870871543884277,single_wall_slit,0.0,2.4560461044311523,0.5400000214576721,0.15000000596046448,1.0,1.5,0.0,0.9982666373252869,-0.043056730180978775,0.04012371227145195,0.9968171119689941,0.9115877747535706,0.0031828703358769417,0.045656073838472366,0.25284653902053833,0.4910905659198761,0.015048468485474586,0.6637291312217712,0.025431085377931595,0.0,0.0,0.9640578627586365,0.5131655092592593,1.0,0.6775737404823303,0.03961256891489029,0.9680437445640564,1.0,0.5131655092592593,1.0,0.009403935185185185,1.0,0.0,0.25925925925925924,0.25925925925925924,0.00390625,0.2916666666666667,0.2916666666666667,0.003472222222222222,0.0,0.0,0.00043402777777777775,1.0,0.0007233796296296296,0.845496654510498,0.0,0.0,0.0,0.0,0.0,0.25925925925925924,0.02141203703703704,1.0,0.841440737247467,same_pose,flightonly,Ours,1,18,18,-0.766154408454895,0.36791086196899414,0.3371599316596985,0.34841519594192505,specular
specular,far_right,23,fixed,0.5,0.5,0.5,0.37177878618240356,0.33964380621910095,0.3605349063873291,0.08257264256861567,1.8627140522003174,0.04378523305058479,0.0,-0.30150124430656433,0.47215068340301514,1.5370166301727295,-0.30150124430656433,0.47215068340301514,1.5370166301727295,0.9388182163238525,0.3323497772216797,1.604569673538208,0.9388182163238525,0.3323497772216797,1.604569673538208,single_wall_slit,0.0,2.4560461044311523,0.5400000214576721,0.15000000596046448,1.0,1.5,0.0,0.9922555685043335,-0.11184071749448776,0.05404248088598251,0.4153645932674408,0.30866649746894836,0.5846354365348816,0.24058856070041656,0.28910818696022034,0.7560118436813354,0.10243631154298782,0.44926655292510986,0.06388548016548157,0.0,0.816846489906311,0.08551293611526489,0.51953125,0.21275410749094958,0.25933119654655457,0.05643836036324501,0.09967724233865738,0.21275410749094958,0.51953125,0.3615894039735099,0.10923032407407407,0.3615894039735099,0.0,0.634447455585667,0.44233664558867813,0.48046875,0.6454258675078864,0.46214511041009465,0.4586226851851852,0.40397350993377484,0.026490066225165563,0.021846064814814815,0.152317880794702,0.021846064814814815,0.06748786568641663,0.34822770734591846,0.4994661534226345,0.0,0.020854195828054315,0.34244112100346474,0.22940947731773123,0.059172453703703706,0.3154034229828851,0.14147533476352692,same_pose,fixed,Fixed,2,23,22,-0.30150124430656433,0.5,0.5,0.5,specular
specular,far_right,23,randfix,0.6835188865661621,0.2016175389289856,0.6034044027328491,0.37177878618240356,0.33964380621910095,0.3605349063873291,0.08257264256861567,1.8627140522003174,0.04378523305058479,0.0,-0.30150124430656433,0.47215068340301514,1.5370166301727295,-0.30150124430656433,0.47215068340301514,1.5370166301727295,0.9388182163238525,0.3323497772216797,1.604569673538208,0.9388182163238525,0.3323497772216797,1.604569673538208,single_wall_slit,0.0,2.4560461044311523,0.5400000214576721,0.15000000596046448,1.0,1.5,0.0,0.9922555685043335,-0.11184071749448776,0.05404248088598251,0.19777199625968933,0.13452568650245667,0.8022280335426331,0.444964736700058,0.28910818696022034,0.7560118436813354,0.2425786852836609,0.44926655292510986,0.06388548016548157,0.0,1.0,0.0,0.51953125,0.0,0.0,0.0,0.0,0.0,0.51953125,0.0,0.10923032407407407,0.0,0.0,0.41162300511894007,0.1493526046371575,0.48046875,0.4309148264984227,0.15646687697160883,0.4586226851851852,0.006622516556291391,0.0,0.021846064814814815,0.0,0.021846064814814815,0.0,0.1493526046371575,0.41162300511894007,0.0,0.0,0.006622516556291391,0.0,0.059172453703703706,0.0,0.0,same_pose,randfix,Random fixed,2,23,24,-0.30150124430656433,0.6835188865661621,0.2016175389289856,0.6034044027328491,specular
specular,far_right,23,flightonly,0.37177878618240356,0.33964380621910095,0.3605349063873291,0.37177878618240356,0.33964380621910095,0.3605349063873291,0.08257264256861567,1.8627140522003174,0.04378523305058479,0.0,-0.30150124430656433,0.47215068340301514,1.5370166301727295,-0.30150124430656433,0.47215068340301514,1.5370166301727295,0.9388182163238525,0.3323497772216797,1.604569673538208,0.9388182163238525,0.3323497772216797,1.604569673538208,single_wall_slit,0.0,2.4560461044311523,0.5400000214576721,0.15000000596046448,1.0,1.5,0.0,0.9922555685043335,-0.11184071749448776,0.05404248088598251,1.0,0.8632922768592834,0.0,0.05522019788622856,0.28910818696022034,0.7560118436813354,0.01835322007536888,0.44926655292510986,0.06388548016548157,0.0,0.0,0.990750789642334,0.51953125,1.0,0.25019240379333496,0.05461842939257622,0.9897021651268005,1.0,0.51953125,1.0,0.10923032407407407,1.0,0.0,1.0,0.992773261065944,0.48046875,1.0,0.9952681388012619,0.4586226851851852,1.0,0.9403973509933775,0.021846064814814815,1.0,0.021846064814814815,0.9456191658973694,0.0,0.0,0.0,0.0,0.0,1.0,0.059172453703703706,1.0,0.9721718430519104,same_pose,flightonly,Ours,2,23,23,-0.30150124430656433,0.37177878618240356,0.33964380621910095,0.3605349063873291,specular
specular,far_right,25,fixed,0.5,0.5,0.5,0.3798009753227234,0.3392989933490753,0.35872024297714233,0.07283540554327199,1.6813328266143799,0.016336500644683838,0.0,-0.09627700597047806,0.5263364911079407,1.54182767868042,-0.09627700597047806,0.5263364911079407,1.54182767868042,1.137621521949768,0.3397841155529022,1.613889217376709,1.137621521949768,0.3397841155529022,1.613889217376709,single_wall_slit,0.0,2.4560461044311523,0.5400000214576721,0.15000000596046448,1.0,1.5,0.0,0.9871187806129456,-0.14924189448356628,0.05764925107359886,0.9861111044883728,0.7952125072479248,0.013888888992369175,0.08240322768688202,0.09531933069229126,0.4483936131000519,0.03772317245602608,0.19155900180339813,0.10664898157119751,0.0,0.0,0.5013660788536072,0.19791666666666666,1.0,0.1717081069946289,0.02009429968893528,0.5014769434928894,1.0,0.19791666666666666,1.0,0.059172453703703706,1.0,0.0,0.9826839826839827,0.8005050505050505,0.8020833333333334,0.9824240205053094,0.7997070670084219,0.7902199074074074,1.0,0.8536585365853658,0.011863425925925927,1.0,0.011863425925925927,0.48420417308807373,0.0,0.0,0.0,0.0,0.0,0.9826839826839827,0.011863425925925927,1.0,0.48420417308807373,same_pose,fixed,Fixed,3,25,25,-0.09627700597047806,0.5,0.5,0.5,specular
specular,far_right,25,randfix,0.6835188865661621,0.2016175389289856,0.6034044027328491,0.3798009753227234,0.3392989933490753,0.35872024297714233,0.07283540554327199,1.6813328266143799,0.016336500644683838,0.0,-0.09627700597047806,0.5263364911079407,1.54182767868042,-0.09627700597047806,0.5263364911079407,1.54182767868042,1.137621521949768,0.3397841155529022,1.613889217376709,1.137621521949768,0.3397841155529022,1.613889217376709,single_wall_slit,0.0,2.4560461044311523,0.5400000214576721,0.15000000596046448,1.0,1.5,0.0,0.9871187806129456,-0.14924189448356628,0.05764925107359886,0.7291666865348816,0.5479715466499329,0.2708333432674408,0.15399456024169922,0.09531933069229126,0.4483936131000519,0.0893319621682167,0.19155900180339813,0.10664898157119751,0.0,1.0,0.0,0.19791666666666666,0.0,0.0,0.0,0.0,0.0,0.19791666666666666,0.0,0.059172453703703706,0.0,0.0,0.9090909090909091,0.6323953823953824,0.8020833333333334,0.9212742585133651,0.6404247528377883,0.7902199074074074,0.0975609756097561,0.0975609756097561,0.011863425925925927,0.0,0.011863425925925927,0.0,0.6323953823953824,0.9090909090909091,0.0,0.0975609756097561,0.0975609756097561,0.0,0.011863425925925927,0.0,0.0,same_pose,randfix,Random fixed,3,25,27,-0.09627700597047806,0.6835188865661621,0.2016175389289856,0.6034044027328491,specular
specular,far_right,25,flightonly,0.3798009753227234,0.3392989933490753,0.35872024297714233,0.3798009753227234,0.3392989933490753,0.35872024297714233,0.07283540554327199,1.6813328266143799,0.016336500644683838,0.0,-0.09627700597047806,0.5263364911079407,1.54182767868042,-0.09627700597047806,0.5263364911079407,1.54182767868042,1.137621521949768,0.3397841155529022,1.613889217376709,1.137621521949768,0.3397841155529022,1.613889217376709,single_wall_slit,0.0,2.4560461044311523,0.5400000214576721,0.15000000596046448,1.0,1.5,0.0,0.9871187806129456,-0.14924189448356628,0.05764925107359886,1.0,0.8092412352561951,0.0,0.019773148000240326,0.09531933069229126,0.4483936131000519,0.0073639340698719025,0.19155900180339813,0.10664898157119751,0.0,0.0,0.9939497113227844,0.19791666666666666,1.0,0.1733868271112442,0.02104472741484642,0.9937312006950378,1.0,0.19791666666666666,1.0,0.059172453703703706,1.0,0.0,1.0,0.7714646464646465,0.8020833333333334,1.0,0.7806664225558404,0.7902199074074074,1.0,0.15853658536585366,0.011863425925925927,1.0,0.011863425925925927,0.9716946482658386,0.0,0.0,0.0,0.0,0.0,1.0,0.011863425925925927,1.0,0.9716946482658386,same_pose,flightonly,Ours,3,25,25,-0.09627700597047806,0.3798009753227234,0.3392989933490753,0.35872024297714233,specular
specular,far_right,28,fixed,0.5,0.5,0.5,0.43660426139831543,0.38899505138397217,0.4012961685657501,0.08157702425014199,1.448999047279358,0.03447199612855911,0.0,0.15919199585914612,0.5473189353942871,1.5476868152618408,0.15919199585914612,0.5473189353942871,1.5476868152618408,1.3805170059204102,0.29873502254486084,1.6429293155670166,1.3805170059204102,0.29873502254486084,1.6429293155670166,single_wall_slit,0.0,2.4560461044311523,0.5400000214576721,0.15000000596046448,1.0,1.5,0.0,0.9770600199699402,-0.19886712729930878,0.07619402557611465,1.0,0.9229359030723572,0.0,6.764414138160646e-05,0.0,0.0021219609770923853,6.764414138160646e-05,0.0,0.13296492397785187,0.0,0.0,0.0,1.0,1.0,2.27048921585083,0.2261972427368164,0.9229359030723572,1.0,0.43938078703703703,0.0,0.0,0.0,0.0,1.0,0.95,0.16493055555555555,1.0,0.95,0.16493055555555555,0.0,0.0,0.0,0.0,0.0,nan,0.0,0.0,0.0,0.0,0.0,0.0,0.0,0.0,nan,same_pose,fixed,Fixed,4,28,27,0.15919199585914612,0.5,0.5,0.5,specular
specular,far_right,28,randfix,0.6835188865661621,0.2016175389289856,0.6034044027328491,0.43660426139831543,0.38899505138397217,0.4012961685657501,0.08157702425014199,1.448999047279358,0.03447199612855911,0.0,0.15919199585914612,0.5473189353942871,1.5476868152618408,0.15919199585914612,0.5473189353942871,1.5476868152618408,1.3805170059204102,0.29873502254486084,1.6429293155670166,1.3805170059204102,0.29873502254486084,1.6429293155670166,single_wall_slit,0.0,2.4560461044311523,0.5400000214576721,0.15000000596046448,1.0,1.5,0.0,0.9770600199699402,-0.19886712729930878,0.07619402557611465,1.0,0.8203566074371338,0.0,0.0001601875846972689,0.0,0.0021219609770923853,0.0001601875846972689,0.0,0.13296492397785187,0.0,0.0,0.0,1.0,1.0,2.27048921585083,0.2261972427368164,0.8203566074371338,1.0,0.43938078703703703,0.0,0.0,0.0,0.0,1.0,0.95,0.16493055555555555,1.0,0.95,0.16493055555555555,0.0,0.0,0.0,0.0,0.0,nan,0.0,0.0,0.0,0.0,0.0,0.0,0.0,0.0,nan,same_pose,randfix,Random fixed,4,28,30,0.15919199585914612,0.6835188865661621,0.2016175389289856,0.6034044027328491,specular
specular,far_right,28,flightonly,0.43660426139831543,0.38899505138397217,0.4012961685657501,0.43660426139831543,0.38899505138397217,0.4012961685657501,0.08157702425014199,1.448999047279358,0.03447199612855911,0.0,0.15919199585914612,0.5473189353942871,1.5476868152618408,0.15919199585914612,0.5473189353942871,1.5476868152618408,1.3805170059204102,0.29873502254486084,1.6429293155670166,1.3805170059204102,0.29873502254486084,1.6429293155670166,single_wall_slit,0.0,2.4560461044311523,0.5400000214576721,0.15000000596046448,1.0,1.5,0.0,0.9770600199699402,-0.19886712729930878,0.07619402557611465,1.0,0.8511818647384644,0.0,2.8694799766526558e-05,0.0,0.0021219609770923853,2.8694799766526558e-05,0.0,0.13296492397785187,0.0,0.0,0.0,1.0,1.0,2.27048921585083,0.2261972427368164,0.8511818647384644,1.0,0.43938078703703703,0.0,0.0,0.0,0.0,1.0,0.95,0.16493055555555555,1.0,0.95,0.16493055555555555,0.0,0.0,0.0,0.0,0.0,nan,0.0,0.0,0.0,0.0,0.0,0.0,0.0,0.0,nan,same_pose,flightonly,Ours,4,28,28,0.15919199585914612,0.43660426139831543,0.38899505138397217,0.4012961685657501,specular
specular,far_right,12,fixed,0.5,0.5,0.5,0.5,0.5,0.5,0.07475416600956447,2.723505735397339,0.9456759691238403,0.0,-1.2211015224456787,0.10215894877910614,1.5515035390853882,-1.2211015224456787,0.10215894877910614,1.5515035390853882,0.028107404708862305,0.09549712389707565,1.5075420141220093,0.028107404708862305,0.09549712389707565,1.5075420141220093,single_wall_slit,0.0,2.4560461044311523,0.5400000214576721,0.15000000596046448,1.0,1.5,0.0,0.9993671774864197,-0.00532945804297924,-0.03516925871372223,0.6549479365348816,0.5937216281890869,0.3450520932674408,0.17344070971012115,0.2054794877767563,0.3257322907447815,0.0742415115237236,0.7219226360321045,0.014148597605526447,0.0,0.7870243787765503,0.1353559046983719,0.42216435185185186,0.3605209047292666,1.1164060831069946,0.017812447622418404,0.25532814860343933,0.3605209047292666,0.42216435185185186,0.007462686567164179,0.019386574074074073,0.007462686567164179,0.0,0.2608695652173913,0.0,0.0033275462962962963,0.3333333333333333,0.0,0.0026041666666666665,0.0,0.0,0.0007233796296296296,0.0,0.0014467592592592592,0.0,0.0,0.166820633548887,0.0,0.0,0.0,0.0019467878001297857,0.021701388888888888,0.0,0.0,own_pose,fixed,Fixed,0,12,12,-1.2211015224456787,,,,specular
specular,far_right,18,fixed,0.5,0.5,0.5,0.5,0.5,0.5,0.08844854024145819,2.256817579269409,0.4422723054885864,0.0,-0.7366666197776794,0.29708969593048096,1.547804594039917,-0.7366666197776794,0.29708969593048096,1.547804594039917,0.5109439492225647,0.24020612239837646,1.6000776290893555,0.5109439492225647,0.24020612239837646,1.6000776290893555,single_wall_slit,0.0,2.4560461044311523,0.5400000214576721,0.15000000596046448,1.0,1.5,0.0,0.9980884194374084,-0.04550686106085777,0.041818469762802124,0.5380497574806213,0.4555353820323944,0.46195024251937866,0.21426716446876526,0.25425490736961365,0.5017101168632507,0.09187405556440353,0.6581057906150818,0.0264506284147501,0.0,0.7653626799583435,0.13955196738243103,0.5258969907407407,0.3667125171939477,0.6406484246253967,0.025006476789712906,0.25200366973876953,0.3667125171939477,0.5258969907407407,0.21875,0.009259259259259259,0.21875,0.0,0.3333333333333333,0.0,0.004340277777777778,0.37037037037037035,0.0,0.00390625,0.0,0.0,0.00043402777777777775,0.0,0.0005787037037037037,0.0,0.0,0.21109582760201742,0.0,0.0,0.0,0.07291666666666666,0.02155671296296296,0.006711409395973154,0.002833121921867132,own_pose,fixed,Fixed,1,18,18,-0.7366666197776794,,,,specular
specular,far_right,22,fixed,0.5,0.5,0.5,0.5,0.5,0.5,0.08994292378648974,1.906630277633667,0.07598293572664261,0.0,-0.35193440318107605,0.45135581493377686,1.5430792570114136,-0.35193440318107605,0.45135581493377686,1.5430792570114136,0.8898684978485107,0.32561689615249634,1.6110165119171143,0.8898684978485107,0.32561689615249634,1.6110165119171143,single_wall_slit,0.0,2.4560461044311523,0.5400000214576721,0.15000000596046448,1.0,1.5,0.0,0.9934422969818115,-0.10059113800525665,0.05434982851147652,0.33304399251937866,0.2424471527338028,0.6669560074806213,0.2737707197666168,0.33560067415237427,0.7485991716384888,0.11378758400678635,0.48930007219314575,0.0566139742732048,0.0,0.8645510077476501,0.06219659000635147,0.57421875,0.16124968505920886,0.3066422641277313,0.05341058596968651,0.07430586963891983,0.16124968505920886,0.57421875,0.33422818791946307,0.10778356481481481,0.33422818791946307,0.0,0.564729867482161,0.35575942915392456,0.42578125,0.5715819613457409,0.37222619899785253,0.40422453703703703,0.436241610738255,0.04697986577181208,0.02155671296296296,0.12080536912751678,0.02155671296296296,0.05467217043042183,0.2983933332460103,0.4736673542071338,0.0,0.03940437721198348,0.3835412819242376,0.1887486402725612,0.06756365740740741,0.28051391862955033,0.1257110834121704,own_pose,fixed,Fixed,2,22,22,-0.35193440318107605,,,,specular
specular,far_right,25,fixed,0.5,0.5,0.5,0.5,0.5,0.5,0.07725468344968983,1.6263344287872314,0.016080498695373535,0.0,-0.03314904496073723,0.5405415892601013,1.5472466945648193,-0.03314904496073723,0.5405415892601013,1.5472466945648193,1.1988153457641602,0.34238216280937195,1.6213864088058472,1.1988153457641602,0.34238216280937195,1.6213864088058472,single_wall_slit,0.0,2.4560461044311523,0.5400000214576721,0.15000000596046448,1.0,1.5,0.0,0.9855714440345764,-0.15852753818035126,0.05931178480386734,1.0,0.8933241963386536,0.0,0.009986870922148228,0.0052670505829155445,0.17809171974658966,0.007521560415625572,0.010584956966340542,0.1313105970621109,0.0,0.0,0.5805383920669556,0.01244212962962963,1.0,0.15419861674308777,0.0028302057180553675,0.5801883339881897,1.0,0.01244212962962963,1.0,0.01244212962962963,1.0,0.0,1.0,0.6009375915616759,0.9875578703703703,1.0,0.6041237113402061,0.9823495370370371,1.0,0.0,0.005208333333333333,1.0,0.004918981481481482,0.5570802688598633,0.0,0.0,0.0,0.0,0.0,1.0,0.004918981481481482,1.0,0.5570802688598633,own_pose,fixed,Fixed,3,25,25,-0.03314904496073723,,,,specular
specular,far_right,27,fixed,0.5,0.5,0.5,0.5,0.5,0.5,0.08999027416889417,1.476142406463623,0.016123197972774506,0.0,0.13446983695030212,0.5583134889602661,1.5510895252227783,0.13446983695030212,0.5583134889602661,1.5510895252227783,1.358046293258667,0.31786030530929565,1.6379398107528687,1.358046293258667,0.31786030530929565,1.6379398107528687,single_wall_slit,0.0,2.4560461044311523,0.5400000214576721,0.15000000596046448,1.0,1.5,0.0,0.9788611531257629,-0.19236256182193756,0.06948022544384003,1.0,0.9206933379173279,0.0,0.00012697000056505203,0.0,0.003983018454164267,0.00012697000056505203,0.0,0.13296490907669067,0.0,0.0,0.0,1.0,1.0,2.2901875972747803,0.21951568126678467,0.9206933379173279,1.0,0.4322916666666667,0.0,0.0,0.0,0.0,1.0,0.9597370583401807,0.17607060185185186,1.0,0.9597370583401807,0.17607060185185186,0.0,0.0,0.0,0.0,0.0,nan,0.0,0.0,0.0,0.0,0.0,0.0,0.0,0.0,nan,own_pose,fixed,Fixed,4,27,27,0.13446983695030212,,,,specular
specular,far_right,13,randfix,0.6835188865661621,0.2016175389289856,0.6034044027328491,0.6835188865661621,0.2016175389289856,0.6034044027328491,0.06993957079670848,2.7187957763671875,0.9403009414672852,0.0,-1.2162326574325562,0.11323784291744232,1.5332850217819214,-1.2162326574325562,0.11323784291744232,1.5332850217819214,0.033159494400024414,0.1041111946105957,1.4953885078430176,0.033159494400024414,0.1041111946105957,1.4953885078430176,single_wall_slit,0.0,2.4560461044311523,0.5400000214576721,0.15000000596046448,1.0,1.5,0.0,0.9995136857032776,-0.00730131845921278,-0.030317187309265137,0.5390625,0.49863773584365845,0.4609375,0.32282453775405884,0.20671215653419495,0.32740360498428345,0.1764260083436966,0.7209793925285339,0.014128600247204304,0.0,0.9467452764511108,0.0343010239303112,0.4262152777777778,0.164969450101833,1.1116975545883179,0.012635833583772182,0.10798171907663345,0.164969450101833,0.4262152777777778,0.0,0.02025462962962963,0.0,0.0,0.12,0.0,0.003616898148148148,0.15,0.0,0.0028935185185185184,0.0,0.0,0.0007233796296296296,0.0,0.0014467592592592592,0.0,0.0,0.10020366598778004,0.0,0.0,0.0,0.0,0.02141203703703704,0.0,0.0,own_pose,randfix,Random fixed,0,13,13,-1.2162326574325562,,,,specular
specular,far_right,19,randfix,0.6835188865661621,0.2016175389289856,0.6034044027328491,0.6835188865661621,0.2016175389289856,0.6034044027328491,0.07199643336676466,2.2881617546081543,0.47365596890449524,0.0,-0.7683781385421753,0.2979681193828583,1.5368679761886597,-0.7683781385421753,0.2979681193828583,1.5368679761886597,0.4796046018600464,0.2412024885416031,1.579491138458252,0.4796046018600464,0.2412024885416031,1.579491138458252,single_wall_slit,0.0,2.4560461044311523,0.5400000214576721,0.15000000596046448,1.0,1.5,0.0,0.9983861446380615,-0.04541250318288803,0.03409853205084801,0.40162038803100586,0.35833409428596497,0.5983796119689941,0.4003294110298157,0.2567822337150574,0.4936261475086212,0.21858996152877808,0.6617938876152039,0.025854308158159256,0.0,0.9528647661209106,0.032723166048526764,0.5183738425925926,0.15015350265140942,0.6786845922470093,0.008427781984210014,0.10611686110496521,0.15015350265140942,0.5183738425925926,0.0,0.00853587962962963,0.0,0.0,0.0,0.0,0.0026041666666666665,0.0,0.0,0.0023148148148148147,0.0,0.0,0.00028935185185185184,0.0,0.0005787037037037037,0.0,0.0,0.0,0.0,0.0,0.0,0.0,0.02155671296296296,0.0,0.0,own_pose,randfix,Random fixed,1,19,19,-0.7683781385421753,,,,specular
specular,far_right,24,randfix,0.6835188865661621,0.2016175389289856,0.6034044027328491,0.6835188865661621,0.2016175389289856,0.6034044027328491,0.08971609125852659,1.885839581489563,0.06720089167356491,0.0,-0.3226510286331177,0.4821993410587311,1.5426337718963623,-0.3226510286331177,0.4821993410587311,1.5426337718963623,0.9176609516143799,0.341156005859375,1.6076959371566772,0.9176609516143799,0.341156005859375,1.6076959371566772,single_wall_slit,0.0,2.4560461044311523,0.5400000214576721,0.15000000596046448,1.0,1.5,0.0,0.9922495484352112,-0.11283467710018158,0.05204976722598076,0.18243634700775146,0.12324833124876022,0.8175636529922485,0.4695526361465454,0.30556678771972656,0.772628128528595,0.25502410531044006,0.4779810905456543,0.06021122634410858,0.0,1.0,0.0,0.5471643518518519,0.0,0.0,0.0,0.0,0.0,0.5471643518518519,0.0,0.11038773148148148,0.0,0.0,0.40287539936102235,0.134185303514377,0.45283564814814814,0.42358078602620086,0.141081625797783,0.43070023148148145,0.0,0.0,0.022135416666666668,0.0,0.022135416666666668,0.0,0.134185303514377,0.40287539936102235,0.0,0.0,0.0,0.0,0.05700231481481482,0.0,0.0,own_pose,randfix,Random fixed,2,24,24,-0.3226510286331177,,,,specular
specular,far_right,27,randfix,0.6835188865661621,0.2016175389289856,0.6034044027328491,0.6835188865661621,0.2016175389289856,0.6034044027328491,0.08178475663845289,1.6591652631759644,0.005958139896392822,0.0,-0.06410837918519974,0.5513279438018799,1.549317479133606,-0.06410837918519974,0.5513279438018799,1.549317479133606,1.1662116050720215,0.3465057611465454,1.6321465969085693,1.1662116050720215,0.3465057611465454,1.6321465969085693,single_wall_slit,0.0,2.4560461044311523,0.5400000214576721,0.15000000596046448,1.0,1.5,0.0,0.9842559695243835,-0.16385774314403534,0.0662633404135704,0.9260706305503845,0.7021155953407288,0.07392939925193787,0.06527461111545563,0.030103756114840508,0.306632936000824,0.04469741880893707,0.06049816682934761,0.12409675121307373,0.0,1.0,0.0,0.06669560185185185,0.0,0.0,0.0,0.0,0.0,0.06669560185185185,0.0,0.04716435185185185,0.0,0.0,0.9922492636800496,0.7070221671058751,0.9333043981481481,1.0,0.7135678391959799,0.9212962962962963,0.39759036144578314,0.20481927710843373,0.012008101851851851,0.0,0.01171875,0.0,0.7070221671058751,0.9922492636800496,0.0,0.20481927710843373,0.39759036144578314,0.0,0.01171875,0.0,0.0,own_pose,randfix,Random fixed,3,27,27,-0.06410837918519974,,,,specular
specular,far_right,30,randfix,0.6835188865661621,0.2016175389289856,0.6034044027328491,0.6835188865661621,0.2016175389289856,0.6034044027328491,0.08068778666931892,1.4205663204193115,0.040431201457977295,0.0,0.19645439088344574,0.561802089214325,1.5561785697937012,0.19645439088344574,0.561802089214325,1.5561785697937012,1.4125291109085083,0.2940581440925598,1.6656115055084229,1.4125291109085083,0.2940581440925598,1.6656115055084229,single_wall_slit,0.0,2.4560461044311523,0.5400000214576721,0.15000000596046448,1.0,1.5,0.0,0.972859799861908,-0.2141951620578766,0.08754636347293854,1.0,0.8245298862457275,0.0,6.610162381548434e-05,0.0,0.0008756428142078221,6.610162381548434e-05,0.0,0.13296490907669067,0.0,0.0,0.0,1.0,1.0,2.2456653118133545,0.24396912753582,0.8245298862457275,1.0,0.4537037037037037,0.0,0.0,0.0,0.0,1.0,0.9313632030505243,0.1517650462962963,1.0,0.9313632030505243,0.1517650462962963,0.0,0.0,0.0,0.0,0.0,nan,0.0,0.0,0.0,0.0,0.0,0.0,0.0,0.0,nan,own_pose,randfix,Random fixed,4,30,30,0.19645439088344574,,,,specular
specular,far_right,12,flightonly,0.3545079529285431,0.4106467664241791,0.34294137358665466,0.3545079529285431,0.4106467664241791,0.34294137358665466,0.07229695260777004,2.731719970703125,0.9541794657707214,0.0,-1.2294591665267944,0.10151509940624237,1.5451809167861938,-1.2294591665267944,0.10151509940624237,1.5451809167861938,0.019527673721313477,0.09500686824321747,1.4952861070632935,0.019527673721313477,0.09500686824321747,1.4952861070632935,single_wall_slit,0.0,2.4560461044311523,0.5400000214576721,0.15000000596046448,1.0,1.5,0.0,0.9991894960403442,-0.0052065858617424965,-0.03991580754518509,0.9992766380310059,0.8831310868263245,0.0007233796641230583,0.0393359549343586,0.2040482610464096,0.32359567284584045,0.011501877568662167,0.7221938371658325,0.01481897383928299,0.0,0.0,0.827765941619873,0.42216435185185186,1.0,1.1396985054016113,0.039481304585933685,0.8504428863525391,1.0,0.42216435185185186,1.0,0.1076388888888889,1.0,0.0,0.9936788874841972,0.911504424778761,0.11443865740740741,1.0,0.9143302180685359,0.09288194444444445,0.9664429530201343,0.8993288590604027,0.02155671296296296,1.0,0.02155671296296296,0.6309362053871155,0.0,0.0,0.0,0.0,0.0,0.9936788874841972,0.02155671296296296,1.0,0.6309362053871155,own_pose,flightonly,Ours,0,12,12,-1.2294591665267944,,,,specular
specular,far_right,18,flightonly,0.36791086196899414,0.3371599316596985,0.34841519594192505,0.36791086196899414,0.3371599316596985,0.34841519594192505,0.08397043851111151,2.2847237586975098,0.4717020094394684,0.0,-0.766154408454895,0.28834599256515503,1.5369324684143066,-0.766154408454895,0.28834599256515503,1.5369324684143066,0.48167884349823,0.23452508449554443,1.5870871543884277,0.48167884349823,0.23452508449554443,1.5870871543884277,single_wall_slit,0.0,2.4560461044311523,0.5400000214576721,0.15000000596046448,1.0,1.5,0.0,0.9982666373252869,-0.043056730180978775,0.04012371227145195,0.9968171119689941,0.9115877747535706,0.0031828703358769417,0.045656073838472366,0.25284653902053833,0.4910905659198761,0.015048468485474586,0.6637291312217712,0.025431085377931595,0.0,0.0,0.9640578627586365,0.5131655092592593,1.0,0.6775737404823303,0.03961256891489029,0.9680437445640564,1.0,0.5131655092592593,1.0,0.009403935185185185,1.0,0.0,0.25925925925925924,0.25925925925925924,0.00390625,0.2916666666666667,0.2916666666666667,0.003472222222222222,0.0,0.0,0.00043402777777777775,1.0,0.0007233796296296296,0.845496654510498,0.0,0.0,0.0,0.0,0.0,0.25925925925925924,0.02141203703703704,1.0,0.841440737247467,own_pose,flightonly,Ours,1,18,18,-0.766154408454895,,,,specular
specular,far_right,23,flightonly,0.37177878618240356,0.33964380621910095,0.3605349063873291,0.37177878618240356,0.33964380621910095,0.3605349063873291,0.08257264256861567,1.8627140522003174,0.04378523305058479,0.0,-0.30150124430656433,0.47215068340301514,1.5370166301727295,-0.30150124430656433,0.47215068340301514,1.5370166301727295,0.9388182163238525,0.3323497772216797,1.604569673538208,0.9388182163238525,0.3323497772216797,1.604569673538208,single_wall_slit,0.0,2.4560461044311523,0.5400000214576721,0.15000000596046448,1.0,1.5,0.0,0.9922555685043335,-0.11184071749448776,0.05404248088598251,1.0,0.8632922768592834,0.0,0.05522019788622856,0.28910818696022034,0.7560118436813354,0.01835322007536888,0.44926655292510986,0.06388548016548157,0.0,0.0,0.990750789642334,0.51953125,1.0,0.25019240379333496,0.05461842939257622,0.9897021651268005,1.0,0.51953125,1.0,0.10923032407407407,1.0,0.0,1.0,0.992773261065944,0.48046875,1.0,0.9952681388012619,0.4586226851851852,1.0,0.9403973509933775,0.021846064814814815,1.0,0.021846064814814815,0.9456191658973694,0.0,0.0,0.0,0.0,0.0,1.0,0.059172453703703706,1.0,0.9721718430519104,own_pose,flightonly,Ours,2,23,23,-0.30150124430656433,,,,specular
specular,far_right,25,flightonly,0.3798009753227234,0.3392989933490753,0.35872024297714233,0.3798009753227234,0.3392989933490753,0.35872024297714233,0.07283540554327199,1.6813328266143799,0.016336500644683838,0.0,-0.09627700597047806,0.5263364911079407,1.54182767868042,-0.09627700597047806,0.5263364911079407,1.54182767868042,1.137621521949768,0.3397841155529022,1.613889217376709,1.137621521949768,0.3397841155529022,1.613889217376709,single_wall_slit,0.0,2.4560461044311523,0.5400000214576721,0.15000000596046448,1.0,1.5,0.0,0.9871187806129456,-0.14924189448356628,0.05764925107359886,1.0,0.8092412352561951,0.0,0.019773148000240326,0.09531933069229126,0.4483936131000519,0.0073639340698719025,0.19155900180339813,0.10664898157119751,0.0,0.0,0.9939497113227844,0.19791666666666666,1.0,0.1733868271112442,0.02104472741484642,0.9937312006950378,1.0,0.19791666666666666,1.0,0.059172453703703706,1.0,0.0,1.0,0.7714646464646465,0.8020833333333334,1.0,0.7806664225558404,0.7902199074074074,1.0,0.15853658536585366,0.011863425925925927,1.0,0.011863425925925927,0.9716946482658386,0.0,0.0,0.0,0.0,0.0,1.0,0.011863425925925927,1.0,0.9716946482658386,own_pose,flightonly,Ours,3,25,25,-0.09627700597047806,,,,specular
specular,far_right,28,flightonly,0.43660426139831543,0.38899505138397217,0.4012961685657501,0.43660426139831543,0.38899505138397217,0.4012961685657501,0.08157702425014199,1.448999047279358,0.03447199612855911,0.0,0.15919199585914612,0.5473189353942871,1.5476868152618408,0.15919199585914612,0.5473189353942871,1.5476868152618408,1.3805170059204102,0.29873502254486084,1.6429293155670166,1.3805170059204102,0.29873502254486084,1.6429293155670166,single_wall_slit,0.0,2.4560461044311523,0.5400000214576721,0.15000000596046448,1.0,1.5,0.0,0.9770600199699402,-0.19886712729930878,0.07619402557611465,1.0,0.8511818647384644,0.0,2.8694799766526558e-05,0.0,0.0021219609770923853,2.8694799766526558e-05,0.0,0.13296492397785187,0.0,0.0,0.0,1.0,1.0,2.27048921585083,0.2261972427368164,0.8511818647384644,1.0,0.43938078703703703,0.0,0.0,0.0,0.0,1.0,0.95,0.16493055555555555,1.0,0.95,0.16493055555555555,0.0,0.0,0.0,0.0,0.0,nan,0.0,0.0,0.0,0.0,0.0,0.0,0.0,0.0,nan,own_pose,flightonly,Ours,4,28,28,0.15919199585914612,,,,specular
